global_order,shard_order,pilot_order,pilot_role,eval_split,variant,hardware_source,file_stem,image_path,cache_path,cache_sha256,clean_score_stage4,native_height,native_width,native_pixels,A_union_stage4,E_union_stage4,mu_union_stage4,PG_union_stage4,estimated_seconds,shard_id,estimated_shard_seconds
394,1,394,full_population,official_test,digital_3,huawei,indian-NF-1096,test/attack/digital_3/huawei/indian-NF-1096.jpg,data/processed/policy_c_official_test/test/attack/digital_3/huawei/indian-NF-1096.jpg,ec04eea0ea898fa5bcf80c37a36bd812c202bf9dcc35b5c10b37bc68e5a05bd6,0.9839550256729126,1975,3215,6349625,0.0349409610803787,0.7059581652097877,20.20431446020589,1.0,849.7371374840004,1,111537.44910914486
418,2,418,full_population,official_test,digital_3,huawei,portugal-004_03,test/attack/digital_3/huawei/portugal-004_03.jpg,data/processed/policy_c_official_test/test/attack/digital_3/huawei/portugal-004_03.jpg,736534ec46c77d27ec1c5125c3ce0ca81141a10a890972fc82d750dd3ff1ea0c,0.9927278757095336,1982,3201,6344382,0.0340888994389051,0.5056985984363688,14.834700056617914,1.0,849.7371374840004,1,111537.44910914486
449,3,449,full_population,official_test,digital_3,huawei,russian-01_0030_000-0bc18d73_0,test/attack/digital_3/huawei/russian-01_0030_000-0bc18d73_0.jpg,data/processed/policy_c_official_test/test/attack/digital_3/huawei/russian-01_0030_000-0bc18d73_0.jpg,efdacbc099a93d5adc9f34119c332cf426f9cb52d896a88f8d710979b4f518c2,0.9995515942573548,1982,3202,6346364,0.0211209126989879,0.7453281768444449,35.288634893138806,1.0,849.7371374840004,1,111537.44910914486
466,4,466,full_population,official_test,digital_3,huawei,russian-NM-1027,test/attack/digital_3/huawei/russian-NM-1027.jpg,data/processed/policy_c_official_test/test/attack/digital_3/huawei/russian-NM-1027.jpg,f80f0e2410ebe5db0faf823f167bc57d66e88359f10f301d39260c3aa3f0fae1,0.9999513626098632,1981,3204,6347124,0.0272816475619508,0.9528742765165146,34.92729954643455,1.0,849.7371374840004,1,111537.44910914486
516,5,516,full_population,official_test,digital_3,huawei,ukraine-NF-1068,test/attack/digital_3/huawei/ukraine-NF-1068.jpg,data/processed/policy_c_official_test/test/attack/digital_3/huawei/ukraine-NF-1068.jpg,3181d8a8e71268b6008c676afe5f5ea0cf27b0a79d65a5d2630925c93599c39c,0.9998958110809326,1980,3210,6355800,0.0234217565058686,0.9205750020297508,39.304268311349226,1.0,843.8033844829988,1,111537.44910914486
438,6,438,full_population,official_test,digital_3,huawei,portugal-NF-1060,test/attack/digital_3/huawei/portugal-NF-1060.jpg,data/processed/policy_c_official_test/test/attack/digital_3/huawei/portugal-NF-1060.jpg,7995208de82e820322f0ca87b1236a7576968b0cc1233eaf3849f87679e803e9,0.9983324408531188,1986,3205,6365130,0.0387352654227015,0.6175607519331752,15.943113986544224,1.0,839.6994524699985,1,111537.44910914486
455,7,455,full_population,official_test,digital_3,huawei,russian-123_03,test/attack/digital_3/huawei/russian-123_03.jpg,data/processed/policy_c_official_test/test/attack/digital_3/huawei/russian-123_03.jpg,c3b3bc371b005ca9e4f73c5a0c64034b777b322f18b6ea9d6a78aefedd668dd1,0.99986732006073,1974,3213,6342462,0.0268017372433607,0.9114644483090066,34.00766301202336,1.0,839.6994524699985,1,111537.44910914486
468,8,468,full_population,official_test,digital_3,huawei,turkiye-01_0035_000-d4764bf3_0,test/attack/digital_3/huawei/turkiye-01_0035_000-d4764bf3_0.jpg,data/processed/policy_c_official_test/test/attack/digital_3/huawei/turkiye-01_0035_000-d4764bf3_0.jpg,3b560abcf47d3a3bfa2a48f9d99301c079a510f2c5b60e436261ac3e5f6760a7,0.9987573623657228,1982,3209,6360238,0.0266159851250849,0.7349624476526109,27.61357297874073,1.0,839.6994524699985,1,111537.44910914486
501,9,501,full_population,official_test,digital_3,huawei,ukraine-006_03,test/attack/digital_3/huawei/ukraine-006_03.jpg,data/processed/policy_c_official_test/test/attack/digital_3/huawei/ukraine-006_03.jpg,90bb667a9a02916af8512689f3a435267644353dabac13f8a4710fc142b01c8f,0.9996474981307985,1987,3199,6356413,0.0251717438750439,0.6003397660691048,23.849748712257448,1.0,839.6994524699985,1,111537.44910914486
346,10,346,full_population,official_test,digital_3,huawei,french-019_03,test/attack/digital_3/huawei/french-019_03.jpg,data/processed/policy_c_official_test/test/attack/digital_3/huawei/french-019_03.jpg,9c7e907abd058de400db2f9f63c492b582c4575e14835161ae3077d6be6690fe,0.9374869465827942,1978,3225,6379050,0.0315053181900126,0.1954196618882799,6.202751570692887,1.0,836.6538067969996,1,111537.44910914486
353,11,353,full_population,official_test,digital_3,huawei,french-044_03,test/attack/digital_3/huawei/french-044_03.jpg,data/processed/policy_c_official_test/test/attack/digital_3/huawei/french-044_03.jpg,9d4086d4f5f4bcdedb4c126d3f408c2352f6887d9d81534163e8db91ea5b0506,0.993889331817627,1980,3221,6377580,0.0274806431279576,0.6008603037931367,21.86485596408212,1.0,836.6538067969996,1,111537.44910914486
375,12,375,full_population,official_test,digital_3,huawei,indian-01_0004_000-2423feb1_0,test/attack/digital_3/huawei/indian-01_0004_000-2423feb1_0.jpg,data/processed/policy_c_official_test/test/attack/digital_3/huawei/indian-01_0004_000-2423feb1_0.jpg,f93aa7187739ed92fb6d069952923fa73002cd29ccf51181409bf7a2bb54aa9a,0.9997249245643616,1980,3220,6375600,0.033413639500596,0.9591580317113624,28.70558388870668,1.0,836.6538067969996,1,111537.44910914486
391,13,391,full_population,official_test,digital_3,huawei,indian-NF-1039,test/attack/digital_3/huawei/indian-NF-1039.jpg,data/processed/policy_c_official_test/test/attack/digital_3/huawei/indian-NF-1039.jpg,c3d509032c7dc72a3888dd95f90ad4b0d06befb064f202e83b0cf883043664c4,0.9125112295150756,1984,3217,6382528,0.0345765815676797,0.2692799205208886,7.787927791352176,1.0,836.6538067969996,1,111537.44910914486
421,14,421,full_population,official_test,digital_3,huawei,portugal-01_0014_000-6f7ea414_0,test/attack/digital_3/huawei/portugal-01_0014_000-6f7ea414_0.jpg,data/processed/policy_c_official_test/test/attack/digital_3/huawei/portugal-01_0014_000-6f7ea414_0.jpg,3a7e9862994ed117e013dbea346298233b74bafbfcdf8b4316a9af06e5d89b9b,0.999908447265625,1982,3215,6372130,0.0317338158512145,0.965568780016365,30.42712494909145,1.0,836.6538067969996,1,111537.44910914486
444,15,444,full_population,official_test,digital_3,huawei,portugal-NF-1109,test/attack/digital_3/huawei/portugal-NF-1109.jpg,data/processed/policy_c_official_test/test/attack/digital_3/huawei/portugal-NF-1109.jpg,a9a14e89211bd3d85087717f5edb83c0a82e7d08b04692a914a57ff7cfa62ca0,0.9998918771743774,1981,3216,6370896,0.0333230992940396,0.9625607874629404,28.88569214314076,1.0,836.6538067969996,1,111537.44910914486
345,16,345,full_population,official_test,digital_3,huawei,chinese-NM-1092,test/attack/digital_3/huawei/chinese-NM-1092.jpg,data/processed/policy_c_official_test/test/attack/digital_3/huawei/chinese-NM-1092.jpg,c2d2dcf93c7b14b52f33187a633e33799e0503dbdcfdcd4db3a99e658c9ce26f,0.99750417470932,1985,3242,6435370,0.0306832396583257,0.5847846203404614,19.058763900173176,1.0,836.0222426410037,1,111537.44910914486
374,17,374,full_population,official_test,digital_3,huawei,indian-014_03,test/attack/digital_3/huawei/indian-014_03.jpg,data/processed/policy_c_official_test/test/attack/digital_3/huawei/indian-014_03.jpg,e02913205f1a54a9a2a8ecc8a4cba6641081d06b490008b6d3ea433e5a632035,0.9991111159324646,2004,3223,6458892,0.0345186140285361,0.8775605586027175,25.422821376236246,1.0,836.0222426410037,1,111537.44910914486
426,18,426,full_population,official_test,digital_3,huawei,portugal-066_03,test/attack/digital_3/huawei/portugal-066_03.jpg,data/processed/policy_c_official_test/test/attack/digital_3/huawei/portugal-066_03.jpg,bbf6541f405f6a78198e3a2adf77540a43f0a9517c43d54aa9ded733b8d27954,0.9761699438095092,2001,3225,6453225,0.0332999391776979,0.4588211436228345,13.778437887662015,1.0,836.0222426410037,1,111537.44910914486
464,19,464,full_population,official_test,digital_3,huawei,russian-NF-1089,test/attack/digital_3/huawei/russian-NF-1089.jpg,data/processed/policy_c_official_test/test/attack/digital_3/huawei/russian-NF-1089.jpg,40dc4d423e26c602b19063b5b7b96f213d06e1e60205028c19718cdb6cc07779,0.9998422861099244,2006,3234,6487404,0.0218979733650008,0.7425103071452646,33.90771806910706,1.0,836.0222426410037,1,111537.44910914486
530,20,530,full_population,official_test,digital_3,huawei,usa-063_03,test/attack/digital_3/huawei/usa-063_03.jpg,data/processed/policy_c_official_test/test/attack/digital_3/huawei/usa-063_03.jpg,9e05a55c60560136ab7661925cdbbf2c7039f70461059910fb4aadcfbf1a328b,0.9987769722938538,1998,3240,6473520,0.0252148753691963,0.6039693416437284,23.952898152396383,1.0,836.0222426410037,1,111537.44910914486
535,21,535,full_population,official_test,digital_3,huawei,usa-137_03,test/attack/digital_3/huawei/usa-137_03.jpg,data/processed/policy_c_official_test/test/attack/digital_3/huawei/usa-137_03.jpg,aa67dead64deada9ae273855dde09d0dfe6f07b1c91ed3d15ee95e5265393f16,0.9987863898277284,1989,3229,6422481,0.028598761132964,0.8185627329368681,28.622314411842165,1.0,836.0222426410037,1,111537.44910914486
541,22,541,full_population,official_test,digital_3,huawei,usa-NF-1046,test/attack/digital_3/huawei/usa-NF-1046.jpg,data/processed/policy_c_official_test/test/attack/digital_3/huawei/usa-NF-1046.jpg,fb03bdc3523e250c9d564941cf3f827051f6ea68a5fa2dc12baa3cb17ea695be,0.9798040390014648,2005,3229,6474145,0.0287549939026697,0.3563231421055776,12.39169597154721,1.0,836.0222426410037,1,111537.44910914486
1078,23,1078,full_population,official_test,facedancer,huawei,chinese2-flickr_F_31226153591_900ef17f37_k,test/attack/facedancer/huawei/chinese2-flickr_F_31226153591_900ef17f37_k.jpg,data/processed/policy_c_official_test/test/attack/facedancer/huawei/chinese2-flickr_F_31226153591_900ef17f37_k.jpg,93de6ccbc8458a7659b5234c21c87e0c006e58e29431a83d94f12aa10b30d69a,0.6138597130775452,2049,3213,6583437,0.0905643966821585,0.1138755581494633,1.2573987385916867,0.0,836.0222426410037,1,111537.44910914486
1082,24,1082,full_population,official_test,facedancer,huawei,chinese2-flickr_M_21459989349_7ab0e1ace5_k,test/attack/facedancer/huawei/chinese2-flickr_M_21459989349_7ab0e1ace5_k.jpg,data/processed/policy_c_official_test/test/attack/facedancer/huawei/chinese2-flickr_M_21459989349_7ab0e1ace5_k.jpg,daee1137641224592bdf9816b36d01d2302dfdc3fd200bcf0e97f5776cfa8eb0,0.6586405634880066,2043,3218,6574374,0.0795333517685486,0.0864105791821605,1.086469729499462,0.0,836.0222426410037,1,111537.44910914486
1084,25,1084,full_population,official_test,facedancer,huawei,chinese2-flickr_M_24235235151_ae8ac31253_k,test/attack/facedancer/huawei/chinese2-flickr_M_24235235151_ae8ac31253_k.jpg,data/processed/policy_c_official_test/test/attack/facedancer/huawei/chinese2-flickr_M_24235235151_ae8ac31253_k.jpg,9fcbf95667e0bf598bd269b7d0632275a246468c89658f91fcb67a8221b080e4,0.6676052212715149,2053,3218,6606554,0.0819578557898716,0.1136031835086491,1.3861170770488624,0.0,836.0222426410037,1,111537.44910914486
1091,26,1091,full_population,official_test,facedancer,huawei,chinese2-flickr_M_33525327222_f112b468ed_k,test/attack/facedancer/huawei/chinese2-flickr_M_33525327222_f112b468ed_k.jpg,data/processed/policy_c_official_test/test/attack/facedancer/huawei/chinese2-flickr_M_33525327222_f112b468ed_k.jpg,705b27296b38e850dea3c0840320fea8c7d0f6989b31919f1cdacbd600ec5e48,0.5699402093887329,2056,3206,6591536,0.0777715543084343,0.1060457512955658,1.363554480022334,0.0,836.0222426410037,1,111537.44910914486
1092,27,1092,full_population,official_test,facedancer,huawei,chinese2-flickr_M_34592740762_6446ed6334_k,test/attack/facedancer/huawei/chinese2-flickr_M_34592740762_6446ed6334_k.jpg,data/processed/policy_c_official_test/test/attack/facedancer/huawei/chinese2-flickr_M_34592740762_6446ed6334_k.jpg,5246e2c58a4bf94678c036fc54d893bb7175682823750ca80b55599e471dc4d4,0.6513373851776123,2054,3217,6607718,0.0826285262173718,0.1365928708037907,1.653095813962048,1.0,836.0222426410037,1,111537.44910914486
1093,28,1093,full_population,official_test,facedancer,huawei,chinese2-flickr_M_3625086942_a3ed938d9c_c,test/attack/facedancer/huawei/chinese2-flickr_M_3625086942_a3ed938d9c_c.jpg,data/processed/policy_c_official_test/test/attack/facedancer/huawei/chinese2-flickr_M_3625086942_a3ed938d9c_c.jpg,3d4d13c8ea6c341f9944e650ff2e6d581e26e65f5cba9e61fad618aa1064e685,0.6997418999671936,2050,3235,6631750,0.0877852753798017,0.1063756436851685,1.211770917445276,0.0,836.0222426410037,1,111537.44910914486
1094,29,1094,full_population,official_test,facedancer,huawei,chinese2-flickr_M_38319821984_1d6e303c3e_o,test/attack/facedancer/huawei/chinese2-flickr_M_38319821984_1d6e303c3e_o.jpg,data/processed/policy_c_official_test/test/attack/facedancer/huawei/chinese2-flickr_M_38319821984_1d6e303c3e_o.jpg,35682516f206b80ad1bccbafd5ebcedcde72b49e5af46b94eac8d6f9c06a423b,0.5532093644142151,2045,3226,6597170,0.0731413621295191,0.0927838622400336,1.268555295370784,0.0,836.0222426410037,1,111537.44910914486
1098,30,1098,full_population,official_test,facedancer,huawei,netherland-flickr_F_26297818201_09eab93588_k,test/attack/facedancer/huawei/netherland-flickr_F_26297818201_09eab93588_k.jpg,data/processed/policy_c_official_test/test/attack/facedancer/huawei/netherland-flickr_F_26297818201_09eab93588_k.jpg,d0aca27b5dc0d434a97b05ecbee0e292f501fd782ad880b7a02f3dadc47c0540,0.6227655410766602,2039,3239,6604321,0.0781285464470912,0.101834345978234,1.303420460371631,0.0,836.0222426410037,1,111537.44910914486
1183,31,1183,full_population,official_test,textdiffuserft_bfei,huawei,chinese2-flickr_F_17619703551_9705002b22_b,test/attack/textdiffuserft_bfei/huawei/chinese2-flickr_F_17619703551_9705002b22_b.jpg,data/processed/policy_c_official_test/test/attack/textdiffuserft_bfei/huawei/chinese2-flickr_F_17619703551_9705002b22_b.jpg,1012c6c57958f4b11129172d3f76a40b36a8b2ca2a2d16e81174ec7972ed6a82,0.9943403005599976,2054,3210,6593340,0.0441609260253528,0.7467954680405655,16.910774642991615,1.0,836.0222426410037,1,111537.44910914486
1186,32,1186,full_population,official_test,textdiffuserft_bfei,huawei,chinese2-flickr_F_25164779518_a723fab6b8_o,test/attack/textdiffuserft_bfei/huawei/chinese2-flickr_F_25164779518_a723fab6b8_o.jpg,data/processed/policy_c_official_test/test/attack/textdiffuserft_bfei/huawei/chinese2-flickr_F_25164779518_a723fab6b8_o.jpg,fff59ba600b6ca2e024e7bf8dcf100782828f181b17cbac5ebd9bbd22f8260f0,0.9641313552856444,2058,3210,6606180,0.0429606822702378,0.5348049666775887,12.448707478933333,1.0,836.0222426410037,1,111537.44910914486
1189,33,1189,full_population,official_test,textdiffuserft_bfei,huawei,chinese2-flickr_F_32689517821_bfacb0e1ba_h,test/attack/textdiffuserft_bfei/huawei/chinese2-flickr_F_32689517821_bfacb0e1ba_h.jpg,data/processed/policy_c_official_test/test/attack/textdiffuserft_bfei/huawei/chinese2-flickr_F_32689517821_bfacb0e1ba_h.jpg,e36760c916102dd491b389b96b309e425d1a3e3635461281796a493c66ae7ff2,0.7515942454338074,2065,3230,6669950,0.0422934204904084,0.1737905245578762,4.109162194561431,1.0,836.0222426410037,1,111537.44910914486
1191,34,1191,full_population,official_test,textdiffuserft_bfei,huawei,chinese2-flickr_F_40837237721_dedac367d4_c,test/attack/textdiffuserft_bfei/huawei/chinese2-flickr_F_40837237721_dedac367d4_c.jpg,data/processed/policy_c_official_test/test/attack/textdiffuserft_bfei/huawei/chinese2-flickr_F_40837237721_dedac367d4_c.jpg,87a1c40c755bc0a1b7351d4b7a77cb2be98d35bf5e855a6d18f41620b1620e07,0.9975153207778932,2042,3207,6548694,0.0433061920437876,0.8368214642873791,19.32336750922949,1.0,836.0222426410037,1,111537.44910914486
1193,35,1193,full_population,official_test,textdiffuserft_bfei,huawei,chinese2-flickr_M_30518538704_383875f8c4_c,test/attack/textdiffuserft_bfei/huawei/chinese2-flickr_M_30518538704_383875f8c4_c.jpg,data/processed/policy_c_official_test/test/attack/textdiffuserft_bfei/huawei/chinese2-flickr_M_30518538704_383875f8c4_c.jpg,2033b1ee39a473e350b126f9c37d8a6b17fea19e3450878a5f6048aa52baa998,0.9534735679626464,2049,3232,6622368,0.0431383456793702,0.4771032449291321,11.05984101651106,1.0,836.0222426410037,1,111537.44910914486
1194,36,1194,full_population,official_test,textdiffuserft_bfei,huawei,chinese2-flickr_M_31840786965_77af814416_h,test/attack/textdiffuserft_bfei/huawei/chinese2-flickr_M_31840786965_77af814416_h.jpg,data/processed/policy_c_official_test/test/attack/textdiffuserft_bfei/huawei/chinese2-flickr_M_31840786965_77af814416_h.jpg,99719b64f98cb8929a7c8aa7f3022fd5cdd90eea3289d32ce52815d51c7f3bd9,0.9889553189277648,2060,3223,6639380,0.0432594609737656,0.7844425132927014,18.1334324477233,1.0,836.0222426410037,1,111537.44910914486
1202,37,1202,full_population,official_test,textdiffuserft_bfei,huawei,netherland-flickr_F_37019045642_0a3fa19256_k,test/attack/textdiffuserft_bfei/huawei/netherland-flickr_F_37019045642_0a3fa19256_k.jpg,data/processed/policy_c_official_test/test/attack/textdiffuserft_bfei/huawei/netherland-flickr_F_37019045642_0a3fa19256_k.jpg,f9a69df807b55a74fec146ffd238da06f89505ced3e5db68bd76df79d2d48735,0.9727025032043456,2041,3235,6602635,0.0385388560779143,0.6358311024574272,16.498442537369606,1.0,836.0222426410037,1,111537.44910914486
1203,38,1203,full_population,official_test,textdiffuserft_bfei,huawei,netherland-flickr_M_14867283357_afe052b7e3_c,test/attack/textdiffuserft_bfei/huawei/netherland-flickr_M_14867283357_afe052b7e3_c.jpg,data/processed/policy_c_official_test/test/attack/textdiffuserft_bfei/huawei/netherland-flickr_M_14867283357_afe052b7e3_c.jpg,30c1d077417b9ae5dd13be07fda71588a5a91f9035bcc575cd837f6d9b8083db,0.999677300453186,2043,3203,6543729,0.0395563447080403,0.8431874792107019,21.316112129018677,1.0,836.0222426410037,1,111537.44910914486
1208,39,1208,full_population,official_test,textdiffuserft_bfei,huawei,netherland-flickr_M_2409019110_4f42632225_o,test/attack/textdiffuserft_bfei/huawei/netherland-flickr_M_2409019110_4f42632225_o.jpg,data/processed/policy_c_official_test/test/attack/textdiffuserft_bfei/huawei/netherland-flickr_M_2409019110_4f42632225_o.jpg,86211dd04efab2af4cdb4c0bd2d27ffe07b48f66422a43a70e5a0cc223b711a0,0.9730100631713868,2047,3225,6601575,0.0348619836932853,0.5485007399759603,15.733491955066391,1.0,836.0222426410037,1,111537.44910914486
1214,40,1214,full_population,official_test,textdiffuserft_bfei,huawei,netherland-flickr_M_6501027149_988313b64f_h,test/attack/textdiffuserft_bfei/huawei/netherland-flickr_M_6501027149_988313b64f_h.jpg,data/processed/policy_c_official_test/test/attack/textdiffuserft_bfei/huawei/netherland-flickr_M_6501027149_988313b64f_h.jpg,669faf56eeed4a5e4e224f029c74d2b034fa54da288b5aa82e916ba558751101,0.9988951086997986,2051,3223,6610373,0.0382352100252134,0.6525717441321255,17.0672985371808,1.0,836.0222426410037,1,111537.44910914486
545,41,545,full_population,official_test,digital_3,huawei,usa-NF-1071,test/attack/digital_3/huawei/usa-NF-1071.jpg,data/processed/policy_c_official_test/test/attack/digital_3/huawei/usa-NF-1071.jpg,6f924e0a1e3764bd3ecc59b8efd999504992c1847a573552a564dcefb0a5e678,0.9796577095985411,1988,3219,6399372,0.0282190189912385,0.400262369158452,14.184134795143876,1.0,834.7712493619983,1,111537.44910914486
378,42,378,full_population,official_test,digital_3,huawei,indian-01_0068_000-1b9539d8_0,test/attack/digital_3/huawei/indian-01_0068_000-1b9539d8_0.jpg,data/processed/policy_c_official_test/test/attack/digital_3/huawei/indian-01_0068_000-1b9539d8_0.jpg,a14332c5307fa474d92a4b2ea7dab43fb07f44f3a00f6e15818ff31afdb43c85,0.9973262548446656,1977,3207,6340239,0.0332514279035853,0.8098354478587091,24.35490741049916,1.0,825.0868478999982,1,111537.44910914486
382,43,382,full_population,official_test,digital_3,huawei,indian-01_0089_000-f38cdec4_1,test/attack/digital_3/huawei/indian-01_0089_000-f38cdec4_1.jpg,data/processed/policy_c_official_test/test/attack/digital_3/huawei/indian-01_0089_000-f38cdec4_1.jpg,b1d0928ea8436213708abfd492e5a30ea18eeafcde0f775947b7100d1aaf38c2,0.9257415533065796,1979,3203,6338737,0.0321532507185579,0.338128289747915,10.516146336418691,1.0,825.0868478999982,1,111537.44910914486
403,44,403,full_population,official_test,digital_3,huawei,persian-069_03,test/attack/digital_3/huawei/persian-069_03.jpg,data/processed/policy_c_official_test/test/attack/digital_3/huawei/persian-069_03.jpg,0d0f58119b4379b2ec0657104dfefddf7c5987ca7879ff05eecf3d4fb4b5ae86,0.9969338178634644,1980,3200,6336000,0.0276305239898989,0.8091198623064383,29.283551140840892,1.0,825.0868478999982,1,111537.44910914486
473,45,473,full_population,official_test,digital_3,huawei,turkiye-01_0085_000-65296866_0,test/attack/digital_3/huawei/turkiye-01_0085_000-65296866_0.jpg,data/processed/policy_c_official_test/test/attack/digital_3/huawei/turkiye-01_0085_000-65296866_0.jpg,0dc399776c3eb18561648720e393167a70d25f8c3e44f25b685909dded5c6f35,0.9979224801063538,1972,3214,6338008,0.0257920154092579,0.9022699938330476,34.982531590345666,1.0,825.0868478999982,1,111537.44910914486
519,46,519,full_population,official_test,digital_3,huawei,ukraine-NF-1084,test/attack/digital_3/huawei/ukraine-NF-1084.jpg,data/processed/policy_c_official_test/test/attack/digital_3/huawei/ukraine-NF-1084.jpg,4d7494e902b6b3d0174f08ee6531c6de901d31e8678b6df78bfc2c4c072795d1,0.9999725818634032,1972,3210,6330120,0.0231591186265031,0.9386241810625032,40.529356760077576,1.0,825.0868478999982,1,111537.44910914486
537,47,537,full_population,official_test,digital_3,huawei,usa-NF-1009,test/attack/digital_3/huawei/usa-NF-1009.jpg,data/processed/policy_c_official_test/test/attack/digital_3/huawei/usa-NF-1009.jpg,47948d338aa3c59e9dcfe01bc7914211f2509fa63f21e55e16b531e7fc5779f3,0.9995323419570924,1978,3202,6333556,0.0250854338384313,0.6452550364872711,25.722299269097277,1.0,825.0868478999982,1,111537.44910914486
542,48,542,full_population,official_test,digital_3,huawei,usa-NF-1051,test/attack/digital_3/huawei/usa-NF-1051.jpg,data/processed/policy_c_official_test/test/attack/digital_3/huawei/usa-NF-1051.jpg,08a782f3e35c4ae6cf5a43153b726b093929ebab9a9c4ddf3c4690048085cd6b,0.9957389831542968,1981,3200,6339200,0.028079568399798,0.5437368207046984,19.364144525405468,1.0,825.0868478999982,1,111537.44910914486
1108,49,1108,full_population,official_test,facedancer,huawei,netherland-flickr_M_37190718595_78e318623b_k,test/attack/facedancer/huawei/netherland-flickr_M_37190718595_78e318623b_k.jpg,data/processed/policy_c_official_test/test/attack/facedancer/huawei/netherland-flickr_M_37190718595_78e318623b_k.jpg,ccc896fcc9904a1d630570a678cca6ba86f3400a9d881e5ea4f1e35e73d5d7f2,0.7534738779067993,1986,3193,6341298,0.0772132140769918,0.0787397940397276,1.0197709677156244,1.0,825.0868478999982,1,111537.44910914486
404,50,404,full_population,official_test,digital_3,huawei,persian-087_03,test/attack/digital_3/huawei/persian-087_03.jpg,data/processed/policy_c_official_test/test/attack/digital_3/huawei/persian-087_03.jpg,981b9297fb190887ace5525f4e8b2a094d6abf592272568a6af4117285411548,0.9982516169548036,1976,3199,6321224,0.0260482779917307,0.8593494303893087,32.99064263142913,1.0,821.8694401759931,1,111537.44910914486
423,51,423,full_population,official_test,digital_3,huawei,portugal-029_03,test/attack/digital_3/huawei/portugal-029_03.jpg,data/processed/policy_c_official_test/test/attack/digital_3/huawei/portugal-029_03.jpg,b74d55295a90c7d326ec824f4e44b25620834e1c820f372961e7752d8ba583ea,0.9996697902679444,1970,3210,6323700,0.0372123914796717,0.789809240904162,21.224361281258076,1.0,821.8694401759931,1,111537.44910914486
436,52,436,full_population,official_test,digital_3,huawei,portugal-NF-1026,test/attack/digital_3/huawei/portugal-NF-1026.jpg,data/processed/policy_c_official_test/test/attack/digital_3/huawei/portugal-NF-1026.jpg,09fd5980a1b1fadad3e58f6fbb34f248c94d72371aa0d3af733f1ca84574b432,0.9995817542076112,1979,3194,6320926,0.0334697795860922,0.9065615425853968,27.085972892456716,1.0,821.8694401759931,1,111537.44910914486
469,53,469,full_population,official_test,digital_3,huawei,turkiye-01_0074_000-c54807ec_1,test/attack/digital_3/huawei/turkiye-01_0074_000-c54807ec_1.jpg,data/processed/policy_c_official_test/test/attack/digital_3/huawei/turkiye-01_0074_000-c54807ec_1.jpg,1a0f063e040d4ee5151b512874d167fb6e60735858bce3a6b4998371da3829cf,0.9956127405166626,1973,3203,6319519,0.0259002306979376,0.671328608149758,25.919792606450205,1.0,821.8694401759931,1,111537.44910914486
510,54,510,full_population,official_test,digital_3,huawei,ukraine-103_03,test/attack/digital_3/huawei/ukraine-103_03.jpg,data/processed/policy_c_official_test/test/attack/digital_3/huawei/ukraine-103_03.jpg,a5e648bb2f0ce8c7ee6f77074805a551b26bb49379c3eff679f6deadf2b68420,0.9994798302650452,1980,3193,6322140,0.027037838453435,0.7272951542740078,26.89916043128097,1.0,821.8694401759931,1,111537.44910914486
1210,55,1210,full_population,official_test,textdiffuserft_bfei,huawei,netherland-flickr_M_30990255070_570d17d9d4_c,test/attack/textdiffuserft_bfei/huawei/netherland-flickr_M_30990255070_570d17d9d4_c.jpg,data/processed/policy_c_official_test/test/attack/textdiffuserft_bfei/huawei/netherland-flickr_M_30990255070_570d17d9d4_c.jpg,b103eda12c3ded9d75d5b9dce94655359d09aba8a2761426f7ebc2f2f7927974,0.9904115796089172,1988,3185,6331780,0.0401844347087233,0.57841126817727,14.39391327437804,1.0,821.8694401759931,1,111537.44910914486
347,56,347,full_population,official_test,digital_3,huawei,french-01_0006_000-f9f1aca7_0,test/attack/digital_3/huawei/french-01_0006_000-f9f1aca7_0.jpg,data/processed/policy_c_official_test/test/attack/digital_3/huawei/french-01_0006_000-f9f1aca7_0.jpg,0e279ee6d92fd687ebbe6e807ea46a35137f3226d19745dcc3e2d6dd4951f160,0.9983525276184082,1972,3204,6318288,0.0256754677849442,0.8802920901065143,34.28533795293517,1.0,820.1605106569987,1,111537.44910914486
458,57,458,full_population,official_test,digital_3,huawei,russian-141_03,test/attack/digital_3/huawei/russian-141_03.jpg,data/processed/policy_c_official_test/test/attack/digital_3/huawei/russian-141_03.jpg,f1c9e87e90d2c7ef43c3f70ab29195fe2b749e893b46309e6fd1ff81317bda46,0.9973788261413574,1977,3200,6326400,0.0259095220030349,0.6616107367766353,25.535428121720567,1.0,820.1605106569987,1,111537.44910914486
480,58,480,full_population,official_test,digital_3,huawei,turkiye-041_03,test/attack/digital_3/huawei/turkiye-041_03.jpg,data/processed/policy_c_official_test/test/attack/digital_3/huawei/turkiye-041_03.jpg,88e048aa5f86faa912e3f59c01fe017aa8cf7c50cc2c538f48f433dd4c47a6a9,0.9983160495758056,1980,3196,6328080,0.0245453597299654,0.8491564152208756,34.595394997784766,1.0,820.1605106569987,1,111537.44910914486
451,59,451,full_population,official_test,digital_3,huawei,russian-01_0201_000-2ea0ec28_0,test/attack/digital_3/huawei/russian-01_0201_000-2ea0ec28_0.jpg,data/processed/policy_c_official_test/test/attack/digital_3/huawei/russian-01_0201_000-2ea0ec28_0.jpg,ac5a7a65d3bb85257f49373c14b34da4ea7bf4499952335ecbf761c9b6a2f2cd,0.9999748468399048,1974,3198,6312852,0.0290184214678246,0.9426367091270204,32.484079472489775,1.0,816.7136298039986,1,111537.44910914486
491,60,491,full_population,official_test,digital_3,huawei,turkiye-130_03,test/attack/digital_3/huawei/turkiye-130_03.jpg,data/processed/policy_c_official_test/test/attack/digital_3/huawei/turkiye-130_03.jpg,880592413bd7e911f022983b9dddb65fef5e67dd98f02dfa05490901be140246,0.9993896484375,1975,3198,6316050,0.0272634003847341,0.9362857051084515,34.34222040889351,1.0,816.7136298039986,1,111537.44910914486
514,61,514,full_population,official_test,digital_3,huawei,ukraine-NF-1032,test/attack/digital_3/huawei/ukraine-NF-1032.jpg,data/processed/policy_c_official_test/test/attack/digital_3/huawei/ukraine-NF-1032.jpg,82e3ad8720ce2c6f4d2674b8a03c53ddb1e5b8abb80cd88b27dba8d9b56ac6a9,0.9997214674949646,1976,3196,6315296,0.026057685973864,0.9022434344848574,34.62484870643576,1.0,816.7136298039986,1,111537.44910914486
527,62,527,full_population,official_test,digital_3,huawei,usa-01_0080_000-0c832328_1,test/attack/digital_3/huawei/usa-01_0080_000-0c832328_1.jpg,data/processed/policy_c_official_test/test/attack/digital_3/huawei/usa-01_0080_000-0c832328_1.jpg,fbf86305fd8a8a05189aa2e7ec8d60d9208588b5a7ec7c84e18ff6ee07284e25,0.9997509121894836,1978,3192,6313776,0.0297907306182544,0.8721990777776472,29.27753229533761,1.0,816.7136298039986,1,111537.44910914486
538,63,538,full_population,official_test,digital_3,huawei,usa-NF-1017,test/attack/digital_3/huawei/usa-NF-1017.jpg,data/processed/policy_c_official_test/test/attack/digital_3/huawei/usa-NF-1017.jpg,f378cb34fd32a9fa5125d1cfc4ebfc88bdcd5686b18594b1579db23e66514dd7,0.9762005805969238,1977,3193,6312561,0.0286234065698533,0.1708733405058043,5.9697066486059365,1.0,816.7136298039986,1,111537.44910914486
312,64,312,full_population,official_test,digital_3,huawei,arabic-NM-1064,test/attack/digital_3/huawei/arabic-NM-1064.jpg,data/processed/policy_c_official_test/test/attack/digital_3/huawei/arabic-NM-1064.jpg,bbc2ba1b62c908e74225e25eaa313702a141493cde3eefd0eb02705f8bd314ed,0.995722770690918,1976,3193,6309368,0.051403088233243,0.6600401960785646,12.84047746477046,1.0,776.2231236149964,1,111537.44910914486
358,65,358,full_population,official_test,digital_3,huawei,french-100_03,test/attack/digital_3/huawei/french-100_03.jpg,data/processed/policy_c_official_test/test/attack/digital_3/huawei/french-100_03.jpg,b1bbc1ffd4f7866fe2527657c2f780ba3f830c747ea4522fd22311d49212496a,0.9984116554260254,1974,3197,6310878,0.0307568930979175,0.7669656321522575,24.936381893663544,1.0,776.2231236149964,1,111537.44910914486
360,66,360,full_population,official_test,digital_3,huawei,french-118_03,test/attack/digital_3/huawei/french-118_03.jpg,data/processed/policy_c_official_test/test/attack/digital_3/huawei/french-118_03.jpg,9b96c02acce0421763da656d1c9015768bae3d85b3debcbe7a7b0a07c535a57b,0.9994649291038512,1975,3194,6308150,0.0313822594580027,0.87960663658027,28.02878606485942,1.0,776.2231236149964,1,111537.44910914486
477,67,477,full_population,official_test,digital_3,huawei,turkiye-031_03,test/attack/digital_3/huawei/turkiye-031_03.jpg,data/processed/policy_c_official_test/test/attack/digital_3/huawei/turkiye-031_03.jpg,4b40a882d376b1e2fd0d04f68f81505bb849a51735981863b0f7ee910aa0a494,0.9957284331321716,1974,3197,6310878,0.0272462880759222,0.82569967160994,30.305033452964818,1.0,776.2231236149964,1,111537.44910914486
305,68,305,full_population,official_test,digital_3,huawei,arabic-NF-1045,test/attack/digital_3/huawei/arabic-NF-1045.jpg,data/processed/policy_c_official_test/test/attack/digital_3/huawei/arabic-NF-1045.jpg,00fe260ba9eae72d420b048e7f0f3da3864edb5de594e3a1b6d3afb487662054,0.99754399061203,1977,3183,6292791,0.0443399439135989,0.7871689942256509,17.75304442783088,1.0,744.8116985540009,1,111537.44910914486
310,69,310,full_population,official_test,digital_3,huawei,arabic-NF-1100,test/attack/digital_3/huawei/arabic-NF-1100.jpg,data/processed/policy_c_official_test/test/attack/digital_3/huawei/arabic-NF-1100.jpg,1d88172f57c35ce9f32e46432829ddd0a4aae6160631c2e05df052ecbdc56f58,0.991583287715912,1972,3192,6294624,0.0430503871239966,0.7854426757231342,18.244729680614707,1.0,744.8116985540009,1,111537.44910914486
313,70,313,full_population,official_test,digital_3,huawei,arabic-NM-1090,test/attack/digital_3/huawei/arabic-NM-1090.jpg,data/processed/policy_c_official_test/test/attack/digital_3/huawei/arabic-NM-1090.jpg,de69820f49128d8c8137b417f0c5950d3492933bcfafc5c6e128491ee50a8ac3,0.9853634834289552,1973,3189,6291897,0.0381098101256266,0.5318798115347343,13.956506468581845,1.0,744.8116985540009,1,111537.44910914486
350,71,350,full_population,official_test,digital_3,huawei,french-01_0094_000-51fbbc37_0,test/attack/digital_3/huawei/french-01_0094_000-51fbbc37_0.jpg,data/processed/policy_c_official_test/test/attack/digital_3/huawei/french-01_0094_000-51fbbc37_0.jpg,3e490c888edceb2c51ad0cc3c1758648e5a9a5a401323aea0f92fbc73f8428c1,0.9977810978889464,1973,3188,6289924,0.0283152864804089,0.8212459719590964,29.00362574566593,1.0,744.8116985540009,1,111537.44910914486
365,72,365,full_population,official_test,digital_3,huawei,french-NF-1047,test/attack/digital_3/huawei/french-NF-1047.jpg,data/processed/policy_c_official_test/test/attack/digital_3/huawei/french-NF-1047.jpg,e9fcc5a5b6e1943b82846898578f9cfc9ffd6abad2c9d4d711778f8de740dcd3,0.9858587384223938,1968,3204,6305472,0.0314698090801132,0.6725461820306929,21.37115545628446,1.0,744.8116985540009,1,111537.44910914486
450,73,450,full_population,official_test,digital_3,huawei,russian-01_0075_000-9bed189a_0,test/attack/digital_3/huawei/russian-01_0075_000-9bed189a_0.jpg,data/processed/policy_c_official_test/test/attack/digital_3/huawei/russian-01_0075_000-9bed189a_0.jpg,cb2b4ff69427a52d8f5a7cc7e0222451035aa14a96a7e8159512638e3a68075f,0.9995799660682678,1972,3194,6298568,0.0218559202663208,0.878466261825599,40.193515126392654,1.0,744.8116985540009,1,111537.44910914486
461,74,461,full_population,official_test,digital_3,huawei,russian-NF-1069,test/attack/digital_3/huawei/russian-NF-1069.jpg,data/processed/policy_c_official_test/test/attack/digital_3/huawei/russian-NF-1069.jpg,7ae2b03b71d7602e3fdc8ab8bc2f72995d7079b7219e8c12e3b60ea111bfe03d,0.9993323683738708,1965,3205,6297825,0.0197398308146066,0.733093367730108,37.1377736017702,1.0,744.8116985540009,1,111537.44910914486
472,75,472,full_population,official_test,digital_3,huawei,turkiye-01_0081_000-e5c4342a_1,test/attack/digital_3/huawei/turkiye-01_0081_000-e5c4342a_1.jpg,data/processed/policy_c_official_test/test/attack/digital_3/huawei/turkiye-01_0081_000-e5c4342a_1.jpg,0afb267192af2990bb1277219adbc9dd7ad5b05f36bb3e2026cebcdba137a7a8,0.9990021586418152,1970,3194,6292180,0.0247197314762133,0.7741909010974698,31.31874235132523,1.0,744.8116985540009,1,111537.44910914486
505,76,505,full_population,official_test,digital_3,huawei,ukraine-01_0077_000-a3228552_1,test/attack/digital_3/huawei/ukraine-01_0077_000-a3228552_1.jpg,data/processed/policy_c_official_test/test/attack/digital_3/huawei/ukraine-01_0077_000-a3228552_1.jpg,b17f57b7a0510fbc60954c5fc68c38769b063fbbf7c5b0a347c912a4ced6ce6c,0.9995331764221193,1974,3193,6302982,0.0230105369172877,0.8285545992591186,36.00761695554478,1.0,744.8116985540009,1,111537.44910914486
509,77,509,full_population,official_test,digital_3,huawei,ukraine-030_03,test/attack/digital_3/huawei/ukraine-030_03.jpg,data/processed/policy_c_official_test/test/attack/digital_3/huawei/ukraine-030_03.jpg,3ff909d0ca86674f5e8ccce3d42e4dfb0c2e8be9e2fdab7c139953573088fed6,0.8219692707061768,1971,3193,6293403,0.0249699566355436,0.1128993660470376,4.521408174427122,1.0,744.8116985540009,1,111537.44910914486
540,78,540,full_population,official_test,digital_3,huawei,usa-NF-1044,test/attack/digital_3/huawei/usa-NF-1044.jpg,data/processed/policy_c_official_test/test/attack/digital_3/huawei/usa-NF-1044.jpg,958cf4d0b058a04acfb4685e035f37edbbfd56e6d5aed16d0baa29e98402c83b,0.9956592917442322,1972,3192,6294624,0.0281309892378003,0.6327629472693885,22.49344813011864,1.0,744.8116985540009,1,111537.44910914486
1211,79,1211,full_population,official_test,textdiffuserft_bfei,huawei,netherland-flickr_M_31998389253_0a26f25b0d_h,test/attack/textdiffuserft_bfei/huawei/netherland-flickr_M_31998389253_0a26f25b0d_h.jpg,data/processed/policy_c_official_test/test/attack/textdiffuserft_bfei/huawei/netherland-flickr_M_31998389253_0a26f25b0d_h.jpg,fef23c422f05b78a11d9f10a6e88fc71273adbd704da5961c9dbc5f3acf95973,0.9997506737709044,1982,3173,6288886,0.0412368740664085,0.8533489891344674,20.69383309123333,1.0,744.8116985540009,1,111537.44910914486
415,80,415,full_population,official_test,digital_3,huawei,persian-NM-1010,test/attack/digital_3/huawei/persian-NM-1010.jpg,data/processed/policy_c_official_test/test/attack/digital_3/huawei/persian-NM-1010.jpg,c755472e9fea3583628028216132b53effe9e227719662b83804be418ac9e5f9,0.9923170804977416,1965,3206,6299790,0.0294647916835323,0.7088278379205988,24.05677411650456,1.0,740.8321811219976,1,111537.44910914486
471,81,471,full_population,official_test,digital_3,huawei,turkiye-01_0079_000-01a48f56_0,test/attack/digital_3/huawei/turkiye-01_0079_000-01a48f56_0.jpg,data/processed/policy_c_official_test/test/attack/digital_3/huawei/turkiye-01_0079_000-01a48f56_0.jpg,8bf14df852e8d1026905ed664cd1b0199330c44c5b2212f276553b40a59b8b7b,0.9993517994880676,1975,3191,6302225,0.0256614132310414,0.9238823190463152,36.0027840527792,1.0,740.8321811219976,1,111537.44910914486
493,82,493,full_population,official_test,digital_3,huawei,turkiye-NF-1002,test/attack/digital_3/huawei/turkiye-NF-1002.jpg,data/processed/policy_c_official_test/test/attack/digital_3/huawei/turkiye-NF-1002.jpg,70f5509eca0fee8b26d5de53f148498675f10faed49e4674823fa31ef909f31a,0.9984885454177856,1970,3200,6304000,0.0251050126903553,0.8260621156589083,32.90426998972437,1.0,740.8321811219976,1,111537.44910914486
300,83,300,full_population,official_test,digital_3,huawei,arabic-NF-1003,test/attack/digital_3/huawei/arabic-NF-1003.jpg,data/processed/policy_c_official_test/test/attack/digital_3/huawei/arabic-NF-1003.jpg,70b92d6873d4c8df3708e53230372f8db1685eefca99a2ec41f16efc00a63352,0.9981118440628052,1963,3190,6261970,0.0436327545484887,0.7646075595322182,17.52370592790597,1.0,738.4537406050003,1,111537.44910914486
304,84,304,full_population,official_test,digital_3,huawei,arabic-NF-1040,test/attack/digital_3/huawei/arabic-NF-1040.jpg,data/processed/policy_c_official_test/test/attack/digital_3/huawei/arabic-NF-1040.jpg,70d744e11c266adf0ab11b19a9fa850cdf4ea22be93a79b7baed2bfe2513d356,0.994500994682312,1969,3192,6285048,0.0433775525660265,0.7403286010579987,17.06709017137649,1.0,738.4537406050003,1,111537.44910914486
307,85,307,full_population,official_test,digital_3,huawei,arabic-NF-1049,test/attack/digital_3/huawei/arabic-NF-1049.jpg,data/processed/policy_c_official_test/test/attack/digital_3/huawei/arabic-NF-1049.jpg,23cded3bf527c43f8869a7464844e569499aef4460afba2bbee7c18ef85df9d2,0.9997159838676452,1964,3184,6253376,0.0410135261337236,0.9547987164459434,23.28009333635068,1.0,738.4537406050003,1,111537.44910914486
320,86,320,full_population,official_test,digital_3,huawei,chinese-01_0022_000-3b9715ed_0,test/attack/digital_3/huawei/chinese-01_0022_000-3b9715ed_0.jpg,data/processed/policy_c_official_test/test/attack/digital_3/huawei/chinese-01_0022_000-3b9715ed_0.jpg,6a40c01a145c6fd5f7de32fdaa5e92c45027d58bfb22c44dc5c6bea6fb35125b,0.9990286827087402,1963,3181,6244303,0.0311533569078886,0.8132318705576542,26.10414899948477,1.0,738.4537406050003,1,111537.44910914486
324,87,324,full_population,official_test,digital_3,huawei,chinese-01_0086_000-5a7ac9e6_1,test/attack/digital_3/huawei/chinese-01_0086_000-5a7ac9e6_1.jpg,data/processed/policy_c_official_test/test/attack/digital_3/huawei/chinese-01_0086_000-5a7ac9e6_1.jpg,4ff41c9d3fcbd601ca08e2fd6f092c161001cba8409bf9ebb09f2a388f58c1f6,0.9945586323738098,1969,3190,6281110,0.0325993335572852,0.6090753862367787,18.68367600725578,1.0,738.4537406050003,1,111537.44910914486
325,88,325,full_population,official_test,digital_3,huawei,chinese-020_03,test/attack/digital_3/huawei/chinese-020_03.jpg,data/processed/policy_c_official_test/test/attack/digital_3/huawei/chinese-020_03.jpg,d0c43f0db106e8992e64f16fc3e0acb480a32dc5c7d380cacee98b1b7c0de5df,0.9996864795684814,1968,3188,6273984,0.0278119931450255,0.9031660917744474,32.47397937518863,1.0,738.4537406050003,1,111537.44910914486
326,89,326,full_population,official_test,digital_3,huawei,chinese-039_03,test/attack/digital_3/huawei/chinese-039_03.jpg,data/processed/policy_c_official_test/test/attack/digital_3/huawei/chinese-039_03.jpg,8a900253dc43c9827af074ac62736b8d5ba1038262f330f0bad7c057ed51771f,0.998521625995636,1968,3190,6277920,0.0288436297372378,0.7615090672563637,26.40129117568159,1.0,738.4537406050003,1,111537.44910914486
356,90,356,full_population,official_test,digital_3,huawei,french-091_03,test/attack/digital_3/huawei/french-091_03.jpg,data/processed/policy_c_official_test/test/attack/digital_3/huawei/french-091_03.jpg,1d0e103b1e24e1f12dbed0b69cec488c3c81894a24cba8b7e9617e53065ab015,0.997560977935791,1963,3192,6265896,0.0311476602867331,0.7330294205689191,23.53401230849887,1.0,738.4537406050003,1,111537.44910914486
422,91,422,full_population,official_test,digital_3,huawei,portugal-026_03,test/attack/digital_3/huawei/portugal-026_03.jpg,data/processed/policy_c_official_test/test/attack/digital_3/huawei/portugal-026_03.jpg,4a1e65de6b359ab562e9694be8cbb76ff3da03d0c786e42ada7d5721b9dc0704,0.9998681545257568,1967,3195,6284565,0.039356104996925,0.9268033523487232,23.549163526754917,1.0,738.4537406050003,1,111537.44910914486
434,92,434,full_population,official_test,digital_3,huawei,portugal-NF-1022,test/attack/digital_3/huawei/portugal-NF-1022.jpg,data/processed/policy_c_official_test/test/attack/digital_3/huawei/portugal-NF-1022.jpg,314cdaa6e6a9768b45d10b12e129809a3f4e3acbd0a61117012feebfffd2f268,0.9892845749855042,1969,3193,6287017,0.0344290463983157,0.4854460872267798,14.099899300450195,1.0,738.4537406050003,1,111537.44910914486
467,93,467,full_population,official_test,digital_3,huawei,turkiye-008_03,test/attack/digital_3/huawei/turkiye-008_03.jpg,data/processed/policy_c_official_test/test/attack/digital_3/huawei/turkiye-008_03.jpg,53b3f878f8ae80633f1c90a9dd3b18606a05804a7a63ca62e3139e25e74fd87d,0.9966206550598145,1967,3189,6272763,0.026432371189538,0.7494157854363906,28.352196632779247,1.0,738.4537406050003,1,111537.44910914486
496,94,496,full_population,official_test,digital_3,huawei,turkiye-NF-1103,test/attack/digital_3/huawei/turkiye-NF-1103.jpg,data/processed/policy_c_official_test/test/attack/digital_3/huawei/turkiye-NF-1103.jpg,ebd691c108c5a985837c89b528fa93ea69af22c6db921c07c72059ffb4ba944d,0.9948884844779968,1964,3183,6251412,0.0248615832711073,0.835980762563954,33.62540323550027,1.0,738.4537406050003,1,111537.44910914486
517,95,517,full_population,official_test,digital_3,huawei,ukraine-NF-1073,test/attack/digital_3/huawei/ukraine-NF-1073.jpg,data/processed/policy_c_official_test/test/attack/digital_3/huawei/ukraine-NF-1073.jpg,315b0a08d7187f1298798b486d5710f066455e5066f8110f3594b0eaf7672bd8,0.9999550580978394,1962,3190,6258780,0.0230666359897615,0.8702828994135693,37.72907760801598,1.0,738.4537406050003,1,111537.44910914486
521,96,521,full_population,official_test,digital_3,huawei,ukraine-NF-1106,test/attack/digital_3/huawei/ukraine-NF-1106.jpg,data/processed/policy_c_official_test/test/attack/digital_3/huawei/ukraine-NF-1106.jpg,23f78b6b69c229471297381a5f924fa7566cba246d06fc0162f2299cb04b392f,0.999975085258484,1962,3199,6276438,0.0231747688736828,0.8697421720536691,37.52970209948222,1.0,738.4537406050003,1,111537.44910914486
1105,97,1105,full_population,official_test,facedancer,huawei,netherland-flickr_M_32689636931_6ac45273df_h,test/attack/facedancer/huawei/netherland-flickr_M_32689636931_6ac45273df_h.jpg,data/processed/policy_c_official_test/test/attack/facedancer/huawei/netherland-flickr_M_32689636931_6ac45273df_h.jpg,1adcaaefabe866463a4e2cedf1e989d9c87467a56aec428a9143829da4ed4f34,0.6124390959739685,1975,3174,6268650,0.0745533727357565,0.1015737408954236,1.3624298561976114,0.0,738.4537406050003,1,111537.44910914486
1112,98,1112,full_population,official_test,facedancer,huawei,singapore-flickr_F_40795084473_21fafd815e_c,test/attack/facedancer/huawei/singapore-flickr_F_40795084473_21fafd815e_c.jpg,data/processed/policy_c_official_test/test/attack/facedancer/huawei/singapore-flickr_F_40795084473_21fafd815e_c.jpg,cb4e6998035ba73b0ebc8a18b939f415bd5831e52499d8de14eb36e63049edab,0.5568081736564636,1973,3166,6246518,0.0327070217359495,0.0482710349686691,1.4758615247322433,0.0,738.4537406050003,1,111537.44910914486
1115,99,1115,full_population,official_test,facedancer,huawei,singapore-flickr_M_22512816725_a88536de72_c,test/attack/facedancer/huawei/singapore-flickr_M_22512816725_a88536de72_c.jpg,data/processed/policy_c_official_test/test/attack/facedancer/huawei/singapore-flickr_M_22512816725_a88536de72_c.jpg,bff400f52cfa96b835f13a20024150b7e6024f2e02bbdd5c74b9ac682c83ebd4,0.5914989709854126,1970,3167,6238990,0.0342241292260446,0.073213842605005,2.1392463230091243,0.0,738.4537406050003,1,111537.44910914486
1219,100,1219,full_population,official_test,textdiffuserft_bfei,huawei,singapore-flickr_M_24170605047_501e882ccc_o,test/attack/textdiffuserft_bfei/huawei/singapore-flickr_M_24170605047_501e882ccc_o.jpg,data/processed/policy_c_official_test/test/attack/textdiffuserft_bfei/huawei/singapore-flickr_M_24170605047_501e882ccc_o.jpg,1cc839afcdfd6ec48527167284a6e81dfc8f357c89be1fdca73d5742c61c5338,0.9996496438980104,1982,3170,6282940,0.0476762471072459,0.8259152142659771,17.323410804716048,1.0,738.4537406050003,1,111537.44910914486
1220,101,1220,full_population,official_test,textdiffuserft_bfei,huawei,singapore-flickr_M_30456580904_06749c0622_c,test/attack/textdiffuserft_bfei/huawei/singapore-flickr_M_30456580904_06749c0622_c.jpg,data/processed/policy_c_official_test/test/attack/textdiffuserft_bfei/huawei/singapore-flickr_M_30456580904_06749c0622_c.jpg,f655c87cb8fb9b5cc862b976249f7618cc76a2f3dadb177c489f5aad09f9d05b,0.9999042749404908,1977,3168,6263136,0.0472012742498326,0.9254945583454016,19.607406220578515,1.0,738.4537406050003,1,111537.44910914486
1225,102,1225,full_population,official_test,textdiffuserft_bfei,huawei,singapore-flickr_M_33525333882_5cf0c0382a_k,test/attack/textdiffuserft_bfei/huawei/singapore-flickr_M_33525333882_5cf0c0382a_k.jpg,data/processed/policy_c_official_test/test/attack/textdiffuserft_bfei/huawei/singapore-flickr_M_33525333882_5cf0c0382a_k.jpg,13a56d2c5732300318724f971b4349d0a6d09b3fc0c5210f29e099b89f925db4,0.9999204874038696,1975,3152,6225200,0.0469146372807299,0.9595652125735484,20.453429210837943,1.0,738.4537406050003,1,111537.44910914486
289,103,289,full_population,official_test,digital_3,huawei,arabic-003_03,test/attack/digital_3/huawei/arabic-003_03.jpg,data/processed/policy_c_official_test/test/attack/digital_3/huawei/arabic-003_03.jpg,11d55f77ef627ad5c04472a4bc308a48fda6829f5e665ee9d6c3f26deba2aea6,0.9996052384376526,1884,3023,5695332,0.038594238228781,0.9043122252823604,23.431275412711315,1.0,482.27768295699934,1,111537.44910914486
298,104,298,full_population,official_test,digital_3,huawei,arabic-139_03,test/attack/digital_3/huawei/arabic-139_03.jpg,data/processed/policy_c_official_test/test/attack/digital_3/huawei/arabic-139_03.jpg,b34ef57848301e135d367aa6745dd0a3c1bc977381ccd78d95958bda49aed711,0.9993438124656676,1879,3034,5700886,0.0447562010536607,0.9035088357999308,20.18734420101165,1.0,482.27768295699934,1,111537.44910914486
309,105,309,full_population,official_test,digital_3,huawei,arabic-NF-1098,test/attack/digital_3/huawei/arabic-NF-1098.jpg,data/processed/policy_c_official_test/test/attack/digital_3/huawei/arabic-NF-1098.jpg,a65b97a4a23ebe2af4dc3c319a6fa02f744b1b343c0e037c38ddb521f60a3c40,0.9977949857711792,1894,3037,5752078,0.0319084685569284,0.8600248759901743,26.952872227502503,1.0,482.27768295699934,1,111537.44910914486
369,106,369,full_population,official_test,digital_3,huawei,french-NF-1095,test/attack/digital_3/huawei/french-NF-1095.jpg,data/processed/policy_c_official_test/test/attack/digital_3/huawei/french-NF-1095.jpg,56bac911a752d65f6766223d79267168b96b4a487d4a2c24cd1c622a9572d6e8,0.9991989731788636,1882,3028,5698696,0.0293925136557556,0.8568605563078029,29.15234016196545,1.0,482.27768295699934,1,111537.44910914486
385,107,385,full_population,official_test,digital_3,huawei,indian-037_03,test/attack/digital_3/huawei/indian-037_03.jpg,data/processed/policy_c_official_test/test/attack/digital_3/huawei/indian-037_03.jpg,682ab3655ad027be24025d759b58a89c0ae871d3ec54dbcf2d0fcad7958cc817,0.9987982511520386,1885,3036,5722860,0.0413908430400184,0.872876109450963,21.08862843424157,1.0,482.27768295699934,1,111537.44910914486
407,108,407,full_population,official_test,digital_3,huawei,persian-NF-1001,test/attack/digital_3/huawei/persian-NF-1001.jpg,data/processed/policy_c_official_test/test/attack/digital_3/huawei/persian-NF-1001.jpg,d376dd955d026f84520660855c3bf3d9543f954ba8386930346c2341ebfd035f,0.9943607449531556,1886,3026,5707036,0.0284822103803095,0.6720005428782628,23.59369353380082,1.0,482.27768295699934,1,111537.44910914486
409,109,409,full_population,official_test,digital_3,huawei,persian-NF-1031,test/attack/digital_3/huawei/persian-NF-1031.jpg,data/processed/policy_c_official_test/test/attack/digital_3/huawei/persian-NF-1031.jpg,ac20f568dce51145740e20fdcf794852a31858605020e022087b297d9db53d1d,0.9903749823570251,1893,3034,5743362,0.0269218621427658,0.6782369275930267,25.1927940198325,1.0,482.27768295699934,1,111537.44910914486
439,110,439,full_population,official_test,digital_3,huawei,portugal-NF-1066,test/attack/digital_3/huawei/portugal-NF-1066.jpg,data/processed/policy_c_official_test/test/attack/digital_3/huawei/portugal-NF-1066.jpg,32f3fb6205245f6876e18d8ff82b3129f011e032192e328edbce52946a7b4793,0.9990828037261964,1887,3037,5730819,0.032073600649401,0.9142021394947404,28.50325878556488,1.0,482.27768295699934,1,111537.44910914486
457,111,457,full_population,official_test,digital_3,huawei,russian-140_03,test/attack/digital_3/huawei/russian-140_03.jpg,data/processed/policy_c_official_test/test/attack/digital_3/huawei/russian-140_03.jpg,fd99ac6a02f4cb1c76c166aec6620b5d5b71c1a0bff04e95cbe9da0bf8f856ec,0.998259961605072,1890,3086,5832540,0.0192495893727261,0.4748000695634484,24.665464824728748,1.0,482.27768295699934,1,111537.44910914486
465,112,465,full_population,official_test,digital_3,huawei,russian-NF-1099,test/attack/digital_3/huawei/russian-NF-1099.jpg,data/processed/policy_c_official_test/test/attack/digital_3/huawei/russian-NF-1099.jpg,13945a8701b79041aca85414f041f3fa849a576d546eefda1b9d01f320df4eda,0.9998291730880736,1896,3046,5775216,0.0289396968009508,0.8859924831439124,30.61512666279223,1.0,482.27768295699934,1,111537.44910914486
483,113,483,full_population,official_test,digital_3,huawei,turkiye-092_03,test/attack/digital_3/huawei/turkiye-092_03.jpg,data/processed/policy_c_official_test/test/attack/digital_3/huawei/turkiye-092_03.jpg,9ce6b6d5cf1da1fbcfc6842b90f7b0b50941ee9209fde13cab02ec287263894d,0.9586918950080872,1889,3027,5718003,0.0248504591550581,0.4553274375328145,18.322697165944938,1.0,482.27768295699934,1,111537.44910914486
487,114,487,full_population,official_test,digital_3,huawei,turkiye-121_03,test/attack/digital_3/huawei/turkiye-121_03.jpg,data/processed/policy_c_official_test/test/attack/digital_3/huawei/turkiye-121_03.jpg,8bf089dc834dd7fee5a043ec271fab4c468ba1eb51c2fc4213133aea6a0e0c03,0.9982383251190186,1897,3042,5770674,0.0237800645123949,0.6963078776907015,29.281160163706204,1.0,482.27768295699934,1,111537.44910914486
495,115,495,full_population,official_test,digital_3,huawei,turkiye-NF-1054,test/attack/digital_3/huawei/turkiye-NF-1054.jpg,data/processed/policy_c_official_test/test/attack/digital_3/huawei/turkiye-NF-1054.jpg,0b0c5a6628f264c554684240934bda09766080008a25a45f296e8fa27b4be65d,0.9994739890098572,1880,3039,5713320,0.0245064165844027,0.9229187661584578,37.660290437805344,1.0,482.27768295699934,1,111537.44910914486
522,116,522,full_population,official_test,digital_3,huawei,ukraine-NM-1007,test/attack/digital_3/huawei/ukraine-NM-1007.jpg,data/processed/policy_c_official_test/test/attack/digital_3/huawei/ukraine-NM-1007.jpg,bc8fc0ba58471459351079d6901ef2f8751803a5bd467025cec96a6f04edbd94,0.9685736298561096,1890,3041,5747490,0.0216045612954524,0.2869694630511157,13.282818342232206,1.0,482.27768295699934,1,111537.44910914486
531,117,531,full_population,official_test,digital_3,huawei,usa-067_03,test/attack/digital_3/huawei/usa-067_03.jpg,data/processed/policy_c_official_test/test/attack/digital_3/huawei/usa-067_03.jpg,03341f228b803e45e8c04ae7a9737d7ea6a2493d27baa0778c8dea94964e2d1a,0.9938016533851624,1905,3047,5804535,0.0258639150250623,0.5459863414078695,21.10996501801081,1.0,482.27768295699934,1,111537.44910914486
549,118,549,full_population,official_test,digital_3,huawei,usa-NM-1038,test/attack/digital_3/huawei/usa-NM-1038.jpg,data/processed/policy_c_official_test/test/attack/digital_3/huawei/usa-NM-1038.jpg,c643c5921153713311e74b80571e84e8b57584566e3e594b1880cb7b22edd3ab,0.9772220253944396,1883,3043,5729969,0.028920575312013,0.4196066454301957,14.508931475367278,1.0,482.27768295699934,1,111537.44910914486
678,119,678,full_population,official_test,digital_3,iphone15pro,persian-NM-1035,test/attack/digital_3/iphone15pro/persian-NM-1035.jpg,data/processed/policy_c_official_test/test/attack/digital_3/iphone15pro/persian-NM-1035.jpg,44739e9e5426da8fadc06dd115fdb8e6872e3d8370e77336b3e72d7a4266a294,0.9982116222381592,1810,2843,5145830,0.0231970352693345,0.7623793549736416,32.865378964245146,1.0,266.93398609200085,1,111537.44910914486
683,120,683,full_population,official_test,digital_3,iphone15pro,portugal-01_0014_000-6f7ea414_0,test/attack/digital_3/iphone15pro/portugal-01_0014_000-6f7ea414_0.jpg,data/processed/policy_c_official_test/test/attack/digital_3/iphone15pro/portugal-01_0014_000-6f7ea414_0.jpg,f1ee82cfa41776a663b163d09dc3adab28f876551430d766156bc8c602ee31b7,0.9996507167816162,1819,2854,5191426,0.0272609105860316,0.8428558733387604,30.9181115091084,1.0,266.93398609200085,1,111537.44910914486
688,121,688,full_population,official_test,digital_3,iphone15pro,portugal-066_03,test/attack/digital_3/iphone15pro/portugal-066_03.jpg,data/processed/policy_c_official_test/test/attack/digital_3/iphone15pro/portugal-066_03.jpg,663b4c1bf63101f1f3e93b6dbd4562432c52e3838f56880fd5e89b3a55afbd72,0.996250331401825,1796,2868,5150928,0.0289454638076866,0.814419524815101,28.13634392684444,1.0,266.93398609200085,1,111537.44910914486
697,122,697,full_population,official_test,digital_3,iphone15pro,portugal-NF-1024,test/attack/digital_3/iphone15pro/portugal-NF-1024.jpg,data/processed/policy_c_official_test/test/attack/digital_3/iphone15pro/portugal-NF-1024.jpg,22907f0be4b2bb6c368d09b3af1fcb0ebb26c67e1d7a57f0dbbfe6a7813f7c6b,0.9996776580810548,1812,2852,5167824,0.0284365334423153,0.8696127713163805,30.58082916753634,1.0,266.93398609200085,1,111537.44910914486
698,123,698,full_population,official_test,digital_3,iphone15pro,portugal-NF-1026,test/attack/digital_3/iphone15pro/portugal-NF-1026.jpg,data/processed/policy_c_official_test/test/attack/digital_3/iphone15pro/portugal-NF-1026.jpg,c4c8f7dce8ce4aa6e4c3257497272bf3d249ac396e9bb09b8ef8dff02979201d,0.9999240636825562,1808,2852,5156416,0.0285302814978465,0.9384886061221044,32.89447411140827,1.0,266.93398609200085,1,111537.44910914486
704,124,704,full_population,official_test,digital_3,iphone15pro,portugal-NF-1105,test/attack/digital_3/iphone15pro/portugal-NF-1105.jpg,data/processed/policy_c_official_test/test/attack/digital_3/iphone15pro/portugal-NF-1105.jpg,8ffa00e1d03006dd913c209a8e7ed38cbd6fcf41a4a92b0998c032f4c044ee37,0.9999635219573976,1802,2850,5135700,0.0309622836224857,0.8482807288329172,27.397227516411945,1.0,266.93398609200085,1,111537.44910914486
710,125,710,full_population,official_test,digital_3,iphone15pro,russian-01_0001_000-ff703650_1,test/attack/digital_3/iphone15pro/russian-01_0001_000-ff703650_1.jpg,data/processed/policy_c_official_test/test/attack/digital_3/iphone15pro/russian-01_0001_000-ff703650_1.jpg,f0432037803bc2b3d00f0218371835d5aa9b9830d300a1afa8afa5f44516080a,0.9995952248573304,1805,2839,5124395,0.0233627579450842,0.8793238034325459,37.63784247987572,1.0,266.93398609200085,1,111537.44910914486
805,126,805,full_population,official_test,digital_3,iphone15pro,usa-NF-1062,test/attack/digital_3/iphone15pro/usa-NF-1062.jpg,data/processed/policy_c_official_test/test/attack/digital_3/iphone15pro/usa-NF-1062.jpg,948ec07fc8d6854a5b78d50e49945e6463e79c792d2c74f09cd35c0db4283c5d,0.9996281862258912,1808,2832,5120256,0.0244675266236688,0.8909485830743964,36.41351235774406,1.0,266.93398609200085,1,111537.44910914486
680,127,680,full_population,official_test,digital_3,iphone15pro,portugal-004_03,test/attack/digital_3/iphone15pro/portugal-004_03.jpg,data/processed/policy_c_official_test/test/attack/digital_3/iphone15pro/portugal-004_03.jpg,38f9dd5835b7583c4aa4a5f8a7a8759794003fb589f4ab1e8b272f6f4d1f7c30,0.9997344613075256,1797,2843,5108871,0.0299150242783581,0.7938843901233433,26.537982477843872,1.0,265.0898897980005,1,111537.44910914486
765,128,765,full_population,official_test,digital_3,iphone15pro,ukraine-01_0018_000-aad4322e_0,test/attack/digital_3/iphone15pro/ukraine-01_0018_000-aad4322e_0.jpg,data/processed/policy_c_official_test/test/attack/digital_3/iphone15pro/ukraine-01_0018_000-aad4322e_0.jpg,1f51a489ee7ee41f631329f9010a734c66e7f4f9b24c18bdf12130d8e5fa8a47,0.999262511730194,1804,2829,5103516,0.0203622365443745,0.8464578381382358,41.56998354741575,1.0,265.0898897980005,1,111537.44910914486
810,129,810,full_population,official_test,digital_3,iphone15pro,usa-NF-1094,test/attack/digital_3/iphone15pro/usa-NF-1094.jpg,data/processed/policy_c_official_test/test/attack/digital_3/iphone15pro/usa-NF-1094.jpg,6b0ce6d274c9cd8c5a133c0a9460b4bc9c3993faea5dee03fc0e64a8f4d1bc92,0.9999432563781738,1807,2820,5095740,0.0239863101335625,0.8879635367064505,37.01959708525484,1.0,255.2512863999873,1,111537.44910914486
776,130,776,full_population,official_test,digital_3,iphone15pro,ukraine-NF-1032,test/attack/digital_3/iphone15pro/ukraine-NF-1032.jpg,data/processed/policy_c_official_test/test/attack/digital_3/iphone15pro/ukraine-NF-1032.jpg,caf9b968c13f82ba136ba0c39b85e6e6b53ac123512ea394b26fd09057348fb9,0.9998164772987366,1805,2822,5093710,0.0225815761007203,0.9049288480293622,40.07376827875611,1.0,251.9077810199999,1,111537.44910914486
703,131,703,full_population,official_test,digital_3,iphone15pro,portugal-NF-1086,test/attack/digital_3/iphone15pro/portugal-NF-1086.jpg,data/processed/policy_c_official_test/test/attack/digital_3/iphone15pro/portugal-NF-1086.jpg,fa395ac50689c671c26800cf3c7b2be6553a93514cf61d7b3b394b507d6f248c,0.99992036819458,1780,2855,5081900,0.028299848481867,0.9137256728766796,32.28729911618235,1.0,230.71534143500003,1,111537.44910914486
716,132,716,full_population,official_test,digital_3,iphone15pro,russian-082_03,test/attack/digital_3/iphone15pro/russian-082_03.jpg,data/processed/policy_c_official_test/test/attack/digital_3/iphone15pro/russian-082_03.jpg,7f58a7a6013da22f0753aadbbdadbd022198fad2cfc38838ce9636b12a0774e8,0.9997956156730652,1798,2830,5088340,0.0239828706415058,0.9185535023612914,38.30039848405803,1.0,230.71534143500003,1,111537.44910914486
722,133,722,full_population,official_test,digital_3,iphone15pro,russian-NF-1028,test/attack/digital_3/iphone15pro/russian-NF-1028.jpg,data/processed/policy_c_official_test/test/attack/digital_3/iphone15pro/russian-NF-1028.jpg,25a031d50fd4c707f7fc4d759b936ff96086b68ad1b8cb3c46b1777f153b4c7a,0.999903917312622,1798,2820,5070360,0.0238418968278386,0.8691773049224769,36.455878959579856,1.0,230.71534143500003,1,111537.44910914486
735,134,735,full_population,official_test,digital_3,iphone15pro,turkiye-01_0085_000-65296866_0,test/attack/digital_3/iphone15pro/turkiye-01_0085_000-65296866_0.jpg,data/processed/policy_c_official_test/test/attack/digital_3/iphone15pro/turkiye-01_0085_000-65296866_0.jpg,b7e482e662f09f94db19eccc5e16c1f16aee55ca331439450060a42ea3503e0f,0.9998986721038818,1800,2819,5074200,0.0226538173505183,0.8418908947285911,37.16331255356083,1.0,230.71534143500003,1,111537.44910914486
737,135,737,full_population,official_test,digital_3,iphone15pro,turkiye-01_0090_000-6238b878_0,test/attack/digital_3/iphone15pro/turkiye-01_0090_000-6238b878_0.jpg,data/processed/policy_c_official_test/test/attack/digital_3/iphone15pro/turkiye-01_0090_000-6238b878_0.jpg,bedad622203631c21f012f4216a23f39700dc4dc1277929859d9a5bf4ea7ae13,0.9988813996315002,1792,2833,5076736,0.0212735111693812,0.5350009936881621,25.148692636041343,1.0,230.71534143500003,1,111537.44910914486
753,136,753,full_population,official_test,digital_3,iphone15pro,turkiye-130_03,test/attack/digital_3/iphone15pro/turkiye-130_03.jpg,data/processed/policy_c_official_test/test/attack/digital_3/iphone15pro/turkiye-130_03.jpg,acc60739ac885da23c75ce15cbfb5c5284e51cd13d24f4d0aeaca26c654dd5e6,0.9997867941856384,1795,2828,5076260,0.0234326058948911,0.6824441548072283,29.123698741334515,1.0,230.71534143500003,1,111537.44910914486
771,137,771,full_population,official_test,digital_3,iphone15pro,ukraine-030_03,test/attack/digital_3/iphone15pro/ukraine-030_03.jpg,data/processed/policy_c_official_test/test/attack/digital_3/iphone15pro/ukraine-030_03.jpg,dacb7d72a253690b4fc3f09d409a3f135699de420aa11891b470f19f99cd9e83,0.9999688863754272,1804,2815,5078260,0.0213244300213065,0.9646832973819184,45.23840948705525,1.0,230.71534143500003,1,111537.44910914486
773,138,773,full_population,official_test,digital_3,iphone15pro,ukraine-NF-1005,test/attack/digital_3/iphone15pro/ukraine-NF-1005.jpg,data/processed/policy_c_official_test/test/attack/digital_3/iphone15pro/ukraine-NF-1005.jpg,962c21690f5cfdc38dcbc8de27dbad5efcdfd86a1117c43c9289d836d8fe0803,0.996376097202301,1800,2816,5068800,0.0201154119318181,0.8482753582072179,42.17041943175083,1.0,230.71534143500003,1,111537.44910914486
782,139,782,full_population,official_test,digital_3,iphone15pro,ukraine-NF-1087,test/attack/digital_3/iphone15pro/ukraine-NF-1087.jpg,data/processed/policy_c_official_test/test/attack/digital_3/iphone15pro/ukraine-NF-1087.jpg,c163918eb237acd583e495bec83c249376570c71fb8fdacdcfd4093b06277263,0.9985675811767578,1794,2826,5069844,0.0221383537639422,0.6444342152229195,29.10940091094485,1.0,230.71534143500003,1,111537.44910914486
803,140,803,full_population,official_test,digital_3,iphone15pro,usa-NF-1046,test/attack/digital_3/iphone15pro/usa-NF-1046.jpg,data/processed/policy_c_official_test/test/attack/digital_3/iphone15pro/usa-NF-1046.jpg,b3aa4e66b2c936b51e6300d01657ca94466d62e9485c2e4e29c2965783e83696,0.9999673366546632,1796,2832,5086272,0.0254091798472437,0.9571695378930536,37.67022562898202,1.0,230.71534143500003,1,111537.44910914486
807,141,807,full_population,official_test,digital_3,iphone15pro,usa-NF-1071,test/attack/digital_3/iphone15pro/usa-NF-1071.jpg,data/processed/policy_c_official_test/test/attack/digital_3/iphone15pro/usa-NF-1071.jpg,db05ce8640d139f4b36f97ad91bfb1199bedc12beb383393aebe83b9cf752c12,0.9881436228752136,1787,2849,5091163,0.0250970161434627,0.3880153545654239,15.460617005121328,1.0,230.71534143500003,1,111537.44910914486
786,142,786,full_population,official_test,digital_3,iphone15pro,usa-011_03,test/attack/digital_3/iphone15pro/usa-011_03.jpg,data/processed/policy_c_official_test/test/attack/digital_3/iphone15pro/usa-011_03.jpg,a0d6c1ae22dbe370b264437babbe84ca0c44e192a1002c37373321d03411e7b7,0.9997902512550354,1796,2821,5066516,0.0251289051490215,0.8550222417380944,34.025447454537705,1.0,220.11966449099418,1,111537.44910914486
772,143,772,full_population,official_test,digital_3,iphone15pro,ukraine-103_03,test/attack/digital_3/iphone15pro/ukraine-103_03.jpg,data/processed/policy_c_official_test/test/attack/digital_3/iphone15pro/ukraine-103_03.jpg,76fd43c9302ed6c14e42880c98a858096090ddd416300483edbb78509425a06b,0.9987508058547974,1794,2821,5060874,0.0230517495594634,0.6214828749252428,26.96033432612516,1.0,215.88851139100007,1,111537.44910914486
732,144,732,full_population,official_test,digital_3,iphone15pro,turkiye-01_0078_000-cfc6a96f_1,test/attack/digital_3/iphone15pro/turkiye-01_0078_000-cfc6a96f_1.jpg,data/processed/policy_c_official_test/test/attack/digital_3/iphone15pro/turkiye-01_0078_000-cfc6a96f_1.jpg,bcd78e8c634b98bfbef00bd02ddc0cba372fc14d20e7477eb626c8ab33fc720a,0.9997316002845764,1793,2820,5056260,0.0227235150091174,0.6241982195928677,27.469263419080157,1.0,215.44392685798812,1,111537.44910914486
787,145,787,full_population,official_test,digital_3,iphone15pro,usa-016_03,test/attack/digital_3/iphone15pro/usa-016_03.jpg,data/processed/policy_c_official_test/test/attack/digital_3/iphone15pro/usa-016_03.jpg,007e10e669327e1b49c435070e39cbe098e69bdb3700dc00434fdd9e2b172809,0.9999547004699708,1787,2827,5051849,0.0253380494943534,0.9203587725090744,36.32318946705724,1.0,209.75576186899707,1,111537.44910914486
801,146,801,full_population,official_test,digital_3,iphone15pro,usa-NF-1036,test/attack/digital_3/iphone15pro/usa-NF-1036.jpg,data/processed/policy_c_official_test/test/attack/digital_3/iphone15pro/usa-NF-1036.jpg,b846f366f6f3283cd74c1ccd5450c677d6725a2e56cb26e5b6dd25b35854920c,0.999964714050293,1800,2807,5052600,0.0267537505442742,0.956371351698972,35.74718804813152,1.0,209.75576186899707,1,111537.44910914486
763,147,763,full_population,official_test,digital_3,iphone15pro,ukraine-006_03,test/attack/digital_3/iphone15pro/ukraine-006_03.jpg,data/processed/policy_c_official_test/test/attack/digital_3/iphone15pro/ukraine-006_03.jpg,b5c1aff4beb3860e05f6e89fd356b111717ecb5a7dfcd12348326b3be3da7cdc,0.9995325803756714,1796,2811,5048556,0.0223263840195097,0.8781740737101409,39.33346631244699,1.0,198.99739198299903,1,111537.44910914486
717,148,717,full_population,official_test,digital_3,iphone15pro,russian-123_03,test/attack/digital_3/iphone15pro/russian-123_03.jpg,data/processed/policy_c_official_test/test/attack/digital_3/iphone15pro/russian-123_03.jpg,3879c5ced95f187f0293e947ac179623a9857340f34bb938eaa75c0722f3fe34,0.9997875094413756,1789,2819,5043191,0.0230106295795657,0.8700979567827359,37.81287051595545,1.0,177.8320151349908,1,111537.44910914486
746,149,746,full_population,official_test,digital_3,iphone15pro,turkiye-101_03,test/attack/digital_3/iphone15pro/turkiye-101_03.jpg,data/processed/policy_c_official_test/test/attack/digital_3/iphone15pro/turkiye-101_03.jpg,add1bb523d7150b1fa646a197eb7b0a348101e08eb1e465fc7dd47e7ad6f1840,0.9996970891952516,1790,2818,5044220,0.0225618628846481,0.8104753342390095,35.92235882217347,1.0,177.8320151349908,1,111537.44910914486
729,150,729,full_population,official_test,digital_3,iphone15pro,turkiye-008_03,test/attack/digital_3/iphone15pro/turkiye-008_03.jpg,data/processed/policy_c_official_test/test/attack/digital_3/iphone15pro/turkiye-008_03.jpg,9f8456d7bdad1290d6469b6ef1360ba20a7f8f451ccbd8d5504d9fcfd32acba5,0.9992225170135498,1784,2823,5036232,0.0235064627681965,0.8276483776963202,35.20939691598775,1.0,175.0121481440001,1,111537.44910914486
775,151,775,full_population,official_test,digital_3,iphone15pro,ukraine-NF-1021,test/attack/digital_3/iphone15pro/ukraine-NF-1021.jpg,data/processed/policy_c_official_test/test/attack/digital_3/iphone15pro/ukraine-NF-1021.jpg,6b2e072d2d50e5a5ec5cbe86a659acbe6d7b195ac69fc64bb3c0d039ee8a0426,0.9992421865463256,1786,2821,5038306,0.0213464604968415,0.7838813933828778,36.72184404992388,1.0,175.0121481440001,1,111537.44910914486
769,152,769,full_population,official_test,digital_3,iphone15pro,ukraine-01_0091_000-2d8a528b_1,test/attack/digital_3/iphone15pro/ukraine-01_0091_000-2d8a528b_1.jpg,data/processed/policy_c_official_test/test/attack/digital_3/iphone15pro/ukraine-01_0091_000-2d8a528b_1.jpg,c20d2e782ec0410b39beddf807630463423985a13521ed292e276822162e4430,0.9993846416473388,1787,2814,5028618,0.0211573040545135,0.8131515579660914,38.43360930442449,1.0,172.38304201199207,1,111537.44910914486
741,153,741,full_population,official_test,digital_3,iphone15pro,turkiye-036_03,test/attack/digital_3/iphone15pro/turkiye-036_03.jpg,data/processed/policy_c_official_test/test/attack/digital_3/iphone15pro/turkiye-036_03.jpg,29563ec54eb969d34cbb3cf257087a1e3c754b2e0fc4db749b886b4d325e147d,0.9994284510612488,1784,2815,5021960,0.0237293805605779,0.9236372436901182,38.92378232681614,1.0,160.75689618800243,1,111537.44910914486
747,154,747,full_population,official_test,digital_3,iphone15pro,turkiye-104_03,test/attack/digital_3/iphone15pro/turkiye-104_03.jpg,data/processed/policy_c_official_test/test/attack/digital_3/iphone15pro/turkiye-104_03.jpg,ace4f927165d98284753e8a4d7183397a3a2f922ad8bf3d3f5f3de2ca5d73ac0,0.9999227523803712,1787,2811,5023257,0.0234288231718982,0.9212481653614328,39.32114552242754,1.0,160.75689618800243,1,111537.44910914486
670,155,670,full_population,official_test,digital_3,iphone15pro,persian-NF-1018,test/attack/digital_3/iphone15pro/persian-NF-1018.jpg,data/processed/policy_c_official_test/test/attack/digital_3/iphone15pro/persian-NF-1018.jpg,4caf6bf26db2921500c1ae41b249458549930e9f5af52da586c22b0e6cf3663d,0.9862619042396544,1787,2806,5014322,0.0234067536947168,0.702150478270858,29.99777275519162,1.0,159.9352892379975,1,111537.44910914486
637,156,637,full_population,official_test,digital_3,iphone15pro,indian-01_0004_000-2423feb1_0,test/attack/digital_3/iphone15pro/indian-01_0004_000-2423feb1_0.jpg,data/processed/policy_c_official_test/test/attack/digital_3/iphone15pro/indian-01_0004_000-2423feb1_0.jpg,985538efb06e69c042c04d4bc8eb17d42f0192fa104ba6f798c7ab0690049b3a,0.9995689988136292,1790,2799,5010210,0.0280660890461677,0.8341973248320126,29.72260664675393,1.0,159.81805211499886,1,111537.44910914486
667,157,667,full_population,official_test,digital_3,iphone15pro,persian-122_03,test/attack/digital_3/iphone15pro/persian-122_03.jpg,data/processed/policy_c_official_test/test/attack/digital_3/iphone15pro/persian-122_03.jpg,957c786ce06797650d04bf8cceb19073719a1fb4cd69e104a2052fff43aba083,0.9966525435447692,1786,2805,5009730,0.0256405035800332,0.5673825161690899,22.12836867256076,1.0,159.81805211499886,1,111537.44910914486
614,158,614,full_population,official_test,digital_3,iphone15pro,french-033_03,test/attack/digital_3/iphone15pro/french-033_03.jpg,data/processed/policy_c_official_test/test/attack/digital_3/iphone15pro/french-033_03.jpg,f8d3c0a950c9e945ad989b8b3e4237c797a14dc329895e5ca6ec8eae039c2e3c,0.9999946355819702,1790,2796,5004840,0.0264967511448917,0.9826544594151166,37.08584701730728,1.0,153.77439707099984,1,111537.44910914486
616,159,616,full_population,official_test,digital_3,iphone15pro,french-068_03,test/attack/digital_3/iphone15pro/french-068_03.jpg,data/processed/policy_c_official_test/test/attack/digital_3/iphone15pro/french-068_03.jpg,35e4c3b08c411e6b59dd1f9f542c80a07da309e9725e85917e366d696b1e378f,0.9999186992645264,1784,2803,5000552,0.0253771983573013,0.8618978577482389,33.96347562142373,1.0,153.77439707099984,1,111537.44910914486
620,160,620,full_population,official_test,digital_3,iphone15pro,french-100_03,test/attack/digital_3/iphone15pro/french-100_03.jpg,data/processed/policy_c_official_test/test/attack/digital_3/iphone15pro/french-100_03.jpg,28b26a17d868030ecdf67971d876beba99fdef94500798bca838ffafbd2c88d1,0.9983865022659302,1784,2801,4996984,0.0259662628497509,0.535367771776131,20.61782147373069,1.0,153.77439707099984,1,111537.44910914486
630,161,630,full_population,official_test,digital_3,iphone15pro,french-NF-1082,test/attack/digital_3/iphone15pro/french-NF-1082.jpg,data/processed/policy_c_official_test/test/attack/digital_3/iphone15pro/french-NF-1082.jpg,c0d8458a6942e723f23101c94705ee0455f8ba1e2dacf8ee2f876e5b0bd5a0a6,0.9987764954566956,1785,2801,4999785,0.0240826355533287,0.5316065795912793,22.074269172661158,1.0,153.77439707099984,1,111537.44910914486
641,162,641,full_population,official_test,digital_3,iphone15pro,indian-01_0071_000-73870eac_1,test/attack/digital_3/iphone15pro/indian-01_0071_000-73870eac_1.jpg,data/processed/policy_c_official_test/test/attack/digital_3/iphone15pro/indian-01_0071_000-73870eac_1.jpg,2cae93a881d58068c7820259861809d339ae1a1edcfeac3f17924fb8dcc30293,0.9998194575309752,1789,2796,5002044,0.0274359841696714,0.9038411130911,32.94363735966261,1.0,153.77439707099984,1,111537.44910914486
651,163,651,full_population,official_test,digital_3,iphone15pro,indian-NF-1006,test/attack/digital_3/iphone15pro/indian-NF-1006.jpg,data/processed/policy_c_official_test/test/attack/digital_3/iphone15pro/indian-NF-1006.jpg,9751cdea6c93a73edaf7e823b8aab740dfacca603f9657f6cd28175f00e28d95,0.998001515865326,1785,2799,4996215,0.0290730082672583,0.8234995140015592,28.32522546106709,1.0,153.77439707099984,1,111537.44910914486
1119,164,1119,full_population,official_test,facedancer,iphone15,chinese2-flickr_F_17178039488_60828ef8de_k,test/attack/facedancer/iphone15/chinese2-flickr_F_17178039488_60828ef8de_k.jpg,data/processed/policy_c_official_test/test/attack/facedancer/iphone15/chinese2-flickr_F_17178039488_60828ef8de_k.jpg,e167a1258b9f09b613962a36e0339e3eabbfca2d21f4f512edde79fc852e598d,0.6456161141395569,1736,2762,4794832,0.0752476833390617,0.1972700561796118,2.6216096951546577,1.0,153.77439707099984,1,111537.44910914486
1122,165,1122,full_population,official_test,facedancer,iphone15,chinese2-flickr_F_21668538829_2fb67bd5fd_c,test/attack/facedancer/iphone15/chinese2-flickr_F_21668538829_2fb67bd5fd_c.jpg,data/processed/policy_c_official_test/test/attack/facedancer/iphone15/chinese2-flickr_F_21668538829_2fb67bd5fd_c.jpg,2373ea388c91d854e4563e31f93d78bd57373364f664a8197bd338c98ea0ff76,0.6846431493759155,1731,2765,4786215,0.090279897580865,0.1600062983345778,1.7723358424421982,1.0,153.77439707099984,1,111537.44910914486
1124,166,1124,full_population,official_test,facedancer,iphone15,chinese2-flickr_F_30990251270_6801e68759_c,test/attack/facedancer/iphone15/chinese2-flickr_F_30990251270_6801e68759_c.jpg,data/processed/policy_c_official_test/test/attack/facedancer/iphone15/chinese2-flickr_F_30990251270_6801e68759_c.jpg,a56484343f18973261aa79acbf03191ee6bfcc28feaab1b5c8195896ba1e7d8b,0.727782666683197,1740,2766,4812840,0.0756252025830902,0.2535366799519408,3.3525421591218523,1.0,153.77439707099984,1,111537.44910914486
1131,167,1131,full_population,official_test,facedancer,iphone15,chinese2-flickr_M_31840786965_77af814416_h,test/attack/facedancer/iphone15/chinese2-flickr_M_31840786965_77af814416_h.jpg,data/processed/policy_c_official_test/test/attack/facedancer/iphone15/chinese2-flickr_M_31840786965_77af814416_h.jpg,fb4eef6f787f91e51ffeb04604eb25b376de31d6a7f2a3c35625cba56b2e2d0a,0.6038033366203308,1744,2774,4837856,0.0819197594967688,0.1755079530480476,2.1424373573139004,1.0,153.77439707099984,1,111537.44910914486
1135,168,1135,full_population,official_test,facedancer,iphone15,netherland-flickr_F_28630210242_e3780d0ee9_b,test/attack/facedancer/iphone15/netherland-flickr_F_28630210242_e3780d0ee9_b.jpg,data/processed/policy_c_official_test/test/attack/facedancer/iphone15/netherland-flickr_F_28630210242_e3780d0ee9_b.jpg,78c642fa0c526bfd0d7795ae9cae4720d6be6f70dfa08effc1762d383437a7a9,0.6460455656051636,1743,2769,4826367,0.0765662868157353,0.1078810316312684,1.4089886831118672,1.0,153.77439707099984,1,111537.44910914486
1137,169,1137,full_population,official_test,facedancer,iphone15,netherland-flickr_M_18042193331_841d026f9a_c,test/attack/facedancer/iphone15/netherland-flickr_M_18042193331_841d026f9a_c.jpg,data/processed/policy_c_official_test/test/attack/facedancer/iphone15/netherland-flickr_M_18042193331_841d026f9a_c.jpg,e9d6dc4a915a12f7a783388c762b2350a299a55a660a20c26dc171e3914a599f,0.6213703155517578,1750,2779,4863250,0.0734784352027964,0.1596908138921809,2.173301778289685,0.0,153.77439707099984,1,111537.44910914486
1140,170,1140,full_population,official_test,facedancer,iphone15,netherland-flickr_M_26828968014_910728ddd9_k,test/attack/facedancer/iphone15/netherland-flickr_M_26828968014_910728ddd9_k.jpg,data/processed/policy_c_official_test/test/attack/facedancer/iphone15/netherland-flickr_M_26828968014_910728ddd9_k.jpg,08e1fced59d08c521c5af5af30fea84c9f4679184221ee3237c66ba54d7b4f51,0.5727304816246033,1722,2776,4780272,0.0681705978237221,0.1253829973754483,1.839253305357068,1.0,153.77439707099984,1,111537.44910914486
1142,171,1142,full_population,official_test,facedancer,iphone15,singapore-flickr_F_20411794293_d7a6aae66c_c,test/attack/facedancer/iphone15/singapore-flickr_F_20411794293_d7a6aae66c_c.jpg,data/processed/policy_c_official_test/test/attack/facedancer/iphone15/singapore-flickr_F_20411794293_d7a6aae66c_c.jpg,e6fbae65574c62ef63f03ca159bdefc19e3bacd07e95c47aa0e8c9cc8303eeca,0.5633145570755005,1745,2774,4840630,0.0340870919694337,0.0826512451376846,2.4247080159198946,1.0,153.77439707099984,1,111537.44910914486
1228,172,1228,full_population,official_test,textdiffuserft_bfei,iphone15,chinese2-flickr_F_16858102101_d4c5c1e7a2_c,test/attack/textdiffuserft_bfei/iphone15/chinese2-flickr_F_16858102101_d4c5c1e7a2_c.jpg,data/processed/policy_c_official_test/test/attack/textdiffuserft_bfei/iphone15/chinese2-flickr_F_16858102101_d4c5c1e7a2_c.jpg,8fbc23702380b5e76dac7a17e709eb35149ecfe63822957ba09d652201bd2468,0.9973753690719604,1733,2766,4793478,0.0413670408000203,0.7853207233851313,18.98421323346737,1.0,153.77439707099984,1,111537.44910914486
1230,173,1230,full_population,official_test,textdiffuserft_bfei,iphone15,chinese2-flickr_F_25164805428_423bc49285_o,test/attack/textdiffuserft_bfei/iphone15/chinese2-flickr_F_25164805428_423bc49285_o.jpg,data/processed/policy_c_official_test/test/attack/textdiffuserft_bfei/iphone15/chinese2-flickr_F_25164805428_423bc49285_o.jpg,7c12fd71fb0761a2faa3913c7f6df9531ecce91fd35daa7a01e9d52b4897958b,0.9859635233879088,1725,2768,4774800,0.0385226606350004,0.7011151101254923,18.20006973995151,1.0,153.77439707099984,1,111537.44910914486
1232,174,1232,full_population,official_test,textdiffuserft_bfei,iphone15,chinese2-flickr_F_31998401683_5272a75c42_c,test/attack/textdiffuserft_bfei/iphone15/chinese2-flickr_F_31998401683_5272a75c42_c.jpg,data/processed/policy_c_official_test/test/attack/textdiffuserft_bfei/iphone15/chinese2-flickr_F_31998401683_5272a75c42_c.jpg,3cc9b135f24d6d6dae650701829be421986776cbf03908c0eb53a68a8e846865,0.9966433048248292,1740,2778,4833720,0.0440753705220823,0.840964907917338,19.080155151412804,1.0,153.77439707099984,1,111537.44910914486
1237,175,1237,full_population,official_test,textdiffuserft_bfei,iphone15,chinese2-flickr_M_16743317854_732a16acc8_k,test/attack/textdiffuserft_bfei/iphone15/chinese2-flickr_M_16743317854_732a16acc8_k.jpg,data/processed/policy_c_official_test/test/attack/textdiffuserft_bfei/iphone15/chinese2-flickr_M_16743317854_732a16acc8_k.jpg,48fc8a911edef549a34b760a87b62ac47c922555fff7144d58450da4133e3776,0.9933424592018129,1730,2774,4799020,0.0436620393330304,0.6829306662254472,15.641291077047969,1.0,153.77439707099984,1,111537.44910914486
1244,176,1244,full_population,official_test,textdiffuserft_bfei,iphone15,chinese2-flickr_M_32771950686_f8d5084d87_h,test/attack/textdiffuserft_bfei/iphone15/chinese2-flickr_M_32771950686_f8d5084d87_h.jpg,data/processed/policy_c_official_test/test/attack/textdiffuserft_bfei/iphone15/chinese2-flickr_M_32771950686_f8d5084d87_h.jpg,b4fc26cdb056afa77f6545c98e33e1d44f28174572ea55be7ec8918e08b15316,0.9980043768882751,1733,2776,4810808,0.0431064802419884,0.838935323316287,19.46193051733114,1.0,153.77439707099984,1,111537.44910914486
1245,177,1245,full_population,official_test,textdiffuserft_bfei,iphone15,chinese2-flickr_M_32812741685_462068ee90_h,test/attack/textdiffuserft_bfei/iphone15/chinese2-flickr_M_32812741685_462068ee90_h.jpg,data/processed/policy_c_official_test/test/attack/textdiffuserft_bfei/iphone15/chinese2-flickr_M_32812741685_462068ee90_h.jpg,e04702aecb65e664917840edda79d5844a7afb8c8a6a7ffda4b4ac604b5d4677,0.9975985884666444,1726,2775,4789650,0.0424640631361373,0.8330325699135513,19.617354261246685,1.0,153.77439707099984,1,111537.44910914486
1247,178,1247,full_population,official_test,textdiffuserft_bfei,iphone15,chinese2-flickr_M_3625086942_a3ed938d9c_c,test/attack/textdiffuserft_bfei/iphone15/chinese2-flickr_M_3625086942_a3ed938d9c_c.jpg,data/processed/policy_c_official_test/test/attack/textdiffuserft_bfei/iphone15/chinese2-flickr_M_3625086942_a3ed938d9c_c.jpg,45139248284e139b9221e3772d3725cb617413c9a60d04fa99660d9a2522dc3d,0.9903683662414552,1745,2778,4847610,0.0399345244357528,0.6153798031365362,15.409719079704235,1.0,153.77439707099984,1,111537.44910914486
1250,179,1250,full_population,official_test,textdiffuserft_bfei,iphone15,chinese2-flickr_M_38999105422_457bedeef7_o,test/attack/textdiffuserft_bfei/iphone15/chinese2-flickr_M_38999105422_457bedeef7_o.jpg,data/processed/policy_c_official_test/test/attack/textdiffuserft_bfei/iphone15/chinese2-flickr_M_38999105422_457bedeef7_o.jpg,3a3d5e3886dab52f149cbe383523c9dfddf35ed2c5a9f3c00a8f6cdbdc42c116,0.9643839597702026,1729,2758,4768582,0.0445314770722197,0.4450313431761242,9.993635343700502,1.0,153.77439707099984,1,111537.44910914486
1253,180,1253,full_population,official_test,textdiffuserft_bfei,iphone15,netherland-flickr_F_31998547103_f617b19dfc_h,test/attack/textdiffuserft_bfei/iphone15/netherland-flickr_F_31998547103_f617b19dfc_h.jpg,data/processed/policy_c_official_test/test/attack/textdiffuserft_bfei/iphone15/netherland-flickr_F_31998547103_f617b19dfc_h.jpg,7d1b40a33d8e552a1b1cc209fc7d90712e45658ffbc9ad206086d219d40b177e,0.9965341091156006,1747,2776,4849672,0.0372247855112675,0.6093021929372986,16.36818545946676,1.0,153.77439707099984,1,111537.44910914486
1255,181,1255,full_population,official_test,textdiffuserft_bfei,iphone15,netherland-flickr_F_32868411313_4bb20e41db_c,test/attack/textdiffuserft_bfei/iphone15/netherland-flickr_F_32868411313_4bb20e41db_c.jpg,data/processed/policy_c_official_test/test/attack/textdiffuserft_bfei/iphone15/netherland-flickr_F_32868411313_4bb20e41db_c.jpg,df896c059fe30b1c35d1be34cb39cd1dfde3215e0bbfa2d5f4b6a814b46866ca,0.9987419247627258,1772,2793,4949196,0.03602403299445,0.7658803491943272,21.260261151557398,1.0,153.77439707099984,1,111537.44910914486
1256,182,1256,full_population,official_test,textdiffuserft_bfei,iphone15,netherland-flickr_F_36412358965_0ec43e5de3_c,test/attack/textdiffuserft_bfei/iphone15/netherland-flickr_F_36412358965_0ec43e5de3_c.jpg,data/processed/policy_c_official_test/test/attack/textdiffuserft_bfei/iphone15/netherland-flickr_F_36412358965_0ec43e5de3_c.jpg,0d410d6330893c43f42d3af0933d93f5e1415af85060260cc42198471d49d6d9,0.99978107213974,1733,2772,4803876,0.033984640735939,0.8492768267400157,24.99001926602384,1.0,153.77439707099984,1,111537.44910914486
1257,183,1257,full_population,official_test,textdiffuserft_bfei,iphone15,netherland-flickr_F_37048326531_f8270ca4df_k,test/attack/textdiffuserft_bfei/iphone15/netherland-flickr_F_37048326531_f8270ca4df_k.jpg,data/processed/policy_c_official_test/test/attack/textdiffuserft_bfei/iphone15/netherland-flickr_F_37048326531_f8270ca4df_k.jpg,056cf814c36f1917f14d005b2f0e17074a22273e5e09237006ab15c32fe5b337,0.9997599720954896,1739,2781,4836159,0.039212317047475,0.8449963339604524,21.549257926722355,1.0,153.77439707099984,1,111537.44910914486
1263,184,1263,full_population,official_test,textdiffuserft_bfei,iphone15,netherland-flickr_M_31998389253_0a26f25b0d_h,test/attack/textdiffuserft_bfei/iphone15/netherland-flickr_M_31998389253_0a26f25b0d_h.jpg,data/processed/policy_c_official_test/test/attack/textdiffuserft_bfei/iphone15/netherland-flickr_M_31998389253_0a26f25b0d_h.jpg,7d1bc19fcb1fe7f7132ee1ef7e0b86ddc3d0baaf200997d231fd2c414d77979e,0.999594748020172,1743,2774,4835082,0.0405742860203818,0.9146162018441484,22.54176946908456,1.0,153.77439707099984,1,111537.44910914486
1266,185,1266,full_population,official_test,textdiffuserft_bfei,iphone15,netherland-flickr_M_33297625690_76e3181f5e_c,test/attack/textdiffuserft_bfei/iphone15/netherland-flickr_M_33297625690_76e3181f5e_c.jpg,data/processed/policy_c_official_test/test/attack/textdiffuserft_bfei/iphone15/netherland-flickr_M_33297625690_76e3181f5e_c.jpg,28222034d2e54de97bce06acc1db8dcbdfb086877a6a9791a72c22889f8b692a,0.9869564771652222,1744,2777,4843088,0.0362049997852609,0.5948523495086944,16.430116089956677,1.0,153.77439707099984,1,111537.44910914486
1269,186,1269,full_population,official_test,textdiffuserft_bfei,iphone15,netherland-flickr_M_6501027149_988313b64f_h,test/attack/textdiffuserft_bfei/iphone15/netherland-flickr_M_6501027149_988313b64f_h.jpg,data/processed/policy_c_official_test/test/attack/textdiffuserft_bfei/iphone15/netherland-flickr_M_6501027149_988313b64f_h.jpg,047289df87ca7fcccfba2c0ee3f235ac7bd20d47b728f1b0cbb721d6f7a3008a,0.9998422861099244,1739,2773,4822247,0.0367577604382355,0.7778054675335163,21.16030623901778,1.0,153.77439707099984,1,111537.44910914486
1271,187,1271,full_population,official_test,textdiffuserft_bfei,iphone15,singapore-flickr_F_17178258920_6f5f1eedd0_k,test/attack/textdiffuserft_bfei/iphone15/singapore-flickr_F_17178258920_6f5f1eedd0_k.jpg,data/processed/policy_c_official_test/test/attack/textdiffuserft_bfei/iphone15/singapore-flickr_F_17178258920_6f5f1eedd0_k.jpg,79bbcfb60249f7d718cef3484a69c1961b6912f9503177969928865055c7f49f,0.999935507774353,1738,2766,4807308,0.0414976531564027,0.9328877046887064,22.48049308168576,1.0,153.77439707099984,1,111537.44910914486
1274,188,1274,full_population,official_test,textdiffuserft_bfei,iphone15,singapore-flickr_F_31294646850_53ce869b2e_b,test/attack/textdiffuserft_bfei/iphone15/singapore-flickr_F_31294646850_53ce869b2e_b.jpg,data/processed/policy_c_official_test/test/attack/textdiffuserft_bfei/iphone15/singapore-flickr_F_31294646850_53ce869b2e_b.jpg,a15bfdbfc6bc6f7c60cbcbe04c8b4159a6c204466aaffdf4ed8404cb490a6d00,0.999933123588562,1749,2777,4856973,0.0434509312693317,0.8727662202363514,20.08624889594396,1.0,153.77439707099984,1,111537.44910914486
1277,189,1277,full_population,official_test,textdiffuserft_bfei,iphone15,singapore-flickr_F_33574462985_422fca6322_c,test/attack/textdiffuserft_bfei/iphone15/singapore-flickr_F_33574462985_422fca6322_c.jpg,data/processed/policy_c_official_test/test/attack/textdiffuserft_bfei/iphone15/singapore-flickr_F_33574462985_422fca6322_c.jpg,91508e2f11f5a2e009d6cae16643f3bb96d8cf591efd7102b80d39158974b6ef,0.999914050102234,1735,2778,4819830,0.0403595147546697,0.9258000278969944,22.9388295058695,1.0,153.77439707099984,1,111537.44910914486
1281,190,1281,full_population,official_test,textdiffuserft_bfei,iphone15,singapore-flickr_M_22512816725_a88536de72_c,test/attack/textdiffuserft_bfei/iphone15/singapore-flickr_M_22512816725_a88536de72_c.jpg,data/processed/policy_c_official_test/test/attack/textdiffuserft_bfei/iphone15/singapore-flickr_M_22512816725_a88536de72_c.jpg,1dcda7e9fca26881df01f9e7aee017f31a9cecde5b4ffe02560a07f76001c2aa,0.9967652559280396,1745,2777,4845865,0.0421674974436968,0.6579340888222323,15.602872560808793,1.0,153.77439707099984,1,111537.44910914486
621,191,621,full_population,official_test,digital_3,iphone15pro,french-114_03,test/attack/digital_3/iphone15pro/french-114_03.jpg,data/processed/policy_c_official_test/test/attack/digital_3/iphone15pro/french-114_03.jpg,45e88bf91ca06771b89e42345429ae5b32ce62ab1a1be3197984e429f12b3778,0.9998412132263184,1781,2803,4992143,0.0259607947929376,0.8086016546306748,31.14703001506899,1.0,151.9405390339998,1,111537.44910914486
640,192,640,full_population,official_test,digital_3,iphone15pro,indian-01_0068_000-1b9539d8_0,test/attack/digital_3/iphone15pro/indian-01_0068_000-1b9539d8_0.jpg,data/processed/policy_c_official_test/test/attack/digital_3/iphone15pro/indian-01_0068_000-1b9539d8_0.jpg,3784d72ead2a0f63299a9cf2565ff1e8c41f98263590cb300242a91c027b8054,0.9990519881248474,1785,2796,4990860,0.0283237758622762,0.859800693492509,30.356146640662303,1.0,151.9405390339998,1,111537.44910914486
662,193,662,full_population,official_test,digital_3,iphone15pro,persian-01_0096_000-75b0e83b_0,test/attack/digital_3/iphone15pro/persian-01_0096_000-75b0e83b_0.jpg,data/processed/policy_c_official_test/test/attack/digital_3/iphone15pro/persian-01_0096_000-75b0e83b_0.jpg,474953fced906ff2f8499e052b8bf555e9d66bef8369339a98b98cdd5dd982ad,0.9949731826782228,1781,2803,4992143,0.0227505502146072,0.6808788400495029,29.928016405174123,1.0,151.9405390339998,1,111537.44910914486
648,194,648,full_population,official_test,digital_3,iphone15pro,indian-038_03,test/attack/digital_3/iphone15pro/indian-038_03.jpg,data/processed/policy_c_official_test/test/attack/digital_3/iphone15pro/indian-038_03.jpg,65b16986f3a6ffa9d77ef4e120513d301a516270ffb145767f507a864493c5b1,0.9994305968284608,1780,2802,4987560,0.0287615587581903,0.7324800413456796,25.46732767524613,1.0,150.96920868400048,1,111537.44910914486
649,195,649,full_population,official_test,digital_3,iphone15pro,indian-094_03,test/attack/digital_3/iphone15pro/indian-094_03.jpg,data/processed/policy_c_official_test/test/attack/digital_3/iphone15pro/indian-094_03.jpg,e4ddb6c4bddabd43af178666cbd4bfbcf0351d4ad1d4026c5087bbff74e473cd,0.9982554316520692,1778,2803,4983734,0.0287836389341806,0.6965940319455369,24.201041207417624,1.0,150.96920868400048,1,111537.44910914486
650,196,650,full_population,official_test,digital_3,iphone15pro,indian-108_03,test/attack/digital_3/iphone15pro/indian-108_03.jpg,data/processed/policy_c_official_test/test/attack/digital_3/iphone15pro/indian-108_03.jpg,8876457eabeafd20b06485e535fee2e1fce989a103efc88df35bf73f32b56b49,0.999213695526123,1786,2794,4990084,0.0296227478335034,0.7689488175251028,25.95805162461734,1.0,150.96920868400048,1,111537.44910914486
666,197,666,full_population,official_test,digital_3,iphone15pro,persian-087_03,test/attack/digital_3/iphone15pro/persian-087_03.jpg,data/processed/policy_c_official_test/test/attack/digital_3/iphone15pro/persian-087_03.jpg,804c8e9f319b6121a460c6931f3c4769b71e30a764e499536fe00365cb37e1ad,0.9976481795310974,1785,2791,4981935,0.0228585880787284,0.6796358922832039,29.73219036724555,1.0,150.96920868400048,1,111537.44910914486
636,198,636,full_population,official_test,digital_3,iphone15pro,indian-014_03,test/attack/digital_3/iphone15pro/indian-014_03.jpg,data/processed/policy_c_official_test/test/attack/digital_3/iphone15pro/indian-014_03.jpg,7273045760887ddfaf6317395596e3a223d37e85a0d18eb47b38ed1ee744c03a,0.9978679418563844,1778,2798,4974844,0.0298280709907687,0.6849294103104926,22.962578120538392,1.0,149.03332973200304,1,111537.44910914486
646,199,646,full_population,official_test,digital_3,iphone15pro,indian-021_03,test/attack/digital_3/iphone15pro/indian-021_03.jpg,data/processed/policy_c_official_test/test/attack/digital_3/iphone15pro/indian-021_03.jpg,6b9d0c8002745e2538a3c6c9295bb87d7eee39a3d71604408c9adde16582b95a,0.9996978044509888,1775,2798,4966450,0.0295645783205307,0.8928531080033872,30.20009615301552,1.0,143.5583459469999,1,111537.44910914486
580,200,580,full_population,official_test,digital_3,iphone15pro,chinese-01_0012_000-48c56e4b_0,test/attack/digital_3/iphone15pro/chinese-01_0012_000-48c56e4b_0.jpg,data/processed/policy_c_official_test/test/attack/digital_3/iphone15pro/chinese-01_0012_000-48c56e4b_0.jpg,c13cfa7ad1f32acd3e1381d900b4bd98dab11536eb4880e574788543bdb11ef4,0.9968141913414,1777,2790,4957830,0.0276693634110084,0.7315845783349303,26.44023888326481,1.0,142.3968021710025,1,111537.44910914486
561,201,561,full_population,official_test,digital_3,iphone15pro,arabic-173_03,test/attack/digital_3/iphone15pro/arabic-173_03.jpg,data/processed/policy_c_official_test/test/attack/digital_3/iphone15pro/arabic-173_03.jpg,85987796a948bb1ecbe1583cc49cd059c985349611b291e1f57365babb1b61eb,0.9998003840446472,1780,2784,4955520,0.0377441721554952,0.9315240569824932,24.679944049239666,1.0,141.86142791400016,1,111537.44910914486
607,202,607,full_population,official_test,digital_3,iphone15pro,chinese-NM-1092,test/attack/digital_3/iphone15pro/chinese-NM-1092.jpg,data/processed/policy_c_official_test/test/attack/digital_3/iphone15pro/chinese-NM-1092.jpg,4b5dd410db87c8e36f504c9915ed9c5b28a6ca7dcea9e2e2f94929b5a6df15f9,0.9995774626731871,1772,2790,4943880,0.0268349959950484,0.8135122659842439,30.315348887488287,1.0,133.4758757210002,1,111537.44910914486
633,203,633,full_population,official_test,digital_3,iphone15pro,french-NM-1070,test/attack/digital_3/iphone15pro/french-NM-1070.jpg,data/processed/policy_c_official_test/test/attack/digital_3/iphone15pro/french-NM-1070.jpg,3824ef4429b9c6c5bd5b9eb6e2f694555d6ebc9246bb92384b42a147762df3f9,0.9984637498855592,1774,2785,4940590,0.0269277555919434,0.5017166795655587,18.631953110702906,1.0,133.4758757210002,1,111537.44910914486
566,204,566,full_population,official_test,digital_3,iphone15pro,arabic-NF-1040,test/attack/digital_3/iphone15pro/arabic-NF-1040.jpg,data/processed/policy_c_official_test/test/attack/digital_3/iphone15pro/arabic-NF-1040.jpg,e6a9e659adddce117b834a3d090ba92dc6a2f2a20394b5d8f9048b20f52e6e32,0.9967171549797058,1764,2790,4921560,0.0358959354351059,0.8158636481134238,22.728580220130315,1.0,125.72881737100397,1,111537.44910914486
577,205,577,full_population,official_test,digital_3,iphone15pro,chinese-018_03,test/attack/digital_3/iphone15pro/chinese-018_03.jpg,data/processed/policy_c_official_test/test/attack/digital_3/iphone15pro/chinese-018_03.jpg,52781285a3e695a87c30e370ffe531e9f1bd2176c619984af83e8cd0ecd841ed,0.9993869066238404,1775,2780,4934500,0.0265281183503901,0.7765966543771369,29.274471868665973,1.0,125.72881737100397,1,111537.44910914486
593,206,593,full_population,official_test,digital_3,iphone15pro,chinese-102_03,test/attack/digital_3/iphone15pro/chinese-102_03.jpg,data/processed/policy_c_official_test/test/attack/digital_3/iphone15pro/chinese-102_03.jpg,ae10eb9151fbc1398b30454121fe5f94585100fac41627aa7c1971eb1fe858ac,0.9989299178123474,1764,2794,4928616,0.0260630976322764,0.6812248998785061,26.137526302126066,1.0,125.72881737100397,1,111537.44910914486
600,207,600,full_population,official_test,digital_3,iphone15pro,chinese-NF-1050,test/attack/digital_3/iphone15pro/chinese-NF-1050.jpg,data/processed/policy_c_official_test/test/attack/digital_3/iphone15pro/chinese-NF-1050.jpg,67e991f775b4bec2572677a25ef10191a80bed328f120d89b2907f12597d34e8,0.9997193217277528,1776,2781,4939056,0.027539270662248,0.891891397005843,32.386166211310936,1.0,125.72881737100397,1,111537.44910914486
604,208,604,full_population,official_test,digital_3,iphone15pro,chinese-NF-1085,test/attack/digital_3/iphone15pro/chinese-NF-1085.jpg,data/processed/policy_c_official_test/test/attack/digital_3/iphone15pro/chinese-NF-1085.jpg,c48c5e8055f8b93e33b47dde28a158b6e8b45f8fe46f7d3408a72f4541dbb5ef,0.989775538444519,1763,2787,4913481,0.0272765886344121,0.341866977221278,12.533347985824689,1.0,125.72881737100397,1,111537.44910914486
623,209,623,full_population,official_test,digital_3,iphone15pro,french-124_03,test/attack/digital_3/iphone15pro/french-124_03.jpg,data/processed/policy_c_official_test/test/attack/digital_3/iphone15pro/french-124_03.jpg,5945f82ba828f82ac763f4937e050d8ff5cd8bd31f0e5d398cb2bcac0b21745b,0.9967800974845886,1768,2789,4930952,0.0281446665877096,0.5443446087970558,19.340950694891625,1.0,125.72881737100397,1,111537.44910914486
557,210,557,full_population,official_test,digital_3,iphone15pro,arabic-112_03,test/attack/digital_3/iphone15pro/arabic-112_03.jpg,data/processed/policy_c_official_test/test/attack/digital_3/iphone15pro/arabic-112_03.jpg,d30b39a2e01dff32a2b48e278f0d7c7253a0d3ad99d65f0c6fa0fc05a3dbe202,0.99980229139328,1768,2776,4907968,0.0348152229191388,0.9392193562642946,26.977261023021665,1.0,125.35786895399906,1,111537.44910914486
613,211,613,full_population,official_test,digital_3,iphone15pro,french-022_03,test/attack/digital_3/iphone15pro/french-022_03.jpg,data/processed/policy_c_official_test/test/attack/digital_3/iphone15pro/french-022_03.jpg,a4bf09da25447b13888d885076cb947b3101fe782b78f6b544e775526c97aecf,0.9999688863754272,1759,2792,4911128,0.0239334018579845,0.9485466656348206,39.63275556326191,1.0,125.35786895399906,1,111537.44910914486
553,212,553,full_population,official_test,digital_3,iphone15pro,arabic-01_0002_000-c7338db1_1,test/attack/digital_3/iphone15pro/arabic-01_0002_000-c7338db1_1.jpg,data/processed/policy_c_official_test/test/attack/digital_3/iphone15pro/arabic-01_0002_000-c7338db1_1.jpg,2ea02014a61c7aab8102f1547013aa5449cc855fd7677bb59d4ebd5aba25ba83,0.9993127584457396,1765,2777,4901405,0.0358762436485048,0.7098345152168812,19.78564205805485,1.0,124.32926489300007,1,111537.44910914486
559,213,559,full_population,official_test,digital_3,iphone15pro,arabic-131_03,test/attack/digital_3/iphone15pro/arabic-131_03.jpg,data/processed/policy_c_official_test/test/attack/digital_3/iphone15pro/arabic-131_03.jpg,3efd1ad359ca0d34c52b74d52288212f5300536ee1441a98f5d53e30dabb9e86,0.9998797178268432,1762,2783,4903646,0.0391296598490184,0.8168951583185834,20.876623039161803,1.0,124.32926489300007,1,111537.44910914486
578,214,578,full_population,official_test,digital_3,iphone15pro,chinese-01_0003_000-98e8eaef_0,test/attack/digital_3/iphone15pro/chinese-01_0003_000-98e8eaef_0.jpg,data/processed/policy_c_official_test/test/attack/digital_3/iphone15pro/chinese-01_0003_000-98e8eaef_0.jpg,c442da719d9a73b92af6d769cb55edee54a814a6f6a63aed0bbd86dd06dcf0c7,0.9992333650588988,1765,2774,4896110,0.0250652048258719,0.8136382429837291,32.46086551600418,1.0,124.32926489300007,1,111537.44910914486
619,215,619,full_population,official_test,digital_3,iphone15pro,french-097_03,test/attack/digital_3/iphone15pro/french-097_03.jpg,data/processed/policy_c_official_test/test/attack/digital_3/iphone15pro/french-097_03.jpg,0d9e6fabc4262e15cbf74f6fb7b12b2eb9b2c4dd31aa38472fe5c1c628ae6e04,0.9998064637184144,1754,2788,4890152,0.0282535185000384,0.8862881694162736,31.36912556271771,1.0,123.90387099799955,1,111537.44910914486
554,216,554,full_population,official_test,digital_3,iphone15pro,arabic-01_0076_000-fd5000df_1,test/attack/digital_3/iphone15pro/arabic-01_0076_000-fd5000df_1.jpg,data/processed/policy_c_official_test/test/attack/digital_3/iphone15pro/arabic-01_0076_000-fd5000df_1.jpg,df23289ac69e6cb6e4388f21f3e023b4274876d5206d549e0e149fb120bbc358,0.999879002571106,1760,2768,4871680,0.0371097855359957,0.9594917797148544,25.8554924491322,1.0,123.55572570399818,1,111537.44910914486
558,217,558,full_population,official_test,digital_3,iphone15pro,arabic-120_03,test/attack/digital_3/iphone15pro/arabic-120_03.jpg,data/processed/policy_c_official_test/test/attack/digital_3/iphone15pro/arabic-120_03.jpg,67c7f8253636bdb349c6ee0c5d74f9d19ebabd515ff96fe2ca35ce8f50927c39,0.9998629093170166,1737,2768,4808016,0.0369162665016089,0.8744161554027433,23.686473153091804,1.0,123.55572570399818,1,111537.44910914486
582,218,582,full_population,official_test,digital_3,iphone15pro,chinese-01_0022_000-3b9715ed_0,test/attack/digital_3/iphone15pro/chinese-01_0022_000-3b9715ed_0.jpg,data/processed/policy_c_official_test/test/attack/digital_3/iphone15pro/chinese-01_0022_000-3b9715ed_0.jpg,f5cb4018cc175e5910127c167ff816c7dd981e37bc5c1a068cceba241d43aebe,0.9997944235801696,1759,2778,4886502,0.0274349626788242,0.9039395451295068,32.94845178802505,1.0,123.55572570399818,1,111537.44910914486
551,219,551,full_population,official_test,digital_3,iphone15pro,arabic-003_03,test/attack/digital_3/iphone15pro/arabic-003_03.jpg,data/processed/policy_c_official_test/test/attack/digital_3/iphone15pro/arabic-003_03.jpg,465b34ee808b74d130a089657486f2b3e8e1305131aa4c1ed804102cc72a4edd,0.9997606873512268,1605,2619,4203495,0.0427677444602646,0.8295779731661937,19.397281377252718,1.0,66.38288141399971,1,111537.44910914486
565,220,565,full_population,official_test,digital_3,iphone15pro,arabic-NF-1037,test/attack/digital_3/iphone15pro/arabic-NF-1037.jpg,data/processed/policy_c_official_test/test/attack/digital_3/iphone15pro/arabic-NF-1037.jpg,2dbe80bbe197245a58070d21e13b21ca77e7bf9f65fb8c7eff6cdfec6dfb4918,0.9997994303703308,1604,2626,4212104,0.0421409347917335,0.8263433622533471,19.609042047530576,1.0,66.38288141399971,1,111537.44910914486
599,221,599,full_population,official_test,digital_3,iphone15pro,chinese-NF-1042,test/attack/digital_3/iphone15pro/chinese-NF-1042.jpg,data/processed/policy_c_official_test/test/attack/digital_3/iphone15pro/chinese-NF-1042.jpg,d5c9f4b0a3f5261b76a0950832e17e8b93bd8c6239ff539dd193d97e5d4b01bd,0.9947911500930786,1678,2696,4523888,0.0265422132466586,0.751080656377701,28.29758955660014,1.0,66.38288141399971,1,111537.44910914486
605,222,605,full_population,official_test,digital_3,iphone15pro,chinese-NF-1088,test/attack/digital_3/iphone15pro/chinese-NF-1088.jpg,data/processed/policy_c_official_test/test/attack/digital_3/iphone15pro/chinese-NF-1088.jpg,a0e4a0c45b462f9d316530959d173c3ec5f104eaa19ed14affb2796e7d894ba4,0.9992210865020752,1611,2630,4236930,0.0302681422633841,0.713892375785559,23.5856026304319,1.0,66.38288141399971,1,111537.44910914486
606,223,606,full_population,official_test,digital_3,iphone15pro,chinese-NF-1101,test/attack/digital_3/iphone15pro/chinese-NF-1101.jpg,data/processed/policy_c_official_test/test/attack/digital_3/iphone15pro/chinese-NF-1101.jpg,35ca83a94f63e30b39150a0b59647b28d6b47fcd0c7706f665551c92cf3db55e,0.9994608759880066,1610,2634,4240740,0.0293998217292265,0.8168859464468857,27.78540475416609,1.0,66.38288141399971,1,111537.44910914486
642,224,642,full_population,official_test,digital_3,iphone15pro,indian-01_0082_000-1b935c0e_0,test/attack/digital_3/iphone15pro/indian-01_0082_000-1b935c0e_0.jpg,data/processed/policy_c_official_test/test/attack/digital_3/iphone15pro/indian-01_0082_000-1b935c0e_0.jpg,a0271bea28ef4dd3340410873989e1ecbf52b3547e601d6d3743b09cacde74d7,0.9958767890930176,1609,2629,4230061,0.0351470108823489,0.6570428796691876,18.694132535724627,1.0,66.38288141399971,1,111537.44910914486
668,225,668,full_population,official_test,digital_3,iphone15pro,persian-144_03,test/attack/digital_3/iphone15pro/persian-144_03.jpg,data/processed/policy_c_official_test/test/attack/digital_3/iphone15pro/persian-144_03.jpg,ead0bc4673efe579354dd5ca1adfa406c004c9977848ea1f8beb1afcabd12b05,0.998096764087677,1604,2632,4221728,0.0259002948555662,0.8540504804400041,32.974546629783234,1.0,66.38288141399971,1,111537.44910914486
669,226,669,full_population,official_test,digital_3,iphone15pro,persian-NF-1001,test/attack/digital_3/iphone15pro/persian-NF-1001.jpg,data/processed/policy_c_official_test/test/attack/digital_3/iphone15pro/persian-NF-1001.jpg,5ab107b8d3fcc935dad32bc909a441f2e899c4b06865c6d402b35c5c86adbc98,0.9999418258666992,1609,2638,4244542,0.0278998299463169,0.7795678970118461,27.941671992691017,1.0,66.38288141399971,1,111537.44910914486
689,227,689,full_population,official_test,digital_3,iphone15pro,portugal-070_03,test/attack/digital_3/iphone15pro/portugal-070_03.jpg,data/processed/policy_c_official_test/test/attack/digital_3/iphone15pro/portugal-070_03.jpg,d3713878739a5c20f6030b68d5a031dc819b33281b7198d4cea2b5dd18f7da43,0.9996936321258544,1613,2638,4255094,0.0331908061255521,0.9228611357027467,27.80472195257342,1.0,66.38288141399971,1,111537.44910914486
727,228,727,full_population,official_test,digital_3,iphone15pro,russian-NF-1099,test/attack/digital_3/iphone15pro/russian-NF-1099.jpg,data/processed/policy_c_official_test/test/attack/digital_3/iphone15pro/russian-NF-1099.jpg,e098411b19db2b55361ffb84b2d0cd9e63364c1075041fc6c87d0814f893b4e4,0.9991201758384703,1620,2636,4270320,0.0285941100432754,0.9134366528970508,31.94492332562965,1.0,66.38288141399971,1,111537.44910914486
745,229,745,full_population,official_test,digital_3,iphone15pro,turkiye-092_03,test/attack/digital_3/iphone15pro/turkiye-092_03.jpg,data/processed/policy_c_official_test/test/attack/digital_3/iphone15pro/turkiye-092_03.jpg,d39dc6333b3de1b36ca7d7a9affb96201fb2e502c1284a932e73b1a542d191e4,0.9998213648796082,1609,2632,4234888,0.0249640604426846,0.8860143119461363,35.49159456572976,1.0,66.38288141399971,1,111537.44910914486
760,230,760,full_population,official_test,digital_3,iphone15pro,turkiye-NM-1019,test/attack/digital_3/iphone15pro/turkiye-NM-1019.jpg,data/processed/policy_c_official_test/test/attack/digital_3/iphone15pro/turkiye-NM-1019.jpg,2cd8713576ab57472d337c60a0931f246b0855fe31cd30b6c73a714b0fa4e953,0.999908447265625,1614,2639,4259346,0.024684071216567,0.9244183661410356,37.44999591155772,1.0,66.38288141399971,1,111537.44910914486
777,231,777,full_population,official_test,digital_3,iphone15pro,ukraine-NF-1057,test/attack/digital_3/iphone15pro/ukraine-NF-1057.jpg,data/processed/policy_c_official_test/test/attack/digital_3/iphone15pro/ukraine-NF-1057.jpg,507bd3a416f93fa530098cf464c3cb2fbfffea6e726c54d884473c3a7a357544,0.9992788434028624,1608,2642,4248336,0.0227828024901985,0.8917078463142244,39.1395152856129,1.0,66.38288141399971,1,111537.44910914486
806,232,806,full_population,official_test,digital_3,iphone15pro,usa-NF-1065,test/attack/digital_3/iphone15pro/usa-NF-1065.jpg,data/processed/policy_c_official_test/test/attack/digital_3/iphone15pro/usa-NF-1065.jpg,24d5d8717dc586ee0bb6f4b85bd39ec7e5fe6d12f9b84442a167b28e498131ea,0.999922513961792,1611,2647,4264317,0.0245638398833857,0.9060562096988288,36.8857725013774,1.0,66.38288141399971,1,111537.44910914486
811,233,811,full_population,official_test,digital_3,iphone15pro,usa-NM-1038,test/attack/digital_3/iphone15pro/usa-NM-1038.jpg,data/processed/policy_c_official_test/test/attack/digital_3/iphone15pro/usa-NM-1038.jpg,0a1621c79b36de5fb92f3566c93a518008ffef2954d82a084d0791a4721afdfd,0.8674086928367615,1617,2650,4285050,0.0285373566236099,0.1189553103358441,4.168406762574081,1.0,66.38288141399971,1,111537.44910914486
820,234,820,full_population,official_test,digital_3,scan,arabic-120_03,test/attack/digital_3/scan/arabic-120_03.jpg,data/processed/policy_c_official_test/test/attack/digital_3/scan/arabic-120_03.jpg,ec13b64536fdbc4b2ab057db8b14affb72a60430a9fc4ddb3c5423aee8a5ee7d,0.9905596375465392,1249,1992,2488008,0.0412691599062382,0.5234185710142982,12.68304400194922,1.0,33.14769974800038,1,111537.44910914486
903,235,903,full_population,official_test,digital_3,scan,indian-01_0071_000-73870eac_1,test/attack/digital_3/scan/indian-01_0071_000-73870eac_1.jpg,data/processed/policy_c_official_test/test/attack/digital_3/scan/indian-01_0071_000-73870eac_1.jpg,363c424af7db7b5ddab2c388c42d1b31c3376acf625cc3f0543e2975d34f3e7f,0.844279408454895,1246,1997,2488262,0.0309400698157991,0.2265917161276361,7.323568352516454,1.0,33.14769974800038,1,111537.44910914486
906,236,906,full_population,official_test,digital_3,scan,indian-01_0089_000-f38cdec4_1,test/attack/digital_3/scan/indian-01_0089_000-f38cdec4_1.jpg,data/processed/policy_c_official_test/test/attack/digital_3/scan/indian-01_0089_000-f38cdec4_1.jpg,3bf77da567aec8ceed9393ac3a128dc3f5cd5175715e723775300d466f70a7e6,0.933873176574707,1247,1993,2485271,0.0278215132273301,0.3434796999377748,12.34583098091018,0.0,33.14769974800038,1,111537.44910914486
917,237,917,full_population,official_test,digital_3,scan,indian-NF-1075,test/attack/digital_3/scan/indian-NF-1075.jpg,data/processed/policy_c_official_test/test/attack/digital_3/scan/indian-NF-1075.jpg,cf6d0494ff41b81c14c9696b2108307de11a2289ecbe972b4932366df8b6ce70,0.9709755182266236,1249,1992,2488008,0.0331429802476519,0.3755019916292506,11.329759388667336,1.0,33.14769974800038,1,111537.44910914486
921,238,921,full_population,official_test,digital_3,scan,persian-01_0064_000-daacc8f3_0,test/attack/digital_3/scan/persian-01_0064_000-daacc8f3_0.jpg,data/processed/policy_c_official_test/test/attack/digital_3/scan/persian-01_0064_000-daacc8f3_0.jpg,9cf550f5a618a7b65628df9d854065fe0309cdf069dd855f9a9c649e7e0a1b76,0.9885069131851196,1248,1994,2488512,0.0234172067484504,0.5316131189700831,22.70181600567113,1.0,33.14769974800038,1,111537.44910914486
967,239,967,full_population,official_test,digital_3,scan,portugal-NF-1107,test/attack/digital_3/scan/portugal-NF-1107.jpg,data/processed/policy_c_official_test/test/attack/digital_3/scan/portugal-NF-1107.jpg,af54c021dc272baf9f63bff171c5f22b3347fe44c046ecdd374bbc087faff6fb,0.9977797865867616,1244,1998,2485512,0.0299045025733128,0.8478338978617125,28.351379387876182,1.0,33.14769974800038,1,111537.44910914486
1024,240,1024,full_population,official_test,digital_3,scan,turkiye-NM-1055,test/attack/digital_3/scan/turkiye-NM-1055.jpg,data/processed/policy_c_official_test/test/attack/digital_3/scan/turkiye-NM-1055.jpg,4db1788f98de866c3a704850e2998ece2b017ea8c2f7343c9fa2ecae50f7d456,0.9821471571922302,1249,1992,2488008,0.0258447722033048,0.4909550148386023,18.99629878632953,1.0,33.14769974800038,1,111537.44910914486
1174,241,1174,full_population,official_test,facedancer,scan,singapore-flickr_F_33574462985_422fca6322_c,test/attack/facedancer/scan/singapore-flickr_F_33574462985_422fca6322_c.jpg,data/processed/policy_c_official_test/test/attack/facedancer/scan/singapore-flickr_F_33574462985_422fca6322_c.jpg,a51c226d58020adc3f0e4f9e040f71cab11e406eef661b2917fce067c85beb1c,0.5415375828742981,1247,1993,2485271,0.0330133011651445,0.0839306311382187,2.5423277338539125,0.0,33.14769974800038,1,111537.44910914486
1315,242,1315,full_population,official_test,textdiffuserft_bfei,scan,singapore-flickr_F_19679296994_d0fc2a7ac6_o,test/attack/textdiffuserft_bfei/scan/singapore-flickr_F_19679296994_d0fc2a7ac6_o.jpg,data/processed/policy_c_official_test/test/attack/textdiffuserft_bfei/scan/singapore-flickr_F_19679296994_d0fc2a7ac6_o.jpg,cccedbc8407045052ec528ae6ff45c569b333ac99988ed4802454138a36a4b50,0.9941346049308776,1246,1997,2488262,0.0533898761464829,0.6720507904981374,12.58760722078222,1.0,33.14769974800038,1,111537.44910914486
840,243,840,full_population,official_test,digital_3,scan,chinese-01_0003_000-98e8eaef_0,test/attack/digital_3/scan/chinese-01_0003_000-98e8eaef_0.jpg,data/processed/policy_c_official_test/test/attack/digital_3/scan/chinese-01_0003_000-98e8eaef_0.jpg,4b41b1e58e59983d22bb897570cc6f6b61cfe34fc58ae1f6cc49691205b59072,0.9969340562820436,1247,1995,2487765,0.0279379282207121,0.7447204132028837,26.656250503599445,1.0,33.10741826899175,1,111537.44910914486
845,244,845,full_population,official_test,digital_3,scan,chinese-01_0028_000-611e103a_0,test/attack/digital_3/scan/chinese-01_0028_000-611e103a_0.jpg,data/processed/policy_c_official_test/test/attack/digital_3/scan/chinese-01_0028_000-611e103a_0.jpg,d18b080753a86a1d9d98b834fd1fdf40770fe1eeb9effed5d648383543667b9e,0.9793686866760254,1248,1993,2487264,0.0335806733824797,0.3882973922927427,11.563121080690776,1.0,33.10741826899175,1,111537.44910914486
954,245,954,full_population,official_test,digital_3,scan,portugal-125_03,test/attack/digital_3/scan/portugal-125_03.jpg,data/processed/policy_c_official_test/test/attack/digital_3/scan/portugal-125_03.jpg,37cd8fad77632ba72ce9e78a5f9178aa54df49bf0f206e5f0387cab6ffea11b8,0.9750985503196716,1245,1999,2488755,0.0339366470383786,0.5609472678095585,16.52924837197937,1.0,33.10741826899175,1,111537.44910914486
957,246,957,full_population,official_test,digital_3,scan,portugal-NF-1016,test/attack/digital_3/scan/portugal-NF-1016.jpg,data/processed/policy_c_official_test/test/attack/digital_3/scan/portugal-NF-1016.jpg,fff8ca9a9e544b6725f867ef17bf669b3fa14aa71a30e764ee0454dfa878d46c,0.9576163291931152,1250,1990,2487500,0.0316916582914572,0.4282875723431346,13.514205170468554,1.0,33.10741826899175,1,111537.44910914486
977,247,977,full_population,official_test,digital_3,scan,russian-062_03,test/attack/digital_3/scan/russian-062_03.jpg,data/processed/policy_c_official_test/test/attack/digital_3/scan/russian-062_03.jpg,7bfe01e648e4e17f1263fb4b0614f52dc9a9d408b58ac24b4bb355b5900768c3,0.9938971400260924,1247,1995,2487765,0.0232843536266488,0.7385723479828598,31.719684377992248,1.0,33.10741826899175,1,111537.44910914486
983,248,983,full_population,official_test,digital_3,scan,russian-NF-1013,test/attack/digital_3/scan/russian-NF-1013.jpg,data/processed/policy_c_official_test/test/attack/digital_3/scan/russian-NF-1013.jpg,534627ae2e3b8342d01943348696a087dbbafa014b610d9052ae6f01bf640282,0.9896622896194458,1248,1993,2487264,0.0176137313932095,0.4525230785462517,25.69149423504369,1.0,33.10741826899175,1,111537.44910914486
1049,249,1049,full_population,official_test,digital_3,scan,usa-016_03,test/attack/digital_3/scan/usa-016_03.jpg,data/processed/policy_c_official_test/test/attack/digital_3/scan/usa-016_03.jpg,4b295ed9a6cb56af33b65f095afb240cdaed4c8fcef6d08e0c3a88c6952fabc2,0.9920939803123474,1248,1993,2487264,0.0287757954121476,0.3468454424254257,12.053374631618546,1.0,33.10741826899175,1,111537.44910914486
1153,250,1153,full_population,official_test,facedancer,scan,chinese2-flickr_M_22911363774_20c12ce7ec_c,test/attack/facedancer/scan/chinese2-flickr_M_22911363774_20c12ce7ec_c.jpg,data/processed/policy_c_official_test/test/attack/facedancer/scan/chinese2-flickr_M_22911363774_20c12ce7ec_c.jpg,32408ba477dba0096ae4ff827bf9d6586b8bd17bef879cc5c5350fb1d46e4056,0.5650258660316467,1247,1995,2487765,0.0673668935771666,0.0878562192976076,1.3041453246908448,0.0,33.10741826899175,1,111537.44910914486
1168,251,1168,full_population,official_test,facedancer,scan,netherland-flickr_M_33276713046_c88eb6c4c8_c,test/attack/facedancer/scan/netherland-flickr_M_33276713046_c88eb6c4c8_c.jpg,data/processed/policy_c_official_test/test/attack/facedancer/scan/netherland-flickr_M_33276713046_c88eb6c4c8_c.jpg,d4be59ce098a75a7fb8ec588aa434dac84b87f604ce78179db177b38e632cff8,0.5772701501846313,1248,1993,2487264,0.0752935755914933,0.117745521719107,1.563818968539063,1.0,33.10741826899175,1,111537.44910914486
1323,252,1323,full_population,official_test,textdiffuserft_bfei,scan,singapore-flickr_M_23543328125_d9409d5ae0_c,test/attack/textdiffuserft_bfei/scan/singapore-flickr_M_23543328125_d9409d5ae0_c.jpg,data/processed/policy_c_official_test/test/attack/textdiffuserft_bfei/scan/singapore-flickr_M_23543328125_d9409d5ae0_c.jpg,1c8b0ee9ad00bb3668b9f82fdaca40f8bc0ca899c2b8a17d0a2db506f446d235,0.9987950325012208,1245,1999,2488755,0.0413194549081769,0.8590486385875757,20.79041556808081,1.0,33.10741826899175,1,111537.44910914486
825,253,825,full_population,official_test,digital_3,scan,arabic-NF-1012,test/attack/digital_3/scan/arabic-NF-1012.jpg,data/processed/policy_c_official_test/test/attack/digital_3/scan/arabic-NF-1012.jpg,1d332fee441380c29fec279affe98cfb7bf0ab1cf12fd7d3a4f44ea9e35d7b21,0.9550069570541382,1243,1998,2483514,0.0351389200946723,0.4479540797824059,12.748088973010978,1.0,33.01359103999857,1,111537.44910914486
870,254,870,full_population,official_test,digital_3,scan,french-019_03,test/attack/digital_3/scan/french-019_03.jpg,data/processed/policy_c_official_test/test/attack/digital_3/scan/french-019_03.jpg,3af40d777c686bd91deb0ad10a1c73be295d4d727bf3b4eecd9a931ec05da24e,0.995057225227356,1244,1996,2483024,0.0306348227000625,0.7810331908553941,25.49494731868648,1.0,33.01359103999857,1,111537.44910914486
911,255,911,full_population,official_test,digital_3,scan,indian-094_03,test/attack/digital_3/scan/indian-094_03.jpg,data/processed/policy_c_official_test/test/attack/digital_3/scan/indian-094_03.jpg,cbd25e86a600fbd53f90853a0dbf55f895b057ad71d8ede18efe7811bee47080,0.8719086050987244,1247,1992,2484024,0.0289143744182825,0.1710334810817481,5.915171416387395,0.0,33.01359103999857,1,111537.44910914486
946,256,946,full_population,official_test,digital_3,scan,portugal-026_03,test/attack/digital_3/scan/portugal-026_03.jpg,data/processed/policy_c_official_test/test/attack/digital_3/scan/portugal-026_03.jpg,f4445098ba77b0c0f94ed10b68ab8709ab8e3f9161b589117684f4897546fa56,0.9400778412818908,1246,1993,2483278,0.0385393822197917,0.3188963508095502,8.27455793117987,1.0,33.01359103999857,1,111537.44910914486
995,257,995,full_population,official_test,digital_3,scan,turkiye-01_0079_000-01a48f56_0,test/attack/digital_3/scan/turkiye-01_0079_000-01a48f56_0.jpg,data/processed/policy_c_official_test/test/attack/digital_3/scan/turkiye-01_0079_000-01a48f56_0.jpg,44615ab76ed449ae49cd79efb4a9a3a27956fd111298731e8f4b707fc04b7ee8,0.9962899684906006,1246,1992,2482032,0.0251584185860617,0.7876159039414754,31.306256442439118,1.0,33.01359103999857,1,111537.44910914486
1013,258,1013,full_population,official_test,digital_3,scan,turkiye-127_03,test/attack/digital_3/scan/turkiye-127_03.jpg,data/processed/policy_c_official_test/test/attack/digital_3/scan/turkiye-127_03.jpg,95f4abefeb3f7cdb59185fc8f2f4b6d73879949e7b8a54eed31e91b11787a538,0.9879406690597534,1246,1994,2484524,0.0257735485750992,0.671953157322263,26.07142572410304,1.0,33.01359103999857,1,111537.44910914486
1034,259,1034,full_population,official_test,digital_3,scan,ukraine-103_03,test/attack/digital_3/scan/ukraine-103_03.jpg,data/processed/policy_c_official_test/test/attack/digital_3/scan/ukraine-103_03.jpg,5c0be1f0cd7d1959fcd1f897ef4bb092050f3df60c1aaac429417f617ef5c084,0.999010682106018,1242,2000,2484000,0.0235748792270531,0.8398228427750712,35.623632880008145,1.0,33.01359103999857,1,111537.44910914486
1042,260,1042,full_population,official_test,digital_3,scan,ukraine-NF-1077,test/attack/digital_3/scan/ukraine-NF-1077.jpg,data/processed/policy_c_official_test/test/attack/digital_3/scan/ukraine-NF-1077.jpg,66a36d4774fdf21437b24ae928a232c1336b2c7a6b49b352b6aa73c33e7df700,0.8918429613113403,1249,1989,2484261,0.0264650131367034,0.1802539333835827,6.811027542381784,1.0,33.01359103999857,1,111537.44910914486
1150,261,1150,full_population,official_test,facedancer,scan,chinese2-flickr_F_31998955273_5516f4db28_h,test/attack/facedancer/scan/chinese2-flickr_F_31998955273_5516f4db28_h.jpg,data/processed/policy_c_official_test/test/attack/facedancer/scan/chinese2-flickr_F_31998955273_5516f4db28_h.jpg,5260c5fbe34910812e154f53bf2670ff617b2d3633f34bffb6008c9f549ed217,0.5665460824966431,1242,1999,2482758,0.0704563231696363,0.0754406953263046,1.070744142362745,1.0,33.01359103999857,1,111537.44910914486
1171,262,1171,full_population,official_test,facedancer,scan,netherland-flickr_M_6862482951_78a560f107_b,test/attack/facedancer/scan/netherland-flickr_M_6862482951_78a560f107_b.jpg,data/processed/policy_c_official_test/test/attack/facedancer/scan/netherland-flickr_M_6862482951_78a560f107_b.jpg,83a8aac24ad4c5d8359f883124e1b683b71c79251edc3a9b53c8bcf39448f688,0.568225085735321,1243,1999,2484757,0.0740696172704212,0.1269003182467574,1.7132573776297002,1.0,33.01359103999857,1,111537.44910914486
1180,263,1180,full_population,official_test,facedancer,scan,singapore-flickr_M_31244514601_d2cb0773d7_c,test/attack/facedancer/scan/singapore-flickr_M_31244514601_d2cb0773d7_c.jpg,data/processed/policy_c_official_test/test/attack/facedancer/scan/singapore-flickr_M_31244514601_d2cb0773d7_c.jpg,f5276779dca2e75ede85e21ad785acb5908eccc6e246abac749dd0d6becd4264,0.5866879224777222,1245,1994,2482530,0.0334948620963291,0.0979005107135295,2.922851583385349,1.0,33.01359103999857,1,111537.44910914486
1308,264,1308,full_population,official_test,textdiffuserft_bfei,scan,netherland-flickr_M_17339867026_3135c7e76f_k,test/attack/textdiffuserft_bfei/scan/netherland-flickr_M_17339867026_3135c7e76f_k.jpg,data/processed/policy_c_official_test/test/attack/textdiffuserft_bfei/scan/netherland-flickr_M_17339867026_3135c7e76f_k.jpg,7a689a70931e22edc4291970ec18be181e9b8771a198941f44670c890c670cb5,0.9894350171089172,1243,1996,2481028,0.0369758019659592,0.67851192469377,18.35016114913269,1.0,33.01359103999857,1,111537.44910914486
1316,265,1316,full_population,official_test,textdiffuserft_bfei,scan,singapore-flickr_F_30532886723_e55b04664f_k,test/attack/textdiffuserft_bfei/scan/singapore-flickr_F_30532886723_e55b04664f_k.jpg,data/processed/policy_c_official_test/test/attack/textdiffuserft_bfei/scan/singapore-flickr_F_30532886723_e55b04664f_k.jpg,38c7ffdbd8fd9694fe9c2a9222c08204c7ee9dd34d53fb3edd50dbf50abd0872,0.9984619617462158,1246,1994,2484524,0.0539797562832961,0.7930875553713529,14.69231448932591,1.0,33.01359103999857,1,111537.44910914486
819,266,819,full_population,official_test,digital_3,scan,arabic-112_03,test/attack/digital_3/scan/arabic-112_03.jpg,data/processed/policy_c_official_test/test/attack/digital_3/scan/arabic-112_03.jpg,3935a16f07c033aee225538474eb09f6d9f5a00574044bc63d8ac687569bf82f,0.9985558390617372,1244,1999,2486756,0.035954874543381,0.554886166838694,15.432849478287046,1.0,33.00236668200023,1,111537.44910914486
856,267,856,full_population,official_test,digital_3,scan,chinese-107_03,test/attack/digital_3/scan/chinese-107_03.jpg,data/processed/policy_c_official_test/test/attack/digital_3/scan/chinese-107_03.jpg,2f5510d63e2b12a59120ec4961d6584a343a6ef8220e200732bdc7c3f66d9547,0.948229193687439,1249,1991,2486759,0.0293192866699185,0.2328685478742735,7.94250387111892,1.0,33.00236668200023,1,111537.44910914486
886,268,886,full_population,official_test,digital_3,scan,french-128_03,test/attack/digital_3/scan/french-128_03.jpg,data/processed/policy_c_official_test/test/attack/digital_3/scan/french-128_03.jpg,625b6e80296c1fa1c2884a69a9b0a2815aaae5a37bfb7e0dc40bdf1438555900,0.986484706401825,1247,1994,2486518,0.0300174782567429,0.5312990193654078,17.6996553415029,1.0,33.00236668200023,1,111537.44910914486
963,269,963,full_population,official_test,digital_3,scan,portugal-NF-1066,test/attack/digital_3/scan/portugal-NF-1066.jpg,data/processed/policy_c_official_test/test/attack/digital_3/scan/portugal-NF-1066.jpg,f98e07abd8e79bc60c419acae9fff82cb1b03d08ce5060a9f4c53ffc89ec2ce7,0.9947132468223572,1246,1995,2485770,0.0373051408617852,0.6826396124642714,18.29880806491084,1.0,33.00236668200023,1,111537.44910914486
980,270,980,full_population,official_test,digital_3,scan,russian-132_03,test/attack/digital_3/scan/russian-132_03.jpg,data/processed/policy_c_official_test/test/attack/digital_3/scan/russian-132_03.jpg,df8f82b4f286bb527dcc8fbdec245485d5f2e1d97df07c6a0e0e3700559175ef,0.9885080456733704,1247,1994,2486518,0.0184169187594861,0.679134903368302,36.87559858613669,1.0,33.00236668200023,1,111537.44910914486
1037,271,1037,full_population,official_test,digital_3,scan,ukraine-NF-1021,test/attack/digital_3/scan/ukraine-NF-1021.jpg,data/processed/policy_c_official_test/test/attack/digital_3/scan/ukraine-NF-1021.jpg,c85d510265701cd570d046459d103a5c6cea4ab57a8ecf07ec2a2700edf38e81,0.9413009881973268,1250,1989,2486250,0.0238885872297637,0.3510297092866368,14.69445245591064,1.0,33.00236668200023,1,111537.44910914486
1169,272,1169,full_population,official_test,facedancer,scan,netherland-flickr_M_37190718595_78e318623b_k,test/attack/facedancer/scan/netherland-flickr_M_37190718595_78e318623b_k.jpg,data/processed/policy_c_official_test/test/attack/facedancer/scan/netherland-flickr_M_37190718595_78e318623b_k.jpg,80723d70b3f43002441353f39d1be8f60cc4652ba6ba68702c961bb83620c73d,0.5695709586143494,1246,1995,2485770,0.082581654779002,0.1175910318321278,1.423936492273191,0.0,33.00236668200023,1,111537.44910914486
1175,273,1175,full_population,official_test,facedancer,scan,singapore-flickr_F_36921282312_c8e6a2674d_c,test/attack/facedancer/scan/singapore-flickr_F_36921282312_c8e6a2674d_c.jpg,data/processed/policy_c_official_test/test/attack/facedancer/scan/singapore-flickr_F_36921282312_c8e6a2674d_c.jpg,631ebb547e34c84904afa854b6793a83a2492c626fb4630cfde6f43b47f0def8,0.7854858636856079,1245,1997,2486265,0.031770547387346,0.0736104355575625,2.316939480459845,0.0,33.00236668200023,1,111537.44910914486
1326,274,1326,full_population,official_test,textdiffuserft_bfei,scan,singapore-flickr_M_30518529884_4cf8f091df_c,test/attack/textdiffuserft_bfei/scan/singapore-flickr_M_30518529884_4cf8f091df_c.jpg,data/processed/policy_c_official_test/test/attack/textdiffuserft_bfei/scan/singapore-flickr_M_30518529884_4cf8f091df_c.jpg,0ee9bc0f513aecf4454e695b31371a491e79d6415f2cfe6d9c1d52b04197e268,0.9988695979118348,1246,1995,2485770,0.0521975082167698,0.7890153390752088,15.115957945703553,1.0,33.00236668200023,1,111537.44910914486
879,275,879,full_population,official_test,digital_3,scan,french-090_03,test/attack/digital_3/scan/french-090_03.jpg,data/processed/policy_c_official_test/test/attack/digital_3/scan/french-090_03.jpg,e926353a32e8ed3f1e5ebbdddad41de38a9b2bda59d885f8de77612a18cb7a62,0.9438284039497375,1249,1996,2493004,0.0261082613585858,0.1934933462710591,7.411192327727624,1.0,32.96752206999372,1,111537.44910914486
1041,276,1041,full_population,official_test,digital_3,scan,ukraine-NF-1073,test/attack/digital_3/scan/ukraine-NF-1073.jpg,data/processed/policy_c_official_test/test/attack/digital_3/scan/ukraine-NF-1073.jpg,d187fa034116514cdad7a31005113d2d0f68f629b057fb785838f5c1f0219980,0.991744577884674,1249,1996,2493004,0.0221997237068211,0.4373647491005559,19.701360020357804,1.0,32.96752206999372,1,111537.44910914486
1291,277,1291,full_population,official_test,textdiffuserft_bfei,scan,chinese2-flickr_M_24235235151_ae8ac31253_k,test/attack/textdiffuserft_bfei/scan/chinese2-flickr_M_24235235151_ae8ac31253_k.jpg,data/processed/policy_c_official_test/test/attack/textdiffuserft_bfei/scan/chinese2-flickr_M_24235235151_ae8ac31253_k.jpg,e5ecef6e7ffcd7a945847853a614858c8578692f21c29373b1f12f5898ab1011,0.95904803276062,1249,1996,2493004,0.0410107645234424,0.3062625378870869,7.467857316144945,1.0,32.96752206999372,1,111537.44910914486
843,278,843,full_population,official_test,digital_3,scan,chinese-01_0019_000-06d51424_0,test/attack/digital_3/scan/chinese-01_0019_000-06d51424_0.jpg,data/processed/policy_c_official_test/test/attack/digital_3/scan/chinese-01_0019_000-06d51424_0.jpg,02683593585a636058f2fc9799a58fb862cab269237aa6703aaf98ebb4067f71,0.9976083040237428,1252,1991,2492732,0.0318429738937037,0.6663352581505214,20.925660410200383,1.0,32.96236474899342,1,111537.44910914486
860,279,860,full_population,official_test,digital_3,scan,chinese-NF-1023,test/attack/digital_3/scan/chinese-NF-1023.jpg,data/processed/policy_c_official_test/test/attack/digital_3/scan/chinese-NF-1023.jpg,95075774b6d95f4ed0ea03345f706c2cbd1c7be116e4e51a6251fc67b9cb3f0f,0.8975085020065308,1251,1993,2493243,0.0304214230221442,0.14647259787022,4.814784560327775,1.0,32.96236474899342,1,111537.44910914486
878,280,878,full_population,official_test,digital_3,scan,french-068_03,test/attack/digital_3/scan/french-068_03.jpg,data/processed/policy_c_official_test/test/attack/digital_3/scan/french-068_03.jpg,d354923d87cd0207acc5927efa4fffc05290eb72d0062128b2676d30a9a948d8,0.7950113415718079,1250,1994,2492500,0.0288457372116349,0.0958201416886467,3.3218128899128208,1.0,32.96236474899342,1,111537.44910914486
1143,281,1143,full_population,official_test,facedancer,scan,chinese2-flickr_F_16745558933_a3f9fe2bc9_k,test/attack/facedancer/scan/chinese2-flickr_F_16745558933_a3f9fe2bc9_k.jpg,data/processed/policy_c_official_test/test/attack/facedancer/scan/chinese2-flickr_F_16745558933_a3f9fe2bc9_k.jpg,dbeb820baf8a366b85264eb3f9103fa61ab5f1b86d84ff74fc765f76532e6970,0.6965891718864441,1246,2001,2493246,0.0785891163567494,0.0609640567255512,0.7757315459409101,0.0,32.96236474899342,1,111537.44910914486
1311,282,1311,full_population,official_test,textdiffuserft_bfei,scan,netherland-flickr_M_31998818913_b87fd05689_h,test/attack/textdiffuserft_bfei/scan/netherland-flickr_M_31998818913_b87fd05689_h.jpg,data/processed/policy_c_official_test/test/attack/textdiffuserft_bfei/scan/netherland-flickr_M_31998818913_b87fd05689_h.jpg,1a416e26a7ef9415a41d9682e688ca676d6448bb44a1650e5cf24961878ab0b2,0.9878249168395996,1250,1994,2492500,0.0361444332998997,0.5787384947185834,16.011829260584626,1.0,32.96236474899342,1,111537.44910914486
941,283,941,full_population,official_test,digital_3,scan,persian-NM-1074,test/attack/digital_3/scan/persian-NM-1074.jpg,data/processed/policy_c_official_test/test/attack/digital_3/scan/persian-NM-1074.jpg,b311e9946351ec3d3e557347032c7ee12056850da4bb37e68ae1ed91126822bb,0.9778352379798888,1245,1996,2485020,0.0294404069182541,0.4485705231017922,15.236559886801745,1.0,32.93786853399797,1,111537.44910914486
953,284,953,full_population,official_test,digital_3,scan,portugal-119_03,test/attack/digital_3/scan/portugal-119_03.jpg,data/processed/policy_c_official_test/test/attack/digital_3/scan/portugal-119_03.jpg,2b12bda1c0b6f492ebc20e89947bf807edc0522cc23e4e9a7a66fb85b3018fca,0.9831131100654602,1248,1992,2486016,0.0356675097827206,0.7427762531715516,20.825010147789875,1.0,32.93786853399797,1,111537.44910914486
827,285,827,full_population,official_test,digital_3,scan,arabic-NF-1037,test/attack/digital_3/scan/arabic-NF-1037.jpg,data/processed/policy_c_official_test/test/attack/digital_3/scan/arabic-NF-1037.jpg,fc6eb5f3f2a076ea5e0c0358d1ee6fcbdf0e33a3d06d65d755a5cc57899cd6da,0.9985309839248656,1248,1998,2493504,0.0375676156926156,0.6351569327306115,16.90703338555122,1.0,32.89124673299921,1,111537.44910914486
1069,286,1069,full_population,official_test,digital_3,scan,usa-NF-1071,test/attack/digital_3/scan/usa-NF-1071.jpg,data/processed/policy_c_official_test/test/attack/digital_3/scan/usa-NF-1071.jpg,0f5c50eb1b2d12ccd0612806f74f5ede0c4be26565599f1aa91bdb1fe97aea25,0.9970768690109252,1248,1998,2493504,0.0275459754626421,0.7315148253154417,26.556141615225155,1.0,32.89124673299921,1,111537.44910914486
288,287,288,full_population,dev_val,digital_2,scan,usa-NM-1038,train/attack/digital_2/scan/usa-NM-1038.jpg,data/processed/policy_c/train/attack/digital_2/scan/usa-NM-1038.jpg,b1fac0becfa0f0d305989668b92b66d8f3eabea739327f81e4ad1e83fc22492b,0.5868434309959412,1250,1993,2491250,0.1035648770697441,0.1111433316603301,1.0731759145089554,0.0,32.86309215199435,1,111537.44910914486
837,288,837,full_population,official_test,digital_3,scan,arabic-NM-1090,test/attack/digital_3/scan/arabic-NM-1090.jpg,data/processed/policy_c_official_test/test/attack/digital_3/scan/arabic-NM-1090.jpg,02c43a06982a29ec971724aad1d9c78947b91fdcd99b6a3bf246651d7a561ba2,0.9189453125,1249,1993,2489257,0.0370214887414196,0.2581169607549141,6.972084849362985,1.0,32.86309215199435,1,111537.44910914486
839,289,839,full_population,official_test,digital_3,scan,chinese-018_03,test/attack/digital_3/scan/chinese-018_03.jpg,data/processed/policy_c_official_test/test/attack/digital_3/scan/chinese-018_03.jpg,7b0516d818384529f060b227b67a7bade938c8cefdd5943952caf911ce58ee88,0.9969922304153442,1247,1996,2489012,0.0265952916257535,0.5779101983774374,21.729793623237388,1.0,32.86309215199435,1,111537.44910914486
873,290,873,full_population,official_test,digital_3,scan,french-01_0070_000-a4a25cda_0,test/attack/digital_3/scan/french-01_0070_000-a4a25cda_0.jpg,data/processed/policy_c_official_test/test/attack/digital_3/scan/french-01_0070_000-a4a25cda_0.jpg,869c1d91b6afac935509de98d2b83420cc7caeecff562cd07ffec05fa3a5cc71,0.9502991437911988,1248,1997,2492256,0.0257501637070991,0.3050338396127042,11.84589904291012,1.0,32.86309215199435,1,111537.44910914486
971,291,971,full_population,official_test,digital_3,scan,russian-002_03,test/attack/digital_3/scan/russian-002_03.jpg,data/processed/policy_c_official_test/test/attack/digital_3/scan/russian-002_03.jpg,b7f318cef68f88e7d607e73db19772316f1f987c916adeefe1f0ece4b946ad8c,0.8758313655853271,1249,1993,2489257,0.0255755030517138,0.092317083276491,3.609590125747492,1.0,32.86309215199435,1,111537.44910914486
1018,292,1018,full_population,official_test,digital_3,scan,turkiye-NF-1008,test/attack/digital_3/scan/turkiye-NF-1008.jpg,data/processed/policy_c_official_test/test/attack/digital_3/scan/turkiye-NF-1008.jpg,e006bfd04eae21480db726e9e795b7d046ebdfa3b14d74583ccf04cf482c1553,0.987218737602234,1248,1997,2492256,0.0250624333936802,0.6591095191991306,26.298704074175475,1.0,32.86309215199435,1,111537.44910914486
1052,293,1052,full_population,official_test,digital_3,scan,usa-034_03,test/attack/digital_3/scan/usa-034_03.jpg,data/processed/policy_c_official_test/test/attack/digital_3/scan/usa-034_03.jpg,beb386ec746d1f291641183a9cb007f8176fc805404765abf96f4e10dbd9c6bc,0.9674286842346193,1250,1993,2491250,0.0245005519317611,0.2417726202453768,9.86804790842104,1.0,32.86309215199435,1,111537.44910914486
1058,294,1058,full_population,official_test,digital_3,scan,usa-136_03,test/attack/digital_3/scan/usa-136_03.jpg,data/processed/policy_c_official_test/test/attack/digital_3/scan/usa-136_03.jpg,84fc56446072f26e6423efdcd0c5cb7d8a49392842c26ccce61fece730ec97db,0.9985072016716005,1247,1996,2489012,0.0235535224418363,0.8657678453373023,36.75746791059599,1.0,32.86309215199435,1,111537.44910914486
1161,295,1161,full_population,official_test,facedancer,scan,netherland-flickr_M_19475853574_c947539b18_c,test/attack/facedancer/scan/netherland-flickr_M_19475853574_c947539b18_c.jpg,data/processed/policy_c_official_test/test/attack/facedancer/scan/netherland-flickr_M_19475853574_c947539b18_c.jpg,822b221a37dfce05abf0ba060a62f8cdb2d08c72506c4aae692c485c424bae5c,0.5982196927070618,1249,1993,2489257,0.0719250764384714,0.1306643919326948,1.816673661021024,1.0,32.86309215199435,1,111537.44910914486
1287,296,1287,full_population,official_test,textdiffuserft_bfei,scan,chinese2-flickr_F_25164805428_423bc49285_o,test/attack/textdiffuserft_bfei/scan/chinese2-flickr_F_25164805428_423bc49285_o.jpg,data/processed/policy_c_official_test/test/attack/textdiffuserft_bfei/scan/chinese2-flickr_F_25164805428_423bc49285_o.jpg,6ced8becf6606b8333ea32570852371a49d8e8b761bdd6b673e70c5f6b4bec7f,0.9692938327789308,1248,1997,2492256,0.0389289864283604,0.5060155242900634,12.99842535641826,1.0,32.86309215199435,1,111537.44910914486
855,297,855,full_population,official_test,digital_3,scan,chinese-102_03,test/attack/digital_3/scan/chinese-102_03.jpg,data/processed/policy_c_official_test/test/attack/digital_3/scan/chinese-102_03.jpg,161ac4489867ad43393d660c1653a7417079fcfc8e6efdb55cc87c2492bb6a4f,0.9896317720413208,1250,1995,2493750,0.0260411027568922,0.3209150874079884,12.32340620917264,1.0,32.8588731580021,1,111537.44910914486
989,298,989,full_population,official_test,digital_3,scan,russian-NF-1099,test/attack/digital_3/scan/russian-NF-1099.jpg,data/processed/policy_c_official_test/test/attack/digital_3/scan/russian-NF-1099.jpg,05ed0bac56fdb267c1aaf1ef6bb4f7e020240a243fb7b67002a35357298b5df3,0.91864413022995,1250,1995,2493750,0.0285850626566416,0.224065517241039,7.838552601142486,1.0,32.8588731580021,1,111537.44910914486
282,299,282,full_population,dev_val,digital_2,scan,usa-NF-1076,train/attack/digital_2/scan/usa-NF-1076.jpg,data/processed/policy_c/train/attack/digital_2/scan/usa-NF-1076.jpg,ee546f4d0559d9da035d263c9bf9577d0b150ab8d672ec734086d6422e703443,0.5412917137145996,1252,1993,2495236,0.1849035522090896,0.2444252969084436,1.32190698333392,0.0,32.8479497139997,1,111537.44910914486
828,300,828,full_population,official_test,digital_3,scan,arabic-NF-1040,test/attack/digital_3/scan/arabic-NF-1040.jpg,data/processed/policy_c_official_test/test/attack/digital_3/scan/arabic-NF-1040.jpg,38eb2792473655adafedbcfdddc43903e4aca64d7fdc6cd48d918462e348a304,0.996246874332428,1247,2000,2494000,0.0416968724939855,0.4549095098824699,10.90991920192784,1.0,32.8479497139997,1,111537.44910914486
834,301,834,full_population,official_test,digital_3,scan,arabic-NF-1100,test/attack/digital_3/scan/arabic-NF-1100.jpg,data/processed/policy_c_official_test/test/attack/digital_3/scan/arabic-NF-1100.jpg,4b8666836330a6614560380d782d6c26de70baa3092314c6463bc3f1664a000d,0.9911409020423888,1250,1998,2497500,0.0419299299299299,0.4724882518769855,11.26851994903334,1.0,32.8479497139997,1,111537.44910914486
842,302,842,full_population,official_test,digital_3,scan,chinese-01_0012_000-48c56e4b_0,test/attack/digital_3/scan/chinese-01_0012_000-48c56e4b_0.jpg,data/processed/policy_c_official_test/test/attack/digital_3/scan/chinese-01_0012_000-48c56e4b_0.jpg,8b8c3311381b3b9dc3cb249dda455ed13e6e94506d904ff0d2dbf85d027d8960,0.9716482758522034,1251,1994,2494494,0.0311971085117863,0.3352900838863182,10.747473079424804,1.0,32.8479497139997,1,111537.44910914486
850,303,850,full_population,official_test,digital_3,scan,chinese-039_03,test/attack/digital_3/scan/chinese-039_03.jpg,data/processed/policy_c_official_test/test/attack/digital_3/scan/chinese-039_03.jpg,33a705b3b77b9473e78657a99d883854b1d39c0abe036670a9e474a37f7ae0f0,0.9846590757369996,1253,1992,2495976,0.025250242790796,0.4988355737675055,19.75567434739025,1.0,32.8479497139997,1,111537.44910914486
858,304,858,full_population,official_test,digital_3,scan,chinese-142_03,test/attack/digital_3/scan/chinese-142_03.jpg,data/processed/policy_c_official_test/test/attack/digital_3/scan/chinese-142_03.jpg,ee7503b1d2c9849ef14a33beef517a3b819ef95e71203a7055049f8637d8efea,0.9878458380699158,1250,1996,2495000,0.0295090180360721,0.4495240423247463,15.23344632394217,1.0,32.8479497139997,1,111537.44910914486
898,305,898,full_population,official_test,digital_3,scan,indian-014_03,test/attack/digital_3/scan/indian-014_03.jpg,data/processed/policy_c_official_test/test/attack/digital_3/scan/indian-014_03.jpg,31914ea37749aeab1d47e4cc44a1fda16c733d82f087da7d6c66cf9b980d6cce,0.7998800873756409,1249,1997,2494253,0.0335050213430634,0.1345567298097103,4.016016836162014,1.0,32.8479497139997,1,111537.44910914486
939,306,939,full_population,official_test,digital_3,scan,persian-NM-1010,test/attack/digital_3/scan/persian-NM-1010.jpg,data/processed/policy_c_official_test/test/attack/digital_3/scan/persian-NM-1010.jpg,6b50609f04e9b69dd628dfd205d7fcfebd86e8117b286a5208365722db94f066,0.9670663475990297,1253,1991,2494723,0.0286877541113783,0.4096763116575878,14.280529248370115,1.0,32.8479497139997,1,111537.44910914486
942,307,942,full_population,official_test,digital_3,scan,portugal-004_03,test/attack/digital_3/scan/portugal-004_03.jpg,data/processed/policy_c_official_test/test/attack/digital_3/scan/portugal-004_03.jpg,d47ad622bad86838c2afeaab95b6d2b19b6683351cb74e1ca11988da8fddfdaf,0.968830943107605,1251,1995,2495745,0.0334276939350775,0.3269505103437542,9.780827567069087,1.0,32.8479497139997,1,111537.44910914486
951,308,951,full_population,official_test,digital_3,scan,portugal-070_03,test/attack/digital_3/scan/portugal-070_03.jpg,data/processed/policy_c_official_test/test/attack/digital_3/scan/portugal-070_03.jpg,22111430f3894994571b11c97f2e5d72689d50941d16d303c0daa9abe6c09a89,0.9768075346946716,1250,1996,2495000,0.0332813627254509,0.5235732834635873,15.731726125000304,1.0,32.8479497139997,1,111537.44910914486
987,309,987,full_population,official_test,digital_3,scan,russian-NF-1081,test/attack/digital_3/scan/russian-NF-1081.jpg,data/processed/policy_c_official_test/test/attack/digital_3/scan/russian-NF-1081.jpg,41ff6ce7fbc032ac60ca27bdc01817e8f090fe838b823f346a435bfdf59ea227,0.8749275803565979,1251,1994,2494494,0.0263259803390988,0.1140152429596561,4.330902078139251,1.0,32.8479497139997,1,111537.44910914486
1009,310,1009,full_population,official_test,digital_3,scan,turkiye-104_03,test/attack/digital_3/scan/turkiye-104_03.jpg,data/processed/policy_c_official_test/test/attack/digital_3/scan/turkiye-104_03.jpg,48d08a3d598006bf6a1eda3094c2ea56f6763821fed63fe5cc6e2e0b90fee022,0.9772294759750366,1250,1997,2496250,0.0230982473710565,0.6330135181150891,27.40526187750033,1.0,32.8479497139997,1,111537.44910914486
1057,311,1057,full_population,official_test,digital_3,scan,usa-134_03,test/attack/digital_3/scan/usa-134_03.jpg,data/processed/policy_c_official_test/test/attack/digital_3/scan/usa-134_03.jpg,05864825cad9932930a0239ecb9d04d731fd2a5f7601d176e1c477bba4fa1caf,0.9860029220581056,1251,1995,2495745,0.0288306697999996,0.4203464537994227,14.57983656694055,1.0,32.8479497139997,1,111537.44910914486
1059,312,1059,full_population,official_test,digital_3,scan,usa-137_03,test/attack/digital_3/scan/usa-137_03.jpg,data/processed/policy_c_official_test/test/attack/digital_3/scan/usa-137_03.jpg,dad7b908011287250123c54eb2d44b3443841b569629af8bc83df7b4ecc0d2ed,0.951799750328064,1251,1992,2491992,0.0249772069894285,0.359857104737318,14.407419728299706,1.0,32.8479497139997,1,111537.44910914486
1155,313,1155,full_population,official_test,facedancer,scan,chinese2-flickr_M_6850649398_5d950a2635_k,test/attack/facedancer/scan/chinese2-flickr_M_6850649398_5d950a2635_k.jpg,data/processed/policy_c_official_test/test/attack/facedancer/scan/chinese2-flickr_M_6850649398_5d950a2635_k.jpg,158a7185a191baeb0bc0dde1f8cd40a67d7307fc5d226f347a9338f395646ae2,0.7061841487884521,1251,1995,2495745,0.0672039811759614,0.0541491836925689,0.8057436887673232,0.0,32.8479497139997,1,111537.44910914486
1284,314,1284,full_population,official_test,textdiffuserft_bfei,scan,chinese2-flickr_F_17178039488_60828ef8de_k,test/attack/textdiffuserft_bfei/scan/chinese2-flickr_F_17178039488_60828ef8de_k.jpg,data/processed/policy_c_official_test/test/attack/textdiffuserft_bfei/scan/chinese2-flickr_F_17178039488_60828ef8de_k.jpg,d9a850141b4ab3f0d71172b83291bf5795d14bf783e477e6352bcf47d87c8dfc,0.7835533022880554,1250,1996,2495000,0.0494749498997996,0.1893198343581308,3.826579607287236,1.0,32.8479497139997,1,111537.44910914486
1297,315,1297,full_population,official_test,textdiffuserft_bfei,scan,chinese2-flickr_M_32812741685_462068ee90_h,test/attack/textdiffuserft_bfei/scan/chinese2-flickr_M_32812741685_462068ee90_h.jpg,data/processed/policy_c_official_test/test/attack/textdiffuserft_bfei/scan/chinese2-flickr_M_32812741685_462068ee90_h.jpg,46508286ee45f22255df6607ea86bdc87e3c5b38470d6f5f41f3e4e4f4664364,0.8035780191421509,1252,1992,2493984,0.0480516314459114,0.3058011945818329,6.364012737549882,1.0,32.8479497139997,1,111537.44910914486
815,316,815,full_population,official_test,digital_3,scan,arabic-01_0002_000-c7338db1_1,test/attack/digital_3/scan/arabic-01_0002_000-c7338db1_1.jpg,data/processed/policy_c_official_test/test/attack/digital_3/scan/arabic-01_0002_000-c7338db1_1.jpg,e2985de7240e545260c24d1ae60a71f45148e81bd1fcb5c1aee8d1f602c8b1b8,0.9901034832000732,1249,1994,2490506,0.0403271463710587,0.4544007855041008,11.267863620278549,1.0,32.75891810699977,1,111537.44910914486
844,317,844,full_population,official_test,digital_3,scan,chinese-01_0022_000-3b9715ed_0,test/attack/digital_3/scan/chinese-01_0022_000-3b9715ed_0.jpg,data/processed/policy_c_official_test/test/attack/digital_3/scan/chinese-01_0022_000-3b9715ed_0.jpg,ff892b3e7f5566defa9a1054bcf3546a67ff70028a6e976bea99c76b93d8ce42,0.9257402420043944,1252,1990,2491480,0.0308218408335607,0.4127592798671936,13.391778969209232,1.0,32.75891810699977,1,111537.44910914486
876,318,876,full_population,official_test,digital_3,scan,french-033_03,test/attack/digital_3/scan/french-033_03.jpg,data/processed/policy_c_official_test/test/attack/digital_3/scan/french-033_03.jpg,254846c2d9fa24060da646cd3423e4a9459eb83a9fbdcde4d1fc15b21abfe9e6,0.980043888092041,1247,1998,2491506,0.0271321843094096,0.4568552150256497,16.838128836800244,1.0,32.75891810699977,1,111537.44910914486
922,319,922,full_population,official_test,digital_3,scan,persian-01_0065_000-763dd95b_0,test/attack/digital_3/scan/persian-01_0065_000-763dd95b_0.jpg,data/processed/policy_c_official_test/test/attack/digital_3/scan/persian-01_0065_000-763dd95b_0.jpg,17cfdc9f7ac3116d1acfe895d3ec3dbbb4d1415512fd466711c5b5c4de54867e,0.902850329875946,1249,1994,2490506,0.0261802220111093,0.1748664055442496,6.679332416281508,1.0,32.75891810699977,1,111537.44910914486
986,320,986,full_population,official_test,digital_3,scan,russian-NF-1080,test/attack/digital_3/scan/russian-NF-1080.jpg,data/processed/policy_c_official_test/test/attack/digital_3/scan/russian-NF-1080.jpg,1606c98db684abd482570f1aa00f6034e1bb8858d555aabf41ac552a0ca14599,0.9844857454299928,1247,1998,2491506,0.0264723424306423,0.7182215380678432,27.131015698727328,1.0,32.75891810699977,1,111537.44910914486
998,321,998,full_population,official_test,digital_3,scan,turkiye-01_0088_000-3739c168_0,test/attack/digital_3/scan/turkiye-01_0088_000-3739c168_0.jpg,data/processed/policy_c_official_test/test/attack/digital_3/scan/turkiye-01_0088_000-3739c168_0.jpg,91ec365c0388f1a18b61416e6c3ab8603eaf898b570d141d0de4a4dd2d9d5f09,0.9730021953582764,1248,1996,2491008,0.0264952982888854,0.6545998805481655,24.70626574612916,1.0,32.75891810699977,1,111537.44910914486
1021,322,1021,full_population,official_test,digital_3,scan,turkiye-NM-1011,test/attack/digital_3/scan/turkiye-NM-1011.jpg,data/processed/policy_c_official_test/test/attack/digital_3/scan/turkiye-NM-1011.jpg,f6d395256dbca514ce8b50e40f48304ee7565dfd01c2d38576e5459f3585303a,0.9069494605064392,1249,1995,2491755,0.0225583975952692,0.3101699081492484,13.749642758947347,1.0,32.75891810699977,1,111537.44910914486
1033,323,1033,full_population,official_test,digital_3,scan,ukraine-030_03,test/attack/digital_3/scan/ukraine-030_03.jpg,data/processed/policy_c_official_test/test/attack/digital_3/scan/ukraine-030_03.jpg,3c59378383ac599239861b8ddba84ad552556390a5131d335f8546f66e8ef69d,0.9144684076309204,1249,1994,2490506,0.0244480438914822,0.260112369797072,10.639393930722417,1.0,32.75891810699977,1,111537.44910914486
1040,324,1040,full_population,official_test,digital_3,scan,ukraine-NF-1068,test/attack/digital_3/scan/ukraine-NF-1068.jpg,data/processed/policy_c_official_test/test/attack/digital_3/scan/ukraine-NF-1068.jpg,2025c5e0f2f9cb50ac2b15cc8aa91c3799527127b684d3f279adf2a348a6d06b,0.9854201674461364,1248,1996,2491008,0.0209272712090848,0.6301163835858195,30.109820687576157,1.0,32.75891810699977,1,111537.44910914486
1148,325,1148,full_population,official_test,facedancer,scan,chinese2-flickr_F_30990251270_6801e68759_c,test/attack/facedancer/scan/chinese2-flickr_F_30990251270_6801e68759_c.jpg,data/processed/policy_c_official_test/test/attack/facedancer/scan/chinese2-flickr_F_30990251270_6801e68759_c.jpg,117cb7a3e0f0bbd7d020ec667e0e5857b26bf20313c503d9ebdd82ec9496281b,0.6270354986190796,1249,1995,2491755,0.0816452660875567,0.0838609108798191,1.0271374557085324,0.0,32.75891810699977,1,111537.44910914486
1158,326,1158,full_population,official_test,facedancer,scan,netherland-flickr_F_32868411313_4bb20e41db_c,test/attack/facedancer/scan/netherland-flickr_F_32868411313_4bb20e41db_c.jpg,data/processed/policy_c_official_test/test/attack/facedancer/scan/netherland-flickr_F_32868411313_4bb20e41db_c.jpg,47b3cd63f59146b62edf3414240c1020753be442f5e02f8003b2ae075389d087,0.6422772407531738,1246,1999,2490754,0.0775279292936998,0.1577803802421225,2.035142453558917,0.0,32.75891810699977,1,111537.44910914486
1309,327,1309,full_population,official_test,textdiffuserft_bfei,scan,netherland-flickr_M_18042193331_841d026f9a_c,test/attack/textdiffuserft_bfei/scan/netherland-flickr_M_18042193331_841d026f9a_c.jpg,data/processed/policy_c_official_test/test/attack/textdiffuserft_bfei/scan/netherland-flickr_M_18042193331_841d026f9a_c.jpg,fe23439abdb94b73e424259608b0b3ca5ab6fcba0e635d7c405de428b1416271,0.8513330817222595,1249,1995,2491755,0.0364502128018204,0.2183133775880544,5.989358108141179,1.0,32.75891810699977,1,111537.44910914486
1327,328,1327,full_population,official_test,textdiffuserft_bfei,scan,singapore-flickr_M_31226087931_7b83422543_c,test/attack/textdiffuserft_bfei/scan/singapore-flickr_M_31226087931_7b83422543_c.jpg,data/processed/policy_c_official_test/test/attack/textdiffuserft_bfei/scan/singapore-flickr_M_31226087931_7b83422543_c.jpg,5904f2a7245591073e6cb44d92309495316db807a14c1a5c9b6f77cce7f4dd0b,0.9996166229248048,1248,1996,2491008,0.0462515576023842,0.926252399819624,20.02640446798436,1.0,32.75891810699977,1,111537.44910914486
814,329,814,full_population,official_test,digital_3,scan,arabic-005_03,test/attack/digital_3/scan/arabic-005_03.jpg,data/processed/policy_c_official_test/test/attack/digital_3/scan/arabic-005_03.jpg,2620f5ccca54e44e6fec55a27d44d17fa5477c08e535fa4f5ec5ef48366c9434,0.984207272529602,1248,2001,2497248,0.0367949038301362,0.322214124226608,8.757031291999308,1.0,32.68678866500068,1,111537.44910914486
1298,330,1298,full_population,official_test,textdiffuserft_bfei,scan,chinese2-flickr_M_36353666424_ab1a94e172_k,test/attack/textdiffuserft_bfei/scan/chinese2-flickr_M_36353666424_ab1a94e172_k.jpg,data/processed/policy_c_official_test/test/attack/textdiffuserft_bfei/scan/chinese2-flickr_M_36353666424_ab1a94e172_k.jpg,191fa31e2ac5b122ec6e8ce8869fdfe3ab0d90ea56d84485bc02e7d9d5bad61f,0.9201377630233764,1251,1996,2496996,0.0472375606528805,0.2298278025493642,4.865361364407151,1.0,32.68678866500068,1,111537.44910914486
852,331,852,full_population,official_test,digital_3,scan,chinese-081_03,test/attack/digital_3/scan/chinese-081_03.jpg,data/processed/policy_c_official_test/test/attack/digital_3/scan/chinese-081_03.jpg,7923607c8c8cf847bd2e40bff35863bccfc84ef7d087cbccd4bb677018bfd757,0.985929787158966,1253,1997,2502241,0.0282091133507923,0.2939003921828718,10.418632749214591,1.0,32.653528191003716,1,111537.44910914486
897,332,897,full_population,official_test,digital_3,scan,indian-012_03,test/attack/digital_3/scan/indian-012_03.jpg,data/processed/policy_c_official_test/test/attack/digital_3/scan/indian-012_03.jpg,c9cebd78063eb40a320073e6c58652c33e601f688e545b21ac5ae3e743a29d4d,0.9098742008209229,1255,1993,2501215,0.0351860995556159,0.1376679564786314,3.912566559445733,0.0,32.653528191003716,1,111537.44910914486
902,333,902,full_population,official_test,digital_3,scan,indian-01_0068_000-1b9539d8_0,test/attack/digital_3/scan/indian-01_0068_000-1b9539d8_0.jpg,data/processed/policy_c_official_test/test/attack/digital_3/scan/indian-01_0068_000-1b9539d8_0.jpg,b396b87b61658dd15b16605242086308bc53d3fe23ea02f25b20a2dc2f58c740,0.7664844989776611,1252,1995,2497740,0.0286482980614475,0.211404627454473,7.379308432250763,1.0,32.653528191003716,1,111537.44910914486
960,334,960,full_population,official_test,digital_3,scan,portugal-NF-1026,test/attack/digital_3/scan/portugal-NF-1026.jpg,data/processed/policy_c_official_test/test/attack/digital_3/scan/portugal-NF-1026.jpg,9e280bb412bc1ca2f465a02c244a6d199d3649c51dc9c4f87f011d9e616ebf7c,0.9862890243530272,1257,1995,2507715,0.0289103825594216,0.3551563199801048,12.28473263022812,1.0,32.653528191003716,1,111537.44910914486
966,335,966,full_population,official_test,digital_3,scan,portugal-NF-1105,test/attack/digital_3/scan/portugal-NF-1105.jpg,data/processed/policy_c_official_test/test/attack/digital_3/scan/portugal-NF-1105.jpg,31f004c4aa0c31df0fa88a6ee704916647fa5a3ff062cc7745221ddea6a24189,0.9781479835510254,1253,1995,2499735,0.0361246292106963,0.4216193700458084,11.671244224728786,1.0,32.653528191003716,1,111537.44910914486
978,336,978,full_population,official_test,digital_3,scan,russian-082_03,test/attack/digital_3/scan/russian-082_03.jpg,data/processed/policy_c_official_test/test/attack/digital_3/scan/russian-082_03.jpg,903d3e92a0a4a22b3589525e250aee95798fe00f68aaf6eb70c0c2558e09976c,0.987343430519104,1248,2002,2498496,0.0277206767591382,0.6467110587321028,23.329555203550736,1.0,32.653528191003716,1,111537.44910914486
997,337,997,full_population,official_test,digital_3,scan,turkiye-01_0085_000-65296866_0,test/attack/digital_3/scan/turkiye-01_0085_000-65296866_0.jpg,data/processed/policy_c_official_test/test/attack/digital_3/scan/turkiye-01_0085_000-65296866_0.jpg,bbaa129fcb895c8b91817682af42c9b8651fd06efa8dbb829f9b031e3566dffe,0.9778825640678406,1251,1997,2498247,0.0229052611691317,0.4477518086767766,19.547989667988944,1.0,32.653528191003716,1,111537.44910914486
1048,338,1048,full_population,official_test,digital_3,scan,usa-011_03,test/attack/digital_3/scan/usa-011_03.jpg,data/processed/policy_c_official_test/test/attack/digital_3/scan/usa-011_03.jpg,8f9ede256761d5d96f63c72dc88325e29526031fd2dac6c4a5b7457a829af170,0.9974430799484252,1251,1999,2500749,0.028323914155319,0.4953854722291835,17.490007543189545,1.0,32.653528191003716,1,111537.44910914486
864,339,864,full_population,official_test,digital_3,scan,chinese-NF-1067,test/attack/digital_3/scan/chinese-NF-1067.jpg,data/processed/policy_c_official_test/test/attack/digital_3/scan/chinese-NF-1067.jpg,769902103711a1cd926a546b298d4ff53fa9a887a9a87776e9146a25aba999a3,0.99724543094635,1247,1997,2490259,0.0330825026633775,0.627922439257561,18.980499923080878,1.0,32.63269373500043,1,111537.44910914486
890,340,890,full_population,official_test,digital_3,scan,french-NF-1056,test/attack/digital_3/scan/french-NF-1056.jpg,data/processed/policy_c_official_test/test/attack/digital_3/scan/french-NF-1056.jpg,b322da7454643cc4d4fa3ed4f1db54e2ff4835f9c5a7f3c50e83aa3ff50ed896,0.9685583114624025,1247,1997,2490259,0.0290901468481792,0.3199766230535036,10.999484626992556,1.0,32.63269373500043,1,111537.44910914486
907,341,907,full_population,official_test,digital_3,scan,indian-01_0097_000-b71b0c19_0,test/attack/digital_3/scan/indian-01_0097_000-b71b0c19_0.jpg,data/processed/policy_c_official_test/test/attack/digital_3/scan/indian-01_0097_000-b71b0c19_0.jpg,f4b5c0b0a75be8bcddb62b51177f0133399a8fd39b89e9257acea8abc6b4b863,0.7820258140563965,1251,1990,2489490,0.0323524095296627,0.2416291746100484,7.468660854719578,1.0,32.63269373500043,1,111537.44910914486
929,342,929,full_population,official_test,digital_3,scan,persian-122_03,test/attack/digital_3/scan/persian-122_03.jpg,data/processed/policy_c_official_test/test/attack/digital_3/scan/persian-122_03.jpg,4b8648dc84cbe0f0f01d1447c6d4ef006e9f62a50dadfb2958b3db72d8223793,0.9949782490730286,1250,1992,2490000,0.028782329317269,0.4400463368737222,15.28876735524318,1.0,32.63269373500043,1,111537.44910914486
962,343,962,full_population,official_test,digital_3,scan,portugal-NF-1060,test/attack/digital_3/scan/portugal-NF-1060.jpg,data/processed/policy_c_official_test/test/attack/digital_3/scan/portugal-NF-1060.jpg,54e0bdda5647e2b59b58f0bcdd31cfe7e9a3f3810af7e3c4a3bbfc03c1caa1e4,0.9949530959129332,1248,1995,2489760,0.032460960092539,0.6545181339332999,20.163240152706912,1.0,32.63269373500043,1,111537.44910914486
973,344,973,full_population,official_test,digital_3,scan,russian-01_0030_000-0bc18d73_0,test/attack/digital_3/scan/russian-01_0030_000-0bc18d73_0.jpg,data/processed/policy_c_official_test/test/attack/digital_3/scan/russian-01_0030_000-0bc18d73_0.jpg,97c0b2798fb073c6df010780c44953e2eeb4684c73e24f3643ecbc0ab867a21b,0.996220052242279,1247,1997,2490259,0.020286243318466,0.7454782787651077,36.74797088165245,1.0,32.63269373500043,1,111537.44910914486
1004,345,1004,full_population,official_test,digital_3,scan,turkiye-041_03,test/attack/digital_3/scan/turkiye-041_03.jpg,data/processed/policy_c_official_test/test/attack/digital_3/scan/turkiye-041_03.jpg,26738ba791bab571987ce5b347175d4b442f9ea3f21287c2100bb69f9a44038f,0.9827912449836732,1246,1998,2489508,0.0237556979130012,0.7235743291827271,30.45898006586122,1.0,32.63269373500043,1,111537.44910914486
1050,346,1050,full_population,official_test,digital_3,scan,usa-01_0038_000-0ee87df5_0,test/attack/digital_3/scan/usa-01_0038_000-0ee87df5_0.jpg,data/processed/policy_c_official_test/test/attack/digital_3/scan/usa-01_0038_000-0ee87df5_0.jpg,e282f834805c9aabef2aef2995b16682f5592fda09bddf99074a02946443dedd,0.989425778388977,1250,1992,2490000,0.0274851405622489,0.5401747037157048,19.65333604506421,1.0,32.63269373500043,1,111537.44910914486
1176,347,1176,full_population,official_test,facedancer,scan,singapore-flickr_M_21893334161_8c8b011508_k,test/attack/facedancer/scan/singapore-flickr_M_21893334161_8c8b011508_k.jpg,data/processed/policy_c_official_test/test/attack/facedancer/scan/singapore-flickr_M_21893334161_8c8b011508_k.jpg,aaa180e3dd4b7237234d2f8646d915137ebddd871e63c0f6af66074c61a3c611,0.6478056311607361,1248,1995,2489760,0.0313845511213932,0.0714788927704734,2.27751840368843,1.0,32.63269373500043,1,111537.44910914486
1299,348,1299,full_population,official_test,textdiffuserft_bfei,scan,chinese2-flickr_M_37190875605_735b3fca0d_c,test/attack/textdiffuserft_bfei/scan/chinese2-flickr_M_37190875605_735b3fca0d_c.jpg,data/processed/policy_c_official_test/test/attack/textdiffuserft_bfei/scan/chinese2-flickr_M_37190875605_735b3fca0d_c.jpg,323eab0ea9cc2b82b31defd64279e5693ce6acb1e0a0d6b46f96472adf2eb56d,0.8260448575019836,1247,1997,2490259,0.0475083113844784,0.3351268185567072,7.05406714721073,1.0,32.63269373500043,1,111537.44910914486
1314,349,1314,full_population,official_test,textdiffuserft_bfei,scan,netherland-flickr_M_6501027149_988313b64f_h,test/attack/textdiffuserft_bfei/scan/netherland-flickr_M_6501027149_988313b64f_h.jpg,data/processed/policy_c_official_test/test/attack/textdiffuserft_bfei/scan/netherland-flickr_M_6501027149_988313b64f_h.jpg,abee007e91f4a06412505e4f4271dc142576eff20b780e7a29e09eb3a751e9de,0.9950844645500184,1248,1995,2489760,0.0424309973652078,0.7279948480826564,17.157146739133445,1.0,32.63269373500043,1,111537.44910914486
1324,350,1324,full_population,official_test,textdiffuserft_bfei,scan,singapore-flickr_M_24170605047_501e882ccc_o,test/attack/textdiffuserft_bfei/scan/singapore-flickr_M_24170605047_501e882ccc_o.jpg,data/processed/policy_c_official_test/test/attack/textdiffuserft_bfei/scan/singapore-flickr_M_24170605047_501e882ccc_o.jpg,a2bf941b6c3c64253b3c51d72fc5d7ac1330399caffe35b99eb6fa6f25dbe828,0.9905960559844972,1248,1995,2489760,0.045668257181415,0.6413128061529528,14.04285702441779,1.0,32.63269373500043,1,111537.44910914486
