global_order,shard_order,pilot_order,pilot_role,eval_split,variant,hardware_source,file_stem,image_path,cache_path,cache_sha256,clean_score_stage4,native_height,native_width,native_pixels,A_union_stage4,E_union_stage4,mu_union_stage4,PG_union_stage4,estimated_seconds,shard_id,estimated_shard_seconds
435,1,435,full_population,official_test,digital_3,huawei,portugal-NF-1024,test/attack/digital_3/huawei/portugal-NF-1024.jpg,data/processed/policy_c_official_test/test/attack/digital_3/huawei/portugal-NF-1024.jpg,a70515e37b64f1d95c7cacde88451e2b0c9b7cf7c7aeb890f8cfe0687415d796,0.999964475631714,1976,3212,6346912,0.0324247445056745,0.9722175416920692,29.983815031200137,1.0,849.7371374840004,2,111509.28565729888
485,2,485,full_population,official_test,digital_3,huawei,turkiye-104_03,test/attack/digital_3/huawei/turkiye-104_03.jpg,data/processed/policy_c_official_test/test/attack/digital_3/huawei/turkiye-104_03.jpg,266318c7992ab674c462966281d551485779669e00c053167f83a9df14e82366,0.9976502060890198,1981,3202,6343162,0.0263083301356642,0.7171832810194821,27.260691853917837,1.0,849.7371374840004,2,111509.28565729888
502,3,502,full_population,official_test,digital_3,huawei,ukraine-007_03,test/attack/digital_3/huawei/ukraine-007_03.jpg,data/processed/policy_c_official_test/test/attack/digital_3/huawei/ukraine-007_03.jpg,48b83388fad2fd0101f424583d436eb809dee0e5bc32a61a66937dfc3f678311,0.999836802482605,1967,3226,6345542,0.0255352497863854,0.9139815337576348,35.79293491951424,1.0,849.7371374840004,2,111509.28565729888
1226,4,1226,full_population,official_test,textdiffuserft_bfei,huawei,singapore-flickr_M_37019084692_714cba8ac1_k,test/attack/textdiffuserft_bfei/huawei/singapore-flickr_M_37019084692_714cba8ac1_k.jpg,data/processed/policy_c_official_test/test/attack/textdiffuserft_bfei/huawei/singapore-flickr_M_37019084692_714cba8ac1_k.jpg,c70bc9127b0ad0098e64f6d9f745eae1ffe3d1b385b1485555798dc984ea62fa,0.9995834231376648,1991,3189,6349299,0.0367713034147549,0.9014836173080782,24.515954932028524,1.0,849.7371374840004,2,111509.28565729888
413,5,413,full_population,official_test,digital_3,huawei,persian-NF-1097,test/attack/digital_3/huawei/persian-NF-1097.jpg,data/processed/policy_c_official_test/test/attack/digital_3/huawei/persian-NF-1097.jpg,98f4559847f7749533d5c811fe49d63fc83612ebcc552a85940fb638c0e86157,0.9930253028869628,1977,3214,6354078,0.0229252772786232,0.6385979804141251,27.855627334531185,1.0,843.8033844829988,2,111509.28565729888
384,6,384,full_population,official_test,digital_3,huawei,indian-021_03,test/attack/digital_3/huawei/indian-021_03.jpg,data/processed/policy_c_official_test/test/attack/digital_3/huawei/indian-021_03.jpg,8c200d24d94f652d024c6fd5aba5104eaee29b9b9e9d4614492bb7d02bd2112d,0.9969568252563475,1978,3215,6359270,0.0342544034142283,0.8245313211123113,24.070812477493718,1.0,839.6994524699985,2,111509.28565729888
484,7,484,full_population,official_test,digital_3,huawei,turkiye-101_03,test/attack/digital_3/huawei/turkiye-101_03.jpg,data/processed/policy_c_official_test/test/attack/digital_3/huawei/turkiye-101_03.jpg,ab4f569646655f066356b1dd9bc35b116b4f9dd17296a83e4c7527d973624961,0.9995235204696656,1982,3211,6364202,0.0259097684202984,0.9029851572438842,34.85114735863333,1.0,839.6994524699985,2,111509.28565729888
488,8,488,full_population,official_test,digital_3,huawei,turkiye-126_03,test/attack/digital_3/huawei/turkiye-126_03.jpg,data/processed/policy_c_official_test/test/attack/digital_3/huawei/turkiye-126_03.jpg,5f9674dda0ad8eb413a82b223cfe67b445ba309c985464b6b2a510bcf7b1798c,0.9683181643486024,1975,3217,6353575,0.0253356574841722,0.414854206143404,16.374321700653397,1.0,839.6994524699985,2,111509.28565729888
506,9,506,full_population,official_test,digital_3,huawei,ukraine-01_0083_000-21b44038_0,test/attack/digital_3/huawei/ukraine-01_0083_000-21b44038_0.jpg,data/processed/policy_c_official_test/test/attack/digital_3/huawei/ukraine-01_0083_000-21b44038_0.jpg,d7bcb04a7569b7a5e50f5ceb4b69bf292e8a6c366316ec23d670cc118c8191c2,0.9988119602203368,1980,3203,6341940,0.0250683544782826,0.7231067978736999,28.845403414896857,1.0,839.6994524699985,2,111509.28565729888
348,10,348,full_population,official_test,digital_3,huawei,french-01_0029_000-d00491e2_1,test/attack/digital_3/huawei/french-01_0029_000-d00491e2_1.jpg,data/processed/policy_c_official_test/test/attack/digital_3/huawei/french-01_0029_000-d00491e2_1.jpg,8c8700d6ed9d6039f9c4f56ac52b357633ef967dda26245ad462253908902c63,0.9979669451713562,1988,3208,6377504,0.029224756268283,0.8422774574407221,28.82068372815917,1.0,836.6538067969996,2,111509.28565729888
398,11,398,full_population,official_test,digital_3,huawei,persian-01_0065_000-763dd95b_0,test/attack/digital_3/huawei/persian-01_0065_000-763dd95b_0.jpg,data/processed/policy_c_official_test/test/attack/digital_3/huawei/persian-01_0065_000-763dd95b_0.jpg,8fbf6ff315c2d6b872e4cfa5f44447d254b2e85fcc3112d628ceecce40ea65fc,0.9987157583236694,1985,3210,6371850,0.0299046587725699,0.6094014406784534,20.37814393111973,1.0,836.6538067969996,2,111509.28565729888
401,12,401,full_population,official_test,digital_3,huawei,persian-01_0200_000-78393150_0,test/attack/digital_3/huawei/persian-01_0200_000-78393150_0.jpg,data/processed/policy_c_official_test/test/attack/digital_3/huawei/persian-01_0200_000-78393150_0.jpg,1057ebdb5c4322b99eea0d8e751bf27ff2d936f0c2303d52c5e10b0cfdc2b283,0.9994691014289856,1981,3220,6378820,0.0260577975236799,0.9200237524883076,35.30704203424098,1.0,836.6538067969996,2,111509.28565729888
412,13,412,full_population,official_test,digital_3,huawei,persian-NF-1079,test/attack/digital_3/huawei/persian-NF-1079.jpg,data/processed/policy_c_official_test/test/attack/digital_3/huawei/persian-NF-1079.jpg,95d0b04af76ecfe3bb53f0feadd8ec836a46b8f190cdcad9983f70706aef0766,0.9997914433479308,1980,3223,6381540,0.0266253913632132,0.9256122586736806,34.764268665456854,1.0,836.6538067969996,2,111509.28565729888
489,14,489,full_population,official_test,digital_3,huawei,turkiye-127_03,test/attack/digital_3/huawei/turkiye-127_03.jpg,data/processed/policy_c_official_test/test/attack/digital_3/huawei/turkiye-127_03.jpg,3d0255611b782f109e9426876915a0db58eb4ca4c04de6f3ac66ba066cf2e839,0.998110055923462,1986,3209,6373074,0.0265313096945053,0.5905079014905625,22.257020414369407,1.0,836.6538067969996,2,111509.28565729888
291,15,291,full_population,official_test,digital_3,huawei,arabic-01_0002_000-c7338db1_1,test/attack/digital_3/huawei/arabic-01_0002_000-c7338db1_1.jpg,data/processed/policy_c_official_test/test/attack/digital_3/huawei/arabic-01_0002_000-c7338db1_1.jpg,be2a98d12c86cd2ef0afae58a980a65a5b99ed973d7d2d938a31e6356c8ede7e,0.999578058719635,2013,3216,6473808,0.0429927795201834,0.9225386883697428,21.45799128750552,1.0,836.0222426410037,2,111509.28565729888
442,16,442,full_population,official_test,digital_3,huawei,portugal-NF-1105,test/attack/digital_3/huawei/portugal-NF-1105.jpg,data/processed/policy_c_official_test/test/attack/digital_3/huawei/portugal-NF-1105.jpg,21e39a9b3c87ae8f35a388a3b7c623995109cf18239e1216c6b15e011f796e21,0.9992938041687012,1993,3222,6421446,0.0370206336703602,0.733295587463992,19.80775353532345,1.0,836.0222426410037,2,111509.28565729888
446,17,446,full_population,official_test,digital_3,huawei,portugal-NM-1102,test/attack/digital_3/huawei/portugal-NM-1102.jpg,data/processed/policy_c_official_test/test/attack/digital_3/huawei/portugal-NM-1102.jpg,17dd4904d9efd01358cde1bc1938f8c3a29b2e146a6b60428576451ba526c11a,0.99901282787323,2004,3221,6454884,0.037914391645148,0.8673101945359883,22.87548756296551,1.0,836.0222426410037,2,111509.28565729888
460,18,460,full_population,official_test,digital_3,huawei,russian-NF-1028,test/attack/digital_3/huawei/russian-NF-1028.jpg,data/processed/policy_c_official_test/test/attack/digital_3/huawei/russian-NF-1028.jpg,82a99abee35e9332bd47a5f8f1b04855790de9e295e1a7149ce5f2dc9c79e56a,0.9997959733009338,1993,3226,6429418,0.0287459922499983,0.7535969954580741,26.215723879147603,1.0,836.0222426410037,2,111509.28565729888
508,19,508,full_population,official_test,digital_3,huawei,ukraine-025_03,test/attack/digital_3/huawei/ukraine-025_03.jpg,data/processed/policy_c_official_test/test/attack/digital_3/huawei/ukraine-025_03.jpg,4ce6e5db52b084e48096908cd568da66989f137379c612022702beab6d7469f6,0.9854211211204528,2002,3233,6472466,0.023371926557822,0.3104692658557841,13.283854246575908,1.0,836.0222426410037,2,111509.28565729888
526,20,526,full_population,official_test,digital_3,huawei,usa-01_0038_000-0ee87df5_0,test/attack/digital_3/huawei/usa-01_0038_000-0ee87df5_0.jpg,data/processed/policy_c_official_test/test/attack/digital_3/huawei/usa-01_0038_000-0ee87df5_0.jpg,48caec6d918244d4452367a2f6ab6de7e0a522f49a8ace4f1bc7c3809e26004a,0.9960507750511168,2013,3235,6512055,0.0306471613031523,0.5830715471054174,19.025303561979243,1.0,836.0222426410037,2,111509.28565729888
534,21,534,full_population,official_test,digital_3,huawei,usa-136_03,test/attack/digital_3/huawei/usa-136_03.jpg,data/processed/policy_c_official_test/test/attack/digital_3/huawei/usa-136_03.jpg,657f42d0cac05404266d549f0076280b6171ddb8e111c3031fccba889ad5c980,0.9998704195022584,2006,3232,6483392,0.026165624413887,0.8656001141130336,33.081576820831685,1.0,836.0222426410037,2,111509.28565729888
550,22,550,full_population,official_test,digital_3,huawei,usa-NM-1052,test/attack/digital_3/huawei/usa-NM-1052.jpg,data/processed/policy_c_official_test/test/attack/digital_3/huawei/usa-NM-1052.jpg,42acfedceb757b132efbdafddcd2b0af4b7e71fb0199cec3bce0aae26962fc12,0.9976180195808412,1989,3239,6442371,0.0332253451407874,0.6835577495117522,20.57338295856004,1.0,836.0222426410037,2,111509.28565729888
1075,23,1075,full_population,official_test,facedancer,huawei,chinese2-flickr_F_16858102101_d4c5c1e7a2_c,test/attack/facedancer/huawei/chinese2-flickr_F_16858102101_d4c5c1e7a2_c.jpg,data/processed/policy_c_official_test/test/attack/facedancer/huawei/chinese2-flickr_F_16858102101_d4c5c1e7a2_c.jpg,a9e793d621b5765d1dbf11c24b111f42c534284506ff95c835f68b987606f517,0.7599859833717346,2073,3253,6743469,0.0727748581627645,0.0772895298454482,1.062036145403216,0.0,836.0222426410037,2,111509.28565729888
1077,24,1077,full_population,official_test,facedancer,huawei,chinese2-flickr_F_31196390972_be24a6067c_k,test/attack/facedancer/huawei/chinese2-flickr_F_31196390972_be24a6067c_k.jpg,data/processed/policy_c_official_test/test/attack/facedancer/huawei/chinese2-flickr_F_31196390972_be24a6067c_k.jpg,e67e3d5a5e6ecd384ffba8a1da0b6a5d1e0f70dae0cef226aeaa4eef33d3a324,0.5729792714118958,2041,3238,6608758,0.085186354228737,0.0996999892796575,1.170375116793346,0.0,836.0222426410037,2,111509.28565729888
1080,25,1080,full_population,official_test,facedancer,huawei,chinese2-flickr_F_39035705701_833f3da9bf_o,test/attack/facedancer/huawei/chinese2-flickr_F_39035705701_833f3da9bf_o.jpg,data/processed/policy_c_official_test/test/attack/facedancer/huawei/chinese2-flickr_F_39035705701_833f3da9bf_o.jpg,5cb0d64418ed686543ece53bb807caa0705b624f092d1d4472ab6bd16e2bed20,0.6145247220993042,2052,3218,6603336,0.0826515567282961,0.0957102425690829,1.1579968527842155,0.0,836.0222426410037,2,111509.28565729888
1083,26,1083,full_population,official_test,facedancer,huawei,chinese2-flickr_M_22911363774_20c12ce7ec_c,test/attack/facedancer/huawei/chinese2-flickr_M_22911363774_20c12ce7ec_c.jpg,data/processed/policy_c_official_test/test/attack/facedancer/huawei/chinese2-flickr_M_22911363774_20c12ce7ec_c.jpg,06fbb40be2e4fea211a20785f6a0a7741a52368c776f561720fdd990bc729af6,0.6024644374847412,2046,3222,6592212,0.0672557253923265,0.1018199391915322,1.5139222511924495,0.0,836.0222426410037,2,111509.28565729888
1085,27,1085,full_population,official_test,facedancer,huawei,chinese2-flickr_M_24291592906_b097dd45e5_k,test/attack/facedancer/huawei/chinese2-flickr_M_24291592906_b097dd45e5_k.jpg,data/processed/policy_c_official_test/test/attack/facedancer/huawei/chinese2-flickr_M_24291592906_b097dd45e5_k.jpg,a6b7b6cd5170aada6acda159c865afcfdd6694dc88be3ed7fbc2c413487a7ead,0.669890820980072,2051,3221,6606271,0.0791873357904936,0.0891470687276624,1.1257743152708073,0.0,836.0222426410037,2,111509.28565729888
1090,28,1090,full_population,official_test,facedancer,huawei,chinese2-flickr_M_32812741685_462068ee90_h,test/attack/facedancer/huawei/chinese2-flickr_M_32812741685_462068ee90_h.jpg,data/processed/policy_c_official_test/test/attack/facedancer/huawei/chinese2-flickr_M_32812741685_462068ee90_h.jpg,b24fcb3857bbcfa30f35742714d87f0f8d4c3bedf5b68ed3cef7d6610886faa5,0.5947843194007874,2045,3218,6580810,0.0665013881269934,0.0862653962622346,1.2971969261378289,0.0,836.0222426410037,2,111509.28565729888
1095,29,1095,full_population,official_test,facedancer,huawei,chinese2-flickr_M_6850649398_5d950a2635_k,test/attack/facedancer/huawei/chinese2-flickr_M_6850649398_5d950a2635_k.jpg,data/processed/policy_c_official_test/test/attack/facedancer/huawei/chinese2-flickr_M_6850649398_5d950a2635_k.jpg,9032c2bd3c657ac441761f37f99199c00657a777872938782d44f6197dbcab1e,0.6075617671012878,2053,3216,6602448,0.0785298119727713,0.1091784301953613,1.3902800408234377,0.0,836.0222426410037,2,111509.28565729888
1096,30,1096,full_population,official_test,facedancer,huawei,netherland-flickr_F_10239917343_ca73cd29b5_h,test/attack/facedancer/huawei/netherland-flickr_F_10239917343_ca73cd29b5_h.jpg,data/processed/policy_c_official_test/test/attack/facedancer/huawei/netherland-flickr_F_10239917343_ca73cd29b5_h.jpg,7cc98cff199647c6ad24d2c92d758c9bad53c74a62e35a6ea71392b08622f8aa,0.5964261293411255,2049,3255,6669495,0.0696658442655703,0.0876212284079547,1.2577358292528182,1.0,836.0222426410037,2,111509.28565729888
1097,31,1097,full_population,official_test,facedancer,huawei,netherland-flickr_F_20301931855_4cd18f8166_k,test/attack/facedancer/huawei/netherland-flickr_F_20301931855_4cd18f8166_k.jpg,data/processed/policy_c_official_test/test/attack/facedancer/huawei/netherland-flickr_F_20301931855_4cd18f8166_k.jpg,949b40399229019d5af076165f3ba21f76f012c817e0e26753b975b39442bac5,0.5664751529693604,2055,3229,6635595,0.0729565321572519,0.0843429117318544,1.156070734695285,0.0,836.0222426410037,2,111509.28565729888
1099,32,1099,full_population,official_test,facedancer,huawei,netherland-flickr_F_28630210242_e3780d0ee9_b,test/attack/facedancer/huawei/netherland-flickr_F_28630210242_e3780d0ee9_b.jpg,data/processed/policy_c_official_test/test/attack/facedancer/huawei/netherland-flickr_F_28630210242_e3780d0ee9_b.jpg,391b9831411f945e103414ac69f8de7efe9f65aad430ac8803edf4960fa00ba9,0.5574592351913452,2047,3206,6562682,0.0752445417894696,0.0980821838713225,1.3035122752923598,0.0,836.0222426410037,2,111509.28565729888
1101,33,1101,full_population,official_test,facedancer,huawei,netherland-flickr_F_36412358965_0ec43e5de3_c,test/attack/facedancer/huawei/netherland-flickr_F_36412358965_0ec43e5de3_c.jpg,data/processed/policy_c_official_test/test/attack/facedancer/huawei/netherland-flickr_F_36412358965_0ec43e5de3_c.jpg,e322da694980663aa783e64fdffe0c0967732998275d4e3451395d71dcc5c524,0.6441112756729126,2045,3225,6595125,0.0749750762874092,0.0811887937371664,1.0828771073994985,0.0,836.0222426410037,2,111509.28565729888
1184,34,1184,full_population,official_test,textdiffuserft_bfei,huawei,chinese2-flickr_F_17773666675_1bdbd28a62_c,test/attack/textdiffuserft_bfei/huawei/chinese2-flickr_F_17773666675_1bdbd28a62_c.jpg,data/processed/policy_c_official_test/test/attack/textdiffuserft_bfei/huawei/chinese2-flickr_F_17773666675_1bdbd28a62_c.jpg,43ea7dd897b53d8a08bb1de8e077789f2e299b74caef8aaef4b6788e90d0c6a9,0.8986040353775024,2035,3218,6548630,0.0442727715567989,0.2690461676308479,6.077012081470442,1.0,836.0222426410037,2,111509.28565729888
1185,35,1185,full_population,official_test,textdiffuserft_bfei,huawei,chinese2-flickr_F_21668538829_2fb67bd5fd_c,test/attack/textdiffuserft_bfei/huawei/chinese2-flickr_F_21668538829_2fb67bd5fd_c.jpg,data/processed/policy_c_official_test/test/attack/textdiffuserft_bfei/huawei/chinese2-flickr_F_21668538829_2fb67bd5fd_c.jpg,9fb89d00fdc2f5f01f943927506163e4bfffc935d0936a7305a2267f61c26cec,0.9811223745346068,2052,3210,6586920,0.0425265526224699,0.652306967832155,15.338816048011662,1.0,836.0222426410037,2,111509.28565729888
1192,36,1192,full_population,official_test,textdiffuserft_bfei,huawei,chinese2-flickr_M_16743317854_732a16acc8_k,test/attack/textdiffuserft_bfei/huawei/chinese2-flickr_M_16743317854_732a16acc8_k.jpg,data/processed/policy_c_official_test/test/attack/textdiffuserft_bfei/huawei/chinese2-flickr_M_16743317854_732a16acc8_k.jpg,1e2e833f2b5f45bba29fc7430b6dc16a2d5317ebe6042c8df7bb5c36965cfc90,0.9954484105110168,2059,3220,6629980,0.0452067728711097,0.7320456595777133,16.193273996019776,1.0,836.0222426410037,2,111509.28565729888
1195,37,1195,full_population,official_test,textdiffuserft_bfei,huawei,chinese2-flickr_M_31969854474_39f84b92eb_h,test/attack/textdiffuserft_bfei/huawei/chinese2-flickr_M_31969854474_39f84b92eb_h.jpg,data/processed/policy_c_official_test/test/attack/textdiffuserft_bfei/huawei/chinese2-flickr_M_31969854474_39f84b92eb_h.jpg,7b1fd010a32239f43592c45830d36d8bac3d1df68c6200438fb9da5ce7cfcb22,0.9962647557258606,2046,3236,6620856,0.0424352983964611,0.8187873283907853,19.294958662505078,1.0,836.0222426410037,2,111509.28565729888
1196,38,1196,full_population,official_test,textdiffuserft_bfei,huawei,chinese2-flickr_M_33552319041_2631ab0a0c_c,test/attack/textdiffuserft_bfei/huawei/chinese2-flickr_M_33552319041_2631ab0a0c_c.jpg,data/processed/policy_c_official_test/test/attack/textdiffuserft_bfei/huawei/chinese2-flickr_M_33552319041_2631ab0a0c_c.jpg,df223fa163294cfa9c41b43d7fbf5fa4bd17e2eb3a6754ec88fddb5ee7db4bb3,0.976691961288452,2088,3248,6781824,0.0442006457259875,0.7554677329592082,17.091780460461333,1.0,836.0222426410037,2,111509.28565729888
1197,39,1197,full_population,official_test,textdiffuserft_bfei,huawei,chinese2-flickr_M_36353666424_ab1a94e172_k,test/attack/textdiffuserft_bfei/huawei/chinese2-flickr_M_36353666424_ab1a94e172_k.jpg,data/processed/policy_c_official_test/test/attack/textdiffuserft_bfei/huawei/chinese2-flickr_M_36353666424_ab1a94e172_k.jpg,1e79f54af88593c40b5e279aef9bec7b386ab4cab8e7196a48994b46b657d33c,0.9945313334465028,2054,3212,6597448,0.0434140594969448,0.8280850634087005,19.07412190898605,1.0,836.0222426410037,2,111509.28565729888
1199,40,1199,full_population,official_test,textdiffuserft_bfei,huawei,netherland-flickr_F_28051545714_ab479f15eb_k,test/attack/textdiffuserft_bfei/huawei/netherland-flickr_F_28051545714_ab479f15eb_k.jpg,data/processed/policy_c_official_test/test/attack/textdiffuserft_bfei/huawei/netherland-flickr_F_28051545714_ab479f15eb_k.jpg,9d5d87f38d1dcc41752553a6e37b3659ec7627cd3a82e34011e186e8615aa4b1,0.9998297691345216,2061,3206,6607566,0.0337522167769493,0.941628585478392,27.898273814165176,1.0,836.0222426410037,2,111509.28565729888
1213,41,1213,full_population,official_test,textdiffuserft_bfei,huawei,netherland-flickr_M_4188233342_8473de8906_c,test/attack/textdiffuserft_bfei/huawei/netherland-flickr_M_4188233342_8473de8906_c.jpg,data/processed/policy_c_official_test/test/attack/textdiffuserft_bfei/huawei/netherland-flickr_M_4188233342_8473de8906_c.jpg,7555f20e865cbc18ccf1d4ca8be12c983276cea366e5d0ce61b2bd1bf783a015,0.9995235204696656,2049,3224,6605976,0.0395405614552641,0.7025293615301222,17.767308699573174,1.0,836.0222426410037,2,111509.28565729888
292,42,292,full_population,official_test,digital_3,huawei,arabic-01_0076_000-fd5000df_1,test/attack/digital_3/huawei/arabic-01_0076_000-fd5000df_1.jpg,data/processed/policy_c_official_test/test/attack/digital_3/huawei/arabic-01_0076_000-fd5000df_1.jpg,8e3dd634cb5ad6909d5ff5b3ec675f87eb2aa81c2984fa6d15b6bd3f1a55eecc,0.9928186535835266,1976,3208,6339008,0.0435004972386846,0.6518640735720399,14.985209709105169,1.0,825.0868478999982,2,111509.28565729888
336,43,336,full_population,official_test,digital_3,huawei,chinese-NF-1023,test/attack/digital_3/huawei/chinese-NF-1023.jpg,data/processed/policy_c_official_test/test/attack/digital_3/huawei/chinese-NF-1023.jpg,6759b2798c78117860fa7dcfabe8b1e418c6387e2d486e9e7a7bec68670c8a80,0.9998685121536256,1980,3199,6334020,0.0313521270851686,0.9527771643650842,30.38955416890365,1.0,825.0868478999982,2,111509.28565729888
386,44,386,full_population,official_test,digital_3,huawei,indian-038_03,test/attack/digital_3/huawei/indian-038_03.jpg,data/processed/policy_c_official_test/test/attack/digital_3/huawei/indian-038_03.jpg,98052791b4b322d9ea0decee4709e2803543fe8b7e79855c25a0d9ccdc361ef3,0.841386616230011,1980,3201,6337980,0.0336514157507597,0.1735369675638576,5.156899455558268,1.0,825.0868478999982,2,111509.28565729888
389,45,389,full_population,official_test,digital_3,huawei,indian-NF-1006,test/attack/digital_3/huawei/indian-NF-1006.jpg,data/processed/policy_c_official_test/test/attack/digital_3/huawei/indian-NF-1006.jpg,bee2e259de69062fbedc8664d58727c6eb9215edca8c164e29312e47ad4af8b0,0.9773678183555604,1977,3207,6340239,0.034085623586114,0.6572087170418877,19.28111173854612,1.0,825.0868478999982,2,111509.28565729888
393,46,393,full_population,official_test,digital_3,huawei,indian-NF-1075,test/attack/digital_3/huawei/indian-NF-1075.jpg,data/processed/policy_c_official_test/test/attack/digital_3/huawei/indian-NF-1075.jpg,28a715b2c928dc5539861f3b69cbcc7e3ffd78e27ac713121708a6860f46ac2a,0.9658253192901612,1979,3203,6338737,0.0339966778870932,0.3803761950323039,11.18862837997216,1.0,825.0868478999982,2,111509.28565729888
414,47,414,full_population,official_test,digital_3,huawei,persian-NF-1108,test/attack/digital_3/huawei/persian-NF-1108.jpg,data/processed/policy_c_official_test/test/attack/digital_3/huawei/persian-NF-1108.jpg,b5de291ec8071ee4910968fee0c9fe0809d5d60b81bf46b64553fe9039e02652,0.9910086989402772,1976,3205,6333080,0.0270162385442786,0.5255549227389598,19.453297389182985,1.0,825.0868478999982,2,111509.28565729888
463,48,463,full_population,official_test,digital_3,huawei,russian-NF-1081,test/attack/digital_3/huawei/russian-NF-1081.jpg,data/processed/policy_c_official_test/test/attack/digital_3/huawei/russian-NF-1081.jpg,190864317304e78bf31cf651e84a33e43044d0644a4d99c0f909d8a9dba86f53,0.9997572302818298,1975,3205,6329875,0.0317873575702521,0.8575936839926512,26.979080664295928,1.0,825.0868478999982,2,111509.28565729888
523,49,523,full_population,official_test,digital_3,huawei,usa-009_03,test/attack/digital_3/huawei/usa-009_03.jpg,data/processed/policy_c_official_test/test/attack/digital_3/huawei/usa-009_03.jpg,9c8a723692ed5e8d64c1e0852455004a0c7ad3ed0807c4571b6a9397223cc66e,0.9774172306060792,1979,3204,6340716,0.0251517336527925,0.3243032692546994,12.89387338986444,1.0,825.0868478999982,2,111509.28565729888
311,50,311,full_population,official_test,digital_3,huawei,arabic-NM-1029,test/attack/digital_3/huawei/arabic-NM-1029.jpg,data/processed/policy_c_official_test/test/attack/digital_3/huawei/arabic-NM-1029.jpg,07a2ae0874be9fe218808818a29f0007aad72b3fbd67b80bca58339ee8da57c9,0.9944608211517334,1977,3197,6320469,0.044357467776521,0.8055690343493493,18.160843590258946,1.0,821.8694401759931,2,111509.28565729888
328,51,328,full_population,official_test,digital_3,huawei,chinese-081_03,test/attack/digital_3/huawei/chinese-081_03.jpg,data/processed/policy_c_official_test/test/attack/digital_3/huawei/chinese-081_03.jpg,25dde8982871a48602e653bfff8552695786303f1e9506c55472081fb2b4da02,0.9989994168281556,1967,3214,6321938,0.0292082902426439,0.8292835073474121,28.39205925640463,1.0,821.8694401759931,2,111509.28565729888
445,52,445,full_population,official_test,digital_3,huawei,portugal-NM-1091,test/attack/digital_3/huawei/portugal-NM-1091.jpg,data/processed/policy_c_official_test/test/attack/digital_3/huawei/portugal-NM-1091.jpg,091eaaf7f84f9986d5c6b6320d7d560c92a573b52ba7891457f272db13d2b040,0.9998617172241212,1973,3209,6331357,0.0354881267949351,0.8046345967217032,22.673346535623324,1.0,821.8694401759931,2,111509.28565729888
453,53,453,full_population,official_test,digital_3,huawei,russian-062_03,test/attack/digital_3/huawei/russian-062_03.jpg,data/processed/policy_c_official_test/test/attack/digital_3/huawei/russian-062_03.jpg,4d1afc14a0028dac347edfbe915cfe4f7e8f4243266b89ab9eb63d7574bb8f78,0.9997410178184508,1973,3205,6323465,0.0272508822299166,0.8521418480814159,31.270248092955843,1.0,821.8694401759931,2,111509.28565729888
478,54,478,full_population,official_test,digital_3,huawei,turkiye-032_03,test/attack/digital_3/huawei/turkiye-032_03.jpg,data/processed/policy_c_official_test/test/attack/digital_3/huawei/turkiye-032_03.jpg,e1d2509d1a6d81f17f0d08d6ca181b6f92bccb0f9df952f74aa351dc4ef530d4,0.99315744638443,1979,3193,6318947,0.0263486938567454,0.6761717227719457,25.662438011091066,1.0,821.8694401759931,2,111509.28565729888
533,55,533,full_population,official_test,digital_3,huawei,usa-134_03,test/attack/digital_3/huawei/usa-134_03.jpg,data/processed/policy_c_official_test/test/attack/digital_3/huawei/usa-134_03.jpg,979abb682706db6caea0e4f36cb9965e9f1b881ef659cf746e7d2b576c75cbac,0.9997972846031188,1976,3199,6321224,0.0297744550738907,0.9069617529625088,30.461069756330296,1.0,821.8694401759931,2,111509.28565729888
359,56,359,full_population,official_test,digital_3,huawei,french-114_03,test/attack/digital_3/huawei/french-114_03.jpg,data/processed/policy_c_official_test/test/attack/digital_3/huawei/french-114_03.jpg,9ac545c0ca9be980a9dd574cedc38bbdc7b86d295cc27ceb579aff94ea95a734,0.9993995428085328,1977,3200,6326400,0.0307027693474962,0.8676680911616521,28.26025500635857,1.0,820.1605106569987,2,111509.28565729888
376,57,376,full_population,official_test,digital_3,huawei,indian-01_0005_000-59069fdd_1,test/attack/digital_3/huawei/indian-01_0005_000-59069fdd_1.jpg,data/processed/policy_c_official_test/test/attack/digital_3/huawei/indian-01_0005_000-59069fdd_1.jpg,1f025fa55235a01685044ce406cf4fdd54ad329fa360d85b2abffa136718da4e,0.9974530339241028,1972,3204,6318288,0.0364817178324254,0.854448938358654,23.42129124191644,1.0,820.1605106569987,2,111509.28565729888
475,58,475,full_population,official_test,digital_3,huawei,turkiye-01_0090_000-6238b878_0,test/attack/digital_3/huawei/turkiye-01_0090_000-6238b878_0.jpg,data/processed/policy_c_official_test/test/attack/digital_3/huawei/turkiye-01_0090_000-6238b878_0.jpg,15df87b08a9b294e260169c231fb17ede6b002492ab30854a1b2cb5dc1fa76c3,0.9974289536476136,1977,3200,6326400,0.0236845599393019,0.8652870517946285,36.53380320395052,1.0,820.1605106569987,2,111509.28565729888
367,59,367,full_population,official_test,digital_3,huawei,french-NF-1063,test/attack/digital_3/huawei/french-NF-1063.jpg,data/processed/policy_c_official_test/test/attack/digital_3/huawei/french-NF-1063.jpg,9da68cfc31516ac0f945d50fbc2c90a8369993f716f39ffcb4b0634893a20f95,0.8438308835029602,1969,3207,6314583,0.0341780288579625,0.1291736503006427,3.779435345363653,1.0,816.7136298039986,2,111509.28565729888
381,60,381,full_population,official_test,digital_3,huawei,indian-01_0087_000-7edaffe9_0,test/attack/digital_3/huawei/indian-01_0087_000-7edaffe9_0.jpg,data/processed/policy_c_official_test/test/attack/digital_3/huawei/indian-01_0087_000-7edaffe9_0.jpg,7497396eac4cc16e3083838e7d808a26f757f22067358d831fb8544fd43a4cb0,0.982804536819458,1973,3200,6313600,0.0370899328433857,0.6895161800671215,18.59038631799744,1.0,816.7136298039986,2,111509.28565729888
383,61,383,full_population,official_test,digital_3,huawei,indian-01_0097_000-b71b0c19_0,test/attack/digital_3/huawei/indian-01_0097_000-b71b0c19_0.jpg,data/processed/policy_c_official_test/test/attack/digital_3/huawei/indian-01_0097_000-b71b0c19_0.jpg,654b8461909d32af95af1d50939004c08fbecb353589a984629df58d8fb72e74,0.8636117577552795,1969,3206,6312614,0.0385333239130414,0.3093776663568852,8.02883413471055,1.0,816.7136298039986,2,111509.28565729888
395,62,395,full_population,official_test,digital_3,huawei,indian-NM-1058,test/attack/digital_3/huawei/indian-NM-1058.jpg,data/processed/policy_c_official_test/test/attack/digital_3/huawei/indian-NM-1058.jpg,99b3d7a89382e3668a680791aa53adef99b4220f20dd26efa21aab8c8548bec3,0.9994375109672546,1980,3188,6312240,0.0310593386816724,0.9204120820110904,29.63398839377766,1.0,816.7136298039986,2,111509.28565729888
1110,63,1110,full_population,official_test,facedancer,huawei,singapore-flickr_F_30532886723_e55b04664f_k,test/attack/facedancer/huawei/singapore-flickr_F_30532886723_e55b04664f_k.jpg,data/processed/policy_c_official_test/test/attack/facedancer/huawei/singapore-flickr_F_30532886723_e55b04664f_k.jpg,b39d9a5768a6dc892e73658538d17c2b6872c1bfceab8b73a48c5a63cd3cd197,0.5574710965156555,1975,3198,6316050,0.0301785134696527,0.0422971410185335,1.40156476100346,0.0,816.7136298039986,2,111509.28565729888
331,64,331,full_population,official_test,digital_3,huawei,chinese-102_03,test/attack/digital_3/huawei/chinese-102_03.jpg,data/processed/policy_c_official_test/test/attack/digital_3/huawei/chinese-102_03.jpg,4f206bf68f5ac6f8c7fb556aeb578a0368c39222c3a5f8b061b4427e02447b68,0.9996846914291382,1974,3196,6308904,0.0297821935474053,0.8926029580459769,29.97102804483454,1.0,776.2231236149964,2,111509.28565729888
373,65,373,full_population,official_test,digital_3,huawei,indian-012_03,test/attack/digital_3/huawei/indian-012_03.jpg,data/processed/policy_c_official_test/test/attack/digital_3/huawei/indian-012_03.jpg,84e527572cbe2f512b664046579e9d74b7593dec11b6f96c9c9f2b3aba6ae0ff,0.9912036657333374,1973,3198,6309654,0.036714691487045,0.7186663329397136,19.574353040479654,1.0,776.2231236149964,2,111509.28565729888
377,66,377,full_population,official_test,digital_3,huawei,indian-01_0062_000-c236043f_0,test/attack/digital_3/huawei/indian-01_0062_000-c236043f_0.jpg,data/processed/policy_c_official_test/test/attack/digital_3/huawei/indian-01_0062_000-c236043f_0.jpg,a7e34eabc44261c64a8c61358458f8fb4093524d5925849bb31278f33b01707c,0.9939523339271544,1974,3197,6310878,0.0349068703277103,0.768331077696493,22.010884117748127,1.0,776.2231236149964,2,111509.28565729888
1223,67,1223,full_population,official_test,textdiffuserft_bfei,huawei,singapore-flickr_M_31226135201_5aa42a5a13_c,test/attack/textdiffuserft_bfei/huawei/singapore-flickr_M_31226135201_5aa42a5a13_c.jpg,data/processed/policy_c_official_test/test/attack/textdiffuserft_bfei/huawei/singapore-flickr_M_31226135201_5aa42a5a13_c.jpg,58acbb1bdc50417139d17b6627a7db4b1f043dfef9da19c793238890d96c975f,0.999921441078186,1993,3165,6307845,0.040574395851515,0.8906182985188603,21.950254090736003,1.0,776.2231236149964,2,111509.28565729888
321,68,321,full_population,official_test,digital_3,huawei,chinese-01_0028_000-611e103a_0,test/attack/digital_3/huawei/chinese-01_0028_000-611e103a_0.jpg,data/processed/policy_c_official_test/test/attack/digital_3/huawei/chinese-01_0028_000-611e103a_0.jpg,998add40d8802bb62e494134d2aa9fa9c4a58f8e61e34b20c77fa3089aabff7f,0.9976574182510376,1970,3192,6288240,0.0346653435619505,0.7888279320329865,22.755520383730488,1.0,744.8116985540009,2,111509.28565729888
361,69,361,full_population,official_test,digital_3,huawei,french-124_03,test/attack/digital_3/huawei/french-124_03.jpg,data/processed/policy_c_official_test/test/attack/digital_3/huawei/french-124_03.jpg,5a8891e0781fcd182fde097226df795d9dd1c38669937f99531b95e7c8187f5a,0.9983248114585876,1968,3196,6289728,0.0345859153209804,0.8438376609580376,24.39830356162785,1.0,744.8116985540009,2,111509.28565729888
362,70,362,full_population,official_test,digital_3,huawei,french-128_03,test/attack/digital_3/huawei/french-128_03.jpg,data/processed/policy_c_official_test/test/attack/digital_3/huawei/french-128_03.jpg,8145a848a671913e325f5f0c75d0d7424a6369cdb04e45a6fe2dd46a2f3ad85d,0.9978654980659484,1972,3192,6294624,0.0304135719623602,0.8662489138578889,28.48231424214018,1.0,744.8116985540009,2,111509.28565729888
411,71,411,full_population,official_test,digital_3,huawei,persian-NF-1043,test/attack/digital_3/huawei/persian-NF-1043.jpg,data/processed/policy_c_official_test/test/attack/digital_3/huawei/persian-NF-1043.jpg,cea6a08c0276a3d0ca4e831dad5a7146b6bda257b46358b1d0cf3e1ce7af1de9,0.9923110008239746,1972,3193,6296596,0.0264098252452595,0.5430615231385371,20.562859394005844,1.0,744.8116985540009,2,111509.28565729888
424,72,424,full_population,official_test,digital_3,huawei,portugal-042_03,test/attack/digital_3/huawei/portugal-042_03.jpg,data/processed/policy_c_official_test/test/attack/digital_3/huawei/portugal-042_03.jpg,2e542a119dbc098c3d12ad5c01991df76a86ca345d48df88a903de2aab7b28f0,0.9998369216918944,1963,3206,6293378,0.0345320112664454,0.85712885390703,24.821283860169963,1.0,744.8116985540009,2,111509.28565729888
433,73,433,full_population,official_test,digital_3,huawei,portugal-NF-1016,test/attack/digital_3/huawei/portugal-NF-1016.jpg,data/processed/policy_c_official_test/test/attack/digital_3/huawei/portugal-NF-1016.jpg,f91d5da28ac24c7bff2f140bca1d911f83bb2853a0d7960c03e0ad642d7247b7,0.9999158382415771,1967,3198,6290466,0.0380928853283683,0.9535893509578154,25.033266520445554,1.0,744.8116985540009,2,111509.28565729888
443,74,443,full_population,official_test,digital_3,huawei,portugal-NF-1107,test/attack/digital_3/huawei/portugal-NF-1107.jpg,data/processed/policy_c_official_test/test/attack/digital_3/huawei/portugal-NF-1107.jpg,589163478b282bf9a041b25888669c21c888ffcfb44451dfb1d83324cb518f22,0.8918989300727844,1969,3201,6302769,0.0298535453226986,0.1771850223141087,5.935141719311611,1.0,744.8116985540009,2,111509.28565729888
507,75,507,full_population,official_test,digital_3,huawei,ukraine-01_0091_000-2d8a528b_1,test/attack/digital_3/huawei/ukraine-01_0091_000-2d8a528b_1.jpg,data/processed/policy_c_official_test/test/attack/digital_3/huawei/ukraine-01_0091_000-2d8a528b_1.jpg,f68181ffbc65a3e356ca64d367ec606cbfca53d732cffe46b73be4a8a0f7ad0b,0.9998440742492676,1970,3195,6294150,0.0240795023950811,0.7850771546330337,32.603545611200246,1.0,744.8116985540009,2,111509.28565729888
520,76,520,full_population,official_test,digital_3,huawei,ukraine-NF-1087,test/attack/digital_3/huawei/ukraine-NF-1087.jpg,data/processed/policy_c_official_test/test/attack/digital_3/huawei/ukraine-NF-1087.jpg,7180548627b71046f1b895e5ade76c7d51d42f9641929490e1a6328a85305bc4,0.9998759031295776,1967,3199,6292433,0.0252946674203761,0.9421852150224947,37.248373317749774,1.0,744.8116985540009,2,111509.28565729888
529,77,529,full_population,official_test,digital_3,huawei,usa-043_03,test/attack/digital_3/huawei/usa-043_03.jpg,data/processed/policy_c_official_test/test/attack/digital_3/huawei/usa-043_03.jpg,2a42036767683f55de0f6b685b57b298414979fc5b11775f3efccf7ddda9ef1f,0.9980785846710204,1976,3191,6305416,0.0287010405023237,0.7681712864109121,26.76457971440857,1.0,744.8116985540009,2,111509.28565729888
546,78,546,full_population,official_test,digital_3,huawei,usa-NF-1076,test/attack/digital_3/huawei/usa-NF-1076.jpg,data/processed/policy_c_official_test/test/attack/digital_3/huawei/usa-NF-1076.jpg,6af3e4899739b99cd0d818fc88dd051b35f1898e1ea0c4a63c81268e5ab3359e,0.9951761960983276,1967,3202,6298334,0.0327000759248398,0.5183124456533099,15.850496703574525,1.0,744.8116985540009,2,111509.28565729888
1227,79,1227,full_population,official_test,textdiffuserft_bfei,huawei,singapore-flickr_M_46826659491_bab820563f_c,test/attack/textdiffuserft_bfei/huawei/singapore-flickr_M_46826659491_bab820563f_c.jpg,data/processed/policy_c_official_test/test/attack/textdiffuserft_bfei/huawei/singapore-flickr_M_46826659491_bab820563f_c.jpg,649e28f44c31c01acf4f349058926179b9f13f5ce50b54cc6d08878aaef6d49d,0.999829888343811,1978,3181,6292018,0.0405574173500457,0.935519952213516,23.06655633762788,1.0,744.8116985540009,2,111509.28565729888
351,80,351,full_population,official_test,digital_3,huawei,french-022_03,test/attack/digital_3/huawei/french-022_03.jpg,data/processed/policy_c_official_test/test/attack/digital_3/huawei/french-022_03.jpg,e574eb8691799cfaa6484fc5deb41d1ddc40d1cb8a9d19f89143907948a2065a,0.9829791188240052,1969,3199,6298831,0.0277137138621436,0.456196705701966,16.46104553042678,1.0,740.8321811219976,2,111509.28565729888
1206,81,1206,full_population,official_test,textdiffuserft_bfei,huawei,netherland-flickr_M_21260956694_6fd7ae0222_k,test/attack/textdiffuserft_bfei/huawei/netherland-flickr_M_21260956694_6fd7ae0222_k.jpg,data/processed/policy_c_official_test/test/attack/textdiffuserft_bfei/huawei/netherland-flickr_M_21260956694_6fd7ae0222_k.jpg,4891e7bd922ad67bc0b37941f703610445ee4e18a46318ab1321c4791e206e36,0.987893283367157,1980,3182,6300360,0.0381475026823864,0.8385758271547941,21.982456732141056,1.0,740.8321811219976,2,111509.28565729888
1215,82,1215,full_population,official_test,textdiffuserft_bfei,huawei,singapore-flickr_F_32272417100_7c8c616f37_c,test/attack/textdiffuserft_bfei/huawei/singapore-flickr_F_32272417100_7c8c616f37_c.jpg,data/processed/policy_c_official_test/test/attack/textdiffuserft_bfei/huawei/singapore-flickr_F_32272417100_7c8c616f37_c.jpg,b5c60e1a723a1f088f0a30277939c08c7fda4934c58b364d8fb8785d3fc8fae1,0.9999172687530518,1988,3171,6303948,0.0407931664410937,0.8581855941927045,21.037484193141616,1.0,740.8321811219976,2,111509.28565729888
293,83,293,full_population,official_test,digital_3,huawei,arabic-01_0095_000-18471808_1,test/attack/digital_3/huawei/arabic-01_0095_000-18471808_1.jpg,data/processed/policy_c_official_test/test/attack/digital_3/huawei/arabic-01_0095_000-18471808_1.jpg,b17c599d1492b7a466ebb615a077da1cbc941f515cf420bf4e405e06c5aac8ad,0.9395004510879515,1971,3185,6277635,0.0432960820436358,0.2855689175903718,6.595721924735864,1.0,738.4537406050003,2,111509.28565729888
296,84,296,full_population,official_test,digital_3,huawei,arabic-120_03,test/attack/digital_3/huawei/arabic-120_03.jpg,data/processed/policy_c_official_test/test/attack/digital_3/huawei/arabic-120_03.jpg,5cf6b59d26a2707f6340d9440847ed5b7fe71c7dec341efd4c5646485eb4fdde,0.9991248250007628,1964,3181,6247484,0.0433926681524914,0.7752197652772026,17.86522466313683,1.0,738.4537406050003,2,111509.28565729888
297,85,297,full_population,official_test,digital_3,huawei,arabic-131_03,test/attack/digital_3/huawei/arabic-131_03.jpg,data/processed/policy_c_official_test/test/attack/digital_3/huawei/arabic-131_03.jpg,b808cc704819853dc216c325448ff9fb96bcf31b9488886ec3d34f2c073be1b3,0.9978614449501038,1963,3175,6232525,0.0473843265771096,0.7700250468264147,16.25062763260622,1.0,738.4537406050003,2,111509.28565729888
314,86,314,full_population,official_test,digital_3,huawei,chinese-001_03,test/attack/digital_3/huawei/chinese-001_03.jpg,data/processed/policy_c_official_test/test/attack/digital_3/huawei/chinese-001_03.jpg,d8f84cba769ae06e0cfa38a1d04f6a83487547208ca97425cbf73e3157488361,0.9896863102912904,1962,3193,6264666,0.0306413781676469,0.4390189643312688,14.32765073193778,1.0,738.4537406050003,2,111509.28565729888
315,87,315,full_population,official_test,digital_3,huawei,chinese-018_03,test/attack/digital_3/huawei/chinese-018_03.jpg,data/processed/policy_c_official_test/test/attack/digital_3/huawei/chinese-018_03.jpg,8ef9dc1d8fdd71ecf6e5d515f82f3511fa4521706b14d914e8ff8d4049504e86,0.8990004062652588,1971,3189,6285519,0.0304579462730126,0.0754952732340767,2.4786724803231266,1.0,738.4537406050003,2,111509.28565729888
318,88,318,full_population,official_test,digital_3,huawei,chinese-01_0012_000-48c56e4b_0,test/attack/digital_3/huawei/chinese-01_0012_000-48c56e4b_0.jpg,data/processed/policy_c_official_test/test/attack/digital_3/huawei/chinese-01_0012_000-48c56e4b_0.jpg,497472bdcec23c281aca03934091beeee21b37a66f0bfb294b46380f02764490,0.999583899974823,1963,3190,6261970,0.032047103387592,0.8022523903699188,25.03353830975354,1.0,738.4537406050003,2,111509.28565729888
323,89,323,full_population,official_test,digital_3,huawei,chinese-01_0084_000-ba83f345_1,test/attack/digital_3/huawei/chinese-01_0084_000-ba83f345_1.jpg,data/processed/policy_c_official_test/test/attack/digital_3/huawei/chinese-01_0084_000-ba83f345_1.jpg,5a58197842a555e34f7f7ef15c41f7d1f46a15d4e0fb7908387f5b7173f916b6,0.9999206066131592,1964,3180,6245520,0.0289165673955091,0.9641562234101758,33.342692796929775,1.0,738.4537406050003,2,111509.28565729888
371,90,371,full_population,official_test,digital_3,huawei,french-NM-1070,test/attack/digital_3/huawei/french-NM-1070.jpg,data/processed/policy_c_official_test/test/attack/digital_3/huawei/french-NM-1070.jpg,99c756b1160f7e8c688b5397eef1e6a4ba7d9e0c8eb0abf1c3e0f1404e867614,0.958793580532074,1963,3201,6283563,0.0316755000307946,0.2721409810993319,8.591529126130888,1.0,738.4537406050003,2,111509.28565729888
387,91,387,full_population,official_test,digital_3,huawei,indian-094_03,test/attack/digital_3/huawei/indian-094_03.jpg,data/processed/policy_c_official_test/test/attack/digital_3/huawei/indian-094_03.jpg,097b1543c0caf868a202f36105c920ba5ac62be661092ab85b588fbfe4e4d2ae,0.9883728623390198,1967,3184,6262928,0.0334856156736912,0.678264126700625,20.255387665860308,1.0,738.4537406050003,2,111509.28565729888
408,92,408,full_population,official_test,digital_3,huawei,persian-NF-1018,test/attack/digital_3/huawei/persian-NF-1018.jpg,data/processed/policy_c_official_test/test/attack/digital_3/huawei/persian-NF-1018.jpg,15fdd62efd2f95af29d9f483c7d8b4eeb5a0786e2627a929baf6353e992c1110,0.9907235503196716,1967,3194,6282598,0.0272630844755625,0.68301376066078,25.0526957532265,1.0,738.4537406050003,2,111509.28565729888
428,93,428,full_population,official_test,digital_3,huawei,portugal-105_03,test/attack/digital_3/huawei/portugal-105_03.jpg,data/processed/policy_c_official_test/test/attack/digital_3/huawei/portugal-105_03.jpg,c842a42015c6a530d56110069f6fa04ca97d23e773395ea117ba5796e2ee70e9,0.999798595905304,1964,3200,6284800,0.0386236634419551,0.9499364364995978,24.594674659155288,1.0,738.4537406050003,2,111509.28565729888
447,94,447,full_population,official_test,digital_3,huawei,russian-002_03,test/attack/digital_3/huawei/russian-002_03.jpg,data/processed/policy_c_official_test/test/attack/digital_3/huawei/russian-002_03.jpg,5bf52b6665ae63ed6d1cc15bc39226c3925eb9dcc74629d3187342a9ce14ae22,0.9997064471244812,1968,3189,6275952,0.029969158463927,0.8571262108610485,28.60027624375053,1.0,738.4537406050003,2,111509.28565729888
481,95,481,full_population,official_test,digital_3,huawei,turkiye-083_03,test/attack/digital_3/huawei/turkiye-083_03.jpg,data/processed/policy_c_official_test/test/attack/digital_3/huawei/turkiye-083_03.jpg,285d093af0a9545cecdf2b96b786cc4826b21ae9246c9ada94f7f983b597ca59,0.9998144507408142,1965,3196,6280140,0.0255338256790453,0.9505168627172658,37.22579117853532,1.0,738.4537406050003,2,111509.28565729888
1104,96,1104,full_population,official_test,facedancer,huawei,netherland-flickr_M_18042193331_841d026f9a_c,test/attack/facedancer/huawei/netherland-flickr_M_18042193331_841d026f9a_c.jpg,data/processed/policy_c_official_test/test/attack/facedancer/huawei/netherland-flickr_M_18042193331_841d026f9a_c.jpg,63b42d5caadcb14bd4e4b42706e4d38470be1827c23c18dbbe2e734aae9477cb,0.5859829187393188,1984,3162,6273408,0.0688970014384525,0.0838057598959329,1.2163919785507469,1.0,738.4537406050003,2,111509.28565729888
1111,97,1111,full_population,official_test,facedancer,huawei,singapore-flickr_F_33574462985_422fca6322_c,test/attack/facedancer/huawei/singapore-flickr_F_33574462985_422fca6322_c.jpg,data/processed/policy_c_official_test/test/attack/facedancer/huawei/singapore-flickr_F_33574462985_422fca6322_c.jpg,888acbfb496712eab2b189c26a84750b62e6079257b512182134079e032227c1,0.5884009599685669,1977,3163,6253251,0.0328494730181148,0.0664525513327715,2.022941168527306,0.0,738.4537406050003,2,111509.28565729888
1212,98,1212,full_population,official_test,textdiffuserft_bfei,huawei,netherland-flickr_M_33276713046_c88eb6c4c8_c,test/attack/textdiffuserft_bfei/huawei/netherland-flickr_M_33276713046_c88eb6c4c8_c.jpg,data/processed/policy_c_official_test/test/attack/textdiffuserft_bfei/huawei/netherland-flickr_M_33276713046_c88eb6c4c8_c.jpg,662476c8b98194f9f2281a5e8bc38a08181701f0a9bcbbe1d344ff4c4a3149a4,0.9972164630889891,1977,3172,6271044,0.0381019492129221,0.8327893290823151,21.856869432807866,1.0,738.4537406050003,2,111509.28565729888
1217,99,1217,full_population,official_test,textdiffuserft_bfei,huawei,singapore-flickr_M_15788105142_89e9bca209_k,test/attack/textdiffuserft_bfei/huawei/singapore-flickr_M_15788105142_89e9bca209_k.jpg,data/processed/policy_c_official_test/test/attack/textdiffuserft_bfei/huawei/singapore-flickr_M_15788105142_89e9bca209_k.jpg,77230e419b01093d2c0f2c29b5046e80eca23cf5d6b2bde80f2e95915dbee4df,0.9999507665634156,1968,3160,6218880,0.046054273438304,0.9640407035407738,20.93270898806466,1.0,738.4537406050003,2,111509.28565729888
1218,100,1218,full_population,official_test,textdiffuserft_bfei,huawei,singapore-flickr_M_22942161980_136669b7da_c,test/attack/textdiffuserft_bfei/huawei/singapore-flickr_M_22942161980_136669b7da_c.jpg,data/processed/policy_c_official_test/test/attack/textdiffuserft_bfei/huawei/singapore-flickr_M_22942161980_136669b7da_c.jpg,15fe3b8dbd545515db245e2a4785b6bbd90d583b64c4b37456acb5cecd745701,0.9996856451034546,1974,3169,6255606,0.0404373293330814,0.686211325303218,16.969748908265192,1.0,738.4537406050003,2,111509.28565729888
1221,101,1221,full_population,official_test,textdiffuserft_bfei,huawei,singapore-flickr_M_30518529884_4cf8f091df_c,test/attack/textdiffuserft_bfei/huawei/singapore-flickr_M_30518529884_4cf8f091df_c.jpg,data/processed/policy_c_official_test/test/attack/textdiffuserft_bfei/huawei/singapore-flickr_M_30518529884_4cf8f091df_c.jpg,d08ae93fd341d1e23ca461633de81dec6e405cbc86b1ec6a223bf3b209cf209c,0.9999775886535645,1973,3164,6242572,0.0463594172402016,0.97139010507963,20.953458065414733,1.0,738.4537406050003,2,111509.28565729888
1224,102,1224,full_population,official_test,textdiffuserft_bfei,huawei,singapore-flickr_M_31340377345_6781e5f574_k,test/attack/textdiffuserft_bfei/huawei/singapore-flickr_M_31340377345_6781e5f574_k.jpg,data/processed/policy_c_official_test/test/attack/textdiffuserft_bfei/huawei/singapore-flickr_M_31340377345_6781e5f574_k.jpg,aef05280ca4af657d92e1a8162682eddb78011617b92a888e08e703282db7aee,0.9999520778656006,1982,3162,6267084,0.0435320477593726,0.9725243230603297,22.34042212845228,1.0,738.4537406050003,2,111509.28565729888
283,103,283,full_population,dev_val,digital_1,huawei,usa-NM-1038,train/attack/digital_1/huawei/usa-NM-1038.jpg,data/processed/policy_c/train/attack/digital_1/huawei/usa-NM-1038.jpg,d5700d8ce31eec2433d7e0aea18e681b433410fc559b334ad00323ec74b31a78,0.928555965423584,1883,3043,5729969,0.1844486418687431,0.4829349806510171,2.618262600137127,1.0,482.27768295699934,2,111509.28565729888
303,104,303,full_population,official_test,digital_3,huawei,arabic-NF-1037,test/attack/digital_3/huawei/arabic-NF-1037.jpg,data/processed/policy_c_official_test/test/attack/digital_3/huawei/arabic-NF-1037.jpg,1ec59759d0f0e5428cbaa49c09c8b261fa83ab8d50479b9b03a302425f9257af,0.96324223279953,1889,3033,5729337,0.0375317423289989,0.4196056793479308,11.180021318214202,1.0,482.27768295699934,2,111509.28565729888
306,105,306,full_population,official_test,digital_3,huawei,arabic-NF-1048,test/attack/digital_3/huawei/arabic-NF-1048.jpg,data/processed/policy_c_official_test/test/attack/digital_3/huawei/arabic-NF-1048.jpg,139765f73cc5e8efb348d0b93b1e3b8938563ba88c24508476f5ed150c21643b,0.9929388761520386,1891,3045,5758095,0.0361119432729053,0.6014235015852827,16.65442086680858,1.0,482.27768295699934,2,111509.28565729888
322,106,322,full_population,official_test,digital_3,huawei,chinese-01_0034_000-9b26d58c_0,test/attack/digital_3/huawei/chinese-01_0034_000-9b26d58c_0.jpg,data/processed/policy_c_official_test/test/attack/digital_3/huawei/chinese-01_0034_000-9b26d58c_0.jpg,6ef28337cedba55c2b8b82bbf4983fb56915152de51f76aa6ec2150a829f3c11,0.9994431138038636,1890,3037,5739930,0.0315944619533687,0.7614099589884561,24.09947541161626,1.0,482.27768295699934,2,111509.28565729888
340,107,340,full_population,official_test,digital_3,huawei,chinese-NF-1067,test/attack/digital_3/huawei/chinese-NF-1067.jpg,data/processed/policy_c_official_test/test/attack/digital_3/huawei/chinese-NF-1067.jpg,7b12de554974533780ed1d22f7d824b2984dcea140b4b46b5045fc5d23aef0d8,0.997466206550598,1893,3035,5745255,0.0299036335201831,0.7809417577458102,26.115279844461742,1.0,482.27768295699934,2,111509.28565729888
344,108,344,full_population,official_test,digital_3,huawei,chinese-NF-1101,test/attack/digital_3/huawei/chinese-NF-1101.jpg,data/processed/policy_c_official_test/test/attack/digital_3/huawei/chinese-NF-1101.jpg,409bdc7884d1e002ad7966d6b4c1b71132deb1e4fe979d451ed3880c4ac4ea0e,0.9525978565216064,1881,3030,5699430,0.0266561743893687,0.3426484956542718,12.854376275049049,1.0,482.27768295699934,2,111509.28565729888
355,109,355,full_population,official_test,digital_3,huawei,french-090_03,test/attack/digital_3/huawei/french-090_03.jpg,data/processed/policy_c_official_test/test/attack/digital_3/huawei/french-090_03.jpg,b1a04dcdeebf217cc12cd8850631b28d1ec799db35262e915e7b4dddd87467d4,0.997920572757721,1885,3027,5705895,0.0298806760376768,0.7285846277529261,24.383137343822035,1.0,482.27768295699934,2,111509.28565729888
380,110,380,full_population,official_test,digital_3,huawei,indian-01_0082_000-1b935c0e_0,test/attack/digital_3/huawei/indian-01_0082_000-1b935c0e_0.jpg,data/processed/policy_c_official_test/test/attack/digital_3/huawei/indian-01_0082_000-1b935c0e_0.jpg,465264f8e2f731713a155d1b7b640292307069876894f2504fa7073874054fee,0.9700810313224792,1899,3029,5752071,0.0311753801369976,0.4066024847233191,13.042422672523587,1.0,482.27768295699934,2,111509.28565729888
431,111,431,full_population,official_test,digital_3,huawei,portugal-143_03,test/attack/digital_3/huawei/portugal-143_03.jpg,data/processed/policy_c_official_test/test/attack/digital_3/huawei/portugal-143_03.jpg,c8d311138d66700cb854679afd42431f9ae4d6700a26d959ff2eedac62bd13b4,0.9976263642311096,1883,3026,5697958,0.0351420631742108,0.7931101315170955,22.56868435940674,1.0,482.27768295699934,2,111509.28565729888
432,112,432,full_population,official_test,digital_3,huawei,portugal-172_03,test/attack/digital_3/huawei/portugal-172_03.jpg,data/processed/policy_c_official_test/test/attack/digital_3/huawei/portugal-172_03.jpg,26d7d58f561242946b4cc71de767f6cc843ed91b04a209bda6897ceaef31ea5e,0.9999563694000244,1882,3022,5687404,0.0353526846343252,0.9614696512819242,27.196510285626147,1.0,482.27768295699934,2,111509.28565729888
462,113,462,full_population,official_test,digital_3,huawei,russian-NF-1080,test/attack/digital_3/huawei/russian-NF-1080.jpg,data/processed/policy_c_official_test/test/attack/digital_3/huawei/russian-NF-1080.jpg,7d94128ac2facab14a5a82ae70d54935b56658d49f8c6bcadcff7e43d8cfad18,0.9943923354148864,1883,3033,5711139,0.0265580998816523,0.6319525602969158,23.79509690501241,1.0,482.27768295699934,2,111509.28565729888
494,114,494,full_population,official_test,digital_3,huawei,turkiye-NF-1008,test/attack/digital_3/huawei/turkiye-NF-1008.jpg,data/processed/policy_c_official_test/test/attack/digital_3/huawei/turkiye-NF-1008.jpg,599202fb23e4e2f51f42408dd04e16737c2d35d1273fa2710996369f2852a3cc,0.9986975193023682,1899,3047,5786253,0.0253086064504956,0.7469255940682962,29.51271124031672,1.0,482.27768295699934,2,111509.28565729888
497,115,497,full_population,official_test,digital_3,huawei,turkiye-NM-1011,test/attack/digital_3/huawei/turkiye-NM-1011.jpg,data/processed/policy_c_official_test/test/attack/digital_3/huawei/turkiye-NM-1011.jpg,0f5643fb723c39338fe813cbd0ea9b06d99161622c15608381eeab7018de7de5,0.9926527738571168,1894,3049,5774806,0.0250931373279033,0.6729116499553479,26.816561084495284,1.0,482.27768295699934,2,111509.28565729888
498,116,498,full_population,official_test,digital_3,huawei,turkiye-NM-1019,test/attack/digital_3/huawei/turkiye-NM-1019.jpg,data/processed/policy_c_official_test/test/attack/digital_3/huawei/turkiye-NM-1019.jpg,5f02fafeea0d3264a8fbbeaf0bd509ef103ff25318e7559b4324668d68eba28b,0.9981422424316406,1883,3035,5714905,0.024671976174582,0.7971257243343636,32.30895323073431,1.0,482.27768295699934,2,111509.28565729888
515,117,515,full_population,official_test,digital_3,huawei,ukraine-NF-1057,test/attack/digital_3/huawei/ukraine-NF-1057.jpg,data/processed/policy_c_official_test/test/attack/digital_3/huawei/ukraine-NF-1057.jpg,ee4d0498cb0c428338d3d71e36aa582d90ac62a42164dd6bc053da86ce74cb78,0.9998823404312134,1882,3040,5721280,0.0229509829968119,0.9161032184399824,39.91564189504377,1.0,482.27768295699934,2,111509.28565729888
547,118,547,full_population,official_test,digital_3,huawei,usa-NF-1093,test/attack/digital_3/huawei/usa-NF-1093.jpg,data/processed/policy_c_official_test/test/attack/digital_3/huawei/usa-NF-1093.jpg,afa32dcb4752b7b8a1497063abc35df59fb74aa4a652f065a3c9fb85d24aa4d0,0.98810613155365,1902,3059,5818218,0.0279408574927924,0.5405018745453403,19.34449845301872,1.0,482.27768295699934,2,111509.28565729888
682,119,682,full_population,official_test,digital_3,iphone15pro,portugal-017_03,test/attack/digital_3/iphone15pro/portugal-017_03.jpg,data/processed/policy_c_official_test/test/attack/digital_3/iphone15pro/portugal-017_03.jpg,4740a132ad74bafb6355b9b0670faad1a02f90504e0f933ef75f3a7be41dce31,0.9999383687973022,1812,2855,5173260,0.0283094219119085,0.9329299159142688,32.95474979380718,1.0,266.93398609200085,2,111509.28565729888
691,120,691,full_population,official_test,digital_3,iphone15pro,portugal-119_03,test/attack/digital_3/iphone15pro/portugal-119_03.jpg,data/processed/policy_c_official_test/test/attack/digital_3/iphone15pro/portugal-119_03.jpg,983310dd3eb7f3a564b7a065298e609268002d679aafeda062d9702737cb6d17,0.9997575879096984,1798,2861,5144078,0.0299511399321705,0.8945616700535698,29.867366386703708,1.0,266.93398609200085,2,111509.28565729888
695,121,695,full_population,official_test,digital_3,iphone15pro,portugal-NF-1016,test/attack/digital_3/iphone15pro/portugal-NF-1016.jpg,data/processed/policy_c_official_test/test/attack/digital_3/iphone15pro/portugal-NF-1016.jpg,067dd613188d1239a5cfe18ac69495a44862c031ca9ede5ae8b38ecc34a40cf3,0.9995433688163756,1811,2852,5164972,0.0318710343444262,0.7001311893225896,21.967633110251764,1.0,266.93398609200085,2,111509.28565729888
696,122,696,full_population,official_test,digital_3,iphone15pro,portugal-NF-1022,test/attack/digital_3/iphone15pro/portugal-NF-1022.jpg,data/processed/policy_c_official_test/test/attack/digital_3/iphone15pro/portugal-NF-1022.jpg,4913b9d5639258604184ef21b1a1ff4ebb4f8dcb8762ac44c80642e35f1abbdd,0.9999436140060424,1812,2844,5153328,0.0288275848150942,0.917420327428612,31.824390885088885,1.0,266.93398609200085,2,111509.28565729888
699,123,699,full_population,official_test,digital_3,iphone15pro,portugal-NF-1041,test/attack/digital_3/iphone15pro/portugal-NF-1041.jpg,data/processed/policy_c_official_test/test/attack/digital_3/iphone15pro/portugal-NF-1041.jpg,ac3d5c01fecfc031a5600587718b248e4972eeda153cf5fde31da5291dcd85ca,0.99980491399765,1806,2851,5148906,0.0298166251238612,0.884211307251062,29.65497616104972,1.0,266.93398609200085,2,111509.28565729888
705,124,705,full_population,official_test,digital_3,iphone15pro,portugal-NF-1107,test/attack/digital_3/iphone15pro/portugal-NF-1107.jpg,data/processed/policy_c_official_test/test/attack/digital_3/iphone15pro/portugal-NF-1107.jpg,410b273af798cec62f1b3bbc0a4ea593e5ce9a397b45dacef4e1409cacba488f,0.9999470710754396,1803,2842,5124126,0.0263225377361915,0.8956231953410939,34.024956268167095,1.0,266.93398609200085,2,111509.28565729888
708,125,708,full_population,official_test,digital_3,iphone15pro,portugal-NM-1102,test/attack/digital_3/iphone15pro/portugal-NM-1102.jpg,data/processed/policy_c_official_test/test/attack/digital_3/iphone15pro/portugal-NM-1102.jpg,99851f87a072e996f62eb2bb9e7e02c6d40ff5f94087ddb6ea4a72b37dba36ce,0.9998676776885986,1801,2842,5118442,0.0309541458123389,0.8968105732528365,28.972228104428854,1.0,266.93398609200085,2,111509.28565729888
812,126,812,full_population,official_test,digital_3,iphone15pro,usa-NM-1052,test/attack/digital_3/iphone15pro/usa-NM-1052.jpg,data/processed/policy_c_official_test/test/attack/digital_3/iphone15pro/usa-NM-1052.jpg,d6629149317b91b62a8614554000a85fc9f6ee47115bf4d8b532343155d56119,0.9997736811637878,1809,2836,5130324,0.0275528407172724,0.8176545806411749,29.675872227889744,1.0,266.93398609200085,2,111509.28565729888
709,127,709,full_population,official_test,digital_3,iphone15pro,russian-002_03,test/attack/digital_3/iphone15pro/russian-002_03.jpg,data/processed/policy_c_official_test/test/attack/digital_3/iphone15pro/russian-002_03.jpg,2e2b25d73ca84bef6b048c52f88a6c35ca3ea478ce62fff8fddbf9c735cf452a,0.9996427297592164,1802,2832,5103264,0.0253614157527417,0.8232705707673296,32.461538377577654,1.0,265.0898897980005,2,111509.28565729888
808,128,808,full_population,official_test,digital_3,iphone15pro,usa-NF-1076,test/attack/digital_3/iphone15pro/usa-NF-1076.jpg,data/processed/policy_c_official_test/test/attack/digital_3/iphone15pro/usa-NF-1076.jpg,df4ddf0557e832017304bfacb5f0b09cd486ac0627064a647ae605a3e6368b0d,0.9999011754989624,1808,2824,5105792,0.0277475071448268,0.9364847203653944,33.75022900174252,1.0,265.0898897980005,2,111509.28565729888
750,129,750,full_population,official_test,digital_3,iphone15pro,turkiye-126_03,test/attack/digital_3/iphone15pro/turkiye-126_03.jpg,data/processed/policy_c_official_test/test/attack/digital_3/iphone15pro/turkiye-126_03.jpg,5a6a10b6b85c286f24f96dcabc7fecabb7ab4657ce5ce27a1e71477e01329e36,0.9999706745147704,1804,2824,5094496,0.0221739304535718,0.9226393773704716,41.60919415266993,1.0,255.2512863999873,2,111509.28565729888
715,130,715,full_population,official_test,digital_3,iphone15pro,russian-062_03,test/attack/digital_3/iphone15pro/russian-062_03.jpg,data/processed/policy_c_official_test/test/attack/digital_3/iphone15pro/russian-062_03.jpg,7b23a2d8b7dd683267c83583ac0a6d9408f5a8f44d2f210cfc57665c87bdae2b,0.9998021721839904,1803,2825,5093475,0.0236859904092981,0.7240909426091714,30.570431301235445,1.0,251.9077810199999,2,111509.28565729888
707,131,707,full_population,official_test,digital_3,iphone15pro,portugal-NM-1091,test/attack/digital_3/iphone15pro/portugal-NM-1091.jpg,data/processed/policy_c_official_test/test/attack/digital_3/iphone15pro/portugal-NM-1091.jpg,b29c46e06b2e42523277af7d36f2de7ff917a6c9387f523d75ca5073671df01f,0.9999548196792604,1794,2835,5085990,0.0304070593925666,0.7433211928847041,24.445678330421444,1.0,230.71534143500003,2,111509.28565729888
712,132,712,full_population,official_test,digital_3,iphone15pro,russian-01_0075_000-9bed189a_0,test/attack/digital_3/iphone15pro/russian-01_0075_000-9bed189a_0.jpg,data/processed/policy_c_official_test/test/attack/digital_3/iphone15pro/russian-01_0075_000-9bed189a_0.jpg,c334b1e10ea0df68366ac48cb239163de49b113691c73b653aff2c9e311208cf,0.9995699524879456,1791,2837,5081067,0.019238478847061,0.8406318435341278,43.69533840054853,1.0,230.71534143500003,2,111509.28565729888
720,133,720,full_population,official_test,digital_3,iphone15pro,russian-141_03,test/attack/digital_3/iphone15pro/russian-141_03.jpg,data/processed/policy_c_official_test/test/attack/digital_3/iphone15pro/russian-141_03.jpg,06143498a1d289323569cd10c86fbcbc59036b66214efc0a9aa0438bbce2850f,0.9877241849899292,1791,2831,5070321,0.0223382306564022,0.8231203086546485,36.84805306720829,1.0,230.71534143500003,2,111509.28565729888
736,134,736,full_population,official_test,digital_3,iphone15pro,turkiye-01_0088_000-3739c168_0,test/attack/digital_3/iphone15pro/turkiye-01_0088_000-3739c168_0.jpg,data/processed/policy_c_official_test/test/attack/digital_3/iphone15pro/turkiye-01_0088_000-3739c168_0.jpg,191fcabb97d9b0761ddf75c050384403980927cd164398c7ca497e7a8a479012,0.999792754650116,1800,2821,5077800,0.0241632202922525,0.8083561515831268,33.45399089219536,1.0,230.71534143500003,2,111509.28565729888
740,135,740,full_population,official_test,digital_3,iphone15pro,turkiye-032_03,test/attack/digital_3/iphone15pro/turkiye-032_03.jpg,data/processed/policy_c_official_test/test/attack/digital_3/iphone15pro/turkiye-032_03.jpg,6965e1a5b345da83011f16a1f698a8ca4ee8a771c9793d147fea542d137012d4,0.9995922446250916,1794,2825,5068050,0.0229800416333698,0.7403346150160309,32.21641748207168,1.0,230.71534143500003,2,111509.28565729888
752,136,752,full_population,official_test,digital_3,iphone15pro,turkiye-129_03,test/attack/digital_3/iphone15pro/turkiye-129_03.jpg,data/processed/policy_c_official_test/test/attack/digital_3/iphone15pro/turkiye-129_03.jpg,f6e2daead42544ba2d811c933d19e64defb0b4b91dc6edd4f7f3bf95047f1ad6,0.9997705817222596,1780,2852,5076560,0.0228061915943079,0.9142189488353312,40.08643639841669,1.0,230.71534143500003,2,111509.28565729888
762,137,762,full_population,official_test,digital_3,iphone15pro,turkiye-NM-1055,test/attack/digital_3/iphone15pro/turkiye-NM-1055.jpg,data/processed/policy_c_official_test/test/attack/digital_3/iphone15pro/turkiye-NM-1055.jpg,69698052fcf5dc7a00d37b8a167b67efb6a690351ad24ece2c2c49d8ce1a8c41,0.9998456239700316,1799,2819,5071381,0.0233048946628147,0.8549162374756772,36.68397775853418,1.0,230.71534143500003,2,111509.28565729888
764,138,764,full_population,official_test,digital_3,iphone15pro,ukraine-007_03,test/attack/digital_3/iphone15pro/ukraine-007_03.jpg,data/processed/policy_c_official_test/test/attack/digital_3/iphone15pro/ukraine-007_03.jpg,e6c6bfa0250880f2977a487a20e1249455bf1b6f14d5f740d51ffd5b8cae2c3d,0.9857367873191832,1802,2817,5076234,0.02255274284046,0.2363383757304131,10.479362860752232,1.0,230.71534143500003,2,111509.28565729888
766,139,766,full_population,official_test,digital_3,iphone15pro,ukraine-01_0073_000-d23bdbae_1,test/attack/digital_3/iphone15pro/ukraine-01_0073_000-d23bdbae_1.jpg,data/processed/policy_c_official_test/test/attack/digital_3/iphone15pro/ukraine-01_0073_000-d23bdbae_1.jpg,a29789777da7025114b82f3b5924661eeb55df5281171494e93fd3148df642a1,0.9990696310997008,1798,2831,5090138,0.0196387602850846,0.8528921597996045,43.42902237303469,1.0,230.71534143500003,2,111509.28565729888
767,140,767,full_population,official_test,digital_3,iphone15pro,ukraine-01_0077_000-a3228552_1,test/attack/digital_3/iphone15pro/ukraine-01_0077_000-a3228552_1.jpg,data/processed/policy_c_official_test/test/attack/digital_3/iphone15pro/ukraine-01_0077_000-a3228552_1.jpg,95001b44588e47bdf3169a786da88f3dd7712b7cfcb7403dc158c3f30499f9e4,0.9997993111610411,1802,2813,5069026,0.0201695552557828,0.8584749108769748,42.56290731204096,1.0,230.71534143500003,2,111509.28565729888
778,141,778,full_population,official_test,digital_3,iphone15pro,ukraine-NF-1068,test/attack/digital_3/iphone15pro/ukraine-NF-1068.jpg,data/processed/policy_c_official_test/test/attack/digital_3/iphone15pro/ukraine-NF-1068.jpg,ce142b8ff59b6e3fb7bfa6783a54569efdaf402d81e8d606af2c0e61db2d24b8,0.9997325539588928,1799,2828,5087572,0.0204168117915579,0.8969913425438585,43.93395754937368,1.0,230.71534143500003,2,111509.28565729888
734,142,734,full_population,official_test,digital_3,iphone15pro,turkiye-01_0081_000-e5c4342a_1,test/attack/digital_3/iphone15pro/turkiye-01_0081_000-e5c4342a_1.jpg,data/processed/policy_c_official_test/test/attack/digital_3/iphone15pro/turkiye-01_0081_000-e5c4342a_1.jpg,b88152824dbe6b4027d9e0d4af073c1852bd116cca1ee8b9adb909c6d240e8a4,0.9989593029022216,1794,2821,5060874,0.021848400098481,0.7215272017088649,33.02425799859955,1.0,215.88851139100007,2,111509.28565729888
779,143,779,full_population,official_test,digital_3,iphone15pro,ukraine-NF-1073,test/attack/digital_3/iphone15pro/ukraine-NF-1073.jpg,data/processed/policy_c_official_test/test/attack/digital_3/iphone15pro/ukraine-NF-1073.jpg,810e835cade3db236b4a834182edd4dc7a01cc107ef217d37e08b3021b3569b8,0.9996590614318848,1795,2821,5063695,0.0201824951937271,0.6852795266822058,33.9541528490093,1.0,215.88851139100007,2,111509.28565729888
733,144,733,full_population,official_test,digital_3,iphone15pro,turkiye-01_0079_000-01a48f56_0,test/attack/digital_3/iphone15pro/turkiye-01_0079_000-01a48f56_0.jpg,data/processed/policy_c_official_test/test/attack/digital_3/iphone15pro/turkiye-01_0079_000-01a48f56_0.jpg,4846f385b4cb9dfc4f8d29fb091e2ab7d9a463158dd27c625d6ae2af45b2e7c3,0.9997534155845642,1798,2813,5057774,0.0229183826719026,0.900028679292766,39.27103810846898,1.0,215.44392685798812,2,111509.28565729888
785,145,785,full_population,official_test,digital_3,iphone15pro,usa-009_03,test/attack/digital_3/iphone15pro/usa-009_03.jpg,data/processed/policy_c_official_test/test/attack/digital_3/iphone15pro/usa-009_03.jpg,4bea826bca430af87139134c7153581179144bd8dd907964137905fea2ebed3e,0.9993366599082948,1793,2819,5054467,0.0226461068991052,0.6092856587636947,26.904653478773724,1.0,215.44392685798812,2,111509.28565729888
770,146,770,full_population,official_test,digital_3,iphone15pro,ukraine-025_03,test/attack/digital_3/iphone15pro/ukraine-025_03.jpg,data/processed/policy_c_official_test/test/attack/digital_3/iphone15pro/ukraine-025_03.jpg,255f4e60b9df610b9d049d7cbd816ca07e645a1d4ba99400cd6fff28e2419651,0.9996167421340942,1791,2820,5050620,0.020876248856576,0.8972842085065642,42.98110329451833,1.0,198.99739198299903,2,111509.28565729888
798,147,798,full_population,official_test,digital_3,iphone15pro,usa-NF-1004,test/attack/digital_3/iphone15pro/usa-NF-1004.jpg,data/processed/policy_c_official_test/test/attack/digital_3/iphone15pro/usa-NF-1004.jpg,0c63373a8524ce3bde583e781e553b3d7a8f787d6ec04ec3103dfae107186400,0.999969244003296,1798,2808,5048784,0.0230689211501224,0.9557930445764272,41.43206517359622,1.0,198.99739198299903,2,111509.28565729888
795,148,795,full_population,official_test,digital_3,iphone15pro,usa-134_03,test/attack/digital_3/iphone15pro/usa-134_03.jpg,data/processed/policy_c_official_test/test/attack/digital_3/iphone15pro/usa-134_03.jpg,075738a1fae95c303b3517ea1375fcdeafbcd7ece592d177b41edea7576af78d,0.999891996383667,1794,2813,5046522,0.0253634087000908,0.7306039473902145,28.80543211006164,1.0,197.0325162779991,2,111509.28565729888
742,149,742,full_population,official_test,digital_3,iphone15pro,turkiye-041_03,test/attack/digital_3/iphone15pro/turkiye-041_03.jpg,data/processed/policy_c_official_test/test/attack/digital_3/iphone15pro/turkiye-041_03.jpg,5076e9ecc9a58a3aa108ece2a4a878959baa0028323f10922d30663b8a340734,0.9984716773033142,1788,2817,5036796,0.0216242627257486,0.5532970895867757,25.58686493056468,1.0,175.0121481440001,2,111509.28565729888
790,150,790,full_population,official_test,digital_3,iphone15pro,usa-034_03,test/attack/digital_3/iphone15pro/usa-034_03.jpg,data/processed/policy_c_official_test/test/attack/digital_3/iphone15pro/usa-034_03.jpg,e016a2cc94e7028069b1b1effbd435560b9b4b751776f82939c6736c45b2b323,0.9998584985733032,1794,2810,5041140,0.0246434338264757,0.7321400870324675,29.70933726962556,1.0,175.0121481440001,2,111509.28565729888
800,151,800,full_population,official_test,digital_3,iphone15pro,usa-NF-1017,test/attack/digital_3/iphone15pro/usa-NF-1017.jpg,data/processed/policy_c_official_test/test/attack/digital_3/iphone15pro/usa-NF-1017.jpg,e39fbf05a1e47a29a62fa66fbcb651ff9de68e857b6cfead2fa2099f554a4a56,0.9996892213821412,1791,2811,5034501,0.0246322326681432,0.8917849521425273,36.20398378649076,1.0,175.0121481440001,2,111509.28565729888
796,152,796,full_population,official_test,digital_3,iphone15pro,usa-136_03,test/attack/digital_3/iphone15pro/usa-136_03.jpg,data/processed/policy_c_official_test/test/attack/digital_3/iphone15pro/usa-136_03.jpg,409b91d1300f974873dd08f7c02a592cdd7641d6ef5aaac9a794b9083de02d90,0.9995493292808532,1785,2815,5024775,0.0231224283674393,0.8707559911158854,37.65850097051532,1.0,166.05614058900392,2,111509.28565729888
791,153,791,full_population,official_test,digital_3,iphone15pro,usa-043_03,test/attack/digital_3/iphone15pro/usa-043_03.jpg,data/processed/policy_c_official_test/test/attack/digital_3/iphone15pro/usa-043_03.jpg,968de3c4df3c650824699f0113d6b9f7f79c3410df5da6eb24acb563e07385a0,0.9998189806938172,1787,2811,5023257,0.0250265913131659,0.8990185355639566,35.92253233028194,1.0,160.75689618800243,2,111509.28565729888
797,154,797,full_population,official_test,digital_3,iphone15pro,usa-137_03,test/attack/digital_3/iphone15pro/usa-137_03.jpg,data/processed/policy_c_official_test/test/attack/digital_3/iphone15pro/usa-137_03.jpg,5990aea28226585244ef5754f1d616c5aa7dafb0640091e2cb02bee23526ec45,0.9997960925102234,1789,2807,5021723,0.0249408420177696,0.9226612341782666,36.99398895678415,1.0,160.75689618800243,2,111509.28565729888
609,155,609,full_population,official_test,digital_3,iphone15pro,french-01_0006_000-f9f1aca7_0,test/attack/digital_3/iphone15pro/french-01_0006_000-f9f1aca7_0.jpg,data/processed/policy_c_official_test/test/attack/digital_3/iphone15pro/french-01_0006_000-f9f1aca7_0.jpg,701ae06cce730ddf1c5498e7fd06b789965bbb69560f7f944b5e754f988f1d29,0.9956009387969972,1785,2809,5014065,0.0255421499322406,0.52164996052457,20.423103063306225,1.0,159.9352892379975,2,111509.28565729888
618,156,618,full_population,official_test,digital_3,iphone15pro,french-091_03,test/attack/digital_3/iphone15pro/french-091_03.jpg,data/processed/policy_c_official_test/test/attack/digital_3/iphone15pro/french-091_03.jpg,b1ab272fced780094dda0a305621f18a50c046f00f73a208751b01c7bc92c683,0.9996892213821412,1788,2802,5009976,0.0262115028095943,0.8178402788700772,31.201579123907383,1.0,159.81805211499886,2,111509.28565729888
659,157,659,full_population,official_test,digital_3,iphone15pro,persian-01_0064_000-daacc8f3_0,test/attack/digital_3/iphone15pro/persian-01_0064_000-daacc8f3_0.jpg,data/processed/policy_c_official_test/test/attack/digital_3/iphone15pro/persian-01_0064_000-daacc8f3_0.jpg,2b527f4b9145964b9bf9bf80eb8570693996ff64bc1c1db15a2018eb0e63676c,0.9975213408470154,1785,2806,5008710,0.0232740565934142,0.7765111846374549,33.36380924918692,1.0,155.52693623600135,2,111509.28565729888
751,158,751,full_population,official_test,digital_3,iphone15pro,turkiye-127_03,test/attack/digital_3/iphone15pro/turkiye-127_03.jpg,data/processed/policy_c_official_test/test/attack/digital_3/iphone15pro/turkiye-127_03.jpg,b5b6b0c6cf37e2c8147bfff3a54767e136c987e0100565f979a04d3bc794a94e,0.9997437596321106,1786,2804,5007944,0.0232191094788599,0.924632537388866,39.822049946864006,1.0,155.35658528000204,2,111509.28565729888
625,159,625,full_population,official_test,digital_3,iphone15pro,french-135_03,test/attack/digital_3/iphone15pro/french-135_03.jpg,data/processed/policy_c_official_test/test/attack/digital_3/iphone15pro/french-135_03.jpg,41c238aab26e97ba96b021815c573f05f684fcebf501bdbe4a79c6532221c833,0.999618649482727,1785,2802,5001570,0.0269561357733671,0.7872575943573192,29.205135371633457,1.0,153.77439707099984,2,111509.28565729888
632,160,632,full_population,official_test,digital_3,iphone15pro,french-NF-1110,test/attack/digital_3/iphone15pro/french-NF-1110.jpg,data/processed/policy_c_official_test/test/attack/digital_3/iphone15pro/french-NF-1110.jpg,ec2b9c6d2aa829ceb49a750169fe07dc0b832d51d3ac7a5ed9b5f37aa4e6ed28,0.9999855756759644,1784,2800,4995200,0.0244530749519538,0.9605586073749804,39.28171034777076,1.0,153.77439707099984,2,111509.28565729888
655,161,655,full_population,official_test,digital_3,iphone15pro,indian-NF-1075,test/attack/digital_3/iphone15pro/indian-NF-1075.jpg,data/processed/policy_c_official_test/test/attack/digital_3/iphone15pro/indian-NF-1075.jpg,90f3f9d22d340e8d2a9cdd0ea2acfc0231f65ae1f032010132460759035d541c,0.999852180480957,1789,2795,5000255,0.0290875165366566,0.9042548040826484,31.08738427163728,1.0,153.77439707099984,2,111509.28565729888
658,162,658,full_population,official_test,digital_3,iphone15pro,persian-010_03,test/attack/digital_3/iphone15pro/persian-010_03.jpg,data/processed/policy_c_official_test/test/attack/digital_3/iphone15pro/persian-010_03.jpg,5251ed50a3558c0cd5199020ce2926ea21102602aa250690935a295679b44ffb,0.9560386538505554,1785,2801,4999785,0.0241646390794804,0.1817666899503506,7.522011371760946,1.0,153.77439707099984,2,111509.28565729888
672,163,672,full_population,official_test,digital_3,iphone15pro,persian-NF-1034,test/attack/digital_3/iphone15pro/persian-NF-1034.jpg,data/processed/policy_c_official_test/test/attack/digital_3/iphone15pro/persian-NF-1034.jpg,f522772f5c7d27d15ab992ad5ab2d6403fbc729e232b7d3b0b32a0b38ff07374,0.9998849630355836,1789,2793,4996677,0.0245437117508296,0.7454742604807333,30.37333016492648,1.0,153.77439707099984,2,111509.28565729888
721,164,721,full_population,official_test,digital_3,iphone15pro,russian-NF-1013,test/attack/digital_3/iphone15pro/russian-NF-1013.jpg,data/processed/policy_c_official_test/test/attack/digital_3/iphone15pro/russian-NF-1013.jpg,84b2c5ef6989522324f4505cd485f19fb930ce4f2c5d197175225c0c0190080c,0.9963415265083312,1785,2803,5003355,0.0177311024302692,0.7458289946327241,42.063317696450575,1.0,153.77439707099984,2,111509.28565729888
1121,165,1121,full_population,official_test,facedancer,iphone15,chinese2-flickr_F_17773666675_1bdbd28a62_c,test/attack/facedancer/iphone15/chinese2-flickr_F_17773666675_1bdbd28a62_c.jpg,data/processed/policy_c_official_test/test/attack/facedancer/iphone15/chinese2-flickr_F_17773666675_1bdbd28a62_c.jpg,826fa0880c32cfd25173680c5e0fa3d9464e47da494270a6c6d93c57d33b2be4,0.6211634278297424,1723,2767,4767541,0.0813117286248823,0.1452587059118328,1.786442231254964,1.0,153.77439707099984,2,111509.28565729888
1123,166,1123,full_population,official_test,facedancer,iphone15,chinese2-flickr_F_25164779518_a723fab6b8_o,test/attack/facedancer/iphone15/chinese2-flickr_F_25164779518_a723fab6b8_o.jpg,data/processed/policy_c_official_test/test/attack/facedancer/iphone15/chinese2-flickr_F_25164779518_a723fab6b8_o.jpg,0bf0bf01fb8b99f8504501dd6ca4efe7ab104dd8c5424e0d3b0adc08b9c45ffc,0.5979644060134888,1733,2763,4788279,0.0937236531121098,0.2188490440563728,2.335046029358153,1.0,153.77439707099984,2,111509.28565729888
1126,167,1126,full_population,official_test,facedancer,iphone15,chinese2-flickr_F_33552328531_f6d5dd17b8_c,test/attack/facedancer/iphone15/chinese2-flickr_F_33552328531_f6d5dd17b8_c.jpg,data/processed/policy_c_official_test/test/attack/facedancer/iphone15/chinese2-flickr_F_33552328531_f6d5dd17b8_c.jpg,7b9475094f29439dd3a43c6f38650ab814c101b7e772ccc9d166abea0bd57f1c,0.6580874919891357,1755,2794,4903470,0.0800665651059351,0.1944698175946344,2.428851760248908,1.0,153.77439707099984,2,111509.28565729888
1127,168,1127,full_population,official_test,facedancer,iphone15,chinese2-flickr_F_39035705701_833f3da9bf_o,test/attack/facedancer/iphone15/chinese2-flickr_F_39035705701_833f3da9bf_o.jpg,data/processed/policy_c_official_test/test/attack/facedancer/iphone15/chinese2-flickr_F_39035705701_833f3da9bf_o.jpg,fd15d95ac66ab43e0d5024bec4e7ea0025e2b967d0504070a2b204cdeda1ee52,0.7272272706031799,1750,2769,4845750,0.0816096579476861,0.1511658913819894,1.8523039451885783,1.0,153.77439707099984,2,111509.28565729888
1128,169,1128,full_population,official_test,facedancer,iphone15,chinese2-flickr_M_24291592906_b097dd45e5_k,test/attack/facedancer/iphone15/chinese2-flickr_M_24291592906_b097dd45e5_k.jpg,data/processed/policy_c_official_test/test/attack/facedancer/iphone15/chinese2-flickr_M_24291592906_b097dd45e5_k.jpg,ff8b4a4b17475b135d13fe314b894c70120e66740294f4d495b5a3e33d89c98e,0.7822021245956421,1741,2778,4836498,0.0810696086300459,0.2238299861039925,2.760960486751836,1.0,153.77439707099984,2,111509.28565729888
1130,170,1130,full_population,official_test,facedancer,iphone15,chinese2-flickr_M_30516208604_4a571cf89d_c,test/attack/facedancer/iphone15/chinese2-flickr_M_30516208604_4a571cf89d_c.jpg,data/processed/policy_c_official_test/test/attack/facedancer/iphone15/chinese2-flickr_M_30516208604_4a571cf89d_c.jpg,ce57de29e6105ccc34a6a5d046497102f9199edf297b4f64ddc9d8f83e4c73f7,0.7591679096221924,1733,2758,4779614,0.078154428370157,0.2209740465927088,2.827402761442073,1.0,153.77439707099984,2,111509.28565729888
1132,171,1132,full_population,official_test,facedancer,iphone15,chinese2-flickr_M_33552319041_2631ab0a0c_c,test/attack/facedancer/iphone15/chinese2-flickr_M_33552319041_2631ab0a0c_c.jpg,data/processed/policy_c_official_test/test/attack/facedancer/iphone15/chinese2-flickr_M_33552319041_2631ab0a0c_c.jpg,70b9061f668f1faa35b10f54fdca537a9bb6691d28962c9b45c3f747ad53d693,0.6292367577552795,1732,2775,4806300,0.0806982502132617,0.2180043224717136,2.701475210374355,1.0,153.77439707099984,2,111509.28565729888
1133,172,1133,full_population,official_test,facedancer,iphone15,chinese2-flickr_M_34592740762_6446ed6334_k,test/attack/facedancer/iphone15/chinese2-flickr_M_34592740762_6446ed6334_k.jpg,data/processed/policy_c_official_test/test/attack/facedancer/iphone15/chinese2-flickr_M_34592740762_6446ed6334_k.jpg,0eefa64749430562ad51b172805d8a2fad1e055404df4a795110a59285d0e24d,0.849949300289154,1729,2773,4794517,0.0804894424193302,0.1492182477301482,1.8538859662209823,0.0,153.77439707099984,2,111509.28565729888
1134,173,1134,full_population,official_test,facedancer,iphone15,netherland-flickr_F_28051545714_ab479f15eb_k,test/attack/facedancer/iphone15/netherland-flickr_F_28051545714_ab479f15eb_k.jpg,data/processed/policy_c_official_test/test/attack/facedancer/iphone15/netherland-flickr_F_28051545714_ab479f15eb_k.jpg,8b9c9561977fb39c73d0c999bec6d7defd58beb2dc36a67990629954e124c269,0.5876725316047668,1745,2771,4835395,0.0717161679655953,0.0956977218205783,1.3343953607014774,0.0,153.77439707099984,2,111509.28565729888
1136,174,1136,full_population,official_test,facedancer,iphone15,netherland-flickr_M_17339867026_3135c7e76f_k,test/attack/facedancer/iphone15/netherland-flickr_M_17339867026_3135c7e76f_k.jpg,data/processed/policy_c_official_test/test/attack/facedancer/iphone15/netherland-flickr_M_17339867026_3135c7e76f_k.jpg,6ba5fcb8ea6382f918500707ad779f899a87d83a3b0a2a2b9632bc7e6771034b,0.5654231905937195,1733,2782,4821206,0.0644079510396361,0.108922774349896,1.6911386341550574,0.0,153.77439707099984,2,111509.28565729888
1138,175,1138,full_population,official_test,facedancer,iphone15,netherland-flickr_M_19475853574_c947539b18_c,test/attack/facedancer/iphone15/netherland-flickr_M_19475853574_c947539b18_c.jpg,data/processed/policy_c_official_test/test/attack/facedancer/iphone15/netherland-flickr_M_19475853574_c947539b18_c.jpg,36bcbdadfd85dfe66e45b9bf297239172a85b893bb8840b08cf9b1bd1e1aa989,0.6551409363746643,1741,2777,4834757,0.0689730631756673,0.098480049631791,1.4278044949369937,1.0,153.77439707099984,2,111509.28565729888
1139,176,1139,full_population,official_test,facedancer,iphone15,netherland-flickr_M_2409019110_4f42632225_o,test/attack/facedancer/iphone15/netherland-flickr_M_2409019110_4f42632225_o.jpg,data/processed/policy_c_official_test/test/attack/facedancer/iphone15/netherland-flickr_M_2409019110_4f42632225_o.jpg,419e405877c11b2a36665a1a725cbf00d395025148eeb0d6af55744926da37fc,0.7615697979927063,1737,2777,4823649,0.0728545961781215,0.1113739806775567,1.5287159152630456,1.0,153.77439707099984,2,111509.28565729888
1141,177,1141,full_population,official_test,facedancer,iphone15,netherland-flickr_M_32689636931_6ac45273df_h,test/attack/facedancer/iphone15/netherland-flickr_M_32689636931_6ac45273df_h.jpg,data/processed/policy_c_official_test/test/attack/facedancer/iphone15/netherland-flickr_M_32689636931_6ac45273df_h.jpg,fc24313172adb9c456ff5843be2fef405d52523eb73f621c2602c6063a475d43,0.5349407196044922,1750,2779,4863250,0.0784785894206549,0.1511674916091046,1.9262259009120088,1.0,153.77439707099984,2,111509.28565729888
1239,178,1239,full_population,official_test,textdiffuserft_bfei,iphone15,chinese2-flickr_M_22911363774_20c12ce7ec_c,test/attack/textdiffuserft_bfei/iphone15/chinese2-flickr_M_22911363774_20c12ce7ec_c.jpg,data/processed/policy_c_official_test/test/attack/textdiffuserft_bfei/iphone15/chinese2-flickr_M_22911363774_20c12ce7ec_c.jpg,e2c91e81cdc6a26d966966b0832b198b8212d1b3b5a32d3d32bba478a571c6e6,0.9848511815071106,1721,2773,4772333,0.040828458533803,0.5288267402981359,12.952405241072348,1.0,153.77439707099984,2,111509.28565729888
1240,179,1240,full_population,official_test,textdiffuserft_bfei,iphone15,chinese2-flickr_M_24235235151_ae8ac31253_k,test/attack/textdiffuserft_bfei/iphone15/chinese2-flickr_M_24235235151_ae8ac31253_k.jpg,data/processed/policy_c_official_test/test/attack/textdiffuserft_bfei/iphone15/chinese2-flickr_M_24235235151_ae8ac31253_k.jpg,f34085f4c848dc15b57062c2dd7a5bea8cf80f33b6206df0d0c8fa243eb7e066,0.9949023723602296,1736,2763,4796568,0.041461103021994,0.8090673347015077,19.513888337035272,1.0,153.77439707099984,2,111509.28565729888
1241,180,1241,full_population,official_test,textdiffuserft_bfei,iphone15,chinese2-flickr_M_30518538704_383875f8c4_c,test/attack/textdiffuserft_bfei/iphone15/chinese2-flickr_M_30518538704_383875f8c4_c.jpg,data/processed/policy_c_official_test/test/attack/textdiffuserft_bfei/iphone15/chinese2-flickr_M_30518538704_383875f8c4_c.jpg,b6b538f458403531fcb0fafc3bb7445b15b326bb79633e74c860b7b661c48b25,0.99439537525177,1737,2772,4814964,0.0412532679372057,0.7174522034578403,17.3914028956426,1.0,153.77439707099984,2,111509.28565729888
1242,181,1242,full_population,official_test,textdiffuserft_bfei,iphone15,chinese2-flickr_M_31304800026_59e0161aba_c,test/attack/textdiffuserft_bfei/iphone15/chinese2-flickr_M_31304800026_59e0161aba_c.jpg,data/processed/policy_c_official_test/test/attack/textdiffuserft_bfei/iphone15/chinese2-flickr_M_31304800026_59e0161aba_c.jpg,85c8245277765a24e13813d3be0b6d16cf598db71b21685080143f11011d1aa2,0.992258846759796,1732,2767,4792444,0.0419036716965289,0.8252198426852242,19.693258592267476,1.0,153.77439707099984,2,111509.28565729888
1246,182,1246,full_population,official_test,textdiffuserft_bfei,iphone15,chinese2-flickr_M_33525327222_f112b468ed_k,test/attack/textdiffuserft_bfei/iphone15/chinese2-flickr_M_33525327222_f112b468ed_k.jpg,data/processed/policy_c_official_test/test/attack/textdiffuserft_bfei/iphone15/chinese2-flickr_M_33525327222_f112b468ed_k.jpg,9935a109720e7ae8316232a0dde254d9a60d6652b57f665239ae4e708a956c86,0.991264581680298,1737,2768,4808016,0.0425944921980292,0.6788787525501009,15.938181617329162,1.0,153.77439707099984,2,111509.28565729888
1249,183,1249,full_population,official_test,textdiffuserft_bfei,iphone15,chinese2-flickr_M_37190875605_735b3fca0d_c,test/attack/textdiffuserft_bfei/iphone15/chinese2-flickr_M_37190875605_735b3fca0d_c.jpg,data/processed/policy_c_official_test/test/attack/textdiffuserft_bfei/iphone15/chinese2-flickr_M_37190875605_735b3fca0d_c.jpg,0940d8c8a39ba5293e4ee146aec4359c3432898a251e8422c446d023637abe0b,0.9904864430427552,1741,2775,4831275,0.0423099492370026,0.7403734944439677,17.498803657189583,1.0,153.77439707099984,2,111509.28565729888
1251,184,1251,full_population,official_test,textdiffuserft_bfei,iphone15,chinese2-flickr_M_6850649398_5d950a2635_k,test/attack/textdiffuserft_bfei/iphone15/chinese2-flickr_M_6850649398_5d950a2635_k.jpg,data/processed/policy_c_official_test/test/attack/textdiffuserft_bfei/iphone15/chinese2-flickr_M_6850649398_5d950a2635_k.jpg,02bb6592ac0ea4a8709cf7abfdace99824fc7aed65d2c0da0e7a3e8f603b95dd,0.998098075389862,1722,2779,4785438,0.0439855244180365,0.8598932246036101,19.549459418312747,1.0,153.77439707099984,2,111509.28565729888
1258,185,1258,full_population,official_test,textdiffuserft_bfei,iphone15,netherland-flickr_M_14867283357_afe052b7e3_c,test/attack/textdiffuserft_bfei/iphone15/netherland-flickr_M_14867283357_afe052b7e3_c.jpg,data/processed/policy_c_official_test/test/attack/textdiffuserft_bfei/iphone15/netherland-flickr_M_14867283357_afe052b7e3_c.jpg,79f7b766b3a210fbdfcc5c17be02a65d58db6587bc42e883ab60668583e1534b,0.9969800114631652,1730,2776,4802480,0.0384709566723859,0.7261976500714429,18.876516543522825,1.0,153.77439707099984,2,111509.28565729888
1259,186,1259,full_population,official_test,textdiffuserft_bfei,iphone15,netherland-flickr_M_15788104622_be592061dc_k,test/attack/textdiffuserft_bfei/iphone15/netherland-flickr_M_15788104622_be592061dc_k.jpg,data/processed/policy_c_official_test/test/attack/textdiffuserft_bfei/iphone15/netherland-flickr_M_15788104622_be592061dc_k.jpg,ca43fd812067f250e0bda1d395e7468c80f7a3627bdbf920ec1f8b182983a6eb,0.9996258020401,1744,2776,4841344,0.0363518890622108,0.9257854039402788,25.46732584807176,1.0,153.77439707099984,2,111509.28565729888
1262,187,1262,full_population,official_test,textdiffuserft_bfei,iphone15,netherland-flickr_M_30990255070_570d17d9d4_c,test/attack/textdiffuserft_bfei/iphone15/netherland-flickr_M_30990255070_570d17d9d4_c.jpg,data/processed/policy_c_official_test/test/attack/textdiffuserft_bfei/iphone15/netherland-flickr_M_30990255070_570d17d9d4_c.jpg,b0905b2051494c0a1742d06009358ef34cd6ddedca3ca9acb5f1823d60f033d2,0.9990731477737428,1746,2780,4853880,0.039032691372675,0.7421292028421388,19.01301644194764,1.0,153.77439707099984,2,111509.28565729888
1268,188,1268,full_population,official_test,textdiffuserft_bfei,iphone15,netherland-flickr_M_4188233342_8473de8906_c,test/attack/textdiffuserft_bfei/iphone15/netherland-flickr_M_4188233342_8473de8906_c.jpg,data/processed/policy_c_official_test/test/attack/textdiffuserft_bfei/iphone15/netherland-flickr_M_4188233342_8473de8906_c.jpg,562c59ba3be8b2397061756c278a50011fdd8227593176fbd4fee0d91dd1e689,0.9983130693435668,1747,2776,4849672,0.0382535148768823,0.7390935415479521,19.32093152555259,1.0,153.77439707099984,2,111509.28565729888
1276,189,1276,full_population,official_test,textdiffuserft_bfei,iphone15,singapore-flickr_F_33552363961_ea0fc80afb_k,test/attack/textdiffuserft_bfei/iphone15/singapore-flickr_F_33552363961_ea0fc80afb_k.jpg,data/processed/policy_c_official_test/test/attack/textdiffuserft_bfei/iphone15/singapore-flickr_F_33552363961_ea0fc80afb_k.jpg,0b759b67e53eff70a86d5a0b77b5f2711d83a18e07afcf38559ee9a356948898,0.9998862743377686,1745,2774,4840630,0.0435416464385834,0.817095942966577,18.76584855648744,1.0,153.77439707099984,2,111509.28565729888
1278,190,1278,full_population,official_test,textdiffuserft_bfei,iphone15,singapore-flickr_F_36921282312_c8e6a2674d_c,test/attack/textdiffuserft_bfei/iphone15/singapore-flickr_F_36921282312_c8e6a2674d_c.jpg,data/processed/policy_c_official_test/test/attack/textdiffuserft_bfei/iphone15/singapore-flickr_F_36921282312_c8e6a2674d_c.jpg,3cae94e4ca05165d260c8d701596e1143b55c0fcb39ceca5cc94a4bd68954590,0.9998156428337096,1736,2772,4812192,0.0463028075355264,0.945761775337384,20.425581636960917,1.0,153.77439707099984,2,111509.28565729888
1283,191,1283,full_population,official_test,textdiffuserft_bfei,iphone15,singapore-flickr_M_31226087931_7b83422543_c,test/attack/textdiffuserft_bfei/iphone15/singapore-flickr_M_31226087931_7b83422543_c.jpg,data/processed/policy_c_official_test/test/attack/textdiffuserft_bfei/iphone15/singapore-flickr_M_31226087931_7b83422543_c.jpg,edb7f22305be941943c85348929147898476b0a94d8ccbbfc6fdcb9c69c26b64,0.9998464584350586,1745,2778,4847610,0.0407241919213798,0.933546135732218,22.923625778369715,1.0,153.77439707099984,2,111509.28565729888
610,192,610,full_population,official_test,digital_3,iphone15pro,french-01_0029_000-d00491e2_1,test/attack/digital_3/iphone15pro/french-01_0029_000-d00491e2_1.jpg,data/processed/policy_c_official_test/test/attack/digital_3/iphone15pro/french-01_0029_000-d00491e2_1.jpg,ab6c359fc6195c0f9885d342aceb48a64dc1b12b5e6aa236008b68cd03b499d9,0.991296410560608,1782,2801,4991382,0.0249550124594751,0.4053486088202728,16.243173970701275,1.0,151.9405390339998,2,111509.28565729888
654,193,654,full_population,official_test,digital_3,iphone15pro,indian-NF-1061,test/attack/digital_3/iphone15pro/indian-NF-1061.jpg,data/processed/policy_c_official_test/test/attack/digital_3/iphone15pro/indian-NF-1061.jpg,8ae7496727bba6eb9d3a2639001c6f090a2fb9cfd640ecf604e152658f4e2cd0,0.99956876039505,1785,2796,4990860,0.0289777713660571,0.8562461241552713,29.54837738688999,1.0,151.9405390339998,2,111509.28565729888
627,194,627,full_population,official_test,digital_3,iphone15pro,french-NF-1047,test/attack/digital_3/iphone15pro/french-NF-1047.jpg,data/processed/policy_c_official_test/test/attack/digital_3/iphone15pro/french-NF-1047.jpg,d74dbe82cd9f5097c05b1f976e6dd8474bf2a0e38a937d1c049893174a77fd0e,0.9989678859710692,1781,2799,4985019,0.0261820466481672,0.7653021566222182,29.230035638783413,1.0,150.96920868400048,2,111509.28565729888
660,195,660,full_population,official_test,digital_3,iphone15pro,persian-01_0065_000-763dd95b_0,test/attack/digital_3/iphone15pro/persian-01_0065_000-763dd95b_0.jpg,data/processed/policy_c_official_test/test/attack/digital_3/iphone15pro/persian-01_0065_000-763dd95b_0.jpg,e0086118d24f1fb1c5db7a1a7eb1dd3abe11ffa2d918d6d5db3b0a428d1b4343,0.9948042035102844,1778,2806,4989068,0.0250750240325447,0.6173535989832812,24.620259513291828,1.0,150.96920868400048,2,111509.28565729888
664,196,664,full_population,official_test,digital_3,iphone15pro,persian-045_03,test/attack/digital_3/iphone15pro/persian-045_03.jpg,data/processed/policy_c_official_test/test/attack/digital_3/iphone15pro/persian-045_03.jpg,89849a831a9014a04e95c5feb34e6e89348f7cb7f858f89d7c8a28374f47a667,0.998284637928009,1783,2795,4983485,0.0245490856298353,0.8494901608153391,34.603739366281104,1.0,150.96920868400048,2,111509.28565729888
592,197,592,full_population,official_test,digital_3,iphone15pro,chinese-099_03,test/attack/digital_3/iphone15pro/chinese-099_03.jpg,data/processed/policy_c_official_test/test/attack/digital_3/iphone15pro/chinese-099_03.jpg,a4af2c5bb08e13fab4beee5aa6e2cd2ccf5b4cd205e7d20d6cb75d4af560bbcd,0.9862270951271056,1776,2804,4979904,0.0270507222629191,0.7290582075034188,26.95152463647172,1.0,150.28100856800302,2,111509.28565729888
657,198,657,full_population,official_test,digital_3,iphone15pro,indian-NM-1058,test/attack/digital_3/iphone15pro/indian-NM-1058.jpg,data/processed/policy_c_official_test/test/attack/digital_3/iphone15pro/indian-NM-1058.jpg,2012cfdd49869eaec665d301a5fab77a65b6fb054406d63f8ff77f591ba83be7,0.999761402606964,1768,2814,4975152,0.0273734350226887,0.9214001603146036,33.660377645366445,1.0,149.03332973200304,2,111509.28565729888
675,199,675,full_population,official_test,digital_3,iphone15pro,persian-NF-1097,test/attack/digital_3/iphone15pro/persian-NF-1097.jpg,data/processed/policy_c_official_test/test/attack/digital_3/iphone15pro/persian-NF-1097.jpg,780303766f4af6c0dfd54262c42246abf461aec1d50a4e65761f6697f91b3431,0.9967216849327089,1773,2800,4964400,0.0224593102892595,0.8117804807787862,36.144497329777536,1.0,143.5583459469999,2,111509.28565729888
676,200,676,full_population,official_test,digital_3,iphone15pro,persian-NF-1108,test/attack/digital_3/iphone15pro/persian-NF-1108.jpg,data/processed/policy_c_official_test/test/attack/digital_3/iphone15pro/persian-NF-1108.jpg,288c4b2ed89e0013aff150f6bede85c8ce1f79d1f90f3942cbe3c1ccb896997d,0.9994433522224426,1776,2797,4967472,0.023570137889051,0.8489013352305238,36.015968138432584,1.0,143.5583459469999,2,111509.28565729888
653,201,653,full_population,official_test,digital_3,iphone15pro,indian-NF-1039,test/attack/digital_3/iphone15pro/indian-NF-1039.jpg,data/processed/policy_c_official_test/test/attack/digital_3/iphone15pro/indian-NF-1039.jpg,de17f6bd549bf06b4f1eadbb0cba46445075bc689edd349de26d50ef50469a89,0.9936903715133668,1768,2801,4952168,0.0296193505551507,0.512284990014973,17.295618587622503,1.0,136.68585434600027,2,111509.28565729888
634,202,634,full_population,official_test,digital_3,iphone15pro,french-NM-1104,test/attack/digital_3/iphone15pro/french-NM-1104.jpg,data/processed/policy_c_official_test/test/attack/digital_3/iphone15pro/french-NM-1104.jpg,dd57a65d0d7dd7278291394a989b247086c9f87b20d245a8a6120995bc78afaa,0.9519359469413756,1777,2785,4948945,0.0249253123645544,0.1906413834456967,7.648505288816446,1.0,136.09046761300124,2,111509.28565729888
591,203,591,full_population,official_test,digital_3,iphone15pro,chinese-096_03,test/attack/digital_3/iphone15pro/chinese-096_03.jpg,data/processed/policy_c_official_test/test/attack/digital_3/iphone15pro/chinese-096_03.jpg,e086b746bc5fed293ffd03a4c6a7657eaf30c1f2d9fd9cb4faf9b2fab719465c,0.9938971400260924,1764,2801,4940964,0.0248973682058804,0.207887039938257,8.349759629981957,1.0,133.4758757210002,2,111509.28565729888
626,204,626,full_population,official_test,digital_3,iphone15pro,french-NF-1020,test/attack/digital_3/iphone15pro/french-NF-1020.jpg,data/processed/policy_c_official_test/test/attack/digital_3/iphone15pro/french-NF-1020.jpg,a0453d0ac6346ad9c74e1be3b6f695138a844a58f3a7a77dbae00882f535162f,0.997830092906952,1773,2786,4939578,0.0252068091646695,0.5930605088230206,23.527789850302373,1.0,133.4758757210002,2,111509.28565729888
573,205,573,full_population,official_test,digital_3,iphone15pro,arabic-NM-1029,test/attack/digital_3/iphone15pro/arabic-NM-1029.jpg,data/processed/policy_c_official_test/test/attack/digital_3/iphone15pro/arabic-NM-1029.jpg,c00a26b096350c4ff442a18d7db080a019ae4af2d8d03d89e964f89d9b9531b2,0.9993265867233276,1763,2789,4917007,0.0368250441782979,0.7189279303477667,19.522798855770347,1.0,125.72881737100397,2,111509.28565729888
587,206,587,full_population,official_test,digital_3,iphone15pro,chinese-020_03,test/attack/digital_3/iphone15pro/chinese-020_03.jpg,data/processed/policy_c_official_test/test/attack/digital_3/iphone15pro/chinese-020_03.jpg,90543867fca6e4f3065d1fb5818cfa6969ac60a11ac912af6b6a81cdcc6e6ad5,0.9989480376243592,1765,2794,4931410,0.0244248602326717,0.789688264442339,32.331331967501555,1.0,125.72881737100397,2,111509.28565729888
590,207,590,full_population,official_test,digital_3,iphone15pro,chinese-081_03,test/attack/digital_3/iphone15pro/chinese-081_03.jpg,data/processed/policy_c_official_test/test/attack/digital_3/iphone15pro/chinese-081_03.jpg,da4c8a0449d7763465295587fa86c6b359b43b53d917af4d7d0981f9a1ac78d8,0.9970165491104126,1766,2791,4928906,0.0255259483544624,0.6941270295676257,27.192996707849204,1.0,125.72881737100397,2,111509.28565729888
635,208,635,full_population,official_test,digital_3,iphone15pro,indian-012_03,test/attack/digital_3/iphone15pro/indian-012_03.jpg,data/processed/policy_c_official_test/test/attack/digital_3/iphone15pro/indian-012_03.jpg,4ffbd5298169eb061d884ea43f2de5bb5f6602611b09a3f7bf6c5d47ab99a22b,0.9980337023735046,1766,2789,4925374,0.0309503400147887,0.6521994846871093,21.07244974935573,1.0,125.72881737100397,2,111509.28565729888
564,209,564,full_population,official_test,digital_3,iphone15pro,arabic-NF-1030,test/attack/digital_3/iphone15pro/arabic-NF-1030.jpg,data/processed/policy_c_official_test/test/attack/digital_3/iphone15pro/arabic-NF-1030.jpg,4fbd4b47220d74303110134b45ec5475a6e825ce30f72c8cd12652812fa635a0,0.9998137354850768,1760,2789,4908640,0.0351009648293621,0.8430492666507868,24.01783742267884,1.0,125.35786895399906,2,111509.28565729888
608,210,608,full_population,official_test,digital_3,iphone15pro,french-019_03,test/attack/digital_3/iphone15pro/french-019_03.jpg,data/processed/policy_c_official_test/test/attack/digital_3/iphone15pro/french-019_03.jpg,c7317fbfcc63a1e59c1eb91f92623dd9aab8969f9cf3a57420a3864858e61e32,0.9993896484375,1765,2783,4911995,0.0270334151398769,0.8296757254409882,30.69074777078883,1.0,125.35786895399906,2,111509.28565729888
567,211,567,full_population,official_test,digital_3,iphone15pro,arabic-NF-1045,test/attack/digital_3/iphone15pro/arabic-NF-1045.jpg,data/processed/policy_c_official_test/test/attack/digital_3/iphone15pro/arabic-NF-1045.jpg,f40cb1e4fc47469b6000953a191030dcaf404be7b3674033068b3314148ad48d,0.9998430013656616,1771,2766,4898586,0.038071394479958,0.8766592632480701,23.026717965625597,1.0,124.32926489300007,2,111509.28565729888
570,212,570,full_population,official_test,digital_3,iphone15pro,arabic-NF-1053,test/attack/digital_3/iphone15pro/arabic-NF-1053.jpg,data/processed/policy_c_official_test/test/attack/digital_3/iphone15pro/arabic-NF-1053.jpg,c4b6c070998da65c3a663d12b9350332c76848061a72b079ee51f913790d2659,0.99946528673172,1766,2772,4895352,0.0370134772739529,0.9051372046819908,24.4542602139938,1.0,124.32926489300007,2,111509.28565729888
588,213,588,full_population,official_test,digital_3,iphone15pro,chinese-039_03,test/attack/digital_3/iphone15pro/chinese-039_03.jpg,data/processed/policy_c_official_test/test/attack/digital_3/iphone15pro/chinese-039_03.jpg,5f6a5c84e8847fcef9c450e507124f91f8a4149c405c84576374dccb1e02ed6d,0.9985406398773192,1763,2782,4904666,0.0257695427170779,0.5082364766070476,19.72237079202144,1.0,124.32926489300007,2,111509.28565729888
643,214,643,full_population,official_test,digital_3,iphone15pro,indian-01_0087_000-7edaffe9_0,test/attack/digital_3/iphone15pro/indian-01_0087_000-7edaffe9_0.jpg,data/processed/policy_c_official_test/test/attack/digital_3/iphone15pro/indian-01_0087_000-7edaffe9_0.jpg,5e29ff5c5119399d14d2a32ac8c4d7053853535395703ff4a5fd6c7585ded453,0.9997919201850892,1762,2782,4901884,0.0317377971408544,0.8534835312178551,26.891706674853317,1.0,124.32926489300007,2,111509.28565729888
575,215,575,full_population,official_test,digital_3,iphone15pro,arabic-NM-1090,test/attack/digital_3/iphone15pro/arabic-NM-1090.jpg,data/processed/policy_c_official_test/test/attack/digital_3/iphone15pro/arabic-NM-1090.jpg,3c679f9a9087088a7f686f238a013dfe4bef314d583e558b877d2a02aea341bd,0.9998612403869628,1767,2766,4887522,0.0326627685767961,0.8682838607019066,26.583290349696217,1.0,123.90387099799955,2,111509.28565729888
552,216,552,full_population,official_test,digital_3,iphone15pro,arabic-005_03,test/attack/digital_3/iphone15pro/arabic-005_03.jpg,data/processed/policy_c_official_test/test/attack/digital_3/iphone15pro/arabic-005_03.jpg,f8bd415a58f4ad77089b9971d0c613575ddc18f1ebcb0e33ba98f4558e5383ad,0.999835729598999,1703,2743,4671329,0.0365189435383378,0.8532264967069326,23.363942492235857,1.0,123.55572570399818,2,111509.28565729888
556,217,556,full_population,official_test,digital_3,iphone15pro,arabic-024_03,test/attack/digital_3/iphone15pro/arabic-024_03.jpg,data/processed/policy_c_official_test/test/attack/digital_3/iphone15pro/arabic-024_03.jpg,7cde66e6d812a7977e2824733ec6a44e7ad98582bf07c237c40c318030659ac5,0.9995341300964355,1748,2769,4840212,0.0370244113274377,0.6876493015212405,18.572862521426327,1.0,123.55572570399818,2,111509.28565729888
583,218,583,full_population,official_test,digital_3,iphone15pro,chinese-01_0028_000-611e103a_0,test/attack/digital_3/iphone15pro/chinese-01_0028_000-611e103a_0.jpg,data/processed/policy_c_official_test/test/attack/digital_3/iphone15pro/chinese-01_0028_000-611e103a_0.jpg,4d3703b16c48f4f62ea03dfd5dfcab14abe80a4b688086c02c94be833de9611d,0.9980847835540771,1755,2777,4873635,0.0301011462696734,0.6523543854900813,21.672077855298173,1.0,123.55572570399818,2,111509.28565729888
287,219,287,full_population,dev_val,digital_2,iphone15pro,usa-NM-1038,train/attack/digital_2/iphone15pro/usa-NM-1038.jpg,data/processed/policy_c/train/attack/digital_2/iphone15pro/usa-NM-1038.jpg,cf3151a0360f94a73489f6b5fc296cd3704b566915009600f539423dcd3ac062,0.7640400528907776,1617,2650,4285050,0.1035159449714705,0.109650792760789,1.0592647614916646,1.0,66.38288141399971,2,111509.28565729888
571,220,571,full_population,official_test,digital_3,iphone15pro,arabic-NF-1098,test/attack/digital_3/iphone15pro/arabic-NF-1098.jpg,data/processed/policy_c_official_test/test/attack/digital_3/iphone15pro/arabic-NF-1098.jpg,32865025ac3a21a1f824bca273a7e92eaed923f0b727aaa95ff9b683e5305813,0.9999136924743652,1608,2624,4219392,0.0349514811612668,0.9645307117493204,27.596275742906464,1.0,66.38288141399971,2,111509.28565729888
602,221,602,full_population,official_test,digital_3,iphone15pro,chinese-NF-1067,test/attack/digital_3/iphone15pro/chinese-NF-1067.jpg,data/processed/policy_c_official_test/test/attack/digital_3/iphone15pro/chinese-NF-1067.jpg,37e0b81b04d92976bd821819a165e60b1c1450b3b4bdf2a649b9dc130249ab3b,0.9854023456573486,1609,2633,4236497,0.0334401275393326,0.3967198226551789,11.863585812839773,1.0,66.38288141399971,2,111509.28565729888
617,222,617,full_population,official_test,digital_3,iphone15pro,french-090_03,test/attack/digital_3/iphone15pro/french-090_03.jpg,data/processed/policy_c_official_test/test/attack/digital_3/iphone15pro/french-090_03.jpg,8ff7b7211ba6fbee37285b46c4afd1f17a6c3db6298417143bad7c18e11bce14,0.9999361038208008,1616,2646,4275936,0.0290715296019397,0.895419906878346,30.80057771774759,1.0,66.38288141399971,2,111509.28565729888
631,223,631,full_population,official_test,digital_3,iphone15pro,french-NF-1095,test/attack/digital_3/iphone15pro/french-NF-1095.jpg,data/processed/policy_c_official_test/test/attack/digital_3/iphone15pro/french-NF-1095.jpg,d6d26df244ff1f8c355baa8c6e56c7c4d9540400ca0144eed5302dd4ac5edba9,0.9997974038124084,1601,2626,4204226,0.0293342936369262,0.622434931589628,21.218678018757583,1.0,66.38288141399971,2,111509.28565729888
647,224,647,full_population,official_test,digital_3,iphone15pro,indian-037_03,test/attack/digital_3/iphone15pro/indian-037_03.jpg,data/processed/policy_c_official_test/test/attack/digital_3/iphone15pro/indian-037_03.jpg,949979d18344eb426027b71f10efd8e99751b2a213ed3d9f392b78e93c550587,0.9939395189285278,1612,2629,4237948,0.035893786332442,0.4962397387878296,13.825226856585797,1.0,66.38288141399971,2,111509.28565729888
681,225,681,full_population,official_test,digital_3,iphone15pro,portugal-013_03,test/attack/digital_3/iphone15pro/portugal-013_03.jpg,data/processed/policy_c_official_test/test/attack/digital_3/iphone15pro/portugal-013_03.jpg,49d0fcb85981a73e8d5a4b831d1b916743b663b8a6d3f9d2161a9e36cc82e280,0.9984488487243652,1614,2641,4262574,0.0372167145954533,0.5960667550450462,16.016103557885405,1.0,66.38288141399971,2,111509.28565729888
692,226,692,full_population,official_test,digital_3,iphone15pro,portugal-125_03,test/attack/digital_3/iphone15pro/portugal-125_03.jpg,data/processed/policy_c_official_test/test/attack/digital_3/iphone15pro/portugal-125_03.jpg,98e11bb71809fdcd2d84b683275c9330bd19f70a127909e1153f42612d1b7b2c,0.999974250793457,1611,2634,4243374,0.032932048883742,0.8728558331997539,26.50475335686347,1.0,66.38288141399971,2,111509.28565729888
693,227,693,full_population,official_test,digital_3,iphone15pro,portugal-143_03,test/attack/digital_3/iphone15pro/portugal-143_03.jpg,data/processed/policy_c_official_test/test/attack/digital_3/iphone15pro/portugal-143_03.jpg,63a09c93fe3ceb172f21bf252890209c6df4ae6f0098508f6ce880b3ad61e940,0.9997398257255554,1621,2633,4268093,0.0336740553685217,0.7654832403841718,22.732137011918685,1.0,66.38288141399971,2,111509.28565729888
694,228,694,full_population,official_test,digital_3,iphone15pro,portugal-172_03,test/attack/digital_3/iphone15pro/portugal-172_03.jpg,data/processed/policy_c_official_test/test/attack/digital_3/iphone15pro/portugal-172_03.jpg,573725f4420f8d91d767a6423581d8dc11b8c38d85f63b5f00ab3cc62a4c523e,0.9979793429374696,1604,2633,4223332,0.0353514713027533,0.7412228004691104,20.96724048968733,1.0,66.38288141399971,2,111509.28565729888
701,229,701,full_population,official_test,digital_3,iphone15pro,portugal-NF-1066,test/attack/digital_3/iphone15pro/portugal-NF-1066.jpg,data/processed/policy_c_official_test/test/attack/digital_3/iphone15pro/portugal-NF-1066.jpg,d8ce4fafae7351590c9c03db084f791cbfa888968529a5a5a6bf07d1dbf41074,0.999068558216095,1613,2639,4256707,0.037066445963981,0.8963222540777369,24.181499757185478,1.0,66.38288141399971,2,111509.28565729888
738,230,738,full_population,official_test,digital_3,iphone15pro,turkiye-01_0093_000-330a7661_0,test/attack/digital_3/iphone15pro/turkiye-01_0093_000-330a7661_0.jpg,data/processed/policy_c_official_test/test/attack/digital_3/iphone15pro/turkiye-01_0093_000-330a7661_0.jpg,2ef90ae96bf7314379a7d71ed5e88a6bb6da282b2e256aa2344260a388804e73,0.9999600648880004,1614,2636,4254504,0.0229291123007523,0.9579160213358696,41.77728334055214,1.0,66.38288141399971,2,111509.28565729888
749,231,749,full_population,official_test,digital_3,iphone15pro,turkiye-121_03,test/attack/digital_3/iphone15pro/turkiye-121_03.jpg,data/processed/policy_c_official_test/test/attack/digital_3/iphone15pro/turkiye-121_03.jpg,e3de3cdd9c84a96cdbced506e2af9115d3fc2ba37193dd6acd243fcfcccdc157,0.999531388282776,1613,2633,4247029,0.0258646691604884,0.7151070794719141,27.64802731613251,1.0,66.38288141399971,2,111509.28565729888
793,232,793,full_population,official_test,digital_3,iphone15pro,usa-067_03,test/attack/digital_3/iphone15pro/usa-067_03.jpg,data/processed/policy_c_official_test/test/attack/digital_3/iphone15pro/usa-067_03.jpg,cf017b1704fa0524e778dd7a8b512fda502f44477efd69613b29f911587ec840,0.9995550513267516,1607,2633,4231231,0.0283343074391353,0.6028992189062643,21.27806441718566,1.0,66.38288141399971,2,111509.28565729888
862,233,862,full_population,official_test,digital_3,scan,chinese-NF-1050,test/attack/digital_3/scan/chinese-NF-1050.jpg,data/processed/policy_c_official_test/test/attack/digital_3/scan/chinese-NF-1050.jpg,8da1609890631c190215dbb1ba1ca02defb31baad804c17226c7c1d233b216d7,0.9926935434341432,1247,1993,2485271,0.0311841243872398,0.402697199539603,12.913532364704825,1.0,33.14769974800038,2,111509.28565729888
863,234,863,full_population,official_test,digital_3,scan,chinese-NF-1059,test/attack/digital_3/scan/chinese-NF-1059.jpg,data/processed/policy_c_official_test/test/attack/digital_3/scan/chinese-NF-1059.jpg,2621f30e63c1a54aed5db1c2cbe7b95aed97374f06c6f810a682c3e4452f957e,0.9876861572265624,1248,1994,2488512,0.0309679037111334,0.619964229524181,20.01957366269177,1.0,33.14769974800038,2,111509.28565729888
908,235,908,full_population,official_test,digital_3,scan,indian-021_03,test/attack/digital_3/scan/indian-021_03.jpg,data/processed/policy_c_official_test/test/attack/digital_3/scan/indian-021_03.jpg,5d7facf9aae9437bfa7b27ce831dac1a3017d92a731486706c2868c11fd41461,0.7862530946731567,1249,1992,2488008,0.0294958858653187,0.1386211343723308,4.699676931396099,1.0,33.14769974800038,2,111509.28565729888
915,236,915,full_population,official_test,digital_3,scan,indian-NF-1039,test/attack/digital_3/scan/indian-NF-1039.jpg,data/processed/policy_c_official_test/test/attack/digital_3/scan/indian-NF-1039.jpg,27ed77a88e5dada9fe6aaee2db4d0beafe28f3074c5a3d3eaa709b1eba8aff3f,0.9317501187324524,1248,1994,2488512,0.033533292184245,0.3378017847824799,10.073624233685871,1.0,33.14769974800038,2,111509.28565729888
924,237,924,full_population,official_test,digital_3,scan,persian-01_0096_000-75b0e83b_0,test/attack/digital_3/scan/persian-01_0096_000-75b0e83b_0.jpg,data/processed/policy_c_official_test/test/attack/digital_3/scan/persian-01_0096_000-75b0e83b_0.jpg,48332f95a4c49ff8d640d994e2e4ccfc5ff452a1046048cef261554749adf251,0.9223595261573792,1249,1992,2488008,0.0257378593637962,0.2395315970139172,9.306585820841438,1.0,33.14769974800038,2,111509.28565729888
943,238,943,full_population,official_test,digital_3,scan,portugal-013_03,test/attack/digital_3/scan/portugal-013_03.jpg,data/processed/policy_c_official_test/test/attack/digital_3/scan/portugal-013_03.jpg,acbada229bfe7170b665d6c3e04abce5fbdf50002e9d451f93930781a99cd715,0.99232280254364,1244,1998,2485512,0.0363558896517095,0.5768199338021096,15.86592817087026,1.0,33.14769974800038,2,111509.28565729888
982,239,982,full_population,official_test,digital_3,scan,russian-141_03,test/attack/digital_3/scan/russian-141_03.jpg,data/processed/policy_c_official_test/test/attack/digital_3/scan/russian-141_03.jpg,0c49038a91f9b1d56a48d628b9c1200ff7f00d043be5393e0b59c7f64151a4d6,0.9810209274291992,1247,1993,2485271,0.0224522798519759,0.5026583550538934,22.38785363303127,1.0,33.14769974800038,2,111509.28565729888
1302,240,1302,full_population,official_test,textdiffuserft_bfei,scan,netherland-flickr_F_26297818201_09eab93588_k,test/attack/textdiffuserft_bfei/scan/netherland-flickr_F_26297818201_09eab93588_k.jpg,data/processed/policy_c_official_test/test/attack/textdiffuserft_bfei/scan/netherland-flickr_F_26297818201_09eab93588_k.jpg,28280dfa07cb482360c5bb12a37615600a4d61c122d2dd14d95c437a610b78a2,0.9949511289596558,1246,1997,2488262,0.0362385472269399,0.6860009438067662,18.93014472988557,1.0,33.14769974800038,2,111509.28565729888
1319,241,1319,full_population,official_test,textdiffuserft_bfei,scan,singapore-flickr_F_33552363961_ea0fc80afb_k,test/attack/textdiffuserft_bfei/scan/singapore-flickr_F_33552363961_ea0fc80afb_k.jpg,data/processed/policy_c_official_test/test/attack/textdiffuserft_bfei/scan/singapore-flickr_F_33552363961_ea0fc80afb_k.jpg,aace0ffcd41cff174e9bf097574660a0658f1ab786d46d6b27f97d81906eca7c,0.999578297138214,1246,1997,2488262,0.0501349938229977,0.8829858238630477,17.61216580539415,1.0,33.14769974800038,2,111509.28565729888
1325,242,1325,full_population,official_test,textdiffuserft_bfei,scan,singapore-flickr_M_30456580904_06749c0622_c,test/attack/textdiffuserft_bfei/scan/singapore-flickr_M_30456580904_06749c0622_c.jpg,data/processed/policy_c_official_test/test/attack/textdiffuserft_bfei/scan/singapore-flickr_M_30456580904_06749c0622_c.jpg,4ccc8e27006e0990712a27d02f462932d0c56f79f2ae303e66d8ae70f7fa4bce,0.9996999502182008,1248,1994,2488512,0.0451494708484427,0.8601043058276338,19.050152519280285,1.0,33.14769974800038,2,111509.28565729888
857,243,857,full_population,official_test,digital_3,scan,chinese-113_03,test/attack/digital_3/scan/chinese-113_03.jpg,data/processed/policy_c_official_test/test/attack/digital_3/scan/chinese-113_03.jpg,6a2b6c08e587e3b584480a91bc414d11f630ec04271d269a3bbd765f9c40d190,0.9725913405418396,1250,1990,2487500,0.0291272361809045,0.2816754330275255,9.67051701294573,1.0,33.10741826899175,2,111509.28565729888
926,244,926,full_population,official_test,digital_3,scan,persian-045_03,test/attack/digital_3/scan/persian-045_03.jpg,data/processed/policy_c_official_test/test/attack/digital_3/scan/persian-045_03.jpg,de7162de590db82baa45ade4cba9ed544ecb7940aec9e91a511d8976ce4cff14,0.9859399795532228,1245,1999,2488755,0.0247027128021842,0.4930344290349897,19.95871599136251,1.0,33.10741826899175,2,111509.28565729888
955,245,955,full_population,official_test,digital_3,scan,portugal-143_03,test/attack/digital_3/scan/portugal-143_03.jpg,data/processed/policy_c_official_test/test/attack/digital_3/scan/portugal-143_03.jpg,e1f32a3b07eb79cbff41ea171310a640820f0930642d9e8149a834e3857c1ea6,0.9912793040275574,1247,1995,2487765,0.0347605179749695,0.7657660239868164,22.029764474114927,1.0,33.10741826899175,2,111509.28565729888
969,246,969,full_population,official_test,digital_3,scan,portugal-NM-1091,test/attack/digital_3/scan/portugal-NM-1091.jpg,data/processed/policy_c_official_test/test/attack/digital_3/scan/portugal-NM-1091.jpg,4df2b1056c257150e019be2d7ef09890779b24189904d9f7dcbaf7db502e2dca,0.8408072590827942,1248,1993,2487264,0.0305351583104969,0.186983762498928,6.123556347656107,1.0,33.10741826899175,2,111509.28565729888
1006,247,1006,full_population,official_test,digital_3,scan,turkiye-086_03,test/attack/digital_3/scan/turkiye-086_03.jpg,data/processed/policy_c_official_test/test/attack/digital_3/scan/turkiye-086_03.jpg,c3d4d805f7c08b26d0160e0462f96251c66838c588b50cef38bafbe6abe2574a,0.9703962802886964,1248,1993,2487264,0.0252626982901694,0.6146359309767631,24.329781558446527,1.0,33.10741826899175,2,111509.28565729888
1007,248,1007,full_population,official_test,digital_3,scan,turkiye-092_03,test/attack/digital_3/scan/turkiye-092_03.jpg,data/processed/policy_c_official_test/test/attack/digital_3/scan/turkiye-092_03.jpg,9f0953e997c109ae36e26b7e79bba54b0681f8ef11e67b4a72cb1b8d69f948e1,0.9799163341522216,1247,1995,2487765,0.0222894847383092,0.5555862584676582,24.925935479915484,1.0,33.10741826899175,2,111509.28565729888
1039,249,1039,full_population,official_test,digital_3,scan,ukraine-NF-1057,test/attack/digital_3/scan/ukraine-NF-1057.jpg,data/processed/policy_c_official_test/test/attack/digital_3/scan/ukraine-NF-1057.jpg,1196cd3cdb66818d970dfe128082d9774ebd593517fdebcf5c32d1cbbbcea4c5,0.9463934302330016,1250,1991,2488750,0.0227391260673028,0.3579930197436795,15.743481903574397,1.0,33.10741826899175,2,111509.28565729888
1053,250,1053,full_population,official_test,digital_3,scan,usa-043_03,test/attack/digital_3/scan/usa-043_03.jpg,data/processed/policy_c_official_test/test/attack/digital_3/scan/usa-043_03.jpg,0e841fc5309f30ee6f1da3bce08531dfc31bbfebf5e2117c2363ce0cd15f8927,0.98349791765213,1250,1990,2487500,0.0252108542713567,0.5105909180203004,20.25282096848286,1.0,33.10741826899175,2,111509.28565729888
1160,251,1160,full_population,official_test,facedancer,scan,netherland-flickr_M_15788104622_be592061dc_k,test/attack/facedancer/scan/netherland-flickr_M_15788104622_be592061dc_k.jpg,data/processed/policy_c_official_test/test/attack/facedancer/scan/netherland-flickr_M_15788104622_be592061dc_k.jpg,54bd6a2fac3c817f567c0b9ae29db0716775ea0a2be15d9d7c386134605e9810,0.5908291935920715,1245,1999,2488755,0.0776179254285777,0.1200911831751509,1.5472093915426297,0.0,33.10741826899175,2,111509.28565729888
1165,252,1165,full_population,official_test,facedancer,scan,netherland-flickr_M_26828968014_910728ddd9_k,test/attack/facedancer/scan/netherland-flickr_M_26828968014_910728ddd9_k.jpg,data/processed/policy_c_official_test/test/attack/facedancer/scan/netherland-flickr_M_26828968014_910728ddd9_k.jpg,8c01243f84d46b63fe4ea5079af001df540e36f10d7d86a29a795f36df38b305,0.5961445569992065,1248,1993,2487264,0.0721330747359347,0.1178412171189919,1.6336641346620238,1.0,33.10741826899175,2,111509.28565729888
1300,253,1300,full_population,official_test,textdiffuserft_bfei,scan,chinese2-flickr_M_38999105422_457bedeef7_o,test/attack/textdiffuserft_bfei/scan/chinese2-flickr_M_38999105422_457bedeef7_o.jpg,data/processed/policy_c_official_test/test/attack/textdiffuserft_bfei/scan/chinese2-flickr_M_38999105422_457bedeef7_o.jpg,220b4ca7f470954fff4a1b42d5814a810a9077b69d0325a325e9b221c047c1c0,0.955865442752838,1248,1993,2487264,0.0500791230846424,0.3092212896543179,6.174654638654123,1.0,33.10741826899175,2,111509.28565729888
875,254,875,full_population,official_test,digital_3,scan,french-022_03,test/attack/digital_3/scan/french-022_03.jpg,data/processed/policy_c_official_test/test/attack/digital_3/scan/french-022_03.jpg,9b8945f3619ef0fa18bcbf7ecfa0c3d1dbbf3493d293fdbbdff1c3cccdb1a6f5,0.9353882670402528,1247,1991,2482777,0.0265215120004736,0.2131388240105082,8.036450712414197,1.0,33.01359103999857,2,111509.28565729888
904,255,904,full_population,official_test,digital_3,scan,indian-01_0082_000-1b935c0e_0,test/attack/digital_3/scan/indian-01_0082_000-1b935c0e_0.jpg,data/processed/policy_c_official_test/test/attack/digital_3/scan/indian-01_0082_000-1b935c0e_0.jpg,641c598d1297e523720aa601393fda8d39294b348b8e6ee3f4e99a1f8ca5b7d5,0.9616350531578064,1246,1994,2484524,0.0349966432201902,0.4525879800736012,12.932325458359792,1.0,33.01359103999857,2,111509.28565729888
910,256,910,full_population,official_test,digital_3,scan,indian-038_03,test/attack/digital_3/scan/indian-038_03.jpg,data/processed/policy_c_official_test/test/attack/digital_3/scan/indian-038_03.jpg,f406ba538b8499476478d42c6553c665a9f53b824095f4a6b249d75f13679272,0.9514413475990297,1247,1992,2484024,0.0327066083097425,0.2298949177538325,7.029005134884376,1.0,33.01359103999857,2,111509.28565729888
988,257,988,full_population,official_test,digital_3,scan,russian-NF-1089,test/attack/digital_3/scan/russian-NF-1089.jpg,data/processed/policy_c_official_test/test/attack/digital_3/scan/russian-NF-1089.jpg,2350ea52cf523706868ba95afb34c50f3a8ae5aea524c9a7b5f7f65571d70694,0.9824969172477722,1246,1992,2482032,0.0194727545817298,0.7310833387249953,37.54390965369274,1.0,33.01359103999857,2,111509.28565729888
1001,258,1001,full_population,official_test,digital_3,scan,turkiye-031_03,test/attack/digital_3/scan/turkiye-031_03.jpg,data/processed/policy_c_official_test/test/attack/digital_3/scan/turkiye-031_03.jpg,0ffa03971b51cef7ebb3d7ecde473690fe47d310a19fcf99f55ea529c6d95cdc,0.9946227073669434,1248,1990,2483520,0.0236905682257441,0.7950534480603637,33.559914666647536,1.0,33.01359103999857,2,111509.28565729888
1012,259,1012,full_population,official_test,digital_3,scan,turkiye-126_03,test/attack/digital_3/scan/turkiye-126_03.jpg,data/processed/policy_c_official_test/test/attack/digital_3/scan/turkiye-126_03.jpg,4b44b0a45fbc2a4d6fecb8ee41264d716695a2a96fdd099e5d9c423e7f8455fb,0.9854981899261476,1247,1992,2484024,0.0248701300792584,0.6544256585735743,26.31372077620778,1.0,33.01359103999857,2,111509.28565729888
1025,260,1025,full_population,official_test,digital_3,scan,ukraine-006_03,test/attack/digital_3/scan/ukraine-006_03.jpg,data/processed/policy_c_official_test/test/attack/digital_3/scan/ukraine-006_03.jpg,c450963863d37590eb7fb280e20d0886a4383245473ab724c34b93ede948f740,0.9850271940231324,1245,1994,2482530,0.024869790093171,0.6154946176036147,24.74868566633465,1.0,33.01359103999857,2,111509.28565729888
1047,261,1047,full_population,official_test,digital_3,scan,usa-009_03,test/attack/digital_3/scan/usa-009_03.jpg,data/processed/policy_c_official_test/test/attack/digital_3/scan/usa-009_03.jpg,4abfab55efc1d8f61c7932bff0cdd3b68fd65a8a13f06d35a3c005bab9215ee6,0.9796169400215148,1246,1993,2483278,0.0247958545116575,0.2221549906081925,8.959360142387839,1.0,33.01359103999857,2,111509.28565729888
1061,262,1061,full_population,official_test,digital_3,scan,usa-NF-1009,test/attack/digital_3/scan/usa-NF-1009.jpg,data/processed/policy_c_official_test/test/attack/digital_3/scan/usa-NF-1009.jpg,d1bc203ed6238566c70c0a9dfebf10ae119238dcc0cec392f5017908fd840f6f,0.9921423196792604,1245,1993,2481285,0.0246948657651176,0.527722440414998,21.36972297943906,1.0,33.01359103999857,2,111509.28565729888
1288,263,1288,full_population,official_test,textdiffuserft_bfei,scan,chinese2-flickr_F_39035705701_833f3da9bf_o,test/attack/textdiffuserft_bfei/scan/chinese2-flickr_F_39035705701_833f3da9bf_o.jpg,data/processed/policy_c_official_test/test/attack/textdiffuserft_bfei/scan/chinese2-flickr_F_39035705701_833f3da9bf_o.jpg,caa41cb63ea5bca6e8fc72e7b1603df5560525e4c7d9288f06128668181030ba,0.8789522647857666,1244,1997,2484268,0.0412592361210626,0.2908042629742865,7.048222175539321,1.0,33.01359103999857,2,111509.28565729888
1290,264,1290,full_population,official_test,textdiffuserft_bfei,scan,chinese2-flickr_M_21459989349_7ab0e1ace5_k,test/attack/textdiffuserft_bfei/scan/chinese2-flickr_M_21459989349_7ab0e1ace5_k.jpg,data/processed/policy_c_official_test/test/attack/textdiffuserft_bfei/scan/chinese2-flickr_M_21459989349_7ab0e1ace5_k.jpg,4953cf3d4d0a053c1f82c3954ee724fbc9979aa878978697cd46e8200bd49fc4,0.9319700002670288,1246,1994,2484524,0.0442322151043821,0.4754901145492989,10.749859879890828,1.0,33.01359103999857,2,111509.28565729888
1292,265,1292,full_population,official_test,textdiffuserft_bfei,scan,chinese2-flickr_M_24291592906_b097dd45e5_k,test/attack/textdiffuserft_bfei/scan/chinese2-flickr_M_24291592906_b097dd45e5_k.jpg,data/processed/policy_c_official_test/test/attack/textdiffuserft_bfei/scan/chinese2-flickr_M_24291592906_b097dd45e5_k.jpg,5a9cbda33ea13741dd750ce553ec904922a4649fd139f7610ff5a942ba28c1d1,0.9330763220787048,1243,1998,2483514,0.047311994214649,0.291059366393303,6.151914989522533,1.0,33.01359103999857,2,111509.28565729888
880,266,880,full_population,official_test,digital_3,scan,french-091_03,test/attack/digital_3/scan/french-091_03.jpg,data/processed/policy_c_official_test/test/attack/digital_3/scan/french-091_03.jpg,aa17644d7afbba8b779d89b9bc4bd925988e21dee0f52eb4aadd7897366ac60d,0.9655748009681702,1247,1994,2486518,0.0310180742709282,0.4947343350845561,15.949872669827434,1.0,33.00236668200023,2,111509.28565729888
916,267,916,full_population,official_test,digital_3,scan,indian-NF-1061,test/attack/digital_3/scan/indian-NF-1061.jpg,data/processed/policy_c_official_test/test/attack/digital_3/scan/indian-NF-1061.jpg,71ae7da1f3d9099b5c035f5240fbc57eee6db0840bd6b47e4e6601948201ee02,0.86583411693573,1246,1995,2485770,0.0340594664832225,0.2395991305437853,7.0347294095698905,1.0,33.00236668200023,2,111509.28565729888
940,268,940,full_population,official_test,digital_3,scan,persian-NM-1035,test/attack/digital_3/scan/persian-NM-1035.jpg,data/processed/policy_c_official_test/test/attack/digital_3/scan/persian-NM-1035.jpg,44c634d8ed85054971aa666d4fd4c5107c61fabb3bb2088a4b1bd75c32e87b29,0.9536614418029784,1247,1994,2486518,0.0264659254427275,0.3785747113771371,14.304231008145765,1.0,33.00236668200023,2,111509.28565729888
976,269,976,full_population,official_test,digital_3,scan,russian-027_03,test/attack/digital_3/scan/russian-027_03.jpg,data/processed/policy_c_official_test/test/attack/digital_3/scan/russian-027_03.jpg,de342c2a333cd09654a272d4761c19086cea86081b5cea09b8ccc138daf50931,0.9974937438964844,1246,1995,2485770,0.0194249669116611,0.7700101869654895,39.64023158789721,1.0,33.00236668200023,2,111509.28565729888
1031,270,1031,full_population,official_test,digital_3,scan,ukraine-01_0091_000-2d8a528b_1,test/attack/digital_3/scan/ukraine-01_0091_000-2d8a528b_1.jpg,data/processed/policy_c_official_test/test/attack/digital_3/scan/ukraine-01_0091_000-2d8a528b_1.jpg,9cacaed1bf1b3dbe1bbb939a1e4903ab3f8fce472eab99b37d1962825bf32d68,0.9530619382858276,1250,1989,2486250,0.0212327802916038,0.2777676325485703,13.082018875239308,1.0,33.00236668200023,2,111509.28565729888
1144,271,1144,full_population,official_test,facedancer,scan,chinese2-flickr_F_16858102101_d4c5c1e7a2_c,test/attack/facedancer/scan/chinese2-flickr_F_16858102101_d4c5c1e7a2_c.jpg,data/processed/policy_c_official_test/test/attack/facedancer/scan/chinese2-flickr_F_16858102101_d4c5c1e7a2_c.jpg,286a9b946fbbbf637c43f7a94b15cb64cf15161992b2535054c709a5c13f78b1,0.5406215786933899,1245,1997,2486265,0.0749546005755621,0.0972036031643425,1.2968330485111597,0.0,33.00236668200023,2,111509.28565729888
1306,272,1306,full_population,official_test,textdiffuserft_bfei,scan,netherland-flickr_F_37048326531_f8270ca4df_k,test/attack/textdiffuserft_bfei/scan/netherland-flickr_F_37048326531_f8270ca4df_k.jpg,data/processed/policy_c_official_test/test/attack/textdiffuserft_bfei/scan/netherland-flickr_F_37048326531_f8270ca4df_k.jpg,1219ad4610de446be366aeaaf7c25857581e4f4b24e624598f9882a9149080ef,0.9791436791419984,1246,1996,2487016,0.0397765836649221,0.4616795274878076,11.606817000097218,1.0,33.00236668200023,2,111509.28565729888
1310,273,1310,full_population,official_test,textdiffuserft_bfei,scan,netherland-flickr_M_30990255070_570d17d9d4_c,test/attack/textdiffuserft_bfei/scan/netherland-flickr_M_30990255070_570d17d9d4_c.jpg,data/processed/policy_c_official_test/test/attack/textdiffuserft_bfei/scan/netherland-flickr_M_30990255070_570d17d9d4_c.jpg,fe87dd5a599e3ccccfd0f339b8d28852b1e682d841c0f2f5eccefa3680f97999,0.9985843896865844,1246,1995,2485770,0.0395117005998141,0.7978011172339959,20.19151555419887,1.0,33.00236668200023,2,111509.28565729888
1317,274,1317,full_population,official_test,textdiffuserft_bfei,scan,singapore-flickr_F_31294646850_53ce869b2e_b,test/attack/textdiffuserft_bfei/scan/singapore-flickr_F_31294646850_53ce869b2e_b.jpg,data/processed/policy_c_official_test/test/attack/textdiffuserft_bfei/scan/singapore-flickr_F_31294646850_53ce869b2e_b.jpg,6fc1f88246bdd473d7eaf19d0e8d68ac9d8b04e92fe63521655990efa9d47603,0.9997780919075012,1249,1991,2486759,0.04351849133752,0.682361209456518,15.679799287256342,1.0,33.00236668200023,2,111509.28565729888
822,275,822,full_population,official_test,digital_3,scan,arabic-139_03,test/attack/digital_3/scan/arabic-139_03.jpg,data/processed/policy_c_official_test/test/attack/digital_3/scan/arabic-139_03.jpg,9ec15687d33f10d428e0382f5ed0eefab46bff0063a4fc8ca3f7c9f62a487821,0.9978284239768982,1247,1999,2492753,0.0374589861089325,0.6504493721206365,17.364307998863016,1.0,32.96752206999372,2,111509.28565729888
874,276,874,full_population,official_test,digital_3,scan,french-01_0094_000-51fbbc37_0,test/attack/digital_3/scan/french-01_0094_000-51fbbc37_0.jpg,data/processed/policy_c_official_test/test/attack/digital_3/scan/french-01_0094_000-51fbbc37_0.jpg,fc69dcde9db84b0bed1108f1a137c317c9df851e82284d131768f0ebe967ccb3,0.904449462890625,1249,1996,2493004,0.0248246693547222,0.1855681350671182,7.475150319849824,1.0,32.96752206999372,2,111509.28565729888
938,277,938,full_population,official_test,digital_3,scan,persian-NF-1108,test/attack/digital_3/scan/persian-NF-1108.jpg,data/processed/policy_c_official_test/test/attack/digital_3/scan/persian-NF-1108.jpg,ccbfb3620513c5fbb8026269265f0a3363761070b72530d40243da1e0608c9a3,0.95233416557312,1249,1996,2493004,0.0263264719992426,0.2456712490698645,9.331719384083506,1.0,32.96752206999372,2,111509.28565729888
1167,278,1167,full_population,official_test,facedancer,scan,netherland-flickr_M_33239373490_5b5df42090_k,test/attack/facedancer/scan/netherland-flickr_M_33239373490_5b5df42090_k.jpg,data/processed/policy_c_official_test/test/attack/facedancer/scan/netherland-flickr_M_33239373490_5b5df42090_k.jpg,8d08721dfc0f8bb6b5a898311792aa2d617c7c63f8a8297ee15e05827cf91a1c,0.5863556861877441,1249,1996,2493004,0.0737427617444657,0.1130062704129773,1.5324388148706445,0.0,32.96752206999372,2,111509.28565729888
847,279,847,full_population,official_test,digital_3,scan,chinese-01_0084_000-ba83f345_1,test/attack/digital_3/scan/chinese-01_0084_000-ba83f345_1.jpg,data/processed/policy_c_official_test/test/attack/digital_3/scan/chinese-01_0084_000-ba83f345_1.jpg,d26f51578667a95a61b27c26985325d86c7915bbecdc44950932569f131ce666,0.8666158318519592,1251,1993,2493243,0.0253316664280216,0.1420461894673717,5.60745539070582,1.0,32.96236474899342,2,111509.28565729888
872,280,872,full_population,official_test,digital_3,scan,french-01_0029_000-d00491e2_1,test/attack/digital_3/scan/french-01_0029_000-d00491e2_1.jpg,data/processed/policy_c_official_test/test/attack/digital_3/scan/french-01_0029_000-d00491e2_1.jpg,6d6c69c55d57172cb05a98324d12bd99bb5849e186a87118432c21704f552f9a,0.8342093229293823,1250,1994,2492500,0.0282892678034102,0.1711452844554326,6.049830827887361,1.0,32.96236474899342,2,111509.28565729888
1166,281,1166,full_population,official_test,facedancer,scan,netherland-flickr_M_31998389253_0a26f25b0d_h,test/attack/facedancer/scan/netherland-flickr_M_31998389253_0a26f25b0d_h.jpg,data/processed/policy_c_official_test/test/attack/facedancer/scan/netherland-flickr_M_31998389253_0a26f25b0d_h.jpg,f8a9e6063053d17dbef816097bef62ae8dc85bd645331245c840785e149810bc,0.5699865221977234,1250,1994,2492500,0.0752433299899699,0.1173947519222571,1.5602014416149066,1.0,32.96236474899342,2,111509.28565729888
1330,282,1330,full_population,official_test,textdiffuserft_bfei,scan,singapore-flickr_M_50611940256_8405427c78_k,test/attack/textdiffuserft_bfei/scan/singapore-flickr_M_50611940256_8405427c78_k.jpg,data/processed/policy_c_official_test/test/attack/textdiffuserft_bfei/scan/singapore-flickr_M_50611940256_8405427c78_k.jpg,65211957016783478551c738d79ba2e59b35ef6dc9c27822259220319eea5ce1,0.995047688484192,1251,1993,2493243,0.0373128491687332,0.4724668615765315,12.662309957622876,1.0,32.96236474899342,2,111509.28565729888
838,283,838,full_population,official_test,digital_3,scan,chinese-001_03,test/attack/digital_3/scan/chinese-001_03.jpg,data/processed/policy_c_official_test/test/attack/digital_3/scan/chinese-001_03.jpg,7d59defd796b99bc5794469a7dd0509441e032aa160929abe6decbcf67c5c3e4,0.988735854625702,1248,1991,2484768,0.0264250022537315,0.5109615778705403,19.336292688428674,1.0,32.93786853399797,2,111509.28565729888
952,284,952,full_population,official_test,digital_3,scan,portugal-105_03,test/attack/digital_3/scan/portugal-105_03.jpg,data/processed/policy_c_official_test/test/attack/digital_3/scan/portugal-105_03.jpg,9da723a73cc9c3cc077e9d5ef06521bda56aa7952af8f3c121060096ba2f0456,0.981626272201538,1248,1992,2486016,0.0326446008392544,0.5752854504113754,17.622682943624987,1.0,32.93786853399797,2,111509.28565729888
1164,285,1164,full_population,official_test,facedancer,scan,netherland-flickr_M_2409019110_4f42632225_o,test/attack/facedancer/scan/netherland-flickr_M_2409019110_4f42632225_o.jpg,data/processed/policy_c_official_test/test/attack/facedancer/scan/netherland-flickr_M_2409019110_4f42632225_o.jpg,4c12870fe777f9756ded9ef7af496b359f646bcbca2fea906cc593cc3bd43247,0.6686952710151672,1248,1992,2486016,0.0732545566882916,0.11892919819689,1.623505807330872,1.0,32.93786853399797,2,111509.28565729888
959,286,959,full_population,official_test,digital_3,scan,portugal-NF-1024,test/attack/digital_3/scan/portugal-NF-1024.jpg,data/processed/policy_c_official_test/test/attack/digital_3/scan/portugal-NF-1024.jpg,6a249e2a883edef6feff922ebe7ae9b5cab97cfb2a8b92b1c989fee757a900ab,0.98754221200943,1253,1990,2493470,0.0282513926375693,0.4639172341998248,16.42103949179827,1.0,32.89124673299921,2,111509.28565729888
1010,287,1010,full_population,official_test,digital_3,scan,turkiye-115_03,test/attack/digital_3/scan/turkiye-115_03.jpg,data/processed/policy_c_official_test/test/attack/digital_3/scan/turkiye-115_03.jpg,e66e7771d46b477392003bea5f9460ab783ac423fa91515e6549f46539a67696,0.9313695430755616,1248,1998,2493504,0.0227258508508508,0.5124901619050177,22.550977970790925,1.0,32.89124673299921,2,111509.28565729888
285,288,285,full_population,dev_val,digital_1,scan,usa-NM-1038,train/attack/digital_1/scan/usa-NM-1038.jpg,data/processed/policy_c/train/attack/digital_1/scan/usa-NM-1038.jpg,1259cd4ef763c091720e7926ef33c5642761460970e51b9819b738ae87edb045,0.68984454870224,1250,1993,2491250,0.1908230807827396,0.3227260300985379,1.6912316307584172,1.0,32.86309215199435,2,111509.28565729888
816,289,816,full_population,official_test,digital_3,scan,arabic-01_0076_000-fd5000df_1,test/attack/digital_3/scan/arabic-01_0076_000-fd5000df_1.jpg,data/processed/policy_c_official_test/test/attack/digital_3/scan/arabic-01_0076_000-fd5000df_1.jpg,1befa3e6df9966f1f9d4b24f6a51591143767a1016b814f267e5cd15d2f4c4f2,0.9910047054290771,1249,1993,2489257,0.0418124765743352,0.4573504491449388,10.938133461954832,1.0,32.86309215199435,2,111509.28565729888
824,290,824,full_population,official_test,digital_3,scan,arabic-NF-1003,test/attack/digital_3/scan/arabic-NF-1003.jpg,data/processed/policy_c_official_test/test/attack/digital_3/scan/arabic-NF-1003.jpg,56d0e2757df3a32d85b51a5085449d3ef510f9f1ca4131143d105382c1ebb35d,0.9666857719421388,1244,2001,2489244,0.0369863299861323,0.259487623487216,7.015771058780593,1.0,32.86309215199435,2,111509.28565729888
930,291,930,full_population,official_test,digital_3,scan,persian-144_03,test/attack/digital_3/scan/persian-144_03.jpg,data/processed/policy_c_official_test/test/attack/digital_3/scan/persian-144_03.jpg,fc36c7670108e2e3efbdb874544c4939fd15f192df2b61af1333fc304f276b4e,0.9905797839164734,1248,1997,2492256,0.0257276941052604,0.6498750795558723,25.25974838230817,1.0,32.86309215199435,2,111509.28565729888
965,292,965,full_population,official_test,digital_3,scan,portugal-NF-1086,test/attack/digital_3/scan/portugal-NF-1086.jpg,data/processed/policy_c_official_test/test/attack/digital_3/scan/portugal-NF-1086.jpg,ee8084ab6798ad849d7a75568998af8108774b0743392f837a3222b518bebcc2,0.9370205402374268,1249,1993,2489257,0.028961252293355,0.1588574210035487,5.485170993106455,1.0,32.86309215199435,2,111509.28565729888
1019,293,1019,full_population,official_test,digital_3,scan,turkiye-NF-1054,test/attack/digital_3/scan/turkiye-NF-1054.jpg,data/processed/policy_c_official_test/test/attack/digital_3/scan/turkiye-NF-1054.jpg,783652e47855e1dd7dcbc01a217f04ad3d29a82878d318b92062168708094f2d,0.9286247491836548,1250,1993,2491250,0.0241244355243351,0.3794225829703683,15.72772894883411,1.0,32.86309215199435,2,111509.28565729888
1045,294,1045,full_population,official_test,digital_3,scan,ukraine-NF-1106,test/attack/digital_3/scan/ukraine-NF-1106.jpg,data/processed/policy_c_official_test/test/attack/digital_3/scan/ukraine-NF-1106.jpg,4aa92d30eb661795e98801e2c3c7252b7f6dccc80c90944041aa450103a5302e,0.9980520009994508,1247,1996,2489012,0.0226523616599678,0.8188095866033878,36.14676469034215,1.0,32.86309215199435,2,111509.28565729888
1146,295,1146,full_population,official_test,facedancer,scan,chinese2-flickr_F_17773666675_1bdbd28a62_c,test/attack/facedancer/scan/chinese2-flickr_F_17773666675_1bdbd28a62_c.jpg,data/processed/policy_c_official_test/test/attack/facedancer/scan/chinese2-flickr_F_17773666675_1bdbd28a62_c.jpg,8c7193f2bbf95a891fae63ef605c5ac5784bcb184043438349c2a73ac94eaf8b,0.647825300693512,1249,1993,2489257,0.0840785021393934,0.0888441880601289,1.0566813846521024,0.0,32.86309215199435,2,111509.28565729888
1159,296,1159,full_population,official_test,facedancer,scan,netherland-flickr_F_37019045642_0a3fa19256_k,test/attack/facedancer/scan/netherland-flickr_F_37019045642_0a3fa19256_k.jpg,data/processed/policy_c_official_test/test/attack/facedancer/scan/netherland-flickr_F_37019045642_0a3fa19256_k.jpg,6d5c28b9a56b283aa0a531340fedd23e53b3b9483f7a76da0a76ab3462fe7083,0.5657359957695007,1248,1997,2492256,0.0720804764839567,0.1077095813986867,1.4942961902126186,1.0,32.86309215199435,2,111509.28565729888
1305,297,1305,full_population,official_test,textdiffuserft_bfei,scan,netherland-flickr_F_36412358965_0ec43e5de3_c,test/attack/textdiffuserft_bfei/scan/netherland-flickr_F_36412358965_0ec43e5de3_c.jpg,data/processed/policy_c_official_test/test/attack/textdiffuserft_bfei/scan/netherland-flickr_F_36412358965_0ec43e5de3_c.jpg,1adc38e168e6749b4802f387d027c686304115a9c22d63476a7cfb5aca439a2d,0.9308061003684998,1247,1996,2489012,0.038405600294414,0.4284908489991428,11.15698871295772,1.0,32.86309215199435,2,111509.28565729888
968,298,968,full_population,official_test,digital_3,scan,portugal-NF-1109,test/attack/digital_3/scan/portugal-NF-1109.jpg,data/processed/policy_c_official_test/test/attack/digital_3/scan/portugal-NF-1109.jpg,6389934c8cafba325b349e2a7236fcf80782b9c66bd772949990b0387a81b7ff,0.9956739544868468,1250,1995,2493750,0.0288673684210526,0.5567515530800402,19.286536443481555,1.0,32.8588731580021,2,111509.28565729888
1016,299,1016,full_population,official_test,digital_3,scan,turkiye-138_03,test/attack/digital_3/scan/turkiye-138_03.jpg,data/processed/policy_c_official_test/test/attack/digital_3/scan/turkiye-138_03.jpg,625980bfc0e346ca6637b1f175f0a1b9f85fd9e296b9016113dc5210d523f776,0.9717863202095032,1250,1995,2493750,0.0253774436090225,0.4336880601815759,17.089509363637593,1.0,32.8588731580021,2,111509.28565729888
817,300,817,full_population,official_test,digital_3,scan,arabic-01_0095_000-18471808_1,test/attack/digital_3/scan/arabic-01_0095_000-18471808_1.jpg,data/processed/policy_c_official_test/test/attack/digital_3/scan/arabic-01_0095_000-18471808_1.jpg,747690de9c39205498f2ff43975f54a26a765c773a03c9035e00d19a151463c4,0.9953501224517822,1247,2000,2494000,0.0375,0.4975542138808209,13.268112370155226,1.0,32.8479497139997,2,111509.28565729888
833,301,833,full_population,official_test,digital_3,scan,arabic-NF-1098,test/attack/digital_3/scan/arabic-NF-1098.jpg,data/processed/policy_c_official_test/test/attack/digital_3/scan/arabic-NF-1098.jpg,5ffe1215a22ee50d512a7c57d3aab4fb113ff5f0e4ee5c147cfac3a7423eb6d3,0.99613755941391,1248,2000,2496000,0.0345608974358974,0.6024944173914083,17.43283485357687,1.0,32.8479497139997,2,111509.28565729888
853,302,853,full_population,official_test,digital_3,scan,chinese-096_03,test/attack/digital_3/scan/chinese-096_03.jpg,data/processed/policy_c_official_test/test/attack/digital_3/scan/chinese-096_03.jpg,ad71faebdac12c05b476459ba688eeded2b6c444a841aab0fc352eb668c36d56,0.9599013924598694,1251,1995,2495745,0.0276013775445808,0.3124734057064104,11.32093516715654,1.0,32.8479497139997,2,111509.28565729888
866,303,866,full_population,official_test,digital_3,scan,chinese-NF-1085,test/attack/digital_3/scan/chinese-NF-1085.jpg,data/processed/policy_c_official_test/test/attack/digital_3/scan/chinese-NF-1085.jpg,affb054cebb777c5902f2587b8b8ca469dc8f8fb1cc16e83e94a0edb8db05d45,0.9764330983161926,1251,1994,2494494,0.0270668119466312,0.3635535487205251,13.431709262153168,1.0,32.8479497139997,2,111509.28565729888
895,304,895,full_population,official_test,digital_3,scan,french-NM-1070,test/attack/digital_3/scan/french-NM-1070.jpg,data/processed/policy_c_official_test/test/attack/digital_3/scan/french-NM-1070.jpg,7506586f396ab53fed39b6f2554b18baac4c4acf45445541b09dc15ff54f4348,0.922084629535675,1250,1996,2495000,0.0308649298597194,0.2871189474998328,9.30243317593085,1.0,32.8479497139997,2,111509.28565729888
896,305,896,full_population,official_test,digital_3,scan,french-NM-1104,test/attack/digital_3/scan/french-NM-1104.jpg,data/processed/policy_c_official_test/test/attack/digital_3/scan/french-NM-1104.jpg,21d35789684b98732f1f42311cd190d098f378c26532787b7c3c2604896f38d1,0.8338279724121094,1249,1997,2494253,0.0253767360408106,0.0603933958353257,2.379872483923924,1.0,32.8479497139997,2,111509.28565729888
979,306,979,full_population,official_test,digital_3,scan,russian-123_03,test/attack/digital_3/scan/russian-123_03.jpg,data/processed/policy_c_official_test/test/attack/digital_3/scan/russian-123_03.jpg,050c6f70fd91bbe3690f4dfb1fdd5015c9ed0cc866ffb8bfdb3c2eec0ec301d6,0.7061659693717957,1250,1998,2497500,0.0259911911911911,0.0766927335495015,2.950720226147,1.0,32.8479497139997,2,111509.28565729888
1000,307,1000,full_population,official_test,digital_3,scan,turkiye-01_0093_000-330a7661_0,test/attack/digital_3/scan/turkiye-01_0093_000-330a7661_0.jpg,data/processed/policy_c_official_test/test/attack/digital_3/scan/turkiye-01_0093_000-330a7661_0.jpg,f13dce40272a1c454bba7afd13ebad0fda42792c20e2696662fe802d13aa675b,0.9456264972686768,1249,1998,2495502,0.0251500499699058,0.3911241038408826,15.551623329134353,1.0,32.8479497139997,2,111509.28565729888
1014,308,1014,full_population,official_test,digital_3,scan,turkiye-129_03,test/attack/digital_3/scan/turkiye-129_03.jpg,data/processed/policy_c_official_test/test/attack/digital_3/scan/turkiye-129_03.jpg,2fbba1ad835a5d09d804a0feac17505f8b09406f524510486c5f707a3088ddba,0.9528920650482178,1250,1996,2495000,0.0248328657314629,0.5079008868544254,20.452769823134886,1.0,32.8479497139997,2,111509.28565729888
1023,309,1023,full_population,official_test,digital_3,scan,turkiye-NM-1033,test/attack/digital_3/scan/turkiye-NM-1033.jpg,data/processed/policy_c_official_test/test/attack/digital_3/scan/turkiye-NM-1033.jpg,e13e31b4ab84ed23f1ff3aedd4c92ee14dc30c0db43cc4d501ee50664c000885,0.9391754269599916,1251,1992,2491992,0.025681462861839,0.4005338099429496,15.59622253988173,1.0,32.8479497139997,2,111509.28565729888
1026,310,1026,full_population,official_test,digital_3,scan,ukraine-007_03,test/attack/digital_3/scan/ukraine-007_03.jpg,data/processed/policy_c_official_test/test/attack/digital_3/scan/ukraine-007_03.jpg,dfa2843b863de9919affa572d7f6c5b38ed62cbcadf6ab5774b18ea1c98750c1,0.9623484015464784,1253,1991,2494723,0.0228698737294681,0.5426631752646833,23.72829783338305,1.0,32.8479497139997,2,111509.28565729888
1032,311,1032,full_population,official_test,digital_3,scan,ukraine-025_03,test/attack/digital_3/scan/ukraine-025_03.jpg,data/processed/policy_c_official_test/test/attack/digital_3/scan/ukraine-025_03.jpg,9f645850d3e62258e24114ee517fdc4727569d11fd1f7eecd021f15c8d0f341e,0.8999898433685303,1251,1995,2495745,0.0229863227212716,0.2102254132146362,9.145673962895035,1.0,32.8479497139997,2,111509.28565729888
1046,312,1046,full_population,official_test,digital_3,scan,ukraine-NM-1007,test/attack/digital_3/scan/ukraine-NM-1007.jpg,data/processed/policy_c_official_test/test/attack/digital_3/scan/ukraine-NM-1007.jpg,33b2a63b469ac8a3b3138dd2321dc5cbf0a0c2baf115bf45d968c635bf2bbae5,0.9830649495124816,1252,1992,2493984,0.0236737685566547,0.6190442459867098,26.148952352273277,1.0,32.8479497139997,2,111509.28565729888
1074,313,1074,full_population,official_test,digital_3,scan,usa-NM-1052,test/attack/digital_3/scan/usa-NM-1052.jpg,data/processed/policy_c_official_test/test/attack/digital_3/scan/usa-NM-1052.jpg,7e287db24ef08e76ed004c5b3b440f4286c580d4024ce9d52616e10ef7842131,0.9893479347229004,1251,1995,2495745,0.0324937042846925,0.2519473685539138,7.753728733002708,1.0,32.8479497139997,2,111509.28565729888
1163,314,1163,full_population,official_test,facedancer,scan,netherland-flickr_M_23559454676_4919252d67_c,test/attack/facedancer/scan/netherland-flickr_M_23559454676_4919252d67_c.jpg,data/processed/policy_c_official_test/test/attack/facedancer/scan/netherland-flickr_M_23559454676_4919252d67_c.jpg,c689b1b4706767ac3c036b86e025c475649a9642c0d6bdd9372b24cfc9a207fa,0.5690470933914185,1248,1999,2494752,0.0821231930067597,0.1314267813057654,1.6003613168687596,1.0,32.8479497139997,2,111509.28565729888
1303,315,1303,full_population,official_test,textdiffuserft_bfei,scan,netherland-flickr_F_28051545714_ab479f15eb_k,test/attack/textdiffuserft_bfei/scan/netherland-flickr_F_28051545714_ab479f15eb_k.jpg,data/processed/policy_c_official_test/test/attack/textdiffuserft_bfei/scan/netherland-flickr_F_28051545714_ab479f15eb_k.jpg,6653c60a8774f3cb6fd524156588a80d2f84c5bbfc2d3a786064e61469efd312,0.9838786125183104,1252,1993,2495236,0.0330994743583372,0.5610541091697284,16.950544383143885,1.0,32.8479497139997,2,111509.28565729888
821,316,821,full_population,official_test,digital_3,scan,arabic-131_03,test/attack/digital_3/scan/arabic-131_03.jpg,data/processed/policy_c_official_test/test/attack/digital_3/scan/arabic-131_03.jpg,cfced8043dcd4cf742346222c514db1359f5f5c02b0e79a3e8620bbb86fceacb,0.9984898567199708,1247,1998,2491506,0.0470839725049829,0.6914931996357706,14.686381858764983,1.0,32.75891810699977,2,111509.28565729888
848,317,848,full_population,official_test,digital_3,scan,chinese-01_0086_000-5a7ac9e6_1,test/attack/digital_3/scan/chinese-01_0086_000-5a7ac9e6_1.jpg,data/processed/policy_c_official_test/test/attack/digital_3/scan/chinese-01_0086_000-5a7ac9e6_1.jpg,621a9c281d175fbec42dce6e70c8871751bc10e4693db2d95ce35ae806584b14,0.9934070110321044,1248,1996,2491008,0.0312825169569909,0.6718905720697845,21.478149376328645,1.0,32.75891810699977,2,111509.28565729888
905,318,905,full_population,official_test,digital_3,scan,indian-01_0087_000-7edaffe9_0,test/attack/digital_3/scan/indian-01_0087_000-7edaffe9_0.jpg,data/processed/policy_c_official_test/test/attack/digital_3/scan/indian-01_0087_000-7edaffe9_0.jpg,4fca9b054caab32e90c747728982206c85116bf2335d9877d379b732371994c4,0.7370222806930542,1251,1991,2490741,0.0355476542924374,0.1498707500061183,4.216051747695834,1.0,32.75891810699977,2,111509.28565729888
913,319,913,full_population,official_test,digital_3,scan,indian-NF-1006,test/attack/digital_3/scan/indian-NF-1006.jpg,data/processed/policy_c_official_test/test/attack/digital_3/scan/indian-NF-1006.jpg,f2c55fbf6c1f78d854fc4dc4db56867a270b2b59f1aad9af2dd17df86b05e092,0.8741146922111511,1249,1994,2490506,0.0329671962243817,0.203936576410582,6.18604551696015,1.0,32.75891810699977,2,111509.28565729888
914,320,914,full_population,official_test,digital_3,scan,indian-NF-1025,test/attack/digital_3/scan/indian-NF-1025.jpg,data/processed/policy_c_official_test/test/attack/digital_3/scan/indian-NF-1025.jpg,f0e86b0c7403c2e0fdf4009d3c883b44681943a01a79b4823b2c63a6a1b9b598,0.7728099226951599,1249,1995,2491755,0.0286364429889776,0.1407910821548697,4.916500356174165,1.0,32.75891810699977,2,111509.28565729888
932,321,932,full_population,official_test,digital_3,scan,persian-NF-1018,test/attack/digital_3/scan/persian-NF-1018.jpg,data/processed/policy_c_official_test/test/attack/digital_3/scan/persian-NF-1018.jpg,6170f1231efb7a508db34cd3e8ebfe99bc021590a667889134311806070796fe,0.961630880832672,1247,1998,2491506,0.0236519598989526,0.4003383180938326,16.92622175093235,1.0,32.75891810699977,2,111509.28565729888
937,322,937,full_population,official_test,digital_3,scan,persian-NF-1097,test/attack/digital_3/scan/persian-NF-1097.jpg,data/processed/policy_c_official_test/test/attack/digital_3/scan/persian-NF-1097.jpg,8b59cd076a52a00d32c0f19e7ebfa88b59d89fc621ef58a3b0802a90900214b3,0.9875991344451904,1246,1999,2490754,0.0253907049833102,0.5994575479928549,23.609330595069657,1.0,32.75891810699977,2,111509.28565729888
1028,323,1028,full_population,official_test,digital_3,scan,ukraine-01_0073_000-d23bdbae_1,test/attack/digital_3/scan/ukraine-01_0073_000-d23bdbae_1.jpg,data/processed/policy_c_official_test/test/attack/digital_3/scan/ukraine-01_0073_000-d23bdbae_1.jpg,4a5901c30a2dc0fc6ce41a1ff4902c087ccbff9859a73186ba7567d32afd488a,0.9935392737388612,1248,1996,2491008,0.0200529263655516,0.8212528831043737,40.95426613220812,1.0,32.75891810699977,2,111509.28565729888
1029,324,1029,full_population,official_test,digital_3,scan,ukraine-01_0077_000-a3228552_1,test/attack/digital_3/scan/ukraine-01_0077_000-a3228552_1.jpg,data/processed/policy_c_official_test/test/attack/digital_3/scan/ukraine-01_0077_000-a3228552_1.jpg,27b4770c7707ec19c4b2fc513d6a62bfdde25922ce35e174526f340dbeaf89f7,0.9514119625091552,1249,1994,2490506,0.0228925366973619,0.313788142323437,13.70700619471312,1.0,32.75891810699977,2,111509.28565729888
1030,325,1030,full_population,official_test,digital_3,scan,ukraine-01_0083_000-21b44038_0,test/attack/digital_3/scan/ukraine-01_0083_000-21b44038_0.jpg,data/processed/policy_c_official_test/test/attack/digital_3/scan/ukraine-01_0083_000-21b44038_0.jpg,f0b8e96a8618f4896c5d9c2de4c956259a1015bd1e2ebe8fcdd9f363a4f3492d,0.9265065789222716,1249,1995,2491755,0.0241343952354866,0.2722805738281788,11.28184780150712,0.0,32.75891810699977,2,111509.28565729888
1149,326,1149,full_population,official_test,facedancer,scan,chinese2-flickr_F_31226153591_900ef17f37_k,test/attack/facedancer/scan/chinese2-flickr_F_31226153591_900ef17f37_k.jpg,data/processed/policy_c_official_test/test/attack/facedancer/scan/chinese2-flickr_F_31226153591_900ef17f37_k.jpg,ebb69244be3063443f6b312dc2ba5e85e2fc640d927a2e7f5eb723e77b80652a,0.5510919690132141,1248,1996,2491008,0.0869230448075638,0.1011861731698703,1.1640891479800688,0.0,32.75891810699977,2,111509.28565729888
1154,327,1154,full_population,official_test,facedancer,scan,chinese2-flickr_M_33525327222_f112b468ed_k,test/attack/facedancer/scan/chinese2-flickr_M_33525327222_f112b468ed_k.jpg,data/processed/policy_c_official_test/test/attack/facedancer/scan/chinese2-flickr_M_33525327222_f112b468ed_k.jpg,2d80ba77d6340d23ab835c024b2fdad590ff4a0803f6c4612b4175477afe5bcc,0.6226780414581299,1249,1994,2490506,0.0799516242883976,0.0850157906789589,1.0633403815824192,0.0,32.75891810699977,2,111509.28565729888
1173,328,1173,full_population,official_test,facedancer,scan,singapore-flickr_F_33525297682_eee6031622_c,test/attack/facedancer/scan/singapore-flickr_F_33525297682_eee6031622_c.jpg,data/processed/policy_c_official_test/test/attack/facedancer/scan/singapore-flickr_F_33525297682_eee6031622_c.jpg,0b7d09e38cd87b33243d3e33b47927065fb3f286e5a0209b696dbffc54e56ed8,0.8186603784561157,1247,1998,2491506,0.031937310205153,0.1284740731566682,4.022695472204767,1.0,32.75891810699977,2,111509.28565729888
1301,329,1301,full_population,official_test,textdiffuserft_bfei,scan,netherland-flickr_F_10239917343_ca73cd29b5_h,test/attack/textdiffuserft_bfei/scan/netherland-flickr_F_10239917343_ca73cd29b5_h.jpg,data/processed/policy_c_official_test/test/attack/textdiffuserft_bfei/scan/netherland-flickr_F_10239917343_ca73cd29b5_h.jpg,ee72da98e81051d04cb9d3eaaca86ff1a719747ba3d0a474a3a0e72fb455d28a,0.971293807029724,1249,1995,2491755,0.0454366500719372,0.4369040462819229,9.61567469411142,1.0,32.75891810699977,2,111509.28565729888
1044,330,1044,full_population,official_test,digital_3,scan,ukraine-NF-1087,test/attack/digital_3/scan/ukraine-NF-1087.jpg,data/processed/policy_c_official_test/test/attack/digital_3/scan/ukraine-NF-1087.jpg,673217bde340972f11b49385119e4ed9471b7ae0fbed15fa609589a35a829ceb,0.8410292863845825,1252,1994,2496488,0.0249298214131211,0.203203184292209,8.151008421795527,0.0,32.68678866500068,2,111509.28565729888
1152,331,1152,full_population,official_test,facedancer,scan,chinese2-flickr_M_16743317854_732a16acc8_k,test/attack/facedancer/scan/chinese2-flickr_M_16743317854_732a16acc8_k.jpg,data/processed/policy_c_official_test/test/attack/facedancer/scan/chinese2-flickr_M_16743317854_732a16acc8_k.jpg,331003e607ae2641617302faba923cd7975a6b5e7e2a7efd78911c206e1d674b,0.6195847392082214,1251,1996,2496996,0.0710886200858952,0.0596631085370564,0.8392779106552707,0.0,32.68678866500068,2,111509.28565729888
823,332,823,full_population,official_test,digital_3,scan,arabic-173_03,test/attack/digital_3/scan/arabic-173_03.jpg,data/processed/policy_c_official_test/test/attack/digital_3/scan/arabic-173_03.jpg,88bba79bdb6ef7f34aa208b1b92de48f1dc446888b9fe2130dbae335e2fecbab,0.8616204857826233,1251,2001,2503251,0.0435801284010273,0.1288226216824866,2.9559945417565574,1.0,32.653528191003716,2,111509.28565729888
888,333,888,full_population,official_test,digital_3,scan,french-NF-1020,test/attack/digital_3/scan/french-NF-1020.jpg,data/processed/policy_c_official_test/test/attack/digital_3/scan/french-NF-1020.jpg,08ad3c7a4520921ebeeeabca6fe39e530db08b9e57ced3f608343ed5c368b3eb,0.9028154611587524,1252,1996,2498992,0.0282978096768617,0.3444146130036204,12.171069667107068,1.0,32.653528191003716,2,111509.28565729888
918,334,918,full_population,official_test,digital_3,scan,indian-NF-1096,test/attack/digital_3/scan/indian-NF-1096.jpg,data/processed/policy_c_official_test/test/attack/digital_3/scan/indian-NF-1096.jpg,178f58b3b89773d3d9d48686846f67f076cd275a6a9f019142cbf10c8ef61e94,0.90841406583786,1254,1992,2497968,0.0343495192892783,0.3240974901077214,9.435284592436304,1.0,32.653528191003716,2,111509.28565729888
931,335,931,full_population,official_test,digital_3,scan,persian-NF-1001,test/attack/digital_3/scan/persian-NF-1001.jpg,data/processed/policy_c_official_test/test/attack/digital_3/scan/persian-NF-1001.jpg,c84ac575b0b4d6f02a02473a7f37bb3b7fa01d56a46048fa7fe1da8ac81edd31,0.991236448287964,1253,1995,2499735,0.0246478126681428,0.5972712368566877,24.232220720691284,1.0,32.653528191003716,2,111509.28565729888
945,336,945,full_population,official_test,digital_3,scan,portugal-01_0014_000-6f7ea414_0,test/attack/digital_3/scan/portugal-01_0014_000-6f7ea414_0.jpg,data/processed/policy_c_official_test/test/attack/digital_3/scan/portugal-01_0014_000-6f7ea414_0.jpg,0c20692ae0d42a9ed12c86418756ec678aeb3599e362c5ce11a9c400652805c9,0.9938068985939026,1251,1999,2500749,0.0308971432158925,0.4845316183240972,15.682084746102657,1.0,32.653528191003716,2,111509.28565729888
948,337,948,full_population,official_test,digital_3,scan,portugal-042_03,test/attack/digital_3/scan/portugal-042_03.jpg,data/processed/policy_c_official_test/test/attack/digital_3/scan/portugal-042_03.jpg,ee0ce6310794c8477849a235663767eaf5733c92ee3e7a9daf0667ee66572787,0.9260208606719972,1251,1997,2498247,0.0336139701158452,0.3339114170184663,9.933709581691584,1.0,32.653528191003716,2,111509.28565729888
990,338,990,full_population,official_test,digital_3,scan,russian-NM-1027,test/attack/digital_3/scan/russian-NM-1027.jpg,data/processed/policy_c_official_test/test/attack/digital_3/scan/russian-NM-1027.jpg,5cc3b0cf583a5c551d413bc47eac3ea2a2257cab3e75fe450e5cd21321ba3bea,0.9827951788902284,1252,1995,2497740,0.0263414126370238,0.5612251045241781,21.305808927473944,1.0,32.653528191003716,2,111509.28565729888
1002,339,1002,full_population,official_test,digital_3,scan,turkiye-032_03,test/attack/digital_3/scan/turkiye-032_03.jpg,data/processed/policy_c_official_test/test/attack/digital_3/scan/turkiye-032_03.jpg,67dcbc869a6ef12d3cecb7f07182b44915410f4be3461640eb5ac7d37ddc6a6d,0.9579798579216005,1252,1998,2501496,0.0256910264897485,0.5450581758378209,21.215897155970584,1.0,32.653528191003716,2,111509.28565729888
887,340,887,full_population,official_test,digital_3,scan,french-135_03,test/attack/digital_3/scan/french-135_03.jpg,data/processed/policy_c_official_test/test/attack/digital_3/scan/french-135_03.jpg,e86e5fa03c4df143d80d85cd534d6a7051d38c3ad516e682de94d3e5cde50c36,0.9747208952903748,1247,1997,2490259,0.02811514786213,0.4005672229645556,14.247380982267709,1.0,32.63269373500043,2,111509.28565729888
909,341,909,full_population,official_test,digital_3,scan,indian-037_03,test/attack/digital_3/scan/indian-037_03.jpg,data/processed/policy_c_official_test/test/attack/digital_3/scan/indian-037_03.jpg,2f0564f8e521944177074485ffc29c3295249f4847ab19bf4adb1570c866c4d8,0.8349064588546753,1250,1992,2490000,0.0371020080321285,0.1918165694537626,5.169978112442295,1.0,32.63269373500043,2,111509.28565729888
950,342,950,full_population,official_test,digital_3,scan,portugal-066_03,test/attack/digital_3/scan/portugal-066_03.jpg,data/processed/policy_c_official_test/test/attack/digital_3/scan/portugal-066_03.jpg,7f930b47b4040a4b5da010474376b649b3b2f8271ff7a03dd1d08e75968e6745,0.9965819716453552,1247,1997,2490259,0.028746005937535,0.8058719426543869,28.034223064085644,1.0,32.63269373500043,2,111509.28565729888
961,343,961,full_population,official_test,digital_3,scan,portugal-NF-1041,test/attack/digital_3/scan/portugal-NF-1041.jpg,data/processed/policy_c_official_test/test/attack/digital_3/scan/portugal-NF-1041.jpg,a74bbfebe66233ea2a383a54390863cce24d1e8347159bddd804730ae77ac7d9,0.9957731366157532,1246,1998,2489508,0.0354250719419258,0.6315868970542063,17.828810569237486,1.0,32.63269373500043,2,111509.28565729888
985,344,985,full_population,official_test,digital_3,scan,russian-NF-1069,test/attack/digital_3/scan/russian-NF-1069.jpg,data/processed/policy_c_official_test/test/attack/digital_3/scan/russian-NF-1069.jpg,f53f597143bcecc49b48448dbd04509c56e4f73cf40623e255e5af67a8e35118,0.9912390112876892,1245,2000,2490000,0.0174682730923694,0.8101159144521031,46.37641684260016,1.0,32.63269373500043,2,111509.28565729888
1068,345,1068,full_population,official_test,digital_3,scan,usa-NF-1065,test/attack/digital_3/scan/usa-NF-1065.jpg,data/processed/policy_c_official_test/test/attack/digital_3/scan/usa-NF-1065.jpg,4b4adad43a5d0bfcdb00a9737a6a59d6a18ccdd93c6263dead5c6b7e0cbcd8ab,0.9986345171928406,1248,1995,2489760,0.0273010249983934,0.7792172221522935,28.541683771878454,1.0,32.63269373500043,2,111509.28565729888
1172,346,1172,full_population,official_test,facedancer,scan,singapore-flickr_F_20411794293_d7a6aae66c_c,test/attack/facedancer/scan/singapore-flickr_F_20411794293_d7a6aae66c_c.jpg,data/processed/policy_c_official_test/test/attack/facedancer/scan/singapore-flickr_F_20411794293_d7a6aae66c_c.jpg,214abd9d8bb73a43a64399861392588d0ad87a620df8478af74ad4876ded2a25,0.5489867329597473,1250,1992,2490000,0.0329927710843373,0.0554070432065809,1.6793691886306663,1.0,32.63269373500043,2,111509.28565729888
1181,347,1181,full_population,official_test,facedancer,scan,singapore-flickr_M_33525333882_5cf0c0382a_k,test/attack/facedancer/scan/singapore-flickr_M_33525333882_5cf0c0382a_k.jpg,data/processed/policy_c_official_test/test/attack/facedancer/scan/singapore-flickr_M_33525333882_5cf0c0382a_k.jpg,dd344271771009298550a8fbeaf7f1a5934fe053c54401cd4decd6919fb085c8,0.7081199288368225,1247,1997,2490259,0.0342301744517337,0.1196137151799958,3.494393969527009,1.0,32.63269373500043,2,111509.28565729888
1289,348,1289,full_population,official_test,textdiffuserft_bfei,scan,chinese2-flickr_F_40837237721_dedac367d4_c,test/attack/textdiffuserft_bfei/scan/chinese2-flickr_F_40837237721_dedac367d4_c.jpg,data/processed/policy_c_official_test/test/attack/textdiffuserft_bfei/scan/chinese2-flickr_F_40837237721_dedac367d4_c.jpg,7380d15b46bd639c16ba658785491a97d329e623ff98c711db5262e3521c5f84,0.9192695021629332,1248,1995,2489760,0.0419610725531778,0.319811319089994,7.621619268303805,1.0,32.63269373500043,2,111509.28565729888
1295,349,1295,full_population,official_test,textdiffuserft_bfei,scan,chinese2-flickr_M_31969854474_39f84b92eb_h,test/attack/textdiffuserft_bfei/scan/chinese2-flickr_M_31969854474_39f84b92eb_h.jpg,data/processed/policy_c_official_test/test/attack/textdiffuserft_bfei/scan/chinese2-flickr_M_31969854474_39f84b92eb_h.jpg,36c92b64b3eeccbd971be8748bcddebd8b1ce617c8161cdbe7116de6e412ec26,0.9476162791252136,1246,1998,2489508,0.0405734787757259,0.4421494846423554,10.897499992208743,1.0,32.63269373500043,2,111509.28565729888
1322,350,1322,full_population,official_test,textdiffuserft_bfei,scan,singapore-flickr_M_15788105142_89e9bca209_k,test/attack/textdiffuserft_bfei/scan/singapore-flickr_M_15788105142_89e9bca209_k.jpg,data/processed/policy_c_official_test/test/attack/textdiffuserft_bfei/scan/singapore-flickr_M_15788105142_89e9bca209_k.jpg,4c276c966d7dc476c319eee6b34947e167b70623fdd018093101ee4291b86a10,0.9995597004890442,1248,1995,2489760,0.0453103913630229,0.797651488986953,17.604162422616,1.0,32.63269373500043,2,111509.28565729888
