digital3_image_path,cache_path,file_stem,traffic_type,variant,hardware_source,label,digital3_assigned_q,source_sha256,digital3_cache_sha256,split,parent_image_path,parent_assigned_q,parent_cache_sha256,parent_membership,controlled_parent_score,controlled_digital3_score,controlled_delta,augmented_parent_score,augmented_digital3_score,augmented_delta
test/attack/digital_3/huawei/arabic-003_03.jpg,data/processed/policy_c_official_test/test/attack/digital_3/huawei/arabic-003_03.jpg,arabic-003_03,attack,digital_3,huawei,1,59,8bfe740176267288fed84e51bc8ede0f285c7c7c5beb20a3fab66733fea1bc2e,11d55f77ef627ad5c04472a4bc308a48fda6829f5e665ee9d6c3f26deba2aea6,project_train,train/bonafide/huawei/arabic-003_03.jpg,59.0,e3a2a6bea104dc6219350a0b606b893f5c03d15ff91a2c0d19c0b7978e8cce36,matched_project,0.0053520202636718,0.0300140380859375,0.0246620178222657,0.0255126953125,0.121826171875,0.0963134765625
test/attack/digital_3/huawei/arabic-005_03.jpg,data/processed/policy_c_official_test/test/attack/digital_3/huawei/arabic-005_03.jpg,arabic-005_03,attack,digital_3,huawei,1,90,1426c060068c266ba8ee81c034a4c39358c52ca32dfd2052986868abd5f806d7,6712673802051ad9684c4187524d7399040f8edc871e672ebf8215f1433b7b86,project_train,train/bonafide/huawei/arabic-005_03.jpg,90.0,7d021be46ea1d0521b8c36a6be860dea72cfc66324a18a3f407d738465b50262,matched_project,0.0150146484375,0.0172882080078125,0.0022735595703125,0.0287322998046875,0.0286865234375,-4.57763671875e-05
test/attack/digital_3/huawei/arabic-024_03.jpg,data/processed/policy_c_official_test/test/attack/digital_3/huawei/arabic-024_03.jpg,arabic-024_03,attack,digital_3,huawei,1,78,d98c9bda15cb6ab6214a53b390f6dc0f7117c24d6232e73fccaca83a8260d8a2,e2695a5019f3566b9ec64febe790aa6c31b7b2bcbfd5a9be702e6d75a384cfa6,dev_val,train/bonafide/huawei/arabic-024_03.jpg,78.0,6a6bc925fd180ffdc52cbd2b9ff6b175552b3b1c9a79dc2a1b934b38e23727be,matched_project,0.0142822265625,0.0192413330078125,0.0049591064453125,0.0256195068359375,0.02978515625,0.0041656494140625
test/attack/digital_3/huawei/arabic-112_03.jpg,data/processed/policy_c_official_test/test/attack/digital_3/huawei/arabic-112_03.jpg,arabic-112_03,attack,digital_3,huawei,1,67,a123e993ae889c585839eb6a7bc0a5a5bbe7d4a78be2b6d65770f488d7d60423,118921046a9bab275cf47dc1c87a552dbb547317600092e076b175c8a6d4bac2,project_train,train/bonafide/huawei/arabic-112_03.jpg,67.0,0285cc4a7ef82f48996a2c54a6fea31890442e6292567dff222e26e81578d23d,matched_project,0.0041351318359375,0.044708251953125,0.0405731201171875,0.0260772705078125,0.028167724609375,0.0020904541015625
test/attack/digital_3/huawei/arabic-120_03.jpg,data/processed/policy_c_official_test/test/attack/digital_3/huawei/arabic-120_03.jpg,arabic-120_03,attack,digital_3,huawei,1,67,a688bc5fcacdf35da3d1b16a3416a3d7638bdedc7f1948b097d7e518ed29bca4,5cf6b59d26a2707f6340d9440847ed5b7fe71c7dec341efd4c5646485eb4fdde,dev_val,train/bonafide/huawei/arabic-120_03.jpg,67.0,921aea4ad2ebc7ab7980776689d99ab55a3cb38ef47bb75a4dac1750d901220b,matched_project,0.0034160614013671,0.023193359375,0.0197772979736329,0.0246124267578125,0.0261383056640625,0.00152587890625
test/attack/digital_3/huawei/arabic-131_03.jpg,data/processed/policy_c_official_test/test/attack/digital_3/huawei/arabic-131_03.jpg,arabic-131_03,attack,digital_3,huawei,1,59,fd2f4ed41056a029d014ce6607a4ddc790e42aa76dded740e37128e1767e5cad,b808cc704819853dc216c325448ff9fb96bcf31b9488886ec3d34f2c073be1b3,project_train,train/bonafide/huawei/arabic-131_03.jpg,59.0,7c8d85f8a9373ebe6ac147fc42af2594770c4712016573221d90fb258e954873,matched_project,0.0028457641601562,0.0135574340820312,0.010711669921875,0.0266265869140625,0.0271759033203125,0.00054931640625
test/attack/digital_3/huawei/arabic-139_03.jpg,data/processed/policy_c_official_test/test/attack/digital_3/huawei/arabic-139_03.jpg,arabic-139_03,attack,digital_3,huawei,1,83,af08665cbb489b16df055ada1c06348a4218a6e4cfe01393cb9f60a16f032ae2,b34ef57848301e135d367aa6745dd0a3c1bc977381ccd78d95958bda49aed711,project_train,train/bonafide/huawei/arabic-139_03.jpg,83.0,a28b89839d5c24297ee894db5341bfb072db57c2e2ecde13d70209700df4a44f,matched_project,0.0041084289550781,0.0071640014648437,0.0030555725097656,0.0233306884765625,0.024444580078125,0.0011138916015625
test/attack/digital_3/huawei/arabic-173_03.jpg,data/processed/policy_c_official_test/test/attack/digital_3/huawei/arabic-173_03.jpg,arabic-173_03,attack,digital_3,huawei,1,66,13e27cb243f1a26bcf709cc90b22d56ebdf6573405c0fea0ba5ffd9aa5576e7a,f71fa14e0c097f590cb5c031c1f6d0308e465f8921819310445f8bb635c7f045,project_train,train/bonafide/huawei/arabic-173_03.jpg,66.0,63f19bb055b6051be5d03ca1f3bf35f5725cc1234b6706adfc39a592a6ac1b5e,matched_project,0.0020751953125,0.0064888000488281,0.0044136047363281,0.0235748291015625,0.0240020751953125,0.00042724609375
test/attack/digital_3/huawei/arabic-NF-1003.jpg,data/processed/policy_c_official_test/test/attack/digital_3/huawei/arabic-NF-1003.jpg,arabic-NF-1003,attack,digital_3,huawei,1,66,5e4963b52f206903f575a215d5cc10458f0745d93e61f9826d48c2ad3547ad33,70b92d6873d4c8df3708e53230372f8db1685eefca99a2ec41f16efc00a63352,project_train,train/bonafide/huawei/arabic-NF-1003.jpg,66.0,f70bab29c7a0e4ba8fd50bd0a12240408223e1f8deef84464923ef5150b2a6f7,matched_project,0.0154266357421875,0.475341796875,0.4599151611328125,0.02606201171875,0.0274810791015625,0.0014190673828125
test/attack/digital_3/huawei/arabic-NF-1012.jpg,data/processed/policy_c_official_test/test/attack/digital_3/huawei/arabic-NF-1012.jpg,arabic-NF-1012,attack,digital_3,huawei,1,73,e5770e814fc1f967720f8978f597fcee76d576e37283e12f0f80480dc48fffdf,cea053df1bbf61db2e70b96850b4853bd9edb198e25f71aeeef809bec5a49736,project_train,train/bonafide/huawei/arabic-NF-1012.jpg,73.0,988653e709a88bcb390ba5c7b6915075e9777ddb679fe8f034323a92284ccefb,matched_project,0.0083770751953125,0.0748291015625,0.0664520263671875,0.023712158203125,0.02520751953125,0.001495361328125
test/attack/digital_3/huawei/arabic-NF-1030.jpg,data/processed/policy_c_official_test/test/attack/digital_3/huawei/arabic-NF-1030.jpg,arabic-NF-1030,attack,digital_3,huawei,1,80,95fd677566705d7948b98922aad0c0e5dfd11852089ceef68b4228ad34b73c79,c6a96ee5b9f1204f6a78339ac9d911ef76710a61c90f74a6bd545a9ce8c8f806,project_train,train/bonafide/huawei/arabic-NF-1030.jpg,80.0,a76e5eac69846ac58c6215c376b433209d1c33b6254bdf9e0278db691253483f,matched_project,0.0066413879394531,0.039794921875,0.0331535339355469,0.031402587890625,0.031494140625,9.1552734375e-05
test/attack/digital_3/huawei/arabic-NF-1037.jpg,data/processed/policy_c_official_test/test/attack/digital_3/huawei/arabic-NF-1037.jpg,arabic-NF-1037,attack,digital_3,huawei,1,81,2334e01f89782a73e0fe74e86cbc3c81126b99c00db2a51cdbe32ef192b92ec5,1ec59759d0f0e5428cbaa49c09c8b261fa83ab8d50479b9b03a302425f9257af,project_train,train/bonafide/huawei/arabic-NF-1037.jpg,81.0,15ac33cf624b00554faa5115022ad5413a84d2ab9883c47caf92772018e03684,matched_project,0.0070266723632812,0.071044921875,0.0640182495117188,0.0236968994140625,0.026885986328125,0.0031890869140625
test/attack/digital_3/huawei/arabic-NF-1040.jpg,data/processed/policy_c_official_test/test/attack/digital_3/huawei/arabic-NF-1040.jpg,arabic-NF-1040,attack,digital_3,huawei,1,60,6ed296ecd0020d4e9bbe02dab1c155bcdabc7f99efe90dd7c739ee5f4ac86dc5,70d744e11c266adf0ab11b19a9fa850cdf4ea22be93a79b7baed2bfe2513d356,project_train,train/bonafide/huawei/arabic-NF-1040.jpg,60.0,fb7fb69900e397356885bd43f2ce9ca1d3496c023c69b74679a21894d64691c2,matched_project,0.0052108764648437,0.028411865234375,0.0232009887695313,0.0239410400390625,0.029205322265625,0.0052642822265625
test/attack/digital_3/huawei/arabic-NF-1045.jpg,data/processed/policy_c_official_test/test/attack/digital_3/huawei/arabic-NF-1045.jpg,arabic-NF-1045,attack,digital_3,huawei,1,56,1b8380acc5421f5f093e0c79f06dd93aae2ff83b42c35b5fef327ac7b4147f70,00fe260ba9eae72d420b048e7f0f3da3864edb5de594e3a1b6d3afb487662054,project_train,train/bonafide/huawei/arabic-NF-1045.jpg,56.0,366b7674329d8ec093b8391f6dc4d5571c6e6fdd3a3544b3a53d5b33f6f68631,matched_project,0.0025157928466796,0.05718994140625,0.0546741485595704,0.0261383056640625,0.0274810791015625,0.0013427734375
test/attack/digital_3/huawei/arabic-NF-1048.jpg,data/processed/policy_c_official_test/test/attack/digital_3/huawei/arabic-NF-1048.jpg,arabic-NF-1048,attack,digital_3,huawei,1,55,9770a0bf3295ea830842ab66322accbc7eef28081d42f7c6f0d4d7f349bf383b,139765f73cc5e8efb348d0b93b1e3b8938563ba88c24508476f5ed150c21643b,dev_val,train/bonafide/huawei/arabic-NF-1048.jpg,55.0,0d96915a3d568e06e05e40b6cabbd539870d80a869e8da6b57278be3d2ca7f80,matched_project,0.0031299591064453,0.0059928894042968,0.0028629302978515005,0.02508544921875,0.0255889892578125,0.0005035400390625
test/attack/digital_3/huawei/arabic-NF-1049.jpg,data/processed/policy_c_official_test/test/attack/digital_3/huawei/arabic-NF-1049.jpg,arabic-NF-1049,attack,digital_3,huawei,1,89,3e4d317b60b05d99c836b95343285357d603cb09137a47ea79e8400cf1eac4d8,23cded3bf527c43f8869a7464844e569499aef4460afba2bbee7c18ef85df9d2,project_train,train/bonafide/huawei/arabic-NF-1049.jpg,89.0,c04241081f68b6d3f59d9acaf07a591ea0ec558eb4676ca00cf22d88b66aabb6,matched_project,0.00396728515625,0.053863525390625,0.049896240234375,0.02435302734375,0.138916015625,0.11456298828125
test/attack/digital_3/huawei/arabic-NF-1053.jpg,data/processed/policy_c_official_test/test/attack/digital_3/huawei/arabic-NF-1053.jpg,arabic-NF-1053,attack,digital_3,huawei,1,82,9bbff8f03d2629cdd6ab9ec72102f46e51c96946b3b1c12d767354c9c3fc2a35,dbae11082c654005463798612344fc16c11a14ddc31bce4d950592537f9788c6,project_train,train/bonafide/huawei/arabic-NF-1053.jpg,82.0,b116b1267e5d39678a2498287a16bffffb0aaa80f56bb0eae5ac2133461d2742,matched_project,0.0032863616943359,0.0780029296875,0.0747165679931641,0.0247955322265625,0.0252532958984375,0.000457763671875
test/attack/digital_3/huawei/arabic-NF-1098.jpg,data/processed/policy_c_official_test/test/attack/digital_3/huawei/arabic-NF-1098.jpg,arabic-NF-1098,attack,digital_3,huawei,1,68,89ca266ac43406b4dadd260f79b17357abc6c3c3fc1fc4249e52652500c88a03,a65b97a4a23ebe2af4dc3c319a6fa02f744b1b343c0e037c38ddb521f60a3c40,dev_val,train/bonafide/huawei/arabic-NF-1098.jpg,68.0,346e45ede1e5ff8e52a875827371a9332a61596e1cfd86c571417d2a11b90edf,matched_project,0.0114212036132812,0.04620361328125,0.0347824096679688,0.0271453857421875,0.02880859375,0.0016632080078125
test/attack/digital_3/huawei/arabic-NF-1100.jpg,data/processed/policy_c_official_test/test/attack/digital_3/huawei/arabic-NF-1100.jpg,arabic-NF-1100,attack,digital_3,huawei,1,50,cc6fa703667ba8bbaf51741aa691f9266817b899974f42f21e8e7ae3e5e9bffa,1d88172f57c35ce9f32e46432829ddd0a4aae6160631c2e05df052ecbdc56f58,project_train,train/bonafide/huawei/arabic-NF-1100.jpg,50.0,e5fcbbbe0a8eed167bae745d503713dce3f96cc8b444cf1e6b3bd11be62dd09d,matched_project,0.0084915161132812,0.030181884765625,0.0216903686523438,0.0236663818359375,0.024993896484375,0.0013275146484375
test/attack/digital_3/huawei/arabic-NM-1029.jpg,data/processed/policy_c_official_test/test/attack/digital_3/huawei/arabic-NM-1029.jpg,arabic-NM-1029,attack,digital_3,huawei,1,64,890bd6f34f9dba3926ac46a8049cde70ea5b0a2bbcd0d76a8218ec4fcba573d2,07a2ae0874be9fe218808818a29f0007aad72b3fbd67b80bca58339ee8da57c9,project_train,train/bonafide/huawei/arabic-NM-1029.jpg,64.0,29e4142d1c723285c4bc848a284237b2a6bbe0abb650c39631ec40dabbf02338,matched_project,0.0025253295898437,0.09197998046875,0.0894546508789063,0.0241851806640625,0.20751953125,0.1833343505859375
test/attack/digital_3/huawei/arabic-NM-1064.jpg,data/processed/policy_c_official_test/test/attack/digital_3/huawei/arabic-NM-1064.jpg,arabic-NM-1064,attack,digital_3,huawei,1,52,a7f4d0f315a3986bd418047644c89758292411db813a2c3a6dcd0a74bcc239cb,bbc2ba1b62c908e74225e25eaa313702a141493cde3eefd0eb02705f8bd314ed,project_train,train/bonafide/huawei/arabic-NM-1064.jpg,52.0,be28051a4194adc5730d388be340e21258991f405c55ea99a99f6876c8ac9f51,matched_project,0.0043487548828125,0.0087432861328125,0.00439453125,0.0243377685546875,0.025177001953125,0.0008392333984375
test/attack/digital_3/huawei/arabic-NM-1090.jpg,data/processed/policy_c_official_test/test/attack/digital_3/huawei/arabic-NM-1090.jpg,arabic-NM-1090,attack,digital_3,huawei,1,55,0a90cfe844c0dcfbe5a750e1c3b9801ae6fde73634d1a18d6ce8de58fa345cd4,de69820f49128d8c8137b417f0c5950d3492933bcfafc5c6e128491ee50a8ac3,dev_val,train/bonafide/huawei/arabic-NM-1090.jpg,55.0,0c1ec3ce9214c014ba322d10472d47a691b3218307d095546013e3d38784cf73,matched_project,0.0097427368164062,0.0186920166015625,0.0089492797851563,0.0252532958984375,0.0275115966796875,0.00225830078125
test/attack/digital_3/huawei/chinese-001_03.jpg,data/processed/policy_c_official_test/test/attack/digital_3/huawei/chinese-001_03.jpg,chinese-001_03,attack,digital_3,huawei,1,77,8262f0eb7b05f8075b1f4dc7dcb36a7a115922168b8ca21a86c1da1ba0038e88,d8f84cba769ae06e0cfa38a1d04f6a83487547208ca97425cbf73e3157488361,dev_val,train/bonafide/huawei/chinese-001_03.jpg,77.0,6175cde11881c5f4ab0179574203fca428e98a26ce8d5157e09aa06e9437d9ad,matched_project,0.0009040832519531,0.0020065307617187,0.0011024475097656003,0.0304412841796875,0.0305633544921875,0.0001220703125
test/attack/digital_3/huawei/chinese-018_03.jpg,data/processed/policy_c_official_test/test/attack/digital_3/huawei/chinese-018_03.jpg,chinese-018_03,attack,digital_3,huawei,1,71,d9f7d585c43d8bb7fad78bbde5943b37ccd9f34fb28f3b7d1f8dab0bc8e9dcd1,8ef9dc1d8fdd71ecf6e5d515f82f3511fa4521706b14d914e8ff8d4049504e86,project_train,train/bonafide/huawei/chinese-018_03.jpg,71.0,d081906712bfbd5a61d9c6ebe45acfd38356a81b4cbbba388ee7b78a2a77d6ba,matched_project,0.0007281303405761,0.0005955696105957,-0.0001325607299804,0.0303802490234375,0.0302734375,-0.0001068115234375
test/attack/digital_3/huawei/chinese-020_03.jpg,data/processed/policy_c_official_test/test/attack/digital_3/huawei/chinese-020_03.jpg,chinese-020_03,attack,digital_3,huawei,1,60,1708d15d5edd396df75e312f833757af9b77325e2ee79ae1fe1536bc0555030c,d0c43f0db106e8992e64f16fc3e0acb480a32dc5c7d380cacee98b1b7c0de5df,project_train,train/bonafide/huawei/chinese-020_03.jpg,60.0,7c45e068d55abe7b00387bbb83c4b67da5ace7673fe433efc054accc141feada,matched_project,0.0003440380096435,0.0006046295166015,0.00026059150695800006,0.031280517578125,0.032135009765625,0.0008544921875
test/attack/digital_3/huawei/chinese-039_03.jpg,data/processed/policy_c_official_test/test/attack/digital_3/huawei/chinese-039_03.jpg,chinese-039_03,attack,digital_3,huawei,1,84,368c22ae26e2595f2f77c7037da30bff95c1ce96601ebded0cae8a909826e4de,8a900253dc43c9827af074ac62736b8d5ba1038262f330f0bad7c057ed51771f,project_train,train/bonafide/huawei/chinese-039_03.jpg,84.0,1416fc3b50cae96d1a423b413eb4a90f69352b248939aa076fc9467d771575bf,matched_project,0.0003662109375,0.001774787902832,0.001408576965332,0.0309600830078125,0.0310516357421875,9.1552734375e-05
test/attack/digital_3/huawei/chinese-064_03.jpg,data/processed/policy_c_official_test/test/attack/digital_3/huawei/chinese-064_03.jpg,chinese-064_03,attack,digital_3,huawei,1,88,d626bfddb312610f58336d6a50d3c8d846cdc7db52571a29de8bdc3c04f31ab3,6ba604f1e29474df3ea0d97e665a7852f0cc023afd4fa80e58b4d1b42fa7b823,project_train,train/bonafide/huawei/chinese-064_03.jpg,88.0,41e9af1f002acc96d35d28d8b826c4a86c7617ad735a0f0cd6d102a6ccb8ee24,matched_project,0.0015010833740234,0.0013408660888671,-0.0001602172851563001,0.0312347412109375,0.0309600830078125,-0.000274658203125
test/attack/digital_3/huawei/chinese-081_03.jpg,data/processed/policy_c_official_test/test/attack/digital_3/huawei/chinese-081_03.jpg,chinese-081_03,attack,digital_3,huawei,1,58,53d2b655ef7de7ab3c2bb8b68c31e2b8e1c117116f2044e8349ef75859b7b47a,25dde8982871a48602e653bfff8552695786303f1e9506c55472081fb2b4da02,project_train,train/bonafide/huawei/chinese-081_03.jpg,58.0,4c8784026a7a22d9ebd8cd24bedf082f80cf8c086803d0503e829744e4dbc195,matched_project,0.0018529891967773,0.0016708374023437,-0.00018215179443360004,0.03173828125,0.031494140625,-0.000244140625
test/attack/digital_3/huawei/chinese-096_03.jpg,data/processed/policy_c_official_test/test/attack/digital_3/huawei/chinese-096_03.jpg,chinese-096_03,attack,digital_3,huawei,1,82,b1d2a63aea3bb7b883aeae8373895086daa0d3a8e890a45a369c8121ce11dcb4,34b0f501b4e55eccaf5ee651696ec7a7dd71e93360a9c229ff1b5884990ca6bc,project_train,train/bonafide/huawei/chinese-096_03.jpg,82.0,0c47db40e9be728a9c6b6659de4fd6d5effd4efd1e9aa18f617ad3b734f46913,matched_project,0.0023193359375,0.0022430419921875,-7.62939453125e-05,0.02880859375,0.02886962890625,6.103515625e-05
test/attack/digital_3/huawei/chinese-099_03.jpg,data/processed/policy_c_official_test/test/attack/digital_3/huawei/chinese-099_03.jpg,chinese-099_03,attack,digital_3,huawei,1,74,42a3c70f6faca01f1f3f030d14837f2f654360d509ab8367dc37d6c588984b47,d2ea86cb33acf2c668e09c4b2a8c5f63748f6f206385d26006952c3f1df87fff,project_train,train/bonafide/huawei/chinese-099_03.jpg,74.0,c9967115c14a82b828ec757f4e13c2607f9531225f299488e85011a48763a2dc,matched_project,0.0025367736816406,0.0031299591064453,0.0005931854248047001,0.0318603515625,0.0323486328125,0.00048828125
test/attack/digital_3/huawei/chinese-102_03.jpg,data/processed/policy_c_official_test/test/attack/digital_3/huawei/chinese-102_03.jpg,chinese-102_03,attack,digital_3,huawei,1,76,23c8d19ce2731b37355c8ed9cd77028617388fc088f7aeb266d4974f2e1e2d17,4f206bf68f5ac6f8c7fb556aeb578a0368c39222c3a5f8b061b4427e02447b68,project_train,train/bonafide/huawei/chinese-102_03.jpg,76.0,471b2c1835e66af628ffb9e0e973ecc6e87590ddbf916f9ff0457003da26580f,matched_project,0.0006117820739746,0.0045051574707031,0.0038933753967285,0.030364990234375,0.03125,0.000885009765625
test/attack/digital_3/huawei/chinese-107_03.jpg,data/processed/policy_c_official_test/test/attack/digital_3/huawei/chinese-107_03.jpg,chinese-107_03,attack,digital_3,huawei,1,58,be8c90a858ab6576e061b6b5bc2bde7cf189cc56f7d353a9bfbd4f224aae9556,985040c6d67295f1ccde8330e5555b8b0202feff54fd212126cc1affd54dd67e,project_train,train/bonafide/huawei/chinese-107_03.jpg,58.0,062eee4967a4c1764f8c9653d1d996bc3508cbf1e89a33d53b7de8e96419360f,matched_project,0.0086593627929687,0.0052413940429687,-0.00341796875,0.027801513671875,0.0287933349609375,0.0009918212890625
test/attack/digital_3/huawei/chinese-113_03.jpg,data/processed/policy_c_official_test/test/attack/digital_3/huawei/chinese-113_03.jpg,chinese-113_03,attack,digital_3,huawei,1,85,2bbd8777f1c3ad8e0426c8f465a66648ff006fa2ebaa75b7b1140303ca194acd,e518730527a65dd11fead08612c83135ab4f1d935f1f1b95995f85c846deb1c0,dev_val,train/bonafide/huawei/chinese-113_03.jpg,85.0,76d143e5f943a990b543d59259ee610c1526a8aef39dec35a991cbaca88ad378,matched_project,0.007232666015625,0.034759521484375,0.02752685546875,0.0360107421875,0.036956787109375,0.000946044921875
test/attack/digital_3/huawei/chinese-142_03.jpg,data/processed/policy_c_official_test/test/attack/digital_3/huawei/chinese-142_03.jpg,chinese-142_03,attack,digital_3,huawei,1,60,4825e293adcc18e9e9d6af132eb7cda3a2c9e906d1183cd1865bfd2e57f3b218,0676cace3f40f24e1a31bdd3c1ba4a305109a0d30c78de29d29de36a45b31475,dev_val,train/bonafide/huawei/chinese-142_03.jpg,60.0,d3c67f7ec6a40108c7b2c23e0fe0d41f4fea8725f7fb5b292ed221e06c852a94,matched_project,0.0012331008911132,0.0020675659179687,0.0008344650268555002,0.0304412841796875,0.0305328369140625,9.1552734375e-05
test/attack/digital_3/huawei/chinese-NF-1014.jpg,data/processed/policy_c_official_test/test/attack/digital_3/huawei/chinese-NF-1014.jpg,chinese-NF-1014,attack,digital_3,huawei,1,85,b449815e83925ee737399a7d40cdb7a11164aed905caa95f963b042ac2face3e,7cdb0485884f2cdd4f9aafc484d9e1948d5b8c75e78bf8b3968922c62495464a,project_train,train/bonafide/huawei/chinese-NF-1014.jpg,85.0,64dbb6199bee023a10fea97802ae467da21d624f3df7455592a81b41bff9fb07,matched_project,0.0024585723876953,0.0040702819824218,0.0016117095947265005,0.03216552734375,0.032867431640625,0.000701904296875
test/attack/digital_3/huawei/chinese-NF-1023.jpg,data/processed/policy_c_official_test/test/attack/digital_3/huawei/chinese-NF-1023.jpg,chinese-NF-1023,attack,digital_3,huawei,1,72,adacd6a8efdf33e1b52001de9055f8e0ef236a0713923379f3580cd3f6420496,6759b2798c78117860fa7dcfabe8b1e418c6387e2d486e9e7a7bec68670c8a80,project_train,train/bonafide/huawei/chinese-NF-1023.jpg,72.0,985d872bef097ccc5060bf57eb57bda330d1e41cb70c7a349ffd823654ed197c,matched_project,0.0008506774902343,0.0008277893066406,-2.2888183593700018e-05,0.03216552734375,0.032501220703125,0.000335693359375
test/attack/digital_3/huawei/chinese-NF-1042.jpg,data/processed/policy_c_official_test/test/attack/digital_3/huawei/chinese-NF-1042.jpg,chinese-NF-1042,attack,digital_3,huawei,1,58,51dda3d217149c4fa1d522ea6f27c4f04df401115baa93f46a23d8b732411c51,2f1b5d9a84fb882162be5330dee043d2a420e779052d28eb2a7d92cd6de610b4,project_train,train/bonafide/huawei/chinese-NF-1042.jpg,58.0,7d36f2ba2a0c88fd3eef82e81c3e8d16c4489caebaf6316a47fc7fcb2e172319,matched_project,0.0098190307617187,0.0019378662109375,-0.0078811645507812,0.0318603515625,0.0303802490234375,-0.0014801025390625
test/attack/digital_3/huawei/chinese-NF-1050.jpg,data/processed/policy_c_official_test/test/attack/digital_3/huawei/chinese-NF-1050.jpg,chinese-NF-1050,attack,digital_3,huawei,1,58,63da1cef66d304964dd4d0c40755095d362f66307ecfcac7dc0cc45ef79adff0,e0870f716749abf605f34b2a6a846480f7d20be84ff7dd4d988ab9217f257764,dev_val,train/bonafide/huawei/chinese-NF-1050.jpg,58.0,83edd7b1f7f20e2ef511ce9f8f6c307869cbdebde9c7b6ff408ae85e79f2d063,matched_project,0.0008444786071777,0.0012159347534179,0.0003714561462402,0.030853271484375,0.0306396484375,-0.000213623046875
test/attack/digital_3/huawei/chinese-NF-1059.jpg,data/processed/policy_c_official_test/test/attack/digital_3/huawei/chinese-NF-1059.jpg,chinese-NF-1059,attack,digital_3,huawei,1,58,97852742b6e1421dfb1df72e5f1d2be6e4c507e893bc10ac428a8aa50db20715,f7bfbe05afe8ec56e5026e5eb5e23bf0a4b5cfe3153c2e3a6070a88046e3e848,project_train,train/bonafide/huawei/chinese-NF-1059.jpg,58.0,f6862077745c12711fe8aa08c36d85a01e9a9d95d2155088282a4746742d8750,matched_project,0.0045127868652343,0.0027790069580078,-0.0017337799072265005,0.03485107421875,0.035369873046875,0.000518798828125
test/attack/digital_3/huawei/chinese-NF-1067.jpg,data/processed/policy_c_official_test/test/attack/digital_3/huawei/chinese-NF-1067.jpg,chinese-NF-1067,attack,digital_3,huawei,1,63,355095d52b3c15a6c4176422cee6b3bf078f67650bb9e7c8134b1bede157fc67,7b12de554974533780ed1d22f7d824b2984dcea140b4b46b5045fc5d23aef0d8,project_train,train/bonafide/huawei/chinese-NF-1067.jpg,63.0,1440922ac6abea7ea1b43c50bae6de221cf58ea2affc6d8258d6879a4089c742,matched_project,0.0029525756835937,0.0042381286621093,0.0012855529785156003,0.0325927734375,0.033203125,0.0006103515625
test/attack/digital_3/huawei/chinese-NF-1072.jpg,data/processed/policy_c_official_test/test/attack/digital_3/huawei/chinese-NF-1072.jpg,chinese-NF-1072,attack,digital_3,huawei,1,82,a361143ad1a364cef623fa0bf90270b6113e1308ccfcd35126ac58c5d37d2fad,8c5c58aca82258acdde9bc0ca6fd4b3a7c255756e50abd32ac5e57ae00aa87ef,project_train,train/bonafide/huawei/chinese-NF-1072.jpg,82.0,74ba93f7c023003ba421da22788ec20abbd555cbca4e965dabe8b4042b18a511,matched_project,0.0008072853088378,0.0006275177001953,-0.00017976760864249995,0.030792236328125,0.0305938720703125,-0.0001983642578125
test/attack/digital_3/huawei/chinese-NF-1085.jpg,data/processed/policy_c_official_test/test/attack/digital_3/huawei/chinese-NF-1085.jpg,chinese-NF-1085,attack,digital_3,huawei,1,76,75a50528eded5f666d17b46e3e212edb46873c16e53ad0865bd90a3b9bab9a9a,b0c01b2e4322b2ad002f6f760b88f0605c4740fd6e3b850311644ca385428bbf,dev_val,train/bonafide/huawei/chinese-NF-1085.jpg,76.0,56de428f24c5be49600d6d6286f6188846974cf5748f05be626f6099eb6e43ac,matched_project,0.042877197265625,0.047943115234375,0.00506591796875,0.042572021484375,0.045196533203125,0.00262451171875
test/attack/digital_3/huawei/chinese-NF-1088.jpg,data/processed/policy_c_official_test/test/attack/digital_3/huawei/chinese-NF-1088.jpg,chinese-NF-1088,attack,digital_3,huawei,1,80,151cafd5347b7240671fff35ff4b9ce5a098ab12d0ab0de37b62b3c46074afa8,ea72ca7bb96a41f7d71fb4e1681e471e690180c2e1038e2c8dd9cfc7785b52c6,project_train,train/bonafide/huawei/chinese-NF-1088.jpg,80.0,015dc9f3507f85935d4bc63a877a9195bc9f2d9a2fe9ad0fa0deebea49609f89,matched_project,0.0008916854858398,0.0020027160644531,0.0011110305786133,0.0316162109375,0.032684326171875,0.001068115234375
test/attack/digital_3/huawei/chinese-NF-1101.jpg,data/processed/policy_c_official_test/test/attack/digital_3/huawei/chinese-NF-1101.jpg,chinese-NF-1101,attack,digital_3,huawei,1,61,13dd566907b2136de6b415d67e55a98fc92cee5e642a2525b56c79498aaf3ed8,409bdc7884d1e002ad7966d6b4c1b71132deb1e4fe979d451ed3880c4ac4ea0e,project_train,train/bonafide/huawei/chinese-NF-1101.jpg,61.0,36fb824ad8a30132d5c240809720197e37114c58d6f2e175f59dbf3211ae3334,matched_project,0.0072898864746093,0.0089645385742187,0.0016746520996093993,0.03521728515625,0.035308837890625,9.1552734375e-05
test/attack/digital_3/huawei/chinese-NM-1092.jpg,data/processed/policy_c_official_test/test/attack/digital_3/huawei/chinese-NM-1092.jpg,chinese-NM-1092,attack,digital_3,huawei,1,61,1f183cd0d6f9f2fc91536df839b9e034b3853b222dfae74cb9c9e619450d4605,c2d2dcf93c7b14b52f33187a633e33799e0503dbdcfdcd4db3a99e658c9ce26f,dev_val,train/bonafide/huawei/chinese-NM-1092.jpg,61.0,4b542a4c0b5172bed9eba3ab69b2e6fac2de26f305d9e762f4c643108ac5abba,matched_project,0.0012426376342773,0.001495361328125,0.00025272369384770005,0.031280517578125,0.03228759765625,0.001007080078125
test/attack/digital_3/huawei/french-019_03.jpg,data/processed/policy_c_official_test/test/attack/digital_3/huawei/french-019_03.jpg,french-019_03,attack,digital_3,huawei,1,77,c114c31b064195d5a4ceaa815325ef9e80e014e5f0347aa89215b35f7103ef52,9c7e907abd058de400db2f9f63c492b582c4575e14835161ae3077d6be6690fe,dev_val,train/bonafide/huawei/french-019_03.jpg,77.0,d2debd7c9ba1891721020d8009b9783e4f65f0ce09c5b59e71eae7b2167f6482,matched_project,0.0044326782226562,0.008331298828125,0.0038986206054688003,0.024169921875,0.0249176025390625,0.0007476806640625
test/attack/digital_3/huawei/french-022_03.jpg,data/processed/policy_c_official_test/test/attack/digital_3/huawei/french-022_03.jpg,french-022_03,attack,digital_3,huawei,1,67,dd478d08e770626bc3904890ba9f1de6761e5724d971e15787c8dd742dd8e430,e574eb8691799cfaa6484fc5deb41d1ddc40d1cb8a9d19f89143907948a2065a,project_train,train/bonafide/huawei/french-022_03.jpg,67.0,8a4437aea7b711ab9a3053ad913ee11877e84362c776ef2a033c1824efe32399,matched_project,0.00089693069458,0.0019454956054687,0.0010485649108887,0.023468017578125,0.0238494873046875,0.0003814697265625
test/attack/digital_3/huawei/french-033_03.jpg,data/processed/policy_c_official_test/test/attack/digital_3/huawei/french-033_03.jpg,french-033_03,attack,digital_3,huawei,1,63,6285f23fa89f59112ddc7af624caafb7e4300c7bee969c0f978f7990d5691e78,cd590aa8bd616d43d9853017c1dee85014b3e8e8fd78ee50696e8926baaa155b,project_train,train/bonafide/huawei/french-033_03.jpg,63.0,3550d67c689be3a43c78d49639bd940c815ce0d66c68a8febd59101d61fc68ec,matched_project,0.0013799667358398,0.0028114318847656,0.0014314651489258,0.02362060546875,0.02362060546875,0.0
test/attack/digital_3/huawei/french-044_03.jpg,data/processed/policy_c_official_test/test/attack/digital_3/huawei/french-044_03.jpg,french-044_03,attack,digital_3,huawei,1,71,8bdcaa98cc0765e4c1e8d2cc34ade84194bc360eea073e8f9dfc6b060963032c,9d4086d4f5f4bcdedb4c126d3f408c2352f6887d9d81534163e8db91ea5b0506,project_train,train/bonafide/huawei/french-044_03.jpg,71.0,d9dff2c53196221e72b649a4885d897ed28d85ba764f83b95ab33694f03ca9d5,matched_project,0.0069694519042968,0.07891845703125,0.0719490051269532,0.024078369140625,0.0252685546875,0.001190185546875
test/attack/digital_3/huawei/french-068_03.jpg,data/processed/policy_c_official_test/test/attack/digital_3/huawei/french-068_03.jpg,french-068_03,attack,digital_3,huawei,1,76,b17730fa16b9d0cc246ba88d3d5161144e75da1879be85cc6182fd9b2b567784,7bb0647a3ae51b09bca900707f2b4faf6c81635257bf586f5b5be8f87b22f3de,project_train,train/bonafide/huawei/french-068_03.jpg,76.0,56832321cc1c49dfe66429630538fc2c448d866c5f265eb8867a5a83d32b6034,matched_project,0.0005202293395996,0.0008883476257324,0.0003681182861327999,0.023529052734375,0.0231475830078125,-0.0003814697265625
test/attack/digital_3/huawei/french-090_03.jpg,data/processed/policy_c_official_test/test/attack/digital_3/huawei/french-090_03.jpg,french-090_03,attack,digital_3,huawei,1,70,a39c3a2422e8df865456b76137d9e9c6c561eb90612d642816db48100c9efa43,b1a04dcdeebf217cc12cd8850631b28d1ec799db35262e915e7b4dddd87467d4,project_train,train/bonafide/huawei/french-090_03.jpg,70.0,73b2ef4f3f640ebb9ea2f749e1f89257f7d832a1af17321c59591fe36b52b915,matched_project,0.0011672973632812,0.0012331008911132,6.580352783200002e-05,0.0226287841796875,0.022308349609375,-0.0003204345703125
test/attack/digital_3/huawei/french-091_03.jpg,data/processed/policy_c_official_test/test/attack/digital_3/huawei/french-091_03.jpg,french-091_03,attack,digital_3,huawei,1,85,006e1e53b1ac1cb52401e8c6bbb1db150e012a90c7c161d61f68966c65be64ed,1d0e103b1e24e1f12dbed0b69cec488c3c81894a24cba8b7e9617e53065ab015,project_train,train/bonafide/huawei/french-091_03.jpg,85.0,b5c6dc339cf9b76b3799f51713774864a122f388593179dc369cc4ce4ad53dae,matched_project,0.0033836364746093,0.0126724243164062,0.0092887878417969,0.0241851806640625,0.024658203125,0.0004730224609375
test/attack/digital_3/huawei/french-097_03.jpg,data/processed/policy_c_official_test/test/attack/digital_3/huawei/french-097_03.jpg,french-097_03,attack,digital_3,huawei,1,66,c6993fb3d97634084c94efd6f0357f02e0d656e90fd75cf00703d3d960005976,848e6725ab9962adcdfc80f6b97d51edef2d0f4799a14700ac6490d4ddd42268,project_train,train/bonafide/huawei/french-097_03.jpg,66.0,1ce51e5124cf967b8205c811bd224dffd5e962c88fa9ec224565d762c4719378,matched_project,0.0007853507995605,0.0039901733398437,0.0032048225402831997,0.0205078125,0.0204620361328125,-4.57763671875e-05
test/attack/digital_3/huawei/french-100_03.jpg,data/processed/policy_c_official_test/test/attack/digital_3/huawei/french-100_03.jpg,french-100_03,attack,digital_3,huawei,1,64,8c516874203521ed86137bc77557f33af47e0d050f78835b534baa36b2a1f0de,b1bbc1ffd4f7866fe2527657c2f780ba3f830c747ea4522fd22311d49212496a,project_train,train/bonafide/huawei/french-100_03.jpg,64.0,1697cbc946f42ae0d0e7c46025cff316bcad49762caa8444fde1a8690a039e49,matched_project,0.0004255771636962,0.0068092346191406,0.0063836574554444,0.0243377685546875,0.0246124267578125,0.000274658203125
test/attack/digital_3/huawei/french-114_03.jpg,data/processed/policy_c_official_test/test/attack/digital_3/huawei/french-114_03.jpg,french-114_03,attack,digital_3,huawei,1,75,c57a65a7ed7523b087ecb728a51d5b6979b9227a858e8595e49ae3805a50090a,9ac545c0ca9be980a9dd574cedc38bbdc7b86d295cc27ceb579aff94ea95a734,dev_val,train/bonafide/huawei/french-114_03.jpg,75.0,4a8358c4d3d75a4458be625c52b21a3c56ddd3a09d038ec718f3a9ae374654a1,matched_project,0.0008692741394042,0.0045394897460937,0.0036702156066895,0.023773193359375,0.0234375,-0.000335693359375
test/attack/digital_3/huawei/french-118_03.jpg,data/processed/policy_c_official_test/test/attack/digital_3/huawei/french-118_03.jpg,french-118_03,attack,digital_3,huawei,1,76,7f0ff8b2a0449c140f5de7f85909699ad0bcd2a33928146bfa9e92c9da5a0c7f,9b96c02acce0421763da656d1c9015768bae3d85b3debcbe7a7b0a07c535a57b,project_train,train/bonafide/huawei/french-118_03.jpg,76.0,bc5cfd0903822b0ade70f530c012a48496fbff91286ec2f71d1c05abcb48ffd8,matched_project,0.0008277893066406,0.0039901733398437,0.0031623840332031,0.0245208740234375,0.0293121337890625,0.004791259765625
test/attack/digital_3/huawei/french-124_03.jpg,data/processed/policy_c_official_test/test/attack/digital_3/huawei/french-124_03.jpg,french-124_03,attack,digital_3,huawei,1,87,a4fb656b15827068b273f06e50d89ad20af5234c7e465e6ac6702b3160f8862f,5a8891e0781fcd182fde097226df795d9dd1c38669937f99531b95e7c8187f5a,dev_val,train/bonafide/huawei/french-124_03.jpg,87.0,4ebf83f5f679ae99818bb19bfb10e4bcd42e5872771d6b3084dd58bf1ea6a2d5,matched_project,0.0005645751953125,0.0018634796142578,0.0012989044189453,0.0249176025390625,0.0250091552734375,9.1552734375e-05
test/attack/digital_3/huawei/french-128_03.jpg,data/processed/policy_c_official_test/test/attack/digital_3/huawei/french-128_03.jpg,french-128_03,attack,digital_3,huawei,1,89,74dd99afa75bfc35ee530add10b00653c849bdf994ce94450d7d344689aa581b,8145a848a671913e325f5f0c75d0d7424a6369cdb04e45a6fe2dd46a2f3ad85d,dev_val,train/bonafide/huawei/french-128_03.jpg,89.0,57cd4e04c34f87e488e6033ed1fdc3707ac33e926528a523c4ae66e47b6c313b,matched_project,0.0008759498596191,0.00567626953125,0.0048003196716309,0.024139404296875,0.0257110595703125,0.0015716552734375
test/attack/digital_3/huawei/french-135_03.jpg,data/processed/policy_c_official_test/test/attack/digital_3/huawei/french-135_03.jpg,french-135_03,attack,digital_3,huawei,1,87,c66926e7751d6594534aa767acc3bde5c2e1fa8605509ffe0e95f61c61c0bca1,e586b4587e60051d928d3ef62cc0408cf238e528460ea011c33c89ebf183e870,project_train,train/bonafide/huawei/french-135_03.jpg,87.0,6bf01e4f8e9aa129effe8ff3c09531a6ea73a69d78f05983ff040a38dda843ab,matched_project,0.0037364959716796,0.0161590576171875,0.0124225616455079,0.0251007080078125,0.033233642578125,0.0081329345703125
test/attack/digital_3/huawei/french-NF-1020.jpg,data/processed/policy_c_official_test/test/attack/digital_3/huawei/french-NF-1020.jpg,french-NF-1020,attack,digital_3,huawei,1,61,5a18d383b4f16811ed4e66bb6156c1d9b60e0b79a596ca7682199b7aae51cf6a,28f3fe8528f3e9f7eeeb02f3cf1167a84a881403e839965fc24787c1b4ec2d73,project_train,train/bonafide/huawei/french-NF-1020.jpg,61.0,e5b63299ffa5d8db740b7f133b5cc42b2ecb1b5432fc368d2566ed19a4028065,matched_project,0.0052108764648437,0.05645751953125,0.0512466430664063,0.0249176025390625,0.0247955322265625,-0.0001220703125
test/attack/digital_3/huawei/french-NF-1047.jpg,data/processed/policy_c_official_test/test/attack/digital_3/huawei/french-NF-1047.jpg,french-NF-1047,attack,digital_3,huawei,1,83,b5973f3d8b771f02152c94812c36ca8f881f80a1fb2ed8651e20da8a3a75b0cf,e9fcc5a5b6e1943b82846898578f9cfc9ffd6abad2c9d4d711778f8de740dcd3,dev_val,train/bonafide/huawei/french-NF-1047.jpg,83.0,daf3f128070c8eae03485fe7296caa6c4ef47dcc8626ed1724a71ae4f7f93878,matched_project,0.023529052734375,0.11456298828125,0.091033935546875,0.02532958984375,0.02593994140625,0.0006103515625
test/attack/digital_3/huawei/french-NF-1056.jpg,data/processed/policy_c_official_test/test/attack/digital_3/huawei/french-NF-1056.jpg,french-NF-1056,attack,digital_3,huawei,1,75,d4a3cba609a84456af6c5ed3d3cd5c59ee16b5c1859aec297ca9dbeed30a2b6a,9e5f57131de96d3c864daae430e9a8db468a06559231f1494827b11cb7142275,project_train,train/bonafide/huawei/french-NF-1056.jpg,75.0,8538928157859b3380e65dc0651c54c3b6fdad8330172be248b8b25d40238224,matched_project,0.0003306865692138,0.0026779174804687,0.0023472309112549,0.0244903564453125,0.0240020751953125,-0.00048828125
test/attack/digital_3/huawei/french-NF-1063.jpg,data/processed/policy_c_official_test/test/attack/digital_3/huawei/french-NF-1063.jpg,french-NF-1063,attack,digital_3,huawei,1,73,403985d5c11daa30f5dd88efdb9ba430eb2a96e68974a2524a0ffb1a5508249b,9da68cfc31516ac0f945d50fbc2c90a8369993f716f39ffcb4b0634893a20f95,project_train,train/bonafide/huawei/french-NF-1063.jpg,73.0,1d60267112f4d1bf0b28c7de9d190b89f8a181a390d8f82abdc904c76749346f,matched_project,0.0014781951904296,0.132080078125,0.1306018829345704,0.024932861328125,0.10699462890625,0.082061767578125
test/attack/digital_3/huawei/french-NF-1082.jpg,data/processed/policy_c_official_test/test/attack/digital_3/huawei/french-NF-1082.jpg,french-NF-1082,attack,digital_3,huawei,1,71,b8888e636a3379c9b761979a588b252e83aeed03ec491e0ee41a2daa3b348d0f,a1666ccc0c100354c6d4730cd1a079048af6d1e04a7ac759953ba96298146be8,dev_val,train/bonafide/huawei/french-NF-1082.jpg,71.0,f17e2f02edc283002ffb192836b7a76cf36110d35690fffa5fd4f4ce97e6b907,matched_project,0.0036849975585937,0.0051078796386718,0.0014228820800781003,0.025634765625,0.0257110595703125,7.62939453125e-05
test/attack/digital_3/huawei/french-NF-1095.jpg,data/processed/policy_c_official_test/test/attack/digital_3/huawei/french-NF-1095.jpg,french-NF-1095,attack,digital_3,huawei,1,56,78c2e4ab65cd400c32955aa601cbb9aef874c4c3e976c35a05213d8176b227b8,56bac911a752d65f6766223d79267168b96b4a487d4a2c24cd1c622a9572d6e8,project_train,train/bonafide/huawei/french-NF-1095.jpg,56.0,964014d1e0bc1d1f36b74e5691663ba5e85eb89c9443067b211643ff7a7cedeb,matched_project,0.0009126663208007,0.0007510185241699,-0.00016164779663080007,0.023193359375,0.0230865478515625,-0.0001068115234375
test/attack/digital_3/huawei/french-NF-1110.jpg,data/processed/policy_c_official_test/test/attack/digital_3/huawei/french-NF-1110.jpg,french-NF-1110,attack,digital_3,huawei,1,55,a95b7020dddf11081a81aadd908bf9b13f407127ab0466dc6dd3c77ae0efd88c,bdb4e3b42514a000bdacc4b0b75b0b761e51816170355f18fafb76c47885963e,project_train,train/bonafide/huawei/french-NF-1110.jpg,55.0,05ef2380d0cca3ddf7c5a887d1589593b1380194695b5da8ffa25fbe67c8b635,matched_project,0.00274658203125,0.0036849975585937,0.0009384155273437001,0.0214080810546875,0.02142333984375,1.52587890625e-05
test/attack/digital_3/huawei/french-NM-1070.jpg,data/processed/policy_c_official_test/test/attack/digital_3/huawei/french-NM-1070.jpg,french-NM-1070,attack,digital_3,huawei,1,57,22fbf7db2ce88382ba611eac847dc546984d70307b18c510a27185d92bffa9a8,99c756b1160f7e8c688b5397eef1e6a4ba7d9e0c8eb0abf1c3e0f1404e867614,project_train,train/bonafide/huawei/french-NM-1070.jpg,57.0,8e7f6d7e4c0188e9a95d3c7a3cfd2c75112a616c863ab277f4ba3a592900c7e6,matched_project,0.0004804134368896,0.0021400451660156,0.001659631729126,0.0238494873046875,0.0243377685546875,0.00048828125
test/attack/digital_3/huawei/french-NM-1104.jpg,data/processed/policy_c_official_test/test/attack/digital_3/huawei/french-NM-1104.jpg,french-NM-1104,attack,digital_3,huawei,1,65,e54a7b360ed0e72eae1ba031cba6f5be7e7034499794adcbba06b6f29041b003,7616f9a31269b06e6bc2fafde4c44ce78f469838d73d476386cb5c3f9d3b5bf6,project_train,train/bonafide/huawei/french-NM-1104.jpg,65.0,fafcecfad2f524d7ec8b7121de067b7ef067826493930403a140210c5a8b67c7,matched_project,0.0010509490966796,0.0018606185913085,0.0008096694946289002,0.024871826171875,0.024444580078125,-0.00042724609375
test/attack/digital_3/huawei/indian-012_03.jpg,data/processed/policy_c_official_test/test/attack/digital_3/huawei/indian-012_03.jpg,indian-012_03,attack,digital_3,huawei,1,53,e31b9eea01ed29c4361d9f6da85418085bedab4835d9a013165b2bb061181aea,84e527572cbe2f512b664046579e9d74b7593dec11b6f96c9c9f2b3aba6ae0ff,project_train,train/bonafide/huawei/indian-012_03.jpg,53.0,5930a61f7c7a5cee087fc1f313e263f379958349542287ece62da34443b542df,matched_project,0.0024871826171875,0.0055999755859375,0.00311279296875,0.0245361328125,0.0254974365234375,0.0009613037109375
test/attack/digital_3/huawei/indian-014_03.jpg,data/processed/policy_c_official_test/test/attack/digital_3/huawei/indian-014_03.jpg,indian-014_03,attack,digital_3,huawei,1,66,c427d22679e2880f001041c354457742b82a1add59ad3428b77bc0d1892f35b6,e02913205f1a54a9a2a8ecc8a4cba6641081d06b490008b6d3ea433e5a632035,dev_val,train/bonafide/huawei/indian-014_03.jpg,66.0,7cd08914e08b083ed946baa52653caa45198fd6531f8162dbb12181deb353250,matched_project,0.02117919921875,0.023468017578125,0.002288818359375,0.038238525390625,0.036468505859375,-0.00177001953125
test/attack/digital_3/huawei/indian-021_03.jpg,data/processed/policy_c_official_test/test/attack/digital_3/huawei/indian-021_03.jpg,indian-021_03,attack,digital_3,huawei,1,57,747e782469d6d5b2b649d8e8cffe0420a4523e24b460c79941e9f9d69c24e3c2,8c200d24d94f652d024c6fd5aba5104eaee29b9b9e9d4614492bb7d02bd2112d,dev_val,train/bonafide/huawei/indian-021_03.jpg,57.0,76c9a410c629099a883058c17d4e81e8366e694d49fccd339daf37b98da0bd6b,matched_project,0.0072479248046875,0.00787353515625,0.0006256103515625,0.0247955322265625,0.025299072265625,0.0005035400390625
test/attack/digital_3/huawei/indian-037_03.jpg,data/processed/policy_c_official_test/test/attack/digital_3/huawei/indian-037_03.jpg,indian-037_03,attack,digital_3,huawei,1,79,93bc0e848d28447974a0d7befbdfa42dac7ab197eb56b1513126f182bdf45b23,682ab3655ad027be24025d759b58a89c0ae871d3ec54dbcf2d0fcad7958cc817,project_train,train/bonafide/huawei/indian-037_03.jpg,79.0,709a4fd197fad2e875ce8c937e67fd61c266a834cd290dcb46c45742a48be671,matched_project,0.0024013519287109,0.0028285980224609,0.00042724609375,0.0240936279296875,0.0243377685546875,0.000244140625
test/attack/digital_3/huawei/indian-038_03.jpg,data/processed/policy_c_official_test/test/attack/digital_3/huawei/indian-038_03.jpg,indian-038_03,attack,digital_3,huawei,1,89,46e338f18ce17045d85a32b62de88b75cb2c2436ff98eab6af5f861d3bc244eb,98052791b4b322d9ea0decee4709e2803543fe8b7e79855c25a0d9ccdc361ef3,project_train,train/bonafide/huawei/indian-038_03.jpg,89.0,ef6cf345d7cdbbd334930876a14d5cd2d6890aab482c47389f995f24c1b557c1,matched_project,0.0030517578125,0.0124282836914062,0.0093765258789062,0.025543212890625,0.0260009765625,0.000457763671875
test/attack/digital_3/huawei/indian-094_03.jpg,data/processed/policy_c_official_test/test/attack/digital_3/huawei/indian-094_03.jpg,indian-094_03,attack,digital_3,huawei,1,60,ec81dd5e4f53195c947c6164f7e20b02766204ed529ce756e82fcaea84ca880b,097b1543c0caf868a202f36105c920ba5ac62be661092ab85b588fbfe4e4d2ae,project_train,train/bonafide/huawei/indian-094_03.jpg,60.0,ff94748c138404ada03474e8db0390fecd480fa85245efe209c5b82e98b32c40,matched_project,0.004913330078125,0.0133743286132812,0.0084609985351562,0.026153564453125,0.0272674560546875,0.0011138916015625
test/attack/digital_3/huawei/indian-108_03.jpg,data/processed/policy_c_official_test/test/attack/digital_3/huawei/indian-108_03.jpg,indian-108_03,attack,digital_3,huawei,1,65,3e3e2e6061fb625d8e92b885fdca7b7c6d4d8b396d66cf4c9020ceb9e9a8dce8,69f45c3ba197e10562c6f6719cd06114433906f33d8a5df4f9d06ea3de83d34a,project_train,train/bonafide/huawei/indian-108_03.jpg,65.0,92614ebe933cab528f6f7c3398c850eeccd8cad0224384bbaa2cf16907973683,matched_project,0.0022163391113281,0.0027675628662109,0.0005512237548828004,0.0255584716796875,0.0254669189453125,-9.1552734375e-05
test/attack/digital_3/huawei/indian-NF-1006.jpg,data/processed/policy_c_official_test/test/attack/digital_3/huawei/indian-NF-1006.jpg,indian-NF-1006,attack,digital_3,huawei,1,59,ac0f571f6b4157efb4fb435b587a73b568af27d7392f7d0213499546731bb76d,bee2e259de69062fbedc8664d58727c6eb9215edca8c164e29312e47ad4af8b0,project_train,train/bonafide/huawei/indian-NF-1006.jpg,59.0,a0b588e0c142939fc8bcdddecf361a57768fabcc2add438a80a6b553d16a0f1a,matched_project,0.0024929046630859,0.0051383972167968,0.0026454925537109,0.0283050537109375,0.027984619140625,-0.0003204345703125
test/attack/digital_3/huawei/indian-NF-1025.jpg,data/processed/policy_c_official_test/test/attack/digital_3/huawei/indian-NF-1025.jpg,indian-NF-1025,attack,digital_3,huawei,1,89,213e73a0af349ccb2710d70ed783910bcb9ba1c51b792064701e5dc7d4278ff4,e0b98f90a869387f325eb53272d1aec20df18cf6b8e75c107b1879b69e9154fa,project_train,train/bonafide/huawei/indian-NF-1025.jpg,89.0,bc2ec438a906ca2589a5c4b3db6874512ca76ae33f755a8eec18964c9fbbd1ea,matched_project,0.0048866271972656,0.0082321166992187,0.0033454895019531,0.02691650390625,0.02801513671875,0.0010986328125
test/attack/digital_3/huawei/indian-NF-1039.jpg,data/processed/policy_c_official_test/test/attack/digital_3/huawei/indian-NF-1039.jpg,indian-NF-1039,attack,digital_3,huawei,1,68,7e16273bbb7ea2d42e2edeceda76f7a49d1fbc5232ad0a332475cd956db56d30,c3d509032c7dc72a3888dd95f90ad4b0d06befb064f202e83b0cf883043664c4,project_train,train/bonafide/huawei/indian-NF-1039.jpg,68.0,3bd0196177c0d1f81924b369c3e56fb6dc1e009fd18b68418c5b708b1893e427,matched_project,0.0024147033691406,0.0062065124511718,0.0037918090820312006,0.0241241455078125,0.0254974365234375,0.001373291015625
test/attack/digital_3/huawei/indian-NF-1061.jpg,data/processed/policy_c_official_test/test/attack/digital_3/huawei/indian-NF-1061.jpg,indian-NF-1061,attack,digital_3,huawei,1,63,6880cb89a343cc449e91c084a27ae39515cf8a7e8ef2f0af315c5d2b5a0847ef,b376bdd1f31d1330d0014eb27256d638d3df27fa353c126d6c77f29eefb905aa,dev_val,train/bonafide/huawei/indian-NF-1061.jpg,63.0,d7c74e54b998d26fedd89363e1d011122d17b929b010282a0c2d4632b9ad86b7,matched_project,0.108642578125,0.11505126953125,0.00640869140625,0.027801513671875,0.029144287109375,0.0013427734375
test/attack/digital_3/huawei/indian-NF-1075.jpg,data/processed/policy_c_official_test/test/attack/digital_3/huawei/indian-NF-1075.jpg,indian-NF-1075,attack,digital_3,huawei,1,59,16931c0d9987c2b4911784609ed21c4c0ea4a149347773a209e144ac4f14be05,28a715b2c928dc5539861f3b69cbcc7e3ffd78e27ac713121708a6860f46ac2a,project_train,train/bonafide/huawei/indian-NF-1075.jpg,59.0,20353383bb0bd97cae8cca7904b592acafe6e00ba71268e5a755b35cd075b649,matched_project,0.0054588317871093,0.0087432861328125,0.0032844543457031996,0.025543212890625,0.02642822265625,0.000885009765625
test/attack/digital_3/huawei/indian-NF-1096.jpg,data/processed/policy_c_official_test/test/attack/digital_3/huawei/indian-NF-1096.jpg,indian-NF-1096,attack,digital_3,huawei,1,74,47c41a2c02461edd2955a63c1f5a2270feac6b016ed83744dc33bd2ac0e76d4f,ec04eea0ea898fa5bcf80c37a36bd812c202bf9dcc35b5c10b37bc68e5a05bd6,project_train,train/bonafide/huawei/indian-NF-1096.jpg,74.0,4f1c933af1e9b107503c34ca26d73c95d693f083d7da25390c204ed6ac232f9c,matched_project,0.0023689270019531,0.0099334716796875,0.0075645446777344,0.0253753662109375,0.02618408203125,0.0008087158203125
test/attack/digital_3/huawei/indian-NM-1058.jpg,data/processed/policy_c_official_test/test/attack/digital_3/huawei/indian-NM-1058.jpg,indian-NM-1058,attack,digital_3,huawei,1,86,555696f1bdadb74e86318c0b3d021c949d4d912b6653e749d0c90154e66512e7,99b3d7a89382e3668a680791aa53adef99b4220f20dd26efa21aab8c8548bec3,project_train,train/bonafide/huawei/indian-NM-1058.jpg,86.0,d01a00371a02c7f68f6f31d292d7508a278d1b1eedfd19780d22d79aa50da7a0,matched_project,0.0032672882080078,0.010345458984375,0.0070781707763672,0.025787353515625,0.026702880859375,0.00091552734375
test/attack/digital_3/huawei/persian-010_03.jpg,data/processed/policy_c_official_test/test/attack/digital_3/huawei/persian-010_03.jpg,persian-010_03,attack,digital_3,huawei,1,55,93c43ba79d3c3d52f1742152e039b083804bdc118a998ca8a3fd9a8e205d8857,38ffaa2df43df71714f8df5e22f720fedf1ac9e5b788ac003f18b8f5e6a5bcb8,project_train,train/bonafide/huawei/persian-010_03.jpg,55.0,3758118b32f5632ffb3341043f99a1fd66ca2dbd6f10b1ad9a484928b44d3ba8,matched_project,0.0033512115478515,0.008270263671875,0.0049190521240235,0.0362548828125,0.241455078125,0.2052001953125
test/attack/digital_3/huawei/persian-045_03.jpg,data/processed/policy_c_official_test/test/attack/digital_3/huawei/persian-045_03.jpg,persian-045_03,attack,digital_3,huawei,1,50,f856d4f65139d28ad21c85fe7fd16306236e164c28b52020f58da93895e3c6d6,cbc9f8b667be503fe0859c2ec54f0c0014bc0829edda2f4ec9acba4ada32a69d,project_train,train/bonafide/huawei/persian-045_03.jpg,50.0,bc0e6042a61ee99db31bdeec6ef1bb1b5ce321b7a5876090d750552673249de8,matched_project,0.021240234375,0.0100555419921875,-0.0111846923828125,0.032562255859375,0.03289794921875,0.000335693359375
test/attack/digital_3/huawei/persian-069_03.jpg,data/processed/policy_c_official_test/test/attack/digital_3/huawei/persian-069_03.jpg,persian-069_03,attack,digital_3,huawei,1,51,8c9c3f4b2a55a2f75c542ffc7bfa6441038e74b0b97f4314d9955c48cdff8775,0d0f58119b4379b2ec0657104dfefddf7c5987ca7879ff05eecf3d4fb4b5ae86,project_train,train/bonafide/huawei/persian-069_03.jpg,51.0,b522c4c14ae4c8742ba5ab6a7261f255b94f999baff981cd74ad9db503219fd8,matched_project,0.0103912353515625,0.0271759033203125,0.01678466796875,0.029510498046875,0.040618896484375,0.0111083984375
test/attack/digital_3/huawei/persian-087_03.jpg,data/processed/policy_c_official_test/test/attack/digital_3/huawei/persian-087_03.jpg,persian-087_03,attack,digital_3,huawei,1,66,42053c53334bd24629d61d61b5d14ca20fce6804adeba36d12715563a2c06f84,981b9297fb190887ace5525f4e8b2a094d6abf592272568a6af4117285411548,project_train,train/bonafide/huawei/persian-087_03.jpg,66.0,fc0a960723f9fe37da6de7aad6444931dc5851e6fcf158771ce1b4468b330a83,matched_project,0.017486572265625,0.1939697265625,0.176483154296875,0.03656005859375,0.04595947265625,0.0093994140625
test/attack/digital_3/huawei/persian-122_03.jpg,data/processed/policy_c_official_test/test/attack/digital_3/huawei/persian-122_03.jpg,persian-122_03,attack,digital_3,huawei,1,69,20ee75131cc0071a46602f8ae17f79e18349801c908ff64082d8790fa6ca5d13,29347b6ab3cbc6c7ec2713f38b0a56eb08467e15572d6fe2c09ed0936966082e,project_train,train/bonafide/huawei/persian-122_03.jpg,69.0,4d4f7e30fdbfd8251a5cd1efc895ee40212aab319a83dae74cacee3a64caa441,matched_project,0.0020828247070312,0.0038089752197265,0.0017261505126953,0.038299560546875,0.038299560546875,0.0
test/attack/digital_3/huawei/persian-144_03.jpg,data/processed/policy_c_official_test/test/attack/digital_3/huawei/persian-144_03.jpg,persian-144_03,attack,digital_3,huawei,1,50,5cb687318cc792d95373b5512581b2d446c2a8c4416caaced0f9ff9a369bad35,f6abf1c5f09e13c20cd599320aa669710f39e38120de75c2189a13ee6fb4feec,dev_val,train/bonafide/huawei/persian-144_03.jpg,50.0,e08e2bda333d7a1d3c0ac2e7d537cbdbe06bc97cfd6b66216c4239c44e928d4b,matched_project,0.0042304992675781,0.0181427001953125,0.0139122009277344,0.03179931640625,0.03240966796875,0.0006103515625
test/attack/digital_3/huawei/persian-NF-1001.jpg,data/processed/policy_c_official_test/test/attack/digital_3/huawei/persian-NF-1001.jpg,persian-NF-1001,attack,digital_3,huawei,1,84,0c7453905bafb212f4c026bde2b64f0ea1f9dcf6cce3098e96e6654b08da67e9,d376dd955d026f84520660855c3bf3d9543f954ba8386930346c2341ebfd035f,project_train,train/bonafide/huawei/persian-NF-1001.jpg,84.0,c03d4657adef0e0106d0a5b0e386793a5ce6c4e4e735cbf9708eed143eda8fd6,matched_project,0.0063018798828125,0.0062637329101562,-3.814697265630031e-05,0.030731201171875,0.0306396484375,-9.1552734375e-05
test/attack/digital_3/huawei/persian-NF-1018.jpg,data/processed/policy_c_official_test/test/attack/digital_3/huawei/persian-NF-1018.jpg,persian-NF-1018,attack,digital_3,huawei,1,73,eb2b98d0eaba858f47a2d30b52b186ff85302f2506ea728eb819835a9d311b4e,15fdd62efd2f95af29d9f483c7d8b4eeb5a0786e2627a929baf6353e992c1110,dev_val,train/bonafide/huawei/persian-NF-1018.jpg,73.0,43c775b0d9509a33b25bddc5be0468d52ee6e47b9562b7168c547f442f954da1,matched_project,0.0051689147949218,0.0156021118164062,0.0104331970214844,0.03326416015625,0.0345458984375,0.00128173828125
test/attack/digital_3/huawei/persian-NF-1031.jpg,data/processed/policy_c_official_test/test/attack/digital_3/huawei/persian-NF-1031.jpg,persian-NF-1031,attack,digital_3,huawei,1,81,370509415777344bff19c3f1b52dfd2165572264aa79d8ddd1cacda120b3994b,ac20f568dce51145740e20fdcf794852a31858605020e022087b297d9db53d1d,project_train,train/bonafide/huawei/persian-NF-1031.jpg,81.0,1e4f33821b00825cdefc72ca55fd9ed82a47c54363dd5e0082ff59a4ae8505ed,matched_project,0.00323486328125,0.0119857788085937,0.0087509155273437,0.034393310546875,0.034637451171875,0.000244140625
test/attack/digital_3/huawei/persian-NF-1034.jpg,data/processed/policy_c_official_test/test/attack/digital_3/huawei/persian-NF-1034.jpg,persian-NF-1034,attack,digital_3,huawei,1,89,7d7ec8287de047f7a2c4fd19ec844b6613a1daacda7600ec58fbceaff9903ca3,7a54f058b59ec4a5b46f33990526b4cf6160e5e2392d0661d1ddc768d6b5edff,project_train,train/bonafide/huawei/persian-NF-1034.jpg,89.0,7bf9beb772d059965490936507a47128442c7eaf70275264b75b7805bf7ffaf3,matched_project,0.0029754638671875,0.0032787322998046,0.0003032684326170999,0.032379150390625,0.03253173828125,0.000152587890625
test/attack/digital_3/huawei/persian-NF-1043.jpg,data/processed/policy_c_official_test/test/attack/digital_3/huawei/persian-NF-1043.jpg,persian-NF-1043,attack,digital_3,huawei,1,60,41d95024bd965d657df4ff97c952fe352d3d3b65137eac2de9f4e200fdc5d05c,cea6a08c0276a3d0ca4e831dad5a7146b6bda257b46358b1d0cf3e1ce7af1de9,project_train,train/bonafide/huawei/persian-NF-1043.jpg,60.0,68787c74d5903d089b2be18e86ff4f61876c1325d7ef880db73a3d9269594169,matched_project,0.0033626556396484,0.0137710571289062,0.010408401489257799,0.03369140625,0.035736083984375,0.002044677734375
test/attack/digital_3/huawei/persian-NF-1079.jpg,data/processed/policy_c_official_test/test/attack/digital_3/huawei/persian-NF-1079.jpg,persian-NF-1079,attack,digital_3,huawei,1,65,628badf1a2c5f878d1069745c51b9c8dee33e3222152c3ba4f0be8c1b6d621d0,95d0b04af76ecfe3bb53f0feadd8ec836a46b8f190cdcad9983f70706aef0766,project_train,train/bonafide/huawei/persian-NF-1079.jpg,65.0,79c220f187e65497809c8059265623d6f2c4e736995494be59e3fc978d544937,matched_project,0.0061225891113281,0.0151596069335937,0.0090370178222656,0.03289794921875,0.03271484375,-0.00018310546875
test/attack/digital_3/huawei/persian-NF-1097.jpg,data/processed/policy_c_official_test/test/attack/digital_3/huawei/persian-NF-1097.jpg,persian-NF-1097,attack,digital_3,huawei,1,86,177d6fe3b6773a18f9390e54e7bf30b526df1fca1821a4335613ea88f5d890c5,98f4559847f7749533d5c811fe49d63fc83612ebcc552a85940fb638c0e86157,dev_val,train/bonafide/huawei/persian-NF-1097.jpg,86.0,500b34b73b03a02cce717dd7919282bc3e6b56091b1236babbb85923553980b0,matched_project,0.1959228515625,0.064697265625,-0.1312255859375,0.03460693359375,0.0341796875,-0.00042724609375
test/attack/digital_3/huawei/persian-NF-1108.jpg,data/processed/policy_c_official_test/test/attack/digital_3/huawei/persian-NF-1108.jpg,persian-NF-1108,attack,digital_3,huawei,1,89,4978e65314cd4d0626ed04ec6915fbbadab35959da22b0b20153c9ca1f89db3d,b5de291ec8071ee4910968fee0c9fe0809d5d60b81bf46b64553fe9039e02652,project_train,train/bonafide/huawei/persian-NF-1108.jpg,89.0,240c08532f4cad369b0a4b6c2e410ea176ecaa12af98a2dfb4d2a239f6a37e00,matched_project,0.02587890625,0.120361328125,0.094482421875,0.03363037109375,0.042022705078125,0.008392333984375
test/attack/digital_3/huawei/persian-NM-1010.jpg,data/processed/policy_c_official_test/test/attack/digital_3/huawei/persian-NM-1010.jpg,persian-NM-1010,attack,digital_3,huawei,1,59,97659648a488dc14a88dda6990e00b96343a6cdc1f7924014ee9ba837c5a4b25,c755472e9fea3583628028216132b53effe9e227719662b83804be418ac9e5f9,project_train,train/bonafide/huawei/persian-NM-1010.jpg,59.0,21ec7e1a639e2114036ed84b860a9cf5813a465ae431e7f8f80dba3a9b472124,matched_project,0.0041732788085937,0.00830078125,0.0041275024414063,0.035919189453125,0.037384033203125,0.00146484375
test/attack/digital_3/huawei/persian-NM-1035.jpg,data/processed/policy_c_official_test/test/attack/digital_3/huawei/persian-NM-1035.jpg,persian-NM-1035,attack,digital_3,huawei,1,64,95534e8b337e6350e6f7f6c0c09ddd88540f38e891a2b21468acb714065ce90c,24164a87320f43ba8313dfe42d7c34ae360acfc405a9397af5dc18ed1adb57ad,dev_val,train/bonafide/huawei/persian-NM-1035.jpg,64.0,734cbccfcac6c440741ddcf94fb32b425ad5d7c562239e98f3b0a9f92975ae4b,matched_project,0.0036849975585937,0.017608642578125,0.0139236450195313,0.0340576171875,0.09503173828125,0.06097412109375
test/attack/digital_3/huawei/persian-NM-1074.jpg,data/processed/policy_c_official_test/test/attack/digital_3/huawei/persian-NM-1074.jpg,persian-NM-1074,attack,digital_3,huawei,1,69,f353ed34cde1e8a39d05d801c526a718f644d06a2ea318d99f37bcfc92c654d9,0ae993d740cb1123395667e88c6e3db7e8de52b5928422ce43d35b01a1d2b207,project_train,train/bonafide/huawei/persian-NM-1074.jpg,69.0,e895bc84a88b7bfc31daf09b0d8a5b426818f98d6eb23373880aa5721e857ca2,matched_project,0.0034160614013671,0.01788330078125,0.0144672393798829,0.03167724609375,0.032684326171875,0.001007080078125
test/attack/digital_3/huawei/portugal-004_03.jpg,data/processed/policy_c_official_test/test/attack/digital_3/huawei/portugal-004_03.jpg,portugal-004_03,attack,digital_3,huawei,1,74,af6d17ea30fa077be996ce7ef18b67e26a26ac2af2567fbd78ce2fa5dfc7e1bd,736534ec46c77d27ec1c5125c3ce0ca81141a10a890972fc82d750dd3ff1ea0c,project_train,train/bonafide/huawei/portugal-004_03.jpg,74.0,c9c9c0517ee4a19a5b3dc3843d6bb3d6c2e6e3b4978ae33ec44a503242646856,matched_project,0.004547119140625,0.0088119506835937,0.0042648315429687,0.0252685546875,0.0262298583984375,0.0009613037109375
test/attack/digital_3/huawei/portugal-013_03.jpg,data/processed/policy_c_official_test/test/attack/digital_3/huawei/portugal-013_03.jpg,portugal-013_03,attack,digital_3,huawei,1,80,c02cd4c587f890b69c385fbfbfbc4e86b678806d676816d5cf624cf394f4f26a,2bfb61c7e9124c39a786def3e2787a5e05c4f0e825909faa45f452b9835dc73a,dev_val,train/bonafide/huawei/portugal-013_03.jpg,80.0,36ab14ab74d415a110b230adcb1d5e1e96b899d72148d5072199c69edd4d469d,matched_project,0.0117340087890625,0.0234832763671875,0.011749267578125,0.026702880859375,0.0272216796875,0.000518798828125
test/attack/digital_3/huawei/portugal-017_03.jpg,data/processed/policy_c_official_test/test/attack/digital_3/huawei/portugal-017_03.jpg,portugal-017_03,attack,digital_3,huawei,1,52,a497b3d968a63564293ef3af2d5f835fea9c930b81af71493a9550fcf091711e,8f07a1cbaf421d321751782b165042acb5d6243855ddf9a69e1e01564f36c7e7,dev_val,train/bonafide/huawei/portugal-017_03.jpg,52.0,5e98a1e511dc1e511f724c02c8cc9afbf465c0fddf0347f1608a63c649144318,matched_project,0.0073471069335937,0.0136795043945312,0.0063323974609375,0.0245361328125,0.0247955322265625,0.0002593994140625
test/attack/digital_3/huawei/portugal-026_03.jpg,data/processed/policy_c_official_test/test/attack/digital_3/huawei/portugal-026_03.jpg,portugal-026_03,attack,digital_3,huawei,1,90,ee23cd788b0092f360b009cfc43a69a1a658d8d73f8d7b217bba3cb44352e024,4a1e65de6b359ab562e9694be8cbb76ff3da03d0c786e42ada7d5721b9dc0704,project_train,train/bonafide/huawei/portugal-026_03.jpg,90.0,34faa22e4daa26d7a0f4b2af504df0c59989a5799bc447ce5355a29c72719bdd,matched_project,0.001204490661621,0.0023231506347656,0.0011186599731445998,0.024871826171875,0.025787353515625,0.00091552734375
test/attack/digital_3/huawei/portugal-029_03.jpg,data/processed/policy_c_official_test/test/attack/digital_3/huawei/portugal-029_03.jpg,portugal-029_03,attack,digital_3,huawei,1,59,36af1eaaefe3238c7bb1f58513945271692a509ea4dd972ceca565652633be55,b74d55295a90c7d326ec824f4e44b25620834e1c820f372961e7752d8ba583ea,dev_val,train/bonafide/huawei/portugal-029_03.jpg,59.0,67f66cac0d5bf0be47a3d8a6ae8a506acf80f8534ad53116403c4b90c871c25a,matched_project,0.0039596557617187,0.0072593688964843,0.0032997131347656007,0.0242156982421875,0.0250091552734375,0.00079345703125
test/attack/digital_3/huawei/portugal-042_03.jpg,data/processed/policy_c_official_test/test/attack/digital_3/huawei/portugal-042_03.jpg,portugal-042_03,attack,digital_3,huawei,1,85,59ea5284b7dcc8a2751f6c3e68db7ac2da54616506d14c60c1a4561b8221ea74,2e542a119dbc098c3d12ad5c01991df76a86ca345d48df88a903de2aab7b28f0,project_train,train/bonafide/huawei/portugal-042_03.jpg,85.0,8fa26924c61a933dad2f828acafde09b754ef7500fa6db403cf7e85ee2abce24,matched_project,0.001509666442871,0.0031471252441406,0.0016374588012695998,0.0268096923828125,0.027435302734375,0.0006256103515625
test/attack/digital_3/huawei/portugal-061_03.jpg,data/processed/policy_c_official_test/test/attack/digital_3/huawei/portugal-061_03.jpg,portugal-061_03,attack,digital_3,huawei,1,68,c4cae1fa3ac2bb81a05c61bd6906b94bd2a8a04e55dbb797655adaf7057e6b93,806d226eb26c216514ac762c2cc5539177ecfbbd86dfd29437b6cc9d4ce7428e,project_train,train/bonafide/huawei/portugal-061_03.jpg,68.0,8b164b4558a5f50dcb87b7df3d48ef053bdf26cc89f2a7cb8617b5be0fd08cfe,matched_project,0.0026893615722656,0.0044174194335937,0.0017280578613280998,0.02606201171875,0.026885986328125,0.000823974609375
test/attack/digital_3/huawei/portugal-066_03.jpg,data/processed/policy_c_official_test/test/attack/digital_3/huawei/portugal-066_03.jpg,portugal-066_03,attack,digital_3,huawei,1,52,681f4d0ae2a44ea0c13a5946bf4447f2b7f87d993097b7801c88dab2ad0a2e4a,bbf6541f405f6a78198e3a2adf77540a43f0a9517c43d54aa9ded733b8d27954,project_train,train/bonafide/huawei/portugal-066_03.jpg,52.0,46a20763dc98e92d7ec23a8c610d6f546d6ad8b48f1cb8d209dc24600f43961a,matched_project,0.0015764236450195,0.0085296630859375,0.006953239440918,0.02288818359375,0.0240478515625,0.00115966796875
test/attack/digital_3/huawei/portugal-070_03.jpg,data/processed/policy_c_official_test/test/attack/digital_3/huawei/portugal-070_03.jpg,portugal-070_03,attack,digital_3,huawei,1,78,263017b68cbbc299b91606e3f21c59f9b7008da755b1be834686cd331fc8b15e,ebdb7fe9eb3ee7dcfd24d238a599fa292189ddcae8ce43c30f6a76fb4d500c73,project_train,train/bonafide/huawei/portugal-070_03.jpg,78.0,c7edd69eecd806fcde4810f35629bd88b2c8bdcc348f3473612aa9444885e88f,matched_project,0.0019340515136718,0.0031356811523437,0.0012016296386719002,0.0266876220703125,0.0280303955078125,0.0013427734375
test/attack/digital_3/huawei/portugal-105_03.jpg,data/processed/policy_c_official_test/test/attack/digital_3/huawei/portugal-105_03.jpg,portugal-105_03,attack,digital_3,huawei,1,56,ddc7631858ab3fc9e5081b64793ff9651ca68a93213a679304c2c3253e4a5a96,c842a42015c6a530d56110069f6fa04ca97d23e773395ea117ba5796e2ee70e9,project_train,train/bonafide/huawei/portugal-105_03.jpg,56.0,b7058418aeac88f3e4a1e54fefb74b603553608cf13226935f2e0a53670129e4,matched_project,0.000746726989746,0.001169204711914,0.0004224777221680001,0.02447509765625,0.024993896484375,0.000518798828125
test/attack/digital_3/huawei/portugal-119_03.jpg,data/processed/policy_c_official_test/test/attack/digital_3/huawei/portugal-119_03.jpg,portugal-119_03,attack,digital_3,huawei,1,74,e7d783926e23d967a1b0ea3ec74ab08e1105b940193bc0311fc30432d6e044c1,34be985c9f3848adab9e4b770c9abb66a46e686281d4852cb7a897bbb1fa63d1,dev_val,train/bonafide/huawei/portugal-119_03.jpg,74.0,1c5e9b7187f81dbc60c4b89f3552faffe1f36b0cd316c0f1ba02c38c6a5c8c97,matched_project,0.0052490234375,0.0184783935546875,0.0132293701171875,0.025665283203125,0.0265350341796875,0.0008697509765625
test/attack/digital_3/huawei/portugal-125_03.jpg,data/processed/policy_c_official_test/test/attack/digital_3/huawei/portugal-125_03.jpg,portugal-125_03,attack,digital_3,huawei,1,58,f9f98878e55602a0a1466ec60ffa02de604d9331aa5afd6bd2bbbda0397d34ef,4c3b32327354b72cbe1401c9eb37e88a2964d5478738583cbfa09a6a349102ac,project_train,train/bonafide/huawei/portugal-125_03.jpg,58.0,3bb45016269b2700d482bd6775163474f1d29717335cda1a4fca40f07698345d,matched_project,0.0003647804260253,0.0013198852539062,0.0009551048278808999,0.0255889892578125,0.026336669921875,0.0007476806640625
test/attack/digital_3/huawei/portugal-143_03.jpg,data/processed/policy_c_official_test/test/attack/digital_3/huawei/portugal-143_03.jpg,portugal-143_03,attack,digital_3,huawei,1,90,e3d9c24d6e1002cf6bc4f5c5a3f4cd685a4b8fbb57c87b2808023e2bb24cc353,c8d311138d66700cb854679afd42431f9ae4d6700a26d959ff2eedac62bd13b4,project_train,train/bonafide/huawei/portugal-143_03.jpg,90.0,67309124ae8272f6d53473f86116c2ab77be388977ad1d38fd5eacee2891bef3,matched_project,0.0010080337524414,0.0013332366943359,0.0003252029418945,0.0268096923828125,0.0271148681640625,0.00030517578125
test/attack/digital_3/huawei/portugal-172_03.jpg,data/processed/policy_c_official_test/test/attack/digital_3/huawei/portugal-172_03.jpg,portugal-172_03,attack,digital_3,huawei,1,54,9ebc31a79c9c94323b5d312a4417c9ae4b18c42b489e8e056a3123eb044dc1a0,26d7d58f561242946b4cc71de767f6cc843ed91b04a209bda6897ceaef31ea5e,project_train,train/bonafide/huawei/portugal-172_03.jpg,54.0,8ca2a7c8a82b566f3fc8aa7e0428da0c679897d8602ce60f2f8bfedcfb065d7a,matched_project,0.0004060268402099,0.0012474060058593,0.0008413791656494,0.02642822265625,0.0265045166015625,7.62939453125e-05
test/attack/digital_3/huawei/portugal-NF-1016.jpg,data/processed/policy_c_official_test/test/attack/digital_3/huawei/portugal-NF-1016.jpg,portugal-NF-1016,attack,digital_3,huawei,1,77,b89ba346f5032fd114d37386ded8c6ce640d1a00c8ec886efe012596eb220b4a,f91d5da28ac24c7bff2f140bca1d911f83bb2853a0d7960c03e0ad642d7247b7,project_train,train/bonafide/huawei/portugal-NF-1016.jpg,77.0,cdf2bf129c644780b8675357f620575e2c510248a386997b68355df30cf96270,matched_project,0.0016775131225585,0.0052413940429687,0.0035638809204101996,0.0243988037109375,0.0254364013671875,0.00103759765625
test/attack/digital_3/huawei/portugal-NF-1022.jpg,data/processed/policy_c_official_test/test/attack/digital_3/huawei/portugal-NF-1022.jpg,portugal-NF-1022,attack,digital_3,huawei,1,66,5fe2ee0358980f49c7f74e592e6187f8562ad95f39ee542ea2b58bdb4ec38670,314cdaa6e6a9768b45d10b12e129809a3f4e3acbd0a61117012feebfffd2f268,project_train,train/bonafide/huawei/portugal-NF-1022.jpg,66.0,51c9b51eebbd5eb1d8cfcf316d16fe3915ad1f72e42e111836dddbcca66f6dd7,matched_project,0.0034828186035156,0.0021953582763671,-0.0012874603271485,0.0256195068359375,0.026275634765625,0.0006561279296875
test/attack/digital_3/huawei/portugal-NF-1024.jpg,data/processed/policy_c_official_test/test/attack/digital_3/huawei/portugal-NF-1024.jpg,portugal-NF-1024,attack,digital_3,huawei,1,62,472e4968b99c05de8bec4366b984a6c286b66276aad93bbb827d87ddcb596f71,a70515e37b64f1d95c7cacde88451e2b0c9b7cf7c7aeb890f8cfe0687415d796,project_train,train/bonafide/huawei/portugal-NF-1024.jpg,62.0,eb0961533e80dc95f4ca662e3f330feb11fbdfa3a8122e651173a3e1c8b1ac84,matched_project,0.0006718635559082,0.0004963874816894,-0.00017547607421879998,0.024383544921875,0.0247802734375,0.000396728515625
test/attack/digital_3/huawei/portugal-NF-1026.jpg,data/processed/policy_c_official_test/test/attack/digital_3/huawei/portugal-NF-1026.jpg,portugal-NF-1026,attack,digital_3,huawei,1,63,573db805cd1fad523227d9d1bfebd66cddf3fd69646deb60aaae6c979641cf3f,09fd5980a1b1fadad3e58f6fbb34f248c94d72371aa0d3af733f1ca84574b432,project_train,train/bonafide/huawei/portugal-NF-1026.jpg,63.0,c526b4449132b3fc106ebfe1c9a7217d8426a6e2cea5dba0b2bf86f0ad3439a7,matched_project,0.0005803108215332,0.0006213188171386,4.100799560540001e-05,0.0259857177734375,0.0264129638671875,0.00042724609375
test/attack/digital_3/huawei/portugal-NF-1041.jpg,data/processed/policy_c_official_test/test/attack/digital_3/huawei/portugal-NF-1041.jpg,portugal-NF-1041,attack,digital_3,huawei,1,66,01eaa107feff67c833b96ca0e815f5a2518a17911fdc6cb204097f10f24c7711,02a9e61931f0ba56d7d87e5b85646117e774d21d6598206745e486bdd5ac3944,project_train,train/bonafide/huawei/portugal-NF-1041.jpg,66.0,b0ce7657d63646b5b7a67b93502acd864eb810e1dcfebca57130004271005c1a,matched_project,0.0005803108215332,0.0009093284606933,0.0003290176391601,0.0256805419921875,0.0272674560546875,0.0015869140625
test/attack/digital_3/huawei/portugal-NF-1060.jpg,data/processed/policy_c_official_test/test/attack/digital_3/huawei/portugal-NF-1060.jpg,portugal-NF-1060,attack,digital_3,huawei,1,89,05101c13930c007b8694bb17e75e02a8b9bff41ccb798c031825470435cf2be9,7995208de82e820322f0ca87b1236a7576968b0cc1233eaf3849f87679e803e9,dev_val,train/bonafide/huawei/portugal-NF-1060.jpg,89.0,baadd1c98a565b0906f0e80831170de7690be4e6af0738fa9b08096a0efdd4fe,matched_project,0.0003407001495361,0.0007991790771484,0.00045847892761229997,0.0252227783203125,0.030242919921875,0.0050201416015625
test/attack/digital_3/huawei/portugal-NF-1066.jpg,data/processed/policy_c_official_test/test/attack/digital_3/huawei/portugal-NF-1066.jpg,portugal-NF-1066,attack,digital_3,huawei,1,51,00188608b4a8aeaa168151f155a423ba4a9338d0f61e88756016306ccf466b32,32f3fb6205245f6876e18d8ff82b3129f011e032192e328edbce52946a7b4793,dev_val,train/bonafide/huawei/portugal-NF-1066.jpg,51.0,d3daccde68b22d32c6363a8bd3aac9ec6a8f0cfed5f146ef2375b8ca51344c83,matched_project,0.0003359317779541,0.0010604858398437,0.0007245540618895999,0.0251312255859375,0.0254669189453125,0.000335693359375
test/attack/digital_3/huawei/portugal-NF-1083.jpg,data/processed/policy_c_official_test/test/attack/digital_3/huawei/portugal-NF-1083.jpg,portugal-NF-1083,attack,digital_3,huawei,1,90,86fcd4a1bd87964ac9dcb18e4174e6993fe70e7a41fb4c4f81e9848ba0022e5e,8530f1c6427942144d1665a468cda0af08ba09ac8a68e8ba20fdb0c20c4bc394,project_train,train/bonafide/huawei/portugal-NF-1083.jpg,90.0,7870832ebd6b442f335257ef72ae527a536bc007ee784ef47963afef2ea6970e,matched_project,0.0022335052490234,0.0137939453125,0.0115604400634766,0.02740478515625,0.028106689453125,0.000701904296875
test/attack/digital_3/huawei/portugal-NF-1086.jpg,data/processed/policy_c_official_test/test/attack/digital_3/huawei/portugal-NF-1086.jpg,portugal-NF-1086,attack,digital_3,huawei,1,82,2f0c907bfbd108bd304a60fe62ce273d2bb0a1fce423542a1b3e4473cf5a0b65,5e49b36762ece714bb7f920bc303320568ab1f35dc947d6eb2f9fddaeb9fe171,project_train,train/bonafide/huawei/portugal-NF-1086.jpg,82.0,1771ae0c68be9f28d41078e7206a96f89b300332b4382a2b265da5fb8a18e0a4,matched_project,0.0013723373413085,0.0030879974365234,0.0017156600952149001,0.0253753662109375,0.0256195068359375,0.000244140625
test/attack/digital_3/huawei/portugal-NF-1105.jpg,data/processed/policy_c_official_test/test/attack/digital_3/huawei/portugal-NF-1105.jpg,portugal-NF-1105,attack,digital_3,huawei,1,88,5d495608b64cac103d008d378d277d7ba678d4a70749422d18bae8d6de00ab8e,21e39a9b3c87ae8f35a388a3b7c623995109cf18239e1216c6b15e011f796e21,project_train,train/bonafide/huawei/portugal-NF-1105.jpg,88.0,819f2a2dc192bb4f3615e3a427e34f3eecf65814f46f8342c2d0ca70cc51d7b2,matched_project,0.0006747245788574,0.0005769729614257,-9.775161743169993e-05,0.024383544921875,0.02447509765625,9.1552734375e-05
test/attack/digital_3/huawei/portugal-NF-1107.jpg,data/processed/policy_c_official_test/test/attack/digital_3/huawei/portugal-NF-1107.jpg,portugal-NF-1107,attack,digital_3,huawei,1,87,b911bb6a951cb7a19f35f48950dc27f916a207ad3f8ddcc499311760e427d4f1,589163478b282bf9a041b25888669c21c888ffcfb44451dfb1d83324cb518f22,project_train,train/bonafide/huawei/portugal-NF-1107.jpg,87.0,ab9bed8505c5ed08ea9c035c1da6e118aa1a3f253d60d4a72fcd9fe841cbbe17,matched_project,0.0032787322998046,0.0040054321289062,0.0007266998291015998,0.02655029296875,0.0281982421875,0.00164794921875
test/attack/digital_3/huawei/portugal-NF-1109.jpg,data/processed/policy_c_official_test/test/attack/digital_3/huawei/portugal-NF-1109.jpg,portugal-NF-1109,attack,digital_3,huawei,1,73,df8a12766e3961463aee5babac1b62c465eb5b26b87ad6b6dfbe6975e123eb29,a9a14e89211bd3d85087717f5edb83c0a82e7d08b04692a914a57ff7cfa62ca0,dev_val,train/bonafide/huawei/portugal-NF-1109.jpg,73.0,e8c879731ab88ff8a7aaa499f0b59903dcc4476de361a42a532d1aaed3b2bb72,matched_project,0.0062789916992187,0.0081863403320312,0.0019073486328125,0.023773193359375,0.0245208740234375,0.0007476806640625
test/attack/digital_3/huawei/portugal-NM-1091.jpg,data/processed/policy_c_official_test/test/attack/digital_3/huawei/portugal-NM-1091.jpg,portugal-NM-1091,attack,digital_3,huawei,1,75,ed2b14541064f1faec45eb8581462a21fb812b6d9fe171a170bf5cb4305b7ac1,091eaaf7f84f9986d5c6b6320d7d560c92a573b52ba7891457f272db13d2b040,project_train,train/bonafide/huawei/portugal-NM-1091.jpg,75.0,589eac6e1b717846a08947553a96cc1870e2a57eece8061dfa61add7c2107d60,matched_project,0.0011882781982421,0.0017070770263671,0.000518798828125,0.0272216796875,0.029541015625,0.0023193359375
test/attack/digital_3/huawei/portugal-NM-1102.jpg,data/processed/policy_c_official_test/test/attack/digital_3/huawei/portugal-NM-1102.jpg,portugal-NM-1102,attack,digital_3,huawei,1,67,536fdd0aa51e449ffc9828f766214009b5f961f0283f9e14a70b9612e239e749,17dd4904d9efd01358cde1bc1938f8c3a29b2e146a6b60428576451ba526c11a,project_train,train/bonafide/huawei/portugal-NM-1102.jpg,67.0,ea5e791a9a6029dc48e683cfec960544c63854f1bb0a6c496cb87fe91bd63689,matched_project,0.0009236335754394,0.0009126663208007,-1.0967254638699956e-05,0.0253448486328125,0.0251312255859375,-0.000213623046875
test/attack/digital_3/huawei/russian-002_03.jpg,data/processed/policy_c_official_test/test/attack/digital_3/huawei/russian-002_03.jpg,russian-002_03,attack,digital_3,huawei,1,55,69fb8ffb6e015cbeffa16f904c70d91b61bdfc2b9ff7667d0b30f2f7d2b9e637,5bf52b6665ae63ed6d1cc15bc39226c3925eb9dcc74629d3187342a9ce14ae22,project_train,train/bonafide/huawei/russian-002_03.jpg,55.0,2eea2e0e216cd20d79063be810fde1bb43f1fc84ab642bdbc9744a30d859677a,matched_project,0.0032596588134765,0.0030460357666015,-0.000213623046875,0.03350830078125,0.034912109375,0.00140380859375
test/attack/digital_3/huawei/russian-027_03.jpg,data/processed/policy_c_official_test/test/attack/digital_3/huawei/russian-027_03.jpg,russian-027_03,attack,digital_3,huawei,1,82,9851326635efc9ce96c41a4816c95281618ad698a6034063e9daae8f330fad9f,1889cd6af9799cf4ac97110e6764da8ffc8e5692ea66eef48c41ce99cd7e81b8,project_train,train/bonafide/huawei/russian-027_03.jpg,82.0,60e4b79ede10439592550eed7026aedd15d42f60c65410122e1b9a0a7680b315,matched_project,0.0045394897460937,0.010528564453125,0.0059890747070313,0.033355712890625,0.034027099609375,0.00067138671875
test/attack/digital_3/huawei/russian-062_03.jpg,data/processed/policy_c_official_test/test/attack/digital_3/huawei/russian-062_03.jpg,russian-062_03,attack,digital_3,huawei,1,52,75cdf8c7c65dc4fedbb97c3fad129cd01aeb126aa340f10a8bc30feb3056dcbb,4d1afc14a0028dac347edfbe915cfe4f7e8f4243266b89ab9eb63d7574bb8f78,dev_val,train/bonafide/huawei/russian-062_03.jpg,52.0,1d58a9f2d2f4216e20be0b32226cf69db21c240c8135656944f8dcb75a5e130d,matched_project,0.0016260147094726,0.0034561157226562,0.0018301010131836,0.03253173828125,0.03253173828125,0.0
test/attack/digital_3/huawei/russian-082_03.jpg,data/processed/policy_c_official_test/test/attack/digital_3/huawei/russian-082_03.jpg,russian-082_03,attack,digital_3,huawei,1,76,6df4f4f2baf5f4b635b9e87fc3439a364c3dd08bd28ffbd88081a704f6681cb3,c8db843f79210a798530197d47fe9a64c04aab59133dd62d1168510e92e2e7fb,project_train,train/bonafide/huawei/russian-082_03.jpg,76.0,08e675276df21e37995ebf10943d1ad9169af3815b8a9296ca53902cae79cf77,matched_project,0.000495433807373,0.0006422996520996,0.0001468658447266,0.0310211181640625,0.031982421875,0.0009613037109375
test/attack/digital_3/huawei/russian-123_03.jpg,data/processed/policy_c_official_test/test/attack/digital_3/huawei/russian-123_03.jpg,russian-123_03,attack,digital_3,huawei,1,64,e30a7491e419c86c7468ca84f317f57a1132299e94a4b803d6c7b411438b9e32,c3b3bc371b005ca9e4f73c5a0c64034b777b322f18b6ea9d6a78aefedd668dd1,project_train,train/bonafide/huawei/russian-123_03.jpg,64.0,ce89e1229ebeee00bfa37cd1a6a620c598777648695c2c7292a83eec019eb5bb,matched_project,0.0010185241699218,0.0080184936523437,0.006999969482421899,0.031524658203125,0.034576416015625,0.0030517578125
test/attack/digital_3/huawei/russian-132_03.jpg,data/processed/policy_c_official_test/test/attack/digital_3/huawei/russian-132_03.jpg,russian-132_03,attack,digital_3,huawei,1,69,dece35defe86873b430294eb407f06abe109a89e26eee42ed433f3e4b5e0cd10,f2a4d15d37940f9c9ab2f91dbc96a59bb7bb8070cb2d30f1d84766247abc7226,dev_val,train/bonafide/huawei/russian-132_03.jpg,69.0,fb77d78ac99d0e492d22fe312ab08d4f0ae17f043b2ce3e3bbc2ebe56fe5678f,matched_project,0.0200042724609375,0.032501220703125,0.0124969482421875,0.032928466796875,0.033111572265625,0.00018310546875
test/attack/digital_3/huawei/russian-140_03.jpg,data/processed/policy_c_official_test/test/attack/digital_3/huawei/russian-140_03.jpg,russian-140_03,attack,digital_3,huawei,1,76,52277bcc11c18148c4c3ed7059ad8d83ea84a38a1e3c4277c29e01f84ffae435,fd99ac6a02f4cb1c76c166aec6620b5d5b71c1a0bff04e95cbe9da0bf8f856ec,project_train,train/bonafide/huawei/russian-140_03.jpg,76.0,6dd8f90ae057728796bcd057b6e57cb351e700805d004dcf02f5d1706c2f629c,matched_project,0.0022087097167968,0.0034904479980468,0.00128173828125,0.039886474609375,0.039947509765625,6.103515625e-05
test/attack/digital_3/huawei/russian-141_03.jpg,data/processed/policy_c_official_test/test/attack/digital_3/huawei/russian-141_03.jpg,russian-141_03,attack,digital_3,huawei,1,90,db844d3e39c3899b62b612871cc40a6e2111b24bef8890013c436f651adb9a03,f1c9e87e90d2c7ef43c3f70ab29195fe2b749e893b46309e6fd1ff81317bda46,project_train,train/bonafide/huawei/russian-141_03.jpg,90.0,a53cfa85b99dbc4a537e06d40ccf98ab284354452bbc070d9a49ad96f18ec0db,matched_project,0.0023555755615234,0.0021648406982421,-0.0001907348632813003,0.0310516357421875,0.03173828125,0.0006866455078125
test/attack/digital_3/huawei/russian-NF-1013.jpg,data/processed/policy_c_official_test/test/attack/digital_3/huawei/russian-NF-1013.jpg,russian-NF-1013,attack,digital_3,huawei,1,79,a2d5f17708721f8d12a753c01458054e693c2f10ee2cde5044cd3ac16ffc2f02,f7095e9404de18d5966e1929a6d70621c9d2810dc50ef67795aeb7af1d551902,project_train,train/bonafide/huawei/russian-NF-1013.jpg,79.0,73570aca4e6570caa2731606cb20a0d84190957d4d7e86d7adab1f2b73e99f58,matched_project,0.0036563873291015,0.0083999633789062,0.0047435760498047,0.03265380859375,0.033294677734375,0.000640869140625
test/attack/digital_3/huawei/russian-NF-1028.jpg,data/processed/policy_c_official_test/test/attack/digital_3/huawei/russian-NF-1028.jpg,russian-NF-1028,attack,digital_3,huawei,1,68,a66996543aa934f256b952f13247fe89cccf476a14d983f5a70abc648e62fab8,82a99abee35e9332bd47a5f8f1b04855790de9e295e1a7149ce5f2dc9c79e56a,project_train,train/bonafide/huawei/russian-NF-1028.jpg,68.0,bdacd6f47d613b370534dd54b6db164ff8a981d86c1ec99ed397af9b9ce44209,matched_project,0.0135574340820312,0.0251312255859375,0.0115737915039063,0.0279083251953125,0.0282745361328125,0.0003662109375
test/attack/digital_3/huawei/russian-NF-1069.jpg,data/processed/policy_c_official_test/test/attack/digital_3/huawei/russian-NF-1069.jpg,russian-NF-1069,attack,digital_3,huawei,1,66,32ae1976ca8fac8df9d6dc0760051a5d19b67cbaac374f591adf6c8062f37dfd,7ae2b03b71d7602e3fdc8ab8bc2f72995d7079b7219e8c12e3b60ea111bfe03d,project_train,train/bonafide/huawei/russian-NF-1069.jpg,66.0,5e63aab8ad1698468219a9af81bc501a0336199273a2d617feec2a2640f281bc,matched_project,0.0003683567047119,0.0008277893066406,0.00045943260192869993,0.034698486328125,0.0345458984375,-0.000152587890625
test/attack/digital_3/huawei/russian-NF-1080.jpg,data/processed/policy_c_official_test/test/attack/digital_3/huawei/russian-NF-1080.jpg,russian-NF-1080,attack,digital_3,huawei,1,52,f6f839dcbe546e1266bf173d2a26da4fb62fc981485b605a88b9c4c47a53a8eb,7d94128ac2facab14a5a82ae70d54935b56658d49f8c6bcadcff7e43d8cfad18,project_train,train/bonafide/huawei/russian-NF-1080.jpg,52.0,d288a09f17a2f124cd888fcdbbebbf994c2d77bf7dc1dede0ac13b7f2dac9305,matched_project,0.0009546279907226,0.0010671615600585,0.0001125335693359001,0.03125,0.0310516357421875,-0.0001983642578125
test/attack/digital_3/huawei/russian-NF-1081.jpg,data/processed/policy_c_official_test/test/attack/digital_3/huawei/russian-NF-1081.jpg,russian-NF-1081,attack,digital_3,huawei,1,53,000b2ecf54cf5e4625cbeafa5f3e90ab8666b9aee563a54ddd2a41c9c6020d71,190864317304e78bf31cf651e84a33e43044d0644a4d99c0f909d8a9dba86f53,project_train,train/bonafide/huawei/russian-NF-1081.jpg,53.0,23b6e9801cf55f8c545792884c31a885970a42b6159e5a78f591feb84ded5e39,matched_project,0.0010204315185546,0.0008378028869628,-0.0001826286315917999,0.031982421875,0.032745361328125,0.000762939453125
test/attack/digital_3/huawei/russian-NF-1089.jpg,data/processed/policy_c_official_test/test/attack/digital_3/huawei/russian-NF-1089.jpg,russian-NF-1089,attack,digital_3,huawei,1,72,e3d038d6d4d457bf2c4b0ebfe50362e07c50fb51bc577c57eb3ffe8ddac0867a,40dc4d423e26c602b19063b5b7b96f213d06e1e60205028c19718cdb6cc07779,dev_val,train/bonafide/huawei/russian-NF-1089.jpg,72.0,48c0783c268fe062f70c9fbedf96b125457241e5d2a0346c7e229b9464b1edc7,matched_project,0.475341796875,0.1275634765625,-0.3477783203125,0.298095703125,0.033935546875,-0.26416015625
test/attack/digital_3/huawei/russian-NF-1099.jpg,data/processed/policy_c_official_test/test/attack/digital_3/huawei/russian-NF-1099.jpg,russian-NF-1099,attack,digital_3,huawei,1,65,0d02eea186c73f0350e5a636cffcea75c2afb0925d9f268f05a2d0fcb55ebece,13945a8701b79041aca85414f041f3fa849a576d546eefda1b9d01f320df4eda,dev_val,train/bonafide/huawei/russian-NF-1099.jpg,65.0,7888a71d915f2882d2f3f30e951782df389eb66b5b109f21eb46385563b010a5,matched_project,0.5703125,0.6025390625,0.0322265625,0.052703857421875,0.052947998046875,0.000244140625
test/attack/digital_3/huawei/russian-NM-1027.jpg,data/processed/policy_c_official_test/test/attack/digital_3/huawei/russian-NM-1027.jpg,russian-NM-1027,attack,digital_3,huawei,1,87,2a01f196d98990040b83cfe490aaf59bf8d5d4d0d0d507265e0dff24fb2f4cb7,f80f0e2410ebe5db0faf823f167bc57d66e88359f10f301d39260c3aa3f0fae1,project_train,train/bonafide/huawei/russian-NM-1027.jpg,87.0,817f6c3a5e606cbe2496cd7cb0afd1091b8207606275f665bea2ce742d66b243,matched_project,0.0058784484863281,0.0146408081054687,0.0087623596191406,0.032623291015625,0.033355712890625,0.000732421875
test/attack/digital_3/huawei/turkiye-008_03.jpg,data/processed/policy_c_official_test/test/attack/digital_3/huawei/turkiye-008_03.jpg,turkiye-008_03,attack,digital_3,huawei,1,82,fe51961828dc70226806d975bd6105d3cb80ee0bc5995575a8c36540910d4a4e,53b3f878f8ae80633f1c90a9dd3b18606a05804a7a63ca62e3139e25e74fd87d,project_train,train/bonafide/huawei/turkiye-008_03.jpg,82.0,5e275a08800ec72cba5581723067ecd3afe25dcbfd9570591dda019ba3b54f71,matched_project,0.0021915435791015,0.0030689239501953,0.0008773803710937999,0.0311737060546875,0.03173828125,0.0005645751953125
test/attack/digital_3/huawei/turkiye-031_03.jpg,data/processed/policy_c_official_test/test/attack/digital_3/huawei/turkiye-031_03.jpg,turkiye-031_03,attack,digital_3,huawei,1,87,50335fd688ecc24dfd3a2709f6056c126689643dd7dde3a4bc1841dba5e32172,4b40a882d376b1e2fd0d04f68f81505bb849a51735981863b0f7ee910aa0a494,project_train,train/bonafide/huawei/turkiye-031_03.jpg,87.0,a3e31ab65defdccfb953917449f71b17e7c4d7c21286316ffedf9783c07cd1de,matched_project,0.0019607543945312,0.0039749145507812,0.0020141601562499996,0.0310821533203125,0.03985595703125,0.0087738037109375
test/attack/digital_3/huawei/turkiye-032_03.jpg,data/processed/policy_c_official_test/test/attack/digital_3/huawei/turkiye-032_03.jpg,turkiye-032_03,attack,digital_3,huawei,1,62,6a8caefc556edba9cc5eebdc7c58a3d441a573497a5b461c843237c018152ba5,e1d2509d1a6d81f17f0d08d6ca181b6f92bccb0f9df952f74aa351dc4ef530d4,dev_val,train/bonafide/huawei/turkiye-032_03.jpg,62.0,2fd81cffaf1d8d49fca10f5a693894bd03093f9a78f6be17df78869031405658,matched_project,0.0023651123046875,0.0033435821533203,0.0009784698486328,0.0312347412109375,0.03253173828125,0.0012969970703125
test/attack/digital_3/huawei/turkiye-036_03.jpg,data/processed/policy_c_official_test/test/attack/digital_3/huawei/turkiye-036_03.jpg,turkiye-036_03,attack,digital_3,huawei,1,85,5e4950570627000255e862dfe9edca43687ba2b0d696bb3d5155bb57f7074a25,6d70ebe6b176c428f2635d8b4db0c9006533131ece3845edfc83aba3217bde7a,project_train,train/bonafide/huawei/turkiye-036_03.jpg,85.0,47bbd5e076716e4411e8c88229713888404d8ae151e0977e9cd2f35a99605273,matched_project,0.0033626556396484,0.0016517639160156,-0.0017108917236328001,0.031890869140625,0.033203125,0.001312255859375
test/attack/digital_3/huawei/turkiye-041_03.jpg,data/processed/policy_c_official_test/test/attack/digital_3/huawei/turkiye-041_03.jpg,turkiye-041_03,attack,digital_3,huawei,1,53,43124a805639023b972f55cb03cc67d04209693db86a8c6784b50a1cf841f655,88e048aa5f86faa912e3f59c01fe017aa8cf7c50cc2c538f48f433dd4c47a6a9,project_train,train/bonafide/huawei/turkiye-041_03.jpg,53.0,e71dea24bba2784f322df2d5726184820a5a1a629d3836e51c2b4fc0f1abed63,matched_project,0.0019874572753906,0.0030632019042968,0.0010757446289062001,0.031585693359375,0.032379150390625,0.00079345703125
test/attack/digital_3/huawei/turkiye-083_03.jpg,data/processed/policy_c_official_test/test/attack/digital_3/huawei/turkiye-083_03.jpg,turkiye-083_03,attack,digital_3,huawei,1,81,881fd529b71e8f5d9ba6c8f436a6870abb72ddf320f4e586aced6dab79fe73e4,285d093af0a9545cecdf2b96b786cc4826b21ae9246c9ada94f7f983b597ca59,project_train,train/bonafide/huawei/turkiye-083_03.jpg,81.0,d2ec2386a092e572f652266bef52982e074a0554659cac6e7851ed2d7aae48ac,matched_project,0.0016975402832031,0.0032863616943359,0.0015888214111328001,0.03131103515625,0.03155517578125,0.000244140625
test/attack/digital_3/huawei/turkiye-086_03.jpg,data/processed/policy_c_official_test/test/attack/digital_3/huawei/turkiye-086_03.jpg,turkiye-086_03,attack,digital_3,huawei,1,53,2c76e5a9c5e190fe6ef6834e2cae948ecb7241acd5acd5b5c156fd4af5077c4f,ba6b4439cf50b7b8a716309df9752df1ded7ef2696fe9526d8e5fe8edda8718e,project_train,train/bonafide/huawei/turkiye-086_03.jpg,53.0,f51f2c75694fd875ec0b29135e950b68343f15242637b77edfcc275dce38a942,matched_project,0.0013427734375,0.0044174194335937,0.0030746459960936997,0.0296783447265625,0.041046142578125,0.0113677978515625
test/attack/digital_3/huawei/turkiye-092_03.jpg,data/processed/policy_c_official_test/test/attack/digital_3/huawei/turkiye-092_03.jpg,turkiye-092_03,attack,digital_3,huawei,1,52,747ebe989423b46a7a551af41e1449500a0261ff2039594bd6c301bb6d068c44,9ce6b6d5cf1da1fbcfc6842b90f7b0b50941ee9209fde13cab02ec287263894d,project_train,train/bonafide/huawei/turkiye-092_03.jpg,52.0,4b4cac45a01220993ad6987cc60518daa0ebb62e1ac61b336d3ae3eb05440410,matched_project,0.0023002624511718,0.0022163391113281,-8.392333984370013e-05,0.0305633544921875,0.03070068359375,0.0001373291015625
test/attack/digital_3/huawei/turkiye-101_03.jpg,data/processed/policy_c_official_test/test/attack/digital_3/huawei/turkiye-101_03.jpg,turkiye-101_03,attack,digital_3,huawei,1,57,7abb349426cba30430387c1a154be209824e8578c597ba395c29c7cf6c9b196c,ab4f569646655f066356b1dd9bc35b116b4f9dd17296a83e4c7527d973624961,dev_val,train/bonafide/huawei/turkiye-101_03.jpg,57.0,af962da55a7c1bb386dacfba130a8b0a69daafe12a708a8c3fbb2c3c4b3ab49d,matched_project,0.0016679763793945,0.0030460357666015,0.001378059387207,0.0297393798828125,0.152099609375,0.1223602294921875
test/attack/digital_3/huawei/turkiye-104_03.jpg,data/processed/policy_c_official_test/test/attack/digital_3/huawei/turkiye-104_03.jpg,turkiye-104_03,attack,digital_3,huawei,1,74,ac72e7aec2361dea1af4c1da737c3b166c2cc6013e7280d66eeba96549f6a27d,266318c7992ab674c462966281d551485779669e00c053167f83a9df14e82366,dev_val,train/bonafide/huawei/turkiye-104_03.jpg,74.0,beec342190924eb1c15ec95dd29f6d565752aa2c1b91cb367bbce9b3c3551d33,matched_project,0.0019083023071289,0.0037078857421875,0.0017995834350586,0.0294189453125,0.0296478271484375,0.0002288818359375
test/attack/digital_3/huawei/turkiye-115_03.jpg,data/processed/policy_c_official_test/test/attack/digital_3/huawei/turkiye-115_03.jpg,turkiye-115_03,attack,digital_3,huawei,1,59,fca184425d4edc9458c06811fe78faceefb559cb5538e607b938ef6a9d0d6e1a,c567514f0d35c5557f88085e1f7fe3722691bac2a3aee5d8d20ca4ba3c918fa7,dev_val,train/bonafide/huawei/turkiye-115_03.jpg,59.0,7672ef7a916501b83015b3f1bc14b194d13a4deccb35bff9082790255207547d,matched_project,0.9033203125,0.5234375,-0.3798828125,0.185546875,0.18408203125,-0.00146484375
test/attack/digital_3/huawei/turkiye-121_03.jpg,data/processed/policy_c_official_test/test/attack/digital_3/huawei/turkiye-121_03.jpg,turkiye-121_03,attack,digital_3,huawei,1,59,db521535f23ac21f2e1d8c4a7b14bcd59a1b28fdb16454cee0fd88a46ee2f7e5,8bf089dc834dd7fee5a043ec271fab4c468ba1eb51c2fc4213133aea6a0e0c03,project_train,train/bonafide/huawei/turkiye-121_03.jpg,59.0,ed3693ec0a85e14acc48b7a604d10775669be74b06bb906de65a29760d054e07,matched_project,0.001225471496582,0.0014638900756835,0.00023841857910150005,0.030181884765625,0.0313720703125,0.001190185546875
test/attack/digital_3/huawei/turkiye-126_03.jpg,data/processed/policy_c_official_test/test/attack/digital_3/huawei/turkiye-126_03.jpg,turkiye-126_03,attack,digital_3,huawei,1,81,5abb246df3997213e0442c58042039950693815c6e437e51d888dded192b0d78,5f9674dda0ad8eb413a82b223cfe67b445ba309c985464b6b2a510bcf7b1798c,project_train,train/bonafide/huawei/turkiye-126_03.jpg,81.0,972ac2a76c50399b666b9cf08fb05a9fefb016bef8a8f4525f84aa52acc3758e,matched_project,0.0041427612304687,0.0070114135742187,0.00286865234375,0.033416748046875,0.03656005859375,0.003143310546875
test/attack/digital_3/huawei/turkiye-127_03.jpg,data/processed/policy_c_official_test/test/attack/digital_3/huawei/turkiye-127_03.jpg,turkiye-127_03,attack,digital_3,huawei,1,65,ab357ed835914d1297968c629d1653b2b85e417b030b55da874984df9b284a40,3d0255611b782f109e9426876915a0db58eb4ca4c04de6f3ac66ba066cf2e839,project_train,train/bonafide/huawei/turkiye-127_03.jpg,65.0,1659e848874fcc892459b875273a669f851a8fef445b5932af8f6ce7a77591d8,matched_project,0.0026531219482421,0.0027198791503906,6.675720214849995e-05,0.0296478271484375,0.0301055908203125,0.000457763671875
test/attack/digital_3/huawei/turkiye-129_03.jpg,data/processed/policy_c_official_test/test/attack/digital_3/huawei/turkiye-129_03.jpg,turkiye-129_03,attack,digital_3,huawei,1,72,d917b8a3ec5e3df88307388121a00f73c3740cfc799abc1ef927230706f8c8cf,00a891dde3c5a5bf9590c8006317ae5560422ae397796c098cb9555a3ce14571,project_train,train/bonafide/huawei/turkiye-129_03.jpg,72.0,3d83fd0f30bfe1614b1a7fe8285e1e5c233aa519db25862550dd326a83390afe,matched_project,0.0031547546386718,0.0032787322998046,0.00012397766113279992,0.03204345703125,0.03436279296875,0.0023193359375
test/attack/digital_3/huawei/turkiye-130_03.jpg,data/processed/policy_c_official_test/test/attack/digital_3/huawei/turkiye-130_03.jpg,turkiye-130_03,attack,digital_3,huawei,1,74,f03c2a82c76a792cded7d7bb6c1e0d2691b2b816ec74b3185b41dc3778c7eda7,880592413bd7e911f022983b9dddb65fef5e67dd98f02dfa05490901be140246,project_train,train/bonafide/huawei/turkiye-130_03.jpg,74.0,34223c2197be0d0980a1f4581392f817991bc42c8d84b581093cee2d7ded15e2,matched_project,0.0076522827148437,0.0277099609375,0.0200576782226563,0.0310821533203125,0.034332275390625,0.0032501220703125
test/attack/digital_3/huawei/turkiye-138_03.jpg,data/processed/policy_c_official_test/test/attack/digital_3/huawei/turkiye-138_03.jpg,turkiye-138_03,attack,digital_3,huawei,1,65,3315187fecf32a731f78f232373206ce9abc71e6bfa3f42e46a4b8e1ce5f8fa7,4d476ac7c127bb0e4337b4446910c82887c2eb179cb79aecec74b05d4d075f84,project_train,train/bonafide/huawei/turkiye-138_03.jpg,65.0,d94a8888dd7324777c9f37c539e11f4a3d9cef7e32b4c54e47bfb0da1f577b96,matched_project,0.0024051666259765,0.0034294128417968,0.0010242462158203,0.0296783447265625,0.030731201171875,0.0010528564453125
test/attack/digital_3/huawei/turkiye-NF-1002.jpg,data/processed/policy_c_official_test/test/attack/digital_3/huawei/turkiye-NF-1002.jpg,turkiye-NF-1002,attack,digital_3,huawei,1,53,8da71c80564b35b7644e51f7ace2ca05c7d48f97d689e361f066381c3b320dde,70f5509eca0fee8b26d5de53f148498675f10faed49e4674823fa31ef909f31a,dev_val,train/bonafide/huawei/turkiye-NF-1002.jpg,53.0,bec54e730a7c9029e64b2a84b2467e621437cd0ccdc003a9a36697de4799acfb,matched_project,0.0039005279541015,0.0242767333984375,0.020376205444336,0.044525146484375,0.278564453125,0.234039306640625
test/attack/digital_3/huawei/turkiye-NF-1008.jpg,data/processed/policy_c_official_test/test/attack/digital_3/huawei/turkiye-NF-1008.jpg,turkiye-NF-1008,attack,digital_3,huawei,1,61,8a5367403ed0b521fcd7706e46b51f582987ad2098579cb805fe78d6e4f58069,599202fb23e4e2f51f42408dd04e16737c2d35d1273fa2710996369f2852a3cc,project_train,train/bonafide/huawei/turkiye-NF-1008.jpg,61.0,034554a45a8ee1c10964627a7afe989d76adbc5e917cce097876314fe302e75c,matched_project,0.0042304992675781,0.0065269470214843,0.0022964477539062006,0.032928466796875,0.0335693359375,0.000640869140625
test/attack/digital_3/huawei/turkiye-NF-1054.jpg,data/processed/policy_c_official_test/test/attack/digital_3/huawei/turkiye-NF-1054.jpg,turkiye-NF-1054,attack,digital_3,huawei,1,64,b2ef3d42448271e4d5677fa0f1995e21902633d7faa685d8d9bc3945335d63c9,0b0c5a6628f264c554684240934bda09766080008a25a45f296e8fa27b4be65d,project_train,train/bonafide/huawei/turkiye-NF-1054.jpg,64.0,88ea0e732e10cf9178be0066c4de04ba9bbfe040aaa2e47fc1fa831b682b2c00,matched_project,0.0032291412353515,0.0039520263671875,0.000722885131836,0.06494140625,0.06500244140625,6.103515625e-05
test/attack/digital_3/huawei/turkiye-NF-1103.jpg,data/processed/policy_c_official_test/test/attack/digital_3/huawei/turkiye-NF-1103.jpg,turkiye-NF-1103,attack,digital_3,huawei,1,69,cdca38ae7e395f7fa2994f70c32cdb91fc542bfe1ed56823ce49ad923d9240fd,ebd691c108c5a985837c89b528fa93ea69af22c6db921c07c72059ffb4ba944d,project_train,train/bonafide/huawei/turkiye-NF-1103.jpg,69.0,ed9f65241b618c20bbd2f85cb83edce1eb6f7c461677f589bba9368567043ed2,matched_project,0.0016136169433593,0.003204345703125,0.0015907287597657,0.045440673828125,0.83349609375,0.788055419921875
test/attack/digital_3/huawei/turkiye-NM-1011.jpg,data/processed/policy_c_official_test/test/attack/digital_3/huawei/turkiye-NM-1011.jpg,turkiye-NM-1011,attack,digital_3,huawei,1,74,42766d07a206889ffaa947d8cc3e1af00caac80a0d7c2ed92b1d3eada228b0f2,0f5643fb723c39338fe813cbd0ea9b06d99161622c15608381eeab7018de7de5,project_train,train/bonafide/huawei/turkiye-NM-1011.jpg,74.0,e148a105705cf45cccc6491cd93d429af7a2069b982e029d0a3ffdb41cb99b71,matched_project,0.0100936889648437,0.0097122192382812,-0.0003814697265625,0.0482177734375,0.0498046875,0.0015869140625
test/attack/digital_3/huawei/turkiye-NM-1019.jpg,data/processed/policy_c_official_test/test/attack/digital_3/huawei/turkiye-NM-1019.jpg,turkiye-NM-1019,attack,digital_3,huawei,1,63,ab26b4a4435dcd61af76280a607fdaaf6d920316cbb3174b2b022f5aeb0a6b19,5f02fafeea0d3264a8fbbeaf0bd509ef103ff25318e7559b4324668d68eba28b,project_train,train/bonafide/huawei/turkiye-NM-1019.jpg,63.0,4e12edc06511715d0436cedf6ddc34cb710f0f76acc1eb189df60472eb9701cc,matched_project,0.0070533752441406,0.0051078796386718,-0.0019454956054687994,0.0362548828125,0.03704833984375,0.00079345703125
test/attack/digital_3/huawei/turkiye-NM-1033.jpg,data/processed/policy_c_official_test/test/attack/digital_3/huawei/turkiye-NM-1033.jpg,turkiye-NM-1033,attack,digital_3,huawei,1,52,703592ab2f3617c98d793d0a1d0bb94cd725edb153aa7b308f7409bf6e7ae1e7,4a6fe7e21000634955b52e93a9a2c8679d33f504b34fe2c277cdd0ab5c119da1,project_train,train/bonafide/huawei/turkiye-NM-1033.jpg,52.0,3d06ac989aa431733b020edab6be00314e4cd24a85a6d4ca668cc77c0eace72b,matched_project,0.0027580261230468,0.0040245056152343,0.0012664794921875004,0.03167724609375,0.033233642578125,0.001556396484375
test/attack/digital_3/huawei/turkiye-NM-1055.jpg,data/processed/policy_c_official_test/test/attack/digital_3/huawei/turkiye-NM-1055.jpg,turkiye-NM-1055,attack,digital_3,huawei,1,60,4a97a895e2513cc1df51e685d896b61c7a1bf2a7074917af4b65ba466f9e4245,f25c32c62f875086ddd8cc48070ff732e7985e3ee418111df4b6712566e28855,dev_val,train/bonafide/huawei/turkiye-NM-1055.jpg,60.0,f02ac26f99980a11a51ae3081ad61f39ea6bbf8d7e6af3371661771df5f39f29,matched_project,0.009246826171875,0.03753662109375,0.028289794921875,0.1346435546875,0.207275390625,0.0726318359375
test/attack/digital_3/huawei/ukraine-006_03.jpg,data/processed/policy_c_official_test/test/attack/digital_3/huawei/ukraine-006_03.jpg,ukraine-006_03,attack,digital_3,huawei,1,81,26ef2d5152af7f70a24b28f2ad72eef41b41c325dd5482ee4cd61d8e684f1f89,90bb667a9a02916af8512689f3a435267644353dabac13f8a4710fc142b01c8f,project_train,train/bonafide/huawei/ukraine-006_03.jpg,81.0,f9ee28e79d7257041804b9aa294a3f425b80418a305f718dd0e38e264663d5ab,matched_project,0.0031795501708984,0.0046195983886718,0.0014400482177734002,0.042755126953125,0.04290771484375,0.000152587890625
test/attack/digital_3/huawei/ukraine-007_03.jpg,data/processed/policy_c_official_test/test/attack/digital_3/huawei/ukraine-007_03.jpg,ukraine-007_03,attack,digital_3,huawei,1,85,f5391ec4f677677ba04f4bb4e1503af5f4102382b446f0a0966e58ae1af26bd7,48b83388fad2fd0101f424583d436eb809dee0e5bc32a61a66937dfc3f678311,project_train,train/bonafide/huawei/ukraine-007_03.jpg,85.0,46c94d61c4bccaa5fa9501ada8778fd1bfe949284babb36dfb8228b563143e03,matched_project,0.0007309913635253,0.0023231506347656,0.0015921592712402999,0.046112060546875,0.06585693359375,0.019744873046875
test/attack/digital_3/huawei/ukraine-025_03.jpg,data/processed/policy_c_official_test/test/attack/digital_3/huawei/ukraine-025_03.jpg,ukraine-025_03,attack,digital_3,huawei,1,69,7d7f8134b3348415b1c8d4af21a70c58600c055568ba53fb12288cf2ed13afc4,4ce6e5db52b084e48096908cd568da66989f137379c612022702beab6d7469f6,dev_val,train/bonafide/huawei/ukraine-025_03.jpg,69.0,8c605d66ecd274206eecc75e90d4fa0808bd29eef083252cc0e89ee0950560c0,matched_project,0.0109024047851562,0.0069313049316406,-0.0039710998535156,0.05133056640625,0.050323486328125,-0.001007080078125
test/attack/digital_3/huawei/ukraine-030_03.jpg,data/processed/policy_c_official_test/test/attack/digital_3/huawei/ukraine-030_03.jpg,ukraine-030_03,attack,digital_3,huawei,1,76,414c66061374a1629ea4006915ea84f4d7adb5c731a99fb8e15d314f87c01c28,3ff909d0ca86674f5e8ccce3d42e4dfb0c2e8be9e2fdab7c139953573088fed6,project_train,train/bonafide/huawei/ukraine-030_03.jpg,76.0,0ca30fd32816e96fdee73947a0c524562fa2eaa6221fb604e7d0a84c3bde6f9b,matched_project,0.0018243789672851,0.0068359375,0.0050115585327149,0.047607421875,0.048095703125,0.00048828125
test/attack/digital_3/huawei/ukraine-103_03.jpg,data/processed/policy_c_official_test/test/attack/digital_3/huawei/ukraine-103_03.jpg,ukraine-103_03,attack,digital_3,huawei,1,76,3174d3ab6659ed8ec5f145d801d2c5e20be85cd79d9c2b8ef43964128f9dd7b6,a5e648bb2f0ce8c7ee6f77074805a551b26bb49379c3eff679f6deadf2b68420,project_train,train/bonafide/huawei/ukraine-103_03.jpg,76.0,cff1b730a4accacf2d7d98974d25ff1d951b10e7cf02cf20384456d93dc12ca0,matched_project,0.0005736351013183,0.0006227493286132,4.911422729490008e-05,0.042388916015625,0.042510986328125,0.0001220703125
test/attack/digital_3/huawei/ukraine-NF-1005.jpg,data/processed/policy_c_official_test/test/attack/digital_3/huawei/ukraine-NF-1005.jpg,ukraine-NF-1005,attack,digital_3,huawei,1,83,854e6e66de7cfeb4fc35ab871d011c2510bc7d8280f9114c6b026661ff15a15b,eb099e327b26f1517bf0fc2a2c57656f5224d984e9bb5f7ef34846e7e2d0c95a,project_train,train/bonafide/huawei/ukraine-NF-1005.jpg,83.0,68e7df51579da8ea73009fc776677ef7e02e1f53f08de8623019fcb9a3e0d5a4,matched_project,0.0033187866210937,0.0057296752929687,0.0024108886718749996,0.044097900390625,0.0494384765625,0.005340576171875
test/attack/digital_3/huawei/ukraine-NF-1015.jpg,data/processed/policy_c_official_test/test/attack/digital_3/huawei/ukraine-NF-1015.jpg,ukraine-NF-1015,attack,digital_3,huawei,1,66,ad33169051f7d61803c1adfc4ee5babfd33ac1cf31edaf99d70d553fdc27ca23,e35b9f296716691fe135fb8a3e8fc0b27da7dbcad7dc46e1571aa49a2bdf3a06,project_train,train/bonafide/huawei/ukraine-NF-1015.jpg,66.0,30db65a9a0bd4a9935bd0077ec843940fb29603bbe246c4b125171c1a5ecf898,matched_project,0.0007333755493164,0.0028114318847656,0.0020780563354491997,0.04248046875,0.042816162109375,0.000335693359375
test/attack/digital_3/huawei/ukraine-NF-1021.jpg,data/processed/policy_c_official_test/test/attack/digital_3/huawei/ukraine-NF-1021.jpg,ukraine-NF-1021,attack,digital_3,huawei,1,67,00319c6efc1a3220aa987414508e97ee11c8ed0cc7b06bdb10b17635014206ac,ac110390c43fa7108ecf7865206fda152d78081a20d3175edb27c591c7d66e01,project_train,train/bonafide/huawei/ukraine-NF-1021.jpg,67.0,733b1e1acd3a4f7fedf02173ffe0684ad40579b9c62f6d8395651da80f8bf05a,matched_project,0.0017681121826171,0.0025863647460937,0.0008182525634766002,0.048553466796875,0.049041748046875,0.00048828125
test/attack/digital_3/huawei/ukraine-NF-1032.jpg,data/processed/policy_c_official_test/test/attack/digital_3/huawei/ukraine-NF-1032.jpg,ukraine-NF-1032,attack,digital_3,huawei,1,90,4fe08e904a5ab37a9643942d55b39f3d2168f8799cdb84aa5b7746d0a7eeccc3,82e3ad8720ce2c6f4d2674b8a03c53ddb1e5b8abb80cd88b27dba8d9b56ac6a9,project_train,train/bonafide/huawei/ukraine-NF-1032.jpg,90.0,a264a2548ceb814617e6bcc7bf6458b5f15031fc927d9aa6a84c67acca3329a2,matched_project,0.0017824172973632,0.0033435821533203,0.0015611648559571,0.0428466796875,0.04754638671875,0.00469970703125
test/attack/digital_3/huawei/ukraine-NF-1057.jpg,data/processed/policy_c_official_test/test/attack/digital_3/huawei/ukraine-NF-1057.jpg,ukraine-NF-1057,attack,digital_3,huawei,1,72,e8261b96999b9d869eb0471d5f2d1d11e90ba70a3ce0b2d6b9c7108d561ef397,ee4d0498cb0c428338d3d71e36aa582d90ac62a42164dd6bc053da86ce74cb78,project_train,train/bonafide/huawei/ukraine-NF-1057.jpg,72.0,9722606c1a105935c5b315da77904aa567bea737f59735a475b86a183746156f,matched_project,0.0002269744873046,0.0004701614379882,0.00024318695068359998,0.037078857421875,0.03778076171875,0.000701904296875
test/attack/digital_3/huawei/ukraine-NF-1068.jpg,data/processed/policy_c_official_test/test/attack/digital_3/huawei/ukraine-NF-1068.jpg,ukraine-NF-1068,attack,digital_3,huawei,1,50,2a4979e6a7463a868f2bfb9847ac7dc93b89f69b477a0ad1e941cee04bbe3868,3181d8a8e71268b6008c676afe5f5ea0cf27b0a79d65a5d2630925c93599c39c,dev_val,train/bonafide/huawei/ukraine-NF-1068.jpg,50.0,dcd65c8d433c57fcbdbf43bb2c5369935aeb31ce11e08a9d50071d7dc5d56b1c,matched_project,0.284423828125,0.333984375,0.049560546875,0.07281494140625,0.07745361328125,0.004638671875
test/attack/digital_3/huawei/ukraine-NF-1073.jpg,data/processed/policy_c_official_test/test/attack/digital_3/huawei/ukraine-NF-1073.jpg,ukraine-NF-1073,attack,digital_3,huawei,1,66,c1f5d4d5d43acfa800070ad64584e87b17f9dfbf76bd5b0d1607efd9adbc793a,315b0a08d7187f1298798b486d5710f066455e5066f8110f3594b0eaf7672bd8,dev_val,train/bonafide/huawei/ukraine-NF-1073.jpg,66.0,09e5e248019093107b323b1e965b7b6f434d85aa823635a60f0153f3cb2dbc05,matched_project,0.008880615234375,0.0149993896484375,0.0061187744140625,0.048980712890625,0.051788330078125,0.0028076171875
test/attack/digital_3/huawei/ukraine-NF-1077.jpg,data/processed/policy_c_official_test/test/attack/digital_3/huawei/ukraine-NF-1077.jpg,ukraine-NF-1077,attack,digital_3,huawei,1,59,1615db2a19c32a613c635187c6add0f66d1e7832882ea69abc5ea8a46a46b549,9b5d8a4f9a63d9036805810895c812c43581ce659333fbd871c166322daf42dc,project_train,train/bonafide/huawei/ukraine-NF-1077.jpg,59.0,b54dab37973961999b4bbf294ac13d16a14d6c0e69f0ed89b102deca6ef96ce2,matched_project,0.000706672668457,0.0015487670898437,0.0008420944213866999,0.042694091796875,0.048309326171875,0.005615234375
test/attack/digital_3/huawei/ukraine-NF-1084.jpg,data/processed/policy_c_official_test/test/attack/digital_3/huawei/ukraine-NF-1084.jpg,ukraine-NF-1084,attack,digital_3,huawei,1,88,4c99432badde69aadf7f3984b77d65c8a5cfde267cbe71100f57ba8118af3e12,4d7494e902b6b3d0174f08ee6531c6de901d31e8678b6df78bfc2c4c072795d1,project_train,train/bonafide/huawei/ukraine-NF-1084.jpg,88.0,116a59994b9187d9b7d0a38c90b85f70e690f49fb5954aceb0a9ad3e9d26355f,matched_project,0.000413179397583,0.0004546642303466,4.148483276359999e-05,0.04364013671875,0.043975830078125,0.000335693359375
test/attack/digital_3/huawei/ukraine-NF-1087.jpg,data/processed/policy_c_official_test/test/attack/digital_3/huawei/ukraine-NF-1087.jpg,ukraine-NF-1087,attack,digital_3,huawei,1,72,da0fd9c2a40424aaf0a7d0c24d59e138f0c170dda7e293fc6fb5719550cf2f9c,7180548627b71046f1b895e5ade76c7d51d42f9641929490e1a6328a85305bc4,project_train,train/bonafide/huawei/ukraine-NF-1087.jpg,72.0,2590ad3fef681faed6d79cf7d73c403cff0482df89e614f2df145c3b8be72120,matched_project,0.0010566711425781,0.0010204315185546,-3.623962402350017e-05,0.04364013671875,0.04302978515625,-0.0006103515625
test/attack/digital_3/huawei/ukraine-NF-1106.jpg,data/processed/policy_c_official_test/test/attack/digital_3/huawei/ukraine-NF-1106.jpg,ukraine-NF-1106,attack,digital_3,huawei,1,82,29a8456a254e9e87ffe757b518d7cfe0f796d750dd00e2014b409fda30b9a1a3,23f78b6b69c229471297381a5f924fa7566cba246d06fc0162f2299cb04b392f,dev_val,train/bonafide/huawei/ukraine-NF-1106.jpg,82.0,9c730676f99849360ab40e3e89a7c3b8946184fa2cce8bbb8d356d0777e5001b,matched_project,0.0019798278808593,0.0032672882080078,0.0012874603271485,0.04595947265625,0.0457763671875,-0.00018310546875
test/attack/digital_3/huawei/ukraine-NM-1007.jpg,data/processed/policy_c_official_test/test/attack/digital_3/huawei/ukraine-NM-1007.jpg,ukraine-NM-1007,attack,digital_3,huawei,1,90,ec3afb1a9888407ee1bfc41d6227d29aed38d9fd7bae0e790d4a33c7861a4e64,bc8fc0ba58471459351079d6901ef2f8751803a5bd467025cec96a6f04edbd94,project_train,train/bonafide/huawei/ukraine-NM-1007.jpg,90.0,63fed46bffe38d4799a6246ff80e67101dcbd2190c978df173e7ba736e6f14a2,matched_project,0.0032100677490234,0.0045204162597656,0.0013103485107421996,0.04150390625,0.04095458984375,-0.00054931640625
test/attack/digital_3/huawei/usa-009_03.jpg,data/processed/policy_c_official_test/test/attack/digital_3/huawei/usa-009_03.jpg,usa-009_03,attack,digital_3,huawei,1,79,51832f13e6ba8297951e135ad9ae64248bcbdcce52102ae7eccd7009eae63cce,9c8a723692ed5e8d64c1e0852455004a0c7ad3ed0807c4571b6a9397223cc66e,project_train,train/bonafide/huawei/usa-009_03.jpg,79.0,2bc63f05a64d74f1bd0b8d45c7cd460bcd094018e79578e8e8a1e72e95d08a09,matched_project,0.0060157775878906,0.0063133239746093,0.00029754638671870056,0.037994384765625,0.048492431640625,0.010498046875
test/attack/digital_3/huawei/usa-011_03.jpg,data/processed/policy_c_official_test/test/attack/digital_3/huawei/usa-011_03.jpg,usa-011_03,attack,digital_3,huawei,1,78,817a39da12d6e822b965d339353516654ddf0d8a9d82cba9eb5007209e9a4e44,f165960cd2db3ef65b99e5416f2c530cd68bde3d9e46a0a4b15e6ca637cbd376,project_train,train/bonafide/huawei/usa-011_03.jpg,78.0,9ff2a53ec4fab05ef54016b132d752c9f59bfaab87e5b849ce9373faaa6cd83e,matched_project,0.0015945434570312,0.0034637451171875,0.0018692016601563,0.03564453125,0.056243896484375,0.020599365234375
test/attack/digital_3/huawei/usa-016_03.jpg,data/processed/policy_c_official_test/test/attack/digital_3/huawei/usa-016_03.jpg,usa-016_03,attack,digital_3,huawei,1,62,198c30b23f39f06ea8bae3ab64fa4849c4c2dc40e1816bd1b813dadb02269c43,ca206339ba0165bb5c747ac23eb5a9d414188d813611ff271db7d9e308ff8d56,project_train,train/bonafide/huawei/usa-016_03.jpg,62.0,d549e15948d438042612f009bf40ddacdea0f79d732f3efe66dad9d33aaa99a2,matched_project,0.0017719268798828,0.0037879943847656,0.0020160675048828,0.0361328125,0.037353515625,0.001220703125
test/attack/digital_3/huawei/usa-034_03.jpg,data/processed/policy_c_official_test/test/attack/digital_3/huawei/usa-034_03.jpg,usa-034_03,attack,digital_3,huawei,1,50,c64a08b20134f3c7188b669663ce844e7e05054ee90d9cf81dec3f064f1915f0,21399bed6cf3e891b04f4e0947b06a4c43f0dcf4766480c737637a7285ec58e8,dev_val,train/bonafide/huawei/usa-034_03.jpg,50.0,dc2dcec255a0b81698d3eb41b289b8b4ff7328bf3696f192f629b7cfa8b2fa28,matched_project,0.0083160400390625,0.0069427490234375,-0.001373291015625,0.03643798828125,0.03643798828125,0.0
test/attack/digital_3/huawei/usa-043_03.jpg,data/processed/policy_c_official_test/test/attack/digital_3/huawei/usa-043_03.jpg,usa-043_03,attack,digital_3,huawei,1,52,fc9050f4933dc0c195e1430da07a14ed90b73e3c78b0d914e204c6ea1bb723f6,2a42036767683f55de0f6b685b57b298414979fc5b11775f3efccf7ddda9ef1f,project_train,train/bonafide/huawei/usa-043_03.jpg,52.0,62d93c6353be82c49f762377ac71233f168396855e564d2e219880ef012169c3,matched_project,0.0022735595703125,0.0039215087890625,0.00164794921875,0.0362548828125,0.041046142578125,0.004791259765625
test/attack/digital_3/huawei/usa-063_03.jpg,data/processed/policy_c_official_test/test/attack/digital_3/huawei/usa-063_03.jpg,usa-063_03,attack,digital_3,huawei,1,86,8c7419d80a9fbc0072095b6433a51a80476a13c1c29f78ebaae1bc8bc6ae9f6f,9e05a55c60560136ab7661925cdbbf2c7039f70461059910fb4aadcfbf1a328b,project_train,train/bonafide/huawei/usa-063_03.jpg,86.0,ac9402c2f58f52b3e061ddbddac9cec908635137a31eac0da0daa062e9ed27a1,matched_project,0.0015430450439453,0.0176239013671875,0.0160808563232422,0.03631591796875,0.68798828125,0.65167236328125
test/attack/digital_3/huawei/usa-067_03.jpg,data/processed/policy_c_official_test/test/attack/digital_3/huawei/usa-067_03.jpg,usa-067_03,attack,digital_3,huawei,1,65,345fda169954200dff58ad5d8604e31c39f47822fa955e1171790362a58db94b,03341f228b803e45e8c04ae7a9737d7ea6a2493d27baa0778c8dea94964e2d1a,dev_val,train/bonafide/huawei/usa-067_03.jpg,65.0,24c1d07b3d14474bf2740d73d7073433be819580ee4033aac728b7584f6b4ed2,matched_project,0.0080337524414062,0.0157012939453125,0.0076675415039063,0.0347900390625,0.035552978515625,0.000762939453125
test/attack/digital_3/huawei/usa-117_03.jpg,data/processed/policy_c_official_test/test/attack/digital_3/huawei/usa-117_03.jpg,usa-117_03,attack,digital_3,huawei,1,76,31e5f4d22ff06c1e224cfd3a64269f72f3c7dfe86e04c9fa1ecbd6751032bdb2,930177a8733febd579767e94e147b60cea210db81cc333749f77de9db065876a,project_train,train/bonafide/huawei/usa-117_03.jpg,76.0,ee5307ab4ec96059573e65e2959cc0e418e54979289bf68a40e84c839cda9fac,matched_project,0.0019416809082031,0.0072898864746093,0.0053482055664062006,0.037994384765625,0.03857421875,0.000579833984375
test/attack/digital_3/huawei/usa-134_03.jpg,data/processed/policy_c_official_test/test/attack/digital_3/huawei/usa-134_03.jpg,usa-134_03,attack,digital_3,huawei,1,82,74f7aab9051ad9999130aede18668fd96d31e4a4963cac45f9b075f1fca81527,979abb682706db6caea0e4f36cb9965e9f1b881ef659cf746e7d2b576c75cbac,project_train,train/bonafide/huawei/usa-134_03.jpg,82.0,ff7ba97c4d1419197582b1a910351d3e109bcd1404d633889bfa5b6afa3c1866,matched_project,0.0026683807373046,0.003936767578125,0.0012683868408204,0.035888671875,0.036651611328125,0.000762939453125
test/attack/digital_3/huawei/usa-136_03.jpg,data/processed/policy_c_official_test/test/attack/digital_3/huawei/usa-136_03.jpg,usa-136_03,attack,digital_3,huawei,1,72,f20ef6c5a61bd3246b6f0605f78170dd734be0472b2b7665d605b8eb14e882e2,657f42d0cac05404266d549f0076280b6171ddb8e111c3031fccba889ad5c980,project_train,train/bonafide/huawei/usa-136_03.jpg,72.0,d25aa4207b9ddf1b23d816848192550ee8a18eb4cb36504354c5251b33c405eb,matched_project,0.0018386840820312,0.0024490356445312,0.0006103515625000002,0.03643798828125,0.03662109375,0.00018310546875
test/attack/digital_3/huawei/usa-137_03.jpg,data/processed/policy_c_official_test/test/attack/digital_3/huawei/usa-137_03.jpg,usa-137_03,attack,digital_3,huawei,1,50,dca17509f116ee3855411d4a7b2babddc568349993d494723f640a377b6f4718,aa67dead64deada9ae273855dde09d0dfe6f07b1c91ed3d15ee95e5265393f16,project_train,train/bonafide/huawei/usa-137_03.jpg,50.0,672a2fe766d9a1d73ca6a56c463306f447e00846cefbd9fd51de08449f97f5cf,matched_project,0.0026168823242187,0.0032596588134765,0.0006427764892577999,0.0338134765625,0.034454345703125,0.000640869140625
test/attack/digital_3/huawei/usa-NF-1004.jpg,data/processed/policy_c_official_test/test/attack/digital_3/huawei/usa-NF-1004.jpg,usa-NF-1004,attack,digital_3,huawei,1,89,bad6477c62675b69de12bfbcfd6dac2adc40db5619b2ecb278504be56eb86fdf,83704d336338c74f5bfaf3df8c3530a2058862960f85411f06665a7a50e14d39,project_train,train/bonafide/huawei/usa-NF-1004.jpg,89.0,4d1855bd66efb964405b5b2bff7cba50317a45c9601f88a9bb9393b0a5360c78,matched_project,0.0003800392150878,0.0026931762695312,0.0023131370544434,0.0343017578125,0.256591796875,0.2222900390625
test/attack/digital_3/huawei/usa-NF-1009.jpg,data/processed/policy_c_official_test/test/attack/digital_3/huawei/usa-NF-1009.jpg,usa-NF-1009,attack,digital_3,huawei,1,74,246af7ac63e169f36e14636b29eb1ae75f0e8dc8ad42737c421343ad20030ba6,47948d338aa3c59e9dcfe01bc7914211f2509fa63f21e55e16b531e7fc5779f3,project_train,train/bonafide/huawei/usa-NF-1009.jpg,74.0,494d1d7ef418f2be3785058339453cffb8b3558d2c625adf5a173feaa99844eb,matched_project,0.0053215026855468,0.019073486328125,0.0137519836425782,0.042022705078125,0.2340087890625,0.191986083984375
test/attack/digital_3/huawei/usa-NF-1017.jpg,data/processed/policy_c_official_test/test/attack/digital_3/huawei/usa-NF-1017.jpg,usa-NF-1017,attack,digital_3,huawei,1,61,bbbdab6f7e420e66f609afc7c81c6d434882e8214fb42f3e36d18895e4245102,f378cb34fd32a9fa5125d1cfc4ebfc88bdcd5686b18594b1579db23e66514dd7,project_train,train/bonafide/huawei/usa-NF-1017.jpg,61.0,941147beb5f1c244504e096eb4d0a6218787da92f7d8a7a637131c25d106031c,matched_project,0.0012998580932617,0.0120086669921875,0.0107088088989258,0.037994384765625,0.81640625,0.778411865234375
test/attack/digital_3/huawei/usa-NF-1036.jpg,data/processed/policy_c_official_test/test/attack/digital_3/huawei/usa-NF-1036.jpg,usa-NF-1036,attack,digital_3,huawei,1,69,dc9f88a51eaad00e93b4e5c5e837b711f8a02e958e25069c4bfe0de44b38248b,9247a1f939782c0c3237bd1c9f042fb77574a10aa770aa4cb11afd0e74fef036,dev_val,train/bonafide/huawei/usa-NF-1036.jpg,69.0,4f98e79b7d90e26c3bd0f94134eb99f29578b421fbf08cafa96cb2bde7f2753b,matched_project,0.1533203125,0.1883544921875,0.0350341796875,0.046539306640625,0.053802490234375,0.00726318359375
test/attack/digital_3/huawei/usa-NF-1044.jpg,data/processed/policy_c_official_test/test/attack/digital_3/huawei/usa-NF-1044.jpg,usa-NF-1044,attack,digital_3,huawei,1,65,e686a4182f6fcdaa23cd72da8de1b4abe336c4236e96f59d8693709e54549a2b,958cf4d0b058a04acfb4685e035f37edbbfd56e6d5aed16d0baa29e98402c83b,project_train,train/bonafide/huawei/usa-NF-1044.jpg,65.0,ff6fd1c4510296d1bab57cdbced49a84ee3621d6c8a00deab5427d344c1a4015,matched_project,0.0026988983154296,0.0237579345703125,0.0210590362548829,0.038177490234375,0.039520263671875,0.0013427734375
test/attack/digital_3/huawei/usa-NF-1046.jpg,data/processed/policy_c_official_test/test/attack/digital_3/huawei/usa-NF-1046.jpg,usa-NF-1046,attack,digital_3,huawei,1,81,db714015ace38e3081b873b50d6a8d3a11ab3a14d37e08474633787af25f7884,fb03bdc3523e250c9d564941cf3f827051f6ea68a5fa2dc12baa3cb17ea695be,project_train,train/bonafide/huawei/usa-NF-1046.jpg,81.0,23be5b429f41d612dd3ddcbf39c46254adaf1369221b042ef655f626c3a5daac,matched_project,0.0074882507324218,0.026153564453125,0.0186653137207032,0.037506103515625,0.039520263671875,0.00201416015625
test/attack/digital_3/huawei/usa-NF-1051.jpg,data/processed/policy_c_official_test/test/attack/digital_3/huawei/usa-NF-1051.jpg,usa-NF-1051,attack,digital_3,huawei,1,60,ae25e25df5445754d740c87b64ed1fbbc9f4257bd3a3fbb3248416bc2b66876b,08a782f3e35c4ae6cf5a43153b726b093929ebab9a9c4ddf3c4690048085cd6b,project_train,train/bonafide/huawei/usa-NF-1051.jpg,60.0,b5776dbe5e282ec14485be17f485731678bc1b8a67c02b448dfad1eb8d3ec92a,matched_project,0.0022335052490234,0.0054168701171875,0.0031833648681641,0.038909912109375,0.0396728515625,0.000762939453125
test/attack/digital_3/huawei/usa-NF-1062.jpg,data/processed/policy_c_official_test/test/attack/digital_3/huawei/usa-NF-1062.jpg,usa-NF-1062,attack,digital_3,huawei,1,73,bb0d80f4812fb2c02c0dec27bfd82ecbe61beb9f7c4378dc439d5bf80f1c3c7b,7f1f8ab3dd9d5cd07ea726cca4e17147d6c51d1cee24ed42dfd058514df71bcf,project_train,train/bonafide/huawei/usa-NF-1062.jpg,73.0,1ec5a4d12dbc9fdec4d11a00c1f1fd77bbe5f6fa89ee8e6e47c5722fcc4fedca,matched_project,0.0062637329101562,0.0117568969726562,0.0054931640625,0.039154052734375,0.039306640625,0.000152587890625
test/attack/digital_3/huawei/usa-NF-1065.jpg,data/processed/policy_c_official_test/test/attack/digital_3/huawei/usa-NF-1065.jpg,usa-NF-1065,attack,digital_3,huawei,1,60,fdaad8f4440bae39bb5944c430a9e28710a3700df43cb1fbc9dd87280a8b2a49,0afe0f9a75474de1a349509a75cd170a68ddd39cd3afd407e63b4e4a9348a6d0,dev_val,train/bonafide/huawei/usa-NF-1065.jpg,60.0,2c345d85f747ff3cdac017e68caaa54b6fac7de03091527daf2fdef95f265ae8,matched_project,0.04315185546875,0.10211181640625,0.0589599609375,0.038970947265625,0.042083740234375,0.00311279296875
test/attack/digital_3/huawei/usa-NF-1071.jpg,data/processed/policy_c_official_test/test/attack/digital_3/huawei/usa-NF-1071.jpg,usa-NF-1071,attack,digital_3,huawei,1,51,ceb5c98e655852222ebc6fefcb402b8367463a5ea066232ec75eec92ad40d158,6f924e0a1e3764bd3ecc59b8efd999504992c1847a573552a564dcefb0a5e678,project_train,train/bonafide/huawei/usa-NF-1071.jpg,51.0,8bb80062fa932332d5bd938b9a1eab0e8755934c8b69ac2c44f3ab83a2968085,matched_project,0.0012521743774414,0.0025501251220703,0.0012979507446289,0.03656005859375,0.0372314453125,0.00067138671875
test/attack/digital_3/huawei/usa-NF-1076.jpg,data/processed/policy_c_official_test/test/attack/digital_3/huawei/usa-NF-1076.jpg,usa-NF-1076,attack,digital_3,huawei,1,74,c7dfee9ed378fbee53e1e96509dd16b21ef3b4e5217d94afdfc0fe344fe8ddc4,6af3e4899739b99cd0d818fc88dd051b35f1898e1ea0c4a63c81268e5ab3359e,dev_val,train/bonafide/huawei/usa-NF-1076.jpg,74.0,42ddf608a775b1e5b76205de2c61ed7584ab28b44db50cda16d9e3ca45882a4c,matched_project,0.0029468536376953,0.0186309814453125,0.0156841278076172,0.03778076171875,0.0389404296875,0.00115966796875
test/attack/digital_3/huawei/usa-NF-1093.jpg,data/processed/policy_c_official_test/test/attack/digital_3/huawei/usa-NF-1093.jpg,usa-NF-1093,attack,digital_3,huawei,1,86,b638e605d92dbda2a6e53961093fb579a2a6f798cc4d509a08c10e1a2acbb789,afa32dcb4752b7b8a1497063abc35df59fb74aa4a652f065a3c9fb85d24aa4d0,project_train,train/bonafide/huawei/usa-NF-1093.jpg,86.0,fa4756558d7ea3493f0ae8f49ef46a316f0dbc4ca15b5e5af1866b4f77c43d84,matched_project,0.0045204162597656,0.03289794921875,0.0283775329589844,0.036224365234375,0.05792236328125,0.021697998046875
test/attack/digital_3/huawei/usa-NF-1094.jpg,data/processed/policy_c_official_test/test/attack/digital_3/huawei/usa-NF-1094.jpg,usa-NF-1094,attack,digital_3,huawei,1,82,72394217f56293f927bfb44b1e73f17d69acd7951d6ee337277c17a709719c18,08a15860d3f913a76d3629843865c233d62438e6da911ed73c792c6205205451,project_train,train/bonafide/huawei/usa-NF-1094.jpg,82.0,e5d54c1d6d577a5ea8153db89a052e8867af52a8cd26d3eebe66acae64f0cb53,matched_project,0.0027637481689453,0.0137710571289062,0.0110073089599609,0.0361328125,0.06903076171875,0.03289794921875
test/attack/digital_3/huawei/usa-NM-1038.jpg,data/processed/policy_c_official_test/test/attack/digital_3/huawei/usa-NM-1038.jpg,usa-NM-1038,attack,digital_3,huawei,1,71,f3a4356a7ae868e609d9501f00d8600c490c14e143366e34e04bba3ab7cf8b40,c643c5921153713311e74b80571e84e8b57584566e3e594b1880cb7b22edd3ab,dev_val,train/bonafide/huawei/usa-NM-1038.jpg,71.0,15b62626f10b4beb5c5dae05bfe6af0c235ced5482be096164dbd6a4cd0e0a6d,matched_project,0.0056190490722656,0.0162200927734375,0.0106010437011719,0.037445068359375,0.044708251953125,0.00726318359375
test/attack/digital_3/huawei/usa-NM-1052.jpg,data/processed/policy_c_official_test/test/attack/digital_3/huawei/usa-NM-1052.jpg,usa-NM-1052,attack,digital_3,huawei,1,53,d2c51e90092edd082695bf926c115e11f344021c7d070e9d103f7d8da17ae4f4,42acfedceb757b132efbdafddcd2b0af4b7e71fb0199cec3bce0aae26962fc12,project_train,train/bonafide/huawei/usa-NM-1052.jpg,53.0,f9e7a84fab67e1511de20de2938f415a8cf983ee4017c4830ea116e7bc274091,matched_project,0.0013074874877929,0.0022697448730468,0.0009622573852539,0.0374755859375,0.143798828125,0.1063232421875
test/attack/digital_3/iphone15pro/arabic-003_03.jpg,data/processed/policy_c_official_test/test/attack/digital_3/iphone15pro/arabic-003_03.jpg,arabic-003_03,attack,digital_3,iphone15pro,1,81,3c1abfeb7a03cc5a8fb30dec246a12c84541f889bd8e608a3fcc57aa2ce1300d,465b34ee808b74d130a089657486f2b3e8e1305131aa4c1ed804102cc72a4edd,project_train,train/bonafide/iphone15pro/arabic-003_03.jpg,81.0,171f80e890ffc78e7759071fb04256966a05a6c16a196926dc62073e4e026383,matched_project,0.019683837890625,0.0174102783203125,-0.0022735595703125,0.0251007080078125,0.025421142578125,0.0003204345703125
test/attack/digital_3/iphone15pro/arabic-005_03.jpg,data/processed/policy_c_official_test/test/attack/digital_3/iphone15pro/arabic-005_03.jpg,arabic-005_03,attack,digital_3,iphone15pro,1,87,bc8525f4b3eccd5a112a435e7e91be0f68c414e792cab4061519938b2158b8ef,f8bd415a58f4ad77089b9971d0c613575ddc18f1ebcb0e33ba98f4558e5383ad,project_train,train/bonafide/iphone15pro/arabic-005_03.jpg,87.0,d7a6ffb46293c43b92ad8d974bef59485234fc4a2296093dccf2cb5320b561a3,matched_project,0.011505126953125,0.058441162109375,0.04693603515625,0.0238494873046875,0.445068359375,0.4212188720703125
test/attack/digital_3/iphone15pro/arabic-024_03.jpg,data/processed/policy_c_official_test/test/attack/digital_3/iphone15pro/arabic-024_03.jpg,arabic-024_03,attack,digital_3,iphone15pro,1,79,bcb1037cc460ae0e39b5ebebecdb10ca161afe14d21bef43994711315c91d429,7cde66e6d812a7977e2824733ec6a44e7ad98582bf07c237c40c318030659ac5,dev_val,train/bonafide/iphone15pro/arabic-024_03.jpg,79.0,aa3bf197babc86925f337c0af2cb314031b745afe2b68ceeaf064575164507c3,matched_project,0.0101318359375,0.020965576171875,0.010833740234375,0.0243988037109375,0.025390625,0.0009918212890625
test/attack/digital_3/iphone15pro/arabic-112_03.jpg,data/processed/policy_c_official_test/test/attack/digital_3/iphone15pro/arabic-112_03.jpg,arabic-112_03,attack,digital_3,iphone15pro,1,89,46db1cf45a7254d83baba61f17de8663282e834ed1821edef2d31eeb767d0183,d30b39a2e01dff32a2b48e278f0d7c7253a0d3ad99d65f0c6fa0fc05a3dbe202,project_train,train/bonafide/iphone15pro/arabic-112_03.jpg,89.0,fe5f88ab1a0eb8d4da0cc3e03031c4451c090a57936809b3dedbe3e21ecfac77,matched_project,0.009002685546875,0.04620361328125,0.037200927734375,0.02435302734375,0.025543212890625,0.001190185546875
test/attack/digital_3/iphone15pro/arabic-120_03.jpg,data/processed/policy_c_official_test/test/attack/digital_3/iphone15pro/arabic-120_03.jpg,arabic-120_03,attack,digital_3,iphone15pro,1,65,e0cc291bca26789b64d9932dd1016a6f3dbca2b24adac8b81550f5a341c30a6d,67c7f8253636bdb349c6ee0c5d74f9d19ebabd515ff96fe2ca35ce8f50927c39,dev_val,train/bonafide/iphone15pro/arabic-120_03.jpg,65.0,874b0f849d8474c2ee4dcd027377e0f2fe7434b7d1840c491ce581041fcf18f1,matched_project,0.0123138427734375,0.0183868408203125,0.006072998046875,0.023284912109375,0.0280609130859375,0.0047760009765625
test/attack/digital_3/iphone15pro/arabic-131_03.jpg,data/processed/policy_c_official_test/test/attack/digital_3/iphone15pro/arabic-131_03.jpg,arabic-131_03,attack,digital_3,iphone15pro,1,61,7ee6b4f4a835f01859f76678540f99f7f8c73884b70dd610c4528825933d18ab,3efd1ad359ca0d34c52b74d52288212f5300536ee1441a98f5d53e30dabb9e86,project_train,train/bonafide/iphone15pro/arabic-131_03.jpg,61.0,a58ceaca62d6a55dab0305903cf85d0bd13207d1cfafde6622340fce9c6ed8e8,matched_project,0.0131683349609375,0.11688232421875,0.1037139892578125,0.0262298583984375,0.9091796875,0.8829498291015625
test/attack/digital_3/iphone15pro/arabic-139_03.jpg,data/processed/policy_c_official_test/test/attack/digital_3/iphone15pro/arabic-139_03.jpg,arabic-139_03,attack,digital_3,iphone15pro,1,61,636b003078f55359b06e06eb12d72df98a8560197959b8e9be4e8aae5c2f2adc,a9bc3755d405e7a12315934bc40ce65286555d58299e2f64dfbc88a6df50ffa8,project_train,train/bonafide/iphone15pro/arabic-139_03.jpg,61.0,33c791a5ffab222032a3659f28826729a3e035bc234a3f68a4a32294129de09d,matched_project,0.0202484130859375,0.1998291015625,0.1795806884765625,0.0241241455078125,0.51513671875,0.4910125732421875
test/attack/digital_3/iphone15pro/arabic-173_03.jpg,data/processed/policy_c_official_test/test/attack/digital_3/iphone15pro/arabic-173_03.jpg,arabic-173_03,attack,digital_3,iphone15pro,1,58,20db6cf3a4cc3efff6ebc155aec3bf2eb432ec55e853c9cd2361879102946b60,85987796a948bb1ecbe1583cc49cd059c985349611b291e1f57365babb1b61eb,project_train,train/bonafide/iphone15pro/arabic-173_03.jpg,58.0,31e20ada6c1bb5dc4ef09ff9ab89c384397720cc3ead79e6e8632e103ebec8b9,matched_project,0.0036792755126953,0.0104904174804687,0.006811141967773399,0.0241241455078125,0.41064453125,0.3865203857421875
test/attack/digital_3/iphone15pro/arabic-NF-1003.jpg,data/processed/policy_c_official_test/test/attack/digital_3/iphone15pro/arabic-NF-1003.jpg,arabic-NF-1003,attack,digital_3,iphone15pro,1,75,b4266106ff38097ad4eee3a2d3f8d3ec23b38b76d4cc700091f072a6be226538,416414c4ff88d6f4587086a4a2d91e57a7db13b854d899d9386a83c0fb8ad8c6,project_train,train/bonafide/iphone15pro/arabic-NF-1003.jpg,75.0,f073cfc398d9eb21ec2d46350e48ea9089b0406b30976eccdf4d3be5612a6b3f,matched_project,0.0054168701171875,0.0296783447265625,0.024261474609375,0.0259552001953125,0.06964111328125,0.0436859130859375
test/attack/digital_3/iphone15pro/arabic-NF-1012.jpg,data/processed/policy_c_official_test/test/attack/digital_3/iphone15pro/arabic-NF-1012.jpg,arabic-NF-1012,attack,digital_3,iphone15pro,1,67,bfaa44e90edf929bc8d37fb931153ad9580db7ab2a20d64c440bb0533fb26ebb,b46204c8c48ccf710ff8ec4187789bc264c7222e7abcdea661b8ddf02aa8d898,project_train,train/bonafide/iphone15pro/arabic-NF-1012.jpg,67.0,475d24a03c88864bb67119fb49035670d31294e04ca0f2114decf05aca8550fd,matched_project,0.0045661926269531,0.00885009765625,0.0042839050292969,0.025177001953125,0.0257415771484375,0.0005645751953125
test/attack/digital_3/iphone15pro/arabic-NF-1030.jpg,data/processed/policy_c_official_test/test/attack/digital_3/iphone15pro/arabic-NF-1030.jpg,arabic-NF-1030,attack,digital_3,iphone15pro,1,58,11fdb9f2069383b40f357d7b005483b077062acd3c1757130b13c0143a4e6de9,4fbd4b47220d74303110134b45ec5475a6e825ce30f72c8cd12652812fa635a0,project_train,train/bonafide/iphone15pro/arabic-NF-1030.jpg,58.0,ad796f64faa99ed10160cd70d12d6f79f30d8485f3842b7294d0644350b98f27,matched_project,0.02447509765625,0.0592041015625,0.03472900390625,0.026275634765625,0.0261993408203125,-7.62939453125e-05
test/attack/digital_3/iphone15pro/arabic-NF-1037.jpg,data/processed/policy_c_official_test/test/attack/digital_3/iphone15pro/arabic-NF-1037.jpg,arabic-NF-1037,attack,digital_3,iphone15pro,1,76,536af34fefdec9856f7f6e43472ef8ce53a26924f760fbd349c54dafc0a22770,2dbe80bbe197245a58070d21e13b21ca77e7bf9f65fb8c7eff6cdfec6dfb4918,project_train,train/bonafide/iphone15pro/arabic-NF-1037.jpg,76.0,47c4e0a7551067c2315d85daf881669af986b6610101094c5175650e2e13d29b,matched_project,0.0200042724609375,0.0121231079101562,-0.0078811645507813,0.022369384765625,0.0225372314453125,0.0001678466796875
test/attack/digital_3/iphone15pro/arabic-NF-1040.jpg,data/processed/policy_c_official_test/test/attack/digital_3/iphone15pro/arabic-NF-1040.jpg,arabic-NF-1040,attack,digital_3,iphone15pro,1,50,144dcfe359dfbfdb730eba1d3cbfe997d998dda7d77883bac2356202114db1ae,e6a9e659adddce117b834a3d090ba92dc6a2f2a20394b5d8f9048b20f52e6e32,project_train,train/bonafide/iphone15pro/arabic-NF-1040.jpg,50.0,f1d13daf3c0b37935321fddb3d9603f73914d8a41f4ca2e652c37341e6c08555,matched_project,0.0084152221679687,0.0114822387695312,0.0030670166015625,0.0247955322265625,0.02752685546875,0.0027313232421875
test/attack/digital_3/iphone15pro/arabic-NF-1045.jpg,data/processed/policy_c_official_test/test/attack/digital_3/iphone15pro/arabic-NF-1045.jpg,arabic-NF-1045,attack,digital_3,iphone15pro,1,68,e497fb1621a4c787b4cd719b155f44f3fb82612f4f0db711edab5956c0bc8bd4,f40cb1e4fc47469b6000953a191030dcaf404be7b3674033068b3314148ad48d,project_train,train/bonafide/iphone15pro/arabic-NF-1045.jpg,68.0,5fe6fb704981a4eb3a331dac85d7b4b3cb4bf0494d964112be05853380b799c1,matched_project,0.0085296630859375,0.051513671875,0.0429840087890625,0.0245819091796875,0.094482421875,0.0699005126953125
test/attack/digital_3/iphone15pro/arabic-NF-1048.jpg,data/processed/policy_c_official_test/test/attack/digital_3/iphone15pro/arabic-NF-1048.jpg,arabic-NF-1048,attack,digital_3,iphone15pro,1,57,c443cc4badbeb204968b67dc8df4b9cd7c3d5ce12441ef0b6dc6c7c65c895f26,403b6c4e237417f259869e7704524c1fd0aa112870bc2f3c96fd6b3d32212d1f,dev_val,train/bonafide/iphone15pro/arabic-NF-1048.jpg,57.0,f889e69ce1b0df245af7e1f83e399da941e267128b3b382ff1909c6c8dc2da54,matched_project,0.0174713134765625,0.0660400390625,0.0485687255859375,0.022979736328125,0.10247802734375,0.079498291015625
test/attack/digital_3/iphone15pro/arabic-NF-1049.jpg,data/processed/policy_c_official_test/test/attack/digital_3/iphone15pro/arabic-NF-1049.jpg,arabic-NF-1049,attack,digital_3,iphone15pro,1,89,cea47a99a9c8ddb6081be2bda2c44a95b390da31652ed5123fdfd20d5854c26f,20ef2aca6d1eed7d77e11fd935ae9a7312ed53aaa4fc3293fae33629918eb379,project_train,train/bonafide/iphone15pro/arabic-NF-1049.jpg,89.0,aab2f34c4291da67fe51fc7920244b25b938a1cebb79e3a043e46550b9f2ac18,matched_project,0.0087127685546875,0.0301361083984375,0.02142333984375,0.024383544921875,0.0300140380859375,0.0056304931640625
test/attack/digital_3/iphone15pro/arabic-NF-1053.jpg,data/processed/policy_c_official_test/test/attack/digital_3/iphone15pro/arabic-NF-1053.jpg,arabic-NF-1053,attack,digital_3,iphone15pro,1,52,5db421b055bdeab06ed23c9dbd2c793acfb973fe275317102d1a5355040ca881,c4b6c070998da65c3a663d12b9350332c76848061a72b079ee51f913790d2659,project_train,train/bonafide/iphone15pro/arabic-NF-1053.jpg,52.0,666817c098a22f865ae1a8669ea2dd2ecaa5a680bd2e78163bc739982227d9d0,matched_project,0.0081863403320312,0.0401611328125,0.0319747924804688,0.0228271484375,0.0244293212890625,0.0016021728515625
test/attack/digital_3/iphone15pro/arabic-NF-1098.jpg,data/processed/policy_c_official_test/test/attack/digital_3/iphone15pro/arabic-NF-1098.jpg,arabic-NF-1098,attack,digital_3,iphone15pro,1,57,fe8fb86d0acafeb602bba7c64b8013d00b0c77e4e86a6718873a7a1fa051fda0,32865025ac3a21a1f824bca273a7e92eaed923f0b727aaa95ff9b683e5305813,dev_val,train/bonafide/iphone15pro/arabic-NF-1098.jpg,57.0,ace8d32f37c52d6c30f44ec9c5c3dc0c81c32bf8848bad57113f476ecb6566fc,matched_project,0.016845703125,0.07489013671875,0.05804443359375,0.0238494873046875,0.041351318359375,0.0175018310546875
test/attack/digital_3/iphone15pro/arabic-NF-1100.jpg,data/processed/policy_c_official_test/test/attack/digital_3/iphone15pro/arabic-NF-1100.jpg,arabic-NF-1100,attack,digital_3,iphone15pro,1,70,872cde1a37aee3232aa4b79a0762f86dc9ed6a8226791b757fd72c5ed30940b0,f149ca1bc45a7d6522ba191e87ecfc58cea024126765fdc90fe216814b7306a1,project_train,train/bonafide/iphone15pro/arabic-NF-1100.jpg,70.0,fd563d7c4247c279319e04d104a2550bb747fcaafd0d8c4130200cf7360bd6bc,matched_project,0.0116195678710937,0.0137939453125,0.0021743774414063003,0.023284912109375,0.026275634765625,0.00299072265625
test/attack/digital_3/iphone15pro/arabic-NM-1029.jpg,data/processed/policy_c_official_test/test/attack/digital_3/iphone15pro/arabic-NM-1029.jpg,arabic-NM-1029,attack,digital_3,iphone15pro,1,56,fe2b9d137348c191f988bcbc76ef5cdbe24fd5b8b744124368f7187db2ee4b1a,c00a26b096350c4ff442a18d7db080a019ae4af2d8d03d89e964f89d9b9531b2,project_train,train/bonafide/iphone15pro/arabic-NM-1029.jpg,56.0,4e465edc609770b7de8f6b8a9a0b55749265f3b15595f7c0fc881a377a1c3a43,matched_project,0.0081100463867187,0.0237274169921875,0.0156173706054688,0.0230255126953125,0.0230865478515625,6.103515625e-05
test/attack/digital_3/iphone15pro/arabic-NM-1064.jpg,data/processed/policy_c_official_test/test/attack/digital_3/iphone15pro/arabic-NM-1064.jpg,arabic-NM-1064,attack,digital_3,iphone15pro,1,82,1e9949e762c0569b24a1b3116c54b2728f18d2a4f9fb9375442ca97ae90b21ff,23d3d85c52950e96fe38272b43f40a8b9354845a8cabc3634ad1e9af51c1ec4c,project_train,train/bonafide/iphone15pro/arabic-NM-1064.jpg,82.0,8abd5962159664954a78e81e1a543f0adadfe5a6865a61fd847c5996b4b0af25,matched_project,0.0081863403320312,0.0110321044921875,0.0028457641601563003,0.02423095703125,0.1329345703125,0.10870361328125
test/attack/digital_3/iphone15pro/arabic-NM-1090.jpg,data/processed/policy_c_official_test/test/attack/digital_3/iphone15pro/arabic-NM-1090.jpg,arabic-NM-1090,attack,digital_3,iphone15pro,1,63,a4e6a4dc929aa098dc4d32d284dd41349eb56085de38c2c96d9b50630eba67c5,3c679f9a9087088a7f686f238a013dfe4bef314d583e558b877d2a02aea341bd,dev_val,train/bonafide/iphone15pro/arabic-NM-1090.jpg,63.0,e68a931c9720f4184b9eeef6b330b358ca9064867372642966dd95a06635168f,matched_project,0.0113067626953125,0.05914306640625,0.0478363037109375,0.02252197265625,0.093017578125,0.07049560546875
test/attack/digital_3/iphone15pro/chinese-001_03.jpg,data/processed/policy_c_official_test/test/attack/digital_3/iphone15pro/chinese-001_03.jpg,chinese-001_03,attack,digital_3,iphone15pro,1,70,a7d8890f5c929d522064cc0ab30125b687603c084afd3aebb3564247bebe20de,f24b20ad6be0bb4298d36c19f159be9b2e532fea18eb2e43f9656df9af08e545,dev_val,train/bonafide/iphone15pro/chinese-001_03.jpg,70.0,4faa0ffe08261d453ad0d7b7e70b749aa73b4333692222e42ae7a54545d046b5,matched_project,0.0063743591308593,0.0058555603027343,-0.000518798828125,0.029083251953125,0.0304412841796875,0.0013580322265625
test/attack/digital_3/iphone15pro/chinese-018_03.jpg,data/processed/policy_c_official_test/test/attack/digital_3/iphone15pro/chinese-018_03.jpg,chinese-018_03,attack,digital_3,iphone15pro,1,55,fbc980ff742f7d035269561c4900514c2299189b45a88320e61f22a9d4de41d4,52781285a3e695a87c30e370ffe531e9f1bd2176c619984af83e8cd0ecd841ed,project_train,train/bonafide/iphone15pro/chinese-018_03.jpg,55.0,f06ea2b9b1c65c5f4b04b75e7b6f75ed8f596858dc29ae6b5bd881c612af944c,matched_project,0.0017042160034179,0.0023365020751953,0.0006322860717773999,0.0304718017578125,0.03021240234375,-0.0002593994140625
test/attack/digital_3/iphone15pro/chinese-020_03.jpg,data/processed/policy_c_official_test/test/attack/digital_3/iphone15pro/chinese-020_03.jpg,chinese-020_03,attack,digital_3,iphone15pro,1,87,d0919c27eab022fa7fecc8dbe5f70f9690632754e32df782a6765e91712b6e72,90543867fca6e4f3065d1fb5818cfa6969ac60a11ac912af6b6a81cdcc6e6ad5,project_train,train/bonafide/iphone15pro/chinese-020_03.jpg,87.0,f18d531b149dadd9dee5691a7373034507cec01e849bf10062b27a7df6465d50,matched_project,0.0014410018920898,0.0033702850341796,0.0019292831420898,0.0296478271484375,0.037322998046875,0.0076751708984375
test/attack/digital_3/iphone15pro/chinese-039_03.jpg,data/processed/policy_c_official_test/test/attack/digital_3/iphone15pro/chinese-039_03.jpg,chinese-039_03,attack,digital_3,iphone15pro,1,69,4cf96f4e137a8087078b03ea4ab092169ed3f4d0c21da12a3f278e872c5a2c57,5f6a5c84e8847fcef9c450e507124f91f8a4149c405c84576374dccb1e02ed6d,project_train,train/bonafide/iphone15pro/chinese-039_03.jpg,69.0,0b6afc401d55d893ca2ad6b1402584be490bb2f8839c3122b57fc24333b75726,matched_project,0.0011444091796875,0.0014638900756835,0.0003194808959960001,0.029388427734375,0.0301055908203125,0.0007171630859375
test/attack/digital_3/iphone15pro/chinese-064_03.jpg,data/processed/policy_c_official_test/test/attack/digital_3/iphone15pro/chinese-064_03.jpg,chinese-064_03,attack,digital_3,iphone15pro,1,87,d5ee89600e1a2bea5c60ea045ae2219427354eba18af578313d1a8cf2247e9db,fdaee7193f537eca760d157c2dd07369d91a4dcad875333f54d81052fb1d9a44,project_train,train/bonafide/iphone15pro/chinese-064_03.jpg,87.0,846b0d2e91a2d3ff76c3c0d308aeb05f7f0e7e48f232e3cd572fc1751df0ecf4,matched_project,0.0097274780273437,0.0065383911132812,-0.0031890869140625,0.030242919921875,0.0299530029296875,-0.0002899169921875
test/attack/digital_3/iphone15pro/chinese-081_03.jpg,data/processed/policy_c_official_test/test/attack/digital_3/iphone15pro/chinese-081_03.jpg,chinese-081_03,attack,digital_3,iphone15pro,1,58,82776a8bc1ebdd34acc383d0ee7799cd6a13501a6d3991a3547eb3272cf359a5,da4c8a0449d7763465295587fa86c6b359b43b53d917af4d7d0981f9a1ac78d8,project_train,train/bonafide/iphone15pro/chinese-081_03.jpg,58.0,b3b2e913dc96d5610c9a2e5a9fbc3d0fd1f44edb80f1a90cc2ce491a8499cd61,matched_project,0.003580093383789,0.0029354095458984,-0.0006446838378905998,0.0292816162109375,0.028900146484375,-0.0003814697265625
test/attack/digital_3/iphone15pro/chinese-096_03.jpg,data/processed/policy_c_official_test/test/attack/digital_3/iphone15pro/chinese-096_03.jpg,chinese-096_03,attack,digital_3,iphone15pro,1,54,efb1f70bbae04974fa97e8e9172dd31eee360a851bc760227e8fef1a824379c9,e086b746bc5fed293ffd03a4c6a7657eaf30c1f2d9fd9cb4faf9b2fab719465c,project_train,train/bonafide/iphone15pro/chinese-096_03.jpg,54.0,9cd5e338d5f3f0da1efa9ae8a347d85abc3e472e6f24fc69c948ce214ee940f8,matched_project,0.0071334838867187,0.0062904357910156,-0.0008430480957030998,0.027374267578125,0.0279541015625,0.000579833984375
test/attack/digital_3/iphone15pro/chinese-099_03.jpg,data/processed/policy_c_official_test/test/attack/digital_3/iphone15pro/chinese-099_03.jpg,chinese-099_03,attack,digital_3,iphone15pro,1,78,16cc888c3c28243ae3680f0703e457431e94439103061ff451b4f2ce5620a747,a4af2c5bb08e13fab4beee5aa6e2cd2ccf5b4cd205e7d20d6cb75d4af560bbcd,project_train,train/bonafide/iphone15pro/chinese-099_03.jpg,78.0,976598dc6799014234bc3799086f32d60ebdfaf33d2e06c102f8822eb09faef9,matched_project,0.0033378601074218,0.0032672882080078,-7.057189941400005e-05,0.0300750732421875,0.0310516357421875,0.0009765625
test/attack/digital_3/iphone15pro/chinese-102_03.jpg,data/processed/policy_c_official_test/test/attack/digital_3/iphone15pro/chinese-102_03.jpg,chinese-102_03,attack,digital_3,iphone15pro,1,59,42e2869fe5a40c283cdc9c2fe6e964cbb8924aa77ba931ed228c93bda19e211c,ae10eb9151fbc1398b30454121fe5f94585100fac41627aa7c1971eb1fe858ac,project_train,train/bonafide/iphone15pro/chinese-102_03.jpg,59.0,dba772952fd15c1c0a858c82b61cdb3fe3d7594afa0af4cd6019a179c09ced7c,matched_project,0.001591682434082,0.00360107421875,0.002009391784668,0.02923583984375,0.0305023193359375,0.0012664794921875
test/attack/digital_3/iphone15pro/chinese-107_03.jpg,data/processed/policy_c_official_test/test/attack/digital_3/iphone15pro/chinese-107_03.jpg,chinese-107_03,attack,digital_3,iphone15pro,1,68,ed6387c11863581ec927f07c125d3a0521c0b93118bbc35c3e870cfcb6923b57,7b605d580ecaa7b91c5f5501e847b24cb874e1946789605c29b370a462ff56c9,project_train,train/bonafide/iphone15pro/chinese-107_03.jpg,68.0,fea2b8429d509dcc858ab6e37d8d4b85a32fc5210750732f75af5276071b6012,matched_project,0.0025615692138671,0.0223236083984375,0.0197620391845704,0.030792236328125,0.030914306640625,0.0001220703125
test/attack/digital_3/iphone15pro/chinese-113_03.jpg,data/processed/policy_c_official_test/test/attack/digital_3/iphone15pro/chinese-113_03.jpg,chinese-113_03,attack,digital_3,iphone15pro,1,72,0a37e0b28ab3e94c83fcb2782490f4c1d470851be8d6a0aa4c8e35551afd1917,a48036a2084d5fb080d915b2458218f55a5375da081d54d10e422757bf5debc5,dev_val,train/bonafide/iphone15pro/chinese-113_03.jpg,72.0,4d2f8a7fbafea0de5c2a99a8a8baf890ed636a6fdf53d896f2ad99587e8111ea,matched_project,0.0083160400390625,0.0093917846679687,0.0010757446289061997,0.02947998046875,0.0300750732421875,0.0005950927734375
test/attack/digital_3/iphone15pro/chinese-142_03.jpg,data/processed/policy_c_official_test/test/attack/digital_3/iphone15pro/chinese-142_03.jpg,chinese-142_03,attack,digital_3,iphone15pro,1,56,880d999a8f3397db0901813b3b8d5bdc104c6b29446622f9727db683f81fce11,54f55d8dcb0478690ffdc851f68c374e630f00509cf1d2f40c0bdc2c69997b65,dev_val,train/bonafide/iphone15pro/chinese-142_03.jpg,56.0,2da72df3818fb6d5819433288f694eff4eaaf5831df2fe9d0b172b7a256b1c1d,matched_project,0.034759521484375,0.0440673828125,0.009307861328125,0.033416748046875,0.033203125,-0.000213623046875
test/attack/digital_3/iphone15pro/chinese-NF-1014.jpg,data/processed/policy_c_official_test/test/attack/digital_3/iphone15pro/chinese-NF-1014.jpg,chinese-NF-1014,attack,digital_3,iphone15pro,1,79,c71965392a7adc1e019538184670a57465da30303d2dd99e77b63410b44fd8f9,fba87443dc9dd502653c7306f874a967bf7e3f2e5a2252a470e410b5ff380dd1,project_train,train/bonafide/iphone15pro/chinese-NF-1014.jpg,79.0,7df9f43896b7a17c658118b399a5642b27d68dfacdeb37714f9cbd23114b0f36,matched_project,0.0051994323730468,0.003824234008789,-0.0013751983642578004,0.0323486328125,0.032928466796875,0.000579833984375
test/attack/digital_3/iphone15pro/chinese-NF-1023.jpg,data/processed/policy_c_official_test/test/attack/digital_3/iphone15pro/chinese-NF-1023.jpg,chinese-NF-1023,attack,digital_3,iphone15pro,1,54,d9564421429b58ad0502c39767fc65dd2888cbaad9818b1885575786b69c404d,39a56cc9433fd18ebd1e7b61d57361765d38cb40f214ae30e33c79706846abcb,project_train,train/bonafide/iphone15pro/chinese-NF-1023.jpg,54.0,a598418decfff5e8e12c34baef7304efc9272301dd8f20be269856e81f8f2201,matched_project,0.0027961730957031,0.0024051666259765,-0.0003910064697265998,0.0304412841796875,0.030792236328125,0.0003509521484375
test/attack/digital_3/iphone15pro/chinese-NF-1042.jpg,data/processed/policy_c_official_test/test/attack/digital_3/iphone15pro/chinese-NF-1042.jpg,chinese-NF-1042,attack,digital_3,iphone15pro,1,59,d9b6f5eaaef994cb51eb8eb50c6cde1fce821d17b0b905876ca7f22404496738,d5c9f4b0a3f5261b76a0950832e17e8b93bd8c6239ff539dd193d97e5d4b01bd,project_train,train/bonafide/iphone15pro/chinese-NF-1042.jpg,59.0,727d144142dafc7e371c45194b9efc5f76806e676b40f146a23d884f434aee2b,matched_project,0.0080490112304687,0.0027580261230468,-0.005290985107421899,0.027984619140625,0.027191162109375,-0.00079345703125
test/attack/digital_3/iphone15pro/chinese-NF-1050.jpg,data/processed/policy_c_official_test/test/attack/digital_3/iphone15pro/chinese-NF-1050.jpg,chinese-NF-1050,attack,digital_3,iphone15pro,1,72,1066f42a80d7b5be4dcfb39b8a6ee40c11fcb80c51cbff87ce163ef8e48b5027,67e991f775b4bec2572677a25ef10191a80bed328f120d89b2907f12597d34e8,dev_val,train/bonafide/iphone15pro/chinese-NF-1050.jpg,72.0,7c96c40fdbdc0ce2b9c165ab8f3ab54ea4faed77e860077a09777086c67f9ec3,matched_project,0.0066413879394531,0.0078582763671875,0.0012168884277344002,0.0306243896484375,0.03155517578125,0.0009307861328125
test/attack/digital_3/iphone15pro/chinese-NF-1059.jpg,data/processed/policy_c_official_test/test/attack/digital_3/iphone15pro/chinese-NF-1059.jpg,chinese-NF-1059,attack,digital_3,iphone15pro,1,72,a37e9576ead073d5d36d9021cbea8a85376e3cab103f687786761d8168754fd7,268a83c81b0ed235b53c2ba30cb421ae0a36d6484126e1f3844e839ff0bdc762,project_train,train/bonafide/iphone15pro/chinese-NF-1059.jpg,72.0,758c849f392cbf5d9db35c7007132689a2c053e3745371168d90b29515b8e1f6,matched_project,0.0133743286132812,0.0013303756713867,-0.0120439529418945,0.0333251953125,0.032623291015625,-0.000701904296875
test/attack/digital_3/iphone15pro/chinese-NF-1067.jpg,data/processed/policy_c_official_test/test/attack/digital_3/iphone15pro/chinese-NF-1067.jpg,chinese-NF-1067,attack,digital_3,iphone15pro,1,56,c53e814e7df70150937cb86d5f5e9ddde397f6574f9548ab976296a37634a6cf,37e0b81b04d92976bd821819a165e60b1c1450b3b4bdf2a649b9dc130249ab3b,project_train,train/bonafide/iphone15pro/chinese-NF-1067.jpg,56.0,3822e051db0ef143303a6d80f95ca8db1ebb1b0e7b54872ca1055aeda683d175,matched_project,0.0037441253662109,0.0024147033691406,-0.0013294219970703004,0.031951904296875,0.0328369140625,0.000885009765625
test/attack/digital_3/iphone15pro/chinese-NF-1072.jpg,data/processed/policy_c_official_test/test/attack/digital_3/iphone15pro/chinese-NF-1072.jpg,chinese-NF-1072,attack,digital_3,iphone15pro,1,88,b6c52ecad267fa464612b2f202eef5b5324b21f51780189326578a60b11f4dbd,cf746209d3310336bb275266dee47c860bb5a702cc072406d954e24ef95ca979,project_train,train/bonafide/iphone15pro/chinese-NF-1072.jpg,88.0,379000517cf361eca4f210432f7194d0de684bc06289d56f9b113f0076ea4a42,matched_project,0.0043487548828125,0.0038471221923828,-0.0005016326904297001,0.03143310546875,0.031768798828125,0.000335693359375
test/attack/digital_3/iphone15pro/chinese-NF-1085.jpg,data/processed/policy_c_official_test/test/attack/digital_3/iphone15pro/chinese-NF-1085.jpg,chinese-NF-1085,attack,digital_3,iphone15pro,1,58,8ea84d8a17ce8997410e551fcf000d86e2b2f337a5b156f9c3e04d3f9e67c8de,c48c5e8055f8b93e33b47dde28a158b6e8b45f8fe46f7d3408a72f4541dbb5ef,dev_val,train/bonafide/iphone15pro/chinese-NF-1085.jpg,58.0,9d8ea75beddf82ad8f299ac944cbba320483281c956017a2eba0d082108b7440,matched_project,0.0034370422363281,0.0034027099609375,-3.4332275390599847e-05,0.03155517578125,0.0325927734375,0.00103759765625
test/attack/digital_3/iphone15pro/chinese-NF-1088.jpg,data/processed/policy_c_official_test/test/attack/digital_3/iphone15pro/chinese-NF-1088.jpg,chinese-NF-1088,attack,digital_3,iphone15pro,1,68,4509488f39c7d83dd3cd3989bc160d22452e50f590d5a4654ee051694f25bf16,a0e4a0c45b462f9d316530959d173c3ec5f104eaa19ed14affb2796e7d894ba4,project_train,train/bonafide/iphone15pro/chinese-NF-1088.jpg,68.0,fa56ee648ecbe36af6fc29b4d3b1be190b9ee84e022843525fd40d1612334d1f,matched_project,0.0010185241699218,0.0012521743774414,0.0002336502075196,0.030914306640625,0.0313720703125,0.000457763671875
test/attack/digital_3/iphone15pro/chinese-NF-1101.jpg,data/processed/policy_c_official_test/test/attack/digital_3/iphone15pro/chinese-NF-1101.jpg,chinese-NF-1101,attack,digital_3,iphone15pro,1,61,27ec5eead9cbeeb44ee6bb7761aa20bad9e6eb3774176088d7d4ce5d8701a343,35ca83a94f63e30b39150a0b59647b28d6b47fcd0c7706f665551c92cf3db55e,project_train,train/bonafide/iphone15pro/chinese-NF-1101.jpg,61.0,428c2efe33cf4973b148347e985c289b8f7b7572d86016ceb05a0a4a7a5747d4,matched_project,0.0030097961425781,0.0050010681152343,0.0019912719726562006,0.033721923828125,0.034454345703125,0.000732421875
test/attack/digital_3/iphone15pro/chinese-NM-1092.jpg,data/processed/policy_c_official_test/test/attack/digital_3/iphone15pro/chinese-NM-1092.jpg,chinese-NM-1092,attack,digital_3,iphone15pro,1,64,635a9f78c8bd1188167df1d133855283c14f2684090ea6f1668d71bcc8bb9f98,4b5dd410db87c8e36f504c9915ed9c5b28a6ca7dcea9e2e2f94929b5a6df15f9,dev_val,train/bonafide/iphone15pro/chinese-NM-1092.jpg,64.0,949f8e1618f73cdd30a3a52f709095c0bcd4372f6144a310d1385d05e79852e6,matched_project,0.0051002502441406,0.0048751831054687,-0.00022506713867190015,0.0311737060546875,0.031829833984375,0.0006561279296875
test/attack/digital_3/iphone15pro/french-019_03.jpg,data/processed/policy_c_official_test/test/attack/digital_3/iphone15pro/french-019_03.jpg,french-019_03,attack,digital_3,iphone15pro,1,50,6e32ed6c95f5bdf2b8a56309be918d0e9fa2ba8f63cc64c897cf8e94ae9fb624,c7317fbfcc63a1e59c1eb91f92623dd9aab8969f9cf3a57420a3864858e61e32,dev_val,train/bonafide/iphone15pro/french-019_03.jpg,50.0,69f29b7b7745de1f87646c98eec282145060cfc2c6d78cc0473160f9ca5e871b,matched_project,0.0070953369140625,0.0290679931640625,0.02197265625,0.0236968994140625,0.0280914306640625,0.00439453125
test/attack/digital_3/iphone15pro/french-022_03.jpg,data/processed/policy_c_official_test/test/attack/digital_3/iphone15pro/french-022_03.jpg,french-022_03,attack,digital_3,iphone15pro,1,56,4d417473ea431439f68bebcf8a6ce22849ebf36455b6e72facdb3ae88adc7596,a4bf09da25447b13888d885076cb947b3101fe782b78f6b544e775526c97aecf,project_train,train/bonafide/iphone15pro/french-022_03.jpg,56.0,9212394684f7f82d6d52aae1fcf19971b0b1192f6ecc5df5803cf0e0d7ab5a08,matched_project,0.0089874267578125,0.0089187622070312,-6.866455078130031e-05,0.0244903564453125,0.023529052734375,-0.0009613037109375
test/attack/digital_3/iphone15pro/french-033_03.jpg,data/processed/policy_c_official_test/test/attack/digital_3/iphone15pro/french-033_03.jpg,french-033_03,attack,digital_3,iphone15pro,1,75,310172e541be8339d1125bdd6ae3c4a18f59b09d9547443617b86c58de1186d3,f8d3c0a950c9e945ad989b8b3e4237c797a14dc329895e5ca6ec8eae039c2e3c,project_train,train/bonafide/iphone15pro/french-033_03.jpg,75.0,ed769462c83989d3b05c94c7688b727c083c3b31a82594f4d535bac469f055ea,matched_project,0.0028896331787109,0.0049514770507812,0.0020618438720702995,0.0237579345703125,0.0235595703125,-0.0001983642578125
test/attack/digital_3/iphone15pro/french-044_03.jpg,data/processed/policy_c_official_test/test/attack/digital_3/iphone15pro/french-044_03.jpg,french-044_03,attack,digital_3,iphone15pro,1,74,3bf3f3dc1e82ce24a5011faef64a1dc59b8066615a20b83a6595d920eba1f908,05d283fa4fb341b8115feb5fe0ddca1038d992b0c80850908bb3f1629876cad3,project_train,train/bonafide/iphone15pro/french-044_03.jpg,74.0,6a9086da579197d5a21654149d7abcef0eadfd42d89b49aabc05b8d5bcc4dc81,matched_project,0.012237548828125,0.0212249755859375,0.0089874267578125,0.024627685546875,0.023040771484375,-0.0015869140625
test/attack/digital_3/iphone15pro/french-068_03.jpg,data/processed/policy_c_official_test/test/attack/digital_3/iphone15pro/french-068_03.jpg,french-068_03,attack,digital_3,iphone15pro,1,60,825c65258f23b0ae392b052cda4182ded61470a4e6c828926966c6141840cda2,35e4c3b08c411e6b59dd1f9f542c80a07da309e9725e85917e366d696b1e378f,project_train,train/bonafide/iphone15pro/french-068_03.jpg,60.0,8bb3fe00770d4a21ddb02f7846e3a96e7e773f3d1f29873e3b6f644e293fe4fb,matched_project,0.0046730041503906,0.0050888061523437,0.00041580200195309985,0.023651123046875,0.0226898193359375,-0.0009613037109375
test/attack/digital_3/iphone15pro/french-090_03.jpg,data/processed/policy_c_official_test/test/attack/digital_3/iphone15pro/french-090_03.jpg,french-090_03,attack,digital_3,iphone15pro,1,78,5701322b59f02aa5208a234c5970c9826338352eb707cf8af356f7e6417d081a,8ff7b7211ba6fbee37285b46c4afd1f17a6c3db6298417143bad7c18e11bce14,project_train,train/bonafide/iphone15pro/french-090_03.jpg,78.0,e4ab1620f51aef0838369e35034b5c74ceb8d4dbac612bb9c48129d1c72e0948,matched_project,0.0036640167236328,0.0055656433105468,0.0019016265869140005,0.02435302734375,0.0250091552734375,0.0006561279296875
test/attack/digital_3/iphone15pro/french-091_03.jpg,data/processed/policy_c_official_test/test/attack/digital_3/iphone15pro/french-091_03.jpg,french-091_03,attack,digital_3,iphone15pro,1,51,6ad6c530aac7800e4139374f10e1fa8ad2e9efaf06c012c64b9e6cd3830d9d86,b1ab272fced780094dda0a305621f18a50c046f00f73a208751b01c7bc92c683,project_train,train/bonafide/iphone15pro/french-091_03.jpg,51.0,6ab217bebdbf2c9bb6d6d0d26525dfd71d96f9bd1659dfcbe30b200f50d439ba,matched_project,0.0041160583496093,0.0123367309570312,0.0082206726074219,0.0225067138671875,0.022674560546875,0.0001678466796875
test/attack/digital_3/iphone15pro/french-097_03.jpg,data/processed/policy_c_official_test/test/attack/digital_3/iphone15pro/french-097_03.jpg,french-097_03,attack,digital_3,iphone15pro,1,75,4f2699f3d14f43f81bbdfb394ffcc67564b428f02d855c42b9c13b6e8b79b7fd,0d9e6fabc4262e15cbf74f6fb7b12b2eb9b2c4dd31aa38472fe5c1c628ae6e04,project_train,train/bonafide/iphone15pro/french-097_03.jpg,75.0,71dbb4c1989f242d5cb3bf71180751c137f0c9ea956827d16823cf6a8cac8bbe,matched_project,0.0065650939941406,0.0643310546875,0.0577659606933594,0.0231475830078125,0.02398681640625,0.0008392333984375
test/attack/digital_3/iphone15pro/french-100_03.jpg,data/processed/policy_c_official_test/test/attack/digital_3/iphone15pro/french-100_03.jpg,french-100_03,attack,digital_3,iphone15pro,1,71,ea2da7538bf2524a25d986995a8082c005309409621f7cf47f04d39e656dda65,28b26a17d868030ecdf67971d876beba99fdef94500798bca838ffafbd2c88d1,project_train,train/bonafide/iphone15pro/french-100_03.jpg,71.0,6564387fec7a29224888b62616142534c3cb6a62cc4e555e597293dcb3234d91,matched_project,0.0034961700439453,0.0168304443359375,0.0133342742919922,0.022918701171875,0.026885986328125,0.00396728515625
test/attack/digital_3/iphone15pro/french-114_03.jpg,data/processed/policy_c_official_test/test/attack/digital_3/iphone15pro/french-114_03.jpg,french-114_03,attack,digital_3,iphone15pro,1,64,7daaecaed181667fbc7ce5c9036e55fd54137f05ef227ac8ed3250de3174060b,45e88bf91ca06771b89e42345429ae5b32ce62ab1a1be3197984e429f12b3778,dev_val,train/bonafide/iphone15pro/french-114_03.jpg,64.0,7317e950b321e046c98ad4577b73ddc41c969ce681938f1b35bfacf566c32c2c,matched_project,0.0035934448242187,0.03094482421875,0.0273513793945313,0.0231781005859375,0.09014892578125,0.0669708251953125
test/attack/digital_3/iphone15pro/french-118_03.jpg,data/processed/policy_c_official_test/test/attack/digital_3/iphone15pro/french-118_03.jpg,french-118_03,attack,digital_3,iphone15pro,1,86,b408e2cdf21f73097101a595b4978766aafd7bfddb92db5ea5fc137464fb60a0,9f6ea16dd8952f686e672b83c89611cd99e1563a76122c9dab06bcc51507933b,project_train,train/bonafide/iphone15pro/french-118_03.jpg,86.0,b23f3c6a39e7f2cee3f716f3695d01976315b3ab7abd9104404f4cecdbbd71ad,matched_project,0.0034561157226562,0.0162811279296875,0.0128250122070313,0.0231781005859375,0.0224151611328125,-0.000762939453125
test/attack/digital_3/iphone15pro/french-124_03.jpg,data/processed/policy_c_official_test/test/attack/digital_3/iphone15pro/french-124_03.jpg,french-124_03,attack,digital_3,iphone15pro,1,76,b7c2f273c27438cd87b6b69b624486c1441add0777145ccc0e2aa3b2ad0c9c31,5945f82ba828f82ac763f4937e050d8ff5cd8bd31f0e5d398cb2bcac0b21745b,dev_val,train/bonafide/iphone15pro/french-124_03.jpg,76.0,9e95b202c11cf361b99debe6591ae0479dba0ed91de5db6700604ded387cd57d,matched_project,0.0099563598632812,0.0292816162109375,0.0193252563476563,0.024078369140625,0.0238189697265625,-0.0002593994140625
test/attack/digital_3/iphone15pro/french-128_03.jpg,data/processed/policy_c_official_test/test/attack/digital_3/iphone15pro/french-128_03.jpg,french-128_03,attack,digital_3,iphone15pro,1,68,eea8d6cc57d50bf8cc080f3d660a734b4aa2ccd53d1332beb8e749a088b68c8a,ad512a856a60bc1e7c0bc6fafb1fe6ec820f2dd6189479fbdc2a7a6073a77ecb,dev_val,train/bonafide/iphone15pro/french-128_03.jpg,68.0,8a2161d6056c7447fccfb31eb6bba52934f2b5221c747af0c640728c6d0e4764,matched_project,0.0147018432617187,0.0400390625,0.0253372192382813,0.022308349609375,0.022186279296875,-0.0001220703125
test/attack/digital_3/iphone15pro/french-135_03.jpg,data/processed/policy_c_official_test/test/attack/digital_3/iphone15pro/french-135_03.jpg,french-135_03,attack,digital_3,iphone15pro,1,86,6c43d47758806e40919daa75936455e72cb8399732ee4ecee81d3c136998e9ef,41c238aab26e97ba96b021815c573f05f684fcebf501bdbe4a79c6532221c833,project_train,train/bonafide/iphone15pro/french-135_03.jpg,86.0,272538bc2253867c6d8c1c424bb47636ec3c8abc0e14c4e72ddf1acd813c8537,matched_project,0.0098190307617187,0.06707763671875,0.0572586059570313,0.0236968994140625,0.0238189697265625,0.0001220703125
test/attack/digital_3/iphone15pro/french-NF-1020.jpg,data/processed/policy_c_official_test/test/attack/digital_3/iphone15pro/french-NF-1020.jpg,french-NF-1020,attack,digital_3,iphone15pro,1,76,4d8b0aa6f0a5a729f64127b642264e76666b080ab1493cfc8483791bd79e5f00,a0453d0ac6346ad9c74e1be3b6f695138a844a58f3a7a77dbae00882f535162f,project_train,train/bonafide/iphone15pro/french-NF-1020.jpg,76.0,12ca208d52c7dcb6854386c0c2aaafad8916509c47fd8d48e6a9bde977b71bf9,matched_project,0.0239105224609375,0.078125,0.0542144775390625,0.0279541015625,0.0282745361328125,0.0003204345703125
test/attack/digital_3/iphone15pro/french-NF-1047.jpg,data/processed/policy_c_official_test/test/attack/digital_3/iphone15pro/french-NF-1047.jpg,french-NF-1047,attack,digital_3,iphone15pro,1,83,6192107f7523b9074a94d1782f4f886022c577d4e9f43b23f92dedae1039b630,d74dbe82cd9f5097c05b1f976e6dd8474bf2a0e38a937d1c049893174a77fd0e,dev_val,train/bonafide/iphone15pro/french-NF-1047.jpg,83.0,03c656fa027f881e85e9deeabf9dbaec4f82ee4a84a91080c0bf7c7be38c7f6f,matched_project,0.10882568359375,0.390625,0.28179931640625,0.0260009765625,0.038818359375,0.0128173828125
test/attack/digital_3/iphone15pro/french-NF-1056.jpg,data/processed/policy_c_official_test/test/attack/digital_3/iphone15pro/french-NF-1056.jpg,french-NF-1056,attack,digital_3,iphone15pro,1,53,9754ddef51be694ce35653176932a889324c388f4adfe67f8ce85ef91cb189db,1387b379c90fa45b45ecd96a599374fea2e0d9949c82b527e7e9ddfb9f83a00a,project_train,train/bonafide/iphone15pro/french-NF-1056.jpg,53.0,1a20c8616842a8b0d7011fcbb4039d52fb814b0bea9f7e23f8a45b1334cb8636,matched_project,0.0269927978515625,0.1749267578125,0.1479339599609375,0.0240936279296875,0.04486083984375,0.0207672119140625
test/attack/digital_3/iphone15pro/french-NF-1063.jpg,data/processed/policy_c_official_test/test/attack/digital_3/iphone15pro/french-NF-1063.jpg,french-NF-1063,attack,digital_3,iphone15pro,1,81,154ad4c086c5a95af3578cc866363206c373bdec18689329b0e21f4d93ff00e7,98e928ac92d6688ac5bfead21549e5d724f62b08166919ea07996a32ff258ae4,project_train,train/bonafide/iphone15pro/french-NF-1063.jpg,81.0,bd1f17400f8a02d36a7bc22e261b1dd760722e349ea8fbe8076cc507ac3064d6,matched_project,0.0071220397949218,0.042724609375,0.0356025695800782,0.0248870849609375,0.0248870849609375,0.0
test/attack/digital_3/iphone15pro/french-NF-1082.jpg,data/processed/policy_c_official_test/test/attack/digital_3/iphone15pro/french-NF-1082.jpg,french-NF-1082,attack,digital_3,iphone15pro,1,58,712a38c0caa57d6f56b3429c7de1693c5c81eb7696b2316b6c2bcfb1b33806be,c0d8458a6942e723f23101c94705ee0455f8ba1e2dacf8ee2f876e5b0bd5a0a6,dev_val,train/bonafide/iphone15pro/french-NF-1082.jpg,58.0,02f6be9ccef1ab75bab2d351fbc1323f96ee4ff6b5e30f78095659d4eff1d0b3,matched_project,0.032958984375,0.173095703125,0.14013671875,0.036895751953125,0.0380859375,0.001190185546875
test/attack/digital_3/iphone15pro/french-NF-1095.jpg,data/processed/policy_c_official_test/test/attack/digital_3/iphone15pro/french-NF-1095.jpg,french-NF-1095,attack,digital_3,iphone15pro,1,64,ae61260de58d327a000513cb957dd826221c6402f9cfb32fcdffbd8dd438c81a,d6d26df244ff1f8c355baa8c6e56c7c4d9540400ca0144eed5302dd4ac5edba9,project_train,train/bonafide/iphone15pro/french-NF-1095.jpg,64.0,56227e66abe0d11c952d8a99d256d1638732aea88969b8d8b7e132019908905d,matched_project,0.0077857971191406,0.015899658203125,0.0081138610839844,0.025390625,0.1094970703125,0.0841064453125
test/attack/digital_3/iphone15pro/french-NF-1110.jpg,data/processed/policy_c_official_test/test/attack/digital_3/iphone15pro/french-NF-1110.jpg,french-NF-1110,attack,digital_3,iphone15pro,1,63,dc7bfe29c63f717f142f9c2a9a374d96d6c4113450efed0669bd59c6baccc72a,ec2b9c6d2aa829ceb49a750169fe07dc0b832d51d3ac7a5ed9b5f37aa4e6ed28,project_train,train/bonafide/iphone15pro/french-NF-1110.jpg,63.0,32504bb03536a876f48e29f0c5ad14e068c8bcc2d22763c32caaed4d6430cd62,matched_project,0.0049057006835937,0.0234832763671875,0.0185775756835938,0.0226898193359375,0.0225830078125,-0.0001068115234375
test/attack/digital_3/iphone15pro/french-NM-1070.jpg,data/processed/policy_c_official_test/test/attack/digital_3/iphone15pro/french-NM-1070.jpg,french-NM-1070,attack,digital_3,iphone15pro,1,77,c93e8724b3d94a6275c631d34913e2a6430deffe28dffa765907b80628b8888f,3824ef4429b9c6c5bd5b9eb6e2f694555d6ebc9246bb92384b42a147762df3f9,project_train,train/bonafide/iphone15pro/french-NM-1070.jpg,77.0,f49db37a3571302eed3f43d2fc588f9295a0a4e41bbe0fbecd34c68d84a806e5,matched_project,0.02288818359375,0.05413818359375,0.03125,0.02423095703125,0.024169921875,-6.103515625e-05
test/attack/digital_3/iphone15pro/french-NM-1104.jpg,data/processed/policy_c_official_test/test/attack/digital_3/iphone15pro/french-NM-1104.jpg,french-NM-1104,attack,digital_3,iphone15pro,1,53,bdb5c454708b469036faf294fb66bc2d489601321fd8785ade592b0155eea16b,dd57a65d0d7dd7278291394a989b247086c9f87b20d245a8a6120995bc78afaa,project_train,train/bonafide/iphone15pro/french-NM-1104.jpg,53.0,5d21f14fd9866716ecb00eadeff37e1be0791c4de9339ce03fa25f92687789aa,matched_project,0.0065650939941406,0.00836181640625,0.0017967224121094002,0.0290679931640625,0.0313720703125,0.0023040771484375
test/attack/digital_3/iphone15pro/indian-012_03.jpg,data/processed/policy_c_official_test/test/attack/digital_3/iphone15pro/indian-012_03.jpg,indian-012_03,attack,digital_3,iphone15pro,1,87,b1f2e9eb6eb4c6a63aa43a8d7fc44ebf4de8e13baea77acba225c0e9d5599227,4ffbd5298169eb061d884ea43f2de5bb5f6602611b09a3f7bf6c5d47ab99a22b,project_train,train/bonafide/iphone15pro/indian-012_03.jpg,87.0,05a4e14e0e8ec317bc52e61291c613117b7942a2a47fb8fb9ad595da969e7f29,matched_project,0.0043296813964843,0.0057868957519531,0.0014572143554687994,0.023040771484375,0.0239105224609375,0.0008697509765625
test/attack/digital_3/iphone15pro/indian-014_03.jpg,data/processed/policy_c_official_test/test/attack/digital_3/iphone15pro/indian-014_03.jpg,indian-014_03,attack,digital_3,iphone15pro,1,53,8c09bdcba101e8adeaf115417dd84dbe0c63bfd312e91e655f01891afd4efa11,7273045760887ddfaf6317395596e3a223d37e85a0d18eb47b38ed1ee744c03a,dev_val,train/bonafide/iphone15pro/indian-014_03.jpg,53.0,ae8e7d81b749676c4c267034b83c7e31de62031cfe9275e79fa049a1cb9d2f7c,matched_project,0.0101699829101562,0.01458740234375,0.0044174194335938,0.024078369140625,0.024261474609375,0.00018310546875
test/attack/digital_3/iphone15pro/indian-021_03.jpg,data/processed/policy_c_official_test/test/attack/digital_3/iphone15pro/indian-021_03.jpg,indian-021_03,attack,digital_3,iphone15pro,1,64,e3e1561fb426094206703f45d8e131d7d0ffe6ce0bdcf25c69aaabb5344aadb2,6b9d0c8002745e2538a3c6c9295bb87d7eee39a3d71604408c9adde16582b95a,dev_val,train/bonafide/iphone15pro/indian-021_03.jpg,64.0,a87726dafc607cd01d8eaef443ee532524af0f772ccb3a4d183a62c06276c348,matched_project,0.0127487182617187,0.0106353759765625,-0.0021133422851561997,0.023193359375,0.0238189697265625,0.0006256103515625
test/attack/digital_3/iphone15pro/indian-037_03.jpg,data/processed/policy_c_official_test/test/attack/digital_3/iphone15pro/indian-037_03.jpg,indian-037_03,attack,digital_3,iphone15pro,1,71,a522d2bafbd297042a708da770ac6c5ec7719c1c9a3860b281b0e94afb584b70,949979d18344eb426027b71f10efd8e99751b2a213ed3d9f392b78e93c550587,project_train,train/bonafide/iphone15pro/indian-037_03.jpg,71.0,f782f5c798a0d06d66677e9c0a1190326d2c288f98b3c5a55a5200472a8163d6,matched_project,0.0089874267578125,0.008514404296875,-0.0004730224609375,0.0240020751953125,0.0250396728515625,0.00103759765625
test/attack/digital_3/iphone15pro/indian-038_03.jpg,data/processed/policy_c_official_test/test/attack/digital_3/iphone15pro/indian-038_03.jpg,indian-038_03,attack,digital_3,iphone15pro,1,90,e267498e9983ee2836410b692391ad358eadb39b561ad318e6ea957caa9732c4,65b16986f3a6ffa9d77ef4e120513d301a516270ffb145767f507a864493c5b1,project_train,train/bonafide/iphone15pro/indian-038_03.jpg,90.0,3c35a8c8a6114bf8d1f49d581c029b9a424d1e44a7dbbc328f1d9c0851534275,matched_project,0.0092849731445312,0.0109481811523437,0.0016632080078125,0.0252227783203125,0.0252532958984375,3.0517578125e-05
test/attack/digital_3/iphone15pro/indian-094_03.jpg,data/processed/policy_c_official_test/test/attack/digital_3/iphone15pro/indian-094_03.jpg,indian-094_03,attack,digital_3,iphone15pro,1,65,045539017719cfd5d20ee2e8ba966cca289ee8bacd46df2ae8ae514a1eed8ecb,e4ddb6c4bddabd43af178666cbd4bfbcf0351d4ad1d4026c5087bbff74e473cd,project_train,train/bonafide/iphone15pro/indian-094_03.jpg,65.0,da95699169a90c2c7acc907664e9f39f23cdc2d6378e1cc20d2bbc3bd8f738ad,matched_project,0.0073318481445312,0.0061454772949218,-0.0011863708496093993,0.024139404296875,0.0243988037109375,0.0002593994140625
test/attack/digital_3/iphone15pro/indian-108_03.jpg,data/processed/policy_c_official_test/test/attack/digital_3/iphone15pro/indian-108_03.jpg,indian-108_03,attack,digital_3,iphone15pro,1,69,912594edfcbac6e9c368b88f85648993dea894f9aa42352e43bee062217769c4,8876457eabeafd20b06485e535fee2e1fce989a103efc88df35bf73f32b56b49,project_train,train/bonafide/iphone15pro/indian-108_03.jpg,69.0,d09af04561661d4f7e3e718b567b9a90e84a83dac3c5e86a4caa388491d894c4,matched_project,0.0044670104980468,0.0121002197265625,0.0076332092285157,0.024749755859375,0.0247802734375,3.0517578125e-05
test/attack/digital_3/iphone15pro/indian-NF-1006.jpg,data/processed/policy_c_official_test/test/attack/digital_3/iphone15pro/indian-NF-1006.jpg,indian-NF-1006,attack,digital_3,iphone15pro,1,88,ee460ce9c51475a892cd6ddb789aa9ae3379b2403e27bf9f22eef87ef4f5e69b,9751cdea6c93a73edaf7e823b8aab740dfacca603f9657f6cd28175f00e28d95,project_train,train/bonafide/iphone15pro/indian-NF-1006.jpg,88.0,b119d523c88b0a3b54b6af6d86c242b7730f190d1f968de8dd30297da6d58980,matched_project,0.0112686157226562,0.006439208984375,-0.0048294067382812,0.0252532958984375,0.02532958984375,7.62939453125e-05
test/attack/digital_3/iphone15pro/indian-NF-1025.jpg,data/processed/policy_c_official_test/test/attack/digital_3/iphone15pro/indian-NF-1025.jpg,indian-NF-1025,attack,digital_3,iphone15pro,1,86,37a2a161635b8f8948e8c98a7afa8e9b7285bb3fa67b71993c680d3b6122562d,ead726ed8f6dfcae8ded2f27a9202e15a887324ffef6c65fa1383fb0f3ee3e50,project_train,train/bonafide/iphone15pro/indian-NF-1025.jpg,86.0,c0df9ceae4aa947c3d2b3d86553c44677d95c94def2dd4d176cf082d2dc708e5,matched_project,0.0079193115234375,0.0155105590820312,0.0075912475585937,0.02484130859375,0.02508544921875,0.000244140625
test/attack/digital_3/iphone15pro/indian-NF-1039.jpg,data/processed/policy_c_official_test/test/attack/digital_3/iphone15pro/indian-NF-1039.jpg,indian-NF-1039,attack,digital_3,iphone15pro,1,71,51897f72436ff966dbb82eaeb0bc789bba5a8e9ac3e1782284e44da47f1c7a05,de17f6bd549bf06b4f1eadbb0cba46445075bc689edd349de26d50ef50469a89,project_train,train/bonafide/iphone15pro/indian-NF-1039.jpg,71.0,605dbdb46307a08cf8c7ee8b02ebd4012dd6c42aac31df8e75f0d4c6f2c62e67,matched_project,0.0035934448242187,0.0053749084472656,0.0017814636230468997,0.0230865478515625,0.023345947265625,0.0002593994140625
test/attack/digital_3/iphone15pro/indian-NF-1061.jpg,data/processed/policy_c_official_test/test/attack/digital_3/iphone15pro/indian-NF-1061.jpg,indian-NF-1061,attack,digital_3,iphone15pro,1,50,d4b9fa9fa60d453d2d217479ac9068b66ae6140f381f216c93eac6f50bf2baf3,8ae7496727bba6eb9d3a2639001c6f090a2fb9cfd640ecf604e152658f4e2cd0,dev_val,train/bonafide/iphone15pro/indian-NF-1061.jpg,50.0,a70ac2f01376a31b4ceab03a46c2173b18a46392cee1707d33f2dd38a5d736e3,matched_project,0.103759765625,0.09930419921875,-0.00445556640625,0.0255126953125,0.02655029296875,0.00103759765625
test/attack/digital_3/iphone15pro/indian-NF-1075.jpg,data/processed/policy_c_official_test/test/attack/digital_3/iphone15pro/indian-NF-1075.jpg,indian-NF-1075,attack,digital_3,iphone15pro,1,71,9a281fea866330fcf701a88bb35f929136408356db9fe67f2b986322fe239c34,90f3f9d22d340e8d2a9cdd0ea2acfc0231f65ae1f032010132460759035d541c,project_train,train/bonafide/iphone15pro/indian-NF-1075.jpg,71.0,5232dcc38c5e56e2f30f8025bca0a66b87ab8f0c09ef7640f2c694f93a75f45d,matched_project,0.031707763671875,0.0276947021484375,-0.0040130615234375,0.0256805419921875,0.0254669189453125,-0.000213623046875
test/attack/digital_3/iphone15pro/indian-NF-1096.jpg,data/processed/policy_c_official_test/test/attack/digital_3/iphone15pro/indian-NF-1096.jpg,indian-NF-1096,attack,digital_3,iphone15pro,1,56,16e641a130dbc0b5f4a08f2206c78a9fa74d026f71c1196e41c64200ea1397b8,8e0b8bf2b5802b0e9a04875f7d5eaa409e3392d5a121b44cb935ba8dccdedeb5,project_train,train/bonafide/iphone15pro/indian-NF-1096.jpg,56.0,1365f78e0f7e9f2851cf41f21c9339880af873bf1c8e5a840bbfedc9e2263ef2,matched_project,0.0132980346679687,0.0153961181640625,0.0020980834960938003,0.0252227783203125,0.028839111328125,0.0036163330078125
test/attack/digital_3/iphone15pro/indian-NM-1058.jpg,data/processed/policy_c_official_test/test/attack/digital_3/iphone15pro/indian-NM-1058.jpg,indian-NM-1058,attack,digital_3,iphone15pro,1,52,eabfcca48b09543f77b978c9a2a7fdae594218e23e2b1d00b4f79279e7f60673,2012cfdd49869eaec665d301a5fab77a65b6fb054406d63f8ff77f591ba83be7,project_train,train/bonafide/iphone15pro/indian-NM-1058.jpg,52.0,76c69635afb1d1229afaf399705515708760ce098c9d8dfa76a88895629c142b,matched_project,0.0061111450195312,0.0127716064453125,0.0066604614257813,0.0236663818359375,0.0234375,-0.0002288818359375
test/attack/digital_3/iphone15pro/persian-010_03.jpg,data/processed/policy_c_official_test/test/attack/digital_3/iphone15pro/persian-010_03.jpg,persian-010_03,attack,digital_3,iphone15pro,1,71,b20d8d7c8ae68aec5603ad87f9f7226ec1b7c0ba3fcd237f578d178f0bcafe38,5251ed50a3558c0cd5199020ce2926ea21102602aa250690935a295679b44ffb,project_train,train/bonafide/iphone15pro/persian-010_03.jpg,71.0,87073fd7cb77dc987745da64706c82367e90104962cd6d44093bfa2952370267,matched_project,0.0028114318847656,0.0031356811523437,0.0003242492675781003,0.0282135009765625,0.034637451171875,0.0064239501953125
test/attack/digital_3/iphone15pro/persian-045_03.jpg,data/processed/policy_c_official_test/test/attack/digital_3/iphone15pro/persian-045_03.jpg,persian-045_03,attack,digital_3,iphone15pro,1,54,a07cb0cb6f6b89883a4d6b70dc3691f5322fabf1aa4e89da2865999b713dd077,89849a831a9014a04e95c5feb34e6e89348f7cb7f858f89d7c8a28374f47a667,project_train,train/bonafide/iphone15pro/persian-045_03.jpg,54.0,ade88bafef82fb9aed6e7087ce0e178e41c098ebf61d55526f1f877910130ef6,matched_project,0.0058784484863281,0.0102310180664062,0.0043525695800781,0.027618408203125,0.02886962890625,0.001251220703125
test/attack/digital_3/iphone15pro/persian-069_03.jpg,data/processed/policy_c_official_test/test/attack/digital_3/iphone15pro/persian-069_03.jpg,persian-069_03,attack,digital_3,iphone15pro,1,69,d175861cdcb79f1de3779686eb15993e3d6db7fcccd333b1fac5f60aa7eaa0e7,4ddd79177f47000e95b6d6a462633a4d5630b6c25963e0da3935dff8367ed7a9,project_train,train/bonafide/iphone15pro/persian-069_03.jpg,69.0,68da70750d81db21eb6fad9fe2063bfbbd4fd08df72d02d1fcca8a5affabbdce,matched_project,0.0079345703125,0.012969970703125,0.005035400390625,0.02703857421875,0.0270843505859375,4.57763671875e-05
test/attack/digital_3/iphone15pro/persian-087_03.jpg,data/processed/policy_c_official_test/test/attack/digital_3/iphone15pro/persian-087_03.jpg,persian-087_03,attack,digital_3,iphone15pro,1,86,1a1f376c55da8393b6f0e295688903e4ea88fd12989647aad44c0eb9b415599a,804c8e9f319b6121a460c6931f3c4769b71e30a764e499536fe00365cb37e1ad,project_train,train/bonafide/iphone15pro/persian-087_03.jpg,86.0,961c71609e4eae21662739e752b76540c87963dcf22a66659a0230706a4d5c1d,matched_project,0.0033702850341796,0.013427734375,0.0100574493408204,0.033233642578125,0.0340576171875,0.000823974609375
test/attack/digital_3/iphone15pro/persian-122_03.jpg,data/processed/policy_c_official_test/test/attack/digital_3/iphone15pro/persian-122_03.jpg,persian-122_03,attack,digital_3,iphone15pro,1,79,ddb1511abc9da51787fe079bce1cbdd4c8f4d3e6d61a5dfa5d7432fe33e36bfb,957c786ce06797650d04bf8cceb19073719a1fb4cd69e104a2052fff43aba083,project_train,train/bonafide/iphone15pro/persian-122_03.jpg,79.0,49703ab928b0df51043ba31d9407c89a0171489789e0a1c11311554c41ce0b82,matched_project,0.0052604675292968,0.0100555419921875,0.0047950744628907,0.0289764404296875,0.0287933349609375,-0.00018310546875
test/attack/digital_3/iphone15pro/persian-144_03.jpg,data/processed/policy_c_official_test/test/attack/digital_3/iphone15pro/persian-144_03.jpg,persian-144_03,attack,digital_3,iphone15pro,1,88,c5dd8407b95c9ab2b678a7ff80da53cc60a559d641cdcc677d3052f2e14781d2,ead0bc4673efe579354dd5ca1adfa406c004c9977848ea1f8beb1afcabd12b05,dev_val,train/bonafide/iphone15pro/persian-144_03.jpg,88.0,e5cb07ef82af45c8ee919078d6cd8bada8ffdbc0e3241b0eb5246436336e3813,matched_project,0.0067062377929687,0.0118484497070312,0.0051422119140625,0.029815673828125,0.0692138671875,0.039398193359375
test/attack/digital_3/iphone15pro/persian-NF-1001.jpg,data/processed/policy_c_official_test/test/attack/digital_3/iphone15pro/persian-NF-1001.jpg,persian-NF-1001,attack,digital_3,iphone15pro,1,85,47e852e5dd39ac7fcaf8f37de96c0203d729fd8301a2fc544555a7617a3f2fa9,5ab107b8d3fcc935dad32bc909a441f2e899c4b06865c6d402b35c5c86adbc98,project_train,train/bonafide/iphone15pro/persian-NF-1001.jpg,85.0,8ad9ffa8bdc5027170f686ebb3c15f08a50ff02bb2a812253697e93cd1752e2b,matched_project,0.0152206420898437,0.0106353759765625,-0.0045852661132812,0.0286865234375,0.028167724609375,-0.000518798828125
test/attack/digital_3/iphone15pro/persian-NF-1018.jpg,data/processed/policy_c_official_test/test/attack/digital_3/iphone15pro/persian-NF-1018.jpg,persian-NF-1018,attack,digital_3,iphone15pro,1,50,6a8d9c28fa61565ae7f17c04453b7f0a2ff1f60f69a4e8fa2f1e21bb128b4a51,4caf6bf26db2921500c1ae41b249458549930e9f5af52da586c22b0e6cf3663d,dev_val,train/bonafide/iphone15pro/persian-NF-1018.jpg,50.0,70724188fcf200c4b7aefefbebe78a0ef57fd27543d9964df21bef38dbb5ea10,matched_project,0.0070114135742187,0.0111770629882812,0.0041656494140625,0.030364990234375,0.030670166015625,0.00030517578125
test/attack/digital_3/iphone15pro/persian-NF-1031.jpg,data/processed/policy_c_official_test/test/attack/digital_3/iphone15pro/persian-NF-1031.jpg,persian-NF-1031,attack,digital_3,iphone15pro,1,65,64b767de56aea4a27365e54c5d22221408e0e84131cf73e25ebd64349bbcf9f8,536b4a76016c2bdfd0fc427165af875ef7e7cd9d43a355610025f4446637871d,project_train,train/bonafide/iphone15pro/persian-NF-1031.jpg,65.0,0e177132ad77aef61fdbc7deff77df9ac93ca5bc4cd09636457d4b712eb2bfc9,matched_project,0.0051002502441406,0.01666259765625,0.0115623474121094,0.0305023193359375,0.0301513671875,-0.0003509521484375
test/attack/digital_3/iphone15pro/persian-NF-1034.jpg,data/processed/policy_c_official_test/test/attack/digital_3/iphone15pro/persian-NF-1034.jpg,persian-NF-1034,attack,digital_3,iphone15pro,1,67,4415b1409caad44d384b7471fab13ee15e4c973dabe67c977fb1af74083a0134,f522772f5c7d27d15ab992ad5ab2d6403fbc729e232b7d3b0b32a0b38ff07374,project_train,train/bonafide/iphone15pro/persian-NF-1034.jpg,67.0,311614d32286313a45aeaf1161e7eec82bc618f8cc923583c99708b9b7466292,matched_project,0.0075607299804687,0.0129928588867187,0.00543212890625,0.0300445556640625,0.0308837890625,0.0008392333984375
test/attack/digital_3/iphone15pro/persian-NF-1043.jpg,data/processed/policy_c_official_test/test/attack/digital_3/iphone15pro/persian-NF-1043.jpg,persian-NF-1043,attack,digital_3,iphone15pro,1,78,569570fbf884803f78486a39f28cd05cc0f135b1fa6f49e741c2676d0475a81a,e0804c2e514d16841feab2c683f2235fb3015bf65552f5e5f5f446bc8c34938e,project_train,train/bonafide/iphone15pro/persian-NF-1043.jpg,78.0,a21f047f92d9fd5db507fc34dd6d86dcc383a2c0421640dd0550673a4b647300,matched_project,0.0031242370605468,0.0113067626953125,0.0081825256347657,0.0296783447265625,0.0295867919921875,-9.1552734375e-05
test/attack/digital_3/iphone15pro/persian-NF-1079.jpg,data/processed/policy_c_official_test/test/attack/digital_3/iphone15pro/persian-NF-1079.jpg,persian-NF-1079,attack,digital_3,iphone15pro,1,68,61fddefe77668156e9acb2a8c203862344fd5627e57678edb74ec4035ccf7555,0ecae080aa121af32e05ff85d65ac88d607979c032a2b4b910d3abb31ab03e04,project_train,train/bonafide/iphone15pro/persian-NF-1079.jpg,68.0,ea9a4d80eeb7b409fe8d31c331e87d73da572846f82329474a56e4eeb7213a0b,matched_project,0.0080032348632812,0.05364990234375,0.0456466674804688,0.0305633544921875,0.07177734375,0.0412139892578125
test/attack/digital_3/iphone15pro/persian-NF-1097.jpg,data/processed/policy_c_official_test/test/attack/digital_3/iphone15pro/persian-NF-1097.jpg,persian-NF-1097,attack,digital_3,iphone15pro,1,88,d00ceccc313235a01cef70b137f5a079964834df5706422eef6380c1bfe3b032,780303766f4af6c0dfd54262c42246abf461aec1d50a4e65761f6697f91b3431,dev_val,train/bonafide/iphone15pro/persian-NF-1097.jpg,88.0,a785425a8bfd092e9553b24aaf1151ccd3994d4ea85e4d6f458a0b39440b91db,matched_project,0.0086746215820312,0.0140380859375,0.0053634643554688,0.0301055908203125,0.0310821533203125,0.0009765625
test/attack/digital_3/iphone15pro/persian-NF-1108.jpg,data/processed/policy_c_official_test/test/attack/digital_3/iphone15pro/persian-NF-1108.jpg,persian-NF-1108,attack,digital_3,iphone15pro,1,70,70e43496a40b185e2adb488fa267e3346a5dde7fca16024dfc556633c2fcae7b,288c4b2ed89e0013aff150f6bede85c8ce1f79d1f90f3942cbe3c1ccb896997d,project_train,train/bonafide/iphone15pro/persian-NF-1108.jpg,70.0,30bd636602dbdb50f9af5b277655cb65d554308a6e69bb52d62bd942f4b9fcb2,matched_project,0.030731201171875,0.10546875,0.074737548828125,0.03076171875,0.031402587890625,0.000640869140625
test/attack/digital_3/iphone15pro/persian-NM-1010.jpg,data/processed/policy_c_official_test/test/attack/digital_3/iphone15pro/persian-NM-1010.jpg,persian-NM-1010,attack,digital_3,iphone15pro,1,88,dd337c646796f435633cac54c22499912897846b95c0c2a8c09313e105ee0df9,10e2912fd7e6ec242d089cc10563a016707cc3fe353d9918a02fcb6bc9535689,project_train,train/bonafide/iphone15pro/persian-NM-1010.jpg,88.0,6c20d7e4ba5cac5f7a4549fb4f4c2c475374cc133522078c265417ab5451e45d,matched_project,0.0045547485351562,0.0119857788085937,0.0074310302734375,0.0305023193359375,0.09503173828125,0.0645294189453125
test/attack/digital_3/iphone15pro/persian-NM-1035.jpg,data/processed/policy_c_official_test/test/attack/digital_3/iphone15pro/persian-NM-1035.jpg,persian-NM-1035,attack,digital_3,iphone15pro,1,53,238bd8e7680755078fc2d5f0a2b46f1271be28098983046b9d6fda6262fa4f4c,44739e9e5426da8fadc06dd115fdb8e6872e3d8370e77336b3e72d7a4266a294,dev_val,train/bonafide/iphone15pro/persian-NM-1035.jpg,53.0,5a9861e7e79afb9e1fbaddd502318c05c98667a653fcec053bbdcfc3549d0bc3,matched_project,0.0087966918945312,0.0311126708984375,0.0223159790039063,0.0304718017578125,0.031585693359375,0.0011138916015625
test/attack/digital_3/iphone15pro/persian-NM-1074.jpg,data/processed/policy_c_official_test/test/attack/digital_3/iphone15pro/persian-NM-1074.jpg,persian-NM-1074,attack,digital_3,iphone15pro,1,83,28811eb8bf2d4d6782ee85b3026aef4e06aea6b626bb558d34df7e9a9f71dbf8,338d760edecf438676497e0d3b90ef3fe23b35462227230a1146035237289c4f,project_train,train/bonafide/iphone15pro/persian-NM-1074.jpg,83.0,d5b8571418d281250c1785bb262659ed91c5470b738049780a2a04787e84c0c4,matched_project,0.0033187866210937,0.004913330078125,0.0015945434570312999,0.0279083251953125,0.0286865234375,0.0007781982421875
test/attack/digital_3/iphone15pro/portugal-004_03.jpg,data/processed/policy_c_official_test/test/attack/digital_3/iphone15pro/portugal-004_03.jpg,portugal-004_03,attack,digital_3,iphone15pro,1,77,771fba89f4f4f05a3f44ea0fb4829ca07d861d45c3f068f9f1e4ea8a9e037270,38f9dd5835b7583c4aa4a5f8a7a8759794003fb589f4ab1e8b272f6f4d1f7c30,project_train,train/bonafide/iphone15pro/portugal-004_03.jpg,77.0,a7611989181a81b139327f3eb5c4e1a7479f4a4a5d9055f8523ce03662738539,matched_project,0.0042877197265625,0.0106735229492187,0.0063858032226562,0.0248260498046875,0.0267333984375,0.0019073486328125
test/attack/digital_3/iphone15pro/portugal-013_03.jpg,data/processed/policy_c_official_test/test/attack/digital_3/iphone15pro/portugal-013_03.jpg,portugal-013_03,attack,digital_3,iphone15pro,1,58,4b587a36cb0f76586c9455d63520ef9d2328aa867080b4acb157f108b11cb828,49d0fcb85981a73e8d5a4b831d1b916743b663b8a6d3f9d2161a9e36cc82e280,dev_val,train/bonafide/iphone15pro/portugal-013_03.jpg,58.0,930e20635aa73332f5058883b08437147693c32824211c8bae218646d4da4784,matched_project,0.10418701171875,0.0477294921875,-0.05645751953125,0.0236968994140625,0.0243988037109375,0.000701904296875
test/attack/digital_3/iphone15pro/portugal-017_03.jpg,data/processed/policy_c_official_test/test/attack/digital_3/iphone15pro/portugal-017_03.jpg,portugal-017_03,attack,digital_3,iphone15pro,1,86,3731158869a760a8bec284ebe90f2cb0e77dcabb6d9aa585726ff841f40daf3e,4740a132ad74bafb6355b9b0670faad1a02f90504e0f933ef75f3a7be41dce31,dev_val,train/bonafide/iphone15pro/portugal-017_03.jpg,86.0,88def20d78c6314effe51ad5dd66ca08b52317f099ecdc143f10560ce02579d0,matched_project,0.022216796875,0.110107421875,0.087890625,0.024566650390625,0.0256195068359375,0.0010528564453125
test/attack/digital_3/iphone15pro/portugal-026_03.jpg,data/processed/policy_c_official_test/test/attack/digital_3/iphone15pro/portugal-026_03.jpg,portugal-026_03,attack,digital_3,iphone15pro,1,64,7f49a2ca370c43b9f86f2e9694f048d887342f8c332dfac950aed26fa9cb03b7,d2e70bebf3c906af9c41e3aa5468d217288a89c2ff9053e818ed9ba829bb2b4c,project_train,train/bonafide/iphone15pro/portugal-026_03.jpg,64.0,798f80f5a00653ab770e9f09c95a6c625c0954170bb4da9b9533898d14da3d72,matched_project,0.0003447532653808,0.0007991790771484,0.00045442581176759997,0.0247344970703125,0.02685546875,0.0021209716796875
test/attack/digital_3/iphone15pro/portugal-029_03.jpg,data/processed/policy_c_official_test/test/attack/digital_3/iphone15pro/portugal-029_03.jpg,portugal-029_03,attack,digital_3,iphone15pro,1,78,cfb6ff678bdfbf8cfaad3cd002240eee42b9d1ba4faefb43fd1d6eaad5bd6c2b,947c72cb2b3bc3245966cd73119e131e7da9b46cbe4759fc20223f0c273af6dc,dev_val,train/bonafide/iphone15pro/portugal-029_03.jpg,78.0,3fcaaab4e4b0a4fdb4a52853e98c611ba7012b6d944903565c5cab8bf9e9e96d,matched_project,0.0101318359375,0.02069091796875,0.01055908203125,0.022796630859375,0.023895263671875,0.0010986328125
test/attack/digital_3/iphone15pro/portugal-042_03.jpg,data/processed/policy_c_official_test/test/attack/digital_3/iphone15pro/portugal-042_03.jpg,portugal-042_03,attack,digital_3,iphone15pro,1,77,3f630bd35498cb266254eef7dacde658fd74b0245b1c5c8c52f5763aa5be2382,6f03aa5ef2ab5048994794086c756fbcfb1c5713777c953110549ddc9d3d20db,project_train,train/bonafide/iphone15pro/portugal-042_03.jpg,77.0,8dea96acc91d393770d3eeffbedfe9c47750c68a03830dee7fb66aaa9e4d2f59,matched_project,0.0013484954833984,0.0026626586914062,0.0013141632080078001,0.023895263671875,0.0238189697265625,-7.62939453125e-05
test/attack/digital_3/iphone15pro/portugal-061_03.jpg,data/processed/policy_c_official_test/test/attack/digital_3/iphone15pro/portugal-061_03.jpg,portugal-061_03,attack,digital_3,iphone15pro,1,63,ca35bfda67fde8f2a312735bfef3a6bea6ecfeb47391087f3b0ecc9eaf1f9e5a,fad95a2c032156306563420d94225597eb2972402e60106dcda1546a52e58663,project_train,train/bonafide/iphone15pro/portugal-061_03.jpg,63.0,3996e7bf1a9c93d7cf5278653bd46c3c5c5c91d9bf2829362c6c5aa532e45b22,matched_project,0.0377197265625,0.0684814453125,0.03076171875,0.024139404296875,0.054351806640625,0.03021240234375
test/attack/digital_3/iphone15pro/portugal-066_03.jpg,data/processed/policy_c_official_test/test/attack/digital_3/iphone15pro/portugal-066_03.jpg,portugal-066_03,attack,digital_3,iphone15pro,1,83,d6c7b9fc54a7f15d6be03ea6f09099557b256c8ee20856873b6bde6539679656,663b4c1bf63101f1f3e93b6dbd4562432c52e3838f56880fd5e89b3a55afbd72,project_train,train/bonafide/iphone15pro/portugal-066_03.jpg,83.0,6b8dbdb42c260c68bb1e9daee9789025d7b9484e7ef8874b39b7c8a68b489fb4,matched_project,0.0005860328674316,0.0021572113037109,0.0015711784362793003,0.023651123046875,0.03778076171875,0.014129638671875
test/attack/digital_3/iphone15pro/portugal-070_03.jpg,data/processed/policy_c_official_test/test/attack/digital_3/iphone15pro/portugal-070_03.jpg,portugal-070_03,attack,digital_3,iphone15pro,1,51,dfbb077371c3deed1d0f0e2bbc2ea3e8f825c8ba9d85c441355cf7cd8fedf6ee,d3713878739a5c20f6030b68d5a031dc819b33281b7198d4cea2b5dd18f7da43,project_train,train/bonafide/iphone15pro/portugal-070_03.jpg,51.0,54ad030fe256b2ba8e34b143965473aa8d64e041cb1b16c9b8c02f87108b3b2a,matched_project,0.0035457611083984,0.0027732849121093,-0.0007724761962891002,0.023345947265625,0.023712158203125,0.0003662109375
test/attack/digital_3/iphone15pro/portugal-105_03.jpg,data/processed/policy_c_official_test/test/attack/digital_3/iphone15pro/portugal-105_03.jpg,portugal-105_03,attack,digital_3,iphone15pro,1,89,b2aa6b8ff3f799260717de22eb092c02bee97bfec6413270442bb06f11ef3df0,3723c5aca0a6494653a4abb4a4ac0348a52bf8e861c116935a25d82016a56e3c,project_train,train/bonafide/iphone15pro/portugal-105_03.jpg,89.0,c8f4d1a9b0462cf620768164062c30aaaa3a5e993341872797fc67da0f41b84f,matched_project,0.0028228759765625,0.0122909545898437,0.0094680786132812,0.0234375,0.0238037109375,0.0003662109375
test/attack/digital_3/iphone15pro/portugal-119_03.jpg,data/processed/policy_c_official_test/test/attack/digital_3/iphone15pro/portugal-119_03.jpg,portugal-119_03,attack,digital_3,iphone15pro,1,81,611775e032a93e5acd7aed8649a420d93c3e965a4b9d0455cd95c4d000629dc7,983310dd3eb7f3a564b7a065298e609268002d679aafeda062d9702737cb6d17,dev_val,train/bonafide/iphone15pro/portugal-119_03.jpg,81.0,e3a41aaddcf6d3b2f0b31db1fc56a28ee805be5967854f218bf0c40d68df6585,matched_project,0.07855224609375,0.32275390625,0.24420166015625,0.0253448486328125,0.0258331298828125,0.00048828125
test/attack/digital_3/iphone15pro/portugal-125_03.jpg,data/processed/policy_c_official_test/test/attack/digital_3/iphone15pro/portugal-125_03.jpg,portugal-125_03,attack,digital_3,iphone15pro,1,67,539bbf086422a8b2f197d31df756ab2ff462b5acb6d2c585d1a280c13ffe4f78,98e11bb71809fdcd2d84b683275c9330bd19f70a127909e1153f42612d1b7b2c,project_train,train/bonafide/iphone15pro/portugal-125_03.jpg,67.0,99fba3e00d2635bce3977202dcae64db2c0ddb83f1fa84e2133b4a089d284ba6,matched_project,0.0017375946044921,0.0038928985595703,0.0021553039550782,0.024658203125,0.025787353515625,0.001129150390625
test/attack/digital_3/iphone15pro/portugal-143_03.jpg,data/processed/policy_c_official_test/test/attack/digital_3/iphone15pro/portugal-143_03.jpg,portugal-143_03,attack,digital_3,iphone15pro,1,81,8d38993e28533dbf607ff3e8aa09e1c3cc36764fe57b2481362e226e5f578aa0,63a09c93fe3ceb172f21bf252890209c6df4ae6f0098508f6ce880b3ad61e940,project_train,train/bonafide/iphone15pro/portugal-143_03.jpg,81.0,319b1402ae2f30763807a2387afe5e5e158e886efd34f1451733316d8d032e78,matched_project,0.0037002563476562,0.0047187805175781,0.0010185241699218997,0.0245361328125,0.029144287109375,0.004608154296875
test/attack/digital_3/iphone15pro/portugal-172_03.jpg,data/processed/policy_c_official_test/test/attack/digital_3/iphone15pro/portugal-172_03.jpg,portugal-172_03,attack,digital_3,iphone15pro,1,52,0bf391177a4f12dc0818195dcd3ced3512e8229fe82b610171b9ba425e25d098,573725f4420f8d91d767a6423581d8dc11b8c38d85f63b5f00ab3cc62a4c523e,project_train,train/bonafide/iphone15pro/portugal-172_03.jpg,52.0,ece4e31e0767f9a8197ce216ead88988000604cba0bfd30ad34a9b000edf7bd0,matched_project,0.0012664794921875,0.0016136169433593,0.0003471374511718,0.0236663818359375,0.09039306640625,0.0667266845703125
test/attack/digital_3/iphone15pro/portugal-NF-1016.jpg,data/processed/policy_c_official_test/test/attack/digital_3/iphone15pro/portugal-NF-1016.jpg,portugal-NF-1016,attack,digital_3,iphone15pro,1,65,a11aa0bdc94b4825a83162b292ea073d80b1e92adf0473fd571817c13bcad2d8,067dd613188d1239a5cfe18ac69495a44862c031ca9ede5ae8b38ecc34a40cf3,project_train,train/bonafide/iphone15pro/portugal-NF-1016.jpg,65.0,faecb914dffc6e88e69c6d4f80585632e60dbc0dd3c01cf5d228a6d9543d0c1e,matched_project,0.0015459060668945,0.0029067993164062,0.0013608932495117,0.0227813720703125,0.023193359375,0.0004119873046875
test/attack/digital_3/iphone15pro/portugal-NF-1022.jpg,data/processed/policy_c_official_test/test/attack/digital_3/iphone15pro/portugal-NF-1022.jpg,portugal-NF-1022,attack,digital_3,iphone15pro,1,82,5f3b60aef6bd6b5f2ebfa654fe310a657feffbeaf81d1d56dea90f3c1d0441fd,4913b9d5639258604184ef21b1a1ff4ebb4f8dcb8762ac44c80642e35f1abbdd,project_train,train/bonafide/iphone15pro/portugal-NF-1022.jpg,82.0,658a76256bf7e3eddfe95e2c509a146137d8db164977145f61403f5506b51c4a,matched_project,0.0008559226989746,0.0013484954833984,0.0004925727844237999,0.0230865478515625,0.0233306884765625,0.000244140625
test/attack/digital_3/iphone15pro/portugal-NF-1024.jpg,data/processed/policy_c_official_test/test/attack/digital_3/iphone15pro/portugal-NF-1024.jpg,portugal-NF-1024,attack,digital_3,iphone15pro,1,57,8fa845bed1b17dcd5af63ec97f0d06c1f31f01d97b67347c0359398d4dae0d8f,22907f0be4b2bb6c368d09b3af1fcb0ebb26c67e1d7a57f0dbbfe6a7813f7c6b,project_train,train/bonafide/iphone15pro/portugal-NF-1024.jpg,57.0,4b8eb95f2457311ed7d1eb97dec722a61287f52b17ef7d0e230d1c60958d1956,matched_project,0.0006613731384277,0.0014266967773437,0.0007653236389159999,0.024169921875,0.0285491943359375,0.0043792724609375
test/attack/digital_3/iphone15pro/portugal-NF-1026.jpg,data/processed/policy_c_official_test/test/attack/digital_3/iphone15pro/portugal-NF-1026.jpg,portugal-NF-1026,attack,digital_3,iphone15pro,1,81,eedabcb1dd2905a3921cfd79e5e845bcf910e19fb1522eacd35bb132db49e96a,c4c8f7dce8ce4aa6e4c3257497272bf3d249ac396e9bb09b8ef8dff02979201d,project_train,train/bonafide/iphone15pro/portugal-NF-1026.jpg,81.0,71efefba6a58f18c2db51d71ff50372fca788920d564bb46c8f4287b97148982,matched_project,0.0015792846679687,0.0011358261108398,-0.00044345855712889996,0.026031494140625,0.0260772705078125,4.57763671875e-05
test/attack/digital_3/iphone15pro/portugal-NF-1041.jpg,data/processed/policy_c_official_test/test/attack/digital_3/iphone15pro/portugal-NF-1041.jpg,portugal-NF-1041,attack,digital_3,iphone15pro,1,53,7998db285367c02aeefd3095c0f1309c00be482f3734936fdf0c3204d3bafcdc,ac3d5c01fecfc031a5600587718b248e4972eeda153cf5fde31da5291dcd85ca,project_train,train/bonafide/iphone15pro/portugal-NF-1041.jpg,53.0,7daf7bb258f25175c04ad609328bcd173f808f62bdc42b1a002e03fa97095c5f,matched_project,0.002511978149414,0.0020313262939453,-0.0004806518554687001,0.0254974365234375,0.0254974365234375,0.0
test/attack/digital_3/iphone15pro/portugal-NF-1060.jpg,data/processed/policy_c_official_test/test/attack/digital_3/iphone15pro/portugal-NF-1060.jpg,portugal-NF-1060,attack,digital_3,iphone15pro,1,84,bc0e3febfdad76ec04a15a6fdf331ae6998a945b33aa799a67822841d31f96f2,4eb8c61efbd07e59b528a67ceb2b2cda00aadabd0bc70990d9aef9d511ea60d5,dev_val,train/bonafide/iphone15pro/portugal-NF-1060.jpg,84.0,e655a970f7ee7a6f6ea11fd186749cd99dfa1c40d945d8b086fb852282d16300,matched_project,0.0013227462768554,0.0017175674438476,0.0003948211669922001,0.023712158203125,0.024261474609375,0.00054931640625
test/attack/digital_3/iphone15pro/portugal-NF-1066.jpg,data/processed/policy_c_official_test/test/attack/digital_3/iphone15pro/portugal-NF-1066.jpg,portugal-NF-1066,attack,digital_3,iphone15pro,1,90,e4ab395748a7b84256a86022defdec8379e481b29287c321cef419236946b70a,d8ce4fafae7351590c9c03db084f791cbfa888968529a5a5a6bf07d1dbf41074,dev_val,train/bonafide/iphone15pro/portugal-NF-1066.jpg,90.0,24b4fe6fce9daa3b78de83c41ba87d23c2a0d59f6967898e5b87b2933dbcaf26,matched_project,0.001129150390625,0.0017576217651367,0.0006284713745117001,0.0224609375,0.08892822265625,0.06646728515625
test/attack/digital_3/iphone15pro/portugal-NF-1083.jpg,data/processed/policy_c_official_test/test/attack/digital_3/iphone15pro/portugal-NF-1083.jpg,portugal-NF-1083,attack,digital_3,iphone15pro,1,82,4a0da2044097d8692a3b890cb712eb807a96252a73817664a2698b79f016e49f,457e5270c4e255c8a0ead7067d89b7bc15652bf326131918a549e661f7fdf47a,project_train,train/bonafide/iphone15pro/portugal-NF-1083.jpg,82.0,1cc0ccbd3d9e365d37890ac34bca6eb0ee66d8ad60cf60f27a113ff8d004b18d,matched_project,0.0019159317016601,0.0054588317871093,0.0035429000854492005,0.0258636474609375,0.035491943359375,0.0096282958984375
test/attack/digital_3/iphone15pro/portugal-NF-1086.jpg,data/processed/policy_c_official_test/test/attack/digital_3/iphone15pro/portugal-NF-1086.jpg,portugal-NF-1086,attack,digital_3,iphone15pro,1,73,909e2a055dd7749edf9f3eba743e47f8e449e5af3452dad6b69094fb4e959377,fa395ac50689c671c26800cf3c7b2be6553a93514cf61d7b3b394b507d6f248c,project_train,train/bonafide/iphone15pro/portugal-NF-1086.jpg,73.0,283f1ca851144ac13d2d2fda4a6366f5eea4156ad9de0408419bb71cdc7ce339,matched_project,0.0024490356445312,0.0024929046630859,4.386901855470008e-05,0.025299072265625,0.0247344970703125,-0.0005645751953125
test/attack/digital_3/iphone15pro/portugal-NF-1105.jpg,data/processed/policy_c_official_test/test/attack/digital_3/iphone15pro/portugal-NF-1105.jpg,portugal-NF-1105,attack,digital_3,iphone15pro,1,71,030a775dc51e725e9065d2df1563b2ec7f59ca8071af515f3100b023bdcb991c,8ffa00e1d03006dd913c209a8e7ed38cbd6fcf41a4a92b0998c032f4c044ee37,project_train,train/bonafide/iphone15pro/portugal-NF-1105.jpg,71.0,92a3b30ee5363e4cf9a14995c67379cda59ca2ad6228dc3015a52999a1b9e265,matched_project,0.0012397766113281,0.0027046203613281,0.0014648437499999998,0.0246734619140625,0.02520751953125,0.0005340576171875
test/attack/digital_3/iphone15pro/portugal-NF-1107.jpg,data/processed/policy_c_official_test/test/attack/digital_3/iphone15pro/portugal-NF-1107.jpg,portugal-NF-1107,attack,digital_3,iphone15pro,1,72,30ff8ac62a7a7ccd83a191e706f7e1016840eb4f13565a24dd23902c7e96d63a,410b273af798cec62f1b3bbc0a4ea593e5ce9a397b45dacef4e1409cacba488f,project_train,train/bonafide/iphone15pro/portugal-NF-1107.jpg,72.0,f56436cbf00684d61bf1b224be2d32d8d331856eaf8da91ac3691dae2d1fdef8,matched_project,0.0027904510498046,0.0037078857421875,0.0009174346923829001,0.0241241455078125,0.0246124267578125,0.00048828125
test/attack/digital_3/iphone15pro/portugal-NF-1109.jpg,data/processed/policy_c_official_test/test/attack/digital_3/iphone15pro/portugal-NF-1109.jpg,portugal-NF-1109,attack,digital_3,iphone15pro,1,56,841b73b2b4aa1db0eb504db8eb44940adcef1ff49fa7d8d5dc7103d6134d43f4,18557929517f6539f1e655982a0ffc9fb9b3e3162cb7bed28fd66c60223f4cee,dev_val,train/bonafide/iphone15pro/portugal-NF-1109.jpg,56.0,44005b4510d33c413c728c2a7d34c8c97ffc5d83f7ddc185957db3193db9938b,matched_project,0.0069313049316406,0.0040855407714843,-0.0028457641601562994,0.0221405029296875,0.023101806640625,0.0009613037109375
test/attack/digital_3/iphone15pro/portugal-NM-1091.jpg,data/processed/policy_c_official_test/test/attack/digital_3/iphone15pro/portugal-NM-1091.jpg,portugal-NM-1091,attack,digital_3,iphone15pro,1,72,8cb69ff1089be4594748430d11991f1b8da8eddadda89a2e65eceb0d7e8235db,b29c46e06b2e42523277af7d36f2de7ff917a6c9387f523d75ca5073671df01f,project_train,train/bonafide/iphone15pro/portugal-NM-1091.jpg,72.0,6b3d893d30c3c58f9e005996772092693ac0b10e375dc8a2678c719d3454169e,matched_project,0.0033760070800781,0.0076217651367187,0.0042457580566406,0.02801513671875,0.038299560546875,0.010284423828125
test/attack/digital_3/iphone15pro/portugal-NM-1102.jpg,data/processed/policy_c_official_test/test/attack/digital_3/iphone15pro/portugal-NM-1102.jpg,portugal-NM-1102,attack,digital_3,iphone15pro,1,55,ab64d5b1321dfbe7ad7b6fd6c3426e8b9ab82a6269461ef56e6da4c03ef511a4,99851f87a072e996f62eb2bb9e7e02c6d40ff5f94087ddb6ea4a72b37dba36ce,project_train,train/bonafide/iphone15pro/portugal-NM-1102.jpg,55.0,cb8c2b6455859a368dd4d9d6cf766007493dd90d09b2a433b8e0984ae4361e01,matched_project,0.002878189086914,0.004180908203125,0.001302719116211,0.0252227783203125,0.0266571044921875,0.001434326171875
test/attack/digital_3/iphone15pro/russian-002_03.jpg,data/processed/policy_c_official_test/test/attack/digital_3/iphone15pro/russian-002_03.jpg,russian-002_03,attack,digital_3,iphone15pro,1,86,f5995ed128fc5196e9956bcf10a526c45a5ba1affb11821c9f91843415adc34a,2e2b25d73ca84bef6b048c52f88a6c35ca3ea478ce62fff8fddbf9c735cf452a,project_train,train/bonafide/iphone15pro/russian-002_03.jpg,86.0,95db6203d464db10d33fc2142817161b0cee1fab9ea077b12546381be8cf0adc,matched_project,0.0060386657714843,0.0049819946289062,-0.0010566711425781007,0.04296875,0.04290771484375,-6.103515625e-05
test/attack/digital_3/iphone15pro/russian-027_03.jpg,data/processed/policy_c_official_test/test/attack/digital_3/iphone15pro/russian-027_03.jpg,russian-027_03,attack,digital_3,iphone15pro,1,83,1ac28ccdb51d4dfeaef60f1a73ecaa655f2a46fcb740578f01346b5254277c86,11f419c08cbad1ccd35563990482853294ccf1322dff1f22e02f8aefbb1e9b26,project_train,train/bonafide/iphone15pro/russian-027_03.jpg,83.0,b64f4336d89a17b9f545547603ed28d071c72ea04b060a2004082f5b76125daf,matched_project,0.003671646118164,0.00555419921875,0.001882553100586,0.0316162109375,0.031707763671875,9.1552734375e-05
test/attack/digital_3/iphone15pro/russian-062_03.jpg,data/processed/policy_c_official_test/test/attack/digital_3/iphone15pro/russian-062_03.jpg,russian-062_03,attack,digital_3,iphone15pro,1,62,cfd134a6860a00e532f1dbdaf7d2bdd640be56e1783fea89e913dac58eb94b13,7b23a2d8b7dd683267c83583ac0a6d9408f5a8f44d2f210cfc57665c87bdae2b,dev_val,train/bonafide/iphone15pro/russian-062_03.jpg,62.0,a82a110616dfa505a95af8673b3af5e015da552b49fba53f7c37d4d65e08e858,matched_project,0.0043487548828125,0.0055885314941406,0.0012397766113280998,0.0291748046875,0.029144287109375,-3.0517578125e-05
test/attack/digital_3/iphone15pro/russian-082_03.jpg,data/processed/policy_c_official_test/test/attack/digital_3/iphone15pro/russian-082_03.jpg,russian-082_03,attack,digital_3,iphone15pro,1,57,aa3f2e40b5901a10f7e1ecf7afde49a2f94e43dcf2bc2ed1afe318925dddc31e,7f58a7a6013da22f0753aadbbdadbd022198fad2cfc38838ce9636b12a0774e8,project_train,train/bonafide/iphone15pro/russian-082_03.jpg,57.0,6b59c5ec81799a66cd2b57f6ee62544cadd540b00f2b9de0a5fefcf5e2f8e37f,matched_project,0.0008988380432128,0.001495361328125,0.0005965232849122,0.02911376953125,0.033172607421875,0.004058837890625
test/attack/digital_3/iphone15pro/russian-123_03.jpg,data/processed/policy_c_official_test/test/attack/digital_3/iphone15pro/russian-123_03.jpg,russian-123_03,attack,digital_3,iphone15pro,1,62,e130575f2b567fa4f977e2adc9230aae4437e1f952e2122ed4549c075d43f8df,3879c5ced95f187f0293e947ac179623a9857340f34bb938eaa75c0722f3fe34,project_train,train/bonafide/iphone15pro/russian-123_03.jpg,62.0,4eaf19d51666e3ecda41fb4574783762467fe8d955993482aa9d934df9a25df0,matched_project,0.0041351318359375,0.00494384765625,0.0008087158203125,0.02923583984375,0.028656005859375,-0.000579833984375
test/attack/digital_3/iphone15pro/russian-132_03.jpg,data/processed/policy_c_official_test/test/attack/digital_3/iphone15pro/russian-132_03.jpg,russian-132_03,attack,digital_3,iphone15pro,1,85,0423a63740be1804d0169bd033ab01ebcd99313fcd6eb1449bc1315349cbd65f,4d7b4c376a858921d0e61bfc55b769826ca977362290ffaf322aa58831238b97,dev_val,train/bonafide/iphone15pro/russian-132_03.jpg,85.0,7acb88a9a6236e86edf8b1dbddebfab59350fb6e8f1be7af38235f101d4c1742,matched_project,0.0254974365234375,0.0282135009765625,0.002716064453125,0.0309906005859375,0.0312347412109375,0.000244140625
test/attack/digital_3/iphone15pro/russian-140_03.jpg,data/processed/policy_c_official_test/test/attack/digital_3/iphone15pro/russian-140_03.jpg,russian-140_03,attack,digital_3,iphone15pro,1,64,017cf10874ef67fb409a5c4e5a4d9936762352ef6a3a6ada9938a90a7c10a326,bbbdc2c27a1d6fa6ffb1822a6a34badecd53e8e2e39f52eaddd114de6844e127,project_train,train/bonafide/iphone15pro/russian-140_03.jpg,64.0,dfc84e1c27b8aa84ea79b5ddec0916b73b35c3e94b2ce1a4735fe758c9791503,matched_project,0.0043563842773437,0.0057182312011718,0.0013618469238281007,0.031768798828125,0.033477783203125,0.001708984375
test/attack/digital_3/iphone15pro/russian-141_03.jpg,data/processed/policy_c_official_test/test/attack/digital_3/iphone15pro/russian-141_03.jpg,russian-141_03,attack,digital_3,iphone15pro,1,77,5716c852e30bdf3cd155b59368945310a53ded44cb6f4a9103c23d71b15497b1,06143498a1d289323569cd10c86fbcbc59036b66214efc0a9aa0438bbce2850f,project_train,train/bonafide/iphone15pro/russian-141_03.jpg,77.0,453b87ce4e56cb0842b1de4604fbbadcdfcc2550d9faa4ff05a894d73178ccbc,matched_project,0.0016517639160156,0.0044937133789062,0.0028419494628906,0.030914306640625,0.032501220703125,0.0015869140625
test/attack/digital_3/iphone15pro/russian-NF-1013.jpg,data/processed/policy_c_official_test/test/attack/digital_3/iphone15pro/russian-NF-1013.jpg,russian-NF-1013,attack,digital_3,iphone15pro,1,62,447d37bb66a50a3b3ef2aaea7c5491dfefda98e0bb645dca87c8cce46ac2ccb5,84b2c5ef6989522324f4505cd485f19fb930ce4f2c5d197175225c0c0190080c,project_train,train/bonafide/iphone15pro/russian-NF-1013.jpg,62.0,2f66a2b575969024e5a027ef2393d4c4821e8ac48204393975327e10666fb3d2,matched_project,0.0025310516357421,0.0048294067382812,0.0022983551025391,0.034698486328125,0.03472900390625,3.0517578125e-05
test/attack/digital_3/iphone15pro/russian-NF-1028.jpg,data/processed/policy_c_official_test/test/attack/digital_3/iphone15pro/russian-NF-1028.jpg,russian-NF-1028,attack,digital_3,iphone15pro,1,87,5993a289c69b6dc343eee0ed6f0628e2afe8e81c2c10b1d424ae5481320851f0,25a031d50fd4c707f7fc4d759b936ff96086b68ad1b8cb3c46b1777f153b4c7a,project_train,train/bonafide/iphone15pro/russian-NF-1028.jpg,87.0,b08ba20e74d6a3a7fef9a7aa9234f7b31983f0dfeab705f5511bb7f373bc1197,matched_project,0.0016708374023437,0.0016937255859375,2.288818359380009e-05,0.07421875,0.0755615234375,0.0013427734375
test/attack/digital_3/iphone15pro/russian-NF-1069.jpg,data/processed/policy_c_official_test/test/attack/digital_3/iphone15pro/russian-NF-1069.jpg,russian-NF-1069,attack,digital_3,iphone15pro,1,69,a47b7a43d087576f77b454fa5c879430dba0ac9dbc630fe34483c4f5ebd8ac80,127d8e9698093bb44ee35d3c292306e539ae8ef1f92c0250312e5228f2d1cdd4,project_train,train/bonafide/iphone15pro/russian-NF-1069.jpg,69.0,d4856ee60833a6567aa50d829109fe96eb2f061e4ece5d5317e49ce5ab6aa967,matched_project,0.000746726989746,0.001225471496582,0.00047874450683600006,0.031463623046875,0.032257080078125,0.00079345703125
test/attack/digital_3/iphone15pro/russian-NF-1080.jpg,data/processed/policy_c_official_test/test/attack/digital_3/iphone15pro/russian-NF-1080.jpg,russian-NF-1080,attack,digital_3,iphone15pro,1,74,80565ebec9fc3b39124dd1616331096d5d1209d3039a157e1eacc92416117191,d26f32ae5a6353a41539aa9d650e8d1ce4f5dd3cc74543a6023a9d2fcc23dfb1,project_train,train/bonafide/iphone15pro/russian-NF-1080.jpg,74.0,5a2b129432720205002b23890877bdedcddcc21e4bc2ef45bc6e52eadf4bb689,matched_project,0.0053215026855468,0.0073013305664062,0.0019798278808593993,0.0301055908203125,0.0301055908203125,0.0
test/attack/digital_3/iphone15pro/russian-NF-1081.jpg,data/processed/policy_c_official_test/test/attack/digital_3/iphone15pro/russian-NF-1081.jpg,russian-NF-1081,attack,digital_3,iphone15pro,1,74,4a696498f103c16b55eeeec99334aa442e0bde3a98a20a007db009f018dc6f1f,a7cb828eb42add3f63ceef84f634397384d15c5d9ae4a883fdbb23e951d3aa0f,project_train,train/bonafide/iphone15pro/russian-NF-1081.jpg,74.0,c1d8c941994b615916a57fdabea9ad0f63e204353750c161d1da909ca754ef05,matched_project,0.0026931762695312,0.0023555755615234,-0.0003376007080077999,0.03485107421875,0.034759521484375,-9.1552734375e-05
test/attack/digital_3/iphone15pro/russian-NF-1089.jpg,data/processed/policy_c_official_test/test/attack/digital_3/iphone15pro/russian-NF-1089.jpg,russian-NF-1089,attack,digital_3,iphone15pro,1,51,73ded74926c577b78cb8e8a75e06902195b2a0f5f76433c2fb94d82d9ba20e14,957f39c61df016f876e649c1b674ce24c1d06bd565050398f2b8319043e11688,dev_val,train/bonafide/iphone15pro/russian-NF-1089.jpg,51.0,50bee680fba266bd64195357a4f5961581a7534068706b404788aa9e5261b5af,matched_project,0.07232666015625,0.040191650390625,-0.032135009765625,0.13037109375,0.06805419921875,-0.06231689453125
test/attack/digital_3/iphone15pro/russian-NF-1099.jpg,data/processed/policy_c_official_test/test/attack/digital_3/iphone15pro/russian-NF-1099.jpg,russian-NF-1099,attack,digital_3,iphone15pro,1,85,07bed90ef7673606e800c6a56bfd92412482cba9b5362e11354767e559e17fe1,e098411b19db2b55361ffb84b2d0cd9e63364c1075041fc6c87d0814f893b4e4,dev_val,train/bonafide/iphone15pro/russian-NF-1099.jpg,85.0,88dcdf9e69710d0e2920c1e9f4ef6d2c5a5a127a8fb3248f0b68565041f0cbf7,matched_project,0.79541015625,0.873046875,0.07763671875,0.05267333984375,0.0535888671875,0.00091552734375
test/attack/digital_3/iphone15pro/russian-NM-1027.jpg,data/processed/policy_c_official_test/test/attack/digital_3/iphone15pro/russian-NM-1027.jpg,russian-NM-1027,attack,digital_3,iphone15pro,1,58,8a41849d65705a02101e4b58ac6e2ac71323d43ef60151113ca26cd97a07d694,ae26b9f0117cae9cfda1a7a6ecc414b01ca7c6c9c4d9d15a41b97258ccdd76ae,project_train,train/bonafide/iphone15pro/russian-NM-1027.jpg,58.0,26f07957cf061149da5ba089c720aa5c8fe916d802b319678fe8ffc8a383b976,matched_project,0.0074043273925781,0.0115280151367187,0.0041236877441406,0.035125732421875,0.03680419921875,0.001678466796875
test/attack/digital_3/iphone15pro/turkiye-008_03.jpg,data/processed/policy_c_official_test/test/attack/digital_3/iphone15pro/turkiye-008_03.jpg,turkiye-008_03,attack,digital_3,iphone15pro,1,53,76ebfe4ecb021755a9b168b2e14a53ae5f4d50f0eff952f6281131faeee0df19,9f8456d7bdad1290d6469b6ef1360ba20a7f8f451ccbd8d5504d9fcfd32acba5,project_train,train/bonafide/iphone15pro/turkiye-008_03.jpg,53.0,6a1a1ac075fe9eaed48eeff29de20bdde94e40a76572345855de53aac0442077,matched_project,0.0065383911132812,0.02520751953125,0.0186691284179688,0.0282745361328125,0.116943359375,0.0886688232421875
test/attack/digital_3/iphone15pro/turkiye-031_03.jpg,data/processed/policy_c_official_test/test/attack/digital_3/iphone15pro/turkiye-031_03.jpg,turkiye-031_03,attack,digital_3,iphone15pro,1,60,ec069b16b9cf646952cd3c314cf389142ebd1cc2c6c05191a02e74ac6ccf4f6a,66eefe9a080f9dcb84cf30f896ddffe42b07bfbf461aee8ccc936e5149344d03,project_train,train/bonafide/iphone15pro/turkiye-031_03.jpg,60.0,866551481de93ef8f488bf38403349172d21259be49901a3a7f16c8b26af9da0,matched_project,0.0073013305664062,0.0185089111328125,0.0112075805664063,0.0272674560546875,0.030853271484375,0.0035858154296875
test/attack/digital_3/iphone15pro/turkiye-032_03.jpg,data/processed/policy_c_official_test/test/attack/digital_3/iphone15pro/turkiye-032_03.jpg,turkiye-032_03,attack,digital_3,iphone15pro,1,55,e36ce7995ab576c24309555cb992263834d3b5f047e8a7c40849dd37ecda862b,6965e1a5b345da83011f16a1f698a8ca4ee8a771c9793d147fea542d137012d4,dev_val,train/bonafide/iphone15pro/turkiye-032_03.jpg,55.0,fd611f812652b2b905be8db16fbfc7125c0fecb26d5d7cb21d7c606a933b1470,matched_project,0.0053634643554687,0.0077095031738281,0.0023460388183594,0.026336669921875,0.0282135009765625,0.0018768310546875
test/attack/digital_3/iphone15pro/turkiye-036_03.jpg,data/processed/policy_c_official_test/test/attack/digital_3/iphone15pro/turkiye-036_03.jpg,turkiye-036_03,attack,digital_3,iphone15pro,1,60,88ad4a4800f8cb334acda31309c126637e3d6493035b407b92af9211b1c7aa38,29563ec54eb969d34cbb3cf257087a1e3c754b2e0fc4db749b886b4d325e147d,project_train,train/bonafide/iphone15pro/turkiye-036_03.jpg,60.0,c41606589040cad2ea2324ea29237a6b8f430c12c9da5f9f56a7b2647367602e,matched_project,0.0044784545898437,0.0078887939453125,0.0034103393554688003,0.025634765625,0.02655029296875,0.00091552734375
test/attack/digital_3/iphone15pro/turkiye-041_03.jpg,data/processed/policy_c_official_test/test/attack/digital_3/iphone15pro/turkiye-041_03.jpg,turkiye-041_03,attack,digital_3,iphone15pro,1,67,e690b0f2b137351257d321d57e13e8e40a4f0c44e4adb67d971d4ba44fb8d22c,5076e9ecc9a58a3aa108ece2a4a878959baa0028323f10922d30663b8a340734,project_train,train/bonafide/iphone15pro/turkiye-041_03.jpg,67.0,a7c65667bc9fb20d48a88395cb66e52631d7a204f3d0fe7869d7b479f114d4fe,matched_project,0.0136642456054687,0.0227813720703125,0.0091171264648438,0.04400634765625,0.09832763671875,0.0543212890625
test/attack/digital_3/iphone15pro/turkiye-083_03.jpg,data/processed/policy_c_official_test/test/attack/digital_3/iphone15pro/turkiye-083_03.jpg,turkiye-083_03,attack,digital_3,iphone15pro,1,89,fa5584a32796789a993feab0686bd2ddbfb8f701b731433817d7bbca8e968833,c65d9aae61762f15587416c2c34cf3460ebae3e65b601089ffabfc47bedb29db,project_train,train/bonafide/iphone15pro/turkiye-083_03.jpg,89.0,92e4481c4849832195138d713505515beac8e52de97ec095bd0dde9d88c003ae,matched_project,0.0036296844482421,0.0104904174804687,0.0068607330322266,0.030670166015625,0.03216552734375,0.001495361328125
test/attack/digital_3/iphone15pro/turkiye-086_03.jpg,data/processed/policy_c_official_test/test/attack/digital_3/iphone15pro/turkiye-086_03.jpg,turkiye-086_03,attack,digital_3,iphone15pro,1,56,da196aba9fb8f00c16522561a3be85197772ee2a5074a74bc7e473d2a4c904cc,59956594ce1c3bd82f7936d365798ee61c1e1324fb406b8016160f62ac4fd781,project_train,train/bonafide/iphone15pro/turkiye-086_03.jpg,56.0,6bd87943b22351d0d31f6af74fded55315bd2364423e1b96f1d0b7d3b59786e7,matched_project,0.0063247680664062,0.0043296813964843,-0.0019950866699218993,0.0297088623046875,0.0301361083984375,0.00042724609375
test/attack/digital_3/iphone15pro/turkiye-092_03.jpg,data/processed/policy_c_official_test/test/attack/digital_3/iphone15pro/turkiye-092_03.jpg,turkiye-092_03,attack,digital_3,iphone15pro,1,54,b5830bebab41402b0a366ed88f359348b991812c0341652b19ca8fedf3df47d5,d39dc6333b3de1b36ca7d7a9affb96201fb2e502c1284a932e73b1a542d191e4,project_train,train/bonafide/iphone15pro/turkiye-092_03.jpg,54.0,cc314538c3568eac8e4cb55c12446a23a395105ebab168c725ada0f4be91fb5b,matched_project,0.0046463012695312,0.0080337524414062,0.003387451171875,0.0254974365234375,0.0276336669921875,0.00213623046875
test/attack/digital_3/iphone15pro/turkiye-101_03.jpg,data/processed/policy_c_official_test/test/attack/digital_3/iphone15pro/turkiye-101_03.jpg,turkiye-101_03,attack,digital_3,iphone15pro,1,52,79d6f5381c30b40e1fb90b5d7188367ac6e5beeaf6f765331d03c43bead2c7eb,add1bb523d7150b1fa646a197eb7b0a348101e08eb1e465fc7dd47e7ad6f1840,dev_val,train/bonafide/iphone15pro/turkiye-101_03.jpg,52.0,0162cd5371a3e54555e48e0031df62729c1d7e40fe798f79a07b6d19496ed10f,matched_project,0.0031108856201171,0.0118026733398437,0.0086917877197266,0.027069091796875,0.12017822265625,0.093109130859375
test/attack/digital_3/iphone15pro/turkiye-104_03.jpg,data/processed/policy_c_official_test/test/attack/digital_3/iphone15pro/turkiye-104_03.jpg,turkiye-104_03,attack,digital_3,iphone15pro,1,66,3bac6511b7d79fbd5199525f772d8c8edd7e647c4a0248a7209ad2abecd701c4,ace4f927165d98284753e8a4d7183397a3a2f922ad8bf3d3f5f3de2ca5d73ac0,dev_val,train/bonafide/iphone15pro/turkiye-104_03.jpg,66.0,eb8dba364cd97b7450e5f87f103eca347f14581dd75822d00458b90676686ede,matched_project,0.0056419372558593,0.0063743591308593,0.000732421875,0.02520751953125,0.0278472900390625,0.0026397705078125
test/attack/digital_3/iphone15pro/turkiye-115_03.jpg,data/processed/policy_c_official_test/test/attack/digital_3/iphone15pro/turkiye-115_03.jpg,turkiye-115_03,attack,digital_3,iphone15pro,1,68,debf5d00a6ae264739d7d607fc0529b7b2bf29f972de9bb8661d45e5981a6984,8c993b4a0ff1b031c23ca7baf69c0a35c4f8f54c6ae3a13688b602f9b66a6b66,dev_val,train/bonafide/iphone15pro/turkiye-115_03.jpg,68.0,a3a009842697d32f18fdbbb1ad4a634e52ea9561d0017f8dc697df5b78b4245c,matched_project,0.0021400451660156,0.0255889892578125,0.0234489440917969,0.02838134765625,0.0294189453125,0.00103759765625
test/attack/digital_3/iphone15pro/turkiye-121_03.jpg,data/processed/policy_c_official_test/test/attack/digital_3/iphone15pro/turkiye-121_03.jpg,turkiye-121_03,attack,digital_3,iphone15pro,1,70,61467799a165d83eec8041595600befa3633db75a960f40ff04b2c881e8e8f3b,e3de3cdd9c84a96cdbced506e2af9115d3fc2ba37193dd6acd243fcfcccdc157,project_train,train/bonafide/iphone15pro/turkiye-121_03.jpg,70.0,eb75668c5157bdbdb737467a88bc9d177dd673f3b7bb1c9c9dafec10c3c61c86,matched_project,0.0042381286621093,0.0032157897949218,-0.0010223388671875004,0.0259857177734375,0.04107666015625,0.0150909423828125
test/attack/digital_3/iphone15pro/turkiye-126_03.jpg,data/processed/policy_c_official_test/test/attack/digital_3/iphone15pro/turkiye-126_03.jpg,turkiye-126_03,attack,digital_3,iphone15pro,1,70,eb988ce435a911f03b271ed644da3cc679160400f6821d2f93658aed82f85a1c,5a6a10b6b85c286f24f96dcabc7fecabb7ab4657ce5ce27a1e71477e01329e36,project_train,train/bonafide/iphone15pro/turkiye-126_03.jpg,70.0,d2efcc04b699142363448b618b489efaffe7fad13608c2d33408743e307cb1a8,matched_project,0.0122909545898437,0.0097427368164062,-0.0025482177734375,0.035430908203125,0.035125732421875,-0.00030517578125
test/attack/digital_3/iphone15pro/turkiye-127_03.jpg,data/processed/policy_c_official_test/test/attack/digital_3/iphone15pro/turkiye-127_03.jpg,turkiye-127_03,attack,digital_3,iphone15pro,1,53,54311b72a2f175ba4e9bdf4bfba668989ea3885a3cb58fc5b0227f0c30d9e73c,b5b6b0c6cf37e2c8147bfff3a54767e136c987e0100565f979a04d3bc794a94e,project_train,train/bonafide/iphone15pro/turkiye-127_03.jpg,53.0,788ab4b4a89314e33d4e71375a7ca7ee543edbeb8cbd3dc56f992d532e3dff90,matched_project,0.0084152221679687,0.0108566284179687,0.00244140625,0.026153564453125,0.02642822265625,0.000274658203125
test/attack/digital_3/iphone15pro/turkiye-129_03.jpg,data/processed/policy_c_official_test/test/attack/digital_3/iphone15pro/turkiye-129_03.jpg,turkiye-129_03,attack,digital_3,iphone15pro,1,54,982b463db6400c5eb005b6f514cefefc8d2a453450d530e34493cf1262964cc4,f6e2daead42544ba2d811c933d19e64defb0b4b91dc6edd4f7f3bf95047f1ad6,project_train,train/bonafide/iphone15pro/turkiye-129_03.jpg,54.0,2e0a2f8d1034a4cbbb6b4ad24e9889147c5bf8b0e3e674dc7f0d58829f841a17,matched_project,0.0093612670898437,0.0225067138671875,0.0131454467773438,0.0401611328125,0.0278778076171875,-0.0122833251953125
test/attack/digital_3/iphone15pro/turkiye-130_03.jpg,data/processed/policy_c_official_test/test/attack/digital_3/iphone15pro/turkiye-130_03.jpg,turkiye-130_03,attack,digital_3,iphone15pro,1,72,9b147272212dc37ee5099abae3ce2016a5916480d4b7ac73fc408479b37c40af,acc60739ac885da23c75ce15cbfb5c5284e51cd13d24f4d0aeaca26c654dd5e6,project_train,train/bonafide/iphone15pro/turkiye-130_03.jpg,72.0,711e489cabc65394246a8dcfcde6ee06bc620da5b18f356724a797c1a4bf2b46,matched_project,0.008575439453125,0.0086746215820312,9.918212890619969e-05,0.03289794921875,0.0345458984375,0.00164794921875
test/attack/digital_3/iphone15pro/turkiye-138_03.jpg,data/processed/policy_c_official_test/test/attack/digital_3/iphone15pro/turkiye-138_03.jpg,turkiye-138_03,attack,digital_3,iphone15pro,1,87,2ce6117063bd4cb8bfe3f7061ff54497a65776e099a7aaa2d482e9c9f5c7c7c7,581bce294dce8ab8aa6a89ec23733afbcd4d76d288a6e6f6f2d63ea7a97d0a49,project_train,train/bonafide/iphone15pro/turkiye-138_03.jpg,87.0,2047d1b7e0190c8ba6fe665bc09992b3c60bc1c3b11b6a925bd7a154cd3e7a81,matched_project,0.0035648345947265,0.0052719116210937,0.0017070770263671996,0.026275634765625,0.0269622802734375,0.0006866455078125
test/attack/digital_3/iphone15pro/turkiye-NF-1002.jpg,data/processed/policy_c_official_test/test/attack/digital_3/iphone15pro/turkiye-NF-1002.jpg,turkiye-NF-1002,attack,digital_3,iphone15pro,1,84,be805640ba2fdf255c8d28677ddf9897f13bcafccb8a21b72f9be4598e9d189d,d9450fcca4e6d550fab2be6c858856c4c54df957f4270c7f36ac3f29ea037919,dev_val,train/bonafide/iphone15pro/turkiye-NF-1002.jpg,84.0,767352616c5143d54b56342650d0b1b3be831c7d556cbdffac64983546020914,matched_project,0.0136642456054687,0.06365966796875,0.0499954223632813,0.0994873046875,0.11407470703125,0.01458740234375
test/attack/digital_3/iphone15pro/turkiye-NF-1008.jpg,data/processed/policy_c_official_test/test/attack/digital_3/iphone15pro/turkiye-NF-1008.jpg,turkiye-NF-1008,attack,digital_3,iphone15pro,1,90,05d6f1cd1db4714261ec80d8f737844df2c49b1926dd00f428af514b5e2944a0,e8fbd340ae47d2a8a17323782d3af2283760761b79edcd8d5ae869d7e772db2e,project_train,train/bonafide/iphone15pro/turkiye-NF-1008.jpg,90.0,bbb63c7381e9097b71b36f4a7cbf1689b9d6a4f29b3caaf24c04762e2f8faf8c,matched_project,0.0035037994384765,0.0055427551269531,0.0020389556884766,0.027069091796875,0.0270843505859375,1.52587890625e-05
test/attack/digital_3/iphone15pro/turkiye-NF-1054.jpg,data/processed/policy_c_official_test/test/attack/digital_3/iphone15pro/turkiye-NF-1054.jpg,turkiye-NF-1054,attack,digital_3,iphone15pro,1,90,028fd4a7645103bb1e0235c6affc9867ff4519cf4024fdae92388e763b44a833,e4685288a959c11905f57f687a8d78dc8cb029d3af75053c95528914f0035845,project_train,train/bonafide/iphone15pro/turkiye-NF-1054.jpg,90.0,9156a5067361b25dba5d66a1f8d6fcc8635104fb0b1598ffed0ecbf61a8bc7ca,matched_project,0.0071334838867187,0.016754150390625,0.0096206665039063,0.0350341796875,0.14208984375,0.1070556640625
test/attack/digital_3/iphone15pro/turkiye-NF-1103.jpg,data/processed/policy_c_official_test/test/attack/digital_3/iphone15pro/turkiye-NF-1103.jpg,turkiye-NF-1103,attack,digital_3,iphone15pro,1,57,7c09d5167f7ef6e9024fd4316b6f193f5e1656bb6b3a8399f3c73befb62f4379,6ea45e8f05bec2810217f82b80984e646438134ccc2a8224a632828bc027b97e,project_train,train/bonafide/iphone15pro/turkiye-NF-1103.jpg,57.0,b50b63349761a10db07e9bc46f85a5073b0a644ebfe82e9253e8263a2a893a6c,matched_project,0.0074043273925781,0.0088958740234375,0.0014915466308594002,0.0386962890625,0.059112548828125,0.020416259765625
test/attack/digital_3/iphone15pro/turkiye-NM-1011.jpg,data/processed/policy_c_official_test/test/attack/digital_3/iphone15pro/turkiye-NM-1011.jpg,turkiye-NM-1011,attack,digital_3,iphone15pro,1,73,807a36b0394c52df6da1ade03c341b74bd7bcfc638b61afec1ed1a5b16f2c76c,0aa090e995c51c7419b65151588267c51c6a109239fc465371264388dff38906,project_train,train/bonafide/iphone15pro/turkiye-NM-1011.jpg,73.0,648aee58ff87d422949a02db6a37713beccae417f1f661ceec00784512ec0c21,matched_project,0.0074882507324218,0.022430419921875,0.0149421691894532,0.0450439453125,0.058013916015625,0.012969970703125
test/attack/digital_3/iphone15pro/turkiye-NM-1019.jpg,data/processed/policy_c_official_test/test/attack/digital_3/iphone15pro/turkiye-NM-1019.jpg,turkiye-NM-1019,attack,digital_3,iphone15pro,1,90,4a3bdd560d389a7bcadcc87172d685563afe883b1f15cdfbdd6de5a72ee8a646,2cd8713576ab57472d337c60a0931f246b0855fe31cd30b6c73a714b0fa4e953,project_train,train/bonafide/iphone15pro/turkiye-NM-1019.jpg,90.0,32d8e032c40ff3913b022aa359e37b55171979ddf09f81bbde9d7a451c6af026,matched_project,0.0075340270996093,0.0165252685546875,0.0089912414550782,0.0299072265625,0.0306243896484375,0.0007171630859375
test/attack/digital_3/iphone15pro/turkiye-NM-1033.jpg,data/processed/policy_c_official_test/test/attack/digital_3/iphone15pro/turkiye-NM-1033.jpg,turkiye-NM-1033,attack,digital_3,iphone15pro,1,83,266379cba1529ff678214ae77d848e4996386b1d85368dba61c477cba5c6600b,a87291899e151cec017f688b1e05161a3815f3920f4e9d0ec4e59a61193d5163,project_train,train/bonafide/iphone15pro/turkiye-NM-1033.jpg,83.0,7248a92c032e2a19be3fba01c1efb71d64e63b98781119be24730c4fd9354407,matched_project,0.0160980224609375,0.048583984375,0.0324859619140625,0.04034423828125,0.040771484375,0.00042724609375
test/attack/digital_3/iphone15pro/turkiye-NM-1055.jpg,data/processed/policy_c_official_test/test/attack/digital_3/iphone15pro/turkiye-NM-1055.jpg,turkiye-NM-1055,attack,digital_3,iphone15pro,1,62,9bbba95c9ac17dd145dcce943f3a836f1c4721e77e56c14281c17667369ab33d,69698052fcf5dc7a00d37b8a167b67efb6a690351ad24ece2c2c49d8ce1a8c41,dev_val,train/bonafide/iphone15pro/turkiye-NM-1055.jpg,62.0,587a003a43f6c2f2b9b989171600176c5ccb10d10203107e93e74e9a62e13d2f,matched_project,0.05072021484375,0.12286376953125,0.0721435546875,0.049957275390625,0.050567626953125,0.0006103515625
test/attack/digital_3/iphone15pro/ukraine-006_03.jpg,data/processed/policy_c_official_test/test/attack/digital_3/iphone15pro/ukraine-006_03.jpg,ukraine-006_03,attack,digital_3,iphone15pro,1,86,e45cf102b949ca5d505b287477b5d2b2d53f68d03d3957478acfa1b3bf44c9b7,b5c1aff4beb3860e05f6e89fd356b111717ecb5a7dfcd12348326b3be3da7cdc,project_train,train/bonafide/iphone15pro/ukraine-006_03.jpg,86.0,d953db1ca2b0caff3626d48fe2a56cd501a9174a539996420c91217bab32404b,matched_project,0.0086135864257812,0.0064506530761718,-0.0021629333496093993,0.0445556640625,0.044647216796875,9.1552734375e-05
test/attack/digital_3/iphone15pro/ukraine-007_03.jpg,data/processed/policy_c_official_test/test/attack/digital_3/iphone15pro/ukraine-007_03.jpg,ukraine-007_03,attack,digital_3,iphone15pro,1,76,0772e4ffe485e0a07db1b2896172264bf5ee60aa96da38d6b4d234b07c353e62,e6c6bfa0250880f2977a487a20e1249455bf1b6f14d5f740d51ffd5b8cae2c3d,project_train,train/bonafide/iphone15pro/ukraine-007_03.jpg,76.0,7a7d7379f9bddd0f42210941e6fb783eb1251bde24ad5a92cab3469630a76519,matched_project,0.0024871826171875,0.00885009765625,0.0063629150390625,0.046173095703125,0.05145263671875,0.005279541015625
test/attack/digital_3/iphone15pro/ukraine-025_03.jpg,data/processed/policy_c_official_test/test/attack/digital_3/iphone15pro/ukraine-025_03.jpg,ukraine-025_03,attack,digital_3,iphone15pro,1,81,6e4e009427795e03e894531d7e90bbcad6ed8be3fd0bdd74ffc2477756ecd726,255f4e60b9df610b9d049d7cbd816ca07e645a1d4ba99400cd6fff28e2419651,dev_val,train/bonafide/iphone15pro/ukraine-025_03.jpg,81.0,6b48757de547df9eb139e15a0114047e6fdbdeb237c7869813f02c78f7ad8a71,matched_project,0.001495361328125,0.0011138916015625,-0.0003814697265625,0.048858642578125,0.048370361328125,-0.00048828125
test/attack/digital_3/iphone15pro/ukraine-030_03.jpg,data/processed/policy_c_official_test/test/attack/digital_3/iphone15pro/ukraine-030_03.jpg,ukraine-030_03,attack,digital_3,iphone15pro,1,71,28c05a03ba2b4437b68acddf8bc811be78ee465aea5d8087a0fe7fc192f267c3,dacb7d72a253690b4fc3f09d409a3f135699de420aa11891b470f19f99cd9e83,project_train,train/bonafide/iphone15pro/ukraine-030_03.jpg,71.0,358c4cf9e801fc1299164b8b734b0d628d8e54b185fbb3b5cbd7a5f795c2b99c,matched_project,0.0091629028320312,0.0202789306640625,0.0111160278320313,0.044708251953125,0.04534912109375,0.000640869140625
test/attack/digital_3/iphone15pro/ukraine-103_03.jpg,data/processed/policy_c_official_test/test/attack/digital_3/iphone15pro/ukraine-103_03.jpg,ukraine-103_03,attack,digital_3,iphone15pro,1,54,d89d471a6195e3737dbc1fdb3bbae5c0857c33b57d377c6117c45ffd8a306459,76fd43c9302ed6c14e42880c98a858096090ddd416300483edbb78509425a06b,project_train,train/bonafide/iphone15pro/ukraine-103_03.jpg,54.0,abd9b3a3ac937f245d2726b2334757fd3cb9a83f258052e3bf6645166e97248f,matched_project,0.0065383911132812,0.0075187683105468,0.0009803771972656007,0.04443359375,0.06182861328125,0.01739501953125
test/attack/digital_3/iphone15pro/ukraine-NF-1005.jpg,data/processed/policy_c_official_test/test/attack/digital_3/iphone15pro/ukraine-NF-1005.jpg,ukraine-NF-1005,attack,digital_3,iphone15pro,1,89,cf5d9c3f2331c5ce5affe5e46e18f9fab6fe56505db5f7731903f4f8acddc7e4,962c21690f5cfdc38dcbc8de27dbad5efcdfd86a1117c43c9289d836d8fe0803,project_train,train/bonafide/iphone15pro/ukraine-NF-1005.jpg,89.0,5e01a285659b11e9903eae974e783020fb683a7ddfa6d55315d87ada006dc345,matched_project,0.00518798828125,0.0174407958984375,0.0122528076171875,0.0465087890625,0.054290771484375,0.007781982421875
test/attack/digital_3/iphone15pro/ukraine-NF-1015.jpg,data/processed/policy_c_official_test/test/attack/digital_3/iphone15pro/ukraine-NF-1015.jpg,ukraine-NF-1015,attack,digital_3,iphone15pro,1,81,793813a525db794ff68fdfb8b661679c341f462542c177f5565233cbee1300c2,3a5a5626a25be9a51198d7c0f938a045ee95d5ead64f2ce2f01bf2d874bb550b,project_train,train/bonafide/iphone15pro/ukraine-NF-1015.jpg,81.0,7a3ee7f7530ff828c76d96e1b4a7a7734acc8bbcfd16829e615e51527a2c55f9,matched_project,0.0023136138916015,0.0035305023193359,0.0012168884277344002,0.0450439453125,0.045135498046875,9.1552734375e-05
test/attack/digital_3/iphone15pro/ukraine-NF-1021.jpg,data/processed/policy_c_official_test/test/attack/digital_3/iphone15pro/ukraine-NF-1021.jpg,ukraine-NF-1021,attack,digital_3,iphone15pro,1,62,2a66218544c3ba084ec62374b61f5d315daf718b4ad6af21bfe8c76ee7a61e67,6b2e072d2d50e5a5ec5cbe86a659acbe6d7b195ac69fc64bb3c0d039ee8a0426,project_train,train/bonafide/iphone15pro/ukraine-NF-1021.jpg,62.0,c242ac1714ce7ea1ba46c17b7dfadad0a42ad58af0ee3ec37c1e1e58e51cca44,matched_project,0.0048675537109375,0.00933837890625,0.0044708251953125,0.050933837890625,0.05072021484375,-0.000213623046875
test/attack/digital_3/iphone15pro/ukraine-NF-1032.jpg,data/processed/policy_c_official_test/test/attack/digital_3/iphone15pro/ukraine-NF-1032.jpg,ukraine-NF-1032,attack,digital_3,iphone15pro,1,60,6b16823449ceee5ed88bf27cb64a77d11e72c2407437d81d75c716cd398f5512,caf9b968c13f82ba136ba0c39b85e6e6b53ac123512ea394b26fd09057348fb9,project_train,train/bonafide/iphone15pro/ukraine-NF-1032.jpg,60.0,d5c473f31bc50915f205d3a5623a715024152f0d807aec8ad4caa7b823409ff6,matched_project,0.0021438598632812,0.0034427642822265,0.0012989044189453,0.04339599609375,0.0455322265625,0.00213623046875
test/attack/digital_3/iphone15pro/ukraine-NF-1057.jpg,data/processed/policy_c_official_test/test/attack/digital_3/iphone15pro/ukraine-NF-1057.jpg,ukraine-NF-1057,attack,digital_3,iphone15pro,1,76,426d9385c5feb78258e9ab9a8359ae47db2b91df32f71d2a3a1848eb227d2b9b,507bd3a416f93fa530098cf464c3cb2fbfffea6e726c54d884473c3a7a357544,project_train,train/bonafide/iphone15pro/ukraine-NF-1057.jpg,76.0,75d8809aa584e393e4a934a48f8e6cc5060b1076961b405a711faeec822e7877,matched_project,0.0007886886596679,0.001443862915039,0.0006551742553711,0.044586181640625,0.04522705078125,0.000640869140625
test/attack/digital_3/iphone15pro/ukraine-NF-1068.jpg,data/processed/policy_c_official_test/test/attack/digital_3/iphone15pro/ukraine-NF-1068.jpg,ukraine-NF-1068,attack,digital_3,iphone15pro,1,79,ddc068a23209dbc62ef56a3078499cf0e881168d0bac12dd70a12e2be70ca315,ce142b8ff59b6e3fb7bfa6783a54569efdaf402d81e8d606af2c0e61db2d24b8,dev_val,train/bonafide/iphone15pro/ukraine-NF-1068.jpg,79.0,d59b704370767eb061f79c605c371be31b9c4a85129cd424bea208af63e5aa6a,matched_project,0.97265625,0.96484375,-0.0078125,0.05364990234375,0.06964111328125,0.0159912109375
test/attack/digital_3/iphone15pro/ukraine-NF-1073.jpg,data/processed/policy_c_official_test/test/attack/digital_3/iphone15pro/ukraine-NF-1073.jpg,ukraine-NF-1073,attack,digital_3,iphone15pro,1,57,f17d3b40f1d32148d4679443080fc6195a294f9ea971bf73dbec8bdc51723af8,810e835cade3db236b4a834182edd4dc7a01cc107ef217d37e08b3021b3569b8,dev_val,train/bonafide/iphone15pro/ukraine-NF-1073.jpg,57.0,b8e905e72896aa76e6d12f35ad8469239569023cf54d114512910cac1240d9de,matched_project,0.0108184814453125,0.08380126953125,0.0729827880859375,0.066162109375,0.0704345703125,0.0042724609375
test/attack/digital_3/iphone15pro/ukraine-NF-1077.jpg,data/processed/policy_c_official_test/test/attack/digital_3/iphone15pro/ukraine-NF-1077.jpg,ukraine-NF-1077,attack,digital_3,iphone15pro,1,57,acd8f85f766d1f4f7da9e2bc5dffb549925e0aad3e88a61ecb4cf71180b4efc4,09e4699e6a8d00bc2cd317544b6ff257366db652d404a7dec39fee4478b4cd40,project_train,train/bonafide/iphone15pro/ukraine-NF-1077.jpg,57.0,2f1c53c778ce4e01c611c39e212ad15e48fd4f6d2c993c71735016bfe7a4c8fb,matched_project,0.0053443908691406,0.0080642700195312,0.0027198791503906,0.042022705078125,0.05364990234375,0.011627197265625
test/attack/digital_3/iphone15pro/ukraine-NF-1084.jpg,data/processed/policy_c_official_test/test/attack/digital_3/iphone15pro/ukraine-NF-1084.jpg,ukraine-NF-1084,attack,digital_3,iphone15pro,1,70,ac3bc50988c24ac5af94d46369b991a74b2348b7fdd6dad21ec198bfac6cd989,7e2484e36709480742ff336ea1acd444131996d3b195f27c5d812dd31c44cc98,project_train,train/bonafide/iphone15pro/ukraine-NF-1084.jpg,70.0,e61b2fb8689a151e3fa121163ce58a26bb156317623a5ed6765ffa31f50812e4,matched_project,0.0021324157714843,0.0063629150390625,0.0042304992675782,0.055267333984375,0.1015625,0.046295166015625
test/attack/digital_3/iphone15pro/ukraine-NF-1087.jpg,data/processed/policy_c_official_test/test/attack/digital_3/iphone15pro/ukraine-NF-1087.jpg,ukraine-NF-1087,attack,digital_3,iphone15pro,1,83,7565f0fd13556ab077dadd69181d3d7d7d764c411da6b91078ba7d19d4194f0f,c163918eb237acd583e495bec83c249376570c71fb8fdacdcfd4093b06277263,project_train,train/bonafide/iphone15pro/ukraine-NF-1087.jpg,83.0,70bd2d442fa13cb95ceef440dfc01acde7a1573d52227ae4221cb8a378277403,matched_project,0.001601219177246,0.0051002502441406,0.0034990310668945998,0.043731689453125,0.044403076171875,0.00067138671875
test/attack/digital_3/iphone15pro/ukraine-NF-1106.jpg,data/processed/policy_c_official_test/test/attack/digital_3/iphone15pro/ukraine-NF-1106.jpg,ukraine-NF-1106,attack,digital_3,iphone15pro,1,74,f4dd0bb792e9d089bef3fa7171bca73864fb9f0bf96edc7118a0f3cff8c75823,696e9cf1063b243fb86141af381e7a74df46901f6d6d5b22e36bb3a7dae11118,dev_val,train/bonafide/iphone15pro/ukraine-NF-1106.jpg,74.0,85756a2b717eacbde1bf28876ea4ccd35e3b27f0ccd0cb39060cf65457c85f42,matched_project,0.0063743591308593,0.0139007568359375,0.0075263977050782,0.045684814453125,0.046112060546875,0.00042724609375
test/attack/digital_3/iphone15pro/ukraine-NM-1007.jpg,data/processed/policy_c_official_test/test/attack/digital_3/iphone15pro/ukraine-NM-1007.jpg,ukraine-NM-1007,attack,digital_3,iphone15pro,1,78,b31b4af201f5faaeec4bb4f9bb6ddcc2d1a73baa676f6d83072737cb519885f2,597c2a3429cf47c35c0a53b4d81e3c5052e9c2d1d2515367d6e81ab45a2ad35b,project_train,train/bonafide/iphone15pro/ukraine-NM-1007.jpg,78.0,9643aa04c65a6beed3e91391a9596e2a417e14cf70c8dac46094baa7a9b00868,matched_project,0.0021610260009765,0.0013513565063476,-0.0008096694946289,0.046295166015625,0.045013427734375,-0.00128173828125
test/attack/digital_3/iphone15pro/usa-009_03.jpg,data/processed/policy_c_official_test/test/attack/digital_3/iphone15pro/usa-009_03.jpg,usa-009_03,attack,digital_3,iphone15pro,1,50,957fcc4d3259b8c1a027b622222bc14079a6e6588a5fba8f325904103aa6be5a,4bea826bca430af87139134c7153581179144bd8dd907964137905fea2ebed3e,project_train,train/bonafide/iphone15pro/usa-009_03.jpg,50.0,26e4e2029a7a516bb7d10a7987c8a3e2de2dd6be96ad6932b2b456273d84aae6,matched_project,0.009429931640625,0.011138916015625,0.001708984375,0.03350830078125,0.056640625,0.02313232421875
test/attack/digital_3/iphone15pro/usa-011_03.jpg,data/processed/policy_c_official_test/test/attack/digital_3/iphone15pro/usa-011_03.jpg,usa-011_03,attack,digital_3,iphone15pro,1,50,827a2b5e320297061c68df64354480d21540201bf9dc29aa4b7c440f0c149db4,a0d6c1ae22dbe370b264437babbe84ca0c44e192a1002c37373321d03411e7b7,project_train,train/bonafide/iphone15pro/usa-011_03.jpg,50.0,adbadf3e2e9be7d2bade375dec6d00946c5b7dfba7ed9f63ecbb689dea2f45b2,matched_project,0.0098953247070312,0.0078125,-0.0020828247070311997,0.032745361328125,0.04046630859375,0.007720947265625
test/attack/digital_3/iphone15pro/usa-016_03.jpg,data/processed/policy_c_official_test/test/attack/digital_3/iphone15pro/usa-016_03.jpg,usa-016_03,attack,digital_3,iphone15pro,1,85,081a06ee79b701ec897d3429762b0f4fd71672445f1e0d252008a04e03f7fe8d,007e10e669327e1b49c435070e39cbe098e69bdb3700dc00434fdd9e2b172809,project_train,train/bonafide/iphone15pro/usa-016_03.jpg,85.0,31bc1448350839781d504318ee2aa6f27469b1c8b364cc8d98974223ac655003,matched_project,0.0050888061523437,0.0178375244140625,0.0127487182617188,0.03253173828125,0.035552978515625,0.003021240234375
test/attack/digital_3/iphone15pro/usa-034_03.jpg,data/processed/policy_c_official_test/test/attack/digital_3/iphone15pro/usa-034_03.jpg,usa-034_03,attack,digital_3,iphone15pro,1,77,83d18c74efadbc6c700b7591b21e564253ff15ac399f2951b4843865f6c11793,e016a2cc94e7028069b1b1effbd435560b9b4b751776f82939c6736c45b2b323,dev_val,train/bonafide/iphone15pro/usa-034_03.jpg,77.0,1ac69f192285bc817048fc0ce54f1fd35344ee270eef9afdd1a756c7f5aa6f78,matched_project,0.0184173583984375,0.034515380859375,0.0160980224609375,0.032989501953125,0.038238525390625,0.0052490234375
test/attack/digital_3/iphone15pro/usa-043_03.jpg,data/processed/policy_c_official_test/test/attack/digital_3/iphone15pro/usa-043_03.jpg,usa-043_03,attack,digital_3,iphone15pro,1,84,988c62004a444225b317390b7b12d34aaf95c77597769e4d49d259d243682a15,968de3c4df3c650824699f0113d6b9f7f79c3410df5da6eb24acb563e07385a0,project_train,train/bonafide/iphone15pro/usa-043_03.jpg,84.0,3dc33aa9ed45b7cb688b3277216eb872be5db9d7bca5020329ac74321a9ad56e,matched_project,0.0120086669921875,0.0128936767578125,0.000885009765625,0.032501220703125,0.0325927734375,9.1552734375e-05
test/attack/digital_3/iphone15pro/usa-063_03.jpg,data/processed/policy_c_official_test/test/attack/digital_3/iphone15pro/usa-063_03.jpg,usa-063_03,attack,digital_3,iphone15pro,1,83,38daf72c6e67c2a3515ff47f38a48d0e30e91e7e35e3d7db78bfaaeeeea2e01e,a1fbc68a6adc4dcb4c82506603fdf3fdd69a8bd29ecc8393da6802d2728b784b,project_train,train/bonafide/iphone15pro/usa-063_03.jpg,83.0,b93842d22807a8bdaf2089c48d94c8ee3c262e174facc5f2beba60a694fcbd9c,matched_project,0.0082015991210937,0.0106964111328125,0.0024948120117188003,0.031768798828125,0.032470703125,0.000701904296875
test/attack/digital_3/iphone15pro/usa-067_03.jpg,data/processed/policy_c_official_test/test/attack/digital_3/iphone15pro/usa-067_03.jpg,usa-067_03,attack,digital_3,iphone15pro,1,90,6eea842f3d16da9adc4a5e97f3a364432b6713a9e2c4aadc23c3cb9f8eb231ca,cf017b1704fa0524e778dd7a8b512fda502f44477efd69613b29f911587ec840,dev_val,train/bonafide/iphone15pro/usa-067_03.jpg,90.0,fefdd3f5ed1423783c0e691cf100412360953dac4de4a8fca712eb420352dbf5,matched_project,0.0040550231933593,0.061248779296875,0.0571937561035157,0.0311126708984375,0.033905029296875,0.0027923583984375
test/attack/digital_3/iphone15pro/usa-117_03.jpg,data/processed/policy_c_official_test/test/attack/digital_3/iphone15pro/usa-117_03.jpg,usa-117_03,attack,digital_3,iphone15pro,1,60,e46dd1eafe66ce2b8b98630bebf52730ed7f5cecdd8ff26b2696219356702e84,2b3fbb75a9a8070d063cde9cf6e4d019696093bd337ea1c1715eb13977a7384a,project_train,train/bonafide/iphone15pro/usa-117_03.jpg,60.0,f7f0dcea99f02cb2c21ccbc8cfcd7239cdbd8503ecf828cbb855a56bcbce0a6e,matched_project,0.0142288208007812,0.0141983032226562,-3.0517578125e-05,0.033538818359375,0.034423828125,0.000885009765625
test/attack/digital_3/iphone15pro/usa-134_03.jpg,data/processed/policy_c_official_test/test/attack/digital_3/iphone15pro/usa-134_03.jpg,usa-134_03,attack,digital_3,iphone15pro,1,81,4807e190d19bd6f554e0f3eb1ecbaad321b8e16b0cc259237d35ecd9eac1b914,075738a1fae95c303b3517ea1375fcdeafbcd7ece592d177b41edea7576af78d,project_train,train/bonafide/iphone15pro/usa-134_03.jpg,81.0,2dc4fc08a6cbb0c318d0c00e9e8f3b539ef717d499399f0216bf2dbf68c91221,matched_project,0.0077552795410156,0.0098953247070312,0.0021400451660156,0.0312042236328125,0.94580078125,0.9145965576171875
test/attack/digital_3/iphone15pro/usa-136_03.jpg,data/processed/policy_c_official_test/test/attack/digital_3/iphone15pro/usa-136_03.jpg,usa-136_03,attack,digital_3,iphone15pro,1,81,474e4781d65e5cd724875c640773eb4bd77a58d1d73b2294932211ea1f1285de,409b91d1300f974873dd08f7c02a592cdd7641d6ef5aaac9a794b9083de02d90,project_train,train/bonafide/iphone15pro/usa-136_03.jpg,81.0,1bebe98832b6aecb5b687a7f92f365ec98ef45cab83f86ba8ccdf972233ae1ca,matched_project,0.03204345703125,0.027069091796875,-0.004974365234375,0.033111572265625,0.044891357421875,0.01177978515625
test/attack/digital_3/iphone15pro/usa-137_03.jpg,data/processed/policy_c_official_test/test/attack/digital_3/iphone15pro/usa-137_03.jpg,usa-137_03,attack,digital_3,iphone15pro,1,88,8f54d28467d117e9a24cdb4a143ff7bdcece73d634da026dd513b666106cf233,5990aea28226585244ef5754f1d616c5aa7dafb0640091e2cb02bee23526ec45,project_train,train/bonafide/iphone15pro/usa-137_03.jpg,88.0,40820c53574bc9236e1c9147c5ac6c052ca52036c73880db288c740245063e45,matched_project,0.014312744140625,0.017852783203125,0.0035400390625,0.0374755859375,0.266357421875,0.2288818359375
test/attack/digital_3/iphone15pro/usa-NF-1004.jpg,data/processed/policy_c_official_test/test/attack/digital_3/iphone15pro/usa-NF-1004.jpg,usa-NF-1004,attack,digital_3,iphone15pro,1,87,215f918de64eee753390b16c2c60501c87a221547a2214eb17b63c8e95a674b6,0c63373a8524ce3bde583e781e553b3d7a8f787d6ec04ec3103dfae107186400,project_train,train/bonafide/iphone15pro/usa-NF-1004.jpg,87.0,464327d4f10209427d9aba31a150cea110372c3790e7331bc7195fc677d83df7,matched_project,0.0051078796386718,0.0121917724609375,0.0070838928222657,0.03369140625,0.09039306640625,0.05670166015625
test/attack/digital_3/iphone15pro/usa-NF-1009.jpg,data/processed/policy_c_official_test/test/attack/digital_3/iphone15pro/usa-NF-1009.jpg,usa-NF-1009,attack,digital_3,iphone15pro,1,79,134209bf5bb9e70fd1046d6d86d6a3ac3d53c7eb44967e698cafe58f55870f30,124c5e2b55246989157cd877cfa9c5b8cf7bd0509d4a6f62b152ffcb004076b9,project_train,train/bonafide/iphone15pro/usa-NF-1009.jpg,79.0,a30f741d509449cdaabd0d22b3e7b0971fa3cc448ceb00c040eba15feab8f350,matched_project,0.0152511596679687,0.0163116455078125,0.0010604858398438003,0.053955078125,0.083984375,0.030029296875
test/attack/digital_3/iphone15pro/usa-NF-1017.jpg,data/processed/policy_c_official_test/test/attack/digital_3/iphone15pro/usa-NF-1017.jpg,usa-NF-1017,attack,digital_3,iphone15pro,1,51,f3959ab5879fa0f0cb1e894896e421f93a1a4aded846ec020c4da09d95e62d7f,e39fbf05a1e47a29a62fa66fbcb651ff9de68e857b6cfead2fa2099f554a4a56,project_train,train/bonafide/iphone15pro/usa-NF-1017.jpg,51.0,fcb1bd342e5aa0f9af3fa1a7f098ff6457260cd012a20c763801b9b35e73a932,matched_project,0.016754150390625,0.0205230712890625,0.0037689208984375,0.0357666015625,0.035888671875,0.0001220703125
test/attack/digital_3/iphone15pro/usa-NF-1036.jpg,data/processed/policy_c_official_test/test/attack/digital_3/iphone15pro/usa-NF-1036.jpg,usa-NF-1036,attack,digital_3,iphone15pro,1,62,d1d007dc4bb28589e43b01875c16d30a0ffdcd07ef6df263cff829117f653c61,b846f366f6f3283cd74c1ccd5450c677d6725a2e56cb26e5b6dd25b35854920c,dev_val,train/bonafide/iphone15pro/usa-NF-1036.jpg,62.0,b0e3e02838aa6b883c832d3cd8d818c45eade724f58cfb1b427d3993be35b696,matched_project,0.06689453125,0.03155517578125,-0.03533935546875,0.037078857421875,0.035980224609375,-0.0010986328125
test/attack/digital_3/iphone15pro/usa-NF-1044.jpg,data/processed/policy_c_official_test/test/attack/digital_3/iphone15pro/usa-NF-1044.jpg,usa-NF-1044,attack,digital_3,iphone15pro,1,62,5b132e5424d48d81db40b1d738c09262d46d854d0397e802b93fd6d67fe5084d,91e9d231a096861ca251071bf794ec7dfece017764dbc588f2dac400b37513a7,project_train,train/bonafide/iphone15pro/usa-NF-1044.jpg,62.0,1402f5c3d6ced0f66e83e06989d24fb5cdeae25b8fe91ad48b60321204a89764,matched_project,0.0535888671875,0.06549072265625,0.01190185546875,0.034881591796875,0.03863525390625,0.003753662109375
test/attack/digital_3/iphone15pro/usa-NF-1046.jpg,data/processed/policy_c_official_test/test/attack/digital_3/iphone15pro/usa-NF-1046.jpg,usa-NF-1046,attack,digital_3,iphone15pro,1,65,b21c4fd7387c4892a721f15a110b5c2c83187400d8f154d08dc6114788b54e9d,b3aa4e66b2c936b51e6300d01657ca94466d62e9485c2e4e29c2965783e83696,project_train,train/bonafide/iphone15pro/usa-NF-1046.jpg,65.0,b478c5b4436970ae64fe6c67d81f56bd92c674861833a290d5eacd6dee01f88b,matched_project,0.0134048461914062,0.0218658447265625,0.0084609985351563,0.03369140625,0.035247802734375,0.001556396484375
test/attack/digital_3/iphone15pro/usa-NF-1051.jpg,data/processed/policy_c_official_test/test/attack/digital_3/iphone15pro/usa-NF-1051.jpg,usa-NF-1051,attack,digital_3,iphone15pro,1,52,6ad56736326c24e94c00f6ed1dfcec51e799413248d358451c9cfe218d09bf47,d224e84625cb7df2ccfbf9479a3e02ae92c3d53fd0aeb0650292d10248916c73,project_train,train/bonafide/iphone15pro/usa-NF-1051.jpg,52.0,ee5bd12d4669c3f4e5739f33fadc26098eb46449a5bfda0fc5849be70153fb03,matched_project,0.0161590576171875,0.0235748291015625,0.007415771484375,0.0340576171875,0.04052734375,0.0064697265625
test/attack/digital_3/iphone15pro/usa-NF-1062.jpg,data/processed/policy_c_official_test/test/attack/digital_3/iphone15pro/usa-NF-1062.jpg,usa-NF-1062,attack,digital_3,iphone15pro,1,55,9f06a570caa3ba1c9aa1a80414bc86447eacf4d41faa244c0b9299679fe886b2,948ec07fc8d6854a5b78d50e49945e6463e79c792d2c74f09cd35c0db4283c5d,project_train,train/bonafide/iphone15pro/usa-NF-1062.jpg,55.0,4d8f36662e642540da00d38aa3eeeb273f32b0deca000e06918e792d6214233b,matched_project,0.0086746215820312,0.0110702514648437,0.0023956298828125,0.0357666015625,0.041961669921875,0.006195068359375
test/attack/digital_3/iphone15pro/usa-NF-1065.jpg,data/processed/policy_c_official_test/test/attack/digital_3/iphone15pro/usa-NF-1065.jpg,usa-NF-1065,attack,digital_3,iphone15pro,1,56,2121f584d94894b532d57b5ee87d96607caa1cef154fcd372d55ffeef94fa58b,24d5d8717dc586ee0bb6f4b85bd39ec7e5fe6d12f9b84442a167b28e498131ea,dev_val,train/bonafide/iphone15pro/usa-NF-1065.jpg,56.0,2d36f3d9ac752c7f8c07b21273683912e93e785ad33fe24ae19faa3382f3189f,matched_project,0.03997802734375,0.037109375,-0.00286865234375,0.03558349609375,0.037994384765625,0.002410888671875
test/attack/digital_3/iphone15pro/usa-NF-1071.jpg,data/processed/policy_c_official_test/test/attack/digital_3/iphone15pro/usa-NF-1071.jpg,usa-NF-1071,attack,digital_3,iphone15pro,1,70,137c49384f40ae913980c3265df0495a6fc85761ca11daad9de4ad70e5765221,db05ce8640d139f4b36f97ad91bfb1199bedc12beb383393aebe83b9cf752c12,project_train,train/bonafide/iphone15pro/usa-NF-1071.jpg,70.0,715b90aae7dac318725655f41e97b4e3e2b42b03061e2c9580bb00a5ad775f9b,matched_project,0.009002685546875,0.0146713256835937,0.0056686401367187,0.033660888671875,0.034881591796875,0.001220703125
test/attack/digital_3/iphone15pro/usa-NF-1076.jpg,data/processed/policy_c_official_test/test/attack/digital_3/iphone15pro/usa-NF-1076.jpg,usa-NF-1076,attack,digital_3,iphone15pro,1,83,0fbab6e2352d5738bc321123a9135addcb88122e15579edb4c09ed8a2f35a211,df4ddf0557e832017304bfacb5f0b09cd486ac0627064a647ae605a3e6368b0d,dev_val,train/bonafide/iphone15pro/usa-NF-1076.jpg,83.0,5e399aded20f31505f42c3925527baf59b31908649b796b759b4febb77d6b63a,matched_project,0.0156402587890625,0.0226287841796875,0.006988525390625,0.034088134765625,0.03631591796875,0.002227783203125
test/attack/digital_3/iphone15pro/usa-NF-1093.jpg,data/processed/policy_c_official_test/test/attack/digital_3/iphone15pro/usa-NF-1093.jpg,usa-NF-1093,attack,digital_3,iphone15pro,1,83,be03fd4aa39701b231c476d5f89e7971891fa2881b374734e36d9182464f154b,40aca999e6236cfadf0932daa641826b5508b7aadfc906008a095d5d3f2a35bc,project_train,train/bonafide/iphone15pro/usa-NF-1093.jpg,83.0,ca3df2952a0281264f2582a5e27fd88c5d96786f18ed7a5fb1ae6474c24e6a06,matched_project,0.012481689453125,0.0155410766601562,0.0030593872070311997,0.03265380859375,0.032989501953125,0.000335693359375
test/attack/digital_3/iphone15pro/usa-NF-1094.jpg,data/processed/policy_c_official_test/test/attack/digital_3/iphone15pro/usa-NF-1094.jpg,usa-NF-1094,attack,digital_3,iphone15pro,1,66,cba1f4b2f7e6039eb6c8f0686e040e70022d39fb529c7bb8d66ece659ce9a205,6b0ce6d274c9cd8c5a133c0a9460b4bc9c3993faea5dee03fc0e64a8f4d1bc92,project_train,train/bonafide/iphone15pro/usa-NF-1094.jpg,66.0,323fee699d936eb366801a53095bfafdaf0c1f1eb40d393af2bf26be218e5f74,matched_project,0.0101699829101562,0.01678466796875,0.0066146850585938,0.034393310546875,0.40771484375,0.373321533203125
test/attack/digital_3/iphone15pro/usa-NM-1038.jpg,data/processed/policy_c_official_test/test/attack/digital_3/iphone15pro/usa-NM-1038.jpg,usa-NM-1038,attack,digital_3,iphone15pro,1,78,1dde8951c8aaf4659fd0d27301836d8e6ac2f6e61a149072e110c566f4327a94,0a1621c79b36de5fb92f3566c93a518008ffef2954d82a084d0791a4721afdfd,dev_val,train/bonafide/iphone15pro/usa-NM-1038.jpg,78.0,2eeaec4072f1f2c3ad48902c0fc2a5898151ef0332136b92d8db302cae5ce4ac,matched_project,0.018341064453125,0.0084762573242187,-0.0098648071289063,0.0347900390625,0.09100341796875,0.05621337890625
test/attack/digital_3/iphone15pro/usa-NM-1052.jpg,data/processed/policy_c_official_test/test/attack/digital_3/iphone15pro/usa-NM-1052.jpg,usa-NM-1052,attack,digital_3,iphone15pro,1,63,fdafe1c6eddd0261d163c49cf96e46b673ff116e7eb28df19805cc4b6862e332,d6629149317b91b62a8614554000a85fc9f6ee47115bf4d8b532343155d56119,project_train,train/bonafide/iphone15pro/usa-NM-1052.jpg,63.0,20d38059794891e140214d92a8d940c0af563e8f7c1aa700333280b28bb389aa,matched_project,0.007080078125,0.0073165893554687,0.0002365112304686997,0.032623291015625,0.033538818359375,0.00091552734375
test/attack/digital_3/scan/arabic-003_03.jpg,data/processed/policy_c_official_test/test/attack/digital_3/scan/arabic-003_03.jpg,arabic-003_03,attack,digital_3,scan,1,68,88b465c35b610751d1959b2dac366179e0d6fea65243e4de8ce0154e7218f532,b01f8acfbd96f814531c394cfd07de66cf8e8674bcfa05ff66041e1d4ebd3de3,project_train,train/bonafide/scan/arabic-003_03.jpg,68.0,72c0cc1520d6e9bd93316d35f089099a5ae25b2971b867ac612e366341e72126,matched_project,0.0041427612304687,0.0347900390625,0.0306472778320313,0.02276611328125,0.0635986328125,0.04083251953125
test/attack/digital_3/scan/arabic-005_03.jpg,data/processed/policy_c_official_test/test/attack/digital_3/scan/arabic-005_03.jpg,arabic-005_03,attack,digital_3,scan,1,73,5ad5b48fef9f1618b5bd5dfe7e5277661cecfe4384559e551aba5d269ab6d115,2620f5ccca54e44e6fec55a27d44d17fa5477c08e535fa4f5ec5ef48366c9434,project_train,train/bonafide/scan/arabic-005_03.jpg,73.0,975cb3dba3e02bb2e54c73e30335ccb9933dd4876b5fc38e9112a5773fb185a6,matched_project,0.009613037109375,0.0167999267578125,0.0071868896484375,0.024169921875,0.10089111328125,0.07672119140625
test/attack/digital_3/scan/arabic-024_03.jpg,data/processed/policy_c_official_test/test/attack/digital_3/scan/arabic-024_03.jpg,arabic-024_03,attack,digital_3,scan,1,74,0228c89de726bbc8bdda3ea6b3aeb45c0c34b4aa4125cd2c4c60eb0ea5ea1568,e9d6f687d959f8ceee437a909e6e2d0feb63014bcff7561c2a4aa0267eb563ec,dev_val,train/bonafide/scan/arabic-024_03.jpg,74.0,01bf0d1afca29a697acd2f0893b1d4420c87793e6c968b2375b1ac0e009bf89e,matched_project,0.0125274658203125,0.0293121337890625,0.01678466796875,0.022918701171875,0.0242156982421875,0.0012969970703125
test/attack/digital_3/scan/arabic-112_03.jpg,data/processed/policy_c_official_test/test/attack/digital_3/scan/arabic-112_03.jpg,arabic-112_03,attack,digital_3,scan,1,70,f2ddfe083198c9d193851d55532f79b42ef497ca820f0a594d23a06202763e21,3935a16f07c033aee225538474eb09f6d9f5a00574044bc63d8ac687569bf82f,project_train,train/bonafide/scan/arabic-112_03.jpg,70.0,af517fd446790869c3f6c9887e5270fc2f00ffc4431db69a6891bf9de75d2956,matched_project,0.0021038055419921,0.039154052734375,0.0370502471923829,0.023956298828125,0.0243072509765625,0.0003509521484375
test/attack/digital_3/scan/arabic-120_03.jpg,data/processed/policy_c_official_test/test/attack/digital_3/scan/arabic-120_03.jpg,arabic-120_03,attack,digital_3,scan,1,65,07a2f8fc908d1de1c8f055b7cd0d7d8f3285ba2f323f60b5ab00b637bc75e299,ec13b64536fdbc4b2ab057db8b14affb72a60430a9fc4ddb3c5423aee8a5ee7d,dev_val,train/bonafide/scan/arabic-120_03.jpg,65.0,7949f5704996bb94ac8db4a9edab6d859682fd6c205a02a78e467d5036a4ae28,matched_project,0.004364013671875,0.0071220397949218,0.0027580261230468004,0.0240020751953125,0.0242156982421875,0.000213623046875
test/attack/digital_3/scan/arabic-131_03.jpg,data/processed/policy_c_official_test/test/attack/digital_3/scan/arabic-131_03.jpg,arabic-131_03,attack,digital_3,scan,1,83,a417bb037c205dc97195fcb6c082cce55482745cf1bf23391c1b19e883fe47d0,cfced8043dcd4cf742346222c514db1359f5f5c02b0e79a3e8620bbb86fceacb,project_train,train/bonafide/scan/arabic-131_03.jpg,83.0,0a2b5c5695260f99a92ca528b39d6dd2d09e7dc65f2a712eb37be1c77dbf24c8,matched_project,0.0040321350097656,0.061309814453125,0.0572776794433594,0.0223541259765625,0.0246124267578125,0.00225830078125
test/attack/digital_3/scan/arabic-139_03.jpg,data/processed/policy_c_official_test/test/attack/digital_3/scan/arabic-139_03.jpg,arabic-139_03,attack,digital_3,scan,1,56,815f3ce70c39de14e2ef5eebfe99996630bc4ae21765732ba09b89ffb76673e9,9ec15687d33f10d428e0382f5ed0eefab46bff0063a4fc8ca3f7c9f62a487821,project_train,train/bonafide/scan/arabic-139_03.jpg,56.0,66365c076f2b5c708fe50c95c1926071dcd5f8f2cccc903a3e5239e5910490d5,matched_project,0.0046730041503906,0.032958984375,0.0282859802246094,0.02313232421875,0.615234375,0.59210205078125
test/attack/digital_3/scan/arabic-173_03.jpg,data/processed/policy_c_official_test/test/attack/digital_3/scan/arabic-173_03.jpg,arabic-173_03,attack,digital_3,scan,1,66,293d45f97b2a82f371c23f9929b68243469fd93135769e3e87fb3ffe2871f4f1,88bba79bdb6ef7f34aa208b1b92de48f1dc446888b9fe2130dbae335e2fecbab,project_train,train/bonafide/scan/arabic-173_03.jpg,66.0,4ede2484582ce75a38b79f817b36530f596dbc2a90561c7943ec2d6ade87819c,matched_project,0.0048942565917968,0.0192718505859375,0.0143775939941407,0.0215911865234375,0.0221405029296875,0.00054931640625
test/attack/digital_3/scan/arabic-NF-1003.jpg,data/processed/policy_c_official_test/test/attack/digital_3/scan/arabic-NF-1003.jpg,arabic-NF-1003,attack,digital_3,scan,1,53,601e82f79061e9fafb37951388535511615992370ebd133a74dd3484aa4c635c,56d0e2757df3a32d85b51a5085449d3ef510f9f1ca4131143d105382c1ebb35d,project_train,train/bonafide/scan/arabic-NF-1003.jpg,53.0,c3e9fecd7699ce4f9e40ee817add85e3cfb0445afb370015e578d951ec173193,matched_project,0.0031108856201171,0.033355712890625,0.0302448272705079,0.029510498046875,0.31884765625,0.289337158203125
test/attack/digital_3/scan/arabic-NF-1012.jpg,data/processed/policy_c_official_test/test/attack/digital_3/scan/arabic-NF-1012.jpg,arabic-NF-1012,attack,digital_3,scan,1,80,87a1dabdd0145a4b799270cf8712b71ec30e4d862fde03b78ef3fcc2cddc2e29,1d332fee441380c29fec279affe98cfb7bf0ab1cf12fd7d3a4f44ea9e35d7b21,project_train,train/bonafide/scan/arabic-NF-1012.jpg,80.0,2335b251815b56fdc184ea5452f76aaa7c4c9f3b971f8f1712729c3c727ce2f8,matched_project,0.0019044876098632,0.0054473876953125,0.0035429000854493003,0.024169921875,0.024444580078125,0.000274658203125
test/attack/digital_3/scan/arabic-NF-1030.jpg,data/processed/policy_c_official_test/test/attack/digital_3/scan/arabic-NF-1030.jpg,arabic-NF-1030,attack,digital_3,scan,1,83,02f26b97d9a06b3287b3a2573800e0c20e9b83e9121f464c6d6d4573aede403e,406059c397ebf205bc364e48fbc9f3a0e73ddb3084e60c9ec156581b4b3590a0,project_train,train/bonafide/scan/arabic-NF-1030.jpg,83.0,d62e713b37f878cd5189afcba837e830509d135fa80acfc6f0d95de6fe67241b,matched_project,0.0135040283203125,0.035247802734375,0.0217437744140625,0.0265045166015625,0.026763916015625,0.0002593994140625
test/attack/digital_3/scan/arabic-NF-1037.jpg,data/processed/policy_c_official_test/test/attack/digital_3/scan/arabic-NF-1037.jpg,arabic-NF-1037,attack,digital_3,scan,1,59,4b089af9aeb49a60349de0d3ad18ee71d2ff88958870cbbdd08cbf03f055e0fc,fc6eb5f3f2a076ea5e0c0358d1ee6fcbdf0e33a3d06d65d755a5cc57899cd6da,project_train,train/bonafide/scan/arabic-NF-1037.jpg,59.0,dac4e322814fef19c0fc9c8c949eedaafedf5f9430c0a7bde29d1d37a8ab8963,matched_project,0.0027523040771484,0.0099716186523437,0.0072193145751952995,0.0233917236328125,0.0245361328125,0.0011444091796875
test/attack/digital_3/scan/arabic-NF-1040.jpg,data/processed/policy_c_official_test/test/attack/digital_3/scan/arabic-NF-1040.jpg,arabic-NF-1040,attack,digital_3,scan,1,71,2baae6a3b0ebbd1ad114c1d6cfd47766dcc1a7cb20d80508722a5bfbb92824b8,38eb2792473655adafedbcfdddc43903e4aca64d7fdc6cd48d918462e348a304,project_train,train/bonafide/scan/arabic-NF-1040.jpg,71.0,0c81edc2389e03ce637a5cacb032ac7bc7d74ef1bb4536ba9e9ad7caf128ffdb,matched_project,0.0048027038574218,0.031585693359375,0.0267829895019532,0.024627685546875,0.02496337890625,0.000335693359375
test/attack/digital_3/scan/arabic-NF-1045.jpg,data/processed/policy_c_official_test/test/attack/digital_3/scan/arabic-NF-1045.jpg,arabic-NF-1045,attack,digital_3,scan,1,67,f4ba2a1fa2a988eeb419a9fc22ed02db41d713316bf26d885265fe3e6c3a18fb,d4051fa65f722329357b148e43d100f7683c52604234dddc4b67fb165f0dd016,project_train,train/bonafide/scan/arabic-NF-1045.jpg,67.0,d72e8ee215ddfe0bd776804f89af4cf355f489e86173da2a0ba03e26c6685e37,matched_project,0.0049514770507812,0.0162200927734375,0.0112686157226563,0.0242156982421875,0.0260772705078125,0.001861572265625
test/attack/digital_3/scan/arabic-NF-1048.jpg,data/processed/policy_c_official_test/test/attack/digital_3/scan/arabic-NF-1048.jpg,arabic-NF-1048,attack,digital_3,scan,1,50,8822c93f791eaebf47cde841596f7b1349bcc6835721b6e0baba15bd2a93daf9,88efae73ce6f5c7b8983e850f50b5da9f2162f9ebb21e628278266f325de9829,dev_val,train/bonafide/scan/arabic-NF-1048.jpg,50.0,4e3245e68f40871a516f545d1d2c23660a844abf0dc0cd25507299f077874036,matched_project,0.0148544311523437,0.0182952880859375,0.0034408569335938003,0.0236663818359375,0.0239410400390625,0.000274658203125
test/attack/digital_3/scan/arabic-NF-1049.jpg,data/processed/policy_c_official_test/test/attack/digital_3/scan/arabic-NF-1049.jpg,arabic-NF-1049,attack,digital_3,scan,1,56,dcc5c99d742069e6497621cc4989046c7e7195a678483396ad35472ad1979c1e,c366e0f2907a089f4d89bf93d75ecf538726c89060ae5b8d5230fb02cb564978,project_train,train/bonafide/scan/arabic-NF-1049.jpg,56.0,ed575be46dd087f18bf6631ad1324265b1d3ba5397846dcf1ed0e6e81564c52e,matched_project,0.0054588317871093,0.06854248046875,0.0630836486816407,0.0243988037109375,0.2213134765625,0.1969146728515625
test/attack/digital_3/scan/arabic-NF-1053.jpg,data/processed/policy_c_official_test/test/attack/digital_3/scan/arabic-NF-1053.jpg,arabic-NF-1053,attack,digital_3,scan,1,55,8740d97d0c9ee76cd5212bd593c9c2ce2ce64b294a9d8cfd56e714e8cf60ce04,dcfb50f69df349f37568fc7a6899dec9271e5a45ae5da2c07427d5adb7dcf398,project_train,train/bonafide/scan/arabic-NF-1053.jpg,55.0,00af2eaf5b75208c7318e5229b09c801e7a26b975d272ac82f8d3cc2ff7c73a7,matched_project,0.0060043334960937,0.056488037109375,0.0504837036132813,0.023345947265625,0.2430419921875,0.219696044921875
test/attack/digital_3/scan/arabic-NF-1098.jpg,data/processed/policy_c_official_test/test/attack/digital_3/scan/arabic-NF-1098.jpg,arabic-NF-1098,attack,digital_3,scan,1,90,5b557db04d4a19cf60abfcf6e63f2a8876fc21ab46988980ff3f138a095d4e0e,5ffe1215a22ee50d512a7c57d3aab4fb113ff5f0e4ee5c147cfac3a7423eb6d3,dev_val,train/bonafide/scan/arabic-NF-1098.jpg,90.0,92cf65c34a5c3e81f4640f9971316095201d7d52e23a4f13cc9f1d7e5592a80d,matched_project,0.0089645385742187,0.029388427734375,0.0204238891601563,0.024993896484375,0.0258331298828125,0.0008392333984375
test/attack/digital_3/scan/arabic-NF-1100.jpg,data/processed/policy_c_official_test/test/attack/digital_3/scan/arabic-NF-1100.jpg,arabic-NF-1100,attack,digital_3,scan,1,69,a7eed8880f9cbd4e8c33f62ce2778677f68ff5227656d60aca9c01686d832908,4b8666836330a6614560380d782d6c26de70baa3092314c6463bc3f1664a000d,project_train,train/bonafide/scan/arabic-NF-1100.jpg,69.0,cef67046078218642a3ca9c0b1a1d09124bdae6d169583a3cbe41da5264c7a93,matched_project,0.021209716796875,0.0687255859375,0.047515869140625,0.023651123046875,0.024993896484375,0.0013427734375
test/attack/digital_3/scan/arabic-NM-1029.jpg,data/processed/policy_c_official_test/test/attack/digital_3/scan/arabic-NM-1029.jpg,arabic-NM-1029,attack,digital_3,scan,1,76,38ced1ed6a0ee570715db35e1a534085a9b3edca3e9edf11cdc90a2e683f2fe4,8b5c3a31d1a55e1cf367d9900d69a3eae0328abe1011a7f3590a1710b9b06f1a,project_train,train/bonafide/scan/arabic-NM-1029.jpg,76.0,d588154adf4200b14a6ffc655966b45b443e44ee6e81cffb4dc39368679560ba,matched_project,0.0034904479980468,0.0137176513671875,0.0102272033691407,0.0221405029296875,0.0231475830078125,0.001007080078125
test/attack/digital_3/scan/arabic-NM-1064.jpg,data/processed/policy_c_official_test/test/attack/digital_3/scan/arabic-NM-1064.jpg,arabic-NM-1064,attack,digital_3,scan,1,78,1c006d0b65d96651e941a6f35e4e2773449f8f47f6f5ba43918d118a0f7fd0ee,c5e13509e79811ec98d8f57d2bd2613cf8dca225330bd8fd6879a86aadd4dbff,project_train,train/bonafide/scan/arabic-NM-1064.jpg,78.0,211fe778df9034fd53dc4e675454a6f7def5a8036dc97e7330be8416fc476ab2,matched_project,0.0035724639892578,0.033905029296875,0.0303325653076172,0.023468017578125,0.0626220703125,0.039154052734375
test/attack/digital_3/scan/arabic-NM-1090.jpg,data/processed/policy_c_official_test/test/attack/digital_3/scan/arabic-NM-1090.jpg,arabic-NM-1090,attack,digital_3,scan,1,80,0f7928614bf8f3b472e8882c45fc5ed41762bf35cf21ba848b92913ac4af98d0,02c43a06982a29ec971724aad1d9c78947b91fdcd99b6a3bf246651d7a561ba2,dev_val,train/bonafide/scan/arabic-NM-1090.jpg,80.0,2936fa39f08a401da88377bfc110844eb187b9ffffa93ae66700c246da92f5ee,matched_project,0.0115509033203125,0.0211181640625,0.0095672607421875,0.0229339599609375,0.0230255126953125,9.1552734375e-05
test/attack/digital_3/scan/chinese-001_03.jpg,data/processed/policy_c_official_test/test/attack/digital_3/scan/chinese-001_03.jpg,chinese-001_03,attack,digital_3,scan,1,82,4fa3bf52a78889c6f85962fae846cf99889d0b286b3ec38459c0e3a26cb8c643,7d59defd796b99bc5794469a7dd0509441e032aa160929abe6decbcf67c5c3e4,dev_val,train/bonafide/scan/chinese-001_03.jpg,82.0,a56c527217ae887d83bdd6f8033952a80c4935662a63258bd5583bd5414f2a8b,matched_project,0.0041580200195312,0.0058097839355468,0.0016517639160156007,0.034210205078125,0.035064697265625,0.0008544921875
test/attack/digital_3/scan/chinese-018_03.jpg,data/processed/policy_c_official_test/test/attack/digital_3/scan/chinese-018_03.jpg,chinese-018_03,attack,digital_3,scan,1,71,e0ec38000a15cf9b384eae9738d0f9504fea54d29e94ba761d1ac706b3307c5e,7b0516d818384529f060b227b67a7bade938c8cefdd5943952caf911ce58ee88,project_train,train/bonafide/scan/chinese-018_03.jpg,71.0,1307754f9309b35296798042abddfdeaa3cae714ccc374d350900d6e7117c476,matched_project,0.0006918907165527,0.0006651878356933,-2.6702880859400045e-05,0.03363037109375,0.032867431640625,-0.000762939453125
test/attack/digital_3/scan/chinese-020_03.jpg,data/processed/policy_c_official_test/test/attack/digital_3/scan/chinese-020_03.jpg,chinese-020_03,attack,digital_3,scan,1,81,0cc140183f10492539e0910c772c6d2459d58393956275922e7e29788660b11e,b0055127434528d75100856412126cda7b6b7799a60d0cb1e28f78ba1bb84749,project_train,train/bonafide/scan/chinese-020_03.jpg,81.0,72290fc3cd26bef7a723bc148764f7493c89fd6804de86c571a519b18dee7385,matched_project,0.0011882781982421,0.0015459060668945,0.00035762786865240013,0.0335693359375,0.034454345703125,0.000885009765625
test/attack/digital_3/scan/chinese-039_03.jpg,data/processed/policy_c_official_test/test/attack/digital_3/scan/chinese-039_03.jpg,chinese-039_03,attack,digital_3,scan,1,62,78eb753a366bb6d36dd10e7dee8fa40ce18c2cbc9d34ac3812df9b06791af53f,33a705b3b77b9473e78657a99d883854b1d39c0abe036670a9e474a37f7ae0f0,project_train,train/bonafide/scan/chinese-039_03.jpg,62.0,d54c5d7e994998b8f3cdcfda4b0da9ca4a25de0ddc410d0e3287d0bf3722c7c9,matched_project,0.0022048950195312,0.006439208984375,0.0042343139648438,0.03363037109375,0.034576416015625,0.000946044921875
test/attack/digital_3/scan/chinese-064_03.jpg,data/processed/policy_c_official_test/test/attack/digital_3/scan/chinese-064_03.jpg,chinese-064_03,attack,digital_3,scan,1,60,84593c035564c206fdfeffa476de24150351aca2b3ff2f6e62a7391907455708,0b362efb5356b780d991a29acfba4de62ba0736c0f867f176235f07ca7611c3b,project_train,train/bonafide/scan/chinese-064_03.jpg,60.0,689643a2c1dd6289600d28ecbc37f2863b478ff08629962112dac281195e4712,matched_project,0.0031051635742187,0.0029811859130859,-0.00012397766113279992,0.034271240234375,0.034637451171875,0.0003662109375
test/attack/digital_3/scan/chinese-081_03.jpg,data/processed/policy_c_official_test/test/attack/digital_3/scan/chinese-081_03.jpg,chinese-081_03,attack,digital_3,scan,1,66,0118237d99a8e516d8ba041e9f0368b42984dbf84cec2def630d902cd70ee7e7,7923607c8c8cf847bd2e40bff35863bccfc84ef7d087cbccd4bb677018bfd757,project_train,train/bonafide/scan/chinese-081_03.jpg,66.0,afccff98045d07fc7666923854e26d92e3def0e464f504afac5d9d296b3a8381,matched_project,0.0098953247070312,0.0069427490234375,-0.0029525756835936997,0.03289794921875,0.032257080078125,-0.000640869140625
test/attack/digital_3/scan/chinese-096_03.jpg,data/processed/policy_c_official_test/test/attack/digital_3/scan/chinese-096_03.jpg,chinese-096_03,attack,digital_3,scan,1,79,e1c7df34649f5394583e40b8fc1f9c44b04d2ea3c1ad098c21f950c813398e9e,ad71faebdac12c05b476459ba688eeded2b6c444a841aab0fc352eb668c36d56,project_train,train/bonafide/scan/chinese-096_03.jpg,79.0,5a7b9a51cccc2f11c576d51a53e329456c73bb69966cee971cb093d80ad68671,matched_project,0.0021610260009765,0.0022792816162109,0.00011825561523440015,0.030242919921875,0.03076171875,0.000518798828125
test/attack/digital_3/scan/chinese-099_03.jpg,data/processed/policy_c_official_test/test/attack/digital_3/scan/chinese-099_03.jpg,chinese-099_03,attack,digital_3,scan,1,76,1df8f3620ffc637fd51bca48be10744b98556f1beab5a610ceabd96848c02253,56f98d96525bcd6ca1511dd7987d2ca037471da0d103ad712fff3e925d124a22,project_train,train/bonafide/scan/chinese-099_03.jpg,76.0,eb68905a2adc8bcec40ad842f65589338771100a73902b1d6070856d688d653d,matched_project,0.0020198822021484,0.001601219177246,-0.00041866302490240013,0.0330810546875,0.0330810546875,0.0
test/attack/digital_3/scan/chinese-102_03.jpg,data/processed/policy_c_official_test/test/attack/digital_3/scan/chinese-102_03.jpg,chinese-102_03,attack,digital_3,scan,1,72,2ce0fd099df264407a32cd8304b895359d715b12e939c06e48f0fff628607c0b,161ac4489867ad43393d660c1653a7417079fcfc8e6efdb55cc87c2492bb6a4f,project_train,train/bonafide/scan/chinese-102_03.jpg,72.0,fb45e1fb80d4ed37db8b53216abbe238047426380ef252be212ac158112df83f,matched_project,0.001871109008789,0.0018825531005859,1.1444091796899937e-05,0.033355712890625,0.033172607421875,-0.00018310546875
test/attack/digital_3/scan/chinese-107_03.jpg,data/processed/policy_c_official_test/test/attack/digital_3/scan/chinese-107_03.jpg,chinese-107_03,attack,digital_3,scan,1,66,b4fa213e3c707b1287c3ead28c882196d8e192c616f437e547f8575cbabc33a6,2f5510d63e2b12a59120ec4961d6584a343a6ef8220e200732bdc7c3f66d9547,project_train,train/bonafide/scan/chinese-107_03.jpg,66.0,ecb8203ad3aec8a2a3ed828687b8380cc7febad1df34a56d6c7d2d9278d75935,matched_project,0.0076065063476562,0.0096359252929687,0.0020294189453125,0.03192138671875,0.031951904296875,3.0517578125e-05
test/attack/digital_3/scan/chinese-113_03.jpg,data/processed/policy_c_official_test/test/attack/digital_3/scan/chinese-113_03.jpg,chinese-113_03,attack,digital_3,scan,1,58,06a7f9c831594b597c9e4f27619b541e99510713b12a553d5c1ecc464a543966,6a2b6c08e587e3b584480a91bc414d11f630ec04271d269a3bbd765f9c40d190,dev_val,train/bonafide/scan/chinese-113_03.jpg,58.0,1e1a75d777dd81c623a4d28087d88f0b86894468dc81e85138ac9e42c32a4126,matched_project,0.0068893432617187,0.0054702758789062,-0.0014190673828125,0.03350830078125,0.033905029296875,0.000396728515625
test/attack/digital_3/scan/chinese-142_03.jpg,data/processed/policy_c_official_test/test/attack/digital_3/scan/chinese-142_03.jpg,chinese-142_03,attack,digital_3,scan,1,65,fe90da1356387d3bdc7bd04ab6285794df2fd49041175e99b22fb7add3224bcb,ee7503b1d2c9849ef14a33beef517a3b819ef95e71203a7055049f8637d8efea,dev_val,train/bonafide/scan/chinese-142_03.jpg,65.0,82b238b19a3fb1b4e148ac9a050830511032b3eaf847d4855914f3b468292a2a,matched_project,0.01739501953125,0.014617919921875,-0.002777099609375,0.03253173828125,0.0325927734375,6.103515625e-05
test/attack/digital_3/scan/chinese-NF-1014.jpg,data/processed/policy_c_official_test/test/attack/digital_3/scan/chinese-NF-1014.jpg,chinese-NF-1014,attack,digital_3,scan,1,87,adf18afa334b28ce4893b3337ba0b29b49488edfe6fa81856a3ca34977ae06e3,256484c44f2164a4bcb5a38f67a17c3753a6cfc279f71d44c94590f1727e49ac,project_train,train/bonafide/scan/chinese-NF-1014.jpg,87.0,617c224b40f47aa14f5bf701359430f34ac80fa21f9f419fa1528aff3c737d16,matched_project,0.0042572021484375,0.0031719207763671,-0.0010852813720704,0.03662109375,0.036346435546875,-0.000274658203125
test/attack/digital_3/scan/chinese-NF-1023.jpg,data/processed/policy_c_official_test/test/attack/digital_3/scan/chinese-NF-1023.jpg,chinese-NF-1023,attack,digital_3,scan,1,63,18ca057068a86093c5d12281f57cd6514ac48e1c185479fd56878a969d7eb34f,95075774b6d95f4ed0ea03345f706c2cbd1c7be116e4e51a6251fc67b9cb3f0f,project_train,train/bonafide/scan/chinese-NF-1023.jpg,63.0,33b9eb4ecedd4715ac450e1cfdc27687575d7844a975a61610844c57c9082f4d,matched_project,0.0014753341674804,0.0012235641479492,-0.0002517700195311999,0.0360107421875,0.0360107421875,0.0
test/attack/digital_3/scan/chinese-NF-1042.jpg,data/processed/policy_c_official_test/test/attack/digital_3/scan/chinese-NF-1042.jpg,chinese-NF-1042,attack,digital_3,scan,1,73,33c089bad565488723a57d1658a27212a592587b5ea48afd6f9d67ffd755b521,90b1aaca4f934a320570eca59f71decf3388c986e206520edb22dd9e0ff8eb4f,project_train,train/bonafide/scan/chinese-NF-1042.jpg,73.0,5cb12794e57fdcb6d68e06220ea2dbc73700e3f7af8ed5fdb01f7e6a77ed3a35,matched_project,0.0088119506835937,0.0103912353515625,0.0015792846679688003,0.03460693359375,0.034027099609375,-0.000579833984375
test/attack/digital_3/scan/chinese-NF-1050.jpg,data/processed/policy_c_official_test/test/attack/digital_3/scan/chinese-NF-1050.jpg,chinese-NF-1050,attack,digital_3,scan,1,50,5517017c348166990e8678471a3206e5e9c79e7aa4687f77d0f91f5787ba9115,8da1609890631c190215dbb1ba1ca02defb31baad804c17226c7c1d233b216d7,dev_val,train/bonafide/scan/chinese-NF-1050.jpg,50.0,c81f6ba9cc6ea8c7fd4d5b2ceae33cdd3d53ec9b9cc62fd207f2af8d2ddc4e9c,matched_project,0.0029926300048828,0.0046005249023437,0.0016078948974608998,0.03350830078125,0.033843994140625,0.000335693359375
test/attack/digital_3/scan/chinese-NF-1059.jpg,data/processed/policy_c_official_test/test/attack/digital_3/scan/chinese-NF-1059.jpg,chinese-NF-1059,attack,digital_3,scan,1,79,3f8a0e96fc2d1e3d7e3e0d16cba5b4d8dde42d861de6dc66885f53017e34aca0,2621f30e63c1a54aed5db1c2cbe7b95aed97374f06c6f810a682c3e4452f957e,project_train,train/bonafide/scan/chinese-NF-1059.jpg,79.0,a2df1e25587f51bf224f2fbcf62209a588178124c5d88e3939cbcbb87989de40,matched_project,0.0019454956054687,0.0018062591552734,-0.00013923645019529992,0.035858154296875,0.036224365234375,0.0003662109375
test/attack/digital_3/scan/chinese-NF-1067.jpg,data/processed/policy_c_official_test/test/attack/digital_3/scan/chinese-NF-1067.jpg,chinese-NF-1067,attack,digital_3,scan,1,69,acfe7b0845901a1c054ef65d070d618f0f34d2ce53cddbfe34c866757e63a99e,769902103711a1cd926a546b298d4ff53fa9a887a9a87776e9146a25aba999a3,project_train,train/bonafide/scan/chinese-NF-1067.jpg,69.0,84998f97f2f0c69ad193b89c2f269317071196f6321f3c6b059037cf7e02d514,matched_project,0.0023727416992187,0.0039291381835937,0.0015563964843749996,0.032379150390625,0.03399658203125,0.001617431640625
test/attack/digital_3/scan/chinese-NF-1072.jpg,data/processed/policy_c_official_test/test/attack/digital_3/scan/chinese-NF-1072.jpg,chinese-NF-1072,attack,digital_3,scan,1,61,a88c3c881a9cafa4e833a8b4f2295eacd85e67fce1d2c38a009b88b5ead49662,f8aa12be70151fe49e4ff6d0a5defdb7d8e23cba75a7a67d4fe66a3be1ced085,project_train,train/bonafide/scan/chinese-NF-1072.jpg,61.0,f38de28e46d8eb3070b5265488dcdedc74aa5e8a85c7ddd8b0f843c93ca48c39,matched_project,0.0024681091308593,0.0015640258789062,-0.0009040832519531001,0.034759521484375,0.0335693359375,-0.001190185546875
test/attack/digital_3/scan/chinese-NF-1085.jpg,data/processed/policy_c_official_test/test/attack/digital_3/scan/chinese-NF-1085.jpg,chinese-NF-1085,attack,digital_3,scan,1,50,b44133a5a54c7a7e4b3d762af7538bf6820f380fec7c743d41b698d460f5b925,affb054cebb777c5902f2587b8b8ca469dc8f8fb1cc16e83e94a0edb8db05d45,dev_val,train/bonafide/scan/chinese-NF-1085.jpg,50.0,22c8bbff1bdc29e02f3cb305225dc2328dea05f938bdb012dd99f9fca30a8658,matched_project,0.01129150390625,0.01824951171875,0.0069580078125,0.034088134765625,0.035308837890625,0.001220703125
test/attack/digital_3/scan/chinese-NF-1088.jpg,data/processed/policy_c_official_test/test/attack/digital_3/scan/chinese-NF-1088.jpg,chinese-NF-1088,attack,digital_3,scan,1,70,24d1d4aa489a6d8469a390cc9d37d95067879de287593959af5c89230e5bd6ec,8f15269c568aa4e43607348ff03d1e4d73f6337d166df5f9d07107202aecbef3,project_train,train/bonafide/scan/chinese-NF-1088.jpg,70.0,c0f0dd6cc69d56b20f369a1e65b0920548859688d8bf4f8e3ff7da648abbb913,matched_project,0.001317024230957,0.0016422271728515,0.0003252029418945,0.034881591796875,0.034637451171875,-0.000244140625
test/attack/digital_3/scan/chinese-NF-1101.jpg,data/processed/policy_c_official_test/test/attack/digital_3/scan/chinese-NF-1101.jpg,chinese-NF-1101,attack,digital_3,scan,1,58,3435a419a5afec7d237a43fec1f425de0f31b93c34d4e9a1c7a57a24fa7d6a68,92260939250936bcf966b042829c77e3f8ca1d44ab613736a6c5d481526799d0,project_train,train/bonafide/scan/chinese-NF-1101.jpg,58.0,5cd2a1586bd2a5a46a2cb3b0308e11cca7deac4c10fc0d2fed817feedbb28f86,matched_project,0.0062065124511718,0.0045394897460937,-0.0016670227050781007,0.036865234375,0.03680419921875,-6.103515625e-05
test/attack/digital_3/scan/chinese-NM-1092.jpg,data/processed/policy_c_official_test/test/attack/digital_3/scan/chinese-NM-1092.jpg,chinese-NM-1092,attack,digital_3,scan,1,85,c82ccb480fac7f9d755ab584d3a206e458f3e622bd60e7e47e8bd7cacac4d611,5aa36d77f39aced79d2cdc251c921e1fc0535933faa790f3180bfaef478dbb59,dev_val,train/bonafide/scan/chinese-NM-1092.jpg,85.0,759aad7960537b5d18d55eb541ec9653c703dc4e8c5c6c5d41530a53707b4248,matched_project,0.0028667449951171,0.0020580291748046,-0.0008087158203125,0.034271240234375,0.03424072265625,-3.0517578125e-05
test/attack/digital_3/scan/french-019_03.jpg,data/processed/policy_c_official_test/test/attack/digital_3/scan/french-019_03.jpg,french-019_03,attack,digital_3,scan,1,82,a23be979fba79e03c2a2f29da436def76675dccba8904264de8f81a0238fac2c,3af40d777c686bd91deb0ad10a1c73be295d4d727bf3b4eecd9a931ec05da24e,dev_val,train/bonafide/scan/french-019_03.jpg,82.0,7b06c96bb74f031dab569dea2cf6d77c31c31938ef112b0b2a103faccdd1d2ba,matched_project,0.001225471496582,0.002349853515625,0.001124382019043,0.0247344970703125,0.025390625,0.0006561279296875
test/attack/digital_3/scan/french-022_03.jpg,data/processed/policy_c_official_test/test/attack/digital_3/scan/french-022_03.jpg,french-022_03,attack,digital_3,scan,1,51,747df27bd1e5ae075809111168f9a35b610a516133e246eb8e5002d5537db39e,9b8945f3619ef0fa18bcbf7ecfa0c3d1dbbf3493d293fdbbdff1c3cccdb1a6f5,project_train,train/bonafide/scan/french-022_03.jpg,51.0,78016f4321ebdbd51a4a359af2cc3f8924cc3c00c451097bf7e669e163ee0e70,matched_project,0.0004520416259765,0.0003755092620849,-7.653236389159999e-05,0.0238494873046875,0.02337646484375,-0.0004730224609375
test/attack/digital_3/scan/french-033_03.jpg,data/processed/policy_c_official_test/test/attack/digital_3/scan/french-033_03.jpg,french-033_03,attack,digital_3,scan,1,76,a411c2268c90c6c9fab501d4ed74742014ddd87534159c90fcdf27a5a5eaffa3,254846c2d9fa24060da646cd3423e4a9459eb83a9fbdcde4d1fc15b21abfe9e6,project_train,train/bonafide/scan/french-033_03.jpg,76.0,473018219f2c8a7bb6dabea57f9e2e5bd4f355479b013586449e31eb7e432a11,matched_project,0.0029582977294921,0.0343017578125,0.0313434600830079,0.025421142578125,0.035308837890625,0.0098876953125
test/attack/digital_3/scan/french-044_03.jpg,data/processed/policy_c_official_test/test/attack/digital_3/scan/french-044_03.jpg,french-044_03,attack,digital_3,scan,1,64,e0a1b065a66ef73681b6e367b8395f01bcf91226ba0a904c1b1e18a4674c583e,882dd355e24662e7a42757519cf2d3151b37beafe910bbd2865ef996046e8f73,project_train,train/bonafide/scan/french-044_03.jpg,64.0,412e02412b70318465714eafb770be62a95cada32561dd65d3ab1b9119d25f94,matched_project,0.004974365234375,0.0095977783203125,0.0046234130859375,0.023651123046875,0.03131103515625,0.007659912109375
test/attack/digital_3/scan/french-068_03.jpg,data/processed/policy_c_official_test/test/attack/digital_3/scan/french-068_03.jpg,french-068_03,attack,digital_3,scan,1,87,7e05404e6812dc0d83e2441bbed525b4a5f82c7f84b736cf39c97a1f3e07d451,d354923d87cd0207acc5927efa4fffc05290eb72d0062128b2676d30a9a948d8,project_train,train/bonafide/scan/french-068_03.jpg,87.0,8cbc5a9c3b333bb4df5c7c59be2ae65dc96c28593fdfab25d532b15cc95e37b1,matched_project,0.0008120536804199,0.0030994415283203,0.0022873878479004,0.0228424072265625,0.0225372314453125,-0.00030517578125
test/attack/digital_3/scan/french-090_03.jpg,data/processed/policy_c_official_test/test/attack/digital_3/scan/french-090_03.jpg,french-090_03,attack,digital_3,scan,1,58,142cb79dbdd58a176e8956550b137da728750ef69ee2839dc97ed77b00283887,e926353a32e8ed3f1e5ebbdddad41de38a9b2bda59d885f8de77612a18cb7a62,project_train,train/bonafide/scan/french-090_03.jpg,58.0,c348d61979f8bb84438247e2c83bb9cb801437a12351833c00246308655b5a40,matched_project,0.0029182434082031,0.0121688842773437,0.0092506408691406,0.023651123046875,0.035675048828125,0.01202392578125
test/attack/digital_3/scan/french-091_03.jpg,data/processed/policy_c_official_test/test/attack/digital_3/scan/french-091_03.jpg,french-091_03,attack,digital_3,scan,1,79,1cee9ab983145ff363ad5505af3d51ca192a4172e3ed733bbd7f907f3bb72b15,aa17644d7afbba8b779d89b9bc4bd925988e21dee0f52eb4aadd7897366ac60d,project_train,train/bonafide/scan/french-091_03.jpg,79.0,1419f9fcbb0f6aa3c5f45d3ddc02655f537d9cb7635231c57d6edfaae8ab207d,matched_project,0.0011882781982421,0.0009183883666992,-0.0002698898315428999,0.0240020751953125,0.023895263671875,-0.0001068115234375
test/attack/digital_3/scan/french-097_03.jpg,data/processed/policy_c_official_test/test/attack/digital_3/scan/french-097_03.jpg,french-097_03,attack,digital_3,scan,1,66,88747cdf4339aa20d026c60d8a75e5f7a82ca622c4388e405afe791af77cb438,ddaa7b93cc0e37e058c08a4480c1b6e4e55d9f458023e3ab23c693b6c2765f33,project_train,train/bonafide/scan/french-097_03.jpg,66.0,bc44fcd568b59d1830b8ad8a2280b7b27a34d195ef871b5bea94cf17d8ca7ec1,matched_project,0.0007915496826171,0.0039901733398437,0.0031986236572266,0.025787353515625,0.0970458984375,0.071258544921875
test/attack/digital_3/scan/french-100_03.jpg,data/processed/policy_c_official_test/test/attack/digital_3/scan/french-100_03.jpg,french-100_03,attack,digital_3,scan,1,60,3fe55ce45d20e06c95411f947b5d205186c9af5b16c20ecee1e2fb7b5e0b4101,451d600775eee51fc2a78836cb056b8f9a06c51a4e58bfe236149f99872d7b11,project_train,train/bonafide/scan/french-100_03.jpg,60.0,8ca0f7db7b85d46eb122a0b373596dc3b5d6aae7344bd1814dfb493f58f49605,matched_project,0.0010690689086914,0.0054817199707031,0.0044126510620117,0.0247955322265625,0.026275634765625,0.0014801025390625
test/attack/digital_3/scan/french-114_03.jpg,data/processed/policy_c_official_test/test/attack/digital_3/scan/french-114_03.jpg,french-114_03,attack,digital_3,scan,1,61,b49a3ca516404c3e1040e4ca5246cf66e0aeb316d7fa0c39e6055b95abf9632e,dd8966f00539016d48982ead76584e4e79140fce5929c13aab84f7eedd56b94f,dev_val,train/bonafide/scan/french-114_03.jpg,61.0,716ecc73342c6693d5edccfa36c48f4f447c39969742b81b6163c25070a77fe4,matched_project,0.0032157897949218,0.0285491943359375,0.0253334045410157,0.0253448486328125,0.0258636474609375,0.000518798828125
test/attack/digital_3/scan/french-118_03.jpg,data/processed/policy_c_official_test/test/attack/digital_3/scan/french-118_03.jpg,french-118_03,attack,digital_3,scan,1,87,454b8fc94d838b6b138e9679c43bf1a3859a8be7d74f97708a5a4af771097c83,a94206f32a6b3ca49a80bd52ce5595e62d138b99e7a3d4b7044bf7fb9e058120,project_train,train/bonafide/scan/french-118_03.jpg,87.0,49b32bd48b02e3c46fc0df6440b3e9dcfc363f2f217d5b277c0cc2731ab3fb94,matched_project,0.0062522888183593,0.0121231079101562,0.005870819091796899,0.0251007080078125,0.024658203125,-0.0004425048828125
test/attack/digital_3/scan/french-124_03.jpg,data/processed/policy_c_official_test/test/attack/digital_3/scan/french-124_03.jpg,french-124_03,attack,digital_3,scan,1,87,7401b36385b056bae0c3304b119d5c43a23d133cd435b04f830e5f1c7ed0c05c,6a7150e3f91a1e444433afe32828930ff4c2ce3b9e0f4a07a5f6f6c181edd3ba,dev_val,train/bonafide/scan/french-124_03.jpg,87.0,695f0a9300deb55660c77b64e2f7417c86364a3fe362e61422a1dad1d568a06b,matched_project,0.0018892288208007,0.0088119506835937,0.006922721862793,0.0248870849609375,0.026702880859375,0.0018157958984375
test/attack/digital_3/scan/french-128_03.jpg,data/processed/policy_c_official_test/test/attack/digital_3/scan/french-128_03.jpg,french-128_03,attack,digital_3,scan,1,56,556c577b45eb28cd4a2eaf2361f439a5b99ce24c321c7876cab1e82451eda29d,625b6e80296c1fa1c2884a69a9b0a2815aaae5a37bfb7e0dc40bdf1438555900,dev_val,train/bonafide/scan/french-128_03.jpg,56.0,d898bfa25d04af3983811e90e2a396b4cf795aa0552b830d91ae43c666a5a5df,matched_project,0.0022048950195312,0.0060272216796875,0.0038223266601563,0.0227203369140625,0.0234222412109375,0.000701904296875
test/attack/digital_3/scan/french-135_03.jpg,data/processed/policy_c_official_test/test/attack/digital_3/scan/french-135_03.jpg,french-135_03,attack,digital_3,scan,1,56,27e73c2a7f3efa4ed204b622763ba4156870fa746ab0f0c9a30c4c8369470db0,e86e5fa03c4df143d80d85cd534d6a7051d38c3ad516e682de94d3e5cde50c36,project_train,train/bonafide/scan/french-135_03.jpg,56.0,ebe1e26b613963b206abc008fcd98b53bc65d1085fe94d4eced4d0fe47a1f008,matched_project,0.0141448974609375,0.07354736328125,0.0594024658203125,0.0237274169921875,0.025390625,0.0016632080078125
test/attack/digital_3/scan/french-NF-1020.jpg,data/processed/policy_c_official_test/test/attack/digital_3/scan/french-NF-1020.jpg,french-NF-1020,attack,digital_3,scan,1,55,dd178da095cacfdb4c5f78121eef9763719ba707d5e9a6b21ae87dab18af998c,08ad3c7a4520921ebeeeabca6fe39e530db08b9e57ced3f608343ed5c368b3eb,project_train,train/bonafide/scan/french-NF-1020.jpg,55.0,80289ed655bf4211264d995883de4888a281258fa3746c3055de6c7812173256,matched_project,0.0043830871582031,0.019866943359375,0.0154838562011719,0.0242767333984375,0.0245208740234375,0.000244140625
test/attack/digital_3/scan/french-NF-1047.jpg,data/processed/policy_c_official_test/test/attack/digital_3/scan/french-NF-1047.jpg,french-NF-1047,attack,digital_3,scan,1,74,c6224d090d1e3e19716c9f5299ba32035501414a77c6eaacca7ff587349a7eef,ed7f6a8d6855961a5adb8f0aa74037e3e5af8a4cdcb7f781f2e72344cc26726a,dev_val,train/bonafide/scan/french-NF-1047.jpg,74.0,b7d46d6863158e263075d76dd2b26eea04c88319eb98a0aea8c812e5fb01c64a,matched_project,0.0048866271972656,0.031463623046875,0.0265769958496094,0.0247802734375,0.0272979736328125,0.0025177001953125
test/attack/digital_3/scan/french-NF-1056.jpg,data/processed/policy_c_official_test/test/attack/digital_3/scan/french-NF-1056.jpg,french-NF-1056,attack,digital_3,scan,1,55,0fbcb9d1a3429bd2a135ca828783a3285b6d14de4ca1da9a071be8a8054bbde8,b322da7454643cc4d4fa3ed4f1db54e2ff4835f9c5a7f3c50e83aa3ff50ed896,project_train,train/bonafide/scan/french-NF-1056.jpg,55.0,e7ef2ffa9f23cdefccc790dac050c44b1eaed2128bf38844a4440e44a7379acc,matched_project,0.0007109642028808,0.0042572021484375,0.0035462379455567,0.02520751953125,0.0256195068359375,0.0004119873046875
test/attack/digital_3/scan/french-NF-1063.jpg,data/processed/policy_c_official_test/test/attack/digital_3/scan/french-NF-1063.jpg,french-NF-1063,attack,digital_3,scan,1,87,9148718e46b077e99b690ea9bb9bfcafca6686dad92fcf8cc1be286f268d8fcd,1980b3a392ee7c2cb7e5245d637e35963bad3d24595102818ed0134603c8f71e,project_train,train/bonafide/scan/french-NF-1063.jpg,87.0,f4a2eb1646cb46ebc7c720a01b3a85ade006a5c811385f9a575b1d7b93571913,matched_project,0.0023269653320312,0.0217437744140625,0.0194168090820313,0.0257110595703125,0.034210205078125,0.0084991455078125
test/attack/digital_3/scan/french-NF-1082.jpg,data/processed/policy_c_official_test/test/attack/digital_3/scan/french-NF-1082.jpg,french-NF-1082,attack,digital_3,scan,1,64,da1b4aa0f1776189ae33c7e0dadf8fb036c2e6ca12feebf4ee7741b67c8fff15,0a8df4e22643e395a59278bacecd68034cae4d8e596c7af423a3ed344ed03091,dev_val,train/bonafide/scan/french-NF-1082.jpg,64.0,b28c9136bce8c52e4d213062a474364fd69561115b53b059fa7f003496a0ca37,matched_project,0.0012092590332031,0.0034103393554687,0.0022010803222656,0.0255126953125,0.02593994140625,0.00042724609375
test/attack/digital_3/scan/french-NF-1095.jpg,data/processed/policy_c_official_test/test/attack/digital_3/scan/french-NF-1095.jpg,french-NF-1095,attack,digital_3,scan,1,71,c98abe8835496e8519e72bc173fdf39de841912e8e831116245e9e783cc27600,28ff4ba797e8d3c7a95e383b1846a3baaa77255be715425e2f50713769f8f91e,project_train,train/bonafide/scan/french-NF-1095.jpg,71.0,62e7eb249ef9d10329995c53fba1cd4992ff20432d4b04b4a25ed354f123d7ca,matched_project,0.0006971359252929,0.0014524459838867,0.0007553100585938001,0.0247039794921875,0.0278167724609375,0.00311279296875
test/attack/digital_3/scan/french-NF-1110.jpg,data/processed/policy_c_official_test/test/attack/digital_3/scan/french-NF-1110.jpg,french-NF-1110,attack,digital_3,scan,1,59,a9bd008eb51ac45964f2945b639a618667f569073953d010ea119717f0b28fa9,fd6ed978f20984fe4fed59b2af552bf7a11dd370b126cc9c38ed9c916ee8cf97,project_train,train/bonafide/scan/french-NF-1110.jpg,59.0,5527379262c08d56c7e8e622afc1bb43b8307f964c729e71aa1a52d757b1ad8f,matched_project,0.0009698867797851,0.0080490112304687,0.0070791244506836,0.027557373046875,0.05535888671875,0.027801513671875
test/attack/digital_3/scan/french-NM-1070.jpg,data/processed/policy_c_official_test/test/attack/digital_3/scan/french-NM-1070.jpg,french-NM-1070,attack,digital_3,scan,1,84,c44f8490d30fdb46ff1276ac921f348cdd65d9a9f7f89821ff3c0e2d627c3081,7506586f396ab53fed39b6f2554b18baac4c4acf45445541b09dc15ff54f4348,project_train,train/bonafide/scan/french-NM-1070.jpg,84.0,8cd326bdd574d7b817c9e7b9040777b1dc5c5ccd971666ada077842cbe997e27,matched_project,0.0007109642028808,0.0044441223144531,0.0037331581115723,0.0238189697265625,0.0303802490234375,0.006561279296875
test/attack/digital_3/scan/french-NM-1104.jpg,data/processed/policy_c_official_test/test/attack/digital_3/scan/french-NM-1104.jpg,french-NM-1104,attack,digital_3,scan,1,83,23951e64a1c2a92cbe1bd51d49b012f23ff5b59b405def0e77f6d834a197e305,21d35789684b98732f1f42311cd190d098f378c26532787b7c3c2604896f38d1,project_train,train/bonafide/scan/french-NM-1104.jpg,83.0,610df1532b045113db21bf2fbcd4504038ee8bd6ca869431f7d71c05d53e8049,matched_project,0.0012474060058593,0.0067062377929687,0.005458831787109399,0.0241851806640625,0.02423095703125,4.57763671875e-05
test/attack/digital_3/scan/indian-012_03.jpg,data/processed/policy_c_official_test/test/attack/digital_3/scan/indian-012_03.jpg,indian-012_03,attack,digital_3,scan,1,80,4796ee57efcc56db52112b0626bda752b166a823d48991cfb205764d8fe719ca,c9cebd78063eb40a320073e6c58652c33e601f688e545b21ac5ae3e743a29d4d,project_train,train/bonafide/scan/indian-012_03.jpg,80.0,08ea28b0fe49a4c6ca49a051f9b05b516e6d8c888e66609b21bf17fc51d15c74,matched_project,0.0055656433105468,0.009613037109375,0.0040473937988282,0.025634765625,0.0261077880859375,0.0004730224609375
test/attack/digital_3/scan/indian-014_03.jpg,data/processed/policy_c_official_test/test/attack/digital_3/scan/indian-014_03.jpg,indian-014_03,attack,digital_3,scan,1,63,4ee7ec48d0f44253d86c48c8fd0f85fad0ad5704a88894d55833a3e9dc0f9fae,31914ea37749aeab1d47e4cc44a1fda16c733d82f087da7d6c66cf9b980d6cce,dev_val,train/bonafide/scan/indian-014_03.jpg,63.0,914a9a2b41617a023f5424a147a2fb82a388143a57a121fa86fee39eda1ff2bd,matched_project,0.01507568359375,0.018035888671875,0.002960205078125,0.02880859375,0.02813720703125,-0.00067138671875
test/attack/digital_3/scan/indian-021_03.jpg,data/processed/policy_c_official_test/test/attack/digital_3/scan/indian-021_03.jpg,indian-021_03,attack,digital_3,scan,1,76,21857b301dee11c041e0b516334e8126eac542e93a6f1026abd018a9254343df,5d7facf9aae9437bfa7b27ce831dac1a3017d92a731486706c2868c11fd41461,dev_val,train/bonafide/scan/indian-021_03.jpg,76.0,3353d81f26de5e12569dac7ae040c93233b559a2859d786437a0520e18b6e9cd,matched_project,0.0046653747558593,0.0088653564453125,0.0041999816894532,0.026275634765625,0.025543212890625,-0.000732421875
test/attack/digital_3/scan/indian-037_03.jpg,data/processed/policy_c_official_test/test/attack/digital_3/scan/indian-037_03.jpg,indian-037_03,attack,digital_3,scan,1,90,8aacb7aaba27f177652c69368c516da4b0b0d05cafcd461d8348cfe133842e8a,2f0564f8e521944177074485ffc29c3295249f4847ab19bf4adb1570c866c4d8,project_train,train/bonafide/scan/indian-037_03.jpg,90.0,368c562887914d11b3b7f7cffbe0b08da73f9bbb228f6a8358f4ccbd21f27b30,matched_project,0.0045204162597656,0.0032405853271484,-0.0012798309326171996,0.0263519287109375,0.02618408203125,-0.0001678466796875
test/attack/digital_3/scan/indian-038_03.jpg,data/processed/policy_c_official_test/test/attack/digital_3/scan/indian-038_03.jpg,indian-038_03,attack,digital_3,scan,1,87,8a24185070e5ef89825509448898162bca4e9309c626caceee8d65c0ef15b32a,f406ba538b8499476478d42c6553c665a9f53b824095f4a6b249d75f13679272,project_train,train/bonafide/scan/indian-038_03.jpg,87.0,fcf4f3344cae7da6a174d97c486c71895bd09a8f72c2b20e218ba2145354a6b3,matched_project,0.0054168701171875,0.0098800659179687,0.0044631958007812,0.02734375,0.0274505615234375,0.0001068115234375
test/attack/digital_3/scan/indian-094_03.jpg,data/processed/policy_c_official_test/test/attack/digital_3/scan/indian-094_03.jpg,indian-094_03,attack,digital_3,scan,1,82,1f7cd819955ab59ab04befba181d449ab7e376c1c4cdadd9d4af2fa9e05107fb,cbd25e86a600fbd53f90853a0dbf55f895b057ad71d8ede18efe7811bee47080,project_train,train/bonafide/scan/indian-094_03.jpg,82.0,cc71f7db7fc75fa442730a84725dbe1cb5d339d30e5e94f4af971328c762e182,matched_project,0.0023689270019531,0.0035247802734375,0.0011558532714844002,0.0278472900390625,0.0276947021484375,-0.000152587890625
test/attack/digital_3/scan/indian-108_03.jpg,data/processed/policy_c_official_test/test/attack/digital_3/scan/indian-108_03.jpg,indian-108_03,attack,digital_3,scan,1,56,f090526f5a82cadd0986f3bac00848844f458e395d365eb0992303d6d775277c,a599bf370b4ee29cdaaa9650fb51acdebad0bac64537a464769a51cdf750c5fc,project_train,train/bonafide/scan/indian-108_03.jpg,56.0,c3263ea11b6e7ae0f463be7476139c2d4c74eee961eb5abd3770d061f93add1a,matched_project,0.0088272094726562,0.03167724609375,0.0228500366210938,0.0271453857421875,0.027740478515625,0.0005950927734375
test/attack/digital_3/scan/indian-NF-1006.jpg,data/processed/policy_c_official_test/test/attack/digital_3/scan/indian-NF-1006.jpg,indian-NF-1006,attack,digital_3,scan,1,60,d0951993343e36b7fe89726d9117b5e2ec0581826bc9cbd47bde1962a4248c85,f2c55fbf6c1f78d854fc4dc4db56867a270b2b59f1aad9af2dd17df86b05e092,project_train,train/bonafide/scan/indian-NF-1006.jpg,60.0,7cebd670b212d26b64636244f689cf500a33e9bc48b9bbf7c23008f8d78200d9,matched_project,0.0047187805175781,0.0067596435546875,0.0020408630371094,0.0280303955078125,0.0278167724609375,-0.000213623046875
test/attack/digital_3/scan/indian-NF-1025.jpg,data/processed/policy_c_official_test/test/attack/digital_3/scan/indian-NF-1025.jpg,indian-NF-1025,attack,digital_3,scan,1,64,45b4cfb66ec475a05603cabead636d2c35edfaa3cacc56c26de910ee31ee399f,f0e86b0c7403c2e0fdf4009d3c883b44681943a01a79b4823b2c63a6a1b9b598,project_train,train/bonafide/scan/indian-NF-1025.jpg,64.0,5062a2c15877bff1cdb0a76c92b3792566a4f8c7e131fd48bcac9e03cf769a1e,matched_project,0.0015850067138671,0.0050506591796875,0.0034656524658204,0.027374267578125,0.027374267578125,0.0
test/attack/digital_3/scan/indian-NF-1039.jpg,data/processed/policy_c_official_test/test/attack/digital_3/scan/indian-NF-1039.jpg,indian-NF-1039,attack,digital_3,scan,1,67,5f0f91e9523b3d8799537e99e6bbf3e7b4a13f9351643a5a3a3c4416f647b4ad,27ed77a88e5dada9fe6aaee2db4d0beafe28f3074c5a3d3eaa709b1eba8aff3f,project_train,train/bonafide/scan/indian-NF-1039.jpg,67.0,fcdfe575beeb999c3a26dc81640a9488bd2f4d69f4764c95724423c983c3b4ba,matched_project,0.0032978057861328,0.0042724609375,0.0009746551513672001,0.0252532958984375,0.02587890625,0.0006256103515625
test/attack/digital_3/scan/indian-NF-1061.jpg,data/processed/policy_c_official_test/test/attack/digital_3/scan/indian-NF-1061.jpg,indian-NF-1061,attack,digital_3,scan,1,77,d1ada668e2ad4d26c859610c8373498812a28d3e61d0cc4d1532e65a3d244a46,71ae7da1f3d9099b5c035f5240fbc57eee6db0840bd6b47e4e6601948201ee02,dev_val,train/bonafide/scan/indian-NF-1061.jpg,77.0,5fb2cacf718be61c8e98d49da71a0511cc694b2579dd1a16e827e0538cd0d450,matched_project,0.0156402587890625,0.0128707885742187,-0.0027694702148438003,0.0280609130859375,0.02777099609375,-0.0002899169921875
test/attack/digital_3/scan/indian-NF-1075.jpg,data/processed/policy_c_official_test/test/attack/digital_3/scan/indian-NF-1075.jpg,indian-NF-1075,attack,digital_3,scan,1,72,2bf05b38fefd07e9830b2136806820be9f58b3864721a1f9e1338c110b052528,cf6d0494ff41b81c14c9696b2108307de11a2289ecbe972b4932366df8b6ce70,project_train,train/bonafide/scan/indian-NF-1075.jpg,72.0,851d72d4eb64f0ea698731765f476e2bb98b98e697e3ba8e2800f101f5101df6,matched_project,0.0051307678222656,0.0067329406738281,0.0016021728515625,0.026885986328125,0.027191162109375,0.00030517578125
test/attack/digital_3/scan/indian-NF-1096.jpg,data/processed/policy_c_official_test/test/attack/digital_3/scan/indian-NF-1096.jpg,indian-NF-1096,attack,digital_3,scan,1,71,c9182bb5bd301cdbb52fbada796a50b64b4effdafd2b3cfa4f02e394f50b1f56,178f58b3b89773d3d9d48686846f67f076cd275a6a9f019142cbf10c8ef61e94,project_train,train/bonafide/scan/indian-NF-1096.jpg,71.0,829a694d207c9e335731c880d87f436c4cf73dff79361d8d21465b69c4f8acd4,matched_project,0.0046463012695312,0.005706787109375,0.0010604858398438003,0.027191162109375,0.0279541015625,0.000762939453125
test/attack/digital_3/scan/indian-NM-1058.jpg,data/processed/policy_c_official_test/test/attack/digital_3/scan/indian-NM-1058.jpg,indian-NM-1058,attack,digital_3,scan,1,87,2fb31a3a093644105609ed5c7940a695d08bf7cbc36b77c5428ce88f9f6c863e,283d1445e2be5d172bd4907a18714dd77d47e03ddf70e345805ac67dbe950a8a,project_train,train/bonafide/scan/indian-NM-1058.jpg,87.0,104eef0938fc6a6c93877c2af6c67b1e7047e342456b4c77520edefe22497525,matched_project,0.0035591125488281,0.0046005249023437,0.0010414123535155998,0.02703857421875,0.0270843505859375,4.57763671875e-05
test/attack/digital_3/scan/persian-010_03.jpg,data/processed/policy_c_official_test/test/attack/digital_3/scan/persian-010_03.jpg,persian-010_03,attack,digital_3,scan,1,69,b6ce3f4192b35b066236b36ff35d2a305c09166380fded9b0d839acc03860432,60d735a216ea1da2afaf33ad392e6b74a6cfdcf90bd63b774a3e0d326f36c19d,project_train,train/bonafide/scan/persian-010_03.jpg,69.0,52d494b018a6afc6e29ddab0982480075396be3857d3dc52ff3dde275feb1025,matched_project,0.0060043334960937,0.0077400207519531,0.0017356872558594002,0.03704833984375,0.03680419921875,-0.000244140625
test/attack/digital_3/scan/persian-045_03.jpg,data/processed/policy_c_official_test/test/attack/digital_3/scan/persian-045_03.jpg,persian-045_03,attack,digital_3,scan,1,66,8f1bea6c9786299f62dea20dd040af546d00893ac7ba675c81cfd41fc8ad32ce,de7162de590db82baa45ade4cba9ed544ecb7940aec9e91a511d8976ce4cff14,project_train,train/bonafide/scan/persian-045_03.jpg,66.0,7de448406af3e694f80ce65196a7676a194bc3e788d590708192432b572a013e,matched_project,0.0056076049804687,0.0134811401367187,0.00787353515625,0.03314208984375,0.03314208984375,0.0
test/attack/digital_3/scan/persian-069_03.jpg,data/processed/policy_c_official_test/test/attack/digital_3/scan/persian-069_03.jpg,persian-069_03,attack,digital_3,scan,1,79,63386e05f2919603be4d77747e6be70c57d262c708269545202b221486a3b1d2,9373ee93a061aadffc00529c79fc80fd2ad9a976ab1c2785d0c13d956d39bc40,project_train,train/bonafide/scan/persian-069_03.jpg,79.0,42abe888419cd5a12a6422a05a676e65cba22d057ddb46ff716b5c8e9f9e42e5,matched_project,0.0055351257324218,0.0049819946289062,-0.0005531311035156007,0.03314208984375,0.033355712890625,0.000213623046875
test/attack/digital_3/scan/persian-087_03.jpg,data/processed/policy_c_official_test/test/attack/digital_3/scan/persian-087_03.jpg,persian-087_03,attack,digital_3,scan,1,61,d935f9d3a1ec2c560099694d00e5ff550806d3f1d2e77314610a213634672b54,8733bac3b344acc650d5ab3feacbebf7088609179a37a350421077e3359130ef,project_train,train/bonafide/scan/persian-087_03.jpg,61.0,6f0a24f1b2c298dde5c367e1af2025ff7caf2f7ca7a426964b5dc516beca1710,matched_project,0.044769287109375,0.09295654296875,0.048187255859375,0.036224365234375,0.040008544921875,0.0037841796875
test/attack/digital_3/scan/persian-122_03.jpg,data/processed/policy_c_official_test/test/attack/digital_3/scan/persian-122_03.jpg,persian-122_03,attack,digital_3,scan,1,61,3201f6a44d1cb5e089565fe4881f1128b90364d6a7a33ad2f7d4f32cbd1e2a3f,4b8648dc84cbe0f0f01d1447c6d4ef006e9f62a50dadfb2958b3db72d8223793,project_train,train/bonafide/scan/persian-122_03.jpg,61.0,ea4406fa160f1b2d35ec4bf9e8d9e3bed046cabe0e62aecd5173378f2afac4ee,matched_project,0.0082855224609375,0.0048294067382812,-0.0034561157226563003,0.034912109375,0.034271240234375,-0.000640869140625
test/attack/digital_3/scan/persian-144_03.jpg,data/processed/policy_c_official_test/test/attack/digital_3/scan/persian-144_03.jpg,persian-144_03,attack,digital_3,scan,1,72,0a4ab72e9d1ad457b9143af0358cd965848f4a3d83f8fe31ff917f9b78366c84,fc36c7670108e2e3efbdb874544c4939fd15f192df2b61af1333fc304f276b4e,dev_val,train/bonafide/scan/persian-144_03.jpg,72.0,128f6c40183c3722187bf51e8ceb573603ef8a07a82c24ca59cb30b0bc0e9f25,matched_project,0.00555419921875,0.0073318481445312,0.0017776489257811997,0.034881591796875,0.0345458984375,-0.000335693359375
test/attack/digital_3/scan/persian-NF-1001.jpg,data/processed/policy_c_official_test/test/attack/digital_3/scan/persian-NF-1001.jpg,persian-NF-1001,attack,digital_3,scan,1,60,4a5301a81541b32f84e27ae75a111bd8df8b7b5dd6b2b72aa9ea7836564b547d,c84ac575b0b4d6f02a02473a7f37bb3b7fa01d56a46048fa7fe1da8ac81edd31,project_train,train/bonafide/scan/persian-NF-1001.jpg,60.0,102a64a9a13878dc4053e07d5885a7789d90af31ca93d1b0c0c3b0ab40a64998,matched_project,0.0509033203125,0.042388916015625,-0.008514404296875,0.033599853515625,0.03387451171875,0.000274658203125
test/attack/digital_3/scan/persian-NF-1018.jpg,data/processed/policy_c_official_test/test/attack/digital_3/scan/persian-NF-1018.jpg,persian-NF-1018,attack,digital_3,scan,1,73,9a6ec8cab0b7a0dcbdcaf9a4f7f73dfb0ba68a3b3fb27df641f15aef60eb300c,6170f1231efb7a508db34cd3e8ebfe99bc021590a667889134311806070796fe,dev_val,train/bonafide/scan/persian-NF-1018.jpg,73.0,620a88120aaada855a46ad8beb7528cf889dfe8e0df357633d9d5bb0385eca03,matched_project,0.0091400146484375,0.01971435546875,0.0105743408203125,0.033203125,0.03460693359375,0.00140380859375
test/attack/digital_3/scan/persian-NF-1031.jpg,data/processed/policy_c_official_test/test/attack/digital_3/scan/persian-NF-1031.jpg,persian-NF-1031,attack,digital_3,scan,1,81,f164cec40cfa74300ebeeb0ed5df0b9e4324fc1d48b62156fe81d0622697bf63,f99511e224c1f1391294522076a23d5b7f44906930d9a5df312b4acac2cde301,project_train,train/bonafide/scan/persian-NF-1031.jpg,81.0,0cf17cff1e7f443b789cffabaf86796c7d962fce8ffd5a91c9bcaf409ee3c2dc,matched_project,0.0068511962890625,0.0077857971191406,0.0009346008300780998,0.034210205078125,0.034271240234375,6.103515625e-05
test/attack/digital_3/scan/persian-NF-1034.jpg,data/processed/policy_c_official_test/test/attack/digital_3/scan/persian-NF-1034.jpg,persian-NF-1034,attack,digital_3,scan,1,72,49df4fc1c15839443cbaa7a24da1d9c2dfe60c74f9bdbb90d7f8699b60b2af68,adb0ba944e9f9c4174df452699774701b0c88d8fbe47472d851da9cf40967a8b,project_train,train/bonafide/scan/persian-NF-1034.jpg,72.0,91e037a330de08deba820fef68b850a5adbe11a2fe9ffca64770c1476c3f3f16,matched_project,0.0152511596679687,0.018798828125,0.0035476684570313003,0.03399658203125,0.034027099609375,3.0517578125e-05
test/attack/digital_3/scan/persian-NF-1043.jpg,data/processed/policy_c_official_test/test/attack/digital_3/scan/persian-NF-1043.jpg,persian-NF-1043,attack,digital_3,scan,1,81,9ec8b4bf2e2889e6cf79c3fcc63496c06dae9131f2f9e61c1192df7999c3502e,0f10706f825fcd3cdb6abb7670559cfac8fbd37389f82a4f500dc45d0cbf2c49,project_train,train/bonafide/scan/persian-NF-1043.jpg,81.0,be6cbe1aaa0acc5a86f1d60ae15b3e76be3c25f3fa4efadce8c735a267985124,matched_project,0.0054588317871093,0.0174102783203125,0.0119514465332032,0.034088134765625,0.08648681640625,0.052398681640625
test/attack/digital_3/scan/persian-NF-1079.jpg,data/processed/policy_c_official_test/test/attack/digital_3/scan/persian-NF-1079.jpg,persian-NF-1079,attack,digital_3,scan,1,80,489c180622626c18cd577f0f771aacafcabab4e133d75c21da9cac511661457b,0d2cc1e792dad1d9fa9afd594a8d6e10a49d491879715ac5df8bed13cd849319,project_train,train/bonafide/scan/persian-NF-1079.jpg,80.0,bb47bf377f457cf6b6180f1ae8bfc9aed99701ee5e4b0af82eb1d9737b229835,matched_project,0.01763916015625,0.034210205078125,0.016571044921875,0.03411865234375,0.034454345703125,0.000335693359375
test/attack/digital_3/scan/persian-NF-1097.jpg,data/processed/policy_c_official_test/test/attack/digital_3/scan/persian-NF-1097.jpg,persian-NF-1097,attack,digital_3,scan,1,89,015eafa4c5f779d42a83b1932abbf7b0383371206236799bc26847ea90655fa6,8b59cd076a52a00d32c0f19e7ebfa88b59d89fc621ef58a3b0802a90900214b3,dev_val,train/bonafide/scan/persian-NF-1097.jpg,89.0,30e1bc2089133930d95f3f82594c8b6306ee5b62d4cbbd09127b441b363cc8cd,matched_project,0.017364501953125,0.018310546875,0.000946044921875,0.034393310546875,0.0338134765625,-0.000579833984375
test/attack/digital_3/scan/persian-NF-1108.jpg,data/processed/policy_c_official_test/test/attack/digital_3/scan/persian-NF-1108.jpg,persian-NF-1108,attack,digital_3,scan,1,51,3ed6cf0c6e5c9064cb49d19069dc4d7d9547159a034c592af7a3dce935134676,ccbfb3620513c5fbb8026269265f0a3363761070b72530d40243da1e0608c9a3,project_train,train/bonafide/scan/persian-NF-1108.jpg,51.0,0b22168aa56d07790ba753977f3a58edc2bf0aaf30096c3311f42b956eaae2d4,matched_project,0.0148162841796875,0.05596923828125,0.0411529541015625,0.034759521484375,0.0361328125,0.001373291015625
test/attack/digital_3/scan/persian-NM-1010.jpg,data/processed/policy_c_official_test/test/attack/digital_3/scan/persian-NM-1010.jpg,persian-NM-1010,attack,digital_3,scan,1,69,17a2bc4c5f21cce461165a5bad1f7b9d3581853f5cafed20c814c4ca979cc8d7,6b50609f04e9b69dd628dfd205d7fcfebd86e8117b286a5208365722db94f066,project_train,train/bonafide/scan/persian-NM-1010.jpg,69.0,2416cfca994f49ebdb0ac39cb86b7757d9c4f1fdf399b7ae3e8935b822853cd1,matched_project,0.0069313049316406,0.0112457275390625,0.0043144226074219,0.03729248046875,0.03765869140625,0.0003662109375
test/attack/digital_3/scan/persian-NM-1035.jpg,data/processed/policy_c_official_test/test/attack/digital_3/scan/persian-NM-1035.jpg,persian-NM-1035,attack,digital_3,scan,1,59,bcc657f980e2a49933b26081fa389fc1720ff9346e8eec5405b9d9733f141349,44c634d8ed85054971aa666d4fd4c5107c61fabb3bb2088a4b1bd75c32e87b29,dev_val,train/bonafide/scan/persian-NM-1035.jpg,59.0,92a2fe18860ef42d3b7808909559e9eddd72d719aeafc79e5bf25d45ce0e2ffa,matched_project,0.009002685546875,0.0234375,0.014434814453125,0.03765869140625,0.1182861328125,0.08062744140625
test/attack/digital_3/scan/persian-NM-1074.jpg,data/processed/policy_c_official_test/test/attack/digital_3/scan/persian-NM-1074.jpg,persian-NM-1074,attack,digital_3,scan,1,51,8b3ce4b2996ff7ab7153f3f6d2fa868583c32df94840342bbfa4a75592202c0d,b311e9946351ec3d3e557347032c7ee12056850da4bb37e68ae1ed91126822bb,project_train,train/bonafide/scan/persian-NM-1074.jpg,51.0,106fec657dc2bdccbe86e142f77a02d8ac0cc33e14a84d17249ce063376efb0a,matched_project,0.010467529296875,0.0207977294921875,0.0103302001953125,0.03302001953125,0.03851318359375,0.0054931640625
test/attack/digital_3/scan/portugal-004_03.jpg,data/processed/policy_c_official_test/test/attack/digital_3/scan/portugal-004_03.jpg,portugal-004_03,attack,digital_3,scan,1,79,073b760b5b41bc6070ae9664c5386c3d35e9d5691b4492296daeab3de09db98e,d47ad622bad86838c2afeaab95b6d2b19b6683351cb74e1ca11988da8fddfdaf,project_train,train/bonafide/scan/portugal-004_03.jpg,79.0,214a9d8275d509ad4e8a78f4a81fc2be122bd3279388300603ca0a23e0482995,matched_project,0.0024147033691406,0.0040931701660156,0.001678466796875,0.0254974365234375,0.0257568359375,0.0002593994140625
test/attack/digital_3/scan/portugal-013_03.jpg,data/processed/policy_c_official_test/test/attack/digital_3/scan/portugal-013_03.jpg,portugal-013_03,attack,digital_3,scan,1,57,5f102e0ba90ae4a1bb1feeaf50551ae670c29183756fcfa8f026e8393b1f8bc1,acbada229bfe7170b665d6c3e04abce5fbdf50002e9d451f93930781a99cd715,dev_val,train/bonafide/scan/portugal-013_03.jpg,57.0,979a3de6eb75d98e95ea889d3530a1a841af61dd9fc85be7b5a24b066769c3b0,matched_project,0.02130126953125,0.020751953125,-0.00054931640625,0.0258026123046875,0.025787353515625,-1.52587890625e-05
test/attack/digital_3/scan/portugal-017_03.jpg,data/processed/policy_c_official_test/test/attack/digital_3/scan/portugal-017_03.jpg,portugal-017_03,attack,digital_3,scan,1,64,83f20246cc407c1a86158b1072439cf349b02df8f7cc3076f89fcd5f14b6e527,9efd9248aac7df4af18155cfcd58b13149d40bfa813ec7d59cec692d85c84ec5,dev_val,train/bonafide/scan/portugal-017_03.jpg,64.0,8b5d265a10fde87552aa2090cfd20bfc25207d717642193a30dee0edd806330d,matched_project,0.010528564453125,0.035125732421875,0.02459716796875,0.0259552001953125,0.026763916015625,0.0008087158203125
test/attack/digital_3/scan/portugal-026_03.jpg,data/processed/policy_c_official_test/test/attack/digital_3/scan/portugal-026_03.jpg,portugal-026_03,attack,digital_3,scan,1,50,f53a56e6359927cd880d0c180e31cea4bb15f8b5e83232a50f632028cc9d7af4,f4445098ba77b0c0f94ed10b68ab8709ab8e3f9161b589117684f4897546fa56,project_train,train/bonafide/scan/portugal-026_03.jpg,50.0,b775046da2852bb46556e9320767a4d8b3d19c11b1eecb8fbd5ee6b3f8afce60,matched_project,0.000950813293457,0.0031661987304687,0.0022153854370117,0.0249176025390625,0.0249176025390625,0.0
test/attack/digital_3/scan/portugal-029_03.jpg,data/processed/policy_c_official_test/test/attack/digital_3/scan/portugal-029_03.jpg,portugal-029_03,attack,digital_3,scan,1,71,ef3b2442da0ab9e1215c12eb286850e4592fe570c3d64c4f1853aae3606f0bdd,d7a799340be4c6e3844f0e80bebcfbe6c019a1fbbd41c9e8c6af5ca86364312d,dev_val,train/bonafide/scan/portugal-029_03.jpg,71.0,9506a78b1906d5ff2d872fbd61e1ca39ecb36a289564ed69443d07492c9c6427,matched_project,0.000831127166748,0.0011224746704101,0.00029134750366210005,0.02447509765625,0.024871826171875,0.000396728515625
test/attack/digital_3/scan/portugal-042_03.jpg,data/processed/policy_c_official_test/test/attack/digital_3/scan/portugal-042_03.jpg,portugal-042_03,attack,digital_3,scan,1,54,95ac542ab87251379ed2aefeea85292eb268a51fb21916960dbf1125ad8588b4,ee0ce6310794c8477849a235663767eaf5733c92ee3e7a9daf0667ee66572787,project_train,train/bonafide/scan/portugal-042_03.jpg,54.0,4f746dc56b140bc7b447e39d2a929686babdd1dda627ef850d982dac15c82de1,matched_project,0.0009984970092773,0.0007762908935546,-0.00022220611572269994,0.025390625,0.0255584716796875,0.0001678466796875
test/attack/digital_3/scan/portugal-061_03.jpg,data/processed/policy_c_official_test/test/attack/digital_3/scan/portugal-061_03.jpg,portugal-061_03,attack,digital_3,scan,1,90,3a0535a0e293f4dc7eaf8345aae20ed77093a79a4abb110abab312aae78188b1,6476e9a01b754f00350d8a790e433c91c3d6800bd3d274575ef7fc32e360ef30,project_train,train/bonafide/scan/portugal-061_03.jpg,90.0,72cfd6e442bd3b550f12e3be8c1ddbf5ca3a3be846ae112f4be3b01ed24578f6,matched_project,0.0109481811523437,0.0035591125488281,-0.0073890686035156,0.0254669189453125,0.02685546875,0.0013885498046875
test/attack/digital_3/scan/portugal-066_03.jpg,data/processed/policy_c_official_test/test/attack/digital_3/scan/portugal-066_03.jpg,portugal-066_03,attack,digital_3,scan,1,75,56a27da616b3286bd8b2e58ccd11f6b2ae28d1d276c9c2be58d14f2594b013f2,7f930b47b4040a4b5da010474376b649b3b2f8271ff7a03dd1d08e75968e6745,project_train,train/bonafide/scan/portugal-066_03.jpg,75.0,489eb23b31e1af910d4ea2de5debb9efc4781d3de3a5ea36d6ac4a73c1532c7f,matched_project,0.0010528564453125,0.0051803588867187,0.0041275024414062,0.0257415771484375,0.069091796875,0.0433502197265625
test/attack/digital_3/scan/portugal-070_03.jpg,data/processed/policy_c_official_test/test/attack/digital_3/scan/portugal-070_03.jpg,portugal-070_03,attack,digital_3,scan,1,51,89e353d176ac41b25b78101586ffd8850ccbc4faf2a603032697072318282a51,22111430f3894994571b11c97f2e5d72689d50941d16d303c0daa9abe6c09a89,project_train,train/bonafide/scan/portugal-070_03.jpg,51.0,a6448c43721cea0b1f0009049ccdacc2c528539cbe48a1a91466e1a6f8792143,matched_project,0.0013456344604492,0.0026531219482421,0.0013074874877928998,0.024932861328125,0.0247802734375,-0.000152587890625
test/attack/digital_3/scan/portugal-105_03.jpg,data/processed/policy_c_official_test/test/attack/digital_3/scan/portugal-105_03.jpg,portugal-105_03,attack,digital_3,scan,1,57,25639d67dd5d3532c007f687c912eeb4eb67c09557d0a29cca90a215376e459c,9da723a73cc9c3cc077e9d5ef06521bda56aa7952af8f3c121060096ba2f0456,project_train,train/bonafide/scan/portugal-105_03.jpg,57.0,5b6dbb59da160408abc38d0f26de29f63230ef2dd7284e9ff3067a514d3a412b,matched_project,0.0007252693176269,0.003824234008789,0.0030989646911621,0.0257568359375,0.0299224853515625,0.0041656494140625
test/attack/digital_3/scan/portugal-119_03.jpg,data/processed/policy_c_official_test/test/attack/digital_3/scan/portugal-119_03.jpg,portugal-119_03,attack,digital_3,scan,1,88,8bc9a275070d830ead8fa8b6eab7a2afc4f7a82e36a57e3176be8ad05d044873,2b12bda1c0b6f492ebc20e89947bf807edc0522cc23e4e9a7a66fb85b3018fca,dev_val,train/bonafide/scan/portugal-119_03.jpg,88.0,66b722f555c3323418aee5546dd203007d9ab179de9d0c46cc0f59b568553631,matched_project,0.028564453125,0.0296783447265625,0.0011138916015625,0.0255889892578125,0.0257415771484375,0.000152587890625
test/attack/digital_3/scan/portugal-125_03.jpg,data/processed/policy_c_official_test/test/attack/digital_3/scan/portugal-125_03.jpg,portugal-125_03,attack,digital_3,scan,1,56,3a3a29968380d29d4f1ba82c46199fbb262821bb4ec7bec8b35c7f357a701e82,37cd8fad77632ba72ce9e78a5f9178aa54df49bf0f206e5f0387cab6ffea11b8,project_train,train/bonafide/scan/portugal-125_03.jpg,56.0,8fd5c5c18678b398fab90bff253eaa417dc4722fac142fa2a6b7048f4739e6fc,matched_project,0.0010919570922851,0.0011653900146484,7.34329223632999e-05,0.0256805419921875,0.0257415771484375,6.103515625e-05
test/attack/digital_3/scan/portugal-143_03.jpg,data/processed/policy_c_official_test/test/attack/digital_3/scan/portugal-143_03.jpg,portugal-143_03,attack,digital_3,scan,1,66,e00926e831641258d9cbb4ec089403d31f475a0f5de5f08439070280c2f09978,e1f32a3b07eb79cbff41ea171310a640820f0930642d9e8149a834e3857c1ea6,project_train,train/bonafide/scan/portugal-143_03.jpg,66.0,e0ecfa39506428f5d48ef63c885ecc912fe2b8a9691e531cfd9211fc70d71702,matched_project,0.0020027160644531,0.0041999816894531,0.002197265625,0.0251312255859375,0.025543212890625,0.0004119873046875
test/attack/digital_3/scan/portugal-172_03.jpg,data/processed/policy_c_official_test/test/attack/digital_3/scan/portugal-172_03.jpg,portugal-172_03,attack,digital_3,scan,1,66,9bb25b17520d75315897cd9adaf14bb3d1dad5ac401afd7e1623dab431050575,b688c8467aa6fe6b18d70c1a3e127eee30b4c0143d1de61c61a0fbb1e007206e,project_train,train/bonafide/scan/portugal-172_03.jpg,66.0,0484a7eb054d0529383981402899525bc42d85d379a63a4dabb136be6a280785,matched_project,0.0005254745483398,0.0034904479980468,0.002964973449707,0.025665283203125,0.025634765625,-3.0517578125e-05
test/attack/digital_3/scan/portugal-NF-1016.jpg,data/processed/policy_c_official_test/test/attack/digital_3/scan/portugal-NF-1016.jpg,portugal-NF-1016,attack,digital_3,scan,1,85,ddf7f7207fc4de705557a96c7fc989b92ed30ee2cf54195ff57fedd04a329b3e,fff8ca9a9e544b6725f867ef17bf669b3fa14aa71a30e764ee0454dfa878d46c,project_train,train/bonafide/scan/portugal-NF-1016.jpg,85.0,bbdfad5b697e01f280118f5c6d1d3d781c4ff0d3e46118142690dc86a86ef3a5,matched_project,0.0016422271728515,0.0036849975585937,0.0020427703857422,0.0241241455078125,0.024749755859375,0.0006256103515625
test/attack/digital_3/scan/portugal-NF-1022.jpg,data/processed/policy_c_official_test/test/attack/digital_3/scan/portugal-NF-1022.jpg,portugal-NF-1022,attack,digital_3,scan,1,90,5726a4759ef8f165dbef35792023979f321c01b4f0035ec13a8d8d5c47fdb476,134d378c2316991e87d24ac7e098ddafbc219ee8f8f4a077968b683a9a0f89b5,project_train,train/bonafide/scan/portugal-NF-1022.jpg,90.0,49380c78d3106773698ebc982b38bf33acac7e110830317f2b287bd1089bcb3c,matched_project,0.0013380050659179,0.0021495819091796,0.0008115768432616999,0.0251617431640625,0.06158447265625,0.0364227294921875
test/attack/digital_3/scan/portugal-NF-1024.jpg,data/processed/policy_c_official_test/test/attack/digital_3/scan/portugal-NF-1024.jpg,portugal-NF-1024,attack,digital_3,scan,1,53,79090567665d1938c10daf53220432b68788af027bc28c8c0b77187b47f7f1b6,6a249e2a883edef6feff922ebe7ae9b5cab97cfb2a8b92b1c989fee757a900ab,project_train,train/bonafide/scan/portugal-NF-1024.jpg,53.0,fe5c2f26b7afcf4d0dc807befbb01d0f7a7fb69e134c6ab5a58ca20545c165af,matched_project,0.0001419782638549,0.0001753568649291,3.337860107419999e-05,0.0251007080078125,0.025390625,0.0002899169921875
test/attack/digital_3/scan/portugal-NF-1026.jpg,data/processed/policy_c_official_test/test/attack/digital_3/scan/portugal-NF-1026.jpg,portugal-NF-1026,attack,digital_3,scan,1,82,d042766874648a94796ca282336e7a3fb2efb5c69a22abadb4057dad7b210b62,9e280bb412bc1ca2f465a02c244a6d199d3649c51dc9c4f87f011d9e616ebf7c,project_train,train/bonafide/scan/portugal-NF-1026.jpg,82.0,6eda8511e5c9a9ead4f58c882b305f0022b94c8ab54834c09431d4a3eafc99e8,matched_project,0.0019721984863281,0.0016260147094726,-0.00034618377685549976,0.0275115966796875,0.04229736328125,0.0147857666015625
test/attack/digital_3/scan/portugal-NF-1041.jpg,data/processed/policy_c_official_test/test/attack/digital_3/scan/portugal-NF-1041.jpg,portugal-NF-1041,attack,digital_3,scan,1,50,1606d5c6d0aebcb3cac6154ac5ecd393b68eacfb9867bd0c9aab14ff760fe9e1,a74bbfebe66233ea2a383a54390863cce24d1e8347159bddd804730ae77ac7d9,project_train,train/bonafide/scan/portugal-NF-1041.jpg,50.0,c1ec430035459539b16e4e95058c1ab276510b709f961a68236889c9ca8d65f8,matched_project,0.0017337799072265,0.0038471221923828,0.0021133422851563,0.0256805419921875,0.0267333984375,0.0010528564453125
test/attack/digital_3/scan/portugal-NF-1060.jpg,data/processed/policy_c_official_test/test/attack/digital_3/scan/portugal-NF-1060.jpg,portugal-NF-1060,attack,digital_3,scan,1,73,89d0e4de126f3efc78484dcf16ace445371db9792e677bc7fee0eac648c855b5,54e0bdda5647e2b59b58f0bcdd31cfe7e9a3f3810af7e3c4a3bbfc03c1caa1e4,dev_val,train/bonafide/scan/portugal-NF-1060.jpg,73.0,3b44d54ee7a4fdd3702f955fd2e33c4acb403a3116c18701de42486fa7aa31b1,matched_project,0.0008459091186523,0.0013542175292968,0.0005083084106445,0.02484130859375,0.024444580078125,-0.000396728515625
test/attack/digital_3/scan/portugal-NF-1066.jpg,data/processed/policy_c_official_test/test/attack/digital_3/scan/portugal-NF-1066.jpg,portugal-NF-1066,attack,digital_3,scan,1,80,124c3ca197be98136ee3f5bda2704ee1fe99f669686b061ac9f49c21441e846f,f98e07abd8e79bc60c419acae9fff82cb1b03d08ce5060a9f4c53ffc89ec2ce7,dev_val,train/bonafide/scan/portugal-NF-1066.jpg,80.0,f93f8f50b984dcbef6237443c26b5a37a4d95c9306fae646e0d565505b8231cc,matched_project,0.0008525848388671,0.0019083023071289,0.0010557174682617998,0.0239105224609375,0.0239105224609375,0.0
test/attack/digital_3/scan/portugal-NF-1083.jpg,data/processed/policy_c_official_test/test/attack/digital_3/scan/portugal-NF-1083.jpg,portugal-NF-1083,attack,digital_3,scan,1,85,f7e470a9c6093163dcea0b9e0bd088d3b789b7fff7c9cec7a7e7067c99462ea5,931606093f4e943acdd44c542a4f6e4c627856334379bb8a63d3f258b350fd1a,project_train,train/bonafide/scan/portugal-NF-1083.jpg,85.0,185db0dc2a47ddeab2908bf651a95adf6b050ec449e4542cf202c5a129bd638e,matched_project,0.0010004043579101,0.0080795288085937,0.0070791244506836,0.0251617431640625,0.0276641845703125,0.00250244140625
test/attack/digital_3/scan/portugal-NF-1086.jpg,data/processed/policy_c_official_test/test/attack/digital_3/scan/portugal-NF-1086.jpg,portugal-NF-1086,attack,digital_3,scan,1,82,c4ab97502cfb19d55598ce856ee4da2dbcc3ce5a0dbc02318aa87b80eba3397a,ee8084ab6798ad849d7a75568998af8108774b0743392f837a3222b518bebcc2,project_train,train/bonafide/scan/portugal-NF-1086.jpg,82.0,100a79d6128bec6cae61a3459406172fd8d16b22bd041584f43cdd3590b10b8a,matched_project,0.0011720657348632,0.0044326782226562,0.003260612487793,0.025299072265625,0.0258026123046875,0.0005035400390625
test/attack/digital_3/scan/portugal-NF-1105.jpg,data/processed/policy_c_official_test/test/attack/digital_3/scan/portugal-NF-1105.jpg,portugal-NF-1105,attack,digital_3,scan,1,83,50388bb97fc4bcdb5bd1133ea15cb11fa101615bfb6e821a5652fd208d9de7b9,31f004c4aa0c31df0fa88a6ee704916647fa5a3ff062cc7745221ddea6a24189,project_train,train/bonafide/scan/portugal-NF-1105.jpg,83.0,4e14e4f576096bf88bcceb849f829a6493f47ae96cc43c83dc29d44b7863e56b,matched_project,0.0015249252319335,0.0034427642822265,0.001917839050293,0.0251617431640625,0.025665283203125,0.0005035400390625
test/attack/digital_3/scan/portugal-NF-1107.jpg,data/processed/policy_c_official_test/test/attack/digital_3/scan/portugal-NF-1107.jpg,portugal-NF-1107,attack,digital_3,scan,1,72,39fecdbb23773a362d56bebd52bb84d6f4a8f2e4f2ae8d9ace0ad31c266ee728,af54c021dc272baf9f63bff171c5f22b3347fe44c046ecdd374bbc087faff6fb,project_train,train/bonafide/scan/portugal-NF-1107.jpg,72.0,fbd7411eec40371bdb9d0bceeaac218d5409fb4b649cc7efa163466dd4a47ec5,matched_project,0.0033111572265625,0.0036354064941406,0.00032424926757809985,0.026031494140625,0.025787353515625,-0.000244140625
test/attack/digital_3/scan/portugal-NF-1109.jpg,data/processed/policy_c_official_test/test/attack/digital_3/scan/portugal-NF-1109.jpg,portugal-NF-1109,attack,digital_3,scan,1,87,9445ade3d7d194e8298573a32ffc8f930283546c4cf254dd9b3923fb47aef3c6,6389934c8cafba325b349e2a7236fcf80782b9c66bd772949990b0387a81b7ff,dev_val,train/bonafide/scan/portugal-NF-1109.jpg,87.0,0a8528edbe4199d493a8d5fe5e0ae6eb341d5501607bace074fb146c8da232b2,matched_project,0.0013427734375,0.0032863616943359,0.0019435882568359002,0.024444580078125,0.0268402099609375,0.0023956298828125
test/attack/digital_3/scan/portugal-NM-1091.jpg,data/processed/policy_c_official_test/test/attack/digital_3/scan/portugal-NM-1091.jpg,portugal-NM-1091,attack,digital_3,scan,1,78,a8b77cb31ed0f09d6c10fb0d4253bf846576430b89b97cf2442c8e60efc82c75,4df2b1056c257150e019be2d7ef09890779b24189904d9f7dcbaf7db502e2dca,project_train,train/bonafide/scan/portugal-NM-1091.jpg,78.0,f698f0de7204ed8c9ae590ce80bd1e9def3b41c76dc6180fa76070e36e0073f4,matched_project,0.0009832382202148,0.0011510848999023,0.0001678466796875,0.085693359375,0.05145263671875,-0.03424072265625
test/attack/digital_3/scan/portugal-NM-1102.jpg,data/processed/policy_c_official_test/test/attack/digital_3/scan/portugal-NM-1102.jpg,portugal-NM-1102,attack,digital_3,scan,1,63,ee8398eeb69b4ba6d64987dffeb172045c9d19402e0eddaafd23c5335a41ae55,de0424bb93ffb3e60fa6267c360d2d7d594e5016fcddfbf8ccb76bc397664864,project_train,train/bonafide/scan/portugal-NM-1102.jpg,63.0,14b59f8e705a3a6a5f3870aee48287763288dfaa9816e7512597fdbf9c96906e,matched_project,0.0040626525878906,0.0101699829101562,0.0061073303222656,0.026336669921875,0.0265045166015625,0.0001678466796875
test/attack/digital_3/scan/russian-002_03.jpg,data/processed/policy_c_official_test/test/attack/digital_3/scan/russian-002_03.jpg,russian-002_03,attack,digital_3,scan,1,59,ba880c18c78ec3e3ab1ead3f1e8b1ac73236f6146a0f0463d00e2c2a3f8a4262,b7f318cef68f88e7d607e73db19772316f1f987c916adeefe1f0ece4b946ad8c,project_train,train/bonafide/scan/russian-002_03.jpg,59.0,8b2aaa174915a6eef3ec1f9111985a6eba0958450d07ce9fd02ee8fbbdaa1501,matched_project,0.0007266998291015,0.0010442733764648,0.0003175735473632999,0.03436279296875,0.034423828125,6.103515625e-05
test/attack/digital_3/scan/russian-027_03.jpg,data/processed/policy_c_official_test/test/attack/digital_3/scan/russian-027_03.jpg,russian-027_03,attack,digital_3,scan,1,75,1c47e08fc04ef754b4266fa408541fac492896165ba3c37a14b9188a14c8b428,de342c2a333cd09654a272d4761c19086cea86081b5cea09b8ccc138daf50931,project_train,train/bonafide/scan/russian-027_03.jpg,75.0,46bc6f5d7287be06009f1aedb75e08ac61f29aec64039f2eda9e5913c0dcd096,matched_project,0.00213623046875,0.0047187805175781,0.0025825500488281,0.034576416015625,0.035247802734375,0.00067138671875
test/attack/digital_3/scan/russian-062_03.jpg,data/processed/policy_c_official_test/test/attack/digital_3/scan/russian-062_03.jpg,russian-062_03,attack,digital_3,scan,1,69,4ce5c4173b569b8ce1e5181a719bd91347ce6c61af06ab6b4f87c1e596f02d4c,7bfe01e648e4e17f1263fb4b0614f52dc9a9d408b58ac24b4bb355b5900768c3,dev_val,train/bonafide/scan/russian-062_03.jpg,69.0,c61aec73720752ede1128b4e6b3598c6e162365cf682c0e09eb1c986e93a61da,matched_project,0.0010337829589843,0.0019121170043945,0.0008783340454102,0.035247802734375,0.035186767578125,-6.103515625e-05
test/attack/digital_3/scan/russian-082_03.jpg,data/processed/policy_c_official_test/test/attack/digital_3/scan/russian-082_03.jpg,russian-082_03,attack,digital_3,scan,1,74,2d321d5169f24b2ff2d3757977a69c0669f1a08686ad8d30a16a589578c809ec,903d3e92a0a4a22b3589525e250aee95798fe00f68aaf6eb70c0c2558e09976c,project_train,train/bonafide/scan/russian-082_03.jpg,74.0,0f49c0d97ccf8bb283f57e3ec7f0f550b1a1b8e21afad0244f4bede542c08bcd,matched_project,7.426738739013672e-05,6.788969039916992e-05,-6.377696990966797e-06,0.0333251953125,0.0325927734375,-0.000732421875
test/attack/digital_3/scan/russian-123_03.jpg,data/processed/policy_c_official_test/test/attack/digital_3/scan/russian-123_03.jpg,russian-123_03,attack,digital_3,scan,1,50,17f45ad60d6b2a3cc3862a7a46e8f8d95675de8a63b16d1b7e7058f197b9f895,050c6f70fd91bbe3690f4dfb1fdd5015c9ed0cc866ffb8bfdb3c2eec0ec301d6,project_train,train/bonafide/scan/russian-123_03.jpg,50.0,e1b8b7790c29fddca71754b322277ac694d79ad5d49ade474be74b2e5c904531,matched_project,0.0001987218856811,0.0002698898315429,7.116794586180001e-05,0.03314208984375,0.033233642578125,9.1552734375e-05
test/attack/digital_3/scan/russian-132_03.jpg,data/processed/policy_c_official_test/test/attack/digital_3/scan/russian-132_03.jpg,russian-132_03,attack,digital_3,scan,1,53,8d002ccb109477916b3a9414850b1d0477484cdaae2f365af69e4cb303200b07,df8f82b4f286bb527dcc8fbdec245485d5f2e1d97df07c6a0e0e3700559175ef,dev_val,train/bonafide/scan/russian-132_03.jpg,53.0,50bca86b72f02e9811af94f6c01b4b1143f483ed755de6e979b0ca76e4d335cf,matched_project,0.0014076232910156,0.004180908203125,0.0027732849121094,0.0350341796875,0.035003662109375,-3.0517578125e-05
test/attack/digital_3/scan/russian-140_03.jpg,data/processed/policy_c_official_test/test/attack/digital_3/scan/russian-140_03.jpg,russian-140_03,attack,digital_3,scan,1,69,cdf620dde618e38fa4aa6b0993891488ad0a270c93207a59e32edaaa63fd2595,8d538e1ca48b6714391d0999ce188ba502f5adf55fc20eda6e282837b0f93c2e,project_train,train/bonafide/scan/russian-140_03.jpg,69.0,699fafcdc38ffdf4e5ebdbcb27c4414f002665dad487a8b4dad3607169f9d8be,matched_project,0.0003633499145507,0.0002166032791137,-0.00014674663543699998,0.037567138671875,0.037353515625,-0.000213623046875
test/attack/digital_3/scan/russian-141_03.jpg,data/processed/policy_c_official_test/test/attack/digital_3/scan/russian-141_03.jpg,russian-141_03,attack,digital_3,scan,1,62,9437ac7472eec97d97f0c9936decf9752c45b7b586a173cccf576958f0462d6f,0c49038a91f9b1d56a48d628b9c1200ff7f00d043be5393e0b59c7f64151a4d6,project_train,train/bonafide/scan/russian-141_03.jpg,62.0,e5f1abf3a91104d1187a13e3ab68feb04c262314bdd9629369414b425e43b7df,matched_project,0.0001547336578369,9.763240814208984e-05,-5.710124969481015e-05,0.0328369140625,0.032470703125,-0.0003662109375
test/attack/digital_3/scan/russian-NF-1013.jpg,data/processed/policy_c_official_test/test/attack/digital_3/scan/russian-NF-1013.jpg,russian-NF-1013,attack,digital_3,scan,1,75,11e1951bca943f39536c6b4d67cf804d903175f8535c6667840e68cc38d2bb47,534627ae2e3b8342d01943348696a087dbbafa014b610d9052ae6f01bf640282,project_train,train/bonafide/scan/russian-NF-1013.jpg,75.0,d753820bca6970d6ad912bae504d8580e92c00a5078778f3a080043b39d5008d,matched_project,0.0005965232849121,0.0018568038940429,0.0012602806091308,0.035888671875,0.035980224609375,9.1552734375e-05
test/attack/digital_3/scan/russian-NF-1028.jpg,data/processed/policy_c_official_test/test/attack/digital_3/scan/russian-NF-1028.jpg,russian-NF-1028,attack,digital_3,scan,1,59,a59729e918d0e16128937df4ac7b576598f81b20f112c039eac30c09d816d312,ac0fa37e8f1453f13237b025dfd249afbb21ea70217e5fda69b5ea874e1c7c8b,project_train,train/bonafide/scan/russian-NF-1028.jpg,59.0,928b5f92e3d95cf94089843e10ab6e69988cb447c74f3547f16928cc81409ca3,matched_project,0.0002139806747436,0.0004022121429443,0.0001882314682007,0.034027099609375,0.033966064453125,-6.103515625e-05
test/attack/digital_3/scan/russian-NF-1069.jpg,data/processed/policy_c_official_test/test/attack/digital_3/scan/russian-NF-1069.jpg,russian-NF-1069,attack,digital_3,scan,1,80,fb87942425dac2ea89d2b38b4db5f085f401e2dd7f2b596942c0600888d6012b,f53f597143bcecc49b48448dbd04509c56e4f73cf40623e255e5af67a8e35118,project_train,train/bonafide/scan/russian-NF-1069.jpg,80.0,f2f36d6b11f085418e0ec7d7f59585012f8512aef2b5a20fc2ca10663ff3cd8a,matched_project,5.829334259033203e-05,8.481740951538086e-05,2.6524066925048828e-05,0.036895751953125,0.036529541015625,-0.0003662109375
test/attack/digital_3/scan/russian-NF-1080.jpg,data/processed/policy_c_official_test/test/attack/digital_3/scan/russian-NF-1080.jpg,russian-NF-1080,attack,digital_3,scan,1,68,f46715ba09a66f529b2a1725a0789a0038269d62b82db1dbee54f91af5d953f1,1606c98db684abd482570f1aa00f6034e1bb8858d555aabf41ac552a0ca14599,project_train,train/bonafide/scan/russian-NF-1080.jpg,68.0,10ed36a709cb6a5321511d9053d32fe97ffdfad0eb415ead704f905810599129,matched_project,0.0007991790771484,0.0019378662109375,0.0011386871337891,0.03350830078125,0.034423828125,0.00091552734375
test/attack/digital_3/scan/russian-NF-1081.jpg,data/processed/policy_c_official_test/test/attack/digital_3/scan/russian-NF-1081.jpg,russian-NF-1081,attack,digital_3,scan,1,55,5d76ca962f5d878871c3f7e298965474858290d0e1f2a0a12263bbf4029f9509,41ff6ce7fbc032ac60ca27bdc01817e8f090fe838b823f346a435bfdf59ea227,project_train,train/bonafide/scan/russian-NF-1081.jpg,55.0,11aeb7d31a60030d3a13e3d593144340aea3e240b839a85026717afb2e09040e,matched_project,0.0014810562133789,0.0006947517395019,-0.000786304473877,0.0355224609375,0.035369873046875,-0.000152587890625
test/attack/digital_3/scan/russian-NF-1089.jpg,data/processed/policy_c_official_test/test/attack/digital_3/scan/russian-NF-1089.jpg,russian-NF-1089,attack,digital_3,scan,1,80,93f143347cc07b701381b43ca913acc4a196d14e0f3a2ebaf005e9c3805ccc91,2350ea52cf523706868ba95afb34c50f3a8ae5aea524c9a7b5f7f65571d70694,dev_val,train/bonafide/scan/russian-NF-1089.jpg,80.0,5d4ef77810324428785608a604c93c366f9b7d5a95df6aef230caf230df0488e,matched_project,0.06787109375,0.0504150390625,-0.0174560546875,0.0819091796875,0.08197021484375,6.103515625e-05
test/attack/digital_3/scan/russian-NF-1099.jpg,data/processed/policy_c_official_test/test/attack/digital_3/scan/russian-NF-1099.jpg,russian-NF-1099,attack,digital_3,scan,1,53,b65736c60f64cc6a86530b40a894c520341dd7b2c1b8d57339172d990d365dbb,05ed0bac56fdb267c1aaf1ef6bb4f7e020240a243fb7b67002a35357298b5df3,dev_val,train/bonafide/scan/russian-NF-1099.jpg,53.0,853a835013a7763c08144d1b31d95ba911b80d03456825b9d601269c31c16b72,matched_project,0.127685546875,0.230712890625,0.10302734375,0.050506591796875,0.05072021484375,0.000213623046875
test/attack/digital_3/scan/russian-NM-1027.jpg,data/processed/policy_c_official_test/test/attack/digital_3/scan/russian-NM-1027.jpg,russian-NM-1027,attack,digital_3,scan,1,66,d6489395e9afb57a06d71a5778efb83d1ef6184a0b42083c92a568a9b3c36166,5cc3b0cf583a5c551d413bc47eac3ea2a2257cab3e75fe450e5cd21321ba3bea,project_train,train/bonafide/scan/russian-NM-1027.jpg,66.0,1214eada8de4345c46ba03284a227b143dfcf69c357cb746e6a5a72c314761ad,matched_project,0.0009984970092773,0.0007410049438476,-0.00025749206542969997,0.035369873046875,0.03472900390625,-0.000640869140625
test/attack/digital_3/scan/turkiye-008_03.jpg,data/processed/policy_c_official_test/test/attack/digital_3/scan/turkiye-008_03.jpg,turkiye-008_03,attack,digital_3,scan,1,67,58576b92b0e99c84961070397cb9ea05b792cf3e19841d194dfefec3473503c6,fb78c8bb1eb344289b0d72617e2ba277f6bfedeff63623eb24d3cd63fd4b8996,project_train,train/bonafide/scan/turkiye-008_03.jpg,67.0,f966615948b6d8cfb2dd6c1947b26eeafffc625243e3c87c253b25a5c10185e5,matched_project,0.002349853515625,0.0018062591552734,-0.0005435943603516,0.028594970703125,0.0290679931640625,0.0004730224609375
test/attack/digital_3/scan/turkiye-031_03.jpg,data/processed/policy_c_official_test/test/attack/digital_3/scan/turkiye-031_03.jpg,turkiye-031_03,attack,digital_3,scan,1,73,62f194ce019689a4960f8078cca52e8f9c9a8b28105b8bf64d9e898187ccd3cd,0ffa03971b51cef7ebb3d7ecde473690fe47d310a19fcf99f55ea529c6d95cdc,project_train,train/bonafide/scan/turkiye-031_03.jpg,73.0,e4c32cbad0c706c9e5fb8ac5fc6de44bf558018b47f363f5aa737e45b59847a4,matched_project,0.001382827758789,0.0051689147949218,0.0037860870361328004,0.0283355712890625,0.0304718017578125,0.00213623046875
test/attack/digital_3/scan/turkiye-032_03.jpg,data/processed/policy_c_official_test/test/attack/digital_3/scan/turkiye-032_03.jpg,turkiye-032_03,attack,digital_3,scan,1,53,d5af6043365f9eeaceca539770a71bbeb458675e17afdef93c21a9e9ff511db2,67dcbc869a6ef12d3cecb7f07182b44915410f4be3461640eb5ac7d37ddc6a6d,dev_val,train/bonafide/scan/turkiye-032_03.jpg,53.0,af312261be7591b9ab99be44db6f5318f1f776d00f77f2f003bbaa82608f4c63,matched_project,0.0030632019042968,0.0056877136230468,0.0026245117187500004,0.0278472900390625,0.028594970703125,0.0007476806640625
test/attack/digital_3/scan/turkiye-036_03.jpg,data/processed/policy_c_official_test/test/attack/digital_3/scan/turkiye-036_03.jpg,turkiye-036_03,attack,digital_3,scan,1,85,77fb502be08ff2023e1be68df5810a7af14c7447032dff2dbc800993e7971d9b,c986b9bdaf98546968e8785b15912c6f71a1ce564102399e51965e7a07f3d934,project_train,train/bonafide/scan/turkiye-036_03.jpg,85.0,c4362d5903940bf4a948edfa93f80398a01081a682036472d40ee759afe605f5,matched_project,0.0024242401123046,0.003885269165039,0.0014610290527344002,0.027374267578125,0.03070068359375,0.003326416015625
test/attack/digital_3/scan/turkiye-041_03.jpg,data/processed/policy_c_official_test/test/attack/digital_3/scan/turkiye-041_03.jpg,turkiye-041_03,attack,digital_3,scan,1,76,b9f93ab14d3cdf562c12d0f33ddcdecd2cc4840bd503b6f2211cbc1d6ddbacb6,26738ba791bab571987ce5b347175d4b442f9ea3f21287c2100bb69f9a44038f,project_train,train/bonafide/scan/turkiye-041_03.jpg,76.0,b1fed2ce1510d53f971c75de25979f243e2aabf55c3598ec4e208b4d5d71f346,matched_project,0.0017309188842773,0.004547119140625,0.0028162002563477,0.0284881591796875,0.02886962890625,0.0003814697265625
test/attack/digital_3/scan/turkiye-083_03.jpg,data/processed/policy_c_official_test/test/attack/digital_3/scan/turkiye-083_03.jpg,turkiye-083_03,attack,digital_3,scan,1,51,75284e528dbb59e0d58ee3ea4932e7beba15c66f557cf180f64a2528126a5264,8f059274310c75612f94d5dd47ef6d1edac342cb3c426b82d65c98461e5e7c99,project_train,train/bonafide/scan/turkiye-083_03.jpg,51.0,8c397ce7e73c9fc860f8e66ad41ac2ee96338450d4e9cd59761dd82b7b456902,matched_project,0.0012998580932617,0.0017070770263671,0.0004072189331053998,0.027801513671875,0.0284423828125,0.000640869140625
test/attack/digital_3/scan/turkiye-086_03.jpg,data/processed/policy_c_official_test/test/attack/digital_3/scan/turkiye-086_03.jpg,turkiye-086_03,attack,digital_3,scan,1,90,628297a0ad7a43b144adddd7dd2233e06195444cfeb72d0133f5da288ce7cac9,c3d4d805f7c08b26d0160e0462f96251c66838c588b50cef38bafbe6abe2574a,project_train,train/bonafide/scan/turkiye-086_03.jpg,90.0,d88288ecf21f319d619e269573c288b9625dce5adbe449b51a2579493294b1b4,matched_project,0.0020999908447265,0.005706787109375,0.0036067962646485,0.027069091796875,0.0292816162109375,0.0022125244140625
test/attack/digital_3/scan/turkiye-092_03.jpg,data/processed/policy_c_official_test/test/attack/digital_3/scan/turkiye-092_03.jpg,turkiye-092_03,attack,digital_3,scan,1,56,048f957012349451d3b094445d54d1f8a872dc2dba3de27993f82f1fe8bc885e,9f0953e997c109ae36e26b7e79bba54b0681f8ef11e67b4a72cb1b8d69f948e1,project_train,train/bonafide/scan/turkiye-092_03.jpg,56.0,2ba4f2b7990079268cdd52c8a079ec55eb41b8d891afe07aa749200be1907e19,matched_project,0.0012397766113281,0.002878189086914,0.0016384124755859,0.0276336669921875,0.09869384765625,0.0710601806640625
test/attack/digital_3/scan/turkiye-101_03.jpg,data/processed/policy_c_official_test/test/attack/digital_3/scan/turkiye-101_03.jpg,turkiye-101_03,attack,digital_3,scan,1,76,158e38bbf7a45c170155db37271266b1a6057d5ebe2891ebb4278bd686718be2,068f1c7a1340cdd265310cb9fad3bbc2e2425df8256a716455126269f8775a41,dev_val,train/bonafide/scan/turkiye-101_03.jpg,76.0,efa1e9fbf890d10a12392aba01fbf8eb49aac78fe6239232d68ca60e36312b8c,matched_project,0.0017852783203125,0.0071907043457031,0.0054054260253906,0.0282745361328125,0.0293731689453125,0.0010986328125
test/attack/digital_3/scan/turkiye-104_03.jpg,data/processed/policy_c_official_test/test/attack/digital_3/scan/turkiye-104_03.jpg,turkiye-104_03,attack,digital_3,scan,1,57,0744bbe7e7ca1fc91e9cd66b2b8cf6160f8b1897adbc574a05d424a69b51d0fc,48d08a3d598006bf6a1eda3094c2ea56f6763821fed63fe5cc6e2e0b90fee022,dev_val,train/bonafide/scan/turkiye-104_03.jpg,57.0,1fa88c4ca537c48f453f1e3cd25af0e793762c36550d36a76473022611c76eab,matched_project,0.0020427703857421,0.0023975372314453,0.0003547668457032,0.027618408203125,0.0277099609375,9.1552734375e-05
test/attack/digital_3/scan/turkiye-115_03.jpg,data/processed/policy_c_official_test/test/attack/digital_3/scan/turkiye-115_03.jpg,turkiye-115_03,attack,digital_3,scan,1,87,6f5564d9b547f40fdf67826618eb18b634c1c15a1813eead5ac0014326974a2a,e66e7771d46b477392003bea5f9460ab783ac423fa91515e6549f46539a67696,dev_val,train/bonafide/scan/turkiye-115_03.jpg,87.0,f7e3d196659ad6da6247f70f7e1d81e78324557c67af5b1c54ef61d7460908b3,matched_project,0.0008230209350585,0.0022392272949218,0.0014162063598633,0.028411865234375,0.031585693359375,0.003173828125
test/attack/digital_3/scan/turkiye-121_03.jpg,data/processed/policy_c_official_test/test/attack/digital_3/scan/turkiye-121_03.jpg,turkiye-121_03,attack,digital_3,scan,1,79,73d88ce4f80d08ffcc168204bd37310ac867c21dd88e1bf9f34d8edb9ae9ce84,00cce6ced6af5fd3bed2f45e8b761a4e7189cfbbace7836c7805b502c7f145d7,project_train,train/bonafide/scan/turkiye-121_03.jpg,79.0,9278af377c64038f27776a1dd209c542a6310aca2e1c039815edd4f091f55792,matched_project,0.0015735626220703,0.004608154296875,0.0030345916748047,0.027069091796875,0.035675048828125,0.00860595703125
test/attack/digital_3/scan/turkiye-126_03.jpg,data/processed/policy_c_official_test/test/attack/digital_3/scan/turkiye-126_03.jpg,turkiye-126_03,attack,digital_3,scan,1,70,2add0e89a5be89ce992a02c729addd0b4f4ce0dae4369b1d8d059d7d8f98059e,4b44b0a45fbc2a4d6fecb8ee41264d716695a2a96fdd099e5d9c423e7f8455fb,project_train,train/bonafide/scan/turkiye-126_03.jpg,70.0,34f77c8d0fb8cc310894c6d78e34e91eb468709fae5e97593062da019c194639,matched_project,0.0021743774414062,0.0017681121826171,-0.00040626525878910023,0.0289764404296875,0.0290374755859375,6.103515625e-05
test/attack/digital_3/scan/turkiye-127_03.jpg,data/processed/policy_c_official_test/test/attack/digital_3/scan/turkiye-127_03.jpg,turkiye-127_03,attack,digital_3,scan,1,73,a9e268a0982e714d5ea6300f85e9703176bf414baf4e8da8affdf6c018c5f80a,95f4abefeb3f7cdb59185fc8f2f4b6d73879949e7b8a54eed31e91b11787a538,project_train,train/bonafide/scan/turkiye-127_03.jpg,73.0,dd03d159b7206e483c56e06ffb70f07b064694727e6df1dc6fef476c2579171b,matched_project,0.0020275115966796,0.0062904357910156,0.004262924194336,0.0287017822265625,0.037994384765625,0.0092926025390625
test/attack/digital_3/scan/turkiye-129_03.jpg,data/processed/policy_c_official_test/test/attack/digital_3/scan/turkiye-129_03.jpg,turkiye-129_03,attack,digital_3,scan,1,62,2633cb912985c61ea16253fab724ed4c920eec4dfca173bbb167a4cf253bc818,2fbba1ad835a5d09d804a0feac17505f8b09406f524510486c5f707a3088ddba,project_train,train/bonafide/scan/turkiye-129_03.jpg,62.0,2b75822248043bbde8adaebaf213b1d0110e033baf0ef565dec790a317e516c5,matched_project,0.0026779174804687,0.0016708374023437,-0.0010070800781250002,0.028594970703125,0.0295562744140625,0.0009613037109375
test/attack/digital_3/scan/turkiye-130_03.jpg,data/processed/policy_c_official_test/test/attack/digital_3/scan/turkiye-130_03.jpg,turkiye-130_03,attack,digital_3,scan,1,75,3c4a5992b742f66aef1cfde34b417c177822e818525884c5aa55adaf41d680c0,b8ec71742dce817d79ea0fe73971e834c4bd42b63207da0dbb7f7c9c22c03e45,project_train,train/bonafide/scan/turkiye-130_03.jpg,75.0,c8ddf15300a915b4ea4dc590206d45508a6f2308240260c5615bd7d4587eae64,matched_project,0.004608154296875,0.0036792755126953,-0.0009288787841797001,0.0272979736328125,0.027984619140625,0.0006866455078125
test/attack/digital_3/scan/turkiye-138_03.jpg,data/processed/policy_c_official_test/test/attack/digital_3/scan/turkiye-138_03.jpg,turkiye-138_03,attack,digital_3,scan,1,90,f63387e59da7d80c9bb41f9bcdd001c4f405344b26b55774ac7ad8641c9a9b3e,625980bfc0e346ca6637b1f175f0a1b9f85fd9e296b9016113dc5210d523f776,project_train,train/bonafide/scan/turkiye-138_03.jpg,90.0,6d1453a275110721cea020bbd844330c7c509edac1fab08cab303bd3b939f611,matched_project,0.0008916854858398,0.0018138885498046,0.0009222030639648,0.02691650390625,0.02734375,0.00042724609375
test/attack/digital_3/scan/turkiye-NF-1002.jpg,data/processed/policy_c_official_test/test/attack/digital_3/scan/turkiye-NF-1002.jpg,turkiye-NF-1002,attack,digital_3,scan,1,88,ee2489ec4adb5baf61f56575c4fe60c9d5b7345b5e225465762bdbf38b279214,01af1e80fb5c6d217b1db69b3c9ca0e6138e3f845519720375fac121e3a52604,dev_val,train/bonafide/scan/turkiye-NF-1002.jpg,88.0,9d18494d4347512b88c728898b61c7f53454ee7e0e4f8b7c02f060e5d6ae3829,matched_project,0.0025653839111328,0.0085296630859375,0.0059642791748047,0.04522705078125,0.1395263671875,0.09429931640625
test/attack/digital_3/scan/turkiye-NF-1008.jpg,data/processed/policy_c_official_test/test/attack/digital_3/scan/turkiye-NF-1008.jpg,turkiye-NF-1008,attack,digital_3,scan,1,74,c8b74ef2bf8531b652629372979c3afac9cf40afea7fb22200607c36e8d9dd60,e006bfd04eae21480db726e9e795b7d046ebdfa3b14d74583ccf04cf482c1553,project_train,train/bonafide/scan/turkiye-NF-1008.jpg,74.0,12205733147c02ea4c05b2da115cfb2f600726e4b955445abee552a7f2acc83d,matched_project,0.0015668869018554,0.0029010772705078,0.0013341903686524,0.0292510986328125,0.0292510986328125,0.0
test/attack/digital_3/scan/turkiye-NF-1054.jpg,data/processed/policy_c_official_test/test/attack/digital_3/scan/turkiye-NF-1054.jpg,turkiye-NF-1054,attack,digital_3,scan,1,77,41319e57b4de211df33fa724aa653bf9de23a152ea2113f336178b85249c6aaf,783652e47855e1dd7dcbc01a217f04ad3d29a82878d318b92062168708094f2d,project_train,train/bonafide/scan/turkiye-NF-1054.jpg,77.0,83de8c5090c9c04e31c8265e4828be71ad14f32e856db7f263d15811172de7cc,matched_project,0.0018749237060546,0.0017852783203125,-8.96453857420999e-05,0.03021240234375,0.0300140380859375,-0.0001983642578125
test/attack/digital_3/scan/turkiye-NF-1103.jpg,data/processed/policy_c_official_test/test/attack/digital_3/scan/turkiye-NF-1103.jpg,turkiye-NF-1103,attack,digital_3,scan,1,57,822e254f5bd6badafa7a0a9c1cbe65b8ace62981771ba2b61403f419d91a3415,325f1899a00abd04a2e85ab257fab1cb5e23b72df9e243ee026320e9da9ea19a,project_train,train/bonafide/scan/turkiye-NF-1103.jpg,57.0,6fe74d4a3b4bf08475971024f6e2030cb885cab568fd2b554ac673087da5623c,matched_project,0.001220703125,0.0015430450439453,0.0003223419189452999,0.03173828125,0.03216552734375,0.00042724609375
test/attack/digital_3/scan/turkiye-NM-1011.jpg,data/processed/policy_c_official_test/test/attack/digital_3/scan/turkiye-NM-1011.jpg,turkiye-NM-1011,attack,digital_3,scan,1,51,5d85a48f3758809c5f9eeb3a5d7f03a3827ddadf940c18e37beb70b143a3575c,f6d395256dbca514ce8b50e40f48304ee7565dfd01c2d38576e5459f3585303a,project_train,train/bonafide/scan/turkiye-NM-1011.jpg,51.0,f6b0fdb9a1e70c1e2b2a4fa90cd91f6a0645a3b8f1b46b051856bb0755a270a0,matched_project,0.0016708374023437,0.0120315551757812,0.0103607177734375,0.06390380859375,0.07525634765625,0.0113525390625
test/attack/digital_3/scan/turkiye-NM-1019.jpg,data/processed/policy_c_official_test/test/attack/digital_3/scan/turkiye-NM-1019.jpg,turkiye-NM-1019,attack,digital_3,scan,1,88,02ffda3dbd45167a30b2912092eaae7cfa9cf5e204abed14625767fd3be380a6,aa9f37e25b61975a54a6842336aaa08c349ededaed58f7c79e3c531d6f158892,project_train,train/bonafide/scan/turkiye-NM-1019.jpg,88.0,6b7597509d009084addca9b9c5176dbf40b11b7cb00d4aa5ba69f986c1966e18,matched_project,0.0051383972167968,0.0064888000488281,0.0013504028320312994,0.0299530029296875,0.029815673828125,-0.0001373291015625
test/attack/digital_3/scan/turkiye-NM-1033.jpg,data/processed/policy_c_official_test/test/attack/digital_3/scan/turkiye-NM-1033.jpg,turkiye-NM-1033,attack,digital_3,scan,1,57,822777fa7366adb3962d7fc790c43d1e167f5b7639e0f239704a61406c48c854,e13e31b4ab84ed23f1ff3aedd4c92ee14dc30c0db43cc4d501ee50664c000885,project_train,train/bonafide/scan/turkiye-NM-1033.jpg,57.0,b529ca8ffa8897b3c6a02a3fe753dfc170126a6592e2670668dcffdf52e3a110,matched_project,0.00201416015625,0.0037803649902343,0.0017662048339843,0.0287933349609375,0.03143310546875,0.0026397705078125
test/attack/digital_3/scan/turkiye-NM-1055.jpg,data/processed/policy_c_official_test/test/attack/digital_3/scan/turkiye-NM-1055.jpg,turkiye-NM-1055,attack,digital_3,scan,1,74,9f550be542013edd3db3f9ee850af68079d9baad853ee8fc8c85d979ed004ddb,4db1788f98de866c3a704850e2998ece2b017ea8c2f7343c9fa2ecae50f7d456,dev_val,train/bonafide/scan/turkiye-NM-1055.jpg,74.0,5d704d0997c8f45e02a055f7683901e656cbbf3071d2b12f834fa3673b9f9813,matched_project,0.036224365234375,0.07122802734375,0.035003662109375,0.068115234375,0.2073974609375,0.1392822265625
test/attack/digital_3/scan/ukraine-006_03.jpg,data/processed/policy_c_official_test/test/attack/digital_3/scan/ukraine-006_03.jpg,ukraine-006_03,attack,digital_3,scan,1,61,edad9381ebb6a763bbbb2d28cc2aa232294675954b06a507cc654dd8a9d54069,c450963863d37590eb7fb280e20d0886a4383245473ab724c34b93ede948f740,project_train,train/bonafide/scan/ukraine-006_03.jpg,61.0,45cf9e8723f0d2ab40edff94417fe4ae9da6a1f9016331d9e418f9cf0b079584,matched_project,0.019378662109375,0.0122909545898437,-0.0070877075195313,0.050018310546875,0.04876708984375,-0.001251220703125
test/attack/digital_3/scan/ukraine-007_03.jpg,data/processed/policy_c_official_test/test/attack/digital_3/scan/ukraine-007_03.jpg,ukraine-007_03,attack,digital_3,scan,1,83,035b4b0115bb8d3e2548b84875061fe73f783b5bb83dbd2576f315c9199bff31,dfa2843b863de9919affa572d7f6c5b38ed62cbcadf6ab5774b18ea1c98750c1,project_train,train/bonafide/scan/ukraine-007_03.jpg,83.0,4515988d07b08d71e44ca62cf6d02d842fc744ca79f9444eda9bfda1aeb8ed63,matched_project,0.0032482147216796,0.0044326782226562,0.0011844635009765998,0.052581787109375,0.05108642578125,-0.001495361328125
test/attack/digital_3/scan/ukraine-025_03.jpg,data/processed/policy_c_official_test/test/attack/digital_3/scan/ukraine-025_03.jpg,ukraine-025_03,attack,digital_3,scan,1,57,24002947e52b799bdec5beae1f0bcb97fb595db26ae7df094dbe3b5bc7290bd8,9f645850d3e62258e24114ee517fdc4727569d11fd1f7eecd021f15c8d0f341e,dev_val,train/bonafide/scan/ukraine-025_03.jpg,57.0,054fc9afce47a0dfcc9196f19a9461fa93afa3a89258ed4ca8245d154040592c,matched_project,0.0058670043945312,0.0023269653320312,-0.0035400390624999996,0.053009033203125,0.05218505859375,-0.000823974609375
test/attack/digital_3/scan/ukraine-030_03.jpg,data/processed/policy_c_official_test/test/attack/digital_3/scan/ukraine-030_03.jpg,ukraine-030_03,attack,digital_3,scan,1,69,d1674b626654e2c03f3e51148ab572aa9c75c08ffbcef57f56c8692ee2045d11,3c59378383ac599239861b8ddba84ad552556390a5131d335f8546f66e8ef69d,project_train,train/bonafide/scan/ukraine-030_03.jpg,69.0,4c8d6a497288f31396c3c1c6eafe9a5a16f7cb5ecbc172aeebe6a27b8d3126be,matched_project,0.0044670104980468,0.0046920776367187,0.00022506713867189929,0.049713134765625,0.0498046875,9.1552734375e-05
test/attack/digital_3/scan/ukraine-103_03.jpg,data/processed/policy_c_official_test/test/attack/digital_3/scan/ukraine-103_03.jpg,ukraine-103_03,attack,digital_3,scan,1,84,b6a04755101f8ac2cecc68e2ac9a80d4b5b0ce0068ae61c0065a3c9d9b473d28,5c0be1f0cd7d1959fcd1f897ef4bb092050f3df60c1aaac429417f617ef5c084,project_train,train/bonafide/scan/ukraine-103_03.jpg,84.0,829c16c9da84020a312aba9dff843228c284e08874e062164906810d098b6e8f,matched_project,0.0106124877929687,0.0098190307617187,-0.00079345703125,0.051116943359375,0.050384521484375,-0.000732421875
test/attack/digital_3/scan/ukraine-NF-1005.jpg,data/processed/policy_c_official_test/test/attack/digital_3/scan/ukraine-NF-1005.jpg,ukraine-NF-1005,attack,digital_3,scan,1,62,bfe8cf1dc5360032c62647283dfe2f8ed86ea3c15d0ed4ad5f949786c56651dc,e297ff32da93fc4156fdde09ef11b77eddb67e55d2e8cbfc3c390631d9d6bdc4,project_train,train/bonafide/scan/ukraine-NF-1005.jpg,62.0,93cedb96cf1fdb838fd305d280b728bc6519339dfbbe319649e5e3e7ddfb60aa,matched_project,0.0066413879394531,0.0104904174804687,0.0038490295410156,0.055877685546875,0.055419921875,-0.000457763671875
test/attack/digital_3/scan/ukraine-NF-1015.jpg,data/processed/policy_c_official_test/test/attack/digital_3/scan/ukraine-NF-1015.jpg,ukraine-NF-1015,attack,digital_3,scan,1,86,09c1e34931e41af59151db3bce4b895fbf766e223782cbfff14c4754652e7c4e,0965e6d54d0ab650593f8f020276689e1e3a97bb0076f3e2b7c4b2f121a87d2d,project_train,train/bonafide/scan/ukraine-NF-1015.jpg,86.0,7abf826c4a3e2d6aaf77f9353604c279b411337783bf9e3a7e147a536c5b91fe,matched_project,0.0021247863769531,0.0043830871582031,0.00225830078125,0.051513671875,0.05010986328125,-0.00140380859375
test/attack/digital_3/scan/ukraine-NF-1021.jpg,data/processed/policy_c_official_test/test/attack/digital_3/scan/ukraine-NF-1021.jpg,ukraine-NF-1021,attack,digital_3,scan,1,54,68cc186e1991a116fcf67c8eb313bf1f2ea3aefb2cff7023282e0138c3942c2b,c85d510265701cd570d046459d103a5c6cea4ab57a8ecf07ec2a2700edf38e81,project_train,train/bonafide/scan/ukraine-NF-1021.jpg,54.0,5a2942fc17cb7e6f655be3f8ab74216290ebfebd55825d61538f9ab447e990cb,matched_project,0.003885269165039,0.0063133239746093,0.0024280548095703004,0.0496826171875,0.049591064453125,-9.1552734375e-05
test/attack/digital_3/scan/ukraine-NF-1032.jpg,data/processed/policy_c_official_test/test/attack/digital_3/scan/ukraine-NF-1032.jpg,ukraine-NF-1032,attack,digital_3,scan,1,77,ce3f9289664cc4884d098fffc6c78caa74d113742a2937476abe4a5f936a4f80,a88ddfe795642ead45f37359936b926a33512e116d3cf1f82f895d197f6096c4,project_train,train/bonafide/scan/ukraine-NF-1032.jpg,77.0,38d64507e55d4f57355b657f39729492df3a8ddaebbd9d9d0c033e7f2c363c9c,matched_project,0.0053138732910156,0.0053024291992187,-1.1444091796900153e-05,0.0518798828125,0.052337646484375,0.000457763671875
test/attack/digital_3/scan/ukraine-NF-1057.jpg,data/processed/policy_c_official_test/test/attack/digital_3/scan/ukraine-NF-1057.jpg,ukraine-NF-1057,attack,digital_3,scan,1,51,a5fd67c04c80a7c30d35a2bd9b233e5c31119a1469541f67ca6ace3fffde12c6,1196cd3cdb66818d970dfe128082d9774ebd593517fdebcf5c32d1cbbbcea4c5,project_train,train/bonafide/scan/ukraine-NF-1057.jpg,51.0,a79b3c7aabe280eebe6bcc192fd0e070ca3f354eb3b7c9338eb6c918422efe23,matched_project,0.001129150390625,0.0018463134765625,0.0007171630859375,0.05047607421875,0.0498046875,-0.00067138671875
test/attack/digital_3/scan/ukraine-NF-1068.jpg,data/processed/policy_c_official_test/test/attack/digital_3/scan/ukraine-NF-1068.jpg,ukraine-NF-1068,attack,digital_3,scan,1,77,7091afbf091a0198c476f47989cf5ea30a442790f85b7292123765f568208b03,2025c5e0f2f9cb50ac2b15cc8aa91c3799527127b684d3f279adf2a348a6d06b,dev_val,train/bonafide/scan/ukraine-NF-1068.jpg,77.0,6dfcd5102f5dffb8c2024b9ae6d4515287289465c7dfa7691faa37cb332fb797,matched_project,0.87451171875,0.8740234375,-0.00048828125,0.05926513671875,0.059112548828125,-0.000152587890625
test/attack/digital_3/scan/ukraine-NF-1073.jpg,data/processed/policy_c_official_test/test/attack/digital_3/scan/ukraine-NF-1073.jpg,ukraine-NF-1073,attack,digital_3,scan,1,64,88673976883a5459b2784187557287eef06293bff4194f638173485af0d81687,d187fa034116514cdad7a31005113d2d0f68f629b057fb785838f5c1f0219980,dev_val,train/bonafide/scan/ukraine-NF-1073.jpg,64.0,a7d126edccfcb969d82129cdc684b6e3bf2aa160245207794ac0f2315daf69b0,matched_project,0.002023696899414,0.002410888671875,0.00038719177246099995,0.06378173828125,0.06280517578125,-0.0009765625
test/attack/digital_3/scan/ukraine-NF-1077.jpg,data/processed/policy_c_official_test/test/attack/digital_3/scan/ukraine-NF-1077.jpg,ukraine-NF-1077,attack,digital_3,scan,1,89,71c0b916c1bcf5ddcfdd43f09a8c6932e125035b1337ae6e985708a6b8f23633,66a36d4774fdf21437b24ae928a232c1336b2c7a6b49b352b6aa73c33e7df700,project_train,train/bonafide/scan/ukraine-NF-1077.jpg,89.0,800dd7b945da187346fac5944be79656af40d255c79d5ea99327576b8097ec86,matched_project,0.0016355514526367,0.002359390258789,0.0007238388061523,0.048187255859375,0.047088623046875,-0.0010986328125
test/attack/digital_3/scan/ukraine-NF-1084.jpg,data/processed/policy_c_official_test/test/attack/digital_3/scan/ukraine-NF-1084.jpg,ukraine-NF-1084,attack,digital_3,scan,1,65,c41aaafbf1f1117329fe6ecbb1eb590d69d32c65778b6e6300ba76b54f2b559e,4cda4a2981564c41875fddf16b8f2e96dbbd49fce7f406413ff796f679d22f90,project_train,train/bonafide/scan/ukraine-NF-1084.jpg,65.0,89f97286ea3448daa836b0e079c1eeb4054e3d3038b1763d01c1234dd5cd90d8,matched_project,0.006439208984375,0.0108184814453125,0.0043792724609375,0.050506591796875,0.05133056640625,0.000823974609375
test/attack/digital_3/scan/ukraine-NF-1087.jpg,data/processed/policy_c_official_test/test/attack/digital_3/scan/ukraine-NF-1087.jpg,ukraine-NF-1087,attack,digital_3,scan,1,52,bd18e9b741233ff0c609a7cb1bfe675e48b9c0a2d21b399dad2c2bf5b906fccf,673217bde340972f11b49385119e4ed9471b7ae0fbed15fa609589a35a829ceb,project_train,train/bonafide/scan/ukraine-NF-1087.jpg,52.0,06fbc11ed70c4e9df4fa4b4e02e837c19261cdb23cab8143f4c38049f4fe3fbf,matched_project,0.0053634643554687,0.0090179443359375,0.0036544799804688003,0.04949951171875,0.049957275390625,0.000457763671875
test/attack/digital_3/scan/ukraine-NF-1106.jpg,data/processed/policy_c_official_test/test/attack/digital_3/scan/ukraine-NF-1106.jpg,ukraine-NF-1106,attack,digital_3,scan,1,88,d13aa31a8ef839a72830469183ca6e878e06ca20dcceadaceaec00f795858135,4aa92d30eb661795e98801e2c3c7252b7f6dccc80c90944041aa450103a5302e,dev_val,train/bonafide/scan/ukraine-NF-1106.jpg,88.0,cdfc41e33ff0e6f70a58de0fc0c84d2b334e0b4b9ed50b7e0f8b80e641596db8,matched_project,0.0086441040039062,0.0172576904296875,0.0086135864257813,0.051849365234375,0.0537109375,0.001861572265625
test/attack/digital_3/scan/ukraine-NM-1007.jpg,data/processed/policy_c_official_test/test/attack/digital_3/scan/ukraine-NM-1007.jpg,ukraine-NM-1007,attack,digital_3,scan,1,84,74b21c9fab76d47f1d20e12df1010742a31f0cf9f04c8cdc95333abed769184d,33b2a63b469ac8a3b3138dd2321dc5cbf0a0c2baf115bf45d968c635bf2bbae5,project_train,train/bonafide/scan/ukraine-NM-1007.jpg,84.0,6d546a7cce72d8b565e4887b048602eae44f5151a8d2200f64363ef6f15ba052,matched_project,0.0067977905273437,0.0040321350097656,-0.0027656555175781,0.05126953125,0.0509033203125,-0.0003662109375
test/attack/digital_3/scan/usa-009_03.jpg,data/processed/policy_c_official_test/test/attack/digital_3/scan/usa-009_03.jpg,usa-009_03,attack,digital_3,scan,1,74,c799e5b9cc199a90a66d5f7ddcf447ac819ae6d893419fa985ba445b3bab3db3,4abfab55efc1d8f61c7932bff0cdd3b68fd65a8a13f06d35a3c005bab9215ee6,project_train,train/bonafide/scan/usa-009_03.jpg,74.0,8fdf699d19b6229dada89067f83a0639a44334632330e226606760a2f9e208ac,matched_project,0.045196533203125,0.036285400390625,-0.0089111328125,0.0391845703125,0.039825439453125,0.000640869140625
test/attack/digital_3/scan/usa-011_03.jpg,data/processed/policy_c_official_test/test/attack/digital_3/scan/usa-011_03.jpg,usa-011_03,attack,digital_3,scan,1,69,73b3956113ff715a74d50693f9fdec0502ba25cb71e7db1565ef3268f45b9c49,8f9ede256761d5d96f63c72dc88325e29526031fd2dac6c4a5b7457a829af170,project_train,train/bonafide/scan/usa-011_03.jpg,69.0,7e5dd0d7389d80f8e9918b369cb094daf7307270ebe499cb77b6f816b1b7890a,matched_project,0.018798828125,0.0173492431640625,-0.0014495849609375,0.0377197265625,0.036834716796875,-0.000885009765625
test/attack/digital_3/scan/usa-016_03.jpg,data/processed/policy_c_official_test/test/attack/digital_3/scan/usa-016_03.jpg,usa-016_03,attack,digital_3,scan,1,84,0c887138aa17aebf224810f7e3b6db207e46761718dde5e7ee77e5fd167d9c6d,4b295ed9a6cb56af33b65f095afb240cdaed4c8fcef6d08e0c3a88c6952fabc2,project_train,train/bonafide/scan/usa-016_03.jpg,84.0,d195ac3ca90108cdb0cb8da8e6569d49d8ed1fa4ab2f60de739a4fb53070f619,matched_project,0.0033512115478515,0.0049324035644531,0.0015811920166015998,0.037689208984375,0.07843017578125,0.040740966796875
test/attack/digital_3/scan/usa-034_03.jpg,data/processed/policy_c_official_test/test/attack/digital_3/scan/usa-034_03.jpg,usa-034_03,attack,digital_3,scan,1,69,46afced4da37373d9484812f69b2f4ad3b1d623b03f3411b8e23368d06cda2cc,beb386ec746d1f291641183a9cb007f8176fc805404765abf96f4e10dbd9c6bc,dev_val,train/bonafide/scan/usa-034_03.jpg,69.0,0b66f1ac14fc073fd65d988dc582a5d438a8684c8e114b487e9ff30db2ea2391,matched_project,0.051422119140625,0.09344482421875,0.042022705078125,0.037322998046875,0.0396728515625,0.002349853515625
test/attack/digital_3/scan/usa-043_03.jpg,data/processed/policy_c_official_test/test/attack/digital_3/scan/usa-043_03.jpg,usa-043_03,attack,digital_3,scan,1,81,4562f869cde592a9f14f18f4107c72172deebc79331492c1c8c72abac3ffdf22,0e841fc5309f30ee6f1da3bce08531dfc31bbfebf5e2117c2363ce0cd15f8927,project_train,train/bonafide/scan/usa-043_03.jpg,81.0,7cda12b2cba7ecb12fd2965657fd3dcb46c7448649feaefd53b0595db49dbf98,matched_project,0.0044937133789062,0.0111618041992187,0.0066680908203125,0.038330078125,0.039764404296875,0.001434326171875
test/attack/digital_3/scan/usa-063_03.jpg,data/processed/policy_c_official_test/test/attack/digital_3/scan/usa-063_03.jpg,usa-063_03,attack,digital_3,scan,1,69,ed96219f7f7dc60740053fb32bd75bf630b13b493fa0c12cf76939bfd419e675,8bbe14d04607f66c0c9ecc1bee262d856afc2e0f0ee57214fe6d8734d0a6cfce,project_train,train/bonafide/scan/usa-063_03.jpg,69.0,083d33f2b74911c2fd3ad4cd8682c63071093f8a39eb41fd442b05a7dffd320e,matched_project,0.0023727416992187,0.0139312744140625,0.0115585327148438,0.035491943359375,0.23876953125,0.203277587890625
test/attack/digital_3/scan/usa-067_03.jpg,data/processed/policy_c_official_test/test/attack/digital_3/scan/usa-067_03.jpg,usa-067_03,attack,digital_3,scan,1,84,9fee14584e6f1329402b089cfdad8abe34236f5a5c6670c5898ab26059679cef,265d44f68d2d9ba2058708d2e4e9da43cb04a56be0e2c3403296943ef9979b67,dev_val,train/bonafide/scan/usa-067_03.jpg,84.0,697242eb5cbc9dd4edefb957353299503371e9165f997f8ad6562717e068c5ab,matched_project,0.0100326538085937,0.026458740234375,0.0164260864257813,0.03558349609375,0.039276123046875,0.003692626953125
test/attack/digital_3/scan/usa-117_03.jpg,data/processed/policy_c_official_test/test/attack/digital_3/scan/usa-117_03.jpg,usa-117_03,attack,digital_3,scan,1,55,d1ce70b56412cd61b7654cd85f363db0060663f2b643db0062986224cd16f1e1,4bb51dbef70ac2e6f05d7a9398f825bceaf578986234dbd6934c547385a1f4f6,project_train,train/bonafide/scan/usa-117_03.jpg,55.0,be21a576234a1782d62f27c4b2b66a896ceb72afd13b23989885690f634cb740,matched_project,0.01910400390625,0.0142288208007812,-0.0048751831054688,0.040008544921875,0.040679931640625,0.00067138671875
test/attack/digital_3/scan/usa-134_03.jpg,data/processed/policy_c_official_test/test/attack/digital_3/scan/usa-134_03.jpg,usa-134_03,attack,digital_3,scan,1,55,2d4c7fabc1abd81366b6cda59d9104b9795cd8593db98ec73a5ec79cab468f03,05864825cad9932930a0239ecb9d04d731fd2a5f7601d176e1c477bba4fa1caf,project_train,train/bonafide/scan/usa-134_03.jpg,55.0,c1fc5d7563829a8b1c9271587c26794aad1153a62bc38635c79a33dc895ac6b2,matched_project,0.0143356323242187,0.0155410766601562,0.0012054443359375,0.03594970703125,0.1444091796875,0.10845947265625
test/attack/digital_3/scan/usa-136_03.jpg,data/processed/policy_c_official_test/test/attack/digital_3/scan/usa-136_03.jpg,usa-136_03,attack,digital_3,scan,1,71,e1e058f8fefac29282ab153b5fa25977d4d74b50269cbf8a284a15cee3b29cf2,84fc56446072f26e6423efdcd0c5cb7d8a49392842c26ccce61fece730ec97db,project_train,train/bonafide/scan/usa-136_03.jpg,71.0,88cef7d91af3a0977bb8377e9378ae6daa7ecda36ed7a53251bb951ccf98e28e,matched_project,0.0156402587890625,0.0211639404296875,0.005523681640625,0.04150390625,0.07586669921875,0.03436279296875
test/attack/digital_3/scan/usa-137_03.jpg,data/processed/policy_c_official_test/test/attack/digital_3/scan/usa-137_03.jpg,usa-137_03,attack,digital_3,scan,1,71,d5823a259913938d162d722385acbdb7374a069567cf92ba3a02e61141b3aae5,dad7b908011287250123c54eb2d44b3443841b569629af8bc83df7b4ecc0d2ed,project_train,train/bonafide/scan/usa-137_03.jpg,71.0,4c56b13174a700915f031ba6361979228f4fe1af7721ec01869135c71f96af07,matched_project,0.00933837890625,0.00836181640625,-0.0009765625,0.038360595703125,0.03814697265625,-0.000213623046875
test/attack/digital_3/scan/usa-NF-1004.jpg,data/processed/policy_c_official_test/test/attack/digital_3/scan/usa-NF-1004.jpg,usa-NF-1004,attack,digital_3,scan,1,58,aefb41dd97e2900f9f5dc979fa5ebf4607ab026b384eaebdf404ef9f24340ebd,1edf6d96c03e203efe600cf4424ba12ce78545e27936ba3bee3a4d0da96849b6,project_train,train/bonafide/scan/usa-NF-1004.jpg,58.0,e37d754da35d5982e503f8803c2bff7262da35fcc969cc06542ce495b9458ee6,matched_project,0.0065879821777343,0.0147018432617187,0.0081138610839844,0.03729248046875,0.03997802734375,0.002685546875
test/attack/digital_3/scan/usa-NF-1009.jpg,data/processed/policy_c_official_test/test/attack/digital_3/scan/usa-NF-1009.jpg,usa-NF-1009,attack,digital_3,scan,1,67,09d023ef519c4232657e63531333f82f28a8eb6dcb293d4549f3a25102874da5,d1bc203ed6238566c70c0a9dfebf10ae119238dcc0cec392f5017908fd840f6f,project_train,train/bonafide/scan/usa-NF-1009.jpg,67.0,690ec8d5971514ca932e9de180209a51a438fb30d4dbcfbdeef2e691f9c43ab7,matched_project,0.0033893585205078,0.0140609741210937,0.0106716156005859,0.037994384765625,0.365234375,0.327239990234375
test/attack/digital_3/scan/usa-NF-1017.jpg,data/processed/policy_c_official_test/test/attack/digital_3/scan/usa-NF-1017.jpg,usa-NF-1017,attack,digital_3,scan,1,65,46e7e5b323b5330eb9920fdb2b49a6e130d6b3a4942db29b74a7a1c28bcdadff,e5556595dbd6200100d2c9d3d945c80573f6f99d20c6ed845ec8a687c70b8da2,project_train,train/bonafide/scan/usa-NF-1017.jpg,65.0,daddb1c901e97fceb8c8bcbb55d05f37c69a77520a01b290e7e4c2cf35e591e4,matched_project,0.006500244140625,0.01129150390625,0.004791259765625,0.0390625,0.03997802734375,0.00091552734375
test/attack/digital_3/scan/usa-NF-1036.jpg,data/processed/policy_c_official_test/test/attack/digital_3/scan/usa-NF-1036.jpg,usa-NF-1036,attack,digital_3,scan,1,72,6a08a9c68f89f9bd2f7eefdeb3dec1f5265d17aad470cc171c1fb090694a3df1,12ea4660e68400e5f62f6413d33849f8a2699bcb6f31178484decd1b34b13396,dev_val,train/bonafide/scan/usa-NF-1036.jpg,72.0,08234ae0e7deac1e0f309e32a00056c28a55f33504b2d3366992ff323c6bccb8,matched_project,0.033538818359375,0.02117919921875,-0.012359619140625,0.04052734375,0.0400390625,-0.00048828125
test/attack/digital_3/scan/usa-NF-1044.jpg,data/processed/policy_c_official_test/test/attack/digital_3/scan/usa-NF-1044.jpg,usa-NF-1044,attack,digital_3,scan,1,66,7400f648979a6538713f0f7f78530146ceaad7514f3ae3edf01e1ef853361bb4,80946b400559ab4ee755f0096d86a82ac65b5d85e3ad071e8c9b6367daa15a61,project_train,train/bonafide/scan/usa-NF-1044.jpg,66.0,68b084ab892f957eea44784d88d1ffb6fd4c237100c00cf82efd1c3f58d3315c,matched_project,0.0050392150878906,0.0062179565429687,0.0011787414550780998,0.03955078125,0.038909912109375,-0.000640869140625
test/attack/digital_3/scan/usa-NF-1046.jpg,data/processed/policy_c_official_test/test/attack/digital_3/scan/usa-NF-1046.jpg,usa-NF-1046,attack,digital_3,scan,1,66,a632be021275803774179aaa5d22e42252c019f86cb996db0be767ae84a30bc0,625e960653ac823f02a48ff333daf187055650ad1993f70406f681ee94573fd2,project_train,train/bonafide/scan/usa-NF-1046.jpg,66.0,89c6f65d32825902d681898fd00c647ad1efd92bd5217843226db25c4dae63a3,matched_project,0.016693115234375,0.009124755859375,-0.007568359375,0.039764404296875,0.039947509765625,0.00018310546875
test/attack/digital_3/scan/usa-NF-1051.jpg,data/processed/policy_c_official_test/test/attack/digital_3/scan/usa-NF-1051.jpg,usa-NF-1051,attack,digital_3,scan,1,70,1817603f954514e7f3fca6401ba005f4a0b4d55eae8a8075fa6bdcd0c8c19d69,8e76127984d327da08abbc6385a8c3305c5f6f071c87b25b898369a1dad263a3,project_train,train/bonafide/scan/usa-NF-1051.jpg,70.0,8fc7a0b0ee0bbeb66561b5e02d3c16a13b9e7987b8e7cf92245c153fbf393701,matched_project,0.0070381164550781,0.0186004638671875,0.0115623474121094,0.037841796875,0.062225341796875,0.024383544921875
test/attack/digital_3/scan/usa-NF-1062.jpg,data/processed/policy_c_official_test/test/attack/digital_3/scan/usa-NF-1062.jpg,usa-NF-1062,attack,digital_3,scan,1,65,af9a574c837dbb16de1d274517e96c8b0caeaa0c4ef3d7900bd7fffe361f7293,b467ffaaa7744c201972da5d57502956d09bdc4538572f3fce471edc277e52c7,project_train,train/bonafide/scan/usa-NF-1062.jpg,65.0,edd758a45cf781b01ce9cdf0178f7050df3368cbc20fb21e31e2208b8a022115,matched_project,0.0129928588867187,0.014007568359375,0.0010147094726563003,0.040374755859375,0.03924560546875,-0.001129150390625
test/attack/digital_3/scan/usa-NF-1065.jpg,data/processed/policy_c_official_test/test/attack/digital_3/scan/usa-NF-1065.jpg,usa-NF-1065,attack,digital_3,scan,1,54,2956b9d889ee35cf9a27edd31f32488700ccda08a6daa353614ebff89d295ac7,4b4adad43a5d0bfcdb00a9737a6a59d6a18ccdd93c6263dead5c6b7e0cbcd8ab,dev_val,train/bonafide/scan/usa-NF-1065.jpg,54.0,f0ef6a9eda549d4448a2f50503c28d8d5778cd3ed83c3988a08fb5501e2e3995,matched_project,0.0333251953125,0.038360595703125,0.005035400390625,0.0380859375,0.037689208984375,-0.000396728515625
test/attack/digital_3/scan/usa-NF-1071.jpg,data/processed/policy_c_official_test/test/attack/digital_3/scan/usa-NF-1071.jpg,usa-NF-1071,attack,digital_3,scan,1,53,455a2568f48b80a652f3fee1cfa28de44424b0d29666e8d88d1e3db51efb862b,0f5c50eb1b2d12ccd0612806f74f5ede0c4be26565599f1aa91bdb1fe97aea25,project_train,train/bonafide/scan/usa-NF-1071.jpg,53.0,d3f55fb14973fb232b7972e16bc13bbb5f708e18d6e8a25615ed6dcbef587b50,matched_project,0.0059928894042968,0.0265045166015625,0.0205116271972657,0.03680419921875,0.75927734375,0.72247314453125
test/attack/digital_3/scan/usa-NF-1076.jpg,data/processed/policy_c_official_test/test/attack/digital_3/scan/usa-NF-1076.jpg,usa-NF-1076,attack,digital_3,scan,1,62,129fc5b0299d4324d91b5a7e234e94975823d06adbb5b079ec57c33d4e1dac77,16a2a39239b8c0458874ddd1ed08d6288abd8ed8f3e6db6770b43b22f3db6312,dev_val,train/bonafide/scan/usa-NF-1076.jpg,62.0,d949aeeb761db8c3680ccb5a67ad61324d77cbb85a2085bc3d49788d688d5103,matched_project,0.0085601806640625,0.0127487182617187,0.0041885375976562,0.039306640625,0.053741455078125,0.014434814453125
test/attack/digital_3/scan/usa-NF-1093.jpg,data/processed/policy_c_official_test/test/attack/digital_3/scan/usa-NF-1093.jpg,usa-NF-1093,attack,digital_3,scan,1,84,a81f30c0f75907cb258bf58e0e055585130ce922fefdd40582b8e279018e76a8,67f5bd5ed810654e33e1f20919dcd1fd25b0ef07e274d38e58635a98c3049bd9,project_train,train/bonafide/scan/usa-NF-1093.jpg,84.0,44a09db8229250456f5cf26466fc7e06071574818791ad74f45c22b6320f172e,matched_project,0.0050201416015625,0.0198822021484375,0.014862060546875,0.037689208984375,0.06890869140625,0.031219482421875
test/attack/digital_3/scan/usa-NF-1094.jpg,data/processed/policy_c_official_test/test/attack/digital_3/scan/usa-NF-1094.jpg,usa-NF-1094,attack,digital_3,scan,1,69,789145bd6962fa4d4ac2edbf97b162f8623f3e32c7034f598768d44e4525237e,60d4d7b2896e4edb4b5380e57cef6761381ba8bcb5bbb96920ed7a109f528117,project_train,train/bonafide/scan/usa-NF-1094.jpg,69.0,f62f52c899e7229e304b064e6013984b7a25c06760e6dafc81c8758901a69c68,matched_project,0.008331298828125,0.0073738098144531,-0.0009574890136719002,0.0384521484375,0.0655517578125,0.027099609375
test/attack/digital_3/scan/usa-NM-1038.jpg,data/processed/policy_c_official_test/test/attack/digital_3/scan/usa-NM-1038.jpg,usa-NM-1038,attack,digital_3,scan,1,63,81515778a32ccfe6c628be6bd01ce14d2984d8d372609232d42def3ec406af71,65b94c2a37654d7e6a4189583dca79afad5c5ccfa8a903945d4e86bd920c7109,dev_val,train/bonafide/scan/usa-NM-1038.jpg,63.0,183019f7c321e620d72ed761d1071612358ffe6f3349dd1bf5ec77f7d30b1ee0,matched_project,0.01788330078125,0.0220947265625,0.00421142578125,0.0411376953125,0.040771484375,-0.0003662109375
test/attack/digital_3/scan/usa-NM-1052.jpg,data/processed/policy_c_official_test/test/attack/digital_3/scan/usa-NM-1052.jpg,usa-NM-1052,attack,digital_3,scan,1,67,3bb424c9c284aff0c5d7fd050207e62eb9c2093438bcc8f0783e92e30c291e08,7e287db24ef08e76ed004c5b3b440f4286c580d4024ce9d52616e10ef7842131,project_train,train/bonafide/scan/usa-NM-1052.jpg,67.0,f1e00e6db53dfc8bce13035d6ad726bb0ddbc291b7de7a6b334705a6c718df14,matched_project,0.0061912536621093,0.0056533813476562,-0.0005378723144531007,0.0377197265625,0.04290771484375,0.00518798828125
