split,image_path,cache_path,file_stem,traffic_type,variant,hardware_source,label,assigned_q,source_sha256,cache_sha256
project_train,train/attack/digital_1/huawei/arabic-003_03.jpg,data/processed/policy_c/train/attack/digital_1/huawei/arabic-003_03.jpg,arabic-003_03,attack,digital_1,huawei,1,59,656ff1b4dd0cdaef972c7edf4101876841753d9c3a5dc28b65ba54a1483a35bf,082daf2384545cd6478b9b7ed5d93a4c012283d1fc0b0a1aff60de908cd14a5f
project_train,train/attack/digital_1/iphone15pro/arabic-003_03.jpg,data/processed/policy_c/train/attack/digital_1/iphone15pro/arabic-003_03.jpg,arabic-003_03,attack,digital_1,iphone15pro,1,81,275d7d5d9f1e0611a23a373909e5e7a3c6b776be5176a7b16017aadd470f5ca7,1528e3602959c6409e79f88e501eb1e2ff161c6ffcfa1d30faf759ef1f27ae99
project_train,train/attack/digital_1/scan/arabic-003_03.jpg,data/processed/policy_c/train/attack/digital_1/scan/arabic-003_03.jpg,arabic-003_03,attack,digital_1,scan,1,68,2a928839fa410bfe3ec4bc31a71db8ad716a97f9d0d37cac40998ff8df23e06f,585c4f0333b626e60e2ed7471e89dd9621ec7868d1c276c8a290026202b23cc1
project_train,train/attack/digital_2/huawei/arabic-003_03.jpg,data/processed/policy_c/train/attack/digital_2/huawei/arabic-003_03.jpg,arabic-003_03,attack,digital_2,huawei,1,59,d049fe38f3ec2b3febe1e962cd4be127698f8b76461549f90472170028ed9a6f,b6f1400763dbd53a74e4919d27d974dfdd09eb7a691ff961e9ddb7840ed0b6d5
project_train,train/attack/digital_2/iphone15pro/arabic-003_03.jpg,data/processed/policy_c/train/attack/digital_2/iphone15pro/arabic-003_03.jpg,arabic-003_03,attack,digital_2,iphone15pro,1,81,0671853c41ca3b36425269793a038b2a417579255fb814e80ff4a6d1678672cc,640e12b7b9ae4aa367bcd26dde11f7d6b38edc6f202776feb49a794a23425320
project_train,train/attack/digital_2/scan/arabic-003_03.jpg,data/processed/policy_c/train/attack/digital_2/scan/arabic-003_03.jpg,arabic-003_03,attack,digital_2,scan,1,68,54152be11fb28ffb15928101c8ec272560425e5eafdec9d715c4290d21c3f953,fc5c63eade9a92945c3db013e80a81dfb0ff3e9655db7117e21df2e9456e37d8
project_train,train/bonafide/huawei/arabic-003_03.jpg,data/processed/policy_c/train/bonafide/huawei/arabic-003_03.jpg,arabic-003_03,bonafide,,huawei,0,59,0a2f985ead79169ead378f14d1af08f4d22f35641bb9e2ad37e9d5d3730be007,e3a2a6bea104dc6219350a0b606b893f5c03d15ff91a2c0d19c0b7978e8cce36
project_train,train/bonafide/iphone15pro/arabic-003_03.jpg,data/processed/policy_c/train/bonafide/iphone15pro/arabic-003_03.jpg,arabic-003_03,bonafide,,iphone15pro,0,81,a5e1940620b27684a6516d7be97120090e0bd66db136a3b14c140aa3664477df,171f80e890ffc78e7759071fb04256966a05a6c16a196926dc62073e4e026383
project_train,train/bonafide/scan/arabic-003_03.jpg,data/processed/policy_c/train/bonafide/scan/arabic-003_03.jpg,arabic-003_03,bonafide,,scan,0,68,be5d55392dfd152ed28550856184a8849f8b20ffb6024734dd782f2f8f227c5a,72c0cc1520d6e9bd93316d35f089099a5ae25b2971b867ac612e366341e72126
project_train,train/attack/digital_1/huawei/arabic-005_03.jpg,data/processed/policy_c/train/attack/digital_1/huawei/arabic-005_03.jpg,arabic-005_03,attack,digital_1,huawei,1,90,725eca7ff982a1c1f4032ddb0c44596ff489109d725e39d7f1bb7e4e103c344c,5e55a29ef3e799bf9e3282421a683bcb25f608035936e5e6467554b76ce89b9f
project_train,train/attack/digital_1/iphone15pro/arabic-005_03.jpg,data/processed/policy_c/train/attack/digital_1/iphone15pro/arabic-005_03.jpg,arabic-005_03,attack,digital_1,iphone15pro,1,87,d3188f576c20431853d7d6702a20e9177d9a025c908a493268867c3895e6a21e,976fca2c25ba2ecc5dfd17c70482615c82012d0b97211f5bd27465323f66732e
project_train,train/attack/digital_1/scan/arabic-005_03.jpg,data/processed/policy_c/train/attack/digital_1/scan/arabic-005_03.jpg,arabic-005_03,attack,digital_1,scan,1,73,b63e47a8930d3c234c88b6c93c86f4fe6f391bb9b9c67294e83b58fe9d90f383,94447fbc5bb7d14cda8e1fdde10657660ce96ca8fe531e9f431e9e2c7e3ffb23
project_train,train/attack/digital_2/huawei/arabic-005_03.jpg,data/processed/policy_c/train/attack/digital_2/huawei/arabic-005_03.jpg,arabic-005_03,attack,digital_2,huawei,1,90,510d0438f0a7f84da3a8c338f879ac6791acb770e7a412f69c9894445030a96a,9a6e19be1f8502d9a210cbfa433f354321899d5eabc41c5f6978c09c0386d878
project_train,train/attack/digital_2/iphone15pro/arabic-005_03.jpg,data/processed/policy_c/train/attack/digital_2/iphone15pro/arabic-005_03.jpg,arabic-005_03,attack,digital_2,iphone15pro,1,87,d52070b65eaf51e45d58a18212320d55b5ae62962e6abd88115222caebd94c59,7ee2ccc3b5b85692355def1426a7731f436e995be2e642d0e4dfb3834b166337
project_train,train/attack/digital_2/scan/arabic-005_03.jpg,data/processed/policy_c/train/attack/digital_2/scan/arabic-005_03.jpg,arabic-005_03,attack,digital_2,scan,1,73,fb91274f4b1423942ba2c1847374d096968f5e958cdb6b627347630f5ec2b430,1a1ffa7371262df421b977e587096546b58756dc6cc9d34ff7ad61bd3139f98d
project_train,train/bonafide/huawei/arabic-005_03.jpg,data/processed/policy_c/train/bonafide/huawei/arabic-005_03.jpg,arabic-005_03,bonafide,,huawei,0,90,e94b0ff71e2a8eaf68e5d0932e4d96804385ba4f70cd24f3132cf8e898d01d19,7d021be46ea1d0521b8c36a6be860dea72cfc66324a18a3f407d738465b50262
project_train,train/bonafide/iphone15pro/arabic-005_03.jpg,data/processed/policy_c/train/bonafide/iphone15pro/arabic-005_03.jpg,arabic-005_03,bonafide,,iphone15pro,0,87,0f1c951169aaab77ce868e4cb066958426a2e2aa5a02fb896c45662da887078c,d7a6ffb46293c43b92ad8d974bef59485234fc4a2296093dccf2cb5320b561a3
project_train,train/bonafide/scan/arabic-005_03.jpg,data/processed/policy_c/train/bonafide/scan/arabic-005_03.jpg,arabic-005_03,bonafide,,scan,0,73,7839393aeadbc2c9cbdebc4c72b5d61d6d7f48b2ba3b193e48207b330da5ff53,975cb3dba3e02bb2e54c73e30335ccb9933dd4876b5fc38e9112a5773fb185a6
project_train,train/attack/digital_1/huawei/arabic-112_03.jpg,data/processed/policy_c/train/attack/digital_1/huawei/arabic-112_03.jpg,arabic-112_03,attack,digital_1,huawei,1,67,29b0053486f492d98eff55215576e7ccb15ebcbcd43d56744ec451e55c2bc61d,3ba5a19af9b9f3ef1c7d417ab37f790c832ed586fcebaef16c649f20cfa7a597
project_train,train/attack/digital_1/iphone15pro/arabic-112_03.jpg,data/processed/policy_c/train/attack/digital_1/iphone15pro/arabic-112_03.jpg,arabic-112_03,attack,digital_1,iphone15pro,1,89,46e03263cb7f8efda5418b240602241020ad024a00cf181a2c93bc7c414d490c,2587a3d402af21ea4588330a64fdf94075fded9474447db1c55f09928beda2d3
project_train,train/attack/digital_1/scan/arabic-112_03.jpg,data/processed/policy_c/train/attack/digital_1/scan/arabic-112_03.jpg,arabic-112_03,attack,digital_1,scan,1,70,c13751542fc56a6db589d8d18d88b7d5f8e8d9191fc7cb8a4ba5c90e09fb35b1,96799496834e4affe33a807ee6d7244905243fee9331a43fe92695f6e1222656
project_train,train/attack/digital_2/huawei/arabic-112_03.jpg,data/processed/policy_c/train/attack/digital_2/huawei/arabic-112_03.jpg,arabic-112_03,attack,digital_2,huawei,1,67,61041de2e01d8ebaed4bae19ac99bb0d9fbb46aa4acbc4f92c744141110c1c9a,bbaa8e687b3297bfce8a2fa4112d9216d46b57d5b0995bd61c186d22d390f9a5
project_train,train/attack/digital_2/iphone15pro/arabic-112_03.jpg,data/processed/policy_c/train/attack/digital_2/iphone15pro/arabic-112_03.jpg,arabic-112_03,attack,digital_2,iphone15pro,1,89,1f032b567fd1d866a3916f5c3150bc5e7e05a24223e14dd610184ee33179eae9,ea387dec286574e8a4880f31bcdaf7c45ac66b1e2c51e993f6aebdd42bbb0363
project_train,train/attack/digital_2/scan/arabic-112_03.jpg,data/processed/policy_c/train/attack/digital_2/scan/arabic-112_03.jpg,arabic-112_03,attack,digital_2,scan,1,70,ab4a947a18c9937a4baf6f49adfc568c2bb86fc9363f111056aa7a57f04a577d,053103c32ad287fc0dbdeb70a4d44426b36cceda7113d3f85d0e31b1ef6e6ed9
project_train,train/bonafide/huawei/arabic-112_03.jpg,data/processed/policy_c/train/bonafide/huawei/arabic-112_03.jpg,arabic-112_03,bonafide,,huawei,0,67,c4eb6666899ce34aaf164197229a8a32050d121b21f7b9869dc6710bf2256dc8,0285cc4a7ef82f48996a2c54a6fea31890442e6292567dff222e26e81578d23d
project_train,train/bonafide/iphone15pro/arabic-112_03.jpg,data/processed/policy_c/train/bonafide/iphone15pro/arabic-112_03.jpg,arabic-112_03,bonafide,,iphone15pro,0,89,5bc11c2dcf123f22e36c25c6b0bc1cc97d6e98fbbd3114bb88f40b21ec829d57,fe5f88ab1a0eb8d4da0cc3e03031c4451c090a57936809b3dedbe3e21ecfac77
project_train,train/bonafide/scan/arabic-112_03.jpg,data/processed/policy_c/train/bonafide/scan/arabic-112_03.jpg,arabic-112_03,bonafide,,scan,0,70,a83ca005a1b68787c18617619d7984e12933a2ac757b11342cdb242cff68c7ce,af517fd446790869c3f6c9887e5270fc2f00ffc4431db69a6891bf9de75d2956
project_train,train/attack/digital_1/huawei/arabic-131_03.jpg,data/processed/policy_c/train/attack/digital_1/huawei/arabic-131_03.jpg,arabic-131_03,attack,digital_1,huawei,1,59,ecdbd91274aaa77cdddadc69f52573c25635c7ecd20400ee68d095b5037e5eba,a7bf3f872eb9e956ad7052065ec8fb9216b40e9b35b694221d832046fd35eab0
project_train,train/attack/digital_1/iphone15pro/arabic-131_03.jpg,data/processed/policy_c/train/attack/digital_1/iphone15pro/arabic-131_03.jpg,arabic-131_03,attack,digital_1,iphone15pro,1,61,215096643cf48f9a941da80292df6bc6bf5e6cfba24f765526351138f100c3d3,7f01a8dc50d22b3b4c1c9d9398688b50247d351eaeb0703f7695e6235d2a41c8
project_train,train/attack/digital_1/scan/arabic-131_03.jpg,data/processed/policy_c/train/attack/digital_1/scan/arabic-131_03.jpg,arabic-131_03,attack,digital_1,scan,1,83,7236a9d5a200bd9760d4fc99a72ba72d2150122d1a24105875ff61f5d0772792,f8544fcbe3bb561ef092b05127e1775bf89eded22e27f7b4697808d63d4ceecb
project_train,train/attack/digital_2/huawei/arabic-131_03.jpg,data/processed/policy_c/train/attack/digital_2/huawei/arabic-131_03.jpg,arabic-131_03,attack,digital_2,huawei,1,59,baa360f3be5f28f622a6f2d53bb2d4b89192c4ff231d3c0e6c7bedec5abd6be0,351dd08db20d328f3a2ad4c0a4a687e728ea66e3feab70cf5f6f5c3c1a9e60f1
project_train,train/attack/digital_2/iphone15pro/arabic-131_03.jpg,data/processed/policy_c/train/attack/digital_2/iphone15pro/arabic-131_03.jpg,arabic-131_03,attack,digital_2,iphone15pro,1,61,b0c63da99e2300149c3d0dc63ed1188081fe144f3be7dda381e1c800ba66e52c,3a9505dca14302c1f52fdb855805c439be68fb856152ec8e3680d345c9511e04
project_train,train/attack/digital_2/scan/arabic-131_03.jpg,data/processed/policy_c/train/attack/digital_2/scan/arabic-131_03.jpg,arabic-131_03,attack,digital_2,scan,1,83,f11917ef5a58f229aae950f904c38b3b02c72153a810a8324e8aacc376b619e0,612dba886b4880c001f5fa26acd361cec0da08f76a54ba3a4b02d5e8d561f66b
project_train,train/bonafide/huawei/arabic-131_03.jpg,data/processed/policy_c/train/bonafide/huawei/arabic-131_03.jpg,arabic-131_03,bonafide,,huawei,0,59,f733731b992459fa0617ee1dc4d11c5dd10f4be92f61163a51ad732a91f0f27c,7c8d85f8a9373ebe6ac147fc42af2594770c4712016573221d90fb258e954873
project_train,train/bonafide/iphone15pro/arabic-131_03.jpg,data/processed/policy_c/train/bonafide/iphone15pro/arabic-131_03.jpg,arabic-131_03,bonafide,,iphone15pro,0,61,c645536856335dc4eaa5da390dc7670b190fe7393eb07f4524eb356b1ae53eab,a58ceaca62d6a55dab0305903cf85d0bd13207d1cfafde6622340fce9c6ed8e8
project_train,train/bonafide/scan/arabic-131_03.jpg,data/processed/policy_c/train/bonafide/scan/arabic-131_03.jpg,arabic-131_03,bonafide,,scan,0,83,1534f772688251e15dce3a30d6bdaa42db7f6dc093fd128c13dd5271734bb4d5,0a2b5c5695260f99a92ca528b39d6dd2d09e7dc65f2a712eb37be1c77dbf24c8
project_train,train/attack/digital_1/huawei/arabic-139_03.jpg,data/processed/policy_c/train/attack/digital_1/huawei/arabic-139_03.jpg,arabic-139_03,attack,digital_1,huawei,1,83,24487bbecef058e2eb265baa34d459ae19f5eb1ee0fef6325f2aa81b56544287,35f5183668dbe3418f8ca0e6d62540d8938f8bad1f31cf64b1109fcedf47b12c
project_train,train/attack/digital_1/iphone15pro/arabic-139_03.jpg,data/processed/policy_c/train/attack/digital_1/iphone15pro/arabic-139_03.jpg,arabic-139_03,attack,digital_1,iphone15pro,1,61,6c40a95354b76ec9f0f2507f4271ee0282e024bda5ebb729607f637559406712,e25539942efdc67458d8043d46eab41a9093832a026a493d86f06aa66f6b0846
project_train,train/attack/digital_1/scan/arabic-139_03.jpg,data/processed/policy_c/train/attack/digital_1/scan/arabic-139_03.jpg,arabic-139_03,attack,digital_1,scan,1,56,1682b6762971508dff0fce7aa8e16cd54c705fed25386d8016a8bba07e823006,281e02d264d2d75913405738e9f9c7fae9666676a88491a7d0ea9ca1d2ed378f
project_train,train/attack/digital_2/huawei/arabic-139_03.jpg,data/processed/policy_c/train/attack/digital_2/huawei/arabic-139_03.jpg,arabic-139_03,attack,digital_2,huawei,1,83,0957de4cbe7e30997749ef645efe9be15fac7dc861cabfca97c8f58679c51798,edb89d9a19f06918f149c04cd0fe77aedb0b7e10613899cb268297ff36caf646
project_train,train/attack/digital_2/iphone15pro/arabic-139_03.jpg,data/processed/policy_c/train/attack/digital_2/iphone15pro/arabic-139_03.jpg,arabic-139_03,attack,digital_2,iphone15pro,1,61,58f8daf1da12e77d8376b8afdf81a4d1dab09798260940c6044177e9d30bf0e5,b6eb52b51b7c8f6e4fc90923e038a137f2dbd3329e741de47482368380a8b691
project_train,train/attack/digital_2/scan/arabic-139_03.jpg,data/processed/policy_c/train/attack/digital_2/scan/arabic-139_03.jpg,arabic-139_03,attack,digital_2,scan,1,56,0bf66daf523a7c04377bb5d4886be5a2591af614c7b0e2b834408c35bc19c054,38952527e92de9abae923fb083f3bd1a6b85f4fec91bb42704549a429cf23cf8
project_train,train/bonafide/huawei/arabic-139_03.jpg,data/processed/policy_c/train/bonafide/huawei/arabic-139_03.jpg,arabic-139_03,bonafide,,huawei,0,83,18a678c1e4fbdc399f8559e4ad431c0625540104a9c60af04cb0320df5260711,a28b89839d5c24297ee894db5341bfb072db57c2e2ecde13d70209700df4a44f
project_train,train/bonafide/iphone15pro/arabic-139_03.jpg,data/processed/policy_c/train/bonafide/iphone15pro/arabic-139_03.jpg,arabic-139_03,bonafide,,iphone15pro,0,61,c996c2c6fc2c11b39b83fbe8d085fede4842ec24614018f9f63f07b396483720,33c791a5ffab222032a3659f28826729a3e035bc234a3f68a4a32294129de09d
project_train,train/bonafide/scan/arabic-139_03.jpg,data/processed/policy_c/train/bonafide/scan/arabic-139_03.jpg,arabic-139_03,bonafide,,scan,0,56,0a9e276ba21f26321fae8040231de74fd6ad96b361e1385a24f9803be2a97405,66365c076f2b5c708fe50c95c1926071dcd5f8f2cccc903a3e5239e5910490d5
project_train,train/attack/digital_1/huawei/arabic-173_03.jpg,data/processed/policy_c/train/attack/digital_1/huawei/arabic-173_03.jpg,arabic-173_03,attack,digital_1,huawei,1,66,0765a1a7d9b92d7c9f78406c3f460aae89777f086374a075b12cf388cae34192,fe85eda07cfb1590e1adb27318ef2f36c7b3023a0a1ec3691cf414c30ea1c608
project_train,train/attack/digital_1/iphone15pro/arabic-173_03.jpg,data/processed/policy_c/train/attack/digital_1/iphone15pro/arabic-173_03.jpg,arabic-173_03,attack,digital_1,iphone15pro,1,58,284a5ab4a3b87b400fa94fea9ab00d5efff21479a1e9a0a50108a5c4c0ed95df,1e3605a9f4cbf4009bba9f5d0c43821ab0b65c25e1cb989123357d3eae0f0e71
project_train,train/attack/digital_1/scan/arabic-173_03.jpg,data/processed/policy_c/train/attack/digital_1/scan/arabic-173_03.jpg,arabic-173_03,attack,digital_1,scan,1,66,8f2313d7aa8422337cd4d3456d8db1ee9b0892badf7524c440c5e640c920bb41,3e9c428fa9a95901ce50df7b676b79b623d7fe094d7a0eaa7efb5c36b548a1f4
project_train,train/attack/digital_2/huawei/arabic-173_03.jpg,data/processed/policy_c/train/attack/digital_2/huawei/arabic-173_03.jpg,arabic-173_03,attack,digital_2,huawei,1,66,4ca62cf91981d1e4defb21f8764bda9c6a7b6e4f8ba7b47645148091b1b8a9f4,954f784f2fd8b8a1032b368c342f54bde1bf73a85f818d0d9c6f28a255b20ab7
project_train,train/attack/digital_2/iphone15pro/arabic-173_03.jpg,data/processed/policy_c/train/attack/digital_2/iphone15pro/arabic-173_03.jpg,arabic-173_03,attack,digital_2,iphone15pro,1,58,e268de0e68b5db7bc0c039b425c57e655b0bbe78ec161d6f42f299b0e4163924,387ffb580537f0d5d88515f10ee1f225d04498950a0baac09bcbcca24605d916
project_train,train/attack/digital_2/scan/arabic-173_03.jpg,data/processed/policy_c/train/attack/digital_2/scan/arabic-173_03.jpg,arabic-173_03,attack,digital_2,scan,1,66,3a70429feef9e403506d67942652c80ed00588c72d97d28cce66c2467896c129,91ff29662f88b8dd7481cc0207983473cde88b70e4bc60b04a8061a67d5734b9
project_train,train/bonafide/huawei/arabic-173_03.jpg,data/processed/policy_c/train/bonafide/huawei/arabic-173_03.jpg,arabic-173_03,bonafide,,huawei,0,66,992bd2fc694aed976daa7896463fc847e2cecb82c3290dc7b2ccec15becb552a,63f19bb055b6051be5d03ca1f3bf35f5725cc1234b6706adfc39a592a6ac1b5e
project_train,train/bonafide/iphone15pro/arabic-173_03.jpg,data/processed/policy_c/train/bonafide/iphone15pro/arabic-173_03.jpg,arabic-173_03,bonafide,,iphone15pro,0,58,59711cb21c884bacf56a0cd4500d80c5a2b9d47c306d76d7a75218aa4fd588f6,31e20ada6c1bb5dc4ef09ff9ab89c384397720cc3ead79e6e8632e103ebec8b9
project_train,train/bonafide/scan/arabic-173_03.jpg,data/processed/policy_c/train/bonafide/scan/arabic-173_03.jpg,arabic-173_03,bonafide,,scan,0,66,b3f6050e9a6a3bc1b6bcd05e7f50c5307b7cdc7ac9616c93b5000c9f33d8bdfd,4ede2484582ce75a38b79f817b36530f596dbc2a90561c7943ec2d6ade87819c
project_train,train/attack/digital_1/huawei/arabic-NF-1003.jpg,data/processed/policy_c/train/attack/digital_1/huawei/arabic-NF-1003.jpg,arabic-NF-1003,attack,digital_1,huawei,1,66,af8c3b5699d5e96a55f238c22d3943defbf8bca410b33864e224a5d237e5bda5,d5ba3c137debcc841bce5ca48a5364b0dabe39480e2b157075ddeb68bcbf2a80
project_train,train/attack/digital_1/iphone15pro/arabic-NF-1003.jpg,data/processed/policy_c/train/attack/digital_1/iphone15pro/arabic-NF-1003.jpg,arabic-NF-1003,attack,digital_1,iphone15pro,1,75,32b68ddf147d3921ddf34ffae87bcd9d24894125d2adf72292e4bbe1c9efb928,963ecff86f06768f456f297db96c2732325aa2317cf5e4b2fd2938afd0f33bbe
project_train,train/attack/digital_1/scan/arabic-NF-1003.jpg,data/processed/policy_c/train/attack/digital_1/scan/arabic-NF-1003.jpg,arabic-NF-1003,attack,digital_1,scan,1,53,f5b516ec803a9e3d3658cab337fbdfab322a731411db2e2b47656d83e9f4c428,be608f9b472ac4d56fa953f854cf789dea14bc49cea4201afed37987a104e687
project_train,train/attack/digital_2/huawei/arabic-NF-1003.jpg,data/processed/policy_c/train/attack/digital_2/huawei/arabic-NF-1003.jpg,arabic-NF-1003,attack,digital_2,huawei,1,66,5708f12553d259ad89212cc4804c6914da52886045f68f1a7c3fcbb81b7d724c,d02b6888067d52f914e7335831bdc6f7c76a294686de5f27b276aeb1c7d2bb97
project_train,train/attack/digital_2/iphone15pro/arabic-NF-1003.jpg,data/processed/policy_c/train/attack/digital_2/iphone15pro/arabic-NF-1003.jpg,arabic-NF-1003,attack,digital_2,iphone15pro,1,75,f3fd6e5859d9c5225fb1b98587c6945015409bc418fd1a284dab5db8d31768aa,37b6ba7b14cacb123d3338ecef59ebb4e8378bee0f09405314c4dae7297b8ad5
project_train,train/attack/digital_2/scan/arabic-NF-1003.jpg,data/processed/policy_c/train/attack/digital_2/scan/arabic-NF-1003.jpg,arabic-NF-1003,attack,digital_2,scan,1,53,8e3fdc3b464cb096259ca30bcedb4e5682dae3c1c33273c67c1e10781e92dd1f,b1a6074ab372037773b7d2e376b311e4eb673fcc3cd30e175a9d2bd98adf96ed
project_train,train/bonafide/huawei/arabic-NF-1003.jpg,data/processed/policy_c/train/bonafide/huawei/arabic-NF-1003.jpg,arabic-NF-1003,bonafide,,huawei,0,66,17df6bc73bc6495233ee89dd7004fa9f7af97a1eb57ad113b17125e7f5935506,f70bab29c7a0e4ba8fd50bd0a12240408223e1f8deef84464923ef5150b2a6f7
project_train,train/bonafide/iphone15pro/arabic-NF-1003.jpg,data/processed/policy_c/train/bonafide/iphone15pro/arabic-NF-1003.jpg,arabic-NF-1003,bonafide,,iphone15pro,0,75,3ccb03ffeed76cdfce10a364c80a7143eb18052d773323929fb9b61c00b17241,f073cfc398d9eb21ec2d46350e48ea9089b0406b30976eccdf4d3be5612a6b3f
project_train,train/bonafide/scan/arabic-NF-1003.jpg,data/processed/policy_c/train/bonafide/scan/arabic-NF-1003.jpg,arabic-NF-1003,bonafide,,scan,0,53,f74ec9b42c1adf4a4e7af34961cd2221b33ca555a5d050ff63d0c438d87ab983,c3e9fecd7699ce4f9e40ee817add85e3cfb0445afb370015e578d951ec173193
project_train,train/attack/digital_1/huawei/arabic-NF-1012.jpg,data/processed/policy_c/train/attack/digital_1/huawei/arabic-NF-1012.jpg,arabic-NF-1012,attack,digital_1,huawei,1,73,b1ad31c4d3cf69b9d1fa7a981beb39ecd213597ee03c26e16724741ce8d8333a,2fbb331465fe867db09b98ace8161d21c8d72d84451b16b6e9ffa89360372586
project_train,train/attack/digital_1/iphone15pro/arabic-NF-1012.jpg,data/processed/policy_c/train/attack/digital_1/iphone15pro/arabic-NF-1012.jpg,arabic-NF-1012,attack,digital_1,iphone15pro,1,67,6e516e5961223ff8cfa18ffa4f7b1dbae2fa615d4134ca5b4af8aad7feb79df9,8edd5ae746852629d47bdf287ca2ee3c984ac1c98704663af63a20f30f6d42ec
project_train,train/attack/digital_1/scan/arabic-NF-1012.jpg,data/processed/policy_c/train/attack/digital_1/scan/arabic-NF-1012.jpg,arabic-NF-1012,attack,digital_1,scan,1,80,e95de51e8de1853c90b9faf3f1a4a65786334f840ccf587a66d6d3853bb2fdd0,653ab54df705340e066856c5e7ac1487b56ff9159502cecfacc84c4432a1c73d
project_train,train/attack/digital_2/huawei/arabic-NF-1012.jpg,data/processed/policy_c/train/attack/digital_2/huawei/arabic-NF-1012.jpg,arabic-NF-1012,attack,digital_2,huawei,1,73,e8d76614392f4d34d9f73e6b8011341a2c1236a05531c26aa72bc96479f29749,765450f719ed69d2c6c207c9aed471f75a651129b5045b6c4db9ca4e8b41e2d0
project_train,train/attack/digital_2/iphone15pro/arabic-NF-1012.jpg,data/processed/policy_c/train/attack/digital_2/iphone15pro/arabic-NF-1012.jpg,arabic-NF-1012,attack,digital_2,iphone15pro,1,67,0b7bc1ca3f006401aa6a7bb6b466ebb8e826983a385529d3b5a12be7d844cb0a,525675116b6cad0bb1787ef5863d594f3fc7aab452ed1fc2d4ced3af5a6d8d01
project_train,train/attack/digital_2/scan/arabic-NF-1012.jpg,data/processed/policy_c/train/attack/digital_2/scan/arabic-NF-1012.jpg,arabic-NF-1012,attack,digital_2,scan,1,80,501354379147d3e519a9c4a694d084a5040b14b06e56a8eb76f8b0181e25f00f,92930e355727dd4cb080518b8392ed58d23c6be5500bdae7dae414783d4ec76b
project_train,train/bonafide/huawei/arabic-NF-1012.jpg,data/processed/policy_c/train/bonafide/huawei/arabic-NF-1012.jpg,arabic-NF-1012,bonafide,,huawei,0,73,578505d28608ab5b04216e8b81bea0498a882d9855b665c3a4555581c60acc76,988653e709a88bcb390ba5c7b6915075e9777ddb679fe8f034323a92284ccefb
project_train,train/bonafide/iphone15pro/arabic-NF-1012.jpg,data/processed/policy_c/train/bonafide/iphone15pro/arabic-NF-1012.jpg,arabic-NF-1012,bonafide,,iphone15pro,0,67,20d4980a4426484473e6498bcf60cf58876e087fe4b5a1cf5dacaec85fe0a2f2,475d24a03c88864bb67119fb49035670d31294e04ca0f2114decf05aca8550fd
project_train,train/bonafide/scan/arabic-NF-1012.jpg,data/processed/policy_c/train/bonafide/scan/arabic-NF-1012.jpg,arabic-NF-1012,bonafide,,scan,0,80,4575b046622ace78e18bb38847deeba4f01195724d539c322f04c7c262ac55ad,2335b251815b56fdc184ea5452f76aaa7c4c9f3b971f8f1712729c3c727ce2f8
project_train,train/attack/digital_1/huawei/arabic-NF-1030.jpg,data/processed/policy_c/train/attack/digital_1/huawei/arabic-NF-1030.jpg,arabic-NF-1030,attack,digital_1,huawei,1,80,fd082e255d958894c13f210b74c7f613360a876211805bf4d9d64c8fd72f918a,6ffdad3a450881c9f75363fd7fff0f133afcc1d86f6e814b4cd87613da21bc70
project_train,train/attack/digital_1/iphone15pro/arabic-NF-1030.jpg,data/processed/policy_c/train/attack/digital_1/iphone15pro/arabic-NF-1030.jpg,arabic-NF-1030,attack,digital_1,iphone15pro,1,58,eacb50cc67c3a47d1af08565218404628298103289565baf2991817e319b8bdd,7083cda5787d9dd8d139bdd26e337b52ee7fdcbd67ae5ea3da517a984e3d9a34
project_train,train/attack/digital_1/scan/arabic-NF-1030.jpg,data/processed/policy_c/train/attack/digital_1/scan/arabic-NF-1030.jpg,arabic-NF-1030,attack,digital_1,scan,1,83,ff9f2fe62e2e8691542dd9ca260fe18f8fe51a58f2048d525b6024c5b5215bfb,3cba037a933e288c51d710a2b00d1ad458fa2a5ca22b53918f913c2db7df2718
project_train,train/attack/digital_2/huawei/arabic-NF-1030.jpg,data/processed/policy_c/train/attack/digital_2/huawei/arabic-NF-1030.jpg,arabic-NF-1030,attack,digital_2,huawei,1,80,1f25c2793d6b9098da7261b3e5150f7f110a42adb6420c4133b09f7470ef7395,3d28f1d026532154c187aa107cdcc313e7901f14c69abd7a362081c7f3a1cc68
project_train,train/attack/digital_2/iphone15pro/arabic-NF-1030.jpg,data/processed/policy_c/train/attack/digital_2/iphone15pro/arabic-NF-1030.jpg,arabic-NF-1030,attack,digital_2,iphone15pro,1,58,a8ce66941c58dc17d5cf10f75d2e0b9e8efe7a1ade43f81bde46382d97f0fc79,0cc4795f9c3324687fa70852af38fadb025bcc504a27bec60e2b31f7228a8fd0
project_train,train/attack/digital_2/scan/arabic-NF-1030.jpg,data/processed/policy_c/train/attack/digital_2/scan/arabic-NF-1030.jpg,arabic-NF-1030,attack,digital_2,scan,1,83,ce41d6671004930d1bf882a83be97fc90b571ab99791843bb9d6588e9657f2c5,f63a1ed1227b3d2096c078feeff22c975175293261a19e1f213763b9a2980b0b
project_train,train/bonafide/huawei/arabic-NF-1030.jpg,data/processed/policy_c/train/bonafide/huawei/arabic-NF-1030.jpg,arabic-NF-1030,bonafide,,huawei,0,80,006a0a4bc493229847e14f23fe0f23a1ac1889aa201b8d4ec56cd9a83a4dfdbc,a76e5eac69846ac58c6215c376b433209d1c33b6254bdf9e0278db691253483f
project_train,train/bonafide/iphone15pro/arabic-NF-1030.jpg,data/processed/policy_c/train/bonafide/iphone15pro/arabic-NF-1030.jpg,arabic-NF-1030,bonafide,,iphone15pro,0,58,29046ca04bd3065b08bcf8314eb8640adf6697c646dccd1e9fc3197230440c4c,ad796f64faa99ed10160cd70d12d6f79f30d8485f3842b7294d0644350b98f27
project_train,train/bonafide/scan/arabic-NF-1030.jpg,data/processed/policy_c/train/bonafide/scan/arabic-NF-1030.jpg,arabic-NF-1030,bonafide,,scan,0,83,68563d4417a80d88e3d1f00ae17375191df34a629cde22a8155b7a25813b0696,d62e713b37f878cd5189afcba837e830509d135fa80acfc6f0d95de6fe67241b
project_train,train/attack/digital_1/huawei/arabic-NF-1037.jpg,data/processed/policy_c/train/attack/digital_1/huawei/arabic-NF-1037.jpg,arabic-NF-1037,attack,digital_1,huawei,1,81,7186b485b27eeb441afa6109945f1c097076c2d411c85fa64650d72c4a9697ad,61080685f13cab24cc8f29475087bce8808968b5885f86da6319fef83456bf6a
project_train,train/attack/digital_1/iphone15pro/arabic-NF-1037.jpg,data/processed/policy_c/train/attack/digital_1/iphone15pro/arabic-NF-1037.jpg,arabic-NF-1037,attack,digital_1,iphone15pro,1,76,2b96474e55aa3a7ec499ec0b0fb8ac0db675f6ea42964e4d212181dcd3600125,167db694d9cca504dad1c81f4941a4c28a0bf47ba9a8a2dbdccde36438b6f9df
project_train,train/attack/digital_1/scan/arabic-NF-1037.jpg,data/processed/policy_c/train/attack/digital_1/scan/arabic-NF-1037.jpg,arabic-NF-1037,attack,digital_1,scan,1,59,16ecca4937130d7f08a864d45095264f31bd8808deefdb503433cb831a59584c,5c85e9e5c430eb162eccbd6528f6429b6ba37ebf3c0e2ed89482e83c1f6d09dc
project_train,train/attack/digital_2/huawei/arabic-NF-1037.jpg,data/processed/policy_c/train/attack/digital_2/huawei/arabic-NF-1037.jpg,arabic-NF-1037,attack,digital_2,huawei,1,81,f7aacdf787e243d4f4b4638216550cc18eb66ee36f0450a29c3607022066bc32,e22e4a3d7688cfbfa6547e0f3bc14a8b50aa04f0ddd3ba80ba41b66404847ecf
project_train,train/attack/digital_2/iphone15pro/arabic-NF-1037.jpg,data/processed/policy_c/train/attack/digital_2/iphone15pro/arabic-NF-1037.jpg,arabic-NF-1037,attack,digital_2,iphone15pro,1,76,0d4dcf2944d6a744bb0a78d00ce50b4254ada40d45ebc2149fe8d9056e3b7e29,63275f6473a4bfb1ce74ff7684320e5535d7895252a7298c7703203886ead551
project_train,train/attack/digital_2/scan/arabic-NF-1037.jpg,data/processed/policy_c/train/attack/digital_2/scan/arabic-NF-1037.jpg,arabic-NF-1037,attack,digital_2,scan,1,59,02d6d0714cb69529b13e67a6f445561d9449177c4b6bf364c8191c2a8c82ff26,cd15de81eb959dfb28f84a74d2d3bf30ad8a09ccf208e9a07baab3c6737810dd
project_train,train/bonafide/huawei/arabic-NF-1037.jpg,data/processed/policy_c/train/bonafide/huawei/arabic-NF-1037.jpg,arabic-NF-1037,bonafide,,huawei,0,81,5a818b980c38b1628dc5c0284f06b9d8c686f273ace2e3642c46652c580863a7,15ac33cf624b00554faa5115022ad5413a84d2ab9883c47caf92772018e03684
project_train,train/bonafide/iphone15pro/arabic-NF-1037.jpg,data/processed/policy_c/train/bonafide/iphone15pro/arabic-NF-1037.jpg,arabic-NF-1037,bonafide,,iphone15pro,0,76,7ac00909cfc496f6feeebc22a2099c9039107b889e315cfa83fe398878f948fe,47c4e0a7551067c2315d85daf881669af986b6610101094c5175650e2e13d29b
project_train,train/bonafide/scan/arabic-NF-1037.jpg,data/processed/policy_c/train/bonafide/scan/arabic-NF-1037.jpg,arabic-NF-1037,bonafide,,scan,0,59,25ae759d5155b981230b614e6bb48806af6d9ec1140ebb21ccbac2e0593b470e,dac4e322814fef19c0fc9c8c949eedaafedf5f9430c0a7bde29d1d37a8ab8963
project_train,train/attack/digital_1/huawei/arabic-NF-1040.jpg,data/processed/policy_c/train/attack/digital_1/huawei/arabic-NF-1040.jpg,arabic-NF-1040,attack,digital_1,huawei,1,60,6cb962b42d3fa09974152b9ac08f5910f67c17142ae41823800f0d359a415e31,976b48276b619004008d08c593bdb1cddc0de5d1a8539660c020deee17ccdb4a
project_train,train/attack/digital_1/iphone15pro/arabic-NF-1040.jpg,data/processed/policy_c/train/attack/digital_1/iphone15pro/arabic-NF-1040.jpg,arabic-NF-1040,attack,digital_1,iphone15pro,1,50,516c298522f280a924b6f07f1b224e0cdf5729db88ba59abd4e1d66225ca438c,62729db31ce938a5a0e24b4140d1c9bffeaffa18d4270de706da7ec213c0c81b
project_train,train/attack/digital_1/scan/arabic-NF-1040.jpg,data/processed/policy_c/train/attack/digital_1/scan/arabic-NF-1040.jpg,arabic-NF-1040,attack,digital_1,scan,1,71,510a485260ce19ee7434368c9a56a25a74307b3880b69ec84ccccf0d87290977,f5787a914d97a9ad0443e28bf7305c5a6dc220a491ec80995f5b803f6f9306b1
project_train,train/attack/digital_2/huawei/arabic-NF-1040.jpg,data/processed/policy_c/train/attack/digital_2/huawei/arabic-NF-1040.jpg,arabic-NF-1040,attack,digital_2,huawei,1,60,787dbcf796b69ba3401d39008ecaed642450f8bd811094bb8f963c209618e91a,ac6f8f6eb2013f237e4c8c14398518e098daa38bd8cadb2b5fd8b1d8a8666853
project_train,train/attack/digital_2/iphone15pro/arabic-NF-1040.jpg,data/processed/policy_c/train/attack/digital_2/iphone15pro/arabic-NF-1040.jpg,arabic-NF-1040,attack,digital_2,iphone15pro,1,50,9005961ea52c8e8d398f6911864f3d06fd828a7c631dfd952f5378d89ec2d55e,8079099042add616f8681fc297cdc1a38f369c238bd7e55ae435ca3062a292d7
project_train,train/attack/digital_2/scan/arabic-NF-1040.jpg,data/processed/policy_c/train/attack/digital_2/scan/arabic-NF-1040.jpg,arabic-NF-1040,attack,digital_2,scan,1,71,9e98a2c9bd028add1bade2357245ff261b9d4cf3ec063833fd3418944a40c1d9,201b0abcc21e2212f312dc718b3c2da57a918d365207190df7f7a3bd23b9b702
project_train,train/bonafide/huawei/arabic-NF-1040.jpg,data/processed/policy_c/train/bonafide/huawei/arabic-NF-1040.jpg,arabic-NF-1040,bonafide,,huawei,0,60,fccbf5c3c31988ed48c902230c028104c67c04ea6eeee7e9df13d2bf93f5875e,fb7fb69900e397356885bd43f2ce9ca1d3496c023c69b74679a21894d64691c2
project_train,train/bonafide/iphone15pro/arabic-NF-1040.jpg,data/processed/policy_c/train/bonafide/iphone15pro/arabic-NF-1040.jpg,arabic-NF-1040,bonafide,,iphone15pro,0,50,feaa2822a40189738616f8f91dcb1ae2555ebb9c9dbd57b9f364d92ebc923e8f,f1d13daf3c0b37935321fddb3d9603f73914d8a41f4ca2e652c37341e6c08555
project_train,train/bonafide/scan/arabic-NF-1040.jpg,data/processed/policy_c/train/bonafide/scan/arabic-NF-1040.jpg,arabic-NF-1040,bonafide,,scan,0,71,382e4f6701bbf76635db35ac2a830693481f9a0a993bfcb407768929de384964,0c81edc2389e03ce637a5cacb032ac7bc7d74ef1bb4536ba9e9ad7caf128ffdb
project_train,train/attack/digital_1/huawei/arabic-NF-1045.jpg,data/processed/policy_c/train/attack/digital_1/huawei/arabic-NF-1045.jpg,arabic-NF-1045,attack,digital_1,huawei,1,56,b9f997b2229bbe56a240764e0ac200e028c064967361fad5a67b699e5ebb51ed,f8c0bda2db6718523801f6b9e081d0faa2add2f11567e540c62e3380e1d1891b
project_train,train/attack/digital_1/iphone15pro/arabic-NF-1045.jpg,data/processed/policy_c/train/attack/digital_1/iphone15pro/arabic-NF-1045.jpg,arabic-NF-1045,attack,digital_1,iphone15pro,1,68,b9742f7b0f88e2bcbea440c82dabdfbe6fcc681cabfd6f03faa2885339580ba5,e325fb42c1c09b1d178dbb70b9b8a057ed54be67256aed2d97414ba2a7f2a414
project_train,train/attack/digital_1/scan/arabic-NF-1045.jpg,data/processed/policy_c/train/attack/digital_1/scan/arabic-NF-1045.jpg,arabic-NF-1045,attack,digital_1,scan,1,67,440b1628191d67c5cea9c7e2a75404a74dab6814f872b15c3d468a3eac27f22a,e883c0c95c84773a69bb6d6cf01acc7b5c9ee52ee741907ba696b2430a4e4221
project_train,train/attack/digital_2/huawei/arabic-NF-1045.jpg,data/processed/policy_c/train/attack/digital_2/huawei/arabic-NF-1045.jpg,arabic-NF-1045,attack,digital_2,huawei,1,56,e39ef85e6d7be0760854b07e26bc8ef7902b861e63679732f03b3cdc6aff8b2e,020cfc5bce8fa63ed0f40c9c18bd98fbf05cda33f67ac321facc2a78b612f70d
project_train,train/attack/digital_2/iphone15pro/arabic-NF-1045.jpg,data/processed/policy_c/train/attack/digital_2/iphone15pro/arabic-NF-1045.jpg,arabic-NF-1045,attack,digital_2,iphone15pro,1,68,aa854761e97b894bcdc86a3345ea24b225abca5989f446c820696a228f9a0b37,e94ccf9886c158e75a19e92d548c47708c4f52618b55ce0eb8d6d0c9030bc49f
project_train,train/attack/digital_2/scan/arabic-NF-1045.jpg,data/processed/policy_c/train/attack/digital_2/scan/arabic-NF-1045.jpg,arabic-NF-1045,attack,digital_2,scan,1,67,fb2eec0d61cf68e43cef64c2f546b11fea887f4f99ae06a8c84727ebd05fe31b,9e75dc857151fbbacb9a03ed7a1b8a75183e7d2f5b98efde22004f5de9ea2a80
project_train,train/bonafide/huawei/arabic-NF-1045.jpg,data/processed/policy_c/train/bonafide/huawei/arabic-NF-1045.jpg,arabic-NF-1045,bonafide,,huawei,0,56,b404cfff62d720f871aeac84b212f9d93160c1aacf24b6df0f8bdc8da5ecaf7d,366b7674329d8ec093b8391f6dc4d5571c6e6fdd3a3544b3a53d5b33f6f68631
project_train,train/bonafide/iphone15pro/arabic-NF-1045.jpg,data/processed/policy_c/train/bonafide/iphone15pro/arabic-NF-1045.jpg,arabic-NF-1045,bonafide,,iphone15pro,0,68,5bd195ea24ebfd35045609f48c7d0482237db0979e56b9dbb72aabbe0d5157df,5fe6fb704981a4eb3a331dac85d7b4b3cb4bf0494d964112be05853380b799c1
project_train,train/bonafide/scan/arabic-NF-1045.jpg,data/processed/policy_c/train/bonafide/scan/arabic-NF-1045.jpg,arabic-NF-1045,bonafide,,scan,0,67,dba4f924f4d20b7bdc8fbb0f9ad93e1a3b335902b1c503c0ebee6dc0073a34bb,d72e8ee215ddfe0bd776804f89af4cf355f489e86173da2a0ba03e26c6685e37
project_train,train/attack/digital_1/huawei/arabic-NF-1049.jpg,data/processed/policy_c/train/attack/digital_1/huawei/arabic-NF-1049.jpg,arabic-NF-1049,attack,digital_1,huawei,1,89,594a4a4c716a24c7332a9f06ab1b434f0eb8e3a41df7329434a4173967f5a808,4cc39ef07d7631be82f104766bd78756d25cd78b1fee73f94c094209a34d7e92
project_train,train/attack/digital_1/iphone15pro/arabic-NF-1049.jpg,data/processed/policy_c/train/attack/digital_1/iphone15pro/arabic-NF-1049.jpg,arabic-NF-1049,attack,digital_1,iphone15pro,1,89,841de70112197bd622365a0c29a9bbc5f1a91313b9d46d95ff0399c852a04d5b,808968d5d2e5b8aa3ad4230ba70f7c0824cf0b7e2233c2a13119c4592662a986
project_train,train/attack/digital_1/scan/arabic-NF-1049.jpg,data/processed/policy_c/train/attack/digital_1/scan/arabic-NF-1049.jpg,arabic-NF-1049,attack,digital_1,scan,1,56,88c422048a113b03cd3adc6aa3189901ba250f77ea7be348d71eb145c2f6930d,4835f965202e3d8d5cc4fba8262d8d44ec7c55bb653c36e47a324efffb1b3e50
project_train,train/attack/digital_2/huawei/arabic-NF-1049.jpg,data/processed/policy_c/train/attack/digital_2/huawei/arabic-NF-1049.jpg,arabic-NF-1049,attack,digital_2,huawei,1,89,66d0223b8b355ac9a161187e0827c7bd5e71bf01519104e5e7753d23e2d6180f,7dcdd46bca8521e4305a51e55e76da3011a5f842d43744ee8a7f8e96ac249e79
project_train,train/attack/digital_2/iphone15pro/arabic-NF-1049.jpg,data/processed/policy_c/train/attack/digital_2/iphone15pro/arabic-NF-1049.jpg,arabic-NF-1049,attack,digital_2,iphone15pro,1,89,913c9714a06e261bcc784341d5ff8247f6389fbba0b50c18f95979e4d15c23ef,3bbbf6d1c26124c03774022cfbea41954092dc6ea1a5a74ba4f192b7b207fb1a
project_train,train/attack/digital_2/scan/arabic-NF-1049.jpg,data/processed/policy_c/train/attack/digital_2/scan/arabic-NF-1049.jpg,arabic-NF-1049,attack,digital_2,scan,1,56,117b3ad111a3b01c4cb1ae09f50a43711e11a6d01f01282061e9069bb95f760a,167f8efc931db1e7be31fe26a08bde368e97eb121d50f729f1afe45806c44f74
project_train,train/bonafide/huawei/arabic-NF-1049.jpg,data/processed/policy_c/train/bonafide/huawei/arabic-NF-1049.jpg,arabic-NF-1049,bonafide,,huawei,0,89,cd92749e1d741df86286207d511fe6ed2e28d0ee6eb2b4f72c2af62602e2c24d,c04241081f68b6d3f59d9acaf07a591ea0ec558eb4676ca00cf22d88b66aabb6
project_train,train/bonafide/iphone15pro/arabic-NF-1049.jpg,data/processed/policy_c/train/bonafide/iphone15pro/arabic-NF-1049.jpg,arabic-NF-1049,bonafide,,iphone15pro,0,89,b01bad7a90aae8c5ea5afbfcfeacef94dc34363f34ffd462db6569ea405e2d4a,aab2f34c4291da67fe51fc7920244b25b938a1cebb79e3a043e46550b9f2ac18
project_train,train/bonafide/scan/arabic-NF-1049.jpg,data/processed/policy_c/train/bonafide/scan/arabic-NF-1049.jpg,arabic-NF-1049,bonafide,,scan,0,56,ddb6d00c7a3878efb44d5bf6130f9c0b227d6ab6d16fb58f9837ab9ea0232182,ed575be46dd087f18bf6631ad1324265b1d3ba5397846dcf1ed0e6e81564c52e
project_train,train/attack/digital_1/huawei/arabic-NF-1053.jpg,data/processed/policy_c/train/attack/digital_1/huawei/arabic-NF-1053.jpg,arabic-NF-1053,attack,digital_1,huawei,1,82,c3cbb368b1855cdbd5da0627b59743f337144af192c431eca49a094c9d53c82f,95bf87edc6be7dfb3312212cfe42e3f08bae272d55cec705f54e070ef690ddc7
project_train,train/attack/digital_1/iphone15pro/arabic-NF-1053.jpg,data/processed/policy_c/train/attack/digital_1/iphone15pro/arabic-NF-1053.jpg,arabic-NF-1053,attack,digital_1,iphone15pro,1,52,dd62eaed3c9abd78be250ffcb6bdf498eea801ceae5495c6dca2831aba1ab6e1,9a6e515c2214958fa76735eb51f817c857f20f2524490a72bb251d3e1e2acd2e
project_train,train/attack/digital_1/scan/arabic-NF-1053.jpg,data/processed/policy_c/train/attack/digital_1/scan/arabic-NF-1053.jpg,arabic-NF-1053,attack,digital_1,scan,1,55,f5c67831e2d6944979ab9f682821a1bdd42d04f772fee9fe93c342aa5047c075,7dfddaa6978d23a9a19dda72cc3a4c819ddf2b287e09c2629cc13da38937c3a6
project_train,train/attack/digital_2/huawei/arabic-NF-1053.jpg,data/processed/policy_c/train/attack/digital_2/huawei/arabic-NF-1053.jpg,arabic-NF-1053,attack,digital_2,huawei,1,82,2b387c48ff2722185b34887930763b09806a48467a6eed26987d10f968cbb976,97fbe7254d7c86d2ebbf89712bb9be83becc2b36012feb29706cfd0e73d02483
project_train,train/attack/digital_2/iphone15pro/arabic-NF-1053.jpg,data/processed/policy_c/train/attack/digital_2/iphone15pro/arabic-NF-1053.jpg,arabic-NF-1053,attack,digital_2,iphone15pro,1,52,6373756f62a237d13c7ee8c61eaa0947b6fb3f7e7df7eeb25a1e7ef774c60076,3f2550c1e433008773f230e5a18c39c6f6cd9f73f242b1b40387f5304c97f2ec
project_train,train/attack/digital_2/scan/arabic-NF-1053.jpg,data/processed/policy_c/train/attack/digital_2/scan/arabic-NF-1053.jpg,arabic-NF-1053,attack,digital_2,scan,1,55,918c83cdf88bd71eb835d4fab21921cf34a59b5f277ae3ab7f4462a1a483e428,18830211924aba7c30ee2a00ab0c6f40e0db88edfbeef94e43b95f5872f0b9c8
project_train,train/bonafide/huawei/arabic-NF-1053.jpg,data/processed/policy_c/train/bonafide/huawei/arabic-NF-1053.jpg,arabic-NF-1053,bonafide,,huawei,0,82,5b09c373e00e322ac7e3c0f883b8fd98b6dae3bd29622bbd3ebbb421ba99cb7e,b116b1267e5d39678a2498287a16bffffb0aaa80f56bb0eae5ac2133461d2742
project_train,train/bonafide/iphone15pro/arabic-NF-1053.jpg,data/processed/policy_c/train/bonafide/iphone15pro/arabic-NF-1053.jpg,arabic-NF-1053,bonafide,,iphone15pro,0,52,aff3753634be7d5fa7d09e3417319530c9c7d45fcafd972f42976ea7923474a3,666817c098a22f865ae1a8669ea2dd2ecaa5a680bd2e78163bc739982227d9d0
project_train,train/bonafide/scan/arabic-NF-1053.jpg,data/processed/policy_c/train/bonafide/scan/arabic-NF-1053.jpg,arabic-NF-1053,bonafide,,scan,0,55,c6a74c343ad6a9cd4b2835546733e4ba691f1096c1acae19166d03568bc5d385,00af2eaf5b75208c7318e5229b09c801e7a26b975d272ac82f8d3cc2ff7c73a7
project_train,train/attack/digital_1/huawei/arabic-NF-1100.jpg,data/processed/policy_c/train/attack/digital_1/huawei/arabic-NF-1100.jpg,arabic-NF-1100,attack,digital_1,huawei,1,50,25a408efb438af289ca46753f14f616b948f06135d911aa45ce5a8794b01a1e3,aae4df9790e816146bc812a4bb9ee18495b80cbd0187c227cc92efe706011d3f
project_train,train/attack/digital_1/iphone15pro/arabic-NF-1100.jpg,data/processed/policy_c/train/attack/digital_1/iphone15pro/arabic-NF-1100.jpg,arabic-NF-1100,attack,digital_1,iphone15pro,1,70,15e6efc827a8625803ceee68e300ec3f900fe79cb9333aed3c43f06d344142c8,098b8aa447430864aa2c3522112d8bd60165b8d1d5660ce07870ea6d7613d4ad
project_train,train/attack/digital_1/scan/arabic-NF-1100.jpg,data/processed/policy_c/train/attack/digital_1/scan/arabic-NF-1100.jpg,arabic-NF-1100,attack,digital_1,scan,1,69,e47edecf7c153752b33c4868aab561c24d87cb2b137d85ad7024383f13a1c4f9,65ca9451070bad271a85dbfd1f8ce479e0a10aaf879991280f8660285358ab21
project_train,train/attack/digital_2/huawei/arabic-NF-1100.jpg,data/processed/policy_c/train/attack/digital_2/huawei/arabic-NF-1100.jpg,arabic-NF-1100,attack,digital_2,huawei,1,50,647da859af0d663195716d332f1cbfc761ffb11a8e349f992f4b86c60f1d43ea,ac773fcf7565e8e9e262e78f4bb4f343a9ebe4f06688d30e489254c108ed9578
project_train,train/attack/digital_2/iphone15pro/arabic-NF-1100.jpg,data/processed/policy_c/train/attack/digital_2/iphone15pro/arabic-NF-1100.jpg,arabic-NF-1100,attack,digital_2,iphone15pro,1,70,7f12eb047e2145b36840a7913bd0fbd1306884f4703030d7359ac18406f620ad,320159d8fd789e6ecaae47a17fefaff37d4ec1983d6067848dc59f79b15329e7
project_train,train/attack/digital_2/scan/arabic-NF-1100.jpg,data/processed/policy_c/train/attack/digital_2/scan/arabic-NF-1100.jpg,arabic-NF-1100,attack,digital_2,scan,1,69,f9379fb15459558c64d36b8b774ecc3523cbf01c5ec864ff5a2a3478813a8833,0e9c2f048f6512669031e97c9e8f138409496309c2627e0b55048cf6fd5aa861
project_train,train/bonafide/huawei/arabic-NF-1100.jpg,data/processed/policy_c/train/bonafide/huawei/arabic-NF-1100.jpg,arabic-NF-1100,bonafide,,huawei,0,50,72276cc57be46932c8d6fc62a71a90369722c3e0b20d8c31ad7ef133fb6068d0,e5fcbbbe0a8eed167bae745d503713dce3f96cc8b444cf1e6b3bd11be62dd09d
project_train,train/bonafide/iphone15pro/arabic-NF-1100.jpg,data/processed/policy_c/train/bonafide/iphone15pro/arabic-NF-1100.jpg,arabic-NF-1100,bonafide,,iphone15pro,0,70,bf68eea664105635ce7d5263babf33cc2d07ea9f0f8e8bb87550d4d61465ce3d,fd563d7c4247c279319e04d104a2550bb747fcaafd0d8c4130200cf7360bd6bc
project_train,train/bonafide/scan/arabic-NF-1100.jpg,data/processed/policy_c/train/bonafide/scan/arabic-NF-1100.jpg,arabic-NF-1100,bonafide,,scan,0,69,0fcd16c02228f1ac83ba1bd759b5ccf5099edc31d3f55ca23bf5db34d7cf8771,cef67046078218642a3ca9c0b1a1d09124bdae6d169583a3cbe41da5264c7a93
project_train,train/attack/digital_1/huawei/arabic-NM-1029.jpg,data/processed/policy_c/train/attack/digital_1/huawei/arabic-NM-1029.jpg,arabic-NM-1029,attack,digital_1,huawei,1,64,4016eae2029d4d18d949a0955b3d139075212a131ec6fc2b6a7f0b0b0eb04d85,af08dd22821e9fe22f1bb4563cdc8f9dc8419eb1586021eb655b3ebcb47d69fb
project_train,train/attack/digital_1/iphone15pro/arabic-NM-1029.jpg,data/processed/policy_c/train/attack/digital_1/iphone15pro/arabic-NM-1029.jpg,arabic-NM-1029,attack,digital_1,iphone15pro,1,56,601afd9837d2afe306c5168b3576e95a95452aacb30d9040c77978d6cc055a00,80c776eb1a97fbb35400e22a700a66864df993b0bde1692ecf2a2d22cb3d3d43
project_train,train/attack/digital_1/scan/arabic-NM-1029.jpg,data/processed/policy_c/train/attack/digital_1/scan/arabic-NM-1029.jpg,arabic-NM-1029,attack,digital_1,scan,1,76,553d1e0ec6faf78d024a6499908d3e43b20c0ed87c1006357e1e63fe9a546549,e987829b19c345b58f2ef90ee2f3c93fab8aec817600edaca0685f87eb8d0f81
project_train,train/attack/digital_2/huawei/arabic-NM-1029.jpg,data/processed/policy_c/train/attack/digital_2/huawei/arabic-NM-1029.jpg,arabic-NM-1029,attack,digital_2,huawei,1,64,723a5eee61ac1348b0d29ae08c178c13c8d5e804643a2c522c95a2990ce59a5a,d3ac81f4f4003946094dc7f5a78c861adbe6cc14a4dfa395172c0e898bc92303
project_train,train/attack/digital_2/iphone15pro/arabic-NM-1029.jpg,data/processed/policy_c/train/attack/digital_2/iphone15pro/arabic-NM-1029.jpg,arabic-NM-1029,attack,digital_2,iphone15pro,1,56,4f1ea60a7389b02b37d7a2f306d4e7a98859a807ddce12c5c45520a41e6ff627,7870968a0e1748554285ce21cc5763bdaf116a019374718a8a2282e8a375a143
project_train,train/attack/digital_2/scan/arabic-NM-1029.jpg,data/processed/policy_c/train/attack/digital_2/scan/arabic-NM-1029.jpg,arabic-NM-1029,attack,digital_2,scan,1,76,08bb8c68af9ba101964368cdb96617d6ef7a36d54c9d7d5a31041b679eb4a067,fb3169940a9643886af374cc2aea06572e979529a27f8eeec5009dc906c456ec
project_train,train/bonafide/huawei/arabic-NM-1029.jpg,data/processed/policy_c/train/bonafide/huawei/arabic-NM-1029.jpg,arabic-NM-1029,bonafide,,huawei,0,64,b0423a3f7be7cb17f413a405af7f909f05faf38e2bff3ddba1eb62e8ed76a659,29e4142d1c723285c4bc848a284237b2a6bbe0abb650c39631ec40dabbf02338
project_train,train/bonafide/iphone15pro/arabic-NM-1029.jpg,data/processed/policy_c/train/bonafide/iphone15pro/arabic-NM-1029.jpg,arabic-NM-1029,bonafide,,iphone15pro,0,56,7cd74ba09c08d80da1a12b3694a9810eb9606073e0aa33dac018f0103f7258d6,4e465edc609770b7de8f6b8a9a0b55749265f3b15595f7c0fc881a377a1c3a43
project_train,train/bonafide/scan/arabic-NM-1029.jpg,data/processed/policy_c/train/bonafide/scan/arabic-NM-1029.jpg,arabic-NM-1029,bonafide,,scan,0,76,09e19057a23e1593e0a819b5a40d39661ade6744a357eb98fadb26ed4bfc29a8,d588154adf4200b14a6ffc655966b45b443e44ee6e81cffb4dc39368679560ba
project_train,train/attack/digital_1/huawei/arabic-NM-1064.jpg,data/processed/policy_c/train/attack/digital_1/huawei/arabic-NM-1064.jpg,arabic-NM-1064,attack,digital_1,huawei,1,52,de2b490e228546c991bb9ab5a4244f2405a935649dd289a5c2e1b3a655024921,601e5a94e821e59e384890211b2af4703866d08b57bbff82afdc86e44e151ec1
project_train,train/attack/digital_1/iphone15pro/arabic-NM-1064.jpg,data/processed/policy_c/train/attack/digital_1/iphone15pro/arabic-NM-1064.jpg,arabic-NM-1064,attack,digital_1,iphone15pro,1,82,7534ab5dc655c61c9130f970c54a89aee19b3343a2a78a695df137932655a333,2ad8141cff59ca17cb8d89e6e5f67bed6d32e0f6f343bce22f3897dd781a3efd
project_train,train/attack/digital_1/scan/arabic-NM-1064.jpg,data/processed/policy_c/train/attack/digital_1/scan/arabic-NM-1064.jpg,arabic-NM-1064,attack,digital_1,scan,1,78,f4d88b0aa8941f050d49b1ec8da75de7d5cf03e82921c87caee7914222f58c57,646aa3e9d743e1698b638d9083ef89d90c5d2c0575b4571045738e1ec2a5ffbf
project_train,train/attack/digital_2/huawei/arabic-NM-1064.jpg,data/processed/policy_c/train/attack/digital_2/huawei/arabic-NM-1064.jpg,arabic-NM-1064,attack,digital_2,huawei,1,52,eea15ca10d6533452131f0d0c8b365f762467998f8f9b5180dda7260321f7336,7c55baae9a8b9c53a9403906dd583d38530c09b0c299685f8c368d4e33cb2403
project_train,train/attack/digital_2/iphone15pro/arabic-NM-1064.jpg,data/processed/policy_c/train/attack/digital_2/iphone15pro/arabic-NM-1064.jpg,arabic-NM-1064,attack,digital_2,iphone15pro,1,82,f1ba060dd110caa5b66235e181adf5a09832cb68cf2eda3566ab967128c402b8,ebb90dbabf97577f8c2eb7f1b01f79e16544535c3f9928fbfca02047e218fe9a
project_train,train/attack/digital_2/scan/arabic-NM-1064.jpg,data/processed/policy_c/train/attack/digital_2/scan/arabic-NM-1064.jpg,arabic-NM-1064,attack,digital_2,scan,1,78,3b29985cc0134e5feaf15a0ca88a6e30f09578a01eb8af36f71ec4b0d245665f,a7cf52af40ff7a988a983b301b196fd059d13f6f2900545f5aa3de611d724453
project_train,train/bonafide/huawei/arabic-NM-1064.jpg,data/processed/policy_c/train/bonafide/huawei/arabic-NM-1064.jpg,arabic-NM-1064,bonafide,,huawei,0,52,4242f7f0b9e3896ac1208aa3d24aa8ed1384abfa983caf008551b58705c65004,be28051a4194adc5730d388be340e21258991f405c55ea99a99f6876c8ac9f51
project_train,train/bonafide/iphone15pro/arabic-NM-1064.jpg,data/processed/policy_c/train/bonafide/iphone15pro/arabic-NM-1064.jpg,arabic-NM-1064,bonafide,,iphone15pro,0,82,a66fdac083cb9efb39ec20fd2ab96858caf3df463845e912b56465972694ed73,8abd5962159664954a78e81e1a543f0adadfe5a6865a61fd847c5996b4b0af25
project_train,train/bonafide/scan/arabic-NM-1064.jpg,data/processed/policy_c/train/bonafide/scan/arabic-NM-1064.jpg,arabic-NM-1064,bonafide,,scan,0,78,07437c3c972a79662529eac4d75175cf5a5f6c96b3682aadd938acde1a906733,211fe778df9034fd53dc4e675454a6f7def5a8036dc97e7330be8416fc476ab2
project_train,train/attack/digital_1/huawei/chinese-018_03.jpg,data/processed/policy_c/train/attack/digital_1/huawei/chinese-018_03.jpg,chinese-018_03,attack,digital_1,huawei,1,71,4102fba8451600bf3013c8f8be6490d9e9ab8fb859f43be2ec6e6e28f5c48011,cece63264854e3532502c1e34af0b27c0c7bae7cdc6094d8cab00e22bd21cf83
project_train,train/attack/digital_1/iphone15pro/chinese-018_03.jpg,data/processed/policy_c/train/attack/digital_1/iphone15pro/chinese-018_03.jpg,chinese-018_03,attack,digital_1,iphone15pro,1,55,e465633027bc06a3d22563f11ca1141fa8451e3b4fd547315e91423d9e0dc756,b599128e669260a9fcad0bdc29300eae791d9c44aba2a70ea0cb4994210d4c65
project_train,train/attack/digital_1/scan/chinese-018_03.jpg,data/processed/policy_c/train/attack/digital_1/scan/chinese-018_03.jpg,chinese-018_03,attack,digital_1,scan,1,71,130bb9172d72179ee994d81c1d2c336cdf67921f5d5830d9f40424c5d75f528c,23a1d67bda012d25cdd9e49363e84f450c57b823bf97e08057d88258076c186e
project_train,train/attack/digital_2/huawei/chinese-018_03.jpg,data/processed/policy_c/train/attack/digital_2/huawei/chinese-018_03.jpg,chinese-018_03,attack,digital_2,huawei,1,71,e36ef61914f3dc3c656075f56f7e77c981377b26262beae18eb909cfadbe0e52,3c716f01490172cbc500131e6f55838cefac63a22b2c46470263f88286d7712f
project_train,train/attack/digital_2/iphone15pro/chinese-018_03.jpg,data/processed/policy_c/train/attack/digital_2/iphone15pro/chinese-018_03.jpg,chinese-018_03,attack,digital_2,iphone15pro,1,55,087dd29c5bb1a95fe9f0bf4e3d9fa51bf01f8622f5c17603333553284644b01c,65377c99e0f36046f2986f99f8599bc7e63b22bc78bfe4fd267e9a371ebb9245
project_train,train/attack/digital_2/scan/chinese-018_03.jpg,data/processed/policy_c/train/attack/digital_2/scan/chinese-018_03.jpg,chinese-018_03,attack,digital_2,scan,1,71,c7a544a7de57c2a7d7d6423317bb537ead504551cd2754002fbfc1738f4d214a,82ee9a11faae171c3b12b01ade083d6bfc78628e7951569802e30d573f8d48cd
project_train,train/bonafide/huawei/chinese-018_03.jpg,data/processed/policy_c/train/bonafide/huawei/chinese-018_03.jpg,chinese-018_03,bonafide,,huawei,0,71,58850216f6a11460bb05abfa4a05f6d7c8e0083f9d54f615ce180808a46f0a90,d081906712bfbd5a61d9c6ebe45acfd38356a81b4cbbba388ee7b78a2a77d6ba
project_train,train/bonafide/iphone15pro/chinese-018_03.jpg,data/processed/policy_c/train/bonafide/iphone15pro/chinese-018_03.jpg,chinese-018_03,bonafide,,iphone15pro,0,55,5ccbac87a8f9ec6f864123287ba74d9d024c32f12333548f750ba70343128566,f06ea2b9b1c65c5f4b04b75e7b6f75ed8f596858dc29ae6b5bd881c612af944c
project_train,train/bonafide/scan/chinese-018_03.jpg,data/processed/policy_c/train/bonafide/scan/chinese-018_03.jpg,chinese-018_03,bonafide,,scan,0,71,97caf4016b83da1998be0901f3204c3f712117ebc0193b28fe4ea27234870f73,1307754f9309b35296798042abddfdeaa3cae714ccc374d350900d6e7117c476
project_train,train/attack/digital_1/huawei/chinese-020_03.jpg,data/processed/policy_c/train/attack/digital_1/huawei/chinese-020_03.jpg,chinese-020_03,attack,digital_1,huawei,1,60,380ee8ddbfc5ca16c7b851b6aa0d0a03126b083c162a259036ff4676c358be49,1f1ca6032ba9f2da821ea6dfff7fdf2dd953876b347797c5532dc9c8da57fdf2
project_train,train/attack/digital_1/iphone15pro/chinese-020_03.jpg,data/processed/policy_c/train/attack/digital_1/iphone15pro/chinese-020_03.jpg,chinese-020_03,attack,digital_1,iphone15pro,1,87,5d4ed950bbe2dba0efff0fb43e8bcc020c5f7e59be58b1051f8b31e941d84aee,a58d0f9fce05d016a57bd2a1c5f3e6178bf3f342a24e2bd51bcef127923dd057
project_train,train/attack/digital_1/scan/chinese-020_03.jpg,data/processed/policy_c/train/attack/digital_1/scan/chinese-020_03.jpg,chinese-020_03,attack,digital_1,scan,1,81,250eeac8aa426e133ca44c4ddb149340334857a56d1030fc5db31ff57d13bc5e,5b6748b860b2aeef15589d387371a9a8536e261b0dd613375202cf20dff317c4
project_train,train/attack/digital_2/huawei/chinese-020_03.jpg,data/processed/policy_c/train/attack/digital_2/huawei/chinese-020_03.jpg,chinese-020_03,attack,digital_2,huawei,1,60,3f22bc5df24e8e63e25b1808552c1bb78703ec730afa99a17b028c72c9429398,b0a87a5fb38caad49cbc8effae01dc55decc52c17fa56bcb9e8b12b259df9576
project_train,train/attack/digital_2/iphone15pro/chinese-020_03.jpg,data/processed/policy_c/train/attack/digital_2/iphone15pro/chinese-020_03.jpg,chinese-020_03,attack,digital_2,iphone15pro,1,87,3dc3dd5db21844f3580f6e855d776ce558fcd547169d51487cd99b89a6dc04c6,61e4a2afa3050ae43bc3ea2be7884cc084e5b6bf8fd0e2dc1ad2e8086c461969
project_train,train/attack/digital_2/scan/chinese-020_03.jpg,data/processed/policy_c/train/attack/digital_2/scan/chinese-020_03.jpg,chinese-020_03,attack,digital_2,scan,1,81,98ac74350892864f392b498701046c059ca06715674e47e5939c7036069db817,ceeebfca1778ed3466d0b21a463db4bf4a33ada7cd060aa666a57b46c0f361fb
project_train,train/bonafide/huawei/chinese-020_03.jpg,data/processed/policy_c/train/bonafide/huawei/chinese-020_03.jpg,chinese-020_03,bonafide,,huawei,0,60,702a600a255558cee810d781a2a95c6be884b83488bc58efaed6e71b07c17198,7c45e068d55abe7b00387bbb83c4b67da5ace7673fe433efc054accc141feada
project_train,train/bonafide/iphone15pro/chinese-020_03.jpg,data/processed/policy_c/train/bonafide/iphone15pro/chinese-020_03.jpg,chinese-020_03,bonafide,,iphone15pro,0,87,15b055f214a9db2a0edc5c8865ce95bc88dcbb72d72880a5d6f1c54c3a4c3e66,f18d531b149dadd9dee5691a7373034507cec01e849bf10062b27a7df6465d50
project_train,train/bonafide/scan/chinese-020_03.jpg,data/processed/policy_c/train/bonafide/scan/chinese-020_03.jpg,chinese-020_03,bonafide,,scan,0,81,0cbb5a2c57ef981ad0e628ca82d792290ffcb5e10606424d3ce327e801fa7994,72290fc3cd26bef7a723bc148764f7493c89fd6804de86c571a519b18dee7385
project_train,train/attack/digital_1/huawei/chinese-039_03.jpg,data/processed/policy_c/train/attack/digital_1/huawei/chinese-039_03.jpg,chinese-039_03,attack,digital_1,huawei,1,84,144f702bee700447cbc466367784e93dbcaccc6f13d9331e14735011969b50ea,ed947a8bdc16b7f45c18b92e517a53d0c6903a33b548e81683fd1e67448c835d
project_train,train/attack/digital_1/iphone15pro/chinese-039_03.jpg,data/processed/policy_c/train/attack/digital_1/iphone15pro/chinese-039_03.jpg,chinese-039_03,attack,digital_1,iphone15pro,1,69,39fb14af3422d692f63e1d1b48b8084c77b411259db2f5c7e46ff3dc4e9cdc54,621e56e21059d02081c8beab8bf9e8ef0df091c4a5f377896b9f5b33af751368
project_train,train/attack/digital_1/scan/chinese-039_03.jpg,data/processed/policy_c/train/attack/digital_1/scan/chinese-039_03.jpg,chinese-039_03,attack,digital_1,scan,1,62,5b27033cb34964a154bd8387cbf46d87aecfaaf406631480705ec1b639f39a68,0290127e069bce7c3f32859fe06c0e901a607244b065e998af06e755342c63a6
project_train,train/attack/digital_2/huawei/chinese-039_03.jpg,data/processed/policy_c/train/attack/digital_2/huawei/chinese-039_03.jpg,chinese-039_03,attack,digital_2,huawei,1,84,4284b961ddd8389b7ab9b57f2aec9a35070687fd7a4ab93c91c68f8ca20c98e2,dff128215e996b4e3ea9b64f8d948d23a8b5fdf09ec0e6911feaeb54f016e98a
project_train,train/attack/digital_2/iphone15pro/chinese-039_03.jpg,data/processed/policy_c/train/attack/digital_2/iphone15pro/chinese-039_03.jpg,chinese-039_03,attack,digital_2,iphone15pro,1,69,0ecbfdf0d2bfc51454627792993265aa6e6d94fa53f63b3f4a44abfc242e8937,49b964b1d138472f93c350bfc69e195cc3ddacef8c62aa70f4466d6a02c11b43
project_train,train/attack/digital_2/scan/chinese-039_03.jpg,data/processed/policy_c/train/attack/digital_2/scan/chinese-039_03.jpg,chinese-039_03,attack,digital_2,scan,1,62,51340cd5bcf331103b482bbaa2d41825c0ab1dedd879ea1c055ac04f9c452e51,06313bfeb402ec1d42035a149c1119c09f8accdd1b5e277f50685b872815d0b8
project_train,train/bonafide/huawei/chinese-039_03.jpg,data/processed/policy_c/train/bonafide/huawei/chinese-039_03.jpg,chinese-039_03,bonafide,,huawei,0,84,bf11c74cb986adfe37dfb940d3e125bdf0b4ae3efc041ea5182aff7daaaad33e,1416fc3b50cae96d1a423b413eb4a90f69352b248939aa076fc9467d771575bf
project_train,train/bonafide/iphone15pro/chinese-039_03.jpg,data/processed/policy_c/train/bonafide/iphone15pro/chinese-039_03.jpg,chinese-039_03,bonafide,,iphone15pro,0,69,1b2ca16b006ddbf79803eb3662676041397f48e967132be5c52f6061fd3477a1,0b6afc401d55d893ca2ad6b1402584be490bb2f8839c3122b57fc24333b75726
project_train,train/bonafide/scan/chinese-039_03.jpg,data/processed/policy_c/train/bonafide/scan/chinese-039_03.jpg,chinese-039_03,bonafide,,scan,0,62,e734275b34d33592d9acfd4c89acd25dec517ab28d9db51810fca72402b67b5e,d54c5d7e994998b8f3cdcfda4b0da9ca4a25de0ddc410d0e3287d0bf3722c7c9
project_train,train/attack/digital_1/huawei/chinese-064_03.jpg,data/processed/policy_c/train/attack/digital_1/huawei/chinese-064_03.jpg,chinese-064_03,attack,digital_1,huawei,1,88,d763fe88b4b65ce2ad1c224a4601ee7aa935e709464c9bdf68d64bee5edf0995,eb0605cf21ae81c324fdee26770d0f15829b9c5f6308e596d646b869a34bf553
project_train,train/attack/digital_1/iphone15pro/chinese-064_03.jpg,data/processed/policy_c/train/attack/digital_1/iphone15pro/chinese-064_03.jpg,chinese-064_03,attack,digital_1,iphone15pro,1,87,e929f8af4697f3f27db2b46b78297e154d950767058b732980281ccd10c48abc,035a109ebec0d42b6edb13d3f45a5845a2d3bf0cf13ec9235a46b7f804e32674
project_train,train/attack/digital_1/scan/chinese-064_03.jpg,data/processed/policy_c/train/attack/digital_1/scan/chinese-064_03.jpg,chinese-064_03,attack,digital_1,scan,1,60,dc7747a51f504ec8e209bcc316478303583b5386509968e9c4f163e4f9dc45d1,44c53be994c8db3eae090225ae915f43a3c8b61e9919cfb925f416c16c6fad42
project_train,train/attack/digital_2/huawei/chinese-064_03.jpg,data/processed/policy_c/train/attack/digital_2/huawei/chinese-064_03.jpg,chinese-064_03,attack,digital_2,huawei,1,88,aa57ef9692e82076f3ec50bf92b682f0631137e380d63d64feed472d400abc5a,8b8adaae09a153c483652f36f9e4efb869cd140add6792774218c68c1cdffa79
project_train,train/attack/digital_2/iphone15pro/chinese-064_03.jpg,data/processed/policy_c/train/attack/digital_2/iphone15pro/chinese-064_03.jpg,chinese-064_03,attack,digital_2,iphone15pro,1,87,ed31061fbeee66cfbc40b9f3e01018edf54fb6ad043305a9f94ef80043bdff39,97e501e226c39928789f07384e56a8c71f27bc021302a6f2ad29d2920ab95615
project_train,train/attack/digital_2/scan/chinese-064_03.jpg,data/processed/policy_c/train/attack/digital_2/scan/chinese-064_03.jpg,chinese-064_03,attack,digital_2,scan,1,60,e4e6ac306cb3a1ba5eda6b3a30955ea58e7b598b3bae32c440a5b4c52c3652a3,3baa31031f0d954e508ba5b5eddf5e0a37c7a44ed3b0c3326caf0959e65d3ba4
project_train,train/bonafide/huawei/chinese-064_03.jpg,data/processed/policy_c/train/bonafide/huawei/chinese-064_03.jpg,chinese-064_03,bonafide,,huawei,0,88,97a1a4309b4005ba4fcc9fa0bde8f6c710260005d3b5b1210aacdf8608e7c203,41e9af1f002acc96d35d28d8b826c4a86c7617ad735a0f0cd6d102a6ccb8ee24
project_train,train/bonafide/iphone15pro/chinese-064_03.jpg,data/processed/policy_c/train/bonafide/iphone15pro/chinese-064_03.jpg,chinese-064_03,bonafide,,iphone15pro,0,87,411b899b7d06bebabb07e295f64ba2bf0581ad0f2adb6254c51afb67751256b3,846b0d2e91a2d3ff76c3c0d308aeb05f7f0e7e48f232e3cd572fc1751df0ecf4
project_train,train/bonafide/scan/chinese-064_03.jpg,data/processed/policy_c/train/bonafide/scan/chinese-064_03.jpg,chinese-064_03,bonafide,,scan,0,60,6c0b82eff96f82a761ac9ec1db626c1a4c69e2f1e64560edc79afa0c0fb3f134,689643a2c1dd6289600d28ecbc37f2863b478ff08629962112dac281195e4712
project_train,train/attack/digital_1/huawei/chinese-081_03.jpg,data/processed/policy_c/train/attack/digital_1/huawei/chinese-081_03.jpg,chinese-081_03,attack,digital_1,huawei,1,58,4b85122b138a484570a90646a3a695dfcbe043cf452677f86b570d964e4e03f3,e88eb34a81331efb733c95295c72845ce5b92253b110a241cfb761b7528809a5
project_train,train/attack/digital_1/iphone15pro/chinese-081_03.jpg,data/processed/policy_c/train/attack/digital_1/iphone15pro/chinese-081_03.jpg,chinese-081_03,attack,digital_1,iphone15pro,1,58,553dc540683c315422a6ddad6c24729bb3d1fd63b8e4432a7de8e8bd2a26cdac,15b57e226908468d949831ea0ec22925692c26b21a897cf007b284b144c521e7
project_train,train/attack/digital_1/scan/chinese-081_03.jpg,data/processed/policy_c/train/attack/digital_1/scan/chinese-081_03.jpg,chinese-081_03,attack,digital_1,scan,1,66,0b4d429124bafce4c11863b931a92cf6d2f091840d35ed2c8d4d4950c38ecb95,2fd921daee4527bfcf50f30e30d2119fb3f667506a20215cd5a7c401f18c95dd
project_train,train/attack/digital_2/huawei/chinese-081_03.jpg,data/processed/policy_c/train/attack/digital_2/huawei/chinese-081_03.jpg,chinese-081_03,attack,digital_2,huawei,1,58,0bd811ccd74da4d66ad703065adb2979550af4620e9b729bb8b505243ee049c5,e3be2ca092a597768708c90295b67af6d45f77488e3be27a1a2c1b1113307715
project_train,train/attack/digital_2/iphone15pro/chinese-081_03.jpg,data/processed/policy_c/train/attack/digital_2/iphone15pro/chinese-081_03.jpg,chinese-081_03,attack,digital_2,iphone15pro,1,58,dd2c598c4139c787607e93dda503f71687a66835755e89b6e5ea8419b1d6a336,ac3c20dedcd95338d2d1ff114b1913e65197fc0f773a9011c5e6556457f445d3
project_train,train/attack/digital_2/scan/chinese-081_03.jpg,data/processed/policy_c/train/attack/digital_2/scan/chinese-081_03.jpg,chinese-081_03,attack,digital_2,scan,1,66,65e892e4fb11cad3ac58c6c973c401c1a5de62c062e1494ad8329776c0efbfdc,a510b756cdd4d46e1bc4f76f5ade4c7eacbea541dbaa1a6d2daa6db5b2354f72
project_train,train/bonafide/huawei/chinese-081_03.jpg,data/processed/policy_c/train/bonafide/huawei/chinese-081_03.jpg,chinese-081_03,bonafide,,huawei,0,58,a4fdab9b948a9994f3f72f5358218bec05ce8192d58686608c791ae9aab783bb,4c8784026a7a22d9ebd8cd24bedf082f80cf8c086803d0503e829744e4dbc195
project_train,train/bonafide/iphone15pro/chinese-081_03.jpg,data/processed/policy_c/train/bonafide/iphone15pro/chinese-081_03.jpg,chinese-081_03,bonafide,,iphone15pro,0,58,813e9c562c5b287912146c393359273aaee5e7abedd52c460469cd759ffcf4f0,b3b2e913dc96d5610c9a2e5a9fbc3d0fd1f44edb80f1a90cc2ce491a8499cd61
project_train,train/bonafide/scan/chinese-081_03.jpg,data/processed/policy_c/train/bonafide/scan/chinese-081_03.jpg,chinese-081_03,bonafide,,scan,0,66,dbc3f338b618ec42b7a6c09c67bbccc29dad93b2565bd503c3137bebf87b96ad,afccff98045d07fc7666923854e26d92e3def0e464f504afac5d9d296b3a8381
project_train,train/attack/digital_1/huawei/chinese-096_03.jpg,data/processed/policy_c/train/attack/digital_1/huawei/chinese-096_03.jpg,chinese-096_03,attack,digital_1,huawei,1,82,8827fec2a8522e457aca30ef871bbd12438a799a6c0eac4cdc63585213fc38b1,f398cd528c8f2b72fb0de704c769b47be6c1493b87cfa26e2ba94cc605d3acc3
project_train,train/attack/digital_1/iphone15pro/chinese-096_03.jpg,data/processed/policy_c/train/attack/digital_1/iphone15pro/chinese-096_03.jpg,chinese-096_03,attack,digital_1,iphone15pro,1,54,0592b5cff83aad8ca4728e5a3719d9b7d6bfa33f9f057bc45364f0b72d8f959f,0b0423e9f80da3d86ccf80edbc7285d8819f5b252c17c792c929d195b06bd496
project_train,train/attack/digital_1/scan/chinese-096_03.jpg,data/processed/policy_c/train/attack/digital_1/scan/chinese-096_03.jpg,chinese-096_03,attack,digital_1,scan,1,79,6f9076827640571117e0e6c5fe894e7bf5171f21e72ac5360800fcf66cc02619,3fc05d49c4de3ed9ce3ca08ca349e49f52f0c49eb2c211880c5da42f984a4bad
project_train,train/attack/digital_2/huawei/chinese-096_03.jpg,data/processed/policy_c/train/attack/digital_2/huawei/chinese-096_03.jpg,chinese-096_03,attack,digital_2,huawei,1,82,e34baaf7c32b2f874cfa08110e8e67e41223f072ec8178274dc523f63e46852c,4ab81f17472c8453785a6775fa2e3574f196262b4fa5f1ffd74948358da3007f
project_train,train/attack/digital_2/iphone15pro/chinese-096_03.jpg,data/processed/policy_c/train/attack/digital_2/iphone15pro/chinese-096_03.jpg,chinese-096_03,attack,digital_2,iphone15pro,1,54,18ff8a3bf148ca645193f0578e94be44030dfed7edac76c92cf34f81dd5337d9,1c21937c2b061c2a30231afdf634b6d10eef45a161955299461f3d5009fe0742
project_train,train/attack/digital_2/scan/chinese-096_03.jpg,data/processed/policy_c/train/attack/digital_2/scan/chinese-096_03.jpg,chinese-096_03,attack,digital_2,scan,1,79,8d75d9648e68c9282a7ab563157e5b4f62bafef01051c39daa2af84d11e56afd,0351e6b0eae4b6e5c277a92964fa0adfef38add03dd8ae37aa02d6850f17a882
project_train,train/bonafide/huawei/chinese-096_03.jpg,data/processed/policy_c/train/bonafide/huawei/chinese-096_03.jpg,chinese-096_03,bonafide,,huawei,0,82,d2e5572870588d95911c0f556019f0ea675d10ed2a8825fed4d5d92fac1ced82,0c47db40e9be728a9c6b6659de4fd6d5effd4efd1e9aa18f617ad3b734f46913
project_train,train/bonafide/iphone15pro/chinese-096_03.jpg,data/processed/policy_c/train/bonafide/iphone15pro/chinese-096_03.jpg,chinese-096_03,bonafide,,iphone15pro,0,54,6fed50152f95400b659788633a4c39786d77665db128fed202993840def16e72,9cd5e338d5f3f0da1efa9ae8a347d85abc3e472e6f24fc69c948ce214ee940f8
project_train,train/bonafide/scan/chinese-096_03.jpg,data/processed/policy_c/train/bonafide/scan/chinese-096_03.jpg,chinese-096_03,bonafide,,scan,0,79,d37d1878c5d756bcc043680e699df171a49ff839305653e5e8a57f9e73a9a29d,5a7b9a51cccc2f11c576d51a53e329456c73bb69966cee971cb093d80ad68671
project_train,train/attack/digital_1/huawei/chinese-099_03.jpg,data/processed/policy_c/train/attack/digital_1/huawei/chinese-099_03.jpg,chinese-099_03,attack,digital_1,huawei,1,74,4fc9dca7f31bd917d2ac7f2712857a5b3acf7750e4545e91a9ff524e19c3e813,3195d61608e99264dcc9a39c10f787348fcc2700e1395ad9bf300d4fa0fd653c
project_train,train/attack/digital_1/iphone15pro/chinese-099_03.jpg,data/processed/policy_c/train/attack/digital_1/iphone15pro/chinese-099_03.jpg,chinese-099_03,attack,digital_1,iphone15pro,1,78,59512cb46a2ced6353d42a5060d305124d06e0ead46b91136fa1c404556bea50,9c67410332af3324e7f5cb80e25d48688141c40f191993169c4550a525008b21
project_train,train/attack/digital_1/scan/chinese-099_03.jpg,data/processed/policy_c/train/attack/digital_1/scan/chinese-099_03.jpg,chinese-099_03,attack,digital_1,scan,1,76,425a55741d1b88cd4ab2cbae2332e9edc8ef79e682ebd8f9f0fc749a6a6a4e08,fc0eb4e001e9fd5946afc34356559d52d3c178ed3791f920a1ada2ef0939e5b8
project_train,train/attack/digital_2/huawei/chinese-099_03.jpg,data/processed/policy_c/train/attack/digital_2/huawei/chinese-099_03.jpg,chinese-099_03,attack,digital_2,huawei,1,74,870190f80b44dbc5e6fc8703c831341c6090558d45d5e27f21e29df7760ada0c,03820584715e7332452e657435523f619930ddedf827a83fcf95622ebbd52287
project_train,train/attack/digital_2/iphone15pro/chinese-099_03.jpg,data/processed/policy_c/train/attack/digital_2/iphone15pro/chinese-099_03.jpg,chinese-099_03,attack,digital_2,iphone15pro,1,78,f10a61656adfb042b749e248ce48c6eb59dfa598b6e89aec3cad4fd82f490f4e,3d7cd2e6e12295bec78b396402160d82679526274428fa9babf6a0fa38557d25
project_train,train/attack/digital_2/scan/chinese-099_03.jpg,data/processed/policy_c/train/attack/digital_2/scan/chinese-099_03.jpg,chinese-099_03,attack,digital_2,scan,1,76,e37ce0f21c61875c144ae70fba7c89005baad41355d627a1e3916f2ab9b5bd62,c3c71da65742d9337ef785f9d69a5d747468390e55ab4ccd8e5a8d1a3b05bde6
project_train,train/bonafide/huawei/chinese-099_03.jpg,data/processed/policy_c/train/bonafide/huawei/chinese-099_03.jpg,chinese-099_03,bonafide,,huawei,0,74,2d9f9ccd82c86f5b7a55cf3ad58c55b0e1866393a07b653149dc05d750fc4c48,c9967115c14a82b828ec757f4e13c2607f9531225f299488e85011a48763a2dc
project_train,train/bonafide/iphone15pro/chinese-099_03.jpg,data/processed/policy_c/train/bonafide/iphone15pro/chinese-099_03.jpg,chinese-099_03,bonafide,,iphone15pro,0,78,1c5e140edb7d9aa32dcb5b029bfb957a4354c43b4de16055e036c1d0d591a3fb,976598dc6799014234bc3799086f32d60ebdfaf33d2e06c102f8822eb09faef9
project_train,train/bonafide/scan/chinese-099_03.jpg,data/processed/policy_c/train/bonafide/scan/chinese-099_03.jpg,chinese-099_03,bonafide,,scan,0,76,6c2b9d9906e3df1e2d313fea979d645b12ca466354ac19cd39f8e02acee86624,eb68905a2adc8bcec40ad842f65589338771100a73902b1d6070856d688d653d
project_train,train/attack/digital_1/huawei/chinese-102_03.jpg,data/processed/policy_c/train/attack/digital_1/huawei/chinese-102_03.jpg,chinese-102_03,attack,digital_1,huawei,1,76,b622b18fec2b02025d45a0abcf0839692310c6cba28acec38539d42217022eee,9a8d98ec0fb3b8dc8954436efe8084970b0b35159b009881bcd1176e3506f5de
project_train,train/attack/digital_1/iphone15pro/chinese-102_03.jpg,data/processed/policy_c/train/attack/digital_1/iphone15pro/chinese-102_03.jpg,chinese-102_03,attack,digital_1,iphone15pro,1,59,c23e56d5d08d439e9ffdd4f89901b1f1fda7682eb68dbf6fd67a28c466201cd0,cfa500f5908f0f5c059f2f5e09970ed20aacf3329b05fb34d54f453a954736a1
project_train,train/attack/digital_1/scan/chinese-102_03.jpg,data/processed/policy_c/train/attack/digital_1/scan/chinese-102_03.jpg,chinese-102_03,attack,digital_1,scan,1,72,134e076e014f11fe33747bfa9afe41b2e267a056b281805578bca688b46944c9,a55e1e6c8b0bbbd7d58ac5cfb935be0d9feb49cc9682968f559b641a42a4f6f4
project_train,train/attack/digital_2/huawei/chinese-102_03.jpg,data/processed/policy_c/train/attack/digital_2/huawei/chinese-102_03.jpg,chinese-102_03,attack,digital_2,huawei,1,76,d48aa5055ef580ee874cdaa80b019ad64289ccd585267d9c532b015e53811309,b53ee2fa3ef290932164dac8b2a0d68ab8d471275f98f7613924912b71e7373c
project_train,train/attack/digital_2/iphone15pro/chinese-102_03.jpg,data/processed/policy_c/train/attack/digital_2/iphone15pro/chinese-102_03.jpg,chinese-102_03,attack,digital_2,iphone15pro,1,59,91dd24853a6a428567214bf47dd6a830dadf949e3a35dc33d0d08604a1e1713b,cf62c0243e82c4fc7a8160b2bd38b47fa9ade79dc266057b087095b8c08603ea
project_train,train/attack/digital_2/scan/chinese-102_03.jpg,data/processed/policy_c/train/attack/digital_2/scan/chinese-102_03.jpg,chinese-102_03,attack,digital_2,scan,1,72,698b39b90d5a17d85c269deedd3292d83e1dd05863cd973a34ed148494367f57,3df4eee526221cb1ad467bc9d656126c71707a868bd7fc03544c67844970d4e9
project_train,train/bonafide/huawei/chinese-102_03.jpg,data/processed/policy_c/train/bonafide/huawei/chinese-102_03.jpg,chinese-102_03,bonafide,,huawei,0,76,97a81578ab527c1142559502b0be65e8bb46cbc2ac7784ab0ea46ac9ed39748e,471b2c1835e66af628ffb9e0e973ecc6e87590ddbf916f9ff0457003da26580f
project_train,train/bonafide/iphone15pro/chinese-102_03.jpg,data/processed/policy_c/train/bonafide/iphone15pro/chinese-102_03.jpg,chinese-102_03,bonafide,,iphone15pro,0,59,6d6b72d0f07bd479ad9af4ba3657098312191eb18cd9b96c41a2fe5190c128fd,dba772952fd15c1c0a858c82b61cdb3fe3d7594afa0af4cd6019a179c09ced7c
project_train,train/bonafide/scan/chinese-102_03.jpg,data/processed/policy_c/train/bonafide/scan/chinese-102_03.jpg,chinese-102_03,bonafide,,scan,0,72,72b60d3dcd012e80cd035d3b55e29c17d31047b14f64cd8da993fa9dc0ae5b55,fb45e1fb80d4ed37db8b53216abbe238047426380ef252be212ac158112df83f
project_train,train/attack/digital_1/huawei/chinese-107_03.jpg,data/processed/policy_c/train/attack/digital_1/huawei/chinese-107_03.jpg,chinese-107_03,attack,digital_1,huawei,1,58,5eca447a042b02d42f363441ced2a6f9c5204a91f8f9e753621b183606c78a49,3a0cc86b986838402b9bc5fa4a0a1e847d53e5fc5d30537a21a2af7bbb5115ba
project_train,train/attack/digital_1/iphone15pro/chinese-107_03.jpg,data/processed/policy_c/train/attack/digital_1/iphone15pro/chinese-107_03.jpg,chinese-107_03,attack,digital_1,iphone15pro,1,68,75c63fd051512847307d3772520a55a7bc0a136b2e746fec153bdde8a0dbc52a,25c5fc6dc0388b0ecba3629fb0e78508c26b267fb8553584a113821e180c37b6
project_train,train/attack/digital_1/scan/chinese-107_03.jpg,data/processed/policy_c/train/attack/digital_1/scan/chinese-107_03.jpg,chinese-107_03,attack,digital_1,scan,1,66,f3ff68a711bc5df5f65469210892739b28d5da9df75d46d191fba4f03d9bf37e,50043285bef4c0bda5116810c84430609a73276c389387052821384c9fb36128
project_train,train/attack/digital_2/huawei/chinese-107_03.jpg,data/processed/policy_c/train/attack/digital_2/huawei/chinese-107_03.jpg,chinese-107_03,attack,digital_2,huawei,1,58,4200a2d62984310a7627611ca7da44c940912dae70fd46892fc968a315283840,399f6411d400987d659fe54c7fdf5a7391aa0500cff019d24676fee11e3845e9
project_train,train/attack/digital_2/iphone15pro/chinese-107_03.jpg,data/processed/policy_c/train/attack/digital_2/iphone15pro/chinese-107_03.jpg,chinese-107_03,attack,digital_2,iphone15pro,1,68,fbc95f12127ec10eb13442ba64b8351dcac8b75a57395ea581d8ddef20711a63,4828adf5c1e86282e9cf6e94639a7dd0ace0f7446dffa216d007e0c2c6a93ece
project_train,train/attack/digital_2/scan/chinese-107_03.jpg,data/processed/policy_c/train/attack/digital_2/scan/chinese-107_03.jpg,chinese-107_03,attack,digital_2,scan,1,66,7964430b5cfa7e2f959028e10a54a608c0a5c231152f62dfdfd02a5204b35990,dfb2d733f37b759f15c261496c27e1de101557098406cf46431dc054f4bfb4c5
project_train,train/bonafide/huawei/chinese-107_03.jpg,data/processed/policy_c/train/bonafide/huawei/chinese-107_03.jpg,chinese-107_03,bonafide,,huawei,0,58,93606de55e2be2614e0053f474844339028f372f3260fb0cdbe34c407dfc70f6,062eee4967a4c1764f8c9653d1d996bc3508cbf1e89a33d53b7de8e96419360f
project_train,train/bonafide/iphone15pro/chinese-107_03.jpg,data/processed/policy_c/train/bonafide/iphone15pro/chinese-107_03.jpg,chinese-107_03,bonafide,,iphone15pro,0,68,c5e94e65ed3f2561fc5171f7c417eaf76f1d70dd77e388134ae93aaee7dd4a4a,fea2b8429d509dcc858ab6e37d8d4b85a32fc5210750732f75af5276071b6012
project_train,train/bonafide/scan/chinese-107_03.jpg,data/processed/policy_c/train/bonafide/scan/chinese-107_03.jpg,chinese-107_03,bonafide,,scan,0,66,4da4bc9419c7259dc9bfb353ee4d0aacd0f0bc165d343009aa6df8008a4c9125,ecb8203ad3aec8a2a3ed828687b8380cc7febad1df34a56d6c7d2d9278d75935
project_train,train/attack/digital_1/huawei/chinese-NF-1014.jpg,data/processed/policy_c/train/attack/digital_1/huawei/chinese-NF-1014.jpg,chinese-NF-1014,attack,digital_1,huawei,1,85,de65cfbf4c1984435b77853f6e5718a0f8bb9fa1fa872dae8dbd476316969971,194878a919dc999c28dd37fc726b155799aa94ebd6699ed0e32cbca0e6c456ce
project_train,train/attack/digital_1/iphone15pro/chinese-NF-1014.jpg,data/processed/policy_c/train/attack/digital_1/iphone15pro/chinese-NF-1014.jpg,chinese-NF-1014,attack,digital_1,iphone15pro,1,79,f2d4bb0ffe4deb88fbb1e507247d2a585df6778298852dd66de86a5b67f99d2f,298231840dc5d0f8c8399aeb39f107f6ba6e3793fa227b43bb3451a66f5f8e2a
project_train,train/attack/digital_1/scan/chinese-NF-1014.jpg,data/processed/policy_c/train/attack/digital_1/scan/chinese-NF-1014.jpg,chinese-NF-1014,attack,digital_1,scan,1,87,553fc1ffa8c54141555477519ccdce3f191c9ace0c1bb8b43c02d175965175a6,a73652028ede87ca80a3110fa838f4e58ebabf0809661762ecc6cecb5993568a
project_train,train/attack/digital_2/huawei/chinese-NF-1014.jpg,data/processed/policy_c/train/attack/digital_2/huawei/chinese-NF-1014.jpg,chinese-NF-1014,attack,digital_2,huawei,1,85,086ce006392655d97e1e8688b4b3bda201848db8cef81cd3d986bb2165f523ca,ae93631902687e867a5edd55f56fb305810521ca08897d712fdc82dfba200210
project_train,train/attack/digital_2/iphone15pro/chinese-NF-1014.jpg,data/processed/policy_c/train/attack/digital_2/iphone15pro/chinese-NF-1014.jpg,chinese-NF-1014,attack,digital_2,iphone15pro,1,79,6be6860437c2283e0023bda6d8b28e1f7f0e48245cafa996590b3d7f7742d6e4,50df826c3f3aa6b93edcf191fa006f37cbb304ebbfbbbd089ce08285d93a4a24
project_train,train/attack/digital_2/scan/chinese-NF-1014.jpg,data/processed/policy_c/train/attack/digital_2/scan/chinese-NF-1014.jpg,chinese-NF-1014,attack,digital_2,scan,1,87,a8cd5c93a2e0566bee8661bdad560a72ae0401ddfefbb8ae14067afed584b06e,e74369a86fe10048218727ace640f59144c59016f903a2fd2d28dd5dbfa85345
project_train,train/bonafide/huawei/chinese-NF-1014.jpg,data/processed/policy_c/train/bonafide/huawei/chinese-NF-1014.jpg,chinese-NF-1014,bonafide,,huawei,0,85,d8a18c73243cff429a81e6a8091f9bdc2a837d35d8ecbd678436a1a7d9d68322,64dbb6199bee023a10fea97802ae467da21d624f3df7455592a81b41bff9fb07
project_train,train/bonafide/iphone15pro/chinese-NF-1014.jpg,data/processed/policy_c/train/bonafide/iphone15pro/chinese-NF-1014.jpg,chinese-NF-1014,bonafide,,iphone15pro,0,79,70b3ac45082f282e17013c31ee10509af1204222b0212f318754038a5e8febfc,7df9f43896b7a17c658118b399a5642b27d68dfacdeb37714f9cbd23114b0f36
project_train,train/bonafide/scan/chinese-NF-1014.jpg,data/processed/policy_c/train/bonafide/scan/chinese-NF-1014.jpg,chinese-NF-1014,bonafide,,scan,0,87,63df90a77ea2843723ea6f032d99483a5a14d500904c8efa130cb4c8a992d256,617c224b40f47aa14f5bf701359430f34ac80fa21f9f419fa1528aff3c737d16
project_train,train/attack/digital_1/huawei/chinese-NF-1023.jpg,data/processed/policy_c/train/attack/digital_1/huawei/chinese-NF-1023.jpg,chinese-NF-1023,attack,digital_1,huawei,1,72,5fbc98021be248bc5ca71bd748b03a441a45dc73fd5ba724cfa12b289020fcfc,7b4266aac49ac4ca308a4293096344cb3f56ea5437a543ccd1696ad15b33b109
project_train,train/attack/digital_1/iphone15pro/chinese-NF-1023.jpg,data/processed/policy_c/train/attack/digital_1/iphone15pro/chinese-NF-1023.jpg,chinese-NF-1023,attack,digital_1,iphone15pro,1,54,67ea2514834d8ce0df68ee561c09f117ee40e74760a0b944a3e49545e7210c53,2f1b7884c3f1719f7ad5af0bd057e48ba7d0207cac50b635110f088b9c468b24
project_train,train/attack/digital_1/scan/chinese-NF-1023.jpg,data/processed/policy_c/train/attack/digital_1/scan/chinese-NF-1023.jpg,chinese-NF-1023,attack,digital_1,scan,1,63,7afdaa3f3d728c2347aaf7826d1be6a1a129a24ed19b3a2843ac81580e8b4adb,44308e131241ad39240bb321ac67a8980674a560077f7e58f44e1cca32153afa
project_train,train/attack/digital_2/huawei/chinese-NF-1023.jpg,data/processed/policy_c/train/attack/digital_2/huawei/chinese-NF-1023.jpg,chinese-NF-1023,attack,digital_2,huawei,1,72,af44a3e7f695b57b25b0d1d1fbc029ea03a7c9b821480d0d1901d7fb19def19f,15ff76425b62281f05cdc787f47f967f9bb2e4a3fff7cc8aeee6f4b25e2aed78
project_train,train/attack/digital_2/iphone15pro/chinese-NF-1023.jpg,data/processed/policy_c/train/attack/digital_2/iphone15pro/chinese-NF-1023.jpg,chinese-NF-1023,attack,digital_2,iphone15pro,1,54,e66457deff1eed121ef3fa8fc8c6ce58133bb07368b92c70f1b79e0c2f52fb6f,42ae98f3dccefd04be09d77263e23076c678d1cd15f8d02088b388d3ca534e4c
project_train,train/attack/digital_2/scan/chinese-NF-1023.jpg,data/processed/policy_c/train/attack/digital_2/scan/chinese-NF-1023.jpg,chinese-NF-1023,attack,digital_2,scan,1,63,cfa4d1781cc8b22b92d1e28d9ae0e6bfaa2580785cd5637921e55a62edaa63fa,bd7c47bc6c66b776129c6404912a3b8bf9c4e920ac1d2407004f8f647cc57b4e
project_train,train/bonafide/huawei/chinese-NF-1023.jpg,data/processed/policy_c/train/bonafide/huawei/chinese-NF-1023.jpg,chinese-NF-1023,bonafide,,huawei,0,72,68340d4d71a441cc7b6835c2bf1f86ba2d5bdbd799f3e5fc3ba4d284a72ad37a,985d872bef097ccc5060bf57eb57bda330d1e41cb70c7a349ffd823654ed197c
project_train,train/bonafide/iphone15pro/chinese-NF-1023.jpg,data/processed/policy_c/train/bonafide/iphone15pro/chinese-NF-1023.jpg,chinese-NF-1023,bonafide,,iphone15pro,0,54,21246a569e5df8422f652b465603696ab43ca3e9ed031bc15761ac574ebcd18e,a598418decfff5e8e12c34baef7304efc9272301dd8f20be269856e81f8f2201
project_train,train/bonafide/scan/chinese-NF-1023.jpg,data/processed/policy_c/train/bonafide/scan/chinese-NF-1023.jpg,chinese-NF-1023,bonafide,,scan,0,63,d7c08a7e6e240dd051720cb7f40a58ca414b45c255ac14a242345db89bfbf8ab,33b9eb4ecedd4715ac450e1cfdc27687575d7844a975a61610844c57c9082f4d
project_train,train/attack/digital_1/huawei/chinese-NF-1042.jpg,data/processed/policy_c/train/attack/digital_1/huawei/chinese-NF-1042.jpg,chinese-NF-1042,attack,digital_1,huawei,1,58,3ed7f7ace9302dcf2c19fb08e1aa5340b7e18389404df28ec3c08c02385df465,27420aaa03b463015dd2788fd04bbd6df96170aa563efe888c1b7bdf14fe4e4e
project_train,train/attack/digital_1/iphone15pro/chinese-NF-1042.jpg,data/processed/policy_c/train/attack/digital_1/iphone15pro/chinese-NF-1042.jpg,chinese-NF-1042,attack,digital_1,iphone15pro,1,59,bdd3104b25d21a2ad6b471a4d57a0645a7e7e19ca0db790e9e502c3be9c7b358,8f77e7cf0bb23aa9b9dc95720cb132241aa1694ff4313d42c8940a496ec8a153
project_train,train/attack/digital_1/scan/chinese-NF-1042.jpg,data/processed/policy_c/train/attack/digital_1/scan/chinese-NF-1042.jpg,chinese-NF-1042,attack,digital_1,scan,1,73,63924a3c24476ddc4a3cb032865921f89067f11d082bd464a7fd5bfa8067f29a,d1647da3b55a4d93e9ee7839252448c48c3fda9d4984e47d42aeab00715ca19e
project_train,train/attack/digital_2/huawei/chinese-NF-1042.jpg,data/processed/policy_c/train/attack/digital_2/huawei/chinese-NF-1042.jpg,chinese-NF-1042,attack,digital_2,huawei,1,58,a1b73c7a5c26ff19ae12da0b6b63efe73fde255cdbb7684e40e556feb2e27762,3add9672c8d9ca6a3d9d713d11b14ac33ab1d5b5ea2403ab9cc1ebee2cd2aaf2
project_train,train/attack/digital_2/iphone15pro/chinese-NF-1042.jpg,data/processed/policy_c/train/attack/digital_2/iphone15pro/chinese-NF-1042.jpg,chinese-NF-1042,attack,digital_2,iphone15pro,1,59,633cd67dded5449899c70969575494b5acad15557dee03dc55dacb20a0c760ec,892b4f162b6c29625bbab16c651a52958b52a986495c4d1e6cc7c03a8b2bf657
project_train,train/attack/digital_2/scan/chinese-NF-1042.jpg,data/processed/policy_c/train/attack/digital_2/scan/chinese-NF-1042.jpg,chinese-NF-1042,attack,digital_2,scan,1,73,8372b4097ffd03e6297e3f0859712a177844dd1e40076cdf6b22c732f1d792ed,0094d71f44d60aa33b3de6928504c202b6ad1ff09d564907ae2ad76c22b97f41
project_train,train/bonafide/huawei/chinese-NF-1042.jpg,data/processed/policy_c/train/bonafide/huawei/chinese-NF-1042.jpg,chinese-NF-1042,bonafide,,huawei,0,58,5197712aa103317bbf593ce6a541c39de31a32fca1b233e74e78ad8c5d325523,7d36f2ba2a0c88fd3eef82e81c3e8d16c4489caebaf6316a47fc7fcb2e172319
project_train,train/bonafide/iphone15pro/chinese-NF-1042.jpg,data/processed/policy_c/train/bonafide/iphone15pro/chinese-NF-1042.jpg,chinese-NF-1042,bonafide,,iphone15pro,0,59,26900079bc33f4cfdb35cf2a8ddb91c58b2d4ff0512b0ecdbe7f72d878d31f26,727d144142dafc7e371c45194b9efc5f76806e676b40f146a23d884f434aee2b
project_train,train/bonafide/scan/chinese-NF-1042.jpg,data/processed/policy_c/train/bonafide/scan/chinese-NF-1042.jpg,chinese-NF-1042,bonafide,,scan,0,73,24e3703ca3807f8efd76b3bb4e76d75ae760a3bc5e2f6c6906b86704f9e925ef,5cb12794e57fdcb6d68e06220ea2dbc73700e3f7af8ed5fdb01f7e6a77ed3a35
project_train,train/attack/digital_1/huawei/chinese-NF-1059.jpg,data/processed/policy_c/train/attack/digital_1/huawei/chinese-NF-1059.jpg,chinese-NF-1059,attack,digital_1,huawei,1,58,4726cca8cbf5a6de0543c4833d4968b3d17498312fa71e86cf2a496d59738f42,8958dab03d77dfc87d89cdfe45f00ffd4d8808cc666cd515707bb103d2b07427
project_train,train/attack/digital_1/iphone15pro/chinese-NF-1059.jpg,data/processed/policy_c/train/attack/digital_1/iphone15pro/chinese-NF-1059.jpg,chinese-NF-1059,attack,digital_1,iphone15pro,1,72,81985ac2c671405206c4f01e23b7f1591034df3d7612fa9b67f7a88a839a667d,2e0137bbb52d78dc995705a9f42038b0f786147b31f4dc34028d4daeacd21291
project_train,train/attack/digital_1/scan/chinese-NF-1059.jpg,data/processed/policy_c/train/attack/digital_1/scan/chinese-NF-1059.jpg,chinese-NF-1059,attack,digital_1,scan,1,79,ef8f7bf5e0432462701a6f7736401bfe32531bab8af408bd25ce8c72925ff38c,360cf5001ee600f19f252d31168895bb0ade3eda6b116a27e5238346cb9ad4a1
project_train,train/attack/digital_2/huawei/chinese-NF-1059.jpg,data/processed/policy_c/train/attack/digital_2/huawei/chinese-NF-1059.jpg,chinese-NF-1059,attack,digital_2,huawei,1,58,e06098a43263dd322cfca085f581e6ee74891ad5cbf617a932063fae6316b33c,040dd5be16ceee1fc7c284c135538f260b400416d7816ee26ce3292808e48383
project_train,train/attack/digital_2/iphone15pro/chinese-NF-1059.jpg,data/processed/policy_c/train/attack/digital_2/iphone15pro/chinese-NF-1059.jpg,chinese-NF-1059,attack,digital_2,iphone15pro,1,72,83144cfeac4b97352141d6ba946534bbf81498c55e057fbae7ed7d9017aaa010,7984c297bf15b4c463de267892083ec2e721a7370ed00ef8fa545234fd0119b0
project_train,train/attack/digital_2/scan/chinese-NF-1059.jpg,data/processed/policy_c/train/attack/digital_2/scan/chinese-NF-1059.jpg,chinese-NF-1059,attack,digital_2,scan,1,79,d1768ebb7b02e16f015c0285ce8cd96ec5ea07c9108c4d55125b1354998ca168,032dea3b2950b28d675b70badfe78b5f02af66e186001efe61eeb64a9b273e9c
project_train,train/bonafide/huawei/chinese-NF-1059.jpg,data/processed/policy_c/train/bonafide/huawei/chinese-NF-1059.jpg,chinese-NF-1059,bonafide,,huawei,0,58,86ac878373a0028b2ac4a642a9f4082dbc7f1918ecc230c75f73ded401d35c0a,f6862077745c12711fe8aa08c36d85a01e9a9d95d2155088282a4746742d8750
project_train,train/bonafide/iphone15pro/chinese-NF-1059.jpg,data/processed/policy_c/train/bonafide/iphone15pro/chinese-NF-1059.jpg,chinese-NF-1059,bonafide,,iphone15pro,0,72,3abd0a8867a8fa565de178537ce1681ad101beef88f74b5c9787fc6bcea603a3,758c849f392cbf5d9db35c7007132689a2c053e3745371168d90b29515b8e1f6
project_train,train/bonafide/scan/chinese-NF-1059.jpg,data/processed/policy_c/train/bonafide/scan/chinese-NF-1059.jpg,chinese-NF-1059,bonafide,,scan,0,79,595f33a21b74134fc1ea63b1b0f1b5558e6579eb4c37ed4318eba580104a4adc,a2df1e25587f51bf224f2fbcf62209a588178124c5d88e3939cbcbb87989de40
project_train,train/attack/digital_1/huawei/chinese-NF-1067.jpg,data/processed/policy_c/train/attack/digital_1/huawei/chinese-NF-1067.jpg,chinese-NF-1067,attack,digital_1,huawei,1,63,a3497cd7a54363fb7f1977fdddbce57d40b91cdd1f56c41a39dbf3ae48c1a74c,4422d784bde3ce2c8a66dd13a9176e417c9bce42cd1f7392d704f765000c8cfd
project_train,train/attack/digital_1/iphone15pro/chinese-NF-1067.jpg,data/processed/policy_c/train/attack/digital_1/iphone15pro/chinese-NF-1067.jpg,chinese-NF-1067,attack,digital_1,iphone15pro,1,56,3e58b265f7d28d08d427ca9dfc2d8b86802ea6ddeb0b2edbde8153daf6ac4c50,2e61309f4a0adb7ee93df5b43c9c221ec4efe1d7a64cf399554db76a08222514
project_train,train/attack/digital_1/scan/chinese-NF-1067.jpg,data/processed/policy_c/train/attack/digital_1/scan/chinese-NF-1067.jpg,chinese-NF-1067,attack,digital_1,scan,1,69,e96924deebc257a75fbbc35a63e37aa09d9716c7c57578991a54bca49d90bf72,a85440b5dc2ce82fe67061de548f8db5718cb92114db76189e9a525e42c10541
project_train,train/attack/digital_2/huawei/chinese-NF-1067.jpg,data/processed/policy_c/train/attack/digital_2/huawei/chinese-NF-1067.jpg,chinese-NF-1067,attack,digital_2,huawei,1,63,c69a4f2d84d27285a0a8922b9f2383c75c4b7e8c350f2d64d42aec5bee85644a,6fe50e3bff2559c6c59c080d8a01165d0b4770435e15a73e1a5249a821f8fc24
project_train,train/attack/digital_2/iphone15pro/chinese-NF-1067.jpg,data/processed/policy_c/train/attack/digital_2/iphone15pro/chinese-NF-1067.jpg,chinese-NF-1067,attack,digital_2,iphone15pro,1,56,11352d7ebcd36b22745733ef5e4179b7c62722a23fd063cf4bdd2539940207c8,ad3d7a96ccae506fce8cb5c03e989d12906e3d63be2e88aab4b38ae663333c4a
project_train,train/attack/digital_2/scan/chinese-NF-1067.jpg,data/processed/policy_c/train/attack/digital_2/scan/chinese-NF-1067.jpg,chinese-NF-1067,attack,digital_2,scan,1,69,65db7a636696a137a5379fb0abe11af340107106781b240783de6aed05dc58e1,b84ee2765c81bf6c7a936b7ceec0f9e5bbe8d5a8a2dc23022252c7d125bab39d
project_train,train/bonafide/huawei/chinese-NF-1067.jpg,data/processed/policy_c/train/bonafide/huawei/chinese-NF-1067.jpg,chinese-NF-1067,bonafide,,huawei,0,63,5970d93f2847b335be53fd1849fc4abdbb537be1a073f2f52416d4ef236a2e7a,1440922ac6abea7ea1b43c50bae6de221cf58ea2affc6d8258d6879a4089c742
project_train,train/bonafide/iphone15pro/chinese-NF-1067.jpg,data/processed/policy_c/train/bonafide/iphone15pro/chinese-NF-1067.jpg,chinese-NF-1067,bonafide,,iphone15pro,0,56,acb4fde58a9be350a5c0f16d0da7cedc98e90f7e1d7b0a3abbbe53452c7d9304,3822e051db0ef143303a6d80f95ca8db1ebb1b0e7b54872ca1055aeda683d175
project_train,train/bonafide/scan/chinese-NF-1067.jpg,data/processed/policy_c/train/bonafide/scan/chinese-NF-1067.jpg,chinese-NF-1067,bonafide,,scan,0,69,a1cb9072b253dbb543db068337089a1ba8cb6d001008c694382c685aafa112d0,84998f97f2f0c69ad193b89c2f269317071196f6321f3c6b059037cf7e02d514
project_train,train/attack/digital_1/huawei/chinese-NF-1072.jpg,data/processed/policy_c/train/attack/digital_1/huawei/chinese-NF-1072.jpg,chinese-NF-1072,attack,digital_1,huawei,1,82,81885aad8c314c711f1c865962e87efbfa16b3bb5159ac8d6e954fb5be358992,3aecd77d98c1deb6093f5fa6bb8e457bdfe2566d86d512b0de8686d41c4ca5a9
project_train,train/attack/digital_1/iphone15pro/chinese-NF-1072.jpg,data/processed/policy_c/train/attack/digital_1/iphone15pro/chinese-NF-1072.jpg,chinese-NF-1072,attack,digital_1,iphone15pro,1,88,236b675e4172b7fde7779d14d053ffc09102efb8109445f3d679d8f18cbd9d42,32d584a77dab06d158ad65b9cb79c02e8ef6fab1e09ee827ae99a94fece34c54
project_train,train/attack/digital_1/scan/chinese-NF-1072.jpg,data/processed/policy_c/train/attack/digital_1/scan/chinese-NF-1072.jpg,chinese-NF-1072,attack,digital_1,scan,1,61,664920cae0f70a44cb6184834c1e672955c0c5c559bf11001d38f01217315bc5,2251fca09c17e47eb38f0ac26a6cb9941706f9f7fdcedb24d019e684bb1d1493
project_train,train/attack/digital_2/huawei/chinese-NF-1072.jpg,data/processed/policy_c/train/attack/digital_2/huawei/chinese-NF-1072.jpg,chinese-NF-1072,attack,digital_2,huawei,1,82,43c6f871b195e6e620c4ba8a0b08fbba0c1ab52895fb7862d98fa0234d8ef138,58c0d6999ecee9fbbe6c518213d03c44ab04af050d6a9d796979c826dbfee656
project_train,train/attack/digital_2/iphone15pro/chinese-NF-1072.jpg,data/processed/policy_c/train/attack/digital_2/iphone15pro/chinese-NF-1072.jpg,chinese-NF-1072,attack,digital_2,iphone15pro,1,88,7807264cc9abad450721c7b699803b586031187a8cfb3b6631300ad5ecd3a0c5,f386a8b812a7cc9273ae8f39758ca61a9e0ca09fae5f2d0e3d72d012fbfcee94
project_train,train/attack/digital_2/scan/chinese-NF-1072.jpg,data/processed/policy_c/train/attack/digital_2/scan/chinese-NF-1072.jpg,chinese-NF-1072,attack,digital_2,scan,1,61,85da6bc092e299cbf6c3d9f78dfcf728485ca3d055dd929fedca222a61fd8dd5,8c29b294ab788fe7d4f632b47e6a6c5b2107df707e0f1b1c0cb3e70ecc59de7f
project_train,train/bonafide/huawei/chinese-NF-1072.jpg,data/processed/policy_c/train/bonafide/huawei/chinese-NF-1072.jpg,chinese-NF-1072,bonafide,,huawei,0,82,a4a548b83fd435d3e4a612ee07350b888fe3ad6999e035fded002c1c7918ca88,74ba93f7c023003ba421da22788ec20abbd555cbca4e965dabe8b4042b18a511
project_train,train/bonafide/iphone15pro/chinese-NF-1072.jpg,data/processed/policy_c/train/bonafide/iphone15pro/chinese-NF-1072.jpg,chinese-NF-1072,bonafide,,iphone15pro,0,88,9fde1f5c7848cf2f557c86b502f7df60fc94fae389ccf3eb5b06cfcf63a9e090,379000517cf361eca4f210432f7194d0de684bc06289d56f9b113f0076ea4a42
project_train,train/bonafide/scan/chinese-NF-1072.jpg,data/processed/policy_c/train/bonafide/scan/chinese-NF-1072.jpg,chinese-NF-1072,bonafide,,scan,0,61,e3a3d9a6cfa2d5ee503bc2be44ad62b6a9aa75a0bcc2eaca28eb8d7cfd8d1b7e,f38de28e46d8eb3070b5265488dcdedc74aa5e8a85c7ddd8b0f843c93ca48c39
project_train,train/attack/digital_1/huawei/chinese-NF-1088.jpg,data/processed/policy_c/train/attack/digital_1/huawei/chinese-NF-1088.jpg,chinese-NF-1088,attack,digital_1,huawei,1,80,9b0a499a6e3deaf0f242a414132617355e2dbbefc5c2959554ed9730a79beafb,df1c79577b472142b25b65f0b6469467f37a4d082b6f667d7a9e8042842a3c44
project_train,train/attack/digital_1/iphone15pro/chinese-NF-1088.jpg,data/processed/policy_c/train/attack/digital_1/iphone15pro/chinese-NF-1088.jpg,chinese-NF-1088,attack,digital_1,iphone15pro,1,68,f4dd53549bd649a7f8ba32c4dcde285050f59dc7510f2fcaa054d9734488d95b,fa16abb9e8262645a509d152dbb9eee8b5a1740d841b4cea7ae95ace70ad3534
project_train,train/attack/digital_1/scan/chinese-NF-1088.jpg,data/processed/policy_c/train/attack/digital_1/scan/chinese-NF-1088.jpg,chinese-NF-1088,attack,digital_1,scan,1,70,a61ca49d692787664ad6484941c31945c53f6d10ea66bf2f2f1bfff40af80368,d9b78d272263344f8f6c46c168d1b72b59312aacdad53f32f7770076b76bec1a
project_train,train/attack/digital_2/huawei/chinese-NF-1088.jpg,data/processed/policy_c/train/attack/digital_2/huawei/chinese-NF-1088.jpg,chinese-NF-1088,attack,digital_2,huawei,1,80,f38769dba2059f3f3b8f49fb2e025eeef67cb67ecd0ebeddfd8ddc12037ad51a,4b3dc4961f2028e9147f51b232357bc7d114ee64f3b66d6edae1ed44547845bb
project_train,train/attack/digital_2/iphone15pro/chinese-NF-1088.jpg,data/processed/policy_c/train/attack/digital_2/iphone15pro/chinese-NF-1088.jpg,chinese-NF-1088,attack,digital_2,iphone15pro,1,68,d6c29789a177e19aa2f5e45427a1df755b2e0dc26d0bad4e1a84698ed9455d7a,69f05a765dcf979774dd3f0d35392e5b27a3c446ade4646a1f8a0d87f6859430
project_train,train/attack/digital_2/scan/chinese-NF-1088.jpg,data/processed/policy_c/train/attack/digital_2/scan/chinese-NF-1088.jpg,chinese-NF-1088,attack,digital_2,scan,1,70,16845d86d8adca31f5b6488d52b0b4f50a1aae07ac99d5c546ab9a9402dac992,ee756b3a6a4a30527bf02839b8ca5b9e558e24c6f0200cde5f45e71ea66130d2
project_train,train/bonafide/huawei/chinese-NF-1088.jpg,data/processed/policy_c/train/bonafide/huawei/chinese-NF-1088.jpg,chinese-NF-1088,bonafide,,huawei,0,80,79ae9b6ec5ad9f145dde3e524e7fd732e536bc2ae0e6ac5db247fd595296961f,015dc9f3507f85935d4bc63a877a9195bc9f2d9a2fe9ad0fa0deebea49609f89
project_train,train/bonafide/iphone15pro/chinese-NF-1088.jpg,data/processed/policy_c/train/bonafide/iphone15pro/chinese-NF-1088.jpg,chinese-NF-1088,bonafide,,iphone15pro,0,68,a43ad79fda9e40b22d0be4d5ce5b3a910c9e8d921e74c7da36557ed49f495754,fa56ee648ecbe36af6fc29b4d3b1be190b9ee84e022843525fd40d1612334d1f
project_train,train/bonafide/scan/chinese-NF-1088.jpg,data/processed/policy_c/train/bonafide/scan/chinese-NF-1088.jpg,chinese-NF-1088,bonafide,,scan,0,70,4140aa9501db5710779e6c281cd768f799cf0a4cfed92c66f6127f4ad5781e84,c0f0dd6cc69d56b20f369a1e65b0920548859688d8bf4f8e3ff7da648abbb913
project_train,train/attack/digital_1/huawei/chinese-NF-1101.jpg,data/processed/policy_c/train/attack/digital_1/huawei/chinese-NF-1101.jpg,chinese-NF-1101,attack,digital_1,huawei,1,61,a70654100795677fa8cfa3acb492a4226d9670e81a9535323b446e3bd89d3a85,adaf660dc49230c6e0abc874b2378d94057f88928857f06b45e050def7b8ec2a
project_train,train/attack/digital_1/iphone15pro/chinese-NF-1101.jpg,data/processed/policy_c/train/attack/digital_1/iphone15pro/chinese-NF-1101.jpg,chinese-NF-1101,attack,digital_1,iphone15pro,1,61,3913d701f3965857b2500ba8fcd8db7f6ae8e905d01d58256b5d8f0a95db6e2d,ceb3ac5f5d5853dd18cabcc130220f2f1f81dc459d6f6ecdcae72b28fc477161
project_train,train/attack/digital_1/scan/chinese-NF-1101.jpg,data/processed/policy_c/train/attack/digital_1/scan/chinese-NF-1101.jpg,chinese-NF-1101,attack,digital_1,scan,1,58,e947310a88500b1ade158e8d4422cee47d96376da6fd3d334d1591d5a35dc4b5,dd359d6c92eeb3d0d70f1b9949e1b54e98676bfb58e7699baa5562966f070fb3
project_train,train/attack/digital_2/huawei/chinese-NF-1101.jpg,data/processed/policy_c/train/attack/digital_2/huawei/chinese-NF-1101.jpg,chinese-NF-1101,attack,digital_2,huawei,1,61,708240926f3cfd4565f755232b1b7a2efe2c6909ef3e23e68f403b5c5f7d00cd,36411c6b1d9312002bf15d4f07b444a54c5ec04b319402ec7c6b940bbb64d1b9
project_train,train/attack/digital_2/iphone15pro/chinese-NF-1101.jpg,data/processed/policy_c/train/attack/digital_2/iphone15pro/chinese-NF-1101.jpg,chinese-NF-1101,attack,digital_2,iphone15pro,1,61,4b5ff718b430059e575d09674d071db5a4e31d9c4297fb594864aeb570256748,c641c5bed6093f27137bae7746a7398a3769ffa55ccf9d87f489c42b7b877422
project_train,train/attack/digital_2/scan/chinese-NF-1101.jpg,data/processed/policy_c/train/attack/digital_2/scan/chinese-NF-1101.jpg,chinese-NF-1101,attack,digital_2,scan,1,58,b89f59e0c5e0baa3bb6f5c95d98a0265b37fa2e7f12a504146f732c22fa885b1,848f6a575ec7a196814481b2b7240aa27ecd5920cbc0b383230676237b1bd9c5
project_train,train/bonafide/huawei/chinese-NF-1101.jpg,data/processed/policy_c/train/bonafide/huawei/chinese-NF-1101.jpg,chinese-NF-1101,bonafide,,huawei,0,61,0a19cd966e3748042a9c2a5ff1107840eea963dcd037c31dfc63546b076a652d,36fb824ad8a30132d5c240809720197e37114c58d6f2e175f59dbf3211ae3334
project_train,train/bonafide/iphone15pro/chinese-NF-1101.jpg,data/processed/policy_c/train/bonafide/iphone15pro/chinese-NF-1101.jpg,chinese-NF-1101,bonafide,,iphone15pro,0,61,6c14368b43531ce31ef8e7f04722073b0f5b9f1cb8acd990b683ae96a1c0ff5c,428c2efe33cf4973b148347e985c289b8f7b7572d86016ceb05a0a4a7a5747d4
project_train,train/bonafide/scan/chinese-NF-1101.jpg,data/processed/policy_c/train/bonafide/scan/chinese-NF-1101.jpg,chinese-NF-1101,bonafide,,scan,0,58,537933cf3d21ee7344acdac5a61cdd3214bd377e3f5e1381e9512842ad369405,5cd2a1586bd2a5a46a2cb3b0308e11cca7deac4c10fc0d2fed817feedbb28f86
project_train,train/attack/digital_1/huawei/french-022_03.jpg,data/processed/policy_c/train/attack/digital_1/huawei/french-022_03.jpg,french-022_03,attack,digital_1,huawei,1,67,bbdaa00b7f9130deb66f39e3b94372a94f6e210d26912e2aba55729181af115d,9f01f2c8db478ffd2c2b8dd177d1b80c71777ee8ed1bf250eab8ba9697bf48a4
project_train,train/attack/digital_1/iphone15pro/french-022_03.jpg,data/processed/policy_c/train/attack/digital_1/iphone15pro/french-022_03.jpg,french-022_03,attack,digital_1,iphone15pro,1,56,cb6acb5d34284b84511072f415a3e47e18b511be762b750ca7e4d46686d315ca,60a266dcf58db4943c840999a2ebb6e399b814816d09b42a0be80ecb1ecac0dd
project_train,train/attack/digital_1/scan/french-022_03.jpg,data/processed/policy_c/train/attack/digital_1/scan/french-022_03.jpg,french-022_03,attack,digital_1,scan,1,51,8d024046dc80152150573540dc56a9c4cbf4e2285ef5212b8d6ece042816e633,5361ae706cf7819f670927d40a40a40684ea60477cbdf15260a411230487cfe3
project_train,train/attack/digital_2/huawei/french-022_03.jpg,data/processed/policy_c/train/attack/digital_2/huawei/french-022_03.jpg,french-022_03,attack,digital_2,huawei,1,67,2bd538b283fd0fd4e683a2c601f453e9152b1ad0bc073ac13bc7a9704300778d,1807307cb4a221fbc0472aba18eabd2a38d4f7dc8460bc82848ca26b4cba211a
project_train,train/attack/digital_2/iphone15pro/french-022_03.jpg,data/processed/policy_c/train/attack/digital_2/iphone15pro/french-022_03.jpg,french-022_03,attack,digital_2,iphone15pro,1,56,207c3d9e485a3b87c46aaa82164f4f7ccf7b41c7c7051e67df74bba14935d425,a400b07f652b6845f869786b4df9591bae842a635d8d2f4548b1c814f7038998
project_train,train/attack/digital_2/scan/french-022_03.jpg,data/processed/policy_c/train/attack/digital_2/scan/french-022_03.jpg,french-022_03,attack,digital_2,scan,1,51,99a67a4179ca83ca9830573b3b9e792df8ffcd87ebea31f734cbb2a6adf4e73e,0087ddb5fc9af69f566b5f4f6fb3e5af87effe9542c456f898b7d863bca133e9
project_train,train/bonafide/huawei/french-022_03.jpg,data/processed/policy_c/train/bonafide/huawei/french-022_03.jpg,french-022_03,bonafide,,huawei,0,67,7ac87cf27893f3dbb509fefd45b47f83f536567c551f65fa5fc575df9752360d,8a4437aea7b711ab9a3053ad913ee11877e84362c776ef2a033c1824efe32399
project_train,train/bonafide/iphone15pro/french-022_03.jpg,data/processed/policy_c/train/bonafide/iphone15pro/french-022_03.jpg,french-022_03,bonafide,,iphone15pro,0,56,6a50c3aa905b06a4f13ce2bb85fdd2cae1c84793e72971e446dfc0957e28c8c0,9212394684f7f82d6d52aae1fcf19971b0b1192f6ecc5df5803cf0e0d7ab5a08
project_train,train/bonafide/scan/french-022_03.jpg,data/processed/policy_c/train/bonafide/scan/french-022_03.jpg,french-022_03,bonafide,,scan,0,51,f0211b4fad45b1bcc2622ececc139c3467fe91f7d2bd96f52dc6ee734896354b,78016f4321ebdbd51a4a359af2cc3f8924cc3c00c451097bf7e669e163ee0e70
project_train,train/attack/digital_1/huawei/french-033_03.jpg,data/processed/policy_c/train/attack/digital_1/huawei/french-033_03.jpg,french-033_03,attack,digital_1,huawei,1,63,6841f58bd426e28c70e738ff904f85e023ecf372ac91dd5cb6486ea512e1d7d0,e1efe57ba384d811883ad5676d0e1143a0f257502342447469b8a34d73554eef
project_train,train/attack/digital_1/iphone15pro/french-033_03.jpg,data/processed/policy_c/train/attack/digital_1/iphone15pro/french-033_03.jpg,french-033_03,attack,digital_1,iphone15pro,1,75,b91d43f74f77c597fe8a19a27982cd3bc90e78b3ffab008436bc0a48da4248c8,c3ef17a4a04440a97b585b00e98dfaaca04201dfe4d58d9ec530d838939b1a0c
project_train,train/attack/digital_1/scan/french-033_03.jpg,data/processed/policy_c/train/attack/digital_1/scan/french-033_03.jpg,french-033_03,attack,digital_1,scan,1,76,16c2c4937917f923ebf5a198f88807f5b6284912f476824b3217bd4ffe4c7e08,2a605aad086e9dc79c1bf5b030a3ebaef2dd07cca940580039a1e10f3be14af4
project_train,train/attack/digital_2/huawei/french-033_03.jpg,data/processed/policy_c/train/attack/digital_2/huawei/french-033_03.jpg,french-033_03,attack,digital_2,huawei,1,63,cbfa106ffeeafdc829ba8a48b1a7da5e584cedd952f2140d164c1c24ab28d003,61d71e3ba05bc88c81aa720c07c6cf7d1d0e756e52f9f8ff1588992d68d3b66a
project_train,train/attack/digital_2/iphone15pro/french-033_03.jpg,data/processed/policy_c/train/attack/digital_2/iphone15pro/french-033_03.jpg,french-033_03,attack,digital_2,iphone15pro,1,75,f00f115adbeefa0163cbb80bc36e434a50f6fd3bc99190fa9dfd23091d2aa008,84d4c180b39a457f55ef697bd71ac9a4b3447530245871a1e547f5783533eddd
project_train,train/attack/digital_2/scan/french-033_03.jpg,data/processed/policy_c/train/attack/digital_2/scan/french-033_03.jpg,french-033_03,attack,digital_2,scan,1,76,93d8236b26bfc3aa3f97c917486e6321279bbd637c9917b29dd2f6554876513e,2dcb87409e11284a4d996592079e8ba5dbb81e492795fc323e17f710b3f2df0d
project_train,train/bonafide/huawei/french-033_03.jpg,data/processed/policy_c/train/bonafide/huawei/french-033_03.jpg,french-033_03,bonafide,,huawei,0,63,1b7c8bcb40dc3a0d3391082df855915221fed0e7e9a0d42cab00b8a0f22a1eec,3550d67c689be3a43c78d49639bd940c815ce0d66c68a8febd59101d61fc68ec
project_train,train/bonafide/iphone15pro/french-033_03.jpg,data/processed/policy_c/train/bonafide/iphone15pro/french-033_03.jpg,french-033_03,bonafide,,iphone15pro,0,75,0eff35b925c9de160ff7c7c22890def943da655116b98750b3f4b77e2236cc89,ed769462c83989d3b05c94c7688b727c083c3b31a82594f4d535bac469f055ea
project_train,train/bonafide/scan/french-033_03.jpg,data/processed/policy_c/train/bonafide/scan/french-033_03.jpg,french-033_03,bonafide,,scan,0,76,154ac0ba110e52b3155f21854068d06aea972b56b1a010bbc7d2a01e44d693a3,473018219f2c8a7bb6dabea57f9e2e5bd4f355479b013586449e31eb7e432a11
project_train,train/attack/digital_1/huawei/french-044_03.jpg,data/processed/policy_c/train/attack/digital_1/huawei/french-044_03.jpg,french-044_03,attack,digital_1,huawei,1,71,9c605f12581fb513fede4a7eb2ae48eb416a5e72e99ae15d3f47ab202f9b475d,5165c894855b418974a7e34776a0c88add2fa04574ff614ee93a9755693b8043
project_train,train/attack/digital_1/iphone15pro/french-044_03.jpg,data/processed/policy_c/train/attack/digital_1/iphone15pro/french-044_03.jpg,french-044_03,attack,digital_1,iphone15pro,1,74,9be8272bca6d65b7b157be585396fdd72d741827df96e2fe46bc89a74d25b86f,0f91a68cb35f49df8a57e3ce4870b543c675459d322c8552545a6f0ad559416c
project_train,train/attack/digital_1/scan/french-044_03.jpg,data/processed/policy_c/train/attack/digital_1/scan/french-044_03.jpg,french-044_03,attack,digital_1,scan,1,64,b7d9c497445499914502c8526caf7a7cccd36e234bfbb71bf2e80158473084ec,8466bbb3a7dabedb0cba2cad5d5bb9c8694b9f5fa37f968c266a9590460f93b5
project_train,train/attack/digital_2/huawei/french-044_03.jpg,data/processed/policy_c/train/attack/digital_2/huawei/french-044_03.jpg,french-044_03,attack,digital_2,huawei,1,71,ce73473b15bc0d7d4313a446cf0636d039fbc06d5a4be1cabcc5ed32a59b8491,461d5cedd6e7abda3d7259bc2f50173161c46132cf5e04d2c99df81956d782a9
project_train,train/attack/digital_2/iphone15pro/french-044_03.jpg,data/processed/policy_c/train/attack/digital_2/iphone15pro/french-044_03.jpg,french-044_03,attack,digital_2,iphone15pro,1,74,957b50bf4a5604282612d0f604ef780c3b131b67b71ce259ce124a286c377b37,564f0acbbb1dc74e9bab2a33fab5d2e858f230bfaedddedba6283ad702a3e024
project_train,train/attack/digital_2/scan/french-044_03.jpg,data/processed/policy_c/train/attack/digital_2/scan/french-044_03.jpg,french-044_03,attack,digital_2,scan,1,64,399c84ec2ba8755e4943722b51a7ff5a9c0c3edc39c185552d7c5060ee844da6,b1002f16789a0c2069b091bd51c8010a7395505de82280e7743198e042cc3042
project_train,train/bonafide/huawei/french-044_03.jpg,data/processed/policy_c/train/bonafide/huawei/french-044_03.jpg,french-044_03,bonafide,,huawei,0,71,801d7be8c7e44fd17f1dffbbbab64f40cf1b368434cecee2aff26e734231a1ac,d9dff2c53196221e72b649a4885d897ed28d85ba764f83b95ab33694f03ca9d5
project_train,train/bonafide/iphone15pro/french-044_03.jpg,data/processed/policy_c/train/bonafide/iphone15pro/french-044_03.jpg,french-044_03,bonafide,,iphone15pro,0,74,43889c30222028ed18bc29389457a3b70d5edbd64825ad1fdbef4f399a1db465,6a9086da579197d5a21654149d7abcef0eadfd42d89b49aabc05b8d5bcc4dc81
project_train,train/bonafide/scan/french-044_03.jpg,data/processed/policy_c/train/bonafide/scan/french-044_03.jpg,french-044_03,bonafide,,scan,0,64,f91138f589afce81e2025e55682cc08294681e4978fcea5ae5ce2bc66a6e1a6b,412e02412b70318465714eafb770be62a95cada32561dd65d3ab1b9119d25f94
project_train,train/attack/digital_1/huawei/french-068_03.jpg,data/processed/policy_c/train/attack/digital_1/huawei/french-068_03.jpg,french-068_03,attack,digital_1,huawei,1,76,d6d55b31e12b98aa5e4230aec47da6ca78b2dde33bdc3f43785aa77a49f3ae97,0eec6d00b03a1e7616a85700b253a73a0e54de9864c17a25f16c35aa29de6e33
project_train,train/attack/digital_1/iphone15pro/french-068_03.jpg,data/processed/policy_c/train/attack/digital_1/iphone15pro/french-068_03.jpg,french-068_03,attack,digital_1,iphone15pro,1,60,7b46abe894bb4c7a7995de7b36c36aa4cc3120a847767d01a1392271a447a46b,ab37f249c0e10feb2a488dad2278bba384fb9f733303f63cc6ea3edd8a9b6a82
project_train,train/attack/digital_1/scan/french-068_03.jpg,data/processed/policy_c/train/attack/digital_1/scan/french-068_03.jpg,french-068_03,attack,digital_1,scan,1,87,ccb51c978ec572d47bb7a7b91436cde11cb15f33fa2d40809b45816205f9ae29,e8312aab8477a1ea87aae9bf50f51e5ec1e7b67c785e5729c44604b330824a1c
project_train,train/attack/digital_2/huawei/french-068_03.jpg,data/processed/policy_c/train/attack/digital_2/huawei/french-068_03.jpg,french-068_03,attack,digital_2,huawei,1,76,f01a7dc238b2460b2734faf22e485127f74390804b48edf028493ff05ba8a88f,aacec690deac115824f416a2605ea55482f028b5e2c05a1122629b88e0c2f83d
project_train,train/attack/digital_2/iphone15pro/french-068_03.jpg,data/processed/policy_c/train/attack/digital_2/iphone15pro/french-068_03.jpg,french-068_03,attack,digital_2,iphone15pro,1,60,8a8b8532b5eca68c0d33bd7474c29baf60100e748734ba456109f57e139deab8,fa4755332c5ffcccdf48a6bfcc3f4307827dbcd0479a5906999becb6d6e60a9e
project_train,train/attack/digital_2/scan/french-068_03.jpg,data/processed/policy_c/train/attack/digital_2/scan/french-068_03.jpg,french-068_03,attack,digital_2,scan,1,87,e0f615c2b8b19ed7baeb3e333e4cc8b2edb3bf552111f975a6d040f2fc7f98d7,04457ee97241ec40192cfaabc971884741bb401725c6f91be09c5df2b6d2b789
project_train,train/bonafide/huawei/french-068_03.jpg,data/processed/policy_c/train/bonafide/huawei/french-068_03.jpg,french-068_03,bonafide,,huawei,0,76,10a8e7215d59483d5e1a596621b2b45223f679d634f968e7633364f9badb17d2,56832321cc1c49dfe66429630538fc2c448d866c5f265eb8867a5a83d32b6034
project_train,train/bonafide/iphone15pro/french-068_03.jpg,data/processed/policy_c/train/bonafide/iphone15pro/french-068_03.jpg,french-068_03,bonafide,,iphone15pro,0,60,44396fb8a1318ac305dba61ceac895c46daea0a647bb1193046c8dc41d47b9dd,8bb3fe00770d4a21ddb02f7846e3a96e7e773f3d1f29873e3b6f644e293fe4fb
project_train,train/bonafide/scan/french-068_03.jpg,data/processed/policy_c/train/bonafide/scan/french-068_03.jpg,french-068_03,bonafide,,scan,0,87,e4a7f68add0ac930e6860ffbd76af27e44d2ce600efee3d8f2a2704eb4f7b91e,8cbc5a9c3b333bb4df5c7c59be2ae65dc96c28593fdfab25d532b15cc95e37b1
project_train,train/attack/digital_1/huawei/french-090_03.jpg,data/processed/policy_c/train/attack/digital_1/huawei/french-090_03.jpg,french-090_03,attack,digital_1,huawei,1,70,eb174f6a2e0f2100e55a73249627144778124ab40534a7b1c06ec60cec8e99cf,409c21cd6d79c9c0c16a67aa9e8259d452b8831a3b71c27b0d8c506e8a430493
project_train,train/attack/digital_1/iphone15pro/french-090_03.jpg,data/processed/policy_c/train/attack/digital_1/iphone15pro/french-090_03.jpg,french-090_03,attack,digital_1,iphone15pro,1,78,4ffb37ad7a4aab2af35ee90dee747df60dbbe350af4c281e7e3fe92fc72d3947,248e8580c3b16e97e0b354d3a6cfddf5e47dc44e6a47928301fbf049763adcc3
project_train,train/attack/digital_1/scan/french-090_03.jpg,data/processed/policy_c/train/attack/digital_1/scan/french-090_03.jpg,french-090_03,attack,digital_1,scan,1,58,dbfc1af75ddd8726ac5ab5367f804142cfcb2691489f98b3b979ddc7f6dbfe11,73afadae331e7074a16abf8d24012a4a1fbeaeea5ac4543b6a3dedbd35ed21ae
project_train,train/attack/digital_2/huawei/french-090_03.jpg,data/processed/policy_c/train/attack/digital_2/huawei/french-090_03.jpg,french-090_03,attack,digital_2,huawei,1,70,e2e989a0bc12f209d87b1fe31998f0f4ee33a157fb301f2a1742f9175e59e49e,725713b38e3e1f57cc2630a50d345bc531cc24c33d7bb2f566bd38fd94f047aa
project_train,train/attack/digital_2/iphone15pro/french-090_03.jpg,data/processed/policy_c/train/attack/digital_2/iphone15pro/french-090_03.jpg,french-090_03,attack,digital_2,iphone15pro,1,78,a029b458c787d86d7997e9af27640ceef42d4e956aba2edccaf905813e562456,cf839ea0dc794a4e5df0475d440c7ce345177dd045739cf226436f92fa5e8982
project_train,train/attack/digital_2/scan/french-090_03.jpg,data/processed/policy_c/train/attack/digital_2/scan/french-090_03.jpg,french-090_03,attack,digital_2,scan,1,58,00296f5ffc59f5149e9ca6e9fa84daa8e5855fe5b7f678488ac981d4be59c855,ca68a4a262f4853ba5f1a2743804602b86eb94631c0afaac9b224a991b5e0817
project_train,train/bonafide/huawei/french-090_03.jpg,data/processed/policy_c/train/bonafide/huawei/french-090_03.jpg,french-090_03,bonafide,,huawei,0,70,c90f9e8a275d98fff87abf86b142413c8526ad9060cb5a847ff8a30511171068,73b2ef4f3f640ebb9ea2f749e1f89257f7d832a1af17321c59591fe36b52b915
project_train,train/bonafide/iphone15pro/french-090_03.jpg,data/processed/policy_c/train/bonafide/iphone15pro/french-090_03.jpg,french-090_03,bonafide,,iphone15pro,0,78,c369ffe7125b5e00bb0f52c3653376556b4955103e95c8f3323a6df02175fd18,e4ab1620f51aef0838369e35034b5c74ceb8d4dbac612bb9c48129d1c72e0948
project_train,train/bonafide/scan/french-090_03.jpg,data/processed/policy_c/train/bonafide/scan/french-090_03.jpg,french-090_03,bonafide,,scan,0,58,b42e435532491b16dbe25c639f2ae145dc7250d3b2a31464664b9758da6e72cb,c348d61979f8bb84438247e2c83bb9cb801437a12351833c00246308655b5a40
project_train,train/attack/digital_1/huawei/french-091_03.jpg,data/processed/policy_c/train/attack/digital_1/huawei/french-091_03.jpg,french-091_03,attack,digital_1,huawei,1,85,2c2ef1c71a864741e2e91a6a165111535b670fe7099c9e4eb1f2c3e4e8468540,9052541e0616f236cfa1920fa533490df61669bb19367146fb862b780fa83346
project_train,train/attack/digital_1/iphone15pro/french-091_03.jpg,data/processed/policy_c/train/attack/digital_1/iphone15pro/french-091_03.jpg,french-091_03,attack,digital_1,iphone15pro,1,51,2866f2af73dd82bb1b409179f92dea1f7a9d664268b243f70606ab6d115dceb0,5ccf1edfc0811339d0f48b14ce99d83018a97b8e8256808a138ac4f576a6e5d4
project_train,train/attack/digital_1/scan/french-091_03.jpg,data/processed/policy_c/train/attack/digital_1/scan/french-091_03.jpg,french-091_03,attack,digital_1,scan,1,79,555123b2e7ecd3b1422f0e9be78217521f869967db184396cea160d396fee505,0e90142d95299fb2e8380e59f05a76cefc842515c5509fcc93c0ced03566915b
project_train,train/attack/digital_2/huawei/french-091_03.jpg,data/processed/policy_c/train/attack/digital_2/huawei/french-091_03.jpg,french-091_03,attack,digital_2,huawei,1,85,e11a3992a8f947d888c32ab03ae1909c0b895ac4a1348b24f0438a6742ac53bf,f65536395bcbcb5841891e750376cf1c974c3d3efc99191aeea5a3552dc6cc64
project_train,train/attack/digital_2/iphone15pro/french-091_03.jpg,data/processed/policy_c/train/attack/digital_2/iphone15pro/french-091_03.jpg,french-091_03,attack,digital_2,iphone15pro,1,51,9cd76c3e50f30297b59028129f9359f23646b20d9c0ca7c728a9eecd02daa317,4b05027d5aa35b6ae5292f3e5f097fda85841c68fe43b9e1a6e017b91b5f1cf2
project_train,train/attack/digital_2/scan/french-091_03.jpg,data/processed/policy_c/train/attack/digital_2/scan/french-091_03.jpg,french-091_03,attack,digital_2,scan,1,79,897f1e5386b34fabee56f96fcc78ab4de77d713b333bf5b9a2f6a1e0ed929906,ca6aeae12e3e8b06b18f63135bc89f7ad23943b1e07b96dda64ea2064abdfb12
project_train,train/bonafide/huawei/french-091_03.jpg,data/processed/policy_c/train/bonafide/huawei/french-091_03.jpg,french-091_03,bonafide,,huawei,0,85,502e022672222d526cdc5436a4e622af6306aaeebb9fba99b44da58905049cf9,b5c6dc339cf9b76b3799f51713774864a122f388593179dc369cc4ce4ad53dae
project_train,train/bonafide/iphone15pro/french-091_03.jpg,data/processed/policy_c/train/bonafide/iphone15pro/french-091_03.jpg,french-091_03,bonafide,,iphone15pro,0,51,485cbf4a54b763e5ea96acedfb6a5ad878d7c33383c67b34c90af9647385dec1,6ab217bebdbf2c9bb6d6d0d26525dfd71d96f9bd1659dfcbe30b200f50d439ba
project_train,train/bonafide/scan/french-091_03.jpg,data/processed/policy_c/train/bonafide/scan/french-091_03.jpg,french-091_03,bonafide,,scan,0,79,e1213298a4b1ce03054d2bbe4502fc236f966131202369b2edd3c36a1773a4a3,1419f9fcbb0f6aa3c5f45d3ddc02655f537d9cb7635231c57d6edfaae8ab207d
project_train,train/attack/digital_1/huawei/french-097_03.jpg,data/processed/policy_c/train/attack/digital_1/huawei/french-097_03.jpg,french-097_03,attack,digital_1,huawei,1,66,30d76f2586ed727faa9d0cf83cc6c30d8cbf7fb0a0739f2fae8993f452ad8947,af3a74bba5ea16a95f51bd8fdc0eb3951a6edf38d22f34aa80c4e19ff3e98e19
project_train,train/attack/digital_1/iphone15pro/french-097_03.jpg,data/processed/policy_c/train/attack/digital_1/iphone15pro/french-097_03.jpg,french-097_03,attack,digital_1,iphone15pro,1,75,c36d06c7650c9759b3fb35102ded14cce6cbbc92fdcb4a564988e71c1c313b44,065e4f182050ea5acd718c0fe2659446a89bb31fa2ce933decc87dba673f8a2c
project_train,train/attack/digital_1/scan/french-097_03.jpg,data/processed/policy_c/train/attack/digital_1/scan/french-097_03.jpg,french-097_03,attack,digital_1,scan,1,66,d75f538545a7551f2284861d2752d2e6593bad036054e0be5a4b6fbaf365722f,65cdf570803a911d54ca0ea02c2f6aa8c3beb4c5529f4d8096888901ae84a4ba
project_train,train/attack/digital_2/huawei/french-097_03.jpg,data/processed/policy_c/train/attack/digital_2/huawei/french-097_03.jpg,french-097_03,attack,digital_2,huawei,1,66,a77c5be7bd72024bc7fd0151fdd8cd76ee3edabe05adb4fd4e657667d425316e,2b9eba7c9383eb4aa5e3a9cc9bc5259bcae090e098def862ab883d4c32d0700a
project_train,train/attack/digital_2/iphone15pro/french-097_03.jpg,data/processed/policy_c/train/attack/digital_2/iphone15pro/french-097_03.jpg,french-097_03,attack,digital_2,iphone15pro,1,75,248300b6c58af2d5aea2f07ec87375e79e3d9fa496396ba4892c1e9085db39ba,afc7b66a356f1b62a33f8a521e0b3cf5e26d2540ae65dcd7f574cd0ad8e06bb5
project_train,train/attack/digital_2/scan/french-097_03.jpg,data/processed/policy_c/train/attack/digital_2/scan/french-097_03.jpg,french-097_03,attack,digital_2,scan,1,66,7814a811d90bf7a743e417a76f9df73af5eb1d27a6c42e7dcc48b4991fbd441d,13980858487401e4d98889e4a223d07f59e257a8f3740f2e8dd6c8089551f2c7
project_train,train/bonafide/huawei/french-097_03.jpg,data/processed/policy_c/train/bonafide/huawei/french-097_03.jpg,french-097_03,bonafide,,huawei,0,66,2ca18c254cae997528beb3b4fc7d28ac37dca782084c2a16178478adc477c8d9,1ce51e5124cf967b8205c811bd224dffd5e962c88fa9ec224565d762c4719378
project_train,train/bonafide/iphone15pro/french-097_03.jpg,data/processed/policy_c/train/bonafide/iphone15pro/french-097_03.jpg,french-097_03,bonafide,,iphone15pro,0,75,d7f0f0b50a1318c018214aff043180e02d4b2e90aaed73e9ba1d3b69b4502520,71dbb4c1989f242d5cb3bf71180751c137f0c9ea956827d16823cf6a8cac8bbe
project_train,train/bonafide/scan/french-097_03.jpg,data/processed/policy_c/train/bonafide/scan/french-097_03.jpg,french-097_03,bonafide,,scan,0,66,e66081bb9f0270c9609242f5dd66ba01c2dae107ce24fdb000bd19639c19a808,bc44fcd568b59d1830b8ad8a2280b7b27a34d195ef871b5bea94cf17d8ca7ec1
project_train,train/attack/digital_1/huawei/french-100_03.jpg,data/processed/policy_c/train/attack/digital_1/huawei/french-100_03.jpg,french-100_03,attack,digital_1,huawei,1,64,a11acaeaf8d1f8ecb2b380bf929be5bc53ae8546899b88eb15a54405d3fda43d,c1071c8b7ce1533d95b784281a95d0f8ae2dc613a42b1e265be4de7c1f2dd970
project_train,train/attack/digital_1/iphone15pro/french-100_03.jpg,data/processed/policy_c/train/attack/digital_1/iphone15pro/french-100_03.jpg,french-100_03,attack,digital_1,iphone15pro,1,71,751a4633ce65d5aa1e57e477f504c952c9a78867af4a399ec0830097d02a5adf,db6ba8b63a0a12117b970ccf03d82733e3a7fc86a76cd2c62cbd0bd1cd97b65f
project_train,train/attack/digital_1/scan/french-100_03.jpg,data/processed/policy_c/train/attack/digital_1/scan/french-100_03.jpg,french-100_03,attack,digital_1,scan,1,60,337d2be177e6aa59acbb76a102b529d7d27259401e730a942a8330458f5014f8,e2637382bff3d86349ccf7d331e1e98ba1cd6f3e11c1a865325fcac941609369
project_train,train/attack/digital_2/huawei/french-100_03.jpg,data/processed/policy_c/train/attack/digital_2/huawei/french-100_03.jpg,french-100_03,attack,digital_2,huawei,1,64,6030ce7b501bf84e509fc11089a258714fee7c26e5ec3a1f5f318ef45d4423ff,238c9495442b7356775ee9403243a28248cb493a3111b06d772854cc67e297e7
project_train,train/attack/digital_2/iphone15pro/french-100_03.jpg,data/processed/policy_c/train/attack/digital_2/iphone15pro/french-100_03.jpg,french-100_03,attack,digital_2,iphone15pro,1,71,698ae1fb2942692834b0d84d07b0a02e90da12a2754521ca452ef21a56789e76,fde00c5cf5c156662ceac60796fd145673d433cf8a6271152a76ad872d8d1b3e
project_train,train/attack/digital_2/scan/french-100_03.jpg,data/processed/policy_c/train/attack/digital_2/scan/french-100_03.jpg,french-100_03,attack,digital_2,scan,1,60,cb0dc05c5ccb45168e9c420626e7e921e4f33efa6bdd2a25da341cd30934fa49,ee4dd1cf74f392434aa4b708c119f538e176f8e192bae6cd6d2c8fbb896cefc7
project_train,train/bonafide/huawei/french-100_03.jpg,data/processed/policy_c/train/bonafide/huawei/french-100_03.jpg,french-100_03,bonafide,,huawei,0,64,f0a8242e669e16949512abbb3e3c8f652acd85e4c4c00a753e37510bdc877c72,1697cbc946f42ae0d0e7c46025cff316bcad49762caa8444fde1a8690a039e49
project_train,train/bonafide/iphone15pro/french-100_03.jpg,data/processed/policy_c/train/bonafide/iphone15pro/french-100_03.jpg,french-100_03,bonafide,,iphone15pro,0,71,8e4b0431c38ad173aeb72d381503233155f5dbef6b60f95e7a9c1d68d45e5a78,6564387fec7a29224888b62616142534c3cb6a62cc4e555e597293dcb3234d91
project_train,train/bonafide/scan/french-100_03.jpg,data/processed/policy_c/train/bonafide/scan/french-100_03.jpg,french-100_03,bonafide,,scan,0,60,830d42cf1f5488bd811e234690b975f0524429d1ec1c7c5fd861c72138569349,8ca0f7db7b85d46eb122a0b373596dc3b5d6aae7344bd1814dfb493f58f49605
project_train,train/attack/digital_1/huawei/french-118_03.jpg,data/processed/policy_c/train/attack/digital_1/huawei/french-118_03.jpg,french-118_03,attack,digital_1,huawei,1,76,dff046d17e7c9f2fb0ef323819016ee2f9a3e300e3c0b5c111046b5e500a8871,aafb154b9b386da9027a98a6dc8ba1e28d0cd9a669f4536013ceb4e10b3c6220
project_train,train/attack/digital_1/iphone15pro/french-118_03.jpg,data/processed/policy_c/train/attack/digital_1/iphone15pro/french-118_03.jpg,french-118_03,attack,digital_1,iphone15pro,1,86,4f44ed532ccbfef5f1c434f9bb2dc7dfaefc80ea2778d25386316e6b86002dfb,96c53e1ce70943aeac41515178408605431f8f37a52a9396391efeb8b02a5de9
project_train,train/attack/digital_1/scan/french-118_03.jpg,data/processed/policy_c/train/attack/digital_1/scan/french-118_03.jpg,french-118_03,attack,digital_1,scan,1,87,ae505b528e658c4a4331cc1896a954c7be88869d89518d0d7b47e6421968a33f,f146e96b0fdc71c7744668403663ece8ad533e5c56159ab876abd50256500821
project_train,train/attack/digital_2/huawei/french-118_03.jpg,data/processed/policy_c/train/attack/digital_2/huawei/french-118_03.jpg,french-118_03,attack,digital_2,huawei,1,76,ac81287169773689f2d0f1c47816767f9f4b2804fac64f80b7a0ba43cd62bdd8,01779fedd4c34660f70876a00d9b28d1778be16dc013a58f2452de48d6539300
project_train,train/attack/digital_2/iphone15pro/french-118_03.jpg,data/processed/policy_c/train/attack/digital_2/iphone15pro/french-118_03.jpg,french-118_03,attack,digital_2,iphone15pro,1,86,7feffab1d5c3cefd8517e544af1008f7dd4e98c8a1ac5e346be81e91d7895aa9,138ed938c3415f874a9131b37c3b15cb49001aa79ab3f6e0ae7ee4723f730782
project_train,train/attack/digital_2/scan/french-118_03.jpg,data/processed/policy_c/train/attack/digital_2/scan/french-118_03.jpg,french-118_03,attack,digital_2,scan,1,87,e1c2b08dd1f81285b6610e4e0cfd933a59c1b04ca77998f639ad71f151f37591,7134d6527f7682a2fcdec20a56f26a5e226de348ebe9060522111a094ce5f1c2
project_train,train/bonafide/huawei/french-118_03.jpg,data/processed/policy_c/train/bonafide/huawei/french-118_03.jpg,french-118_03,bonafide,,huawei,0,76,1c8a6aef70eacbba3daed493a468a7fc5cf25e5c85c7445af123e47b63131b1d,bc5cfd0903822b0ade70f530c012a48496fbff91286ec2f71d1c05abcb48ffd8
project_train,train/bonafide/iphone15pro/french-118_03.jpg,data/processed/policy_c/train/bonafide/iphone15pro/french-118_03.jpg,french-118_03,bonafide,,iphone15pro,0,86,1eadad96eb44f02b16cb11ccf0fe26624e6edb5dbb1a21c63fa8b9806898af3b,b23f3c6a39e7f2cee3f716f3695d01976315b3ab7abd9104404f4cecdbbd71ad
project_train,train/bonafide/scan/french-118_03.jpg,data/processed/policy_c/train/bonafide/scan/french-118_03.jpg,french-118_03,bonafide,,scan,0,87,83fda07cfc9ecea0ec1af9a966beeb9e6570373f0b5410714b26f12e9133e9b6,49b32bd48b02e3c46fc0df6440b3e9dcfc363f2f217d5b277c0cc2731ab3fb94
project_train,train/attack/digital_1/huawei/french-135_03.jpg,data/processed/policy_c/train/attack/digital_1/huawei/french-135_03.jpg,french-135_03,attack,digital_1,huawei,1,87,e22960f43ad7d4a2d449384bdd5e6c3af9bb5fc428eec7329ce2c2f7eef128c9,3dec44380917e0d94d5b95244b5fc379a926b428e1dd3c89a233df8e329977da
project_train,train/attack/digital_1/iphone15pro/french-135_03.jpg,data/processed/policy_c/train/attack/digital_1/iphone15pro/french-135_03.jpg,french-135_03,attack,digital_1,iphone15pro,1,86,305c7ce8eca73791085a32ed563cd931f60397fc7e2f1177b4cb25f6aad5304a,b2adfbb1e35990ad9841233694fc49f3b7238430566cc3ce940dce8a7c201a8e
project_train,train/attack/digital_1/scan/french-135_03.jpg,data/processed/policy_c/train/attack/digital_1/scan/french-135_03.jpg,french-135_03,attack,digital_1,scan,1,56,6ce4139f4c9673c911c27c807c991a5af044083441e5b63664863f186aa8ceed,9712d9fdfbfe00f8d46d84509ba8405676f25bc0718dc104e4c209e685b9945b
project_train,train/attack/digital_2/huawei/french-135_03.jpg,data/processed/policy_c/train/attack/digital_2/huawei/french-135_03.jpg,french-135_03,attack,digital_2,huawei,1,87,7f6942242c1dd1560288ad99af0819dbbc57c08b4e0edd4f4fc03a32efdd60d1,3a8d88e556b257fb3b2c4251f5ad9ff301f133b92edb38b68948507db5fa28e0
project_train,train/attack/digital_2/iphone15pro/french-135_03.jpg,data/processed/policy_c/train/attack/digital_2/iphone15pro/french-135_03.jpg,french-135_03,attack,digital_2,iphone15pro,1,86,ad43a69357701ef8ab1937cba134c4a60668a283394765259a4d5e579956e6d6,f5d7c7d08a1c4e4e76077672d3dbafc86290d777be1c371ce9bede5c5169bdcd
project_train,train/attack/digital_2/scan/french-135_03.jpg,data/processed/policy_c/train/attack/digital_2/scan/french-135_03.jpg,french-135_03,attack,digital_2,scan,1,56,19781cae77bc6f7943cabab52eceda1763f0fcec4a92f05fbe90265eff1d1af7,ea0ed83adaabb9db685d2efcb136abe5f44b4c3282bdda9e41280df7e4a1b620
project_train,train/bonafide/huawei/french-135_03.jpg,data/processed/policy_c/train/bonafide/huawei/french-135_03.jpg,french-135_03,bonafide,,huawei,0,87,c028254379fcba7baa66e79d9d9132a4bc54ea4090c0049c4e720efab2a9ec97,6bf01e4f8e9aa129effe8ff3c09531a6ea73a69d78f05983ff040a38dda843ab
project_train,train/bonafide/iphone15pro/french-135_03.jpg,data/processed/policy_c/train/bonafide/iphone15pro/french-135_03.jpg,french-135_03,bonafide,,iphone15pro,0,86,0baf9527fdef5413d699b0c462d9658aca65d8fb4e64a8cb42a2c8bf234eae2c,272538bc2253867c6d8c1c424bb47636ec3c8abc0e14c4e72ddf1acd813c8537
project_train,train/bonafide/scan/french-135_03.jpg,data/processed/policy_c/train/bonafide/scan/french-135_03.jpg,french-135_03,bonafide,,scan,0,56,6adfa2b7a24432ec22e41a22986e7ef2fdbc73d0f58d5fb88f578a063eeacfa7,ebe1e26b613963b206abc008fcd98b53bc65d1085fe94d4eced4d0fe47a1f008
project_train,train/attack/digital_1/huawei/french-NF-1020.jpg,data/processed/policy_c/train/attack/digital_1/huawei/french-NF-1020.jpg,french-NF-1020,attack,digital_1,huawei,1,61,81c9ce0093a37fb3d7260f7dd5f3ccf29f8b7494dd36d1da1a864e29d4c27c37,a365bf8ff40c4a052c301acbad466814f61955f2afeb77be3922653815d86da3
project_train,train/attack/digital_1/iphone15pro/french-NF-1020.jpg,data/processed/policy_c/train/attack/digital_1/iphone15pro/french-NF-1020.jpg,french-NF-1020,attack,digital_1,iphone15pro,1,76,c0d250073b4d393ac4ebf0866ca1a024250974ccdbf09bf1f2a48a021043d18a,eda8ef9c24c13c117d6d6749dfb70cae9d73949b86e9e2e302d63269ddd94c22
project_train,train/attack/digital_1/scan/french-NF-1020.jpg,data/processed/policy_c/train/attack/digital_1/scan/french-NF-1020.jpg,french-NF-1020,attack,digital_1,scan,1,55,19f78c225e33003ae2e43406a8c72921525012ca0b96d86cf4472fd28e4411cc,8590029a95abfaf2ce3e572ca170ed3fad02739a10cedabd31035054e1c9b093
project_train,train/attack/digital_2/huawei/french-NF-1020.jpg,data/processed/policy_c/train/attack/digital_2/huawei/french-NF-1020.jpg,french-NF-1020,attack,digital_2,huawei,1,61,065e1a4541be1cd1dda210fe6bd858314349935fe2605c702ac09d4a63b0daba,a707c1b326d061c15f3a5b5206e927526db1629a413364f712b5ab164ff65179
project_train,train/attack/digital_2/iphone15pro/french-NF-1020.jpg,data/processed/policy_c/train/attack/digital_2/iphone15pro/french-NF-1020.jpg,french-NF-1020,attack,digital_2,iphone15pro,1,76,def352592514eb3c4cd8ef493dcc47b8005ea934ef8b0bb41786505b7164a4a2,8fd71f7a09e0690f4ee6f3f1dadce55686cece665df7935858f99637802fd417
project_train,train/attack/digital_2/scan/french-NF-1020.jpg,data/processed/policy_c/train/attack/digital_2/scan/french-NF-1020.jpg,french-NF-1020,attack,digital_2,scan,1,55,4671583b907daa212b1e89abd89027a8274ddbb9310b1acc63b57b1d52c290c3,7f602126dca578e6f53340258fbebaedbca3da24e849542e7366baa4829daa18
project_train,train/bonafide/huawei/french-NF-1020.jpg,data/processed/policy_c/train/bonafide/huawei/french-NF-1020.jpg,french-NF-1020,bonafide,,huawei,0,61,49b0e62262cb1c06bbe9dd3f45b8181e398677fd6a832ca947153d68df54217c,e5b63299ffa5d8db740b7f133b5cc42b2ecb1b5432fc368d2566ed19a4028065
project_train,train/bonafide/iphone15pro/french-NF-1020.jpg,data/processed/policy_c/train/bonafide/iphone15pro/french-NF-1020.jpg,french-NF-1020,bonafide,,iphone15pro,0,76,616f0ecfcec818097ce0517160419ac12212fa3152bf035b005786ff709b4446,12ca208d52c7dcb6854386c0c2aaafad8916509c47fd8d48e6a9bde977b71bf9
project_train,train/bonafide/scan/french-NF-1020.jpg,data/processed/policy_c/train/bonafide/scan/french-NF-1020.jpg,french-NF-1020,bonafide,,scan,0,55,158a9f5838797463921fe3a087c9887a657e8c42bec7b1ae9273ad83420750c2,80289ed655bf4211264d995883de4888a281258fa3746c3055de6c7812173256
project_train,train/attack/digital_1/huawei/french-NF-1056.jpg,data/processed/policy_c/train/attack/digital_1/huawei/french-NF-1056.jpg,french-NF-1056,attack,digital_1,huawei,1,75,2459f8ae6cb465076f5cadca9a77534215f08deef9f4aab244bc1f164ef33a03,9787a219832c466ec8e28a42ff613495f574055b9d31ab0a2122cd381535af79
project_train,train/attack/digital_1/iphone15pro/french-NF-1056.jpg,data/processed/policy_c/train/attack/digital_1/iphone15pro/french-NF-1056.jpg,french-NF-1056,attack,digital_1,iphone15pro,1,53,d4d4527027d325667f30becc02a06bf9f5eaf05865615655e4647b875566b987,6e51d1448016d086ca9c5b98e2a51177e4a0c380bcc72979fd230c7b3f0e2011
project_train,train/attack/digital_1/scan/french-NF-1056.jpg,data/processed/policy_c/train/attack/digital_1/scan/french-NF-1056.jpg,french-NF-1056,attack,digital_1,scan,1,55,81ba7a632ceee26ba92507e1fd549218c847d2d3b1a0b0d39d0d648a6ae5e804,02f916e2477454629690ffef984b576a4f40fae848d963e78e4abaab178d2f37
project_train,train/attack/digital_2/huawei/french-NF-1056.jpg,data/processed/policy_c/train/attack/digital_2/huawei/french-NF-1056.jpg,french-NF-1056,attack,digital_2,huawei,1,75,770a2e4021facf5dfce77b990e6c896c5d3eee75633d6f96a58efc5bc3cc0b24,9e1358ceee578606999bcc5a57f552d0561b15dc5d2d0235463567bf3390d473
project_train,train/attack/digital_2/iphone15pro/french-NF-1056.jpg,data/processed/policy_c/train/attack/digital_2/iphone15pro/french-NF-1056.jpg,french-NF-1056,attack,digital_2,iphone15pro,1,53,e14be90890b394c5b5d3e3b35df7f1c0832fe06e42a7705553b4faad6509a0d4,430546ee7fe643f00597e91027040cb6cb9125d60f740fa7c5041914966e520d
project_train,train/attack/digital_2/scan/french-NF-1056.jpg,data/processed/policy_c/train/attack/digital_2/scan/french-NF-1056.jpg,french-NF-1056,attack,digital_2,scan,1,55,0b52c8f0b3ea967eb61a98fa5d75303bff8af9823a6f099f9c178e2bd64ad3c0,b35291adf7d195d29a453d4e9d549152b26e033a68024b299d8e2865992519bd
project_train,train/bonafide/huawei/french-NF-1056.jpg,data/processed/policy_c/train/bonafide/huawei/french-NF-1056.jpg,french-NF-1056,bonafide,,huawei,0,75,b2114468c16e1d963bbbcd3de1b86c65ff09cee43818ce356b70f680492ea826,8538928157859b3380e65dc0651c54c3b6fdad8330172be248b8b25d40238224
project_train,train/bonafide/iphone15pro/french-NF-1056.jpg,data/processed/policy_c/train/bonafide/iphone15pro/french-NF-1056.jpg,french-NF-1056,bonafide,,iphone15pro,0,53,2fc1566acd7c4f1f748d6744fe16777cf04cd58625b5ee667b2c1bb582ebbc20,1a20c8616842a8b0d7011fcbb4039d52fb814b0bea9f7e23f8a45b1334cb8636
project_train,train/bonafide/scan/french-NF-1056.jpg,data/processed/policy_c/train/bonafide/scan/french-NF-1056.jpg,french-NF-1056,bonafide,,scan,0,55,5de4234aad30a168238aa5bd0f282c908559df9d359ee01e898883ba2e482fcd,e7ef2ffa9f23cdefccc790dac050c44b1eaed2128bf38844a4440e44a7379acc
project_train,train/attack/digital_1/huawei/french-NF-1063.jpg,data/processed/policy_c/train/attack/digital_1/huawei/french-NF-1063.jpg,french-NF-1063,attack,digital_1,huawei,1,73,470508d77b3fde0ec707990ecedd723e18eb1ac4cfa68005415ddb98d51a755b,4a1361071d997803aa9c93100bd4fbe25cae735cbeb9ea0c8e41f6e65a681202
project_train,train/attack/digital_1/iphone15pro/french-NF-1063.jpg,data/processed/policy_c/train/attack/digital_1/iphone15pro/french-NF-1063.jpg,french-NF-1063,attack,digital_1,iphone15pro,1,81,096a0fc708f43ad6f27cacf1b664d06a8ce676b9d52c26dbec275fd8233110ef,fa68b2120b6570355e3230cb8fc6e95e5dea942e0ac1dc7d7d1a0bb178030cc4
project_train,train/attack/digital_1/scan/french-NF-1063.jpg,data/processed/policy_c/train/attack/digital_1/scan/french-NF-1063.jpg,french-NF-1063,attack,digital_1,scan,1,87,76e819f7131d3ec5e4a3f595eada782e91f39ddebb7d95ef3a4868995ab0761c,27542e38dfe12dda3b6a4064f64b07dbd0ecbdbc93c8812907bc9ae9b8e5fa19
project_train,train/attack/digital_2/huawei/french-NF-1063.jpg,data/processed/policy_c/train/attack/digital_2/huawei/french-NF-1063.jpg,french-NF-1063,attack,digital_2,huawei,1,73,be3f601847d0ae9390c878603cfcd74003fecb85db4c73f6f0cc7a656d2125b7,c90574ceaef95cb58c963bebfd129dee1d21d6138ea70242ddc8ec722f669877
project_train,train/attack/digital_2/iphone15pro/french-NF-1063.jpg,data/processed/policy_c/train/attack/digital_2/iphone15pro/french-NF-1063.jpg,french-NF-1063,attack,digital_2,iphone15pro,1,81,305d0d93b89cb5693947534b09b28275c31e0e2f8fa92edc40777a26ab619073,b812352f821aa28de6ffd3e05c53f97dd1fda71baf1200be60bbb1e8fbed8933
project_train,train/attack/digital_2/scan/french-NF-1063.jpg,data/processed/policy_c/train/attack/digital_2/scan/french-NF-1063.jpg,french-NF-1063,attack,digital_2,scan,1,87,406a838843945212019381a658e56c7682c6a4791b2ed5887349da20aba441f1,a5b2e2b90246b776e012c726a4b13c49e36ab3ca43577f4bd35430e9a45a4c53
project_train,train/bonafide/huawei/french-NF-1063.jpg,data/processed/policy_c/train/bonafide/huawei/french-NF-1063.jpg,french-NF-1063,bonafide,,huawei,0,73,05e5c1f6c55cd02131c58e84ab019e7cb8890c3c0214335c4b872b5e3b9a37ea,1d60267112f4d1bf0b28c7de9d190b89f8a181a390d8f82abdc904c76749346f
project_train,train/bonafide/iphone15pro/french-NF-1063.jpg,data/processed/policy_c/train/bonafide/iphone15pro/french-NF-1063.jpg,french-NF-1063,bonafide,,iphone15pro,0,81,4bfb9f5e87c5bcd75c8c937076e6a467fd7e7a3b1fc7e472b68fac7bfde51dc9,bd1f17400f8a02d36a7bc22e261b1dd760722e349ea8fbe8076cc507ac3064d6
project_train,train/bonafide/scan/french-NF-1063.jpg,data/processed/policy_c/train/bonafide/scan/french-NF-1063.jpg,french-NF-1063,bonafide,,scan,0,87,971f783d712f92f40802d2be31eef472e52e5b816a7a4b5e397f1e43943e5153,f4a2eb1646cb46ebc7c720a01b3a85ade006a5c811385f9a575b1d7b93571913
project_train,train/attack/digital_1/huawei/french-NF-1095.jpg,data/processed/policy_c/train/attack/digital_1/huawei/french-NF-1095.jpg,french-NF-1095,attack,digital_1,huawei,1,56,64cdd32211d3a6476c5d8c1a506d9a27a1e54e5434d542eb0bd130a8081a2ffe,af0aa01b0e004f667943f66f05bc97a168e66ba23f5a326f8345ead161af5fdc
project_train,train/attack/digital_1/iphone15pro/french-NF-1095.jpg,data/processed/policy_c/train/attack/digital_1/iphone15pro/french-NF-1095.jpg,french-NF-1095,attack,digital_1,iphone15pro,1,64,34ecc7c2d309f8a1494fee5668a1ff2e2ef64f794766c1dd316f36d0ab2b682e,0e96a5c5a69d2dc0c101fadb85c740a7fa155640dfc9d87d0789b12a06372176
project_train,train/attack/digital_1/scan/french-NF-1095.jpg,data/processed/policy_c/train/attack/digital_1/scan/french-NF-1095.jpg,french-NF-1095,attack,digital_1,scan,1,71,b21800c41ef36961b4126bafa8e889c6a6bf79635b12ab623f438ee2ccfcdde3,d53951d68b0b193edbdbb957f80fd042d54f92a3962bc5068a38dc8c51ebb8ef
project_train,train/attack/digital_2/huawei/french-NF-1095.jpg,data/processed/policy_c/train/attack/digital_2/huawei/french-NF-1095.jpg,french-NF-1095,attack,digital_2,huawei,1,56,b84a541146b1b1cf323cd506c35735f3c40501da842c5dc086714d7a7a627e92,c25768d7821d81e2e45395a31cca1899089923f36ef6156e5c4b59fa8991b4c5
project_train,train/attack/digital_2/iphone15pro/french-NF-1095.jpg,data/processed/policy_c/train/attack/digital_2/iphone15pro/french-NF-1095.jpg,french-NF-1095,attack,digital_2,iphone15pro,1,64,3ef7794e9d292da5ea9da00b674bfefc90aa8699a6dcb8d4f17a95daf2482bab,a676010890561c78e6d250a6fcc6eeeafc2f7b1516c5c1c61b46b71085365942
project_train,train/attack/digital_2/scan/french-NF-1095.jpg,data/processed/policy_c/train/attack/digital_2/scan/french-NF-1095.jpg,french-NF-1095,attack,digital_2,scan,1,71,e99016e5d89650270dd7e1e11dc91b59ecafa36e513489d7aaa744d43ae89ab5,d7e615d970cfa4b625672b7f1db9f6a751ce33a186f49af69f08a66fe503b8e3
project_train,train/bonafide/huawei/french-NF-1095.jpg,data/processed/policy_c/train/bonafide/huawei/french-NF-1095.jpg,french-NF-1095,bonafide,,huawei,0,56,98e471a347929801491b716f0088299e50c94c07eec27d512838ee33b3c7f3b2,964014d1e0bc1d1f36b74e5691663ba5e85eb89c9443067b211643ff7a7cedeb
project_train,train/bonafide/iphone15pro/french-NF-1095.jpg,data/processed/policy_c/train/bonafide/iphone15pro/french-NF-1095.jpg,french-NF-1095,bonafide,,iphone15pro,0,64,d8c3521aeeb26b03bc33a89daa21b0a87804528c0e68f1b0cc38e9e2286b4fcc,56227e66abe0d11c952d8a99d256d1638732aea88969b8d8b7e132019908905d
project_train,train/bonafide/scan/french-NF-1095.jpg,data/processed/policy_c/train/bonafide/scan/french-NF-1095.jpg,french-NF-1095,bonafide,,scan,0,71,876e3d8315c327403223e4ac7eaba4514697c0e078698b6ee0a54c61eb9af647,62e7eb249ef9d10329995c53fba1cd4992ff20432d4b04b4a25ed354f123d7ca
project_train,train/attack/digital_1/huawei/french-NF-1110.jpg,data/processed/policy_c/train/attack/digital_1/huawei/french-NF-1110.jpg,french-NF-1110,attack,digital_1,huawei,1,55,e806eba28147e95d1da00355a896d395e861f238ef8ac19673b34cdcfd9a3ee9,2a43daa21b889c7793251fe8bd5e9971311bdcfa176f1c6bf00065a9192cd1ed
project_train,train/attack/digital_1/iphone15pro/french-NF-1110.jpg,data/processed/policy_c/train/attack/digital_1/iphone15pro/french-NF-1110.jpg,french-NF-1110,attack,digital_1,iphone15pro,1,63,bccb312bfd81fb8ece8931d8f78b38d3f173e017a83fbcca4d6053239bc4adf3,ccf0137a822f6ee9fc747b87ff9682ecc3429b0f419007427c1184be85af58d4
project_train,train/attack/digital_1/scan/french-NF-1110.jpg,data/processed/policy_c/train/attack/digital_1/scan/french-NF-1110.jpg,french-NF-1110,attack,digital_1,scan,1,59,35133079489e3c99394d3929913005bde343934e8947880c913224ceac5d82c4,416201703ed2da901a6aab62fa4243418066833ab24cc496319ea6e468883f11
project_train,train/attack/digital_2/huawei/french-NF-1110.jpg,data/processed/policy_c/train/attack/digital_2/huawei/french-NF-1110.jpg,french-NF-1110,attack,digital_2,huawei,1,55,c20dea4265521283f13cf41f5e000dbc5ce06e91dbc3b1ee69fc1a01e467ced7,621c6febcccd9b7fe54d4412dbbd77b0f167d7a8c8fe0558ab7434d73343690c
project_train,train/attack/digital_2/iphone15pro/french-NF-1110.jpg,data/processed/policy_c/train/attack/digital_2/iphone15pro/french-NF-1110.jpg,french-NF-1110,attack,digital_2,iphone15pro,1,63,05c006dae0fb76be5ba0f36684d259512995a6ba8df1689032c4e6955c713032,6d7ad014ac5027c69160db44de171b7dec61d4b6e23d7d019edeb2acc593866e
project_train,train/attack/digital_2/scan/french-NF-1110.jpg,data/processed/policy_c/train/attack/digital_2/scan/french-NF-1110.jpg,french-NF-1110,attack,digital_2,scan,1,59,fd67866a0d66a906da37fa60e193d78a470a08eb1273f518ba485816f959ebcb,97d407ca9bda07740ec80886fece98dc4681c2999bb48406b81df84947de9d14
project_train,train/bonafide/huawei/french-NF-1110.jpg,data/processed/policy_c/train/bonafide/huawei/french-NF-1110.jpg,french-NF-1110,bonafide,,huawei,0,55,7e4c76213f6d1ffb45d6e87df22e75044e6f6e12d39b2a6a2ab790c56647b5ce,05ef2380d0cca3ddf7c5a887d1589593b1380194695b5da8ffa25fbe67c8b635
project_train,train/bonafide/iphone15pro/french-NF-1110.jpg,data/processed/policy_c/train/bonafide/iphone15pro/french-NF-1110.jpg,french-NF-1110,bonafide,,iphone15pro,0,63,453fbdbcea252a4ea04b4af5a34d6251d7cd4f7cc052a5ff1de66c89e8cadbf7,32504bb03536a876f48e29f0c5ad14e068c8bcc2d22763c32caaed4d6430cd62
project_train,train/bonafide/scan/french-NF-1110.jpg,data/processed/policy_c/train/bonafide/scan/french-NF-1110.jpg,french-NF-1110,bonafide,,scan,0,59,2b691e609efa50dc889d677f9062eb40cc94acc1287bd8a6a8ce0263035c2563,5527379262c08d56c7e8e622afc1bb43b8307f964c729e71aa1a52d757b1ad8f
project_train,train/attack/digital_1/huawei/french-NM-1070.jpg,data/processed/policy_c/train/attack/digital_1/huawei/french-NM-1070.jpg,french-NM-1070,attack,digital_1,huawei,1,57,2655312b378174beab16f1f70a211a30a914cb607745c9829b124a329b9fb045,6cb0deb0f251ff13e79da14f935a8b743648bd02fb8260780f8e66f75bf55e0f
project_train,train/attack/digital_1/iphone15pro/french-NM-1070.jpg,data/processed/policy_c/train/attack/digital_1/iphone15pro/french-NM-1070.jpg,french-NM-1070,attack,digital_1,iphone15pro,1,77,581234a91cfb4873ee82c28a17e00985c8ea4c9399768b0e1682ac7ef7eab7b6,a4515ce0e101b8eac3f2bb77f73e822d18e828d183d6fd03f91fe74821b8b9cd
project_train,train/attack/digital_1/scan/french-NM-1070.jpg,data/processed/policy_c/train/attack/digital_1/scan/french-NM-1070.jpg,french-NM-1070,attack,digital_1,scan,1,84,f3c7a2d3ded77a16a08e88e19d156b5e5b43d46dda845649efab9ac2ee7ce84e,71b5f939c47e159506a38f97b2ae1ba803d67b76725152ba4683fac3e0514741
project_train,train/attack/digital_2/huawei/french-NM-1070.jpg,data/processed/policy_c/train/attack/digital_2/huawei/french-NM-1070.jpg,french-NM-1070,attack,digital_2,huawei,1,57,4cbe88e0789321af583a2ba9fff0dbf2b5570a1899cccb18830de6bc092ef097,39932670d49f0a6b15ee24b3f39f1244013f395e0517ab3f296271609045c8dd
project_train,train/attack/digital_2/iphone15pro/french-NM-1070.jpg,data/processed/policy_c/train/attack/digital_2/iphone15pro/french-NM-1070.jpg,french-NM-1070,attack,digital_2,iphone15pro,1,77,e789240d84c33afa0d417f8b699de0ba3576a2b9f156f8a4d693dcc518246a94,3305a4c53c5cb1239b4c4ac30c8e6b083da95392308348f8283cc9cae4a7f70e
project_train,train/attack/digital_2/scan/french-NM-1070.jpg,data/processed/policy_c/train/attack/digital_2/scan/french-NM-1070.jpg,french-NM-1070,attack,digital_2,scan,1,84,37a8ce399c0156c9253ceb771377f776f4ddd811f8b50431f8c912968ee4bccd,2880599bf520642f8c04ead4e94ea0163499bf1bc820c46f0d3fcf502926b650
project_train,train/bonafide/huawei/french-NM-1070.jpg,data/processed/policy_c/train/bonafide/huawei/french-NM-1070.jpg,french-NM-1070,bonafide,,huawei,0,57,edc8a920af1f5f6c128bd073b97ad6d9f6fc8b2c55b334839b3263db4ddcb0ae,8e7f6d7e4c0188e9a95d3c7a3cfd2c75112a616c863ab277f4ba3a592900c7e6
project_train,train/bonafide/iphone15pro/french-NM-1070.jpg,data/processed/policy_c/train/bonafide/iphone15pro/french-NM-1070.jpg,french-NM-1070,bonafide,,iphone15pro,0,77,1cf61a9bfb9e29045fa4c7965d5ea6178fa75b79f59f7179b8738cbc78d22a0b,f49db37a3571302eed3f43d2fc588f9295a0a4e41bbe0fbecd34c68d84a806e5
project_train,train/bonafide/scan/french-NM-1070.jpg,data/processed/policy_c/train/bonafide/scan/french-NM-1070.jpg,french-NM-1070,bonafide,,scan,0,84,b1dab74e96315bca2e6e9532005755733e1f1f834a7048414563024482260673,8cd326bdd574d7b817c9e7b9040777b1dc5c5ccd971666ada077842cbe997e27
project_train,train/attack/digital_1/huawei/french-NM-1104.jpg,data/processed/policy_c/train/attack/digital_1/huawei/french-NM-1104.jpg,french-NM-1104,attack,digital_1,huawei,1,65,b0347a66aa6c34e1ed1cd674546703fca3e9baec6b2f72de364290b8d40dfc91,38ab6e4df9545d5eaf9fc535f4412e480fda3c42608854fad5df522e0d68d6fc
project_train,train/attack/digital_1/iphone15pro/french-NM-1104.jpg,data/processed/policy_c/train/attack/digital_1/iphone15pro/french-NM-1104.jpg,french-NM-1104,attack,digital_1,iphone15pro,1,53,62168b4a0d526e744d99402bb68e77f5234b28f1afb97a454797f4c75c73eacc,0c49992affdd040cafcbfc6504cce03e26676fa76f1c6298dd241e0eb0a1caec
project_train,train/attack/digital_1/scan/french-NM-1104.jpg,data/processed/policy_c/train/attack/digital_1/scan/french-NM-1104.jpg,french-NM-1104,attack,digital_1,scan,1,83,ef83dbd5710a3daca8aa6cdf830fa98ec2d9ad2891237c7ef9324e996f4494ce,24c97b859fb7b2c8950c037252de9dfc0d5d8bc673f87061d41846d7aee5dce2
project_train,train/attack/digital_2/huawei/french-NM-1104.jpg,data/processed/policy_c/train/attack/digital_2/huawei/french-NM-1104.jpg,french-NM-1104,attack,digital_2,huawei,1,65,a1af5e50fab2c8b3f00670ea9f571e1bef1d21acd3a371b59d6010d2993a4e2a,e2d00907027aa0cf054bb535207ef5a4057b61424518c9a4ec55039496218118
project_train,train/attack/digital_2/iphone15pro/french-NM-1104.jpg,data/processed/policy_c/train/attack/digital_2/iphone15pro/french-NM-1104.jpg,french-NM-1104,attack,digital_2,iphone15pro,1,53,8138e631ef45d9616e1533f3de2a7459f2ff9f7610a22c62cbb9be5b4bed6bca,8a47d7d79b94f20049b1184af0b1c8b0d38c632040c96622d937400511538f26
project_train,train/attack/digital_2/scan/french-NM-1104.jpg,data/processed/policy_c/train/attack/digital_2/scan/french-NM-1104.jpg,french-NM-1104,attack,digital_2,scan,1,83,c0454d255e183f7435d8025f04e57b4389dea345c5c6fd88b38322f3ca811a86,cd632f14be765c48bf5ab46faf9766396fdb25aae9e86357864fb0ddb1ca538a
project_train,train/bonafide/huawei/french-NM-1104.jpg,data/processed/policy_c/train/bonafide/huawei/french-NM-1104.jpg,french-NM-1104,bonafide,,huawei,0,65,7dcedd3aa10391023ea5f449341f25bdb3058e3302ac39c832bf3583058d6b68,fafcecfad2f524d7ec8b7121de067b7ef067826493930403a140210c5a8b67c7
project_train,train/bonafide/iphone15pro/french-NM-1104.jpg,data/processed/policy_c/train/bonafide/iphone15pro/french-NM-1104.jpg,french-NM-1104,bonafide,,iphone15pro,0,53,69626040c085cb3d0a7379bac22166b7a0a83e0221f8e88c3c9c9bde2b3ad0cf,5d21f14fd9866716ecb00eadeff37e1be0791c4de9339ce03fa25f92687789aa
project_train,train/bonafide/scan/french-NM-1104.jpg,data/processed/policy_c/train/bonafide/scan/french-NM-1104.jpg,french-NM-1104,bonafide,,scan,0,83,363c36998e7dcbf811ecb97a5aa80df3e471f1fc6d8802edfe86c8fab2cdfe58,610df1532b045113db21bf2fbcd4504038ee8bd6ca869431f7d71c05d53e8049
project_train,train/attack/digital_1/huawei/indian-012_03.jpg,data/processed/policy_c/train/attack/digital_1/huawei/indian-012_03.jpg,indian-012_03,attack,digital_1,huawei,1,53,2035edd3c2d86cc4da20b0340684a404ea9832f172b3dbd580149250b9181e55,90508625c05451feef4e4fa412dd511b9c2e810d7ab85578da1e1fb55f90cf6d
project_train,train/attack/digital_1/iphone15pro/indian-012_03.jpg,data/processed/policy_c/train/attack/digital_1/iphone15pro/indian-012_03.jpg,indian-012_03,attack,digital_1,iphone15pro,1,87,54f7f508e98bfef10ecec0008bfd2364852340d8a45af4a03b928742c5d88f5e,6126a8a03dd6e87a48e670f59cc69eb3d3f5e7d19652914331b3efb2fc034191
project_train,train/attack/digital_1/scan/indian-012_03.jpg,data/processed/policy_c/train/attack/digital_1/scan/indian-012_03.jpg,indian-012_03,attack,digital_1,scan,1,80,47462a2521fc278a6d699026c157072edf341a9f0867d5e323731a0b2703a75e,08c19046fba87a7c63f59b86cd56fd4e7f947d96982ef49ecb64ab5383634110
project_train,train/attack/digital_2/huawei/indian-012_03.jpg,data/processed/policy_c/train/attack/digital_2/huawei/indian-012_03.jpg,indian-012_03,attack,digital_2,huawei,1,53,061f182a135e8975056fe732ad12b2a57a2b0751c1b38abf0442b6231be0269c,f367c55626abd043b4165a8bf2ef7612f86bea6b3aafce865867ed168148d13f
project_train,train/attack/digital_2/iphone15pro/indian-012_03.jpg,data/processed/policy_c/train/attack/digital_2/iphone15pro/indian-012_03.jpg,indian-012_03,attack,digital_2,iphone15pro,1,87,c1277eec0f3bc21ce8b54a1d857cc9e5e8df6a3b8d82e28d14bfa23f69249512,a83da18d7768449aeaee783294905e8085f8d5d69ed28bd6ff1997109eb53685
project_train,train/attack/digital_2/scan/indian-012_03.jpg,data/processed/policy_c/train/attack/digital_2/scan/indian-012_03.jpg,indian-012_03,attack,digital_2,scan,1,80,5a2bcab6866a5bc106ab10d63fbaeafedab2a6c3a26b34d2eec912aa0fc98dae,880d61eaeeb3321f001423e84936617801087bcbc9f5b012843500a9dd119f4c
project_train,train/bonafide/huawei/indian-012_03.jpg,data/processed/policy_c/train/bonafide/huawei/indian-012_03.jpg,indian-012_03,bonafide,,huawei,0,53,6a2b97baa36275579ea8d60e0498a820bb1b1554a8d4a1634af9a0eef562fac4,5930a61f7c7a5cee087fc1f313e263f379958349542287ece62da34443b542df
project_train,train/bonafide/iphone15pro/indian-012_03.jpg,data/processed/policy_c/train/bonafide/iphone15pro/indian-012_03.jpg,indian-012_03,bonafide,,iphone15pro,0,87,a27eb74ba2d0b507c24195a86dc85febb621ee7a7a56309f50ce03703b4a4f6e,05a4e14e0e8ec317bc52e61291c613117b7942a2a47fb8fb9ad595da969e7f29
project_train,train/bonafide/scan/indian-012_03.jpg,data/processed/policy_c/train/bonafide/scan/indian-012_03.jpg,indian-012_03,bonafide,,scan,0,80,f96311d3d13f50000c6583eced4b0cf84ff010b2a55b356ebd791062f5ff38f6,08ea28b0fe49a4c6ca49a051f9b05b516e6d8c888e66609b21bf17fc51d15c74
project_train,train/attack/digital_1/huawei/indian-037_03.jpg,data/processed/policy_c/train/attack/digital_1/huawei/indian-037_03.jpg,indian-037_03,attack,digital_1,huawei,1,79,4f741148c9cc5be28e2b9a4bdf0342a52306639be669d3efbbca86fdbd76320a,713886536f64147fb09d137797319c73a923d83d95f1fccc404a284b10e08028
project_train,train/attack/digital_1/iphone15pro/indian-037_03.jpg,data/processed/policy_c/train/attack/digital_1/iphone15pro/indian-037_03.jpg,indian-037_03,attack,digital_1,iphone15pro,1,71,e2384ddad3e0aab41a766f4a0ce34a0c15357b1f10fbd6372380730122f5be9e,53d4dff0f452af959a201e74a9e644cd954ffcf29742dbb57c865a7d52ad05e5
project_train,train/attack/digital_1/scan/indian-037_03.jpg,data/processed/policy_c/train/attack/digital_1/scan/indian-037_03.jpg,indian-037_03,attack,digital_1,scan,1,90,2a9e2c25cf2480cf20aaedfe4a26c69e786ccb4cdffda6738ea6ce524153b1fa,89136e65832f44d59dba4a3cbc24592a33b67eee5a268b13d550ef54a51b2b91
project_train,train/attack/digital_2/huawei/indian-037_03.jpg,data/processed/policy_c/train/attack/digital_2/huawei/indian-037_03.jpg,indian-037_03,attack,digital_2,huawei,1,79,69982f9ca8cd15977d7db03ef5ea5842045e4e9e7016886feb5496ecdbd2ba3b,1b0d75f75e6c85f538bf4906001ede714c95f7f63772fdf8e4cab0db938e195b
project_train,train/attack/digital_2/iphone15pro/indian-037_03.jpg,data/processed/policy_c/train/attack/digital_2/iphone15pro/indian-037_03.jpg,indian-037_03,attack,digital_2,iphone15pro,1,71,6631d40a64fdfff4772f5fb7df49047c540a0d7ab6a64cdf3e0aa27309c272c7,1f64f0a7ed59e50e3b0b9b752e8877c6dba3d16379c313f0d047976c0bf97a99
project_train,train/attack/digital_2/scan/indian-037_03.jpg,data/processed/policy_c/train/attack/digital_2/scan/indian-037_03.jpg,indian-037_03,attack,digital_2,scan,1,90,7b2ba9e297f676a4e2de7640462cc0b84d9e640c7610dc96870de9587710d1a9,4c77d5e41ae66b112faab8e054c72e9196b2c3e46f98bf0b54a37ff59454ab65
project_train,train/bonafide/huawei/indian-037_03.jpg,data/processed/policy_c/train/bonafide/huawei/indian-037_03.jpg,indian-037_03,bonafide,,huawei,0,79,9cb4fe5e6ae03412351d169747558a1f2274908ff267064794f523d472d7c885,709a4fd197fad2e875ce8c937e67fd61c266a834cd290dcb46c45742a48be671
project_train,train/bonafide/iphone15pro/indian-037_03.jpg,data/processed/policy_c/train/bonafide/iphone15pro/indian-037_03.jpg,indian-037_03,bonafide,,iphone15pro,0,71,2945de2ac1b5a4f36942fde16473ef70492d7ca37bb6a597c79cd50a7437bd2c,f782f5c798a0d06d66677e9c0a1190326d2c288f98b3c5a55a5200472a8163d6
project_train,train/bonafide/scan/indian-037_03.jpg,data/processed/policy_c/train/bonafide/scan/indian-037_03.jpg,indian-037_03,bonafide,,scan,0,90,79064e6b087ce48d429ff748eb364aeb061c9e220f0f31453bdf651cee997500,368c562887914d11b3b7f7cffbe0b08da73f9bbb228f6a8358f4ccbd21f27b30
project_train,train/attack/digital_1/huawei/indian-038_03.jpg,data/processed/policy_c/train/attack/digital_1/huawei/indian-038_03.jpg,indian-038_03,attack,digital_1,huawei,1,89,40868a91790ef850322a084a859efbd6cb11660f6139a45b4b59566e97239af0,d029855dd021243be6bef8b4063811b79efae514559adb10aaa958f775e828b9
project_train,train/attack/digital_1/iphone15pro/indian-038_03.jpg,data/processed/policy_c/train/attack/digital_1/iphone15pro/indian-038_03.jpg,indian-038_03,attack,digital_1,iphone15pro,1,90,fc2228bb2565e25c57c3fb6a55dff5346717f71bcd81f5ee36b0d7472997bc77,6a644725518c7c8ab60e32e1b59a0fbfe3fac1794f721ab881e12f4be1971e16
project_train,train/attack/digital_1/scan/indian-038_03.jpg,data/processed/policy_c/train/attack/digital_1/scan/indian-038_03.jpg,indian-038_03,attack,digital_1,scan,1,87,41631a9ac9c98565a452d241474d4354d98c343c26a50d7e5df70a825848fbc9,d24860901a4359211e1700e326e113e7c07d93c3fd9283d74c41b401a1c84d25
project_train,train/attack/digital_2/huawei/indian-038_03.jpg,data/processed/policy_c/train/attack/digital_2/huawei/indian-038_03.jpg,indian-038_03,attack,digital_2,huawei,1,89,e393d4d2d4de7e3cb5bde6eaa5977afedd666024e9c8c147cf406cc032339bc9,c20250d2c1611d94befe1f0302bc70842e5d5d675fc3cb221335df04ec30ca19
project_train,train/attack/digital_2/iphone15pro/indian-038_03.jpg,data/processed/policy_c/train/attack/digital_2/iphone15pro/indian-038_03.jpg,indian-038_03,attack,digital_2,iphone15pro,1,90,dd93f57d17db2784c0b06b1ec619ad2d6e4362f21beebd804fd2619346dfe814,accd6bb40aaf02ce8c8c888a5b963fd9c946a1fed5e5a2ec7e90b3a3d37f4028
project_train,train/attack/digital_2/scan/indian-038_03.jpg,data/processed/policy_c/train/attack/digital_2/scan/indian-038_03.jpg,indian-038_03,attack,digital_2,scan,1,87,287921a6e30a2d3407405237c572dd66f350e3a0ade422fab42a9a2a979ea70e,c71d3713893eba7e369d093b3b5e25814e08243b1d6b62f7ada166bd36679d78
project_train,train/bonafide/huawei/indian-038_03.jpg,data/processed/policy_c/train/bonafide/huawei/indian-038_03.jpg,indian-038_03,bonafide,,huawei,0,89,b241f980b4461c4d3c9da7f2144314f4bf71122c1e4f72451ee978f4826a3b42,ef6cf345d7cdbbd334930876a14d5cd2d6890aab482c47389f995f24c1b557c1
project_train,train/bonafide/iphone15pro/indian-038_03.jpg,data/processed/policy_c/train/bonafide/iphone15pro/indian-038_03.jpg,indian-038_03,bonafide,,iphone15pro,0,90,30f4413f6d5fb0c6e29f47c5231b229c5f1f67ac96dff4ebfdb4d9d9352d367d,3c35a8c8a6114bf8d1f49d581c029b9a424d1e44a7dbbc328f1d9c0851534275
project_train,train/bonafide/scan/indian-038_03.jpg,data/processed/policy_c/train/bonafide/scan/indian-038_03.jpg,indian-038_03,bonafide,,scan,0,87,e4ba1ac82e02014bf89f24520cce6a0b3d1a6b478406ad4afe7e33174ba299cb,fcf4f3344cae7da6a174d97c486c71895bd09a8f72c2b20e218ba2145354a6b3
project_train,train/attack/digital_1/huawei/indian-094_03.jpg,data/processed/policy_c/train/attack/digital_1/huawei/indian-094_03.jpg,indian-094_03,attack,digital_1,huawei,1,60,5f8a57461b1a4e227d52949c910015a1faa292a39728afcc9460d79a1b1ad222,9ebc2ec6733b5e09e49eaae4b64ea9aabde555dfdd6ff288c949488d26c0c00c
project_train,train/attack/digital_1/iphone15pro/indian-094_03.jpg,data/processed/policy_c/train/attack/digital_1/iphone15pro/indian-094_03.jpg,indian-094_03,attack,digital_1,iphone15pro,1,65,db0b2b3d1b1b7150b7a898711cd9d7c33a17920d86197ab180dbe8773269d081,e67ce3684a8bb63a31bade3e1a6d5a7efe49aa7a19337099c1c812ea5716297d
project_train,train/attack/digital_1/scan/indian-094_03.jpg,data/processed/policy_c/train/attack/digital_1/scan/indian-094_03.jpg,indian-094_03,attack,digital_1,scan,1,82,64dac1afa02548f5411d09f26a0f8f8acb2b4a6f3179a68639418a7c3743d2a5,cb64499085f8e64eb1db8ed136457442b34e7562fab476f06baf859f873f12b5
project_train,train/attack/digital_2/huawei/indian-094_03.jpg,data/processed/policy_c/train/attack/digital_2/huawei/indian-094_03.jpg,indian-094_03,attack,digital_2,huawei,1,60,b994fc85bf13962d260d4d0ec94a6598222544dca4afb7b5c5d0b995961c3f04,92eacead791dd3e9c7dfa5ece1868a96885e9cbd81e647110682c921147f2d88
project_train,train/attack/digital_2/iphone15pro/indian-094_03.jpg,data/processed/policy_c/train/attack/digital_2/iphone15pro/indian-094_03.jpg,indian-094_03,attack,digital_2,iphone15pro,1,65,8289d7db8f891a24e29261ff9643fc4ffa2dab5d5c01caa5b8ebba3e33f97a4a,773375ad43ab3efda872d9beaaf7404e01cc243024c4b168b1c5c6698048076e
project_train,train/attack/digital_2/scan/indian-094_03.jpg,data/processed/policy_c/train/attack/digital_2/scan/indian-094_03.jpg,indian-094_03,attack,digital_2,scan,1,82,97d8bf3aa5cc6f1e1b73897935412880338a6ba2df38459de08a59793eb80415,f6a79e4b7bc5517fef796ebc44498f366cd6ec384921f839d420d4da2aaf805f
project_train,train/bonafide/huawei/indian-094_03.jpg,data/processed/policy_c/train/bonafide/huawei/indian-094_03.jpg,indian-094_03,bonafide,,huawei,0,60,8acb9db6575772690290bccfa33d3d740b92c8edd9356d37cd100cb28a4e72d8,ff94748c138404ada03474e8db0390fecd480fa85245efe209c5b82e98b32c40
project_train,train/bonafide/iphone15pro/indian-094_03.jpg,data/processed/policy_c/train/bonafide/iphone15pro/indian-094_03.jpg,indian-094_03,bonafide,,iphone15pro,0,65,3ab5f88c0062489133d61b85956c24a070ed893c3948fbee2c4d6cf23b944967,da95699169a90c2c7acc907664e9f39f23cdc2d6378e1cc20d2bbc3bd8f738ad
project_train,train/bonafide/scan/indian-094_03.jpg,data/processed/policy_c/train/bonafide/scan/indian-094_03.jpg,indian-094_03,bonafide,,scan,0,82,6c03306f9dd82f2998904633261006c613b14914e42e2d3ba19efc7952fff826,cc71f7db7fc75fa442730a84725dbe1cb5d339d30e5e94f4af971328c762e182
project_train,train/attack/digital_1/huawei/indian-108_03.jpg,data/processed/policy_c/train/attack/digital_1/huawei/indian-108_03.jpg,indian-108_03,attack,digital_1,huawei,1,65,a75e37261d57edb82e96f97766882878aa4109fb0cfb5a5b4e9065d133544600,71990460c542d84163ab71db6e5587e61dc20a8d3b83ce8045f778c7d729503a
project_train,train/attack/digital_1/iphone15pro/indian-108_03.jpg,data/processed/policy_c/train/attack/digital_1/iphone15pro/indian-108_03.jpg,indian-108_03,attack,digital_1,iphone15pro,1,69,77c9461f30cdc53bc3e28c07cf17c914fbc1ed4d09d7996acb5b8445f8bbf25e,dfcd60ba08fb9610e38883f69913e3e0d38523025b5625883c670eb280cd55c8
project_train,train/attack/digital_1/scan/indian-108_03.jpg,data/processed/policy_c/train/attack/digital_1/scan/indian-108_03.jpg,indian-108_03,attack,digital_1,scan,1,56,da90895421cb9d8ecc199e5eefde27215f1269e867b08476c252d15b5c7a44c6,bbda35021bf4ee6a67a17597ed3fbc0784f9b760d7eef3fb90ba13a3274a6010
project_train,train/attack/digital_2/huawei/indian-108_03.jpg,data/processed/policy_c/train/attack/digital_2/huawei/indian-108_03.jpg,indian-108_03,attack,digital_2,huawei,1,65,cf4d09524508443a601794bcf1eb78828cb32124d330048669f2c660d54b2143,a7a1996eeccb5c6463cf610fe70797608127e0f484f4401347c381e0cd4fc1f5
project_train,train/attack/digital_2/iphone15pro/indian-108_03.jpg,data/processed/policy_c/train/attack/digital_2/iphone15pro/indian-108_03.jpg,indian-108_03,attack,digital_2,iphone15pro,1,69,5be8657f2e1573e9c68e0fbb087dacae233a8ddd575778f05711cd5099098144,876495749599f2bb01a41a3a53044f8d0d700028b69a3a919d42a56385ccb1b6
project_train,train/attack/digital_2/scan/indian-108_03.jpg,data/processed/policy_c/train/attack/digital_2/scan/indian-108_03.jpg,indian-108_03,attack,digital_2,scan,1,56,acafe632e0d91d7e431e5158e912a4a30681d32049df62c610be207956771718,9745119569f8317d431227aba4a01a4e5a7daa80e19dd195c4421e10201d43ed
project_train,train/bonafide/huawei/indian-108_03.jpg,data/processed/policy_c/train/bonafide/huawei/indian-108_03.jpg,indian-108_03,bonafide,,huawei,0,65,39b80db56e70ffec2cb751bb7c7a089a26d0712c3db48b796688319f391d5e5d,92614ebe933cab528f6f7c3398c850eeccd8cad0224384bbaa2cf16907973683
project_train,train/bonafide/iphone15pro/indian-108_03.jpg,data/processed/policy_c/train/bonafide/iphone15pro/indian-108_03.jpg,indian-108_03,bonafide,,iphone15pro,0,69,1bcae110b00f1f89d825e84181963848d047d5310f6b18da99b0b6b3df263b5c,d09af04561661d4f7e3e718b567b9a90e84a83dac3c5e86a4caa388491d894c4
project_train,train/bonafide/scan/indian-108_03.jpg,data/processed/policy_c/train/bonafide/scan/indian-108_03.jpg,indian-108_03,bonafide,,scan,0,56,54502988fe1989828a4888e98e3e952304828be09def9756b97b29fd86819517,c3263ea11b6e7ae0f463be7476139c2d4c74eee961eb5abd3770d061f93add1a
project_train,train/attack/digital_1/huawei/indian-NF-1006.jpg,data/processed/policy_c/train/attack/digital_1/huawei/indian-NF-1006.jpg,indian-NF-1006,attack,digital_1,huawei,1,59,2ce8d2055903a092371bf2ce94d139f811ac40339fc72cb042354bc54dbd7afc,30b0024bff1e02e43f098e2196e79d2e428cdf00f1674eacf86bfd013146977e
project_train,train/attack/digital_1/iphone15pro/indian-NF-1006.jpg,data/processed/policy_c/train/attack/digital_1/iphone15pro/indian-NF-1006.jpg,indian-NF-1006,attack,digital_1,iphone15pro,1,88,85d4e1fb889622919b2e595ddecef8ed1085d64b4e4e534b0d15f854d0589220,1e3a911416bd807e190e7ff754716b5ab23237d67b9ebe2f353e93d8612d0e21
project_train,train/attack/digital_1/scan/indian-NF-1006.jpg,data/processed/policy_c/train/attack/digital_1/scan/indian-NF-1006.jpg,indian-NF-1006,attack,digital_1,scan,1,60,1a0e393c4c73a7db5de8ac55173094d87d03a4385895773afe7416ea50f9fa84,093847a864e11ba16280bf7cc05a823ee0f49fad05da861df39844874e5ad695
project_train,train/attack/digital_2/huawei/indian-NF-1006.jpg,data/processed/policy_c/train/attack/digital_2/huawei/indian-NF-1006.jpg,indian-NF-1006,attack,digital_2,huawei,1,59,21172342687f8249323de1569898309e0b9716de3184321579561b5743b4b7be,f75ffdfff9ac8ece29db0ab0ff5c4ec05d031e759cff3fb2733e489f463b8a70
project_train,train/attack/digital_2/iphone15pro/indian-NF-1006.jpg,data/processed/policy_c/train/attack/digital_2/iphone15pro/indian-NF-1006.jpg,indian-NF-1006,attack,digital_2,iphone15pro,1,88,f9f17cd2345864b96a53120df3db7e2bc23ed6ed411e840f755cbb9127095463,212315d6f145c84e275023f8626df11ad0e710e6024687c3c7e016549e64f686
project_train,train/attack/digital_2/scan/indian-NF-1006.jpg,data/processed/policy_c/train/attack/digital_2/scan/indian-NF-1006.jpg,indian-NF-1006,attack,digital_2,scan,1,60,c7fb42306b3d2917d55fad128742d264a18d33031099bc735952fefe5ea49678,c1714e234844ff3f312a96669e8a7e08ac83d286aa36bc3a7c3389f974739cc0
project_train,train/bonafide/huawei/indian-NF-1006.jpg,data/processed/policy_c/train/bonafide/huawei/indian-NF-1006.jpg,indian-NF-1006,bonafide,,huawei,0,59,585a6312099271482f1e807da2175b54f4f028ddb09e1b29257acdd1ec5e8ec9,a0b588e0c142939fc8bcdddecf361a57768fabcc2add438a80a6b553d16a0f1a
project_train,train/bonafide/iphone15pro/indian-NF-1006.jpg,data/processed/policy_c/train/bonafide/iphone15pro/indian-NF-1006.jpg,indian-NF-1006,bonafide,,iphone15pro,0,88,5f060bbca4306d9f56d4450580209bd22a27370402ef0de9695e245d287a66ce,b119d523c88b0a3b54b6af6d86c242b7730f190d1f968de8dd30297da6d58980
project_train,train/bonafide/scan/indian-NF-1006.jpg,data/processed/policy_c/train/bonafide/scan/indian-NF-1006.jpg,indian-NF-1006,bonafide,,scan,0,60,4f8c26b0bc20a58e84134e0103b40f54bb4511dd1409dfe1553be4eb6fec339d,7cebd670b212d26b64636244f689cf500a33e9bc48b9bbf7c23008f8d78200d9
project_train,train/attack/digital_1/huawei/indian-NF-1025.jpg,data/processed/policy_c/train/attack/digital_1/huawei/indian-NF-1025.jpg,indian-NF-1025,attack,digital_1,huawei,1,89,66c4ee0b0744b6690516e48063d6a1dbadda19c035796b1c3715c5a8c06c99bc,ad128a16c46471c4d4761eea67355bdb8cc86b322197e173838c63dff9c42c65
project_train,train/attack/digital_1/iphone15pro/indian-NF-1025.jpg,data/processed/policy_c/train/attack/digital_1/iphone15pro/indian-NF-1025.jpg,indian-NF-1025,attack,digital_1,iphone15pro,1,86,770059d242291f6a8f4ef755ae9cb16aa37068134ea174bcb4e9b059be226d19,1996be134afc15288b37430ed152bfb97a2e38c6e0433843b1947e741e189329
project_train,train/attack/digital_1/scan/indian-NF-1025.jpg,data/processed/policy_c/train/attack/digital_1/scan/indian-NF-1025.jpg,indian-NF-1025,attack,digital_1,scan,1,64,98a96cc3a3ba607fe874647f1ebda909f093233c7d6caf0bfa184b0b142604f2,f247cac2fd60c2bc0f6a011abf824240b66f0c8f50b0f9d1cc2238f5346b6ce5
project_train,train/attack/digital_2/huawei/indian-NF-1025.jpg,data/processed/policy_c/train/attack/digital_2/huawei/indian-NF-1025.jpg,indian-NF-1025,attack,digital_2,huawei,1,89,a37f910ac75bfb0be99d90d8d1da51f08a5edb24dd3482cbbc10321d6b70ea75,af3eaa05f451f23376724a2e96c2ec6f49c1e44f9244711e64e2fb710119c1ee
project_train,train/attack/digital_2/iphone15pro/indian-NF-1025.jpg,data/processed/policy_c/train/attack/digital_2/iphone15pro/indian-NF-1025.jpg,indian-NF-1025,attack,digital_2,iphone15pro,1,86,481aa85c73d6775b075685c71160314a998800b47987ef2d45540be8d7f668c2,7aaa04b83ba72b9da4f5853cf5b24edd0b3f290af45784da6978fb0d2d535a11
project_train,train/attack/digital_2/scan/indian-NF-1025.jpg,data/processed/policy_c/train/attack/digital_2/scan/indian-NF-1025.jpg,indian-NF-1025,attack,digital_2,scan,1,64,819d0daf68e0a67b2847e4d10e0c359665dc757f12a969a77471fe13aceb7492,2a497e91185e9819159be3136ef4bc6df878ae5258952b71b80d352a325c5097
project_train,train/bonafide/huawei/indian-NF-1025.jpg,data/processed/policy_c/train/bonafide/huawei/indian-NF-1025.jpg,indian-NF-1025,bonafide,,huawei,0,89,2a6763bf194dd340d336c79d12291c5556e46047916bf229ae58cf7c80ca1882,bc2ec438a906ca2589a5c4b3db6874512ca76ae33f755a8eec18964c9fbbd1ea
project_train,train/bonafide/iphone15pro/indian-NF-1025.jpg,data/processed/policy_c/train/bonafide/iphone15pro/indian-NF-1025.jpg,indian-NF-1025,bonafide,,iphone15pro,0,86,76b8e03b75015499b6f5285ca46b70d33a45c8efa26314c2b67cbdad0944d27d,c0df9ceae4aa947c3d2b3d86553c44677d95c94def2dd4d176cf082d2dc708e5
project_train,train/bonafide/scan/indian-NF-1025.jpg,data/processed/policy_c/train/bonafide/scan/indian-NF-1025.jpg,indian-NF-1025,bonafide,,scan,0,64,905a2f7ec5ec470866ea18c0b702a2cf07cd35983cc15f9ec5f206f7aecce716,5062a2c15877bff1cdb0a76c92b3792566a4f8c7e131fd48bcac9e03cf769a1e
project_train,train/attack/digital_1/huawei/indian-NF-1039.jpg,data/processed/policy_c/train/attack/digital_1/huawei/indian-NF-1039.jpg,indian-NF-1039,attack,digital_1,huawei,1,68,873872b03d1bbf596553ff8b860fb9e61b9d1a01bbab1bc5e3d91453ed2f7a77,c976ea82a5840a3fe0ddc862c3f7d53f3d8ffea7f469aa8e3bfa4fae43280c60
project_train,train/attack/digital_1/iphone15pro/indian-NF-1039.jpg,data/processed/policy_c/train/attack/digital_1/iphone15pro/indian-NF-1039.jpg,indian-NF-1039,attack,digital_1,iphone15pro,1,71,8f2d79190de3b2afdf10bfda44a59a2339646b293d14f4250cb4ca5b5a4ad2cd,359c02603e6698bb42f712eb89decfec48ce47d4b1742317e5b3ee6a808956bf
project_train,train/attack/digital_1/scan/indian-NF-1039.jpg,data/processed/policy_c/train/attack/digital_1/scan/indian-NF-1039.jpg,indian-NF-1039,attack,digital_1,scan,1,67,7703d521fcf17193e0ee61d2ec56afe9f2f2e8607046ed0b46cee700bbab25ad,aa405847a166c02206d7f49f9e7c3f511765d7f9280c903cd537cdfc6757a7d6
project_train,train/attack/digital_2/huawei/indian-NF-1039.jpg,data/processed/policy_c/train/attack/digital_2/huawei/indian-NF-1039.jpg,indian-NF-1039,attack,digital_2,huawei,1,68,a7f7c97ef4afe2701654ba10108adcb8011c4b5acc827eaf4fa4031fade3fe27,3a2c11e8e89cfd0f6b275e78ab85b74683091e6d0e3171f4124fc6213de0104e
project_train,train/attack/digital_2/iphone15pro/indian-NF-1039.jpg,data/processed/policy_c/train/attack/digital_2/iphone15pro/indian-NF-1039.jpg,indian-NF-1039,attack,digital_2,iphone15pro,1,71,c3d6816f8921e6c27caaf7f3a7d6494cf30b32b9f050ed8481bcfbd3d6add2a6,6505d828e70bad47119f04748aa1d4093fbedc17206a2ebabe7d0f347bc6c981
project_train,train/attack/digital_2/scan/indian-NF-1039.jpg,data/processed/policy_c/train/attack/digital_2/scan/indian-NF-1039.jpg,indian-NF-1039,attack,digital_2,scan,1,67,128df62fa0e2066456214071fa5d1bdf24641fe42cc50d881ca7d0851735bc27,4145ff69041185933a245385219a576e3dfb07c7b2a52cac2a6e19ba2cc97891
project_train,train/bonafide/huawei/indian-NF-1039.jpg,data/processed/policy_c/train/bonafide/huawei/indian-NF-1039.jpg,indian-NF-1039,bonafide,,huawei,0,68,c68350fd5c895fc68a5aa8386996da6abf62f2f31fa71d8c4722b019b3e264b4,3bd0196177c0d1f81924b369c3e56fb6dc1e009fd18b68418c5b708b1893e427
project_train,train/bonafide/iphone15pro/indian-NF-1039.jpg,data/processed/policy_c/train/bonafide/iphone15pro/indian-NF-1039.jpg,indian-NF-1039,bonafide,,iphone15pro,0,71,5f8025af2746343e5a2c3b087e1c3c703cd8a439e2d26f94310fd0713882e6a0,605dbdb46307a08cf8c7ee8b02ebd4012dd6c42aac31df8e75f0d4c6f2c62e67
project_train,train/bonafide/scan/indian-NF-1039.jpg,data/processed/policy_c/train/bonafide/scan/indian-NF-1039.jpg,indian-NF-1039,bonafide,,scan,0,67,1f34c084fdeb6c26d56d96615d05543f4b868da8e374b9a9a17dc9c768e235a7,fcdfe575beeb999c3a26dc81640a9488bd2f4d69f4764c95724423c983c3b4ba
project_train,train/attack/digital_1/huawei/indian-NF-1075.jpg,data/processed/policy_c/train/attack/digital_1/huawei/indian-NF-1075.jpg,indian-NF-1075,attack,digital_1,huawei,1,59,872ccb5e376c236965590a27c360a7c9b1856224e38725acbdfac100c7808dfd,1e0b8d70b39a57a736442fc1ccf11bd74f87fbdb5f12ebf86535b5c08e7bf6b2
project_train,train/attack/digital_1/iphone15pro/indian-NF-1075.jpg,data/processed/policy_c/train/attack/digital_1/iphone15pro/indian-NF-1075.jpg,indian-NF-1075,attack,digital_1,iphone15pro,1,71,4ebd88ce79e8072d9004197887608db05145a48dc14c177582c80c4d310a7770,8238a007352210b74e84e8ec21aa7609a7b5a6b837d11c697c7dc7c5e7199155
project_train,train/attack/digital_1/scan/indian-NF-1075.jpg,data/processed/policy_c/train/attack/digital_1/scan/indian-NF-1075.jpg,indian-NF-1075,attack,digital_1,scan,1,72,dcef2892e441f4d12b8d2537e719a5d76d6c7ed136c16c61bc11b6e62effe32a,87fdc754bcd8ef93777e64d9943bf41a3f1ea037fbc8e9944c08e6f4cafe9098
project_train,train/attack/digital_2/huawei/indian-NF-1075.jpg,data/processed/policy_c/train/attack/digital_2/huawei/indian-NF-1075.jpg,indian-NF-1075,attack,digital_2,huawei,1,59,686334f2523f4a141bc5ac9a3a422c0fe7c8a246c269cc89e6710d2cbfa47621,367bc8e5c67763ea29f40b109c8763e094bba0a86b29350a6f896c9b228cd061
project_train,train/attack/digital_2/iphone15pro/indian-NF-1075.jpg,data/processed/policy_c/train/attack/digital_2/iphone15pro/indian-NF-1075.jpg,indian-NF-1075,attack,digital_2,iphone15pro,1,71,dacfed24048147d74b3fb945a9988eae3d069be15b68df698e0c65f4ada47868,0e4cab4d3ba79b5389aacf6438e77ff29bd46eb9f6e18b61994e0250f0fa3668
project_train,train/attack/digital_2/scan/indian-NF-1075.jpg,data/processed/policy_c/train/attack/digital_2/scan/indian-NF-1075.jpg,indian-NF-1075,attack,digital_2,scan,1,72,2b4e9f6f11dbb986f8e931e5af9edfbb163f9a3d564bc837cbb640f6a0af061d,b2c9a2fc9dfc31c0507f68fa48e86beb2a94c1d409b68193533b05bec7dea588
project_train,train/bonafide/huawei/indian-NF-1075.jpg,data/processed/policy_c/train/bonafide/huawei/indian-NF-1075.jpg,indian-NF-1075,bonafide,,huawei,0,59,f740daedb2926a2d10817efd3b0251dd2f7a64af899b41eb345490ec8dc090b6,20353383bb0bd97cae8cca7904b592acafe6e00ba71268e5a755b35cd075b649
project_train,train/bonafide/iphone15pro/indian-NF-1075.jpg,data/processed/policy_c/train/bonafide/iphone15pro/indian-NF-1075.jpg,indian-NF-1075,bonafide,,iphone15pro,0,71,ab8c1bc62b7171e1b09cd8aec48930d060cc5d6a46ec2b7ac32efb64d7c602b3,5232dcc38c5e56e2f30f8025bca0a66b87ab8f0c09ef7640f2c694f93a75f45d
project_train,train/bonafide/scan/indian-NF-1075.jpg,data/processed/policy_c/train/bonafide/scan/indian-NF-1075.jpg,indian-NF-1075,bonafide,,scan,0,72,a4274708863803d8d2ef0bc689ee24a600ee007ff14efaed66e08a86dc16b034,851d72d4eb64f0ea698731765f476e2bb98b98e697e3ba8e2800f101f5101df6
project_train,train/attack/digital_1/huawei/indian-NF-1096.jpg,data/processed/policy_c/train/attack/digital_1/huawei/indian-NF-1096.jpg,indian-NF-1096,attack,digital_1,huawei,1,74,80981eef5524abd91e8205a9365579d23b71c7d745e4d8e939804466ecd33b0d,f709c5816e2f07d3b5d133b18ba6794ca3cd994286be96e909b12d821f247a66
project_train,train/attack/digital_1/iphone15pro/indian-NF-1096.jpg,data/processed/policy_c/train/attack/digital_1/iphone15pro/indian-NF-1096.jpg,indian-NF-1096,attack,digital_1,iphone15pro,1,56,76ccbaca2e2df95592dfe1f8d3fbf557048e67273dc699b0df5eb26ad7cbfff5,3e30637b008d78ec26d6912f70916d4c1f800a60a546401c5bcc4e1d032d6d71
project_train,train/attack/digital_1/scan/indian-NF-1096.jpg,data/processed/policy_c/train/attack/digital_1/scan/indian-NF-1096.jpg,indian-NF-1096,attack,digital_1,scan,1,71,27d35a765ac5481b1b0aa756e29a425654bfbb83be1730bc1a09920a6d91bd5e,2203f028cf50ec7b1c041db6e4871939a62b3b3015a13d6561f6c2584660e155
project_train,train/attack/digital_2/huawei/indian-NF-1096.jpg,data/processed/policy_c/train/attack/digital_2/huawei/indian-NF-1096.jpg,indian-NF-1096,attack,digital_2,huawei,1,74,72fc6b3ca774b3603399b5addd4a6a8c62d98f03ff876af00ad53280e862d388,fc8dfa58e4634da1e4aa350f736a73056d267fb3fc911f59ee5f7920232e31e1
project_train,train/attack/digital_2/iphone15pro/indian-NF-1096.jpg,data/processed/policy_c/train/attack/digital_2/iphone15pro/indian-NF-1096.jpg,indian-NF-1096,attack,digital_2,iphone15pro,1,56,e1f3f21aa0279f110344fd0820d38238c6c99227567e4f32be3f7dde244ae1ca,13ba34ea4dff38d129f535fbb89196c5f65d10c9ab1d175a8b1f60f01494aae5
project_train,train/attack/digital_2/scan/indian-NF-1096.jpg,data/processed/policy_c/train/attack/digital_2/scan/indian-NF-1096.jpg,indian-NF-1096,attack,digital_2,scan,1,71,cd60a9339e614cc218fcfc0cc68f222d98a396c7358a6ec8b4fe25a9f199f4c6,845e2a70edadfcbe2cffad3f48294745de8f938c6a025c7a26a12b9a3fd433f6
project_train,train/bonafide/huawei/indian-NF-1096.jpg,data/processed/policy_c/train/bonafide/huawei/indian-NF-1096.jpg,indian-NF-1096,bonafide,,huawei,0,74,8cea3bd763421b396211eac4828ddcacf7e07e9c43d7d47e834050aaad4fc3d4,4f1c933af1e9b107503c34ca26d73c95d693f083d7da25390c204ed6ac232f9c
project_train,train/bonafide/iphone15pro/indian-NF-1096.jpg,data/processed/policy_c/train/bonafide/iphone15pro/indian-NF-1096.jpg,indian-NF-1096,bonafide,,iphone15pro,0,56,ab1e7c2e83e4574fced8a4f35cb9aef2f137d24dda9a5808c9bb8ad2db42cbf4,1365f78e0f7e9f2851cf41f21c9339880af873bf1c8e5a840bbfedc9e2263ef2
project_train,train/bonafide/scan/indian-NF-1096.jpg,data/processed/policy_c/train/bonafide/scan/indian-NF-1096.jpg,indian-NF-1096,bonafide,,scan,0,71,dbc3e7e104756d320577edb549bfa7ae67a0bd7643b93a9ca7d1ea2bb5613e90,829a694d207c9e335731c880d87f436c4cf73dff79361d8d21465b69c4f8acd4
project_train,train/attack/digital_1/huawei/indian-NM-1058.jpg,data/processed/policy_c/train/attack/digital_1/huawei/indian-NM-1058.jpg,indian-NM-1058,attack,digital_1,huawei,1,86,90d8675646417e67568fb8b3e70a73f8d98097539316f310325ff7ba774afc77,b625ea9922a423e05f1a799f34fa26b2258aec07bf53d44150f596ed6e4c5ae4
project_train,train/attack/digital_1/iphone15pro/indian-NM-1058.jpg,data/processed/policy_c/train/attack/digital_1/iphone15pro/indian-NM-1058.jpg,indian-NM-1058,attack,digital_1,iphone15pro,1,52,890baee6e6a24cc418c37457db6e1ff00a889fea84e097d2ee26711a2a7d3a91,cb47f93fcbe9768b8b2b9eb461ec1382111653199e34b63a0f7ea3eb83674d9d
project_train,train/attack/digital_1/scan/indian-NM-1058.jpg,data/processed/policy_c/train/attack/digital_1/scan/indian-NM-1058.jpg,indian-NM-1058,attack,digital_1,scan,1,87,fc2a669191dd5656a293040a48afd9b98361f3a9c878e86098b36fd32c455177,641112167fab88408b023b968bcbaf89920ae3782312532de010187f348b79bf
project_train,train/attack/digital_2/huawei/indian-NM-1058.jpg,data/processed/policy_c/train/attack/digital_2/huawei/indian-NM-1058.jpg,indian-NM-1058,attack,digital_2,huawei,1,86,e507df7bb5638c710fc5e7250e4806e84453d5e79b1afb678f152291f1a40dd2,27c61a88d467139c94b80e7d7984726e8bccbc79c33487972c82aad35983e1d2
project_train,train/attack/digital_2/iphone15pro/indian-NM-1058.jpg,data/processed/policy_c/train/attack/digital_2/iphone15pro/indian-NM-1058.jpg,indian-NM-1058,attack,digital_2,iphone15pro,1,52,6b9e66076c6ff5e039a71db53ecc66fb03e7abed37eb41cec65e07c90d8599ed,9131777ef3765772e8d73fcf4cdd67e3ff07127f79a06fa4adb26190da3e1c22
project_train,train/attack/digital_2/scan/indian-NM-1058.jpg,data/processed/policy_c/train/attack/digital_2/scan/indian-NM-1058.jpg,indian-NM-1058,attack,digital_2,scan,1,87,581c9d6b61b40b70e22b9db083a783c961cdd0c5b2ca4a37b24242f18f21ed30,2305091afe0bad9cb446c0bdfe056f0d49f097bebbe6ccc278f297052f9bd0f5
project_train,train/bonafide/huawei/indian-NM-1058.jpg,data/processed/policy_c/train/bonafide/huawei/indian-NM-1058.jpg,indian-NM-1058,bonafide,,huawei,0,86,48d32587a3a1cab6d889786d8af28063002e95327e5d3155fe3bc47dbb54f9e7,d01a00371a02c7f68f6f31d292d7508a278d1b1eedfd19780d22d79aa50da7a0
project_train,train/bonafide/iphone15pro/indian-NM-1058.jpg,data/processed/policy_c/train/bonafide/iphone15pro/indian-NM-1058.jpg,indian-NM-1058,bonafide,,iphone15pro,0,52,e017d13e4cdad0e65ca062f6735e38ebbe22e7b1fc6e3ce47ef600ca1dbb4626,76c69635afb1d1229afaf399705515708760ce098c9d8dfa76a88895629c142b
project_train,train/bonafide/scan/indian-NM-1058.jpg,data/processed/policy_c/train/bonafide/scan/indian-NM-1058.jpg,indian-NM-1058,bonafide,,scan,0,87,992c4b25cbbbd618581b80cb8ca0d9bd1fca0333266bd424c0e2fe6909932513,104eef0938fc6a6c93877c2af6c67b1e7047e342456b4c77520edefe22497525
project_train,train/attack/digital_1/huawei/persian-010_03.jpg,data/processed/policy_c/train/attack/digital_1/huawei/persian-010_03.jpg,persian-010_03,attack,digital_1,huawei,1,55,08caa673febb699c6fcc4a17ce94a442807215d4f3e5ed5c10d16487fc0b1475,62324c487b8f3d5deecff576a1747dd63184aed0adf659e204a64af4313e7687
project_train,train/attack/digital_1/iphone15pro/persian-010_03.jpg,data/processed/policy_c/train/attack/digital_1/iphone15pro/persian-010_03.jpg,persian-010_03,attack,digital_1,iphone15pro,1,71,4fdaf3e93efdf185eba6da6a48fdd76a1a1aec407f309baf143df31ca316c22b,65dad0b0969d0355241b1a5ececa8059c0471d1f8132dc097923581d3be53faf
project_train,train/attack/digital_1/scan/persian-010_03.jpg,data/processed/policy_c/train/attack/digital_1/scan/persian-010_03.jpg,persian-010_03,attack,digital_1,scan,1,69,e0a8a9391f91e9ec53b80601ad28e6d81b602383509dffbc718ff40ea6a5ba1e,1aa3da654497dc1270d9f471a03936aae95aa13b5fa1bc14360d589918db3379
project_train,train/attack/digital_2/huawei/persian-010_03.jpg,data/processed/policy_c/train/attack/digital_2/huawei/persian-010_03.jpg,persian-010_03,attack,digital_2,huawei,1,55,25ed2a778db83be650e0c4c15ce22eb551b16036dd1eddcdaab83d057c1cde25,c1cfb196a5bc5a64c234367f37b0bc89392fecdaa74d7da5d1050a7427bbef73
project_train,train/attack/digital_2/iphone15pro/persian-010_03.jpg,data/processed/policy_c/train/attack/digital_2/iphone15pro/persian-010_03.jpg,persian-010_03,attack,digital_2,iphone15pro,1,71,bd81408b46a152dde8a4ab5411d103cab6636ba5dd4d86ae2b61b381569ec35e,738a159f0eceec8f9f2d47454063cc4b181c3e03998751836e94e5287b9dd7d3
project_train,train/attack/digital_2/scan/persian-010_03.jpg,data/processed/policy_c/train/attack/digital_2/scan/persian-010_03.jpg,persian-010_03,attack,digital_2,scan,1,69,a0058267cda11b63892092136c6917664b80e8db437127f7ba671c275b43502f,d25ce7ee369bd8a89a6eadf8bdb9eff241db8fa8226655b9555948d65c273b12
project_train,train/bonafide/huawei/persian-010_03.jpg,data/processed/policy_c/train/bonafide/huawei/persian-010_03.jpg,persian-010_03,bonafide,,huawei,0,55,f909e1fa8bbf7d7569b45df05b39d23e7a8642c7ef1f13a7a6ef7e42369a7492,3758118b32f5632ffb3341043f99a1fd66ca2dbd6f10b1ad9a484928b44d3ba8
project_train,train/bonafide/iphone15pro/persian-010_03.jpg,data/processed/policy_c/train/bonafide/iphone15pro/persian-010_03.jpg,persian-010_03,bonafide,,iphone15pro,0,71,9631fbef4c2756fe8a5c5952a244e630f2a60909bc54cf0cc2bfee84860ae47b,87073fd7cb77dc987745da64706c82367e90104962cd6d44093bfa2952370267
project_train,train/bonafide/scan/persian-010_03.jpg,data/processed/policy_c/train/bonafide/scan/persian-010_03.jpg,persian-010_03,bonafide,,scan,0,69,c4436b83e5a457f9429c49bc735e34b355c9e2d9ef39fdc34d5c39c0e3398e44,52d494b018a6afc6e29ddab0982480075396be3857d3dc52ff3dde275feb1025
project_train,train/attack/digital_1/huawei/persian-045_03.jpg,data/processed/policy_c/train/attack/digital_1/huawei/persian-045_03.jpg,persian-045_03,attack,digital_1,huawei,1,50,51ff1e1512c7ed651a2ef39cd890e2b5e8c0bbde83510346e8e2748bce75e06d,f8820868ec33f5ac930b069566021ddf6c8379d1ab34f9e3bf019a97e87a4473
project_train,train/attack/digital_1/iphone15pro/persian-045_03.jpg,data/processed/policy_c/train/attack/digital_1/iphone15pro/persian-045_03.jpg,persian-045_03,attack,digital_1,iphone15pro,1,54,5367b998dc32ee27b7ce59bde0f7bebe6fda2f38fc16c00abb7a43c2002c40b5,66541de5ac96c5334b4722e5c61c1a7381906386071bb8678654e3b17a28a74b
project_train,train/attack/digital_1/scan/persian-045_03.jpg,data/processed/policy_c/train/attack/digital_1/scan/persian-045_03.jpg,persian-045_03,attack,digital_1,scan,1,66,f843bc6626338d7efb76e8aaaa1a48dc19cb7ab61eaa77b424086dbb910c6648,22060679a125f6aadf1738835e98c815aae39f5a34617e107d4b444c24153b2b
project_train,train/attack/digital_2/huawei/persian-045_03.jpg,data/processed/policy_c/train/attack/digital_2/huawei/persian-045_03.jpg,persian-045_03,attack,digital_2,huawei,1,50,360af0073b8ae62e980f49b9e5e18a1d1bc1b1b5813d83c782820b3be715068b,a73bbc9ff67ba955bb85e1c77ce5443839190a0cded047bb7b841a4157342322
project_train,train/attack/digital_2/iphone15pro/persian-045_03.jpg,data/processed/policy_c/train/attack/digital_2/iphone15pro/persian-045_03.jpg,persian-045_03,attack,digital_2,iphone15pro,1,54,115ed64d791a4dc8afbdb306146a8834baa535cc3d24127f9df3393708460274,5a0d7b34cccb07c548309020d026088d6707c036b2eac34fe10f5eb36e034954
project_train,train/attack/digital_2/scan/persian-045_03.jpg,data/processed/policy_c/train/attack/digital_2/scan/persian-045_03.jpg,persian-045_03,attack,digital_2,scan,1,66,6781a76dc77a874d7317a518a220cf03bde5233dae64024132b9b6a4ccad2b19,450c756813289bab525c586fef7e95653350c570c082bb1ddfd97cb224d8bbd5
project_train,train/bonafide/huawei/persian-045_03.jpg,data/processed/policy_c/train/bonafide/huawei/persian-045_03.jpg,persian-045_03,bonafide,,huawei,0,50,25231cbb62f5c2a455f997bf6ef42ca0e8e2b13a50eff1abd39f5c1dc732d39f,bc0e6042a61ee99db31bdeec6ef1bb1b5ce321b7a5876090d750552673249de8
project_train,train/bonafide/iphone15pro/persian-045_03.jpg,data/processed/policy_c/train/bonafide/iphone15pro/persian-045_03.jpg,persian-045_03,bonafide,,iphone15pro,0,54,6bcda5e9f544ae53a9e2f805e987b9bc9dacf5010c427e9319881c071bc3e94a,ade88bafef82fb9aed6e7087ce0e178e41c098ebf61d55526f1f877910130ef6
project_train,train/bonafide/scan/persian-045_03.jpg,data/processed/policy_c/train/bonafide/scan/persian-045_03.jpg,persian-045_03,bonafide,,scan,0,66,ed1929118325d9e2eaa4f69f58ba51a1fdd6cf83c083ed3c194bfd93eb0407ca,7de448406af3e694f80ce65196a7676a194bc3e788d590708192432b572a013e
project_train,train/attack/digital_1/huawei/persian-069_03.jpg,data/processed/policy_c/train/attack/digital_1/huawei/persian-069_03.jpg,persian-069_03,attack,digital_1,huawei,1,51,5e9c45947f68f4d849e14f12d31aace00e746934d85162e8b8b713f44758967d,2e98f958fe0a87ea221c20032077b2197ca69e79dccd84aef23382369b286a6e
project_train,train/attack/digital_1/iphone15pro/persian-069_03.jpg,data/processed/policy_c/train/attack/digital_1/iphone15pro/persian-069_03.jpg,persian-069_03,attack,digital_1,iphone15pro,1,69,4c10c22a117eb6a7c65f25cc68dae43cac7ac43bb0e6af6467313e290441de35,0f3aabca30996ecfb65e67bf640530660c56582445783bb43fef87041f9d6a04
project_train,train/attack/digital_1/scan/persian-069_03.jpg,data/processed/policy_c/train/attack/digital_1/scan/persian-069_03.jpg,persian-069_03,attack,digital_1,scan,1,79,fd1867e00805ad083141e988316049b507b3284f5b4fc0cb0f9cdafecf6e7bf5,3c0708313d464f62141e65b3ba53cf57d51b765816554e710703244fb4939e81
project_train,train/attack/digital_2/huawei/persian-069_03.jpg,data/processed/policy_c/train/attack/digital_2/huawei/persian-069_03.jpg,persian-069_03,attack,digital_2,huawei,1,51,a5910f53e39c9b1a676759a466f514f31d98e83950e9efaac470f83f7584a450,2a989d368b40b409a80be5c5887e0f6b67d643fd281a419f570217f8a7233723
project_train,train/attack/digital_2/iphone15pro/persian-069_03.jpg,data/processed/policy_c/train/attack/digital_2/iphone15pro/persian-069_03.jpg,persian-069_03,attack,digital_2,iphone15pro,1,69,9b5e043b03698c5ef9bb6b92e05b912e07b5e3fa020e82730a82fee89e6af585,75a9a273c20c621a3fe4b57059f7624a6995f91f3232dc943982aa7afc038de4
project_train,train/attack/digital_2/scan/persian-069_03.jpg,data/processed/policy_c/train/attack/digital_2/scan/persian-069_03.jpg,persian-069_03,attack,digital_2,scan,1,79,7bab8140053e3d1b7b4ae6a978379a7efe54b98e6858f6df94c11449addcb0da,740e4ecc17db4c91cea9004880157c361d2c8f2d935bedb132c87f01eacf198c
project_train,train/bonafide/huawei/persian-069_03.jpg,data/processed/policy_c/train/bonafide/huawei/persian-069_03.jpg,persian-069_03,bonafide,,huawei,0,51,8cb344674890ffee199d5ee7fe83adcd74ece40219f0346dbb788e600b761f9d,b522c4c14ae4c8742ba5ab6a7261f255b94f999baff981cd74ad9db503219fd8
project_train,train/bonafide/iphone15pro/persian-069_03.jpg,data/processed/policy_c/train/bonafide/iphone15pro/persian-069_03.jpg,persian-069_03,bonafide,,iphone15pro,0,69,f00d8b56afffe5563d8532e0368c0e9ed19f1391bb0e03977e8de162c82a8eac,68da70750d81db21eb6fad9fe2063bfbbd4fd08df72d02d1fcca8a5affabbdce
project_train,train/bonafide/scan/persian-069_03.jpg,data/processed/policy_c/train/bonafide/scan/persian-069_03.jpg,persian-069_03,bonafide,,scan,0,79,4bb7f2272a7925c14a9c1d4fd4d04572fe8aea688a0a312ec2896c4b6a5cedc9,42abe888419cd5a12a6422a05a676e65cba22d057ddb46ff716b5c8e9f9e42e5
project_train,train/attack/digital_1/huawei/persian-087_03.jpg,data/processed/policy_c/train/attack/digital_1/huawei/persian-087_03.jpg,persian-087_03,attack,digital_1,huawei,1,66,d4e0b0e44af4b53a652106186428d54bb88aee97641f8c85b22cf7724eb68320,bdcec8cf045aa989a39a0ef1ebdf501631a3cf8221f6e07a4be18befc38f6cae
project_train,train/attack/digital_1/iphone15pro/persian-087_03.jpg,data/processed/policy_c/train/attack/digital_1/iphone15pro/persian-087_03.jpg,persian-087_03,attack,digital_1,iphone15pro,1,86,5903a629d0e0fbdd643ed70afa88946980649307b1ce7818184dfc44fcb154b7,cb16c87552a8e5cb79f6decfa9b10766974c413d571ad48f4d092965e2907756
project_train,train/attack/digital_1/scan/persian-087_03.jpg,data/processed/policy_c/train/attack/digital_1/scan/persian-087_03.jpg,persian-087_03,attack,digital_1,scan,1,61,0949da061a3bdebecf1675c4546f96c7ad0549f37a8966a628f6650eed9c3c03,f23f0e2782867e090a8baf153ef07e5953ac055508d48f307b10bfaf18d246d1
project_train,train/attack/digital_2/huawei/persian-087_03.jpg,data/processed/policy_c/train/attack/digital_2/huawei/persian-087_03.jpg,persian-087_03,attack,digital_2,huawei,1,66,cc8f6170475465c946be3edc409c0afd4bc8c396a76599e5b9a932935f68319c,d898f6ffb11b7e1579f7f2a75080e6cdcbcca053cb96688738e0a2525de6174d
project_train,train/attack/digital_2/iphone15pro/persian-087_03.jpg,data/processed/policy_c/train/attack/digital_2/iphone15pro/persian-087_03.jpg,persian-087_03,attack,digital_2,iphone15pro,1,86,4c07af758fe904112c8cdad5177bf17695727cebe356c5e2affbf5a7461791ae,4357484aa2d655bfd8f3bc86fbb25d8d9ec3fabf36c1e3c5ccd5f2026a4c07db
project_train,train/attack/digital_2/scan/persian-087_03.jpg,data/processed/policy_c/train/attack/digital_2/scan/persian-087_03.jpg,persian-087_03,attack,digital_2,scan,1,61,018a20b28b058bf249e30b6fdbe17ed46b7c1bd311f46b6dfee49c63c603ccaf,843fabb155f018e0646ff5097e8204dc2b2dc687c386e2eae147a79059ba4f15
project_train,train/bonafide/huawei/persian-087_03.jpg,data/processed/policy_c/train/bonafide/huawei/persian-087_03.jpg,persian-087_03,bonafide,,huawei,0,66,812709d1d28bebc5d4e073d9ee134caeaa64bd7f632e199c88c6ea2fe1c61724,fc0a960723f9fe37da6de7aad6444931dc5851e6fcf158771ce1b4468b330a83
project_train,train/bonafide/iphone15pro/persian-087_03.jpg,data/processed/policy_c/train/bonafide/iphone15pro/persian-087_03.jpg,persian-087_03,bonafide,,iphone15pro,0,86,804dd37ec17a83ea13d1609a24376489cfbc9e3cab92dda6666937e6f6820de6,961c71609e4eae21662739e752b76540c87963dcf22a66659a0230706a4d5c1d
project_train,train/bonafide/scan/persian-087_03.jpg,data/processed/policy_c/train/bonafide/scan/persian-087_03.jpg,persian-087_03,bonafide,,scan,0,61,2c6408369482dc6c61e0dc491942f94bbb21159922ffab8f933ec1cda8f5406b,6f0a24f1b2c298dde5c367e1af2025ff7caf2f7ca7a426964b5dc516beca1710
project_train,train/attack/digital_1/huawei/persian-122_03.jpg,data/processed/policy_c/train/attack/digital_1/huawei/persian-122_03.jpg,persian-122_03,attack,digital_1,huawei,1,69,ecffcaf87d942d263f8792fd73ff8a915e54ef9f55f40af182ca3527923505f7,bbc0fe6705c4787ee2c928f4c5b693d9759119d5e9068fce010b2c7a091e3493
project_train,train/attack/digital_1/iphone15pro/persian-122_03.jpg,data/processed/policy_c/train/attack/digital_1/iphone15pro/persian-122_03.jpg,persian-122_03,attack,digital_1,iphone15pro,1,79,3d65ac82f22b414202b49213aadcb2a95cb1061b79a7779143140f75fff599ac,d003e7fa1250bc88417cf53bedf6ca98c58fe4c79621779e950e8cca40362a2c
project_train,train/attack/digital_1/scan/persian-122_03.jpg,data/processed/policy_c/train/attack/digital_1/scan/persian-122_03.jpg,persian-122_03,attack,digital_1,scan,1,61,f764d1633e2950ccdfd8f33d11da25df72e0db4a108cd2c440ee0559a1336931,a9dd2ffe52f2ae19948fe1cc7cb3b07536be591875a9c3c98491a58531c24352
project_train,train/attack/digital_2/huawei/persian-122_03.jpg,data/processed/policy_c/train/attack/digital_2/huawei/persian-122_03.jpg,persian-122_03,attack,digital_2,huawei,1,69,1cf831062c4de575cd5a97faee599d50eca243e6e0fca986f398208b77b043ca,add1299e6d46ccf615aaa2ece41daae9907a79d440d3bdd1dc43799a2b6680d5
project_train,train/attack/digital_2/iphone15pro/persian-122_03.jpg,data/processed/policy_c/train/attack/digital_2/iphone15pro/persian-122_03.jpg,persian-122_03,attack,digital_2,iphone15pro,1,79,ccc07017747444fddcb82cb590b03f0f135ed64d5ce74049472dbd8265fb5cae,9dbc47580a0e8a07720f1804bc78fa03a8f8b467cd54fd217dc87e1b23839cbd
project_train,train/attack/digital_2/scan/persian-122_03.jpg,data/processed/policy_c/train/attack/digital_2/scan/persian-122_03.jpg,persian-122_03,attack,digital_2,scan,1,61,bc7c58e43606dab2c3bef6278b8ff674cd17c6dc6988579e28eca44b04b007a1,81a1e9f7f2b4981b60bbfd9b73e64009e865d45174ac0c296a2b16c828ab5c78
project_train,train/bonafide/huawei/persian-122_03.jpg,data/processed/policy_c/train/bonafide/huawei/persian-122_03.jpg,persian-122_03,bonafide,,huawei,0,69,4100adb23279995464243abe566686e3d5f0d440731581badf2335036a9b4b16,4d4f7e30fdbfd8251a5cd1efc895ee40212aab319a83dae74cacee3a64caa441
project_train,train/bonafide/iphone15pro/persian-122_03.jpg,data/processed/policy_c/train/bonafide/iphone15pro/persian-122_03.jpg,persian-122_03,bonafide,,iphone15pro,0,79,7c03d6b26da5e6a7521025887aee24c421c69ef03da0fb4fa281cce4c2a6e085,49703ab928b0df51043ba31d9407c89a0171489789e0a1c11311554c41ce0b82
project_train,train/bonafide/scan/persian-122_03.jpg,data/processed/policy_c/train/bonafide/scan/persian-122_03.jpg,persian-122_03,bonafide,,scan,0,61,ec893c0abb95d4b7e60b0871e0a03bc685f8d6ba3f85765c8d8c32b3dffc0002,ea4406fa160f1b2d35ec4bf9e8d9e3bed046cabe0e62aecd5173378f2afac4ee
project_train,train/attack/digital_1/huawei/persian-NF-1001.jpg,data/processed/policy_c/train/attack/digital_1/huawei/persian-NF-1001.jpg,persian-NF-1001,attack,digital_1,huawei,1,84,4bf92613e13f62c15bd7746c1a3f7433bbb779b205ab60710ec0bbf191334abe,c5f27b2b30c59e944be633adfabd1a9ab6170ea768f20b3987d73aa2d1dc9d5c
project_train,train/attack/digital_1/iphone15pro/persian-NF-1001.jpg,data/processed/policy_c/train/attack/digital_1/iphone15pro/persian-NF-1001.jpg,persian-NF-1001,attack,digital_1,iphone15pro,1,85,590d17f70e9d1620d5a86ac8815644f5beb7ea6103a1427bf15278d9e9cbe96a,14e5898e90cfd571e04c79d5c23feaaf2320e5534eccfd4bee379b4776a87064
project_train,train/attack/digital_1/scan/persian-NF-1001.jpg,data/processed/policy_c/train/attack/digital_1/scan/persian-NF-1001.jpg,persian-NF-1001,attack,digital_1,scan,1,60,ff57740ca7321b65d8f5c6f2830ba415e28e559ce705ada7b786492aca310da3,d7aab51a6616f812ef4367ff950f6bec5c092ddb3c274e9fba9c95233685829f
project_train,train/attack/digital_2/huawei/persian-NF-1001.jpg,data/processed/policy_c/train/attack/digital_2/huawei/persian-NF-1001.jpg,persian-NF-1001,attack,digital_2,huawei,1,84,a9458e8357a8765d91175af4ef5c2632283f87a9dc1a370d4d35d24787da426d,6b443bb19d71b0c9b02ceef18b938b08b83664f4d1a189229a52beed9b1d0a5f
project_train,train/attack/digital_2/iphone15pro/persian-NF-1001.jpg,data/processed/policy_c/train/attack/digital_2/iphone15pro/persian-NF-1001.jpg,persian-NF-1001,attack,digital_2,iphone15pro,1,85,8481221fdb3a3b0642425dea648d575928ef592d7f4ec9ab9aba9bda279884ef,205df11ca5bd94a752458d68d306dde20943c1d2a6f31f6c5784078b18e10c53
project_train,train/attack/digital_2/scan/persian-NF-1001.jpg,data/processed/policy_c/train/attack/digital_2/scan/persian-NF-1001.jpg,persian-NF-1001,attack,digital_2,scan,1,60,9b97766a3395abd11512b222a739a24617ba7f7ba16925e4c5fcfad5aca25b29,eb9a249a75adb5a35119497279c63918155193d4a8995d2624f83187b1a18f89
project_train,train/bonafide/huawei/persian-NF-1001.jpg,data/processed/policy_c/train/bonafide/huawei/persian-NF-1001.jpg,persian-NF-1001,bonafide,,huawei,0,84,381c1dae260bd1c540ce4cbd0f73cea40345c57cb45fbb3205005c29402c6371,c03d4657adef0e0106d0a5b0e386793a5ce6c4e4e735cbf9708eed143eda8fd6
project_train,train/bonafide/iphone15pro/persian-NF-1001.jpg,data/processed/policy_c/train/bonafide/iphone15pro/persian-NF-1001.jpg,persian-NF-1001,bonafide,,iphone15pro,0,85,76e878faa40234025a6b0f6f1809c88000f0fc1c0b27ceb00db9eb03a355727d,8ad9ffa8bdc5027170f686ebb3c15f08a50ff02bb2a812253697e93cd1752e2b
project_train,train/bonafide/scan/persian-NF-1001.jpg,data/processed/policy_c/train/bonafide/scan/persian-NF-1001.jpg,persian-NF-1001,bonafide,,scan,0,60,7f3c783ede6424f0cb831a8c2d6f137f57be1a3a51b9fec2eb7198a63e895c54,102a64a9a13878dc4053e07d5885a7789d90af31ca93d1b0c0c3b0ab40a64998
project_train,train/attack/digital_1/huawei/persian-NF-1031.jpg,data/processed/policy_c/train/attack/digital_1/huawei/persian-NF-1031.jpg,persian-NF-1031,attack,digital_1,huawei,1,81,40621190af653587ab43721431c15706ee8d421c21828cfc003773584d3d0ce0,4f0af9084b3e311bb56639c77047e754585374e1c2f216f6ff52be9958e66f84
project_train,train/attack/digital_1/iphone15pro/persian-NF-1031.jpg,data/processed/policy_c/train/attack/digital_1/iphone15pro/persian-NF-1031.jpg,persian-NF-1031,attack,digital_1,iphone15pro,1,65,f7c6cf68a609bdc9f51597e7d9bdbf09bd535521d4214653c0c6fa1f5f069235,2161c0d04c82ef8a50b28e31f25b36764dea97d907db1b1255bae9c42224e0e5
project_train,train/attack/digital_1/scan/persian-NF-1031.jpg,data/processed/policy_c/train/attack/digital_1/scan/persian-NF-1031.jpg,persian-NF-1031,attack,digital_1,scan,1,81,6f8941759d285314cd48cd125ed9f65e6d7a48fe516f59aed2cff0b230a19dd0,9cf273d37e51a64761ba1669dfdb30ab9cce9f3597035fb1cf11e7809fb13532
project_train,train/attack/digital_2/huawei/persian-NF-1031.jpg,data/processed/policy_c/train/attack/digital_2/huawei/persian-NF-1031.jpg,persian-NF-1031,attack,digital_2,huawei,1,81,860dfa9b3bd84e853f77081c6c6ebb4a5766ec3cdf5a48a0515b35862f4dd978,d2408cee0a009683ad48ab246e2b74cda90cd2850dcd4d8d3182edc5e0f62752
project_train,train/attack/digital_2/iphone15pro/persian-NF-1031.jpg,data/processed/policy_c/train/attack/digital_2/iphone15pro/persian-NF-1031.jpg,persian-NF-1031,attack,digital_2,iphone15pro,1,65,5a26c65f1e93635cfb37bfb42883015736f28b6f60c013d5babef5f523a637ec,1f10a9861d1ae6476e78288e23dca9536cda045d3d5a279c9b1ed17fa6782176
project_train,train/attack/digital_2/scan/persian-NF-1031.jpg,data/processed/policy_c/train/attack/digital_2/scan/persian-NF-1031.jpg,persian-NF-1031,attack,digital_2,scan,1,81,d71a47c70d631d010d97cd14c5b327e8826a7bc16cf167ab1255d6e531aa0309,ea32712d640a987e3c84d09b63f424ee6c17a4ce732ac1016e0572f2cdcf0688
project_train,train/bonafide/huawei/persian-NF-1031.jpg,data/processed/policy_c/train/bonafide/huawei/persian-NF-1031.jpg,persian-NF-1031,bonafide,,huawei,0,81,f9624e51fd109633ef8e439e489e242bb649f9512529f7fcbc81923629f71ae8,1e4f33821b00825cdefc72ca55fd9ed82a47c54363dd5e0082ff59a4ae8505ed
project_train,train/bonafide/iphone15pro/persian-NF-1031.jpg,data/processed/policy_c/train/bonafide/iphone15pro/persian-NF-1031.jpg,persian-NF-1031,bonafide,,iphone15pro,0,65,8c4d81165534a5f077dc4b676975f74a7608c26c7cf0cc499e09db78ce89d778,0e177132ad77aef61fdbc7deff77df9ac93ca5bc4cd09636457d4b712eb2bfc9
project_train,train/bonafide/scan/persian-NF-1031.jpg,data/processed/policy_c/train/bonafide/scan/persian-NF-1031.jpg,persian-NF-1031,bonafide,,scan,0,81,233c11c0e12e2ce3c81eba8ce309ec37b82048a4bcdbb0f10ca37064a3f32ce6,0cf17cff1e7f443b789cffabaf86796c7d962fce8ffd5a91c9bcaf409ee3c2dc
project_train,train/attack/digital_1/huawei/persian-NF-1034.jpg,data/processed/policy_c/train/attack/digital_1/huawei/persian-NF-1034.jpg,persian-NF-1034,attack,digital_1,huawei,1,89,d071139f62fb815ba2aef8944863093f9f07f325f8d0faca3282c11c3c8df2df,811e79819b0d65dacc4732b4aed4cf0133b8da7cc663d6c3975be74700ea9c31
project_train,train/attack/digital_1/iphone15pro/persian-NF-1034.jpg,data/processed/policy_c/train/attack/digital_1/iphone15pro/persian-NF-1034.jpg,persian-NF-1034,attack,digital_1,iphone15pro,1,67,946491da8ad40360a93e708536a2055f0c33c9e19195547945eef4de09b32499,2f4de7681bdfbcad7612eff8d274e7dc360187ad8e4ab3d4e976f1b7a6fe9035
project_train,train/attack/digital_1/scan/persian-NF-1034.jpg,data/processed/policy_c/train/attack/digital_1/scan/persian-NF-1034.jpg,persian-NF-1034,attack,digital_1,scan,1,72,d88f822194ab05c630fb07c30d0c44411d6db6c6a98e22b805ca66442f91db1c,1e066efe871e1c8ff9cb5561bfd6c0f1c032110f6a53d74ae94acdd9e90162ee
project_train,train/attack/digital_2/huawei/persian-NF-1034.jpg,data/processed/policy_c/train/attack/digital_2/huawei/persian-NF-1034.jpg,persian-NF-1034,attack,digital_2,huawei,1,89,9615900e5c94bc6e9a3048cbe631917be93df8dbef7327ac6837e4e8d0560ecf,2c34e74095f20c3d6a4f4a4486eff9fde9566a00122a6424825dd58f0d1f3afc
project_train,train/attack/digital_2/iphone15pro/persian-NF-1034.jpg,data/processed/policy_c/train/attack/digital_2/iphone15pro/persian-NF-1034.jpg,persian-NF-1034,attack,digital_2,iphone15pro,1,67,f457fa896c336bcfe212a9b9c8c9f2e7491eefcbf9f78b89f364ff79fcae4010,419884cae5424bde7c911a88f1f5f8eb9875b76c5a9dfcc204cb78570049b984
project_train,train/attack/digital_2/scan/persian-NF-1034.jpg,data/processed/policy_c/train/attack/digital_2/scan/persian-NF-1034.jpg,persian-NF-1034,attack,digital_2,scan,1,72,7d7704c7057c52b78bcfd91a9968cc764296c36ceb0e5a5a7f925bd7c91c3e05,1513ef308f177fcca2c986c1f81703150ff26625d8512633e6b2bdac4ba5ce23
project_train,train/bonafide/huawei/persian-NF-1034.jpg,data/processed/policy_c/train/bonafide/huawei/persian-NF-1034.jpg,persian-NF-1034,bonafide,,huawei,0,89,8b42715f7ce69eaf6389f6c6815e30383c4458725e85a44aa715d55484983b69,7bf9beb772d059965490936507a47128442c7eaf70275264b75b7805bf7ffaf3
project_train,train/bonafide/iphone15pro/persian-NF-1034.jpg,data/processed/policy_c/train/bonafide/iphone15pro/persian-NF-1034.jpg,persian-NF-1034,bonafide,,iphone15pro,0,67,4b2e5c1099524d340517ec168b8533457343ca185a25b7fc3e90ab28b5d1c9db,311614d32286313a45aeaf1161e7eec82bc618f8cc923583c99708b9b7466292
project_train,train/bonafide/scan/persian-NF-1034.jpg,data/processed/policy_c/train/bonafide/scan/persian-NF-1034.jpg,persian-NF-1034,bonafide,,scan,0,72,c9998b265ec57ea04578f1ba5422e260c466c0c24ec53d5daf6dc84135db01b8,91e037a330de08deba820fef68b850a5adbe11a2fe9ffca64770c1476c3f3f16
project_train,train/attack/digital_1/huawei/persian-NF-1043.jpg,data/processed/policy_c/train/attack/digital_1/huawei/persian-NF-1043.jpg,persian-NF-1043,attack,digital_1,huawei,1,60,ab3febe9d1f813ff7839d3a8953937287569dbbd3b2c1b60b1a6eecd7a2e996d,a6533324939fd77cab8f97c2c65484d815c89d4ad330743d86de1047a1f5eca5
project_train,train/attack/digital_1/iphone15pro/persian-NF-1043.jpg,data/processed/policy_c/train/attack/digital_1/iphone15pro/persian-NF-1043.jpg,persian-NF-1043,attack,digital_1,iphone15pro,1,78,b46f2b2b6f7d4e1331d8238667fcf747a91babacd70300e6c8374e3e14823767,154be74f7a327969f381b80a4b8f162b965ce4eb927d1ed650980b3446af9805
project_train,train/attack/digital_1/scan/persian-NF-1043.jpg,data/processed/policy_c/train/attack/digital_1/scan/persian-NF-1043.jpg,persian-NF-1043,attack,digital_1,scan,1,81,a9d09dff80f1373813b1a38a3e57becc7266d6163115b69afe85cfb1b5d5b31d,c997386325ad3ff00ab02a63d05bc4921e1c7f02fe7a34a544f4e0ed6b8948fe
project_train,train/attack/digital_2/huawei/persian-NF-1043.jpg,data/processed/policy_c/train/attack/digital_2/huawei/persian-NF-1043.jpg,persian-NF-1043,attack,digital_2,huawei,1,60,ac0099fd7cded78a9ec00b59366ac2610787a45e2ad50e7d1264c3c8e5471315,fecbaa83368c908c8e542d86f0c2da606dc19e54e118a54ea2ee8344ab87969d
project_train,train/attack/digital_2/iphone15pro/persian-NF-1043.jpg,data/processed/policy_c/train/attack/digital_2/iphone15pro/persian-NF-1043.jpg,persian-NF-1043,attack,digital_2,iphone15pro,1,78,1e9436852b57b39a8f176f8836ed01c52ee9fd84f4bae0207c37feef02df8959,ba8fd78375171bfbd07d1613e690800200bfca542fe9213b330d62a7b0cb44f3
project_train,train/attack/digital_2/scan/persian-NF-1043.jpg,data/processed/policy_c/train/attack/digital_2/scan/persian-NF-1043.jpg,persian-NF-1043,attack,digital_2,scan,1,81,3f60a921e166c1ac9ae252039cfe44b89886134d741eb5344d40aeb231796b3d,98513f155e753b948f63f34455645419a29f881e6d5c930217c9fe3f1d87ffb7
project_train,train/bonafide/huawei/persian-NF-1043.jpg,data/processed/policy_c/train/bonafide/huawei/persian-NF-1043.jpg,persian-NF-1043,bonafide,,huawei,0,60,6cc4179ee10087d9e248f153a37cbf0992b8ab0e5965aadf2456ae084fca84e8,68787c74d5903d089b2be18e86ff4f61876c1325d7ef880db73a3d9269594169
project_train,train/bonafide/iphone15pro/persian-NF-1043.jpg,data/processed/policy_c/train/bonafide/iphone15pro/persian-NF-1043.jpg,persian-NF-1043,bonafide,,iphone15pro,0,78,8328b2a93f82ad64d728f0e821d853d296f5c737d9db05afb878cbaad238fe93,a21f047f92d9fd5db507fc34dd6d86dcc383a2c0421640dd0550673a4b647300
project_train,train/bonafide/scan/persian-NF-1043.jpg,data/processed/policy_c/train/bonafide/scan/persian-NF-1043.jpg,persian-NF-1043,bonafide,,scan,0,81,d8bffc22606322880c1dec137011c54ddcf2ed99ef45f08189245e784b9b7cb4,be6cbe1aaa0acc5a86f1d60ae15b3e76be3c25f3fa4efadce8c735a267985124
project_train,train/attack/digital_1/huawei/persian-NF-1079.jpg,data/processed/policy_c/train/attack/digital_1/huawei/persian-NF-1079.jpg,persian-NF-1079,attack,digital_1,huawei,1,65,5f6acfaab07565426b84b5fa2f5296be8352f78d706df893fa3fb21b4ed7b103,aabc55e3ebd495f86779f565e4deb49c8e73ac9bc24d063d83d203bcbf992f00
project_train,train/attack/digital_1/iphone15pro/persian-NF-1079.jpg,data/processed/policy_c/train/attack/digital_1/iphone15pro/persian-NF-1079.jpg,persian-NF-1079,attack,digital_1,iphone15pro,1,68,79b0d52087d1f6ce3e183995bf1a57c86f8fb7807b47ec4c2d9631d2e98bb53c,6a42ad7ed95d5a5e321ac98d00374722f161373b81088c0ac490ffa58795650c
project_train,train/attack/digital_1/scan/persian-NF-1079.jpg,data/processed/policy_c/train/attack/digital_1/scan/persian-NF-1079.jpg,persian-NF-1079,attack,digital_1,scan,1,80,803aa5b5f64cc872928f4b84986d68debe2686ead77581d87d8b6e475fb22fe2,92fd94dc12d8fcb43157617769503120d7163c6358b68a50b588a8a907b3a62a
project_train,train/attack/digital_2/huawei/persian-NF-1079.jpg,data/processed/policy_c/train/attack/digital_2/huawei/persian-NF-1079.jpg,persian-NF-1079,attack,digital_2,huawei,1,65,c5b5c945c3cc203b74d9dfb786eebcd93b516e14395161635d4d20a99b0ca4c9,201c7dc363fdf7d74447e3462e9c22f6f8bea21e7ab49f42677c82284b286697
project_train,train/attack/digital_2/iphone15pro/persian-NF-1079.jpg,data/processed/policy_c/train/attack/digital_2/iphone15pro/persian-NF-1079.jpg,persian-NF-1079,attack,digital_2,iphone15pro,1,68,c8286f374f5833004c4328f659f0ef4ea924e7d2b095d51fddd4cb96c3187d79,5c66e08a45fab80b95c8e3d52db334ccd2caf76dbabe1f9a922f915ef2a4e4a7
project_train,train/attack/digital_2/scan/persian-NF-1079.jpg,data/processed/policy_c/train/attack/digital_2/scan/persian-NF-1079.jpg,persian-NF-1079,attack,digital_2,scan,1,80,0195388579bcbe66921211885fb2450d0eee9554975bdcd91f5aa83cde61b2d1,d223d22080a7a88e6f6f0865ab6f796abf056fcd0f451600bbb19c7a78d230a4
project_train,train/bonafide/huawei/persian-NF-1079.jpg,data/processed/policy_c/train/bonafide/huawei/persian-NF-1079.jpg,persian-NF-1079,bonafide,,huawei,0,65,ca94c034ffc7b09a9924b41eedd2bbfe0daaef299c094dda8537db6494a3cdca,79c220f187e65497809c8059265623d6f2c4e736995494be59e3fc978d544937
project_train,train/bonafide/iphone15pro/persian-NF-1079.jpg,data/processed/policy_c/train/bonafide/iphone15pro/persian-NF-1079.jpg,persian-NF-1079,bonafide,,iphone15pro,0,68,dc850dfd140b1f6025c37398ee81dea9ecf74fae3bf52ff22839a3408d8e607e,ea9a4d80eeb7b409fe8d31c331e87d73da572846f82329474a56e4eeb7213a0b
project_train,train/bonafide/scan/persian-NF-1079.jpg,data/processed/policy_c/train/bonafide/scan/persian-NF-1079.jpg,persian-NF-1079,bonafide,,scan,0,80,3c1be7ad884b19e025f328ef2c2688a399fc5ec4fdc50c2d739427102b610109,bb47bf377f457cf6b6180f1ae8bfc9aed99701ee5e4b0af82eb1d9737b229835
project_train,train/attack/digital_1/huawei/persian-NF-1108.jpg,data/processed/policy_c/train/attack/digital_1/huawei/persian-NF-1108.jpg,persian-NF-1108,attack,digital_1,huawei,1,89,857a2440b8bcf1687feae8079d93c1f7a9feddb52477d526f331f96bdbd299e2,09d8bffa435d632ef22908da4cd4bbaa2348185db65bad0b1125aac2b02ca35c
project_train,train/attack/digital_1/iphone15pro/persian-NF-1108.jpg,data/processed/policy_c/train/attack/digital_1/iphone15pro/persian-NF-1108.jpg,persian-NF-1108,attack,digital_1,iphone15pro,1,70,2098d3be2021fa163d8157c96130611a760b23a38f34e577a0066b575ae22e0b,f900caf49c1a6a52a2fb479e9842a9cff12175dea5940c1f09ccec994b093e33
project_train,train/attack/digital_1/scan/persian-NF-1108.jpg,data/processed/policy_c/train/attack/digital_1/scan/persian-NF-1108.jpg,persian-NF-1108,attack,digital_1,scan,1,51,08da0df9fdff289dc2da3a3faab9ad2d888fa3fe7b9712caf5abfd2e32933bd6,5599c4df424f351837b3b6abd9a864bd5712cb6039dc269369276b823d6a7b90
project_train,train/attack/digital_2/huawei/persian-NF-1108.jpg,data/processed/policy_c/train/attack/digital_2/huawei/persian-NF-1108.jpg,persian-NF-1108,attack,digital_2,huawei,1,89,b4a905cd0eaae7ffd356b58affceb49f0318ba65812b36c6992f4fa36936c3b5,520cc52bddfd910bd9d43d07b95471ab94b5f1d094991a68d4c7d8e490ac22cc
project_train,train/attack/digital_2/iphone15pro/persian-NF-1108.jpg,data/processed/policy_c/train/attack/digital_2/iphone15pro/persian-NF-1108.jpg,persian-NF-1108,attack,digital_2,iphone15pro,1,70,25928ac4e658a61124c2fde92c4d70b6ddf8d6d2f5b8b1017f44c8e93b1a3a19,6a35587bffdfe947d1828fbecc64296d1f8a61fdb425b3e2ef1f206a918fbfbb
project_train,train/attack/digital_2/scan/persian-NF-1108.jpg,data/processed/policy_c/train/attack/digital_2/scan/persian-NF-1108.jpg,persian-NF-1108,attack,digital_2,scan,1,51,e31c8f5ea884fb5b53e5a833e610674227e51c539f4ab625b0bd53ac992055c7,945c0d89fdd660c41a78ea529f73ebc34132e25d9e6ec23f8ea230ae02cdd225
project_train,train/bonafide/huawei/persian-NF-1108.jpg,data/processed/policy_c/train/bonafide/huawei/persian-NF-1108.jpg,persian-NF-1108,bonafide,,huawei,0,89,ec93e4a44df20507b3b7d64cff02c8593ba8d2221391324a0c589648fd5d8e39,240c08532f4cad369b0a4b6c2e410ea176ecaa12af98a2dfb4d2a239f6a37e00
project_train,train/bonafide/iphone15pro/persian-NF-1108.jpg,data/processed/policy_c/train/bonafide/iphone15pro/persian-NF-1108.jpg,persian-NF-1108,bonafide,,iphone15pro,0,70,011a0321bdda379336e8d1a343944bfc405748d48e066cd4ed432192ec17fb4e,30bd636602dbdb50f9af5b277655cb65d554308a6e69bb52d62bd942f4b9fcb2
project_train,train/bonafide/scan/persian-NF-1108.jpg,data/processed/policy_c/train/bonafide/scan/persian-NF-1108.jpg,persian-NF-1108,bonafide,,scan,0,51,b7aec8eaa6e423c28d3970cde0ad3966ef0a8c280790465fff54267a13d28615,0b22168aa56d07790ba753977f3a58edc2bf0aaf30096c3311f42b956eaae2d4
project_train,train/attack/digital_1/huawei/persian-NM-1010.jpg,data/processed/policy_c/train/attack/digital_1/huawei/persian-NM-1010.jpg,persian-NM-1010,attack,digital_1,huawei,1,59,d8f4a655cdc33fb97d6bf9252b71cafc7064fb0d6c5255e4f1ca8d6f6b0b725e,290dfe06fa4e5c0e1a10d46304fc9c9cdb91f86143eef84f912426c21fe0d454
project_train,train/attack/digital_1/iphone15pro/persian-NM-1010.jpg,data/processed/policy_c/train/attack/digital_1/iphone15pro/persian-NM-1010.jpg,persian-NM-1010,attack,digital_1,iphone15pro,1,88,4b476abaef96fd51640d994c3890cf8730ec5bdcfd6cece97a0ed2b8d3a7bcde,85b2ce61db18816216abe5c1f2db10239b36e93ba85212ccd0304525ef0a4f20
project_train,train/attack/digital_1/scan/persian-NM-1010.jpg,data/processed/policy_c/train/attack/digital_1/scan/persian-NM-1010.jpg,persian-NM-1010,attack,digital_1,scan,1,69,cdfbeb88506990d2734dcefdf800f538c47d019f322b7296b8e7c5bc1c6e786c,8f04105026dcf4c6f7d6c4c1c3ca8e5aebe498d4a177c5efc54826aa70132ba6
project_train,train/attack/digital_2/huawei/persian-NM-1010.jpg,data/processed/policy_c/train/attack/digital_2/huawei/persian-NM-1010.jpg,persian-NM-1010,attack,digital_2,huawei,1,59,09348f2873aabc16e9a78a8aee44794cfcaec87a947f0d1cbdb70e1c4b60eef3,35bd2d773bf4344632254a2b2a3bc061c788b448972141b9593ea33b72ead924
project_train,train/attack/digital_2/iphone15pro/persian-NM-1010.jpg,data/processed/policy_c/train/attack/digital_2/iphone15pro/persian-NM-1010.jpg,persian-NM-1010,attack,digital_2,iphone15pro,1,88,1a73a5c707e89e857d587fe853e3f24e97b6d1fdc72157f6c5e92d120dbeb6da,96b2664c1e180b6931e07aad5e0a5cb578175549adc8aa2894678543dba97814
project_train,train/attack/digital_2/scan/persian-NM-1010.jpg,data/processed/policy_c/train/attack/digital_2/scan/persian-NM-1010.jpg,persian-NM-1010,attack,digital_2,scan,1,69,8555771745c2662a5aaf3596094d42716e8e5bdfb5469e0fe26f3be4450a515c,1b0d2f33dbe717da69b2241381ddfbeab3de81c2f558d1a8581e604b452e22c7
project_train,train/bonafide/huawei/persian-NM-1010.jpg,data/processed/policy_c/train/bonafide/huawei/persian-NM-1010.jpg,persian-NM-1010,bonafide,,huawei,0,59,611db91d9eb56b3b56aace9dd6c9a4e84f747183f24a5a9bb7b36adf3bbf9e9f,21ec7e1a639e2114036ed84b860a9cf5813a465ae431e7f8f80dba3a9b472124
project_train,train/bonafide/iphone15pro/persian-NM-1010.jpg,data/processed/policy_c/train/bonafide/iphone15pro/persian-NM-1010.jpg,persian-NM-1010,bonafide,,iphone15pro,0,88,a2fa06c82503fb1632bf79128e04591863a9804a0ce40d9b53265fbcac28fe00,6c20d7e4ba5cac5f7a4549fb4f4c2c475374cc133522078c265417ab5451e45d
project_train,train/bonafide/scan/persian-NM-1010.jpg,data/processed/policy_c/train/bonafide/scan/persian-NM-1010.jpg,persian-NM-1010,bonafide,,scan,0,69,2956dea58a7f0ad0d6f91cb216f6eec04d05a18417513af849f71c871bf3182e,2416cfca994f49ebdb0ac39cb86b7757d9c4f1fdf399b7ae3e8935b822853cd1
project_train,train/attack/digital_1/huawei/persian-NM-1074.jpg,data/processed/policy_c/train/attack/digital_1/huawei/persian-NM-1074.jpg,persian-NM-1074,attack,digital_1,huawei,1,69,4d732a78b261f9036fbb4ac6a0815e982a8bca38b28ed550fa8a366f830736da,9c694513141021feadb014586d90b59885ecf7c65cfea26421a9b3612976b43b
project_train,train/attack/digital_1/iphone15pro/persian-NM-1074.jpg,data/processed/policy_c/train/attack/digital_1/iphone15pro/persian-NM-1074.jpg,persian-NM-1074,attack,digital_1,iphone15pro,1,83,8544b03447a4567e2faa089d4a799ae9e842f79fe2860b85110c4f215438071a,0c65d87cabc721502afcdb66d24ad6c8e3a8bd7cdd936ff194aa629d2c507a53
project_train,train/attack/digital_1/scan/persian-NM-1074.jpg,data/processed/policy_c/train/attack/digital_1/scan/persian-NM-1074.jpg,persian-NM-1074,attack,digital_1,scan,1,51,7c02bae8133e815a7e549637ec862c243a5150c49aaa3aad9a6b37628c07f8be,864dc5e01f5e82001f89732b29463224fb19a0fd24fc51fad7ceb0c4b0b40883
project_train,train/attack/digital_2/huawei/persian-NM-1074.jpg,data/processed/policy_c/train/attack/digital_2/huawei/persian-NM-1074.jpg,persian-NM-1074,attack,digital_2,huawei,1,69,91f92dc058cfaab52c3d36316f4919b00b4904b0c1ea3325592d068cd15193ac,4013d4b3d2e2a7d2a74db33023f9e0942bdb27aabd6dc28c00e9d30a209a2d33
project_train,train/attack/digital_2/iphone15pro/persian-NM-1074.jpg,data/processed/policy_c/train/attack/digital_2/iphone15pro/persian-NM-1074.jpg,persian-NM-1074,attack,digital_2,iphone15pro,1,83,fd44aad2289e16977d973d35a1a1fb2c929c946ca0531b8de1a932f12b5986d6,12a12264188fd7e8eb0931816cd95828979886ed964d9af74bc32d7ed49ed657
project_train,train/attack/digital_2/scan/persian-NM-1074.jpg,data/processed/policy_c/train/attack/digital_2/scan/persian-NM-1074.jpg,persian-NM-1074,attack,digital_2,scan,1,51,43f41a0c4c536ace3209a9d58f1663a374117fcad23cb092cd8dc3154f075541,7d71f8e107b847442c6669c0423955e23ffe058b89e0e82d7879fd9a536a91c5
project_train,train/bonafide/huawei/persian-NM-1074.jpg,data/processed/policy_c/train/bonafide/huawei/persian-NM-1074.jpg,persian-NM-1074,bonafide,,huawei,0,69,5945262f725fcba79c8460340dd5ce7800c4c7c1a0710d6574792b9277edaa79,e895bc84a88b7bfc31daf09b0d8a5b426818f98d6eb23373880aa5721e857ca2
project_train,train/bonafide/iphone15pro/persian-NM-1074.jpg,data/processed/policy_c/train/bonafide/iphone15pro/persian-NM-1074.jpg,persian-NM-1074,bonafide,,iphone15pro,0,83,10e186df002fe2b78977eebde7b2460d5d509ade6505ea9de0e3efcbe80ddc51,d5b8571418d281250c1785bb262659ed91c5470b738049780a2a04787e84c0c4
project_train,train/bonafide/scan/persian-NM-1074.jpg,data/processed/policy_c/train/bonafide/scan/persian-NM-1074.jpg,persian-NM-1074,bonafide,,scan,0,51,ed2093c0034471abf1d5c67adaceb03639fcdbb300f0b20c7ae8c6d5e51ba917,106fec657dc2bdccbe86e142f77a02d8ac0cc33e14a84d17249ce063376efb0a
project_train,train/attack/digital_1/huawei/portugal-004_03.jpg,data/processed/policy_c/train/attack/digital_1/huawei/portugal-004_03.jpg,portugal-004_03,attack,digital_1,huawei,1,74,7ff9b5c72c15d907b1c4a92eaedc4da781f35b1770d19e22e39ae05b37f351a9,5070e085515bbc1cf0c92b6cb06e66cef08f5b8c060588f2b763089560ecad3f
project_train,train/attack/digital_1/iphone15pro/portugal-004_03.jpg,data/processed/policy_c/train/attack/digital_1/iphone15pro/portugal-004_03.jpg,portugal-004_03,attack,digital_1,iphone15pro,1,77,6d926b9649c6308fea7927209dc0e2d06ce52b2221353df32b776e531054530a,4deb755a537690c494f80c9b81cd89fe1d919c7598be337d03e0e76894277540
project_train,train/attack/digital_1/scan/portugal-004_03.jpg,data/processed/policy_c/train/attack/digital_1/scan/portugal-004_03.jpg,portugal-004_03,attack,digital_1,scan,1,79,4fe6e458dfe1e0892ef34c462d2d9966ee897173f0b4936f367e136a4bc8b72f,95563851af434b345cbea8852ca0984fe368ad44d9d9c0f50c46d847843338f1
project_train,train/attack/digital_2/huawei/portugal-004_03.jpg,data/processed/policy_c/train/attack/digital_2/huawei/portugal-004_03.jpg,portugal-004_03,attack,digital_2,huawei,1,74,fb457f3cfa63ca4eb2e96dd3eeaef36e30cea4e852761e3c2358014c70ed94f5,a04f4e35890748a4a4cceb39a5f21484723e1ad244f09746c07f178470ceebb6
project_train,train/attack/digital_2/iphone15pro/portugal-004_03.jpg,data/processed/policy_c/train/attack/digital_2/iphone15pro/portugal-004_03.jpg,portugal-004_03,attack,digital_2,iphone15pro,1,77,c633f50fdda83ee32a381f5f2a718e0003b537a1d10090151416ae6cc1c8b887,89afc701b28d5b1978fed5edbb08f4b7adcb450abb0f79d0e0ebcf2a81b32fb2
project_train,train/attack/digital_2/scan/portugal-004_03.jpg,data/processed/policy_c/train/attack/digital_2/scan/portugal-004_03.jpg,portugal-004_03,attack,digital_2,scan,1,79,2c7c81c2b303da66f32b7faecb98419464ffc673ac735795a342d6cec287294c,72db5858da6d4eadc9959b77806d31217144fe50195408c575d75248de17c5fc
project_train,train/bonafide/huawei/portugal-004_03.jpg,data/processed/policy_c/train/bonafide/huawei/portugal-004_03.jpg,portugal-004_03,bonafide,,huawei,0,74,6c6ac448f248ac7adc5b9e0e3679fa7d6adecde1dfaa7999ee8dc4af81ecb0ae,c9c9c0517ee4a19a5b3dc3843d6bb3d6c2e6e3b4978ae33ec44a503242646856
project_train,train/bonafide/iphone15pro/portugal-004_03.jpg,data/processed/policy_c/train/bonafide/iphone15pro/portugal-004_03.jpg,portugal-004_03,bonafide,,iphone15pro,0,77,7dded80e119f745b3795b02e6d104035a2943669272de113be54b46a5bead3d8,a7611989181a81b139327f3eb5c4e1a7479f4a4a5d9055f8523ce03662738539
project_train,train/bonafide/scan/portugal-004_03.jpg,data/processed/policy_c/train/bonafide/scan/portugal-004_03.jpg,portugal-004_03,bonafide,,scan,0,79,707ab88f9cd52877eceefe0f1b35e5b81134ce4e41822765eeacfa57bab9bb59,214a9d8275d509ad4e8a78f4a81fc2be122bd3279388300603ca0a23e0482995
project_train,train/attack/digital_1/huawei/portugal-026_03.jpg,data/processed/policy_c/train/attack/digital_1/huawei/portugal-026_03.jpg,portugal-026_03,attack,digital_1,huawei,1,90,37a0dfe324c637b92b88345f439553fa35df8be9c36961bf72f36265c0e9b045,a41742b58069eb1035bea42a8d1361282ff0ed8b9a52dc813ce5545a365993f3
project_train,train/attack/digital_1/iphone15pro/portugal-026_03.jpg,data/processed/policy_c/train/attack/digital_1/iphone15pro/portugal-026_03.jpg,portugal-026_03,attack,digital_1,iphone15pro,1,64,289cba33af05d24da209e6c25571d3d1e6dc25ea474e693e335f53d588299a01,647e939825b66921538b36701741d3834a36b59c6c72e340cb87055182b1df57
project_train,train/attack/digital_1/scan/portugal-026_03.jpg,data/processed/policy_c/train/attack/digital_1/scan/portugal-026_03.jpg,portugal-026_03,attack,digital_1,scan,1,50,4ed253c84c4ae8b9cba6c8660208a40e731061f3087dab74680e58fda3a6c83d,9f3f6e816fbc8697e1f1bc7774d00c105e654573a6cec457c3a859bc759638a7
project_train,train/attack/digital_2/huawei/portugal-026_03.jpg,data/processed/policy_c/train/attack/digital_2/huawei/portugal-026_03.jpg,portugal-026_03,attack,digital_2,huawei,1,90,72e0a3a3f4e5e3e9022203e0739d87bd7fc89eb374beb0dc9caaf9725fb9d900,931bc5b839b7e5609c1354f49f67bd934a4f84ccbdf744377448359292940258
project_train,train/attack/digital_2/iphone15pro/portugal-026_03.jpg,data/processed/policy_c/train/attack/digital_2/iphone15pro/portugal-026_03.jpg,portugal-026_03,attack,digital_2,iphone15pro,1,64,5d4c4a02c9868d33dd1363d396ddb31e69edb4f69c195ad2ab78db0f5ff53d53,89f6ffa82c5bc40f299372232b14d05dba6ce42077fd055192ef68dc540c96d7
project_train,train/attack/digital_2/scan/portugal-026_03.jpg,data/processed/policy_c/train/attack/digital_2/scan/portugal-026_03.jpg,portugal-026_03,attack,digital_2,scan,1,50,0333a0aaf509d232381a072f2ead59da318e3753ba23f573a014388a00ea5062,22ba319af4fc07c7c9f835f662a7621e5bf999cd0c06adfe2f31f12d4ed2603f
project_train,train/bonafide/huawei/portugal-026_03.jpg,data/processed/policy_c/train/bonafide/huawei/portugal-026_03.jpg,portugal-026_03,bonafide,,huawei,0,90,6206b2e8c94c5a400f10723e38b56c189e4ccc4158f98f31af6b405f6039a1af,34faa22e4daa26d7a0f4b2af504df0c59989a5799bc447ce5355a29c72719bdd
project_train,train/bonafide/iphone15pro/portugal-026_03.jpg,data/processed/policy_c/train/bonafide/iphone15pro/portugal-026_03.jpg,portugal-026_03,bonafide,,iphone15pro,0,64,5b2212cfb2ef9d988fdd57a9d9b1d74b0373aae010e0f271234152611835d632,798f80f5a00653ab770e9f09c95a6c625c0954170bb4da9b9533898d14da3d72
project_train,train/bonafide/scan/portugal-026_03.jpg,data/processed/policy_c/train/bonafide/scan/portugal-026_03.jpg,portugal-026_03,bonafide,,scan,0,50,565518581c315227dbeddb79a65e015cdce8502a932cf358c289b4ca20e465be,b775046da2852bb46556e9320767a4d8b3d19c11b1eecb8fbd5ee6b3f8afce60
project_train,train/attack/digital_1/huawei/portugal-042_03.jpg,data/processed/policy_c/train/attack/digital_1/huawei/portugal-042_03.jpg,portugal-042_03,attack,digital_1,huawei,1,85,d179374e7b87e0f83cd257e176c3d2dc91df3b83c69d142a607661baec6c32e9,13d8f38b580cf7f611d8282f8296699c1d8001a5b12551f022a73c4cace44b29
project_train,train/attack/digital_1/iphone15pro/portugal-042_03.jpg,data/processed/policy_c/train/attack/digital_1/iphone15pro/portugal-042_03.jpg,portugal-042_03,attack,digital_1,iphone15pro,1,77,6e7df82dafe7aa3481b61c7d624542e0e2b0872a237e816bd070232bee8c184c,72c25086f2859a5623aaaee11c89e806c07317f6f9fcb4b037487bc338fbe38f
project_train,train/attack/digital_1/scan/portugal-042_03.jpg,data/processed/policy_c/train/attack/digital_1/scan/portugal-042_03.jpg,portugal-042_03,attack,digital_1,scan,1,54,43b5d6240d791579b5b5c8ada9946f5632140e6f144b79c11f77189c10c4f495,203cb583f4341a8f90dd94fa9c8b8aadbac66e6e1dc37bf7bdf12f85583323ad
project_train,train/attack/digital_2/huawei/portugal-042_03.jpg,data/processed/policy_c/train/attack/digital_2/huawei/portugal-042_03.jpg,portugal-042_03,attack,digital_2,huawei,1,85,0027b6ab91698b9e30334db9865a857fdaaab1ff102fba8c4df4fd9a4fd07488,9ef2425fff4301ee10de1836f556259b1e47a0ec90da30e1110dfcc345f82ac1
project_train,train/attack/digital_2/iphone15pro/portugal-042_03.jpg,data/processed/policy_c/train/attack/digital_2/iphone15pro/portugal-042_03.jpg,portugal-042_03,attack,digital_2,iphone15pro,1,77,693af7ab88dcf36bd9d979a1780b239dee3a50110c556c8dd2e8398300af61e7,6291199bb315439fe6d27078e8e30ffc608bc76befa896421db90b2e374f8494
project_train,train/attack/digital_2/scan/portugal-042_03.jpg,data/processed/policy_c/train/attack/digital_2/scan/portugal-042_03.jpg,portugal-042_03,attack,digital_2,scan,1,54,f5ee563c7c8de23e7eb23453a6c3b097b4fdd5bd4184dcdd0d9a7389d27c71fa,86e97700eda7d3c8c2431cb660bf9aaca44d214d7e3f55a4a926feba0c6f97ed
project_train,train/bonafide/huawei/portugal-042_03.jpg,data/processed/policy_c/train/bonafide/huawei/portugal-042_03.jpg,portugal-042_03,bonafide,,huawei,0,85,ab73a5b947d76e47a40b97438c160997e0086efc5d12d0969a1c1459cba77cb1,8fa26924c61a933dad2f828acafde09b754ef7500fa6db403cf7e85ee2abce24
project_train,train/bonafide/iphone15pro/portugal-042_03.jpg,data/processed/policy_c/train/bonafide/iphone15pro/portugal-042_03.jpg,portugal-042_03,bonafide,,iphone15pro,0,77,b97aacf183cd48cd681e44a73b4218de5831b1d869a62b3930d864fa024c2132,8dea96acc91d393770d3eeffbedfe9c47750c68a03830dee7fb66aaa9e4d2f59
project_train,train/bonafide/scan/portugal-042_03.jpg,data/processed/policy_c/train/bonafide/scan/portugal-042_03.jpg,portugal-042_03,bonafide,,scan,0,54,4200c20e20273a8361a58eb821b6468f6d5afb33c6982aba8e43ad813ab718a3,4f746dc56b140bc7b447e39d2a929686babdd1dda627ef850d982dac15c82de1
project_train,train/attack/digital_1/huawei/portugal-061_03.jpg,data/processed/policy_c/train/attack/digital_1/huawei/portugal-061_03.jpg,portugal-061_03,attack,digital_1,huawei,1,68,3f2704df9c7f11cb9513de55b3d05ea175a145f58dbb2024c4b9c2a0e399bd9c,35c286c70a9fc4500427d843eb100ab2501bda82157743172f89f43c9cc787b5
project_train,train/attack/digital_1/iphone15pro/portugal-061_03.jpg,data/processed/policy_c/train/attack/digital_1/iphone15pro/portugal-061_03.jpg,portugal-061_03,attack,digital_1,iphone15pro,1,63,d38c0967982be0090a813e88f53104ca7d3ee99cc0dcfec27130c0e51de6c556,db29bb2b1ee5b3fc060e3e9a193e99154046fabdf0726dff2e72b19180e9bb08
project_train,train/attack/digital_1/scan/portugal-061_03.jpg,data/processed/policy_c/train/attack/digital_1/scan/portugal-061_03.jpg,portugal-061_03,attack,digital_1,scan,1,90,ea8f8f8742f061d7b061bd744cb65a1c96f912c512a0ff9cde9ee088766c5150,d519d673cfd6c8339b4327c042aa131bc3cc7d570c9d871f4c19d522f4667585
project_train,train/attack/digital_2/huawei/portugal-061_03.jpg,data/processed/policy_c/train/attack/digital_2/huawei/portugal-061_03.jpg,portugal-061_03,attack,digital_2,huawei,1,68,6c3164119d65523b565546f17bdcb8d44948a3b5630c141f656d1b8b7a673ac1,e47be30e94658f00709e315caf4774e2f23c918fe7018d1a4bfb2663b1841f71
project_train,train/attack/digital_2/iphone15pro/portugal-061_03.jpg,data/processed/policy_c/train/attack/digital_2/iphone15pro/portugal-061_03.jpg,portugal-061_03,attack,digital_2,iphone15pro,1,63,87ad6e3f9025f9d3709335be9ec88edce9ae3d3d847eaf85b4fbb00a58714acf,e8d4e6bc411a2a5de8889bbdb01491a7f490a4721cd9cceda20fd0ff6de03834
project_train,train/attack/digital_2/scan/portugal-061_03.jpg,data/processed/policy_c/train/attack/digital_2/scan/portugal-061_03.jpg,portugal-061_03,attack,digital_2,scan,1,90,234c767013b09eb915a1edd0ddb1e4d7e2d0b5084551a12aabe5c181f8ba0e4d,0f63028ab0d7d3b1946585c37eda0077e8ec11943a4531981d6fd3da910dfc09
project_train,train/bonafide/huawei/portugal-061_03.jpg,data/processed/policy_c/train/bonafide/huawei/portugal-061_03.jpg,portugal-061_03,bonafide,,huawei,0,68,904b3ac79e66be9367fb14954ab1d516752b32cc6df4c99376b59d366de37b9a,8b164b4558a5f50dcb87b7df3d48ef053bdf26cc89f2a7cb8617b5be0fd08cfe
project_train,train/bonafide/iphone15pro/portugal-061_03.jpg,data/processed/policy_c/train/bonafide/iphone15pro/portugal-061_03.jpg,portugal-061_03,bonafide,,iphone15pro,0,63,79a490915004fd973032c50f67f4aca980ca6f10c168e31bfcf7eb60185cac5b,3996e7bf1a9c93d7cf5278653bd46c3c5c5c91d9bf2829362c6c5aa532e45b22
project_train,train/bonafide/scan/portugal-061_03.jpg,data/processed/policy_c/train/bonafide/scan/portugal-061_03.jpg,portugal-061_03,bonafide,,scan,0,90,eb00aba4cafc85c5551f9f118662c877888441b8f692dd90586fd29d787adf89,72cfd6e442bd3b550f12e3be8c1ddbf5ca3a3be846ae112f4be3b01ed24578f6
project_train,train/attack/digital_1/huawei/portugal-066_03.jpg,data/processed/policy_c/train/attack/digital_1/huawei/portugal-066_03.jpg,portugal-066_03,attack,digital_1,huawei,1,52,fb1b354571a0be587ac3ba6f7511fb9015f20c8b4e9c244aafe5a8566e5be3c8,7cade16dc23cd1c6eeae9793fef401fba543fe881f9d576782f05cd264d6798d
project_train,train/attack/digital_1/iphone15pro/portugal-066_03.jpg,data/processed/policy_c/train/attack/digital_1/iphone15pro/portugal-066_03.jpg,portugal-066_03,attack,digital_1,iphone15pro,1,83,a9dbd4c4626d93e9d66f7619e0f95f5b9fd66d2141148867f172194e23fb232c,cf71efd54e5caa9f7a4f14ccf2e1cc20c9d409ba68ee8b9fa0cb1954e6b5d5a9
project_train,train/attack/digital_1/scan/portugal-066_03.jpg,data/processed/policy_c/train/attack/digital_1/scan/portugal-066_03.jpg,portugal-066_03,attack,digital_1,scan,1,75,67e8d10fea2733355ddb552174315e01e3e207dd6eae9fa467b0b093043ba50e,b85d1a56b5eb986b84b940eb5a292e37d76313f0a9ad4e968d8f21900538bca3
project_train,train/attack/digital_2/huawei/portugal-066_03.jpg,data/processed/policy_c/train/attack/digital_2/huawei/portugal-066_03.jpg,portugal-066_03,attack,digital_2,huawei,1,52,a4b5eb2944c22c93c79d6706980092974cd0fbf06a0d75fafdbc1adb4d5ea9d5,63648d7838e5d4e74bb790608fb6fd6a7e3e550e13f6d63578fba9fe28abd9f7
project_train,train/attack/digital_2/iphone15pro/portugal-066_03.jpg,data/processed/policy_c/train/attack/digital_2/iphone15pro/portugal-066_03.jpg,portugal-066_03,attack,digital_2,iphone15pro,1,83,2b1ffa3eaa5aa58482aac3277fbe01ead195498e1d161ca27a09750103263ff4,76fcfb3fefc1b4241be09d4020d5cddb14aa37dd09700094f7dd16c6eaea78f3
project_train,train/attack/digital_2/scan/portugal-066_03.jpg,data/processed/policy_c/train/attack/digital_2/scan/portugal-066_03.jpg,portugal-066_03,attack,digital_2,scan,1,75,f6cd3f5f1433ebc901a406c220bb819de61e8d61f9dd11667b1644bcf4984036,b3321a18d84195d9c6a2480d786d6f45b1600325db6ce981fe352408e15a3e17
project_train,train/bonafide/huawei/portugal-066_03.jpg,data/processed/policy_c/train/bonafide/huawei/portugal-066_03.jpg,portugal-066_03,bonafide,,huawei,0,52,bfaf2622a34c3ee64c5efa5e239ff95bc0da2cb55299100ecfa1dc41bfc62a88,46a20763dc98e92d7ec23a8c610d6f546d6ad8b48f1cb8d209dc24600f43961a
project_train,train/bonafide/iphone15pro/portugal-066_03.jpg,data/processed/policy_c/train/bonafide/iphone15pro/portugal-066_03.jpg,portugal-066_03,bonafide,,iphone15pro,0,83,93d2cdbd50ba2b7913334a5fd6e5c6a17ae391636841d8cd0b23bb825f55aa07,6b8dbdb42c260c68bb1e9daee9789025d7b9484e7ef8874b39b7c8a68b489fb4
project_train,train/bonafide/scan/portugal-066_03.jpg,data/processed/policy_c/train/bonafide/scan/portugal-066_03.jpg,portugal-066_03,bonafide,,scan,0,75,3360f3cb8d2ee36ed74017b62ea3beade8699d95e39861fc97ba6df1abe7aed4,489eb23b31e1af910d4ea2de5debb9efc4781d3de3a5ea36d6ac4a73c1532c7f
project_train,train/attack/digital_1/huawei/portugal-070_03.jpg,data/processed/policy_c/train/attack/digital_1/huawei/portugal-070_03.jpg,portugal-070_03,attack,digital_1,huawei,1,78,b0601d7a90f3936e8876f86ebe57aaedc30abd13bbaf94de60e22fe6e9e60942,ae5491bcc21033999204f766229160db16a609bfdcd79d3ae1821444780a4c58
project_train,train/attack/digital_1/iphone15pro/portugal-070_03.jpg,data/processed/policy_c/train/attack/digital_1/iphone15pro/portugal-070_03.jpg,portugal-070_03,attack,digital_1,iphone15pro,1,51,c87ab076f8612fd705ff1c0015793aa8620482d1c1f1a2220fdb44c5d878fdd0,a7dcb952f1739cc5b90c6e11bc179047778887c99aeeb17e6311209373c49a5f
project_train,train/attack/digital_1/scan/portugal-070_03.jpg,data/processed/policy_c/train/attack/digital_1/scan/portugal-070_03.jpg,portugal-070_03,attack,digital_1,scan,1,51,f1f53a38822ea293980b9d933a20cf324bb9901a75a0feb2375a8ce66d3192e5,7d0734547dc69b37a409be181b7296ad1cd78b8374eaf8d7e782990b6e0ea75a
project_train,train/attack/digital_2/huawei/portugal-070_03.jpg,data/processed/policy_c/train/attack/digital_2/huawei/portugal-070_03.jpg,portugal-070_03,attack,digital_2,huawei,1,78,d3da4b7f249321e3704a26702da656012b01f4b2abe3af9011694fe5a8ea4613,10e26e0a2a73f508cc434254f197d5b3c30a7eac616febfb2ba6b84eff455981
project_train,train/attack/digital_2/iphone15pro/portugal-070_03.jpg,data/processed/policy_c/train/attack/digital_2/iphone15pro/portugal-070_03.jpg,portugal-070_03,attack,digital_2,iphone15pro,1,51,19b3f71ffad46d75292cac73f5978f58ec840bd710a5a46f73ca178a667c1ef5,435515b2685787d633efe6b98d2793f5f6e36638f4a30da60ad994c08248507c
project_train,train/attack/digital_2/scan/portugal-070_03.jpg,data/processed/policy_c/train/attack/digital_2/scan/portugal-070_03.jpg,portugal-070_03,attack,digital_2,scan,1,51,7783e66422af39bddd2487b901cfb577e8faee1de018c86d81e84d385e49c2d3,37b1bd4226e68fa2e44b4224e9eb245ecb95acdee403a0433538899c5e4c70e1
project_train,train/bonafide/huawei/portugal-070_03.jpg,data/processed/policy_c/train/bonafide/huawei/portugal-070_03.jpg,portugal-070_03,bonafide,,huawei,0,78,042d81310bf608d8357ebbc593f6ebc6b8db66523679232ce36fbe2b584c705d,c7edd69eecd806fcde4810f35629bd88b2c8bdcc348f3473612aa9444885e88f
project_train,train/bonafide/iphone15pro/portugal-070_03.jpg,data/processed/policy_c/train/bonafide/iphone15pro/portugal-070_03.jpg,portugal-070_03,bonafide,,iphone15pro,0,51,80b4fbfdca5f20e1fbc45ae3eb3578b25fc972f19a0ef2a5982afc3028da2b41,54ad030fe256b2ba8e34b143965473aa8d64e041cb1b16c9b8c02f87108b3b2a
project_train,train/bonafide/scan/portugal-070_03.jpg,data/processed/policy_c/train/bonafide/scan/portugal-070_03.jpg,portugal-070_03,bonafide,,scan,0,51,c8ac7d6770b1bc03ddf3485ccf65fa92da024ca142e1dc58118bf76cbc641a7f,a6448c43721cea0b1f0009049ccdacc2c528539cbe48a1a91466e1a6f8792143
project_train,train/attack/digital_1/huawei/portugal-105_03.jpg,data/processed/policy_c/train/attack/digital_1/huawei/portugal-105_03.jpg,portugal-105_03,attack,digital_1,huawei,1,56,e3f76428170cf27c74024cf7f5be432cac8eb2dbbbed84e1bde9beead87c25f4,b82b5f24ddbf01fbe1df014228a2985a859b94e893a243a42707e55e60673ed4
project_train,train/attack/digital_1/iphone15pro/portugal-105_03.jpg,data/processed/policy_c/train/attack/digital_1/iphone15pro/portugal-105_03.jpg,portugal-105_03,attack,digital_1,iphone15pro,1,89,9b9da728b7a22737c62f0033d7076615a652f45c953ce1ccae2032d6e3295084,6cf6ca3ba3e85fa7b071214b55a606ca297c87518644ee8b4ce4e86de82baf9b
project_train,train/attack/digital_1/scan/portugal-105_03.jpg,data/processed/policy_c/train/attack/digital_1/scan/portugal-105_03.jpg,portugal-105_03,attack,digital_1,scan,1,57,8e6f334529cc659e33f4058e1838a0d8ed0fd1e2b01565016506ca78c234c90f,77c949b90736189371631a3ddef10f02b38ff6e94f2d3ad2778167306d259e39
project_train,train/attack/digital_2/huawei/portugal-105_03.jpg,data/processed/policy_c/train/attack/digital_2/huawei/portugal-105_03.jpg,portugal-105_03,attack,digital_2,huawei,1,56,84bf5cea40342d9581ec897b2d5c67d50d85f66b97da9345eadf82af182baa1e,65165fbef93e376ec35ea51f0dfa86e49a4e7cd6212127b3043f651059e98cfb
project_train,train/attack/digital_2/iphone15pro/portugal-105_03.jpg,data/processed/policy_c/train/attack/digital_2/iphone15pro/portugal-105_03.jpg,portugal-105_03,attack,digital_2,iphone15pro,1,89,55a18187a47b7574191390d9d25f60b5b9f75af9b79c4920a998821c56da7161,895547f8e02d22910fcfc7d1f2508a01a75475ffa8c2f9d543eb3fa0fa4a829f
project_train,train/attack/digital_2/scan/portugal-105_03.jpg,data/processed/policy_c/train/attack/digital_2/scan/portugal-105_03.jpg,portugal-105_03,attack,digital_2,scan,1,57,f34aceeb8f2eb62d1ba3c15dd66c2460a64a2467100119b240328ce3688f6f16,079871b9c43fc597628b363b0f6e0d719fc928d4a017fa9563b41f6a37e3b178
project_train,train/bonafide/huawei/portugal-105_03.jpg,data/processed/policy_c/train/bonafide/huawei/portugal-105_03.jpg,portugal-105_03,bonafide,,huawei,0,56,77a0c0c49f4d92724b8b798d754cb1faf4cd695dc618797e253f5ba70e8add22,b7058418aeac88f3e4a1e54fefb74b603553608cf13226935f2e0a53670129e4
project_train,train/bonafide/iphone15pro/portugal-105_03.jpg,data/processed/policy_c/train/bonafide/iphone15pro/portugal-105_03.jpg,portugal-105_03,bonafide,,iphone15pro,0,89,82510cbe1a88b4bd7068899700cdb1fa57d090da70ed4b4ae87bd2fb736e5058,c8f4d1a9b0462cf620768164062c30aaaa3a5e993341872797fc67da0f41b84f
project_train,train/bonafide/scan/portugal-105_03.jpg,data/processed/policy_c/train/bonafide/scan/portugal-105_03.jpg,portugal-105_03,bonafide,,scan,0,57,f72f9712a7cbaf5e09a095cfa282384eff2da07d5ed83ef960a9bc0c2bac4e5e,5b6dbb59da160408abc38d0f26de29f63230ef2dd7284e9ff3067a514d3a412b
project_train,train/attack/digital_1/huawei/portugal-125_03.jpg,data/processed/policy_c/train/attack/digital_1/huawei/portugal-125_03.jpg,portugal-125_03,attack,digital_1,huawei,1,58,42163c15d7d8ee2e26026f05b6018d48451c008d0dda31d886de3a27117e5617,0e7841a2bb509a64fc0b02c93069a08d826736cca4eff66510742bea42380db3
project_train,train/attack/digital_1/iphone15pro/portugal-125_03.jpg,data/processed/policy_c/train/attack/digital_1/iphone15pro/portugal-125_03.jpg,portugal-125_03,attack,digital_1,iphone15pro,1,67,6ac55928f24107fe26cec25357ab312770ba12f4f9a35d387e92ea955bc47268,ff1a7599c923ffc3a0d89e9bb095e111fc1f859165b7cebd18c0fd9b5d8c617c
project_train,train/attack/digital_1/scan/portugal-125_03.jpg,data/processed/policy_c/train/attack/digital_1/scan/portugal-125_03.jpg,portugal-125_03,attack,digital_1,scan,1,56,9720558bd407dcf5fdf0b4ad464261e93e69091ae9783888edb06c3aad085a71,6c743e8bdbe366f3898b750ad752fa3d752a875ccd213301f493df6d25254882
project_train,train/attack/digital_2/huawei/portugal-125_03.jpg,data/processed/policy_c/train/attack/digital_2/huawei/portugal-125_03.jpg,portugal-125_03,attack,digital_2,huawei,1,58,e2c78ccc9ce02d36f82cf7f72d5f4ab586acc7b46316ecbd2c849f651f5e9fbf,39964ff1cc59df68c0fbe074303bdd03fece72da332751b3a07b44887b441ab2
project_train,train/attack/digital_2/iphone15pro/portugal-125_03.jpg,data/processed/policy_c/train/attack/digital_2/iphone15pro/portugal-125_03.jpg,portugal-125_03,attack,digital_2,iphone15pro,1,67,88647382e6b8767ea334e85b40bab139b2cfe423f549d90425f243550f5d165c,62c95042d13658f44ba8808b2bb8d2f707c935a5677a9cdae73e1e03170c5277
project_train,train/attack/digital_2/scan/portugal-125_03.jpg,data/processed/policy_c/train/attack/digital_2/scan/portugal-125_03.jpg,portugal-125_03,attack,digital_2,scan,1,56,2f480eea1d4a6617ed971adad956089790f1108a796b24afe778c630fba1d544,208195cb6bb813e4f0a6333d0fe5671674a35ed827d56e6d7824ae958f1675f4
project_train,train/bonafide/huawei/portugal-125_03.jpg,data/processed/policy_c/train/bonafide/huawei/portugal-125_03.jpg,portugal-125_03,bonafide,,huawei,0,58,09c8b5374afb520a9e7dddff6de11ad82c2680946352fc51f62a7682f71e0796,3bb45016269b2700d482bd6775163474f1d29717335cda1a4fca40f07698345d
project_train,train/bonafide/iphone15pro/portugal-125_03.jpg,data/processed/policy_c/train/bonafide/iphone15pro/portugal-125_03.jpg,portugal-125_03,bonafide,,iphone15pro,0,67,ae284df63eacaf29b9c33807c3b3d8f29ccbf5763a312b1c28c612a192b37028,99fba3e00d2635bce3977202dcae64db2c0ddb83f1fa84e2133b4a089d284ba6
project_train,train/bonafide/scan/portugal-125_03.jpg,data/processed/policy_c/train/bonafide/scan/portugal-125_03.jpg,portugal-125_03,bonafide,,scan,0,56,2a07d28daeb2204fa4d628b3d9c9f13b71c455e577db2a9e823179f8a6f30b02,8fd5c5c18678b398fab90bff253eaa417dc4722fac142fa2a6b7048f4739e6fc
project_train,train/attack/digital_1/huawei/portugal-143_03.jpg,data/processed/policy_c/train/attack/digital_1/huawei/portugal-143_03.jpg,portugal-143_03,attack,digital_1,huawei,1,90,8feab87dec29879a2a91e42599394350d3076c138095f4f7f519db7f74c7da89,e92905b1a894df55fed2b66189d31d995a270984c27645b01dc7e60cc1460c60
project_train,train/attack/digital_1/iphone15pro/portugal-143_03.jpg,data/processed/policy_c/train/attack/digital_1/iphone15pro/portugal-143_03.jpg,portugal-143_03,attack,digital_1,iphone15pro,1,81,5a743fdfc26ec6f90fdf35d6faf46eec34d2a9a5b42c4097fb2e1e7eb3576c40,11e2dc1eca8b418136b89ae42f54c6e2cba0e3e5941471c91be592806cce8416
project_train,train/attack/digital_1/scan/portugal-143_03.jpg,data/processed/policy_c/train/attack/digital_1/scan/portugal-143_03.jpg,portugal-143_03,attack,digital_1,scan,1,66,3086e3d4538b2c586942ff21592d4a5a0d503009806b1f248451f16e8ed9507d,956490b398e0711301da19d0f58f31a67a0c61a6df0052647080a30eaeed424e
project_train,train/attack/digital_2/huawei/portugal-143_03.jpg,data/processed/policy_c/train/attack/digital_2/huawei/portugal-143_03.jpg,portugal-143_03,attack,digital_2,huawei,1,90,8d40fc7f28f4706c4c8b07a8f79a3512f4bc14fd792b81316446099dbf4b2fd0,2d15654fee1213547e1e92ab398278ac19015a79b34ca265194919eaa93a9045
project_train,train/attack/digital_2/iphone15pro/portugal-143_03.jpg,data/processed/policy_c/train/attack/digital_2/iphone15pro/portugal-143_03.jpg,portugal-143_03,attack,digital_2,iphone15pro,1,81,e5f068bbf747825965acc5035591b7d966eaeb3b6f08c258bcc61226fdf941c0,60f4359d114b30898df7addfb57e48b0d484b717cdfbec4f047f44433a9e4cdd
project_train,train/attack/digital_2/scan/portugal-143_03.jpg,data/processed/policy_c/train/attack/digital_2/scan/portugal-143_03.jpg,portugal-143_03,attack,digital_2,scan,1,66,fe516b828de6bdc58b6896e8ad12024bf3370b422618a2005fb93dd9b3be58be,8a76d9388f499b4413937b67aba9e185f4d1a7e26dc537588e9f7d4a57f4aa8c
project_train,train/bonafide/huawei/portugal-143_03.jpg,data/processed/policy_c/train/bonafide/huawei/portugal-143_03.jpg,portugal-143_03,bonafide,,huawei,0,90,d58d9a1f7cde91222c6fe3151173d0b6ebbb0ed629b6400bd435535a20a2b27b,67309124ae8272f6d53473f86116c2ab77be388977ad1d38fd5eacee2891bef3
project_train,train/bonafide/iphone15pro/portugal-143_03.jpg,data/processed/policy_c/train/bonafide/iphone15pro/portugal-143_03.jpg,portugal-143_03,bonafide,,iphone15pro,0,81,91d549362c279a9bd6bf4acdd3da43347f4fb173efb86132f9a3846155e133c7,319b1402ae2f30763807a2387afe5e5e158e886efd34f1451733316d8d032e78
project_train,train/bonafide/scan/portugal-143_03.jpg,data/processed/policy_c/train/bonafide/scan/portugal-143_03.jpg,portugal-143_03,bonafide,,scan,0,66,c72ae8804cb24e36f6ee4ebf94fed7fea31dcbdb5f1dcff6e8ec36820613fbe2,e0ecfa39506428f5d48ef63c885ecc912fe2b8a9691e531cfd9211fc70d71702
project_train,train/attack/digital_1/huawei/portugal-172_03.jpg,data/processed/policy_c/train/attack/digital_1/huawei/portugal-172_03.jpg,portugal-172_03,attack,digital_1,huawei,1,54,8f041da1ec2a38f01fa8f6f5ea4a0376ca0e35b012cb77b97f5f9698ff3135c6,f03f698e644b71625b3f52849fce7d94e2af5b9a7ff84855d7d8f71b5bde267d
project_train,train/attack/digital_1/iphone15pro/portugal-172_03.jpg,data/processed/policy_c/train/attack/digital_1/iphone15pro/portugal-172_03.jpg,portugal-172_03,attack,digital_1,iphone15pro,1,52,eedd4c21950d547a884a85f0c03c21a560262c4c2f07bc53bebed5ab86dd9746,f940e5a173b0dcace5450f2753ad1160ceee6a659fa67b18cb8c2c08ba3fad4a
project_train,train/attack/digital_1/scan/portugal-172_03.jpg,data/processed/policy_c/train/attack/digital_1/scan/portugal-172_03.jpg,portugal-172_03,attack,digital_1,scan,1,66,4ed123a2fa0483f544b21576413e047daa003abaa418f73a141baa6035ad3e74,050b9676689bfecf13b98065777540cacf20b5f8bcb2d7af1c8fec0ac2df803e
project_train,train/attack/digital_2/huawei/portugal-172_03.jpg,data/processed/policy_c/train/attack/digital_2/huawei/portugal-172_03.jpg,portugal-172_03,attack,digital_2,huawei,1,54,9e8edc5e772bdb31fb99abdb7e1931ac8849ed169af0145ee8161013db01014f,ba88f643cd9304fb11d7c24417b38134f178e05c6e1021d1cedb44ed58fb480a
project_train,train/attack/digital_2/iphone15pro/portugal-172_03.jpg,data/processed/policy_c/train/attack/digital_2/iphone15pro/portugal-172_03.jpg,portugal-172_03,attack,digital_2,iphone15pro,1,52,1084b41153dea642db98c98cee2c96c29806da859bc59a3fc9ba1f1599ed8855,ca4a4cd03bc20d406bf8d2f5d7f5f291a6b34598adb4a7ba0b74fc7a68a0ef74
project_train,train/attack/digital_2/scan/portugal-172_03.jpg,data/processed/policy_c/train/attack/digital_2/scan/portugal-172_03.jpg,portugal-172_03,attack,digital_2,scan,1,66,e89ddcea993ec3723c9a756b26f3f86c235cc855ea8e64b42bdae0d208a0b165,3b6909f7baa88b1728ee32eb265790f3c5624168925280d486a2330498ce4087
project_train,train/bonafide/huawei/portugal-172_03.jpg,data/processed/policy_c/train/bonafide/huawei/portugal-172_03.jpg,portugal-172_03,bonafide,,huawei,0,54,aaf01ca19f2d6f8f832677d152f0501d3914d31fb62503ab894509de6c9e8e16,8ca2a7c8a82b566f3fc8aa7e0428da0c679897d8602ce60f2f8bfedcfb065d7a
project_train,train/bonafide/iphone15pro/portugal-172_03.jpg,data/processed/policy_c/train/bonafide/iphone15pro/portugal-172_03.jpg,portugal-172_03,bonafide,,iphone15pro,0,52,d8ece948c4b85be0156c10d040abb775b1b80817d8959c19e4eb1ade69273636,ece4e31e0767f9a8197ce216ead88988000604cba0bfd30ad34a9b000edf7bd0
project_train,train/bonafide/scan/portugal-172_03.jpg,data/processed/policy_c/train/bonafide/scan/portugal-172_03.jpg,portugal-172_03,bonafide,,scan,0,66,effef43c828de4ee93ef8acb72c96872cf8030bd6de55d981ae7a3d6133db036,0484a7eb054d0529383981402899525bc42d85d379a63a4dabb136be6a280785
project_train,train/attack/digital_1/huawei/portugal-NF-1016.jpg,data/processed/policy_c/train/attack/digital_1/huawei/portugal-NF-1016.jpg,portugal-NF-1016,attack,digital_1,huawei,1,77,939bbb5ac4bb5c8d000c62a1cef3b54471105bec87ce36d0381fbd5046e02541,c9a0e4a39cba957590cb35f0b7376aee81d2130b4f95e1c3e7c6c0ca6748b67c
project_train,train/attack/digital_1/iphone15pro/portugal-NF-1016.jpg,data/processed/policy_c/train/attack/digital_1/iphone15pro/portugal-NF-1016.jpg,portugal-NF-1016,attack,digital_1,iphone15pro,1,65,eba11297daa364b211bbbb969c669349d538cc7d31a37999cfd757ec1d6c971a,388a1487bab725b4d6836f917436157bd28a908f902a3cb328b35bc0cceb2371
project_train,train/attack/digital_1/scan/portugal-NF-1016.jpg,data/processed/policy_c/train/attack/digital_1/scan/portugal-NF-1016.jpg,portugal-NF-1016,attack,digital_1,scan,1,85,34ecfba1fe2a82ce7393d0c12790d2ca0ee9e7ccbf05d86f50adc6472e7621f1,cb7bdc1534e8b92f5bf86a6e8073d47806fe07b3573493ffd7e45fa8ff594e9a
project_train,train/attack/digital_2/huawei/portugal-NF-1016.jpg,data/processed/policy_c/train/attack/digital_2/huawei/portugal-NF-1016.jpg,portugal-NF-1016,attack,digital_2,huawei,1,77,a5c7acbb83111a2abc0186be498b3281bf61a9545b6d848b8c40061d4671a5ba,0d3a55c7132bc4d9c27c79b5c388956ecb2e89e5e9dc47347f5c9d84693142a0
project_train,train/attack/digital_2/iphone15pro/portugal-NF-1016.jpg,data/processed/policy_c/train/attack/digital_2/iphone15pro/portugal-NF-1016.jpg,portugal-NF-1016,attack,digital_2,iphone15pro,1,65,45f6bf35b70e33d474d2458068d8170ebd716159af1cf326f7489497977a82f4,f914038d3e6e2cdc17e9e0c7bcdb092be8cdb33c515d058368f31182784640a4
project_train,train/attack/digital_2/scan/portugal-NF-1016.jpg,data/processed/policy_c/train/attack/digital_2/scan/portugal-NF-1016.jpg,portugal-NF-1016,attack,digital_2,scan,1,85,05f59b071801a0e6fd1af3d58d87df10046c1ecd61bb1f0581f71f09649582d9,1f3686cc4b1e2d8ea943f187d66cef72f763d8cab92067356cccb70e2e29cbbb
project_train,train/bonafide/huawei/portugal-NF-1016.jpg,data/processed/policy_c/train/bonafide/huawei/portugal-NF-1016.jpg,portugal-NF-1016,bonafide,,huawei,0,77,e783c78ef493cf51534fe6a09c398e83d16444e06ea12f3a2ecdba88636904c2,cdf2bf129c644780b8675357f620575e2c510248a386997b68355df30cf96270
project_train,train/bonafide/iphone15pro/portugal-NF-1016.jpg,data/processed/policy_c/train/bonafide/iphone15pro/portugal-NF-1016.jpg,portugal-NF-1016,bonafide,,iphone15pro,0,65,57fce34bec95ce7a2f1d1cbb6080d2499d5c29f74170f8badd211a76bf3f2902,faecb914dffc6e88e69c6d4f80585632e60dbc0dd3c01cf5d228a6d9543d0c1e
project_train,train/bonafide/scan/portugal-NF-1016.jpg,data/processed/policy_c/train/bonafide/scan/portugal-NF-1016.jpg,portugal-NF-1016,bonafide,,scan,0,85,653957e0d6201784894d23079b63679b3b3ea481b40fc4069a75ec658f6a6e8c,bbdfad5b697e01f280118f5c6d1d3d781c4ff0d3e46118142690dc86a86ef3a5
project_train,train/attack/digital_1/huawei/portugal-NF-1022.jpg,data/processed/policy_c/train/attack/digital_1/huawei/portugal-NF-1022.jpg,portugal-NF-1022,attack,digital_1,huawei,1,66,847e801bfe053c01ed6078ed2890acdb8fdeef0c0b2202ad3f4ba245af9b7f50,b7bb4c7071f8d3d2cc25cf8529d1a1221cd28991e2d7e129c9d45afffd0fd4d4
project_train,train/attack/digital_1/iphone15pro/portugal-NF-1022.jpg,data/processed/policy_c/train/attack/digital_1/iphone15pro/portugal-NF-1022.jpg,portugal-NF-1022,attack,digital_1,iphone15pro,1,82,aca52b7bfabd2a3d8db7f7792a8d2cc4d6234b71494ee09e288da21af612df71,69c40b8294f1c5fe5e33c5c8da252b01c9b8fb10417b2d94d6ed0f58b94eea53
project_train,train/attack/digital_1/scan/portugal-NF-1022.jpg,data/processed/policy_c/train/attack/digital_1/scan/portugal-NF-1022.jpg,portugal-NF-1022,attack,digital_1,scan,1,90,465a7bafadde9ce7c62f7b18d9298d77a27ccb37d7feca574fd8c9d002438476,c53ffd9e202d3eb5741206db464d3a189ff444e34e7d1e4d276572429814eef3
project_train,train/attack/digital_2/huawei/portugal-NF-1022.jpg,data/processed/policy_c/train/attack/digital_2/huawei/portugal-NF-1022.jpg,portugal-NF-1022,attack,digital_2,huawei,1,66,fc2696f75abb560b0bbad60c900f70ed38b8f2530741eac3ac5a5050874756b7,4e4caf29146a39bb5529576e9d142463e003e5322a6f4b2598f6473d62d81cc5
project_train,train/attack/digital_2/iphone15pro/portugal-NF-1022.jpg,data/processed/policy_c/train/attack/digital_2/iphone15pro/portugal-NF-1022.jpg,portugal-NF-1022,attack,digital_2,iphone15pro,1,82,0c9c95a07fda3f1204f966f8e5d25799213fd3467aeeb68cf349c236bc69a848,2dc10d9402d5eba760a49bf3197f0d1d312b4493969ebc510dd8e7ac2d4ffdef
project_train,train/attack/digital_2/scan/portugal-NF-1022.jpg,data/processed/policy_c/train/attack/digital_2/scan/portugal-NF-1022.jpg,portugal-NF-1022,attack,digital_2,scan,1,90,b9b9344f81bd8e9feb310c6da2a4446f2160d0e57d8a6c00badf26d82a14c3d1,2ae039ae8e632db27a507c9c46c7f537e81d8cb15ca709ae3dd072bcb26a63d1
project_train,train/bonafide/huawei/portugal-NF-1022.jpg,data/processed/policy_c/train/bonafide/huawei/portugal-NF-1022.jpg,portugal-NF-1022,bonafide,,huawei,0,66,2fa58a865aa31e32c8f4dd402b69e5c12eba0e68d71b7b144a3ea5184c3d26a4,51c9b51eebbd5eb1d8cfcf316d16fe3915ad1f72e42e111836dddbcca66f6dd7
project_train,train/bonafide/iphone15pro/portugal-NF-1022.jpg,data/processed/policy_c/train/bonafide/iphone15pro/portugal-NF-1022.jpg,portugal-NF-1022,bonafide,,iphone15pro,0,82,13cdde663f3849d64cf0d3d2366e39ab14e4a19f1207614f7f7e381a3f27f164,658a76256bf7e3eddfe95e2c509a146137d8db164977145f61403f5506b51c4a
project_train,train/bonafide/scan/portugal-NF-1022.jpg,data/processed/policy_c/train/bonafide/scan/portugal-NF-1022.jpg,portugal-NF-1022,bonafide,,scan,0,90,7647a7f66fad07af8575ba31a9c130ae861ea43b39d8284b5d1f0a0973b02fcb,49380c78d3106773698ebc982b38bf33acac7e110830317f2b287bd1089bcb3c
project_train,train/attack/digital_1/huawei/portugal-NF-1024.jpg,data/processed/policy_c/train/attack/digital_1/huawei/portugal-NF-1024.jpg,portugal-NF-1024,attack,digital_1,huawei,1,62,9834a82a59c7494f7946fbfabdc006bb465c07a20de18fefd8f8c857ff16a4ea,2a56e56ebb7ca478915f18f1645bb22bfb901fdf85ccc6ed170c739c169162ff
project_train,train/attack/digital_1/iphone15pro/portugal-NF-1024.jpg,data/processed/policy_c/train/attack/digital_1/iphone15pro/portugal-NF-1024.jpg,portugal-NF-1024,attack,digital_1,iphone15pro,1,57,f0c13e9f19d65fd558c6b120d000c2c1577af63465c2b1a04a97620b9471f9c3,59d1ff46f96930da48be2b9bc1b49a78b58c617a742356add95d2d1e7e800046
project_train,train/attack/digital_1/scan/portugal-NF-1024.jpg,data/processed/policy_c/train/attack/digital_1/scan/portugal-NF-1024.jpg,portugal-NF-1024,attack,digital_1,scan,1,53,0793aed2f3a06edd56a88f6756317593b74f999715fb53fff9502d317cf8f1a5,eca8a7e93000183a411c6548480c9ce084814272184e03f52d0628982013a842
project_train,train/attack/digital_2/huawei/portugal-NF-1024.jpg,data/processed/policy_c/train/attack/digital_2/huawei/portugal-NF-1024.jpg,portugal-NF-1024,attack,digital_2,huawei,1,62,d55e6d01170ea656d0bae6e372c474a23cee6e4cbd2e9ab9df20c5c2fb1870b6,386883862a837c9550bc05f8943ae75a2d1fadaa9e7f3096ed43aa11eaa15f1d
project_train,train/attack/digital_2/iphone15pro/portugal-NF-1024.jpg,data/processed/policy_c/train/attack/digital_2/iphone15pro/portugal-NF-1024.jpg,portugal-NF-1024,attack,digital_2,iphone15pro,1,57,c7e9792680ec4bc6faf27b12291cea7fe289012a001d80584b404a44b7d090a1,328b20293978dad913b5582ce7477dd7c4e6da992d80d05571daa440d9af142d
project_train,train/attack/digital_2/scan/portugal-NF-1024.jpg,data/processed/policy_c/train/attack/digital_2/scan/portugal-NF-1024.jpg,portugal-NF-1024,attack,digital_2,scan,1,53,476825841045a33196facd287e398f0bd889a4059a7138cac205cdefefecdba1,596f4e39723a341bf676d55cd8f101f7432f0152d1cbbdbea57c6c328b5ebf7a
project_train,train/bonafide/huawei/portugal-NF-1024.jpg,data/processed/policy_c/train/bonafide/huawei/portugal-NF-1024.jpg,portugal-NF-1024,bonafide,,huawei,0,62,73b41d2916a47f5e484a06939a51ba5d56dedc0e78e525af5eef3f6966412bc1,eb0961533e80dc95f4ca662e3f330feb11fbdfa3a8122e651173a3e1c8b1ac84
project_train,train/bonafide/iphone15pro/portugal-NF-1024.jpg,data/processed/policy_c/train/bonafide/iphone15pro/portugal-NF-1024.jpg,portugal-NF-1024,bonafide,,iphone15pro,0,57,4cb4a5ef67b7e4c4ae225974d2a32490e08b6562954a8c6146f001178c538a2f,4b8eb95f2457311ed7d1eb97dec722a61287f52b17ef7d0e230d1c60958d1956
project_train,train/bonafide/scan/portugal-NF-1024.jpg,data/processed/policy_c/train/bonafide/scan/portugal-NF-1024.jpg,portugal-NF-1024,bonafide,,scan,0,53,2cd75f036c993b20f01531e2cefdd41b916708e7473710ba3a0272b77c7989f3,fe5c2f26b7afcf4d0dc807befbb01d0f7a7fb69e134c6ab5a58ca20545c165af
project_train,train/attack/digital_1/huawei/portugal-NF-1026.jpg,data/processed/policy_c/train/attack/digital_1/huawei/portugal-NF-1026.jpg,portugal-NF-1026,attack,digital_1,huawei,1,63,e929dc2edefd5513351507136b99fd9168df73b5420f35625479a04b3a8ceaf8,4dc1fa30d038532d04f2ebc355a8026f654dd3666c788657d114642f3b5503e9
project_train,train/attack/digital_1/iphone15pro/portugal-NF-1026.jpg,data/processed/policy_c/train/attack/digital_1/iphone15pro/portugal-NF-1026.jpg,portugal-NF-1026,attack,digital_1,iphone15pro,1,81,d4f3f562ef0079ea34c83fc3f8c9f1033d394503be647a31c1be943a68bc0aad,43d395a58a221d28a116c8a0d66ba1afc7aa94c06a2aceb0825d374de8aaa7b8
project_train,train/attack/digital_1/scan/portugal-NF-1026.jpg,data/processed/policy_c/train/attack/digital_1/scan/portugal-NF-1026.jpg,portugal-NF-1026,attack,digital_1,scan,1,82,082f19cf0b9a6d87d787828299d3dc74b4d2d8ecb1ef377cb708417cebaa6768,ab3ded842c14131d88afe1bf6bf419eca04729671bac1b1cb0e5b448c5dbb263
project_train,train/attack/digital_2/huawei/portugal-NF-1026.jpg,data/processed/policy_c/train/attack/digital_2/huawei/portugal-NF-1026.jpg,portugal-NF-1026,attack,digital_2,huawei,1,63,95aa0d717f7dfb66c31cba33cf627048092b839667082c01f368ba223bfdeb1d,aeb26688c8c950cc6019a4b7ee798ca622d6ee064005bdccb58a4b742ff372b2
project_train,train/attack/digital_2/iphone15pro/portugal-NF-1026.jpg,data/processed/policy_c/train/attack/digital_2/iphone15pro/portugal-NF-1026.jpg,portugal-NF-1026,attack,digital_2,iphone15pro,1,81,a1164bbcd7570a89e993b1ba144fe69d643005a4b282f1d935bb20ee51efbca7,5f2f3a5161c39a4de5fc833a16b4140c2ab6421a816af5c53c56ba4c30ec8a25
project_train,train/attack/digital_2/scan/portugal-NF-1026.jpg,data/processed/policy_c/train/attack/digital_2/scan/portugal-NF-1026.jpg,portugal-NF-1026,attack,digital_2,scan,1,82,643b6d776d1db2aa53163662f317d2345d32320281598f9107a5807b4776c18b,c213e184c8677c17fe735440ac03080d8eb4cbd937380c9af2f25d39e87f1f6c
project_train,train/bonafide/huawei/portugal-NF-1026.jpg,data/processed/policy_c/train/bonafide/huawei/portugal-NF-1026.jpg,portugal-NF-1026,bonafide,,huawei,0,63,812a38695c07b8ed659a7d3dc8d3164a33cd0dc9635e63f0797713ec62367dac,c526b4449132b3fc106ebfe1c9a7217d8426a6e2cea5dba0b2bf86f0ad3439a7
project_train,train/bonafide/iphone15pro/portugal-NF-1026.jpg,data/processed/policy_c/train/bonafide/iphone15pro/portugal-NF-1026.jpg,portugal-NF-1026,bonafide,,iphone15pro,0,81,932595207b54f28991e15104f119dd1487e5867493b115c2ad43c9a0e0a9c8d9,71efefba6a58f18c2db51d71ff50372fca788920d564bb46c8f4287b97148982
project_train,train/bonafide/scan/portugal-NF-1026.jpg,data/processed/policy_c/train/bonafide/scan/portugal-NF-1026.jpg,portugal-NF-1026,bonafide,,scan,0,82,ccf02504907595ffb81375f4e9dd0f05f9141356e981a734b415da96c9d604e9,6eda8511e5c9a9ead4f58c882b305f0022b94c8ab54834c09431d4a3eafc99e8
project_train,train/attack/digital_1/huawei/portugal-NF-1041.jpg,data/processed/policy_c/train/attack/digital_1/huawei/portugal-NF-1041.jpg,portugal-NF-1041,attack,digital_1,huawei,1,66,81ada891f4a2eaedaac25a6979bb751434cbeb74408c2b211af48920f74a7d49,5f8339b13b1ecc79c5a2999fa9fbeb1c7b1b97e093570e5fa28e1f4374619a6b
project_train,train/attack/digital_1/iphone15pro/portugal-NF-1041.jpg,data/processed/policy_c/train/attack/digital_1/iphone15pro/portugal-NF-1041.jpg,portugal-NF-1041,attack,digital_1,iphone15pro,1,53,1021051e44d65720b37f0813aac8bccb396ed7e6ae8bbbc8a16d7216024640e7,c3943a0e029f52b3efcc29b67f71c44a027519f01a2672648b06f824cdbe54f8
project_train,train/attack/digital_1/scan/portugal-NF-1041.jpg,data/processed/policy_c/train/attack/digital_1/scan/portugal-NF-1041.jpg,portugal-NF-1041,attack,digital_1,scan,1,50,b95bc7f3fab7589bbacfcef0509d2d20b638edfb731206557798c891b80c445b,0d28c1a8f3c0f3e8a06d980b145058572569777382a4d366ba9a969f4cd608e9
project_train,train/attack/digital_2/huawei/portugal-NF-1041.jpg,data/processed/policy_c/train/attack/digital_2/huawei/portugal-NF-1041.jpg,portugal-NF-1041,attack,digital_2,huawei,1,66,2d06bac282e90121df676ee9ade20aaf9271644eba9beb7cbac08c397736cef0,f69165b998c4e64fe4cb1ee206b2cde3918317d7209f6831aafc17ad58197b3d
project_train,train/attack/digital_2/iphone15pro/portugal-NF-1041.jpg,data/processed/policy_c/train/attack/digital_2/iphone15pro/portugal-NF-1041.jpg,portugal-NF-1041,attack,digital_2,iphone15pro,1,53,35d8448e2ab0463c70f131fc8ab90993d1464f4e75e34cdee26b22ec725079d3,afbea52e9c7e44f9199a475d8da074207d29f66a1f9f6bad04eeacdaca72f8c5
project_train,train/attack/digital_2/scan/portugal-NF-1041.jpg,data/processed/policy_c/train/attack/digital_2/scan/portugal-NF-1041.jpg,portugal-NF-1041,attack,digital_2,scan,1,50,ba5aafbec4f08e95e8e6fee4a9412a0ae41cfc4aa6dd63ca8d0f84e41dadb2e5,ccbb5f5f28d4e16072d63e37a9946e9b8caa386b8c9e345ae4ba7c892e6f33fb
project_train,train/bonafide/huawei/portugal-NF-1041.jpg,data/processed/policy_c/train/bonafide/huawei/portugal-NF-1041.jpg,portugal-NF-1041,bonafide,,huawei,0,66,8e669a54da72479f94157ded90cba258f3036580b4c040739b13c04c3c2d8280,b0ce7657d63646b5b7a67b93502acd864eb810e1dcfebca57130004271005c1a
project_train,train/bonafide/iphone15pro/portugal-NF-1041.jpg,data/processed/policy_c/train/bonafide/iphone15pro/portugal-NF-1041.jpg,portugal-NF-1041,bonafide,,iphone15pro,0,53,7c4847a1e38c474fe8d5538158409bf7fad3ad586fc2fa2eadebe296a491c9a8,7daf7bb258f25175c04ad609328bcd173f808f62bdc42b1a002e03fa97095c5f
project_train,train/bonafide/scan/portugal-NF-1041.jpg,data/processed/policy_c/train/bonafide/scan/portugal-NF-1041.jpg,portugal-NF-1041,bonafide,,scan,0,50,4e79921493dc4e0868bc5872775d44b4cc3ec145b32f663ea37754fd81b44548,c1ec430035459539b16e4e95058c1ab276510b709f961a68236889c9ca8d65f8
project_train,train/attack/digital_1/huawei/portugal-NF-1083.jpg,data/processed/policy_c/train/attack/digital_1/huawei/portugal-NF-1083.jpg,portugal-NF-1083,attack,digital_1,huawei,1,90,f9fad3a960b05dce313cc45c3309a8edd3845a468114c85cdbef9128abc751d7,c11439be042291df3c9ede929b93f8db2d4180249536205cb119eb7e8bc4c078
project_train,train/attack/digital_1/iphone15pro/portugal-NF-1083.jpg,data/processed/policy_c/train/attack/digital_1/iphone15pro/portugal-NF-1083.jpg,portugal-NF-1083,attack,digital_1,iphone15pro,1,82,807c88cb5cd92dbaf1901e1e4c4f9cb3b23f563ca17a610926c106f6f764e3df,5d2097943ec1c992da3e9475469db55daf857d32c1d7eed23397e7596f1fd049
project_train,train/attack/digital_1/scan/portugal-NF-1083.jpg,data/processed/policy_c/train/attack/digital_1/scan/portugal-NF-1083.jpg,portugal-NF-1083,attack,digital_1,scan,1,85,b072d0dae3d1b3cb0d6fbcc8e4d61c38955e2bbe9d4b058ee3f540d25a330469,8476f58cafd25676406d52a882280af48bd2549155e540619f3725f9bcd1ad5f
project_train,train/attack/digital_2/huawei/portugal-NF-1083.jpg,data/processed/policy_c/train/attack/digital_2/huawei/portugal-NF-1083.jpg,portugal-NF-1083,attack,digital_2,huawei,1,90,3daa94e6fe021af675a9f196a68c9fe5bfcb242322070771a9f7b528c0967bb5,256abed131c0f66b0aad4c93bb158dfe51302c5b2d95b8cc61e6649571100585
project_train,train/attack/digital_2/iphone15pro/portugal-NF-1083.jpg,data/processed/policy_c/train/attack/digital_2/iphone15pro/portugal-NF-1083.jpg,portugal-NF-1083,attack,digital_2,iphone15pro,1,82,0de3f993aea2542f6bc6163eb4eb859bdf10d5657c17e2cab281762bc81e0551,b39337901d95f4ccb5fd2b8a95969cd2bc7e75e1b737d7d58caa706e9a8eca4d
project_train,train/attack/digital_2/scan/portugal-NF-1083.jpg,data/processed/policy_c/train/attack/digital_2/scan/portugal-NF-1083.jpg,portugal-NF-1083,attack,digital_2,scan,1,85,94251c15bb4201d2d6e44c167b5c4551d94fac20d3e85408a804b34cf50bd818,a9a6e0b1a0877ccd94830bff532a6bda38e7963a9ba0331e8cf689a129c03f10
project_train,train/bonafide/huawei/portugal-NF-1083.jpg,data/processed/policy_c/train/bonafide/huawei/portugal-NF-1083.jpg,portugal-NF-1083,bonafide,,huawei,0,90,4c6883228f760bbdbe27a79d7e7fe9687d210e4c6df8216c37203897f1b03be9,7870832ebd6b442f335257ef72ae527a536bc007ee784ef47963afef2ea6970e
project_train,train/bonafide/iphone15pro/portugal-NF-1083.jpg,data/processed/policy_c/train/bonafide/iphone15pro/portugal-NF-1083.jpg,portugal-NF-1083,bonafide,,iphone15pro,0,82,c288b53274e29ee99e2eba63a33935efb0ebed53e071815f4e5d23a0b6062d2e,1cc0ccbd3d9e365d37890ac34bca6eb0ee66d8ad60cf60f27a113ff8d004b18d
project_train,train/bonafide/scan/portugal-NF-1083.jpg,data/processed/policy_c/train/bonafide/scan/portugal-NF-1083.jpg,portugal-NF-1083,bonafide,,scan,0,85,f90c49b15c1d953896ef0d1184c609e94b2a4e012e1a3685bf09b936b5e3be19,185db0dc2a47ddeab2908bf651a95adf6b050ec449e4542cf202c5a129bd638e
project_train,train/attack/digital_1/huawei/portugal-NF-1086.jpg,data/processed/policy_c/train/attack/digital_1/huawei/portugal-NF-1086.jpg,portugal-NF-1086,attack,digital_1,huawei,1,82,64b4290d4ead74cb71b379703c140f7a8168a96727bcecd57b8c40c7b2c72831,4708b1e20408e61ff1a7eeeabd4ea03258b6a0cfa3b51a9e446dbe3b49abebae
project_train,train/attack/digital_1/iphone15pro/portugal-NF-1086.jpg,data/processed/policy_c/train/attack/digital_1/iphone15pro/portugal-NF-1086.jpg,portugal-NF-1086,attack,digital_1,iphone15pro,1,73,9a36cc768720569688d452a06e73871f2355a25cada6ea00d4a4fa4165356fdf,574feb7d0fe97d31be27395b4a16e1aaeb210601b29299c5a91b4c7975973972
project_train,train/attack/digital_1/scan/portugal-NF-1086.jpg,data/processed/policy_c/train/attack/digital_1/scan/portugal-NF-1086.jpg,portugal-NF-1086,attack,digital_1,scan,1,82,e5d36dcfa007be49e43eebd6c88b560f67e68635e45080b23f940227545313b2,7509a71e07a58578a25f261b018074a86c5a811e9a4a5e207a4491c1dcb9d69f
project_train,train/attack/digital_2/huawei/portugal-NF-1086.jpg,data/processed/policy_c/train/attack/digital_2/huawei/portugal-NF-1086.jpg,portugal-NF-1086,attack,digital_2,huawei,1,82,98d6df5d2b0b2794a29464eedbc034b6028c20ca2515048ac3020d8370f89a36,6e990df50cfbfafbd528511ae37d4a36680295d425ec06170e69c18d081907e9
project_train,train/attack/digital_2/iphone15pro/portugal-NF-1086.jpg,data/processed/policy_c/train/attack/digital_2/iphone15pro/portugal-NF-1086.jpg,portugal-NF-1086,attack,digital_2,iphone15pro,1,73,04e101829a33eddc16578121deb163741aea650ebc86063299a87172389da989,7ff34ecd0ce71fa3d1d39bc7e49202dc950e599481aadbbecc711df0b60d62de
project_train,train/attack/digital_2/scan/portugal-NF-1086.jpg,data/processed/policy_c/train/attack/digital_2/scan/portugal-NF-1086.jpg,portugal-NF-1086,attack,digital_2,scan,1,82,88e5150954d188353db65f8bb75730c0eb96c2724e67f1c3a7b68c18aad71273,5958dfcbf594ed5ceaa8732265fd042567d782a097f454e27259d74bcf6cd197
project_train,train/bonafide/huawei/portugal-NF-1086.jpg,data/processed/policy_c/train/bonafide/huawei/portugal-NF-1086.jpg,portugal-NF-1086,bonafide,,huawei,0,82,ba6aecd16a92765371b3718b140c1cfff7a7bba0be077342981eb5df3a41bff7,1771ae0c68be9f28d41078e7206a96f89b300332b4382a2b265da5fb8a18e0a4
project_train,train/bonafide/iphone15pro/portugal-NF-1086.jpg,data/processed/policy_c/train/bonafide/iphone15pro/portugal-NF-1086.jpg,portugal-NF-1086,bonafide,,iphone15pro,0,73,0ac3d2bd12feb6e5fffd85423743c409c80fd0f6fd494b8410617dd91062e94d,283f1ca851144ac13d2d2fda4a6366f5eea4156ad9de0408419bb71cdc7ce339
project_train,train/bonafide/scan/portugal-NF-1086.jpg,data/processed/policy_c/train/bonafide/scan/portugal-NF-1086.jpg,portugal-NF-1086,bonafide,,scan,0,82,0fa704429654a189d9d9a6d2c757acdebc5d674211c9f3eaa8792d2df6cda69c,100a79d6128bec6cae61a3459406172fd8d16b22bd041584f43cdd3590b10b8a
project_train,train/attack/digital_1/huawei/portugal-NF-1105.jpg,data/processed/policy_c/train/attack/digital_1/huawei/portugal-NF-1105.jpg,portugal-NF-1105,attack,digital_1,huawei,1,88,8b5d1be1be21f72b1eebd1ba5a5964dbbb2fce53f8bc828046584cf9713c595d,5aa7ed41034b611b92c36611f83bc7bf4ba602b6cd28a7a6c8bf064febacb640
project_train,train/attack/digital_1/iphone15pro/portugal-NF-1105.jpg,data/processed/policy_c/train/attack/digital_1/iphone15pro/portugal-NF-1105.jpg,portugal-NF-1105,attack,digital_1,iphone15pro,1,71,84b0258962321ffd1e8736af63fca1ce2a09658dd8b724e5f4e9c55e43f416c8,41d1b73eafcb511d342fca617b5aeb1880bf9064df14b27569029b97c9588a94
project_train,train/attack/digital_1/scan/portugal-NF-1105.jpg,data/processed/policy_c/train/attack/digital_1/scan/portugal-NF-1105.jpg,portugal-NF-1105,attack,digital_1,scan,1,83,bde4b4a2147da093097bfab93be1e5c44405d5868b700d5e3f58c01eaa55de8d,a44179130145fe8bf02c090aa2b2de08569159f623b83cb67fac341342a19159
project_train,train/attack/digital_2/huawei/portugal-NF-1105.jpg,data/processed/policy_c/train/attack/digital_2/huawei/portugal-NF-1105.jpg,portugal-NF-1105,attack,digital_2,huawei,1,88,5606570a8aef997c5b596a45e8e6dfddd99dee1e9af243b0e78552d3c52517f6,98a4a56786a4f1f145c1c5205ae6d6a79d29ab2c8f48e37a20a3c88d6f3cec03
project_train,train/attack/digital_2/iphone15pro/portugal-NF-1105.jpg,data/processed/policy_c/train/attack/digital_2/iphone15pro/portugal-NF-1105.jpg,portugal-NF-1105,attack,digital_2,iphone15pro,1,71,d4e2aca316dab3c7d7cff823b262d733675a14c63e29e39297c1fcd9f7b1b26e,4076dbc7d19974b8390d113eb880b91f395746d06981dc4e9cc5b53a5571d1dc
project_train,train/attack/digital_2/scan/portugal-NF-1105.jpg,data/processed/policy_c/train/attack/digital_2/scan/portugal-NF-1105.jpg,portugal-NF-1105,attack,digital_2,scan,1,83,53dc92fea7759b025f57cff74bf2f73c2237cb06cb492a60de2b0e32c91706b5,c354526c3f50530ce610ac70964ce5feebd834c9643f9385eacedeb67f5f3ff5
project_train,train/bonafide/huawei/portugal-NF-1105.jpg,data/processed/policy_c/train/bonafide/huawei/portugal-NF-1105.jpg,portugal-NF-1105,bonafide,,huawei,0,88,e954a5c7366b462c986e7417cf1df07ea84d9330c74f9a250a811fca0b2fa4d7,819f2a2dc192bb4f3615e3a427e34f3eecf65814f46f8342c2d0ca70cc51d7b2
project_train,train/bonafide/iphone15pro/portugal-NF-1105.jpg,data/processed/policy_c/train/bonafide/iphone15pro/portugal-NF-1105.jpg,portugal-NF-1105,bonafide,,iphone15pro,0,71,e23edff80aac60200b069e484e452595c5c80404f74d5db4ce519fd4c7365e1a,92a3b30ee5363e4cf9a14995c67379cda59ca2ad6228dc3015a52999a1b9e265
project_train,train/bonafide/scan/portugal-NF-1105.jpg,data/processed/policy_c/train/bonafide/scan/portugal-NF-1105.jpg,portugal-NF-1105,bonafide,,scan,0,83,34d20bcdeffac26a90e785e3c25a9b169bbc572c75fcf85c74c3a42fa38fd17d,4e14e4f576096bf88bcceb849f829a6493f47ae96cc43c83dc29d44b7863e56b
project_train,train/attack/digital_1/huawei/portugal-NF-1107.jpg,data/processed/policy_c/train/attack/digital_1/huawei/portugal-NF-1107.jpg,portugal-NF-1107,attack,digital_1,huawei,1,87,9c620680923a2f5e2dbd3702aa333a527708f5755d0f95e538ee6fec87efe75c,4c9f15c5bd7d99e0458423a798c4679653416da75eea905c8eb327256f801172
project_train,train/attack/digital_1/iphone15pro/portugal-NF-1107.jpg,data/processed/policy_c/train/attack/digital_1/iphone15pro/portugal-NF-1107.jpg,portugal-NF-1107,attack,digital_1,iphone15pro,1,72,2b1d7249d28fa8a953c1dde35219f81bc4011fb5734c8a724a17d7b0f5d87bd2,46fe4ece29b867efe0416255cff822cba4ec456e921fa48e009f1cc387240036
project_train,train/attack/digital_1/scan/portugal-NF-1107.jpg,data/processed/policy_c/train/attack/digital_1/scan/portugal-NF-1107.jpg,portugal-NF-1107,attack,digital_1,scan,1,72,46f1eb2507959719e412f8d8ad8cbab6bff17fa628c4758abe7bb4032f6b2f45,a9d5346dcc21f408da979a628a45a51c9f52264f7a4f0688744d959e0b1ea508
project_train,train/attack/digital_2/huawei/portugal-NF-1107.jpg,data/processed/policy_c/train/attack/digital_2/huawei/portugal-NF-1107.jpg,portugal-NF-1107,attack,digital_2,huawei,1,87,076f3a596b634ba6dedae49b7ba5d13ecc232de08a6ebcf91d6ec11bbc343fea,a59825d1bcec2e8af0649fc402e3080036501f2fd4facba6dc425be451bcd588
project_train,train/attack/digital_2/iphone15pro/portugal-NF-1107.jpg,data/processed/policy_c/train/attack/digital_2/iphone15pro/portugal-NF-1107.jpg,portugal-NF-1107,attack,digital_2,iphone15pro,1,72,f6e9c63ac2cedfcd6da119d976ed0797565ec2cb93a0eb3119522554b2c940c1,1e47874558aa33a7666bfeb27c88dc19ac36234202a5ae1a7c9ffe04f8708d36
project_train,train/attack/digital_2/scan/portugal-NF-1107.jpg,data/processed/policy_c/train/attack/digital_2/scan/portugal-NF-1107.jpg,portugal-NF-1107,attack,digital_2,scan,1,72,7aebc1df5e82923c5bce209b02df63928c4d711bd651ea3eaed87ab043c8e2ec,082ee78d73ada9a85af08e74a9f31438142d6f7e679586d088b59e2181c89a79
project_train,train/bonafide/huawei/portugal-NF-1107.jpg,data/processed/policy_c/train/bonafide/huawei/portugal-NF-1107.jpg,portugal-NF-1107,bonafide,,huawei,0,87,e4b53843e20bb0248d435044207af5bd6b29d318b6f88addae90ab868b333040,ab9bed8505c5ed08ea9c035c1da6e118aa1a3f253d60d4a72fcd9fe841cbbe17
project_train,train/bonafide/iphone15pro/portugal-NF-1107.jpg,data/processed/policy_c/train/bonafide/iphone15pro/portugal-NF-1107.jpg,portugal-NF-1107,bonafide,,iphone15pro,0,72,cd4110c86c1ce29e20d46be06ed8e2cf610fa52f43b47f2aebd9a8592fb6d1b8,f56436cbf00684d61bf1b224be2d32d8d331856eaf8da91ac3691dae2d1fdef8
project_train,train/bonafide/scan/portugal-NF-1107.jpg,data/processed/policy_c/train/bonafide/scan/portugal-NF-1107.jpg,portugal-NF-1107,bonafide,,scan,0,72,5a79c3e86ae441fa1f1e6bf74dc7a641e70259833c8e2d25d1502c1a13a45eb7,fbd7411eec40371bdb9d0bceeaac218d5409fb4b649cc7efa163466dd4a47ec5
project_train,train/attack/digital_1/huawei/portugal-NM-1091.jpg,data/processed/policy_c/train/attack/digital_1/huawei/portugal-NM-1091.jpg,portugal-NM-1091,attack,digital_1,huawei,1,75,e57e5c9444d0abfc60752a54b5387d02be191c73a09bd400ca6dbdf992c7f4ad,98ab18fbfee8780a5c7beca20e53159a6ba5901ac88b70b98f903cb4285ea061
project_train,train/attack/digital_1/iphone15pro/portugal-NM-1091.jpg,data/processed/policy_c/train/attack/digital_1/iphone15pro/portugal-NM-1091.jpg,portugal-NM-1091,attack,digital_1,iphone15pro,1,72,b570803a4542030e1aac20cf79a4f7d0aa2faa5b3af0faad25709bc494d0183c,3350fd9198eede540783bde32a9798161a69cf3c2ca1895490846fe25d062930
project_train,train/attack/digital_1/scan/portugal-NM-1091.jpg,data/processed/policy_c/train/attack/digital_1/scan/portugal-NM-1091.jpg,portugal-NM-1091,attack,digital_1,scan,1,78,d179a3c54f68837ced1ed7cc41f97ef588531d9715f17bb1eccd7ba50d2a0f53,a6e296084ddd796cdc4cd5a5aee4644e366ae4c5e638f0dea54295aec1387e7a
project_train,train/attack/digital_2/huawei/portugal-NM-1091.jpg,data/processed/policy_c/train/attack/digital_2/huawei/portugal-NM-1091.jpg,portugal-NM-1091,attack,digital_2,huawei,1,75,f176848d80da82f39d6373eed6ecb416c61f96d8daa2a030f66667d0e28244c5,30e881e1f1625e617ac4cf8e17b8da7f911e6cdcd69ce973e28a909f6436d78e
project_train,train/attack/digital_2/iphone15pro/portugal-NM-1091.jpg,data/processed/policy_c/train/attack/digital_2/iphone15pro/portugal-NM-1091.jpg,portugal-NM-1091,attack,digital_2,iphone15pro,1,72,007bf834ca40381d3dfca676190cfdce114a16c76808787a726fa22218a10f1a,2801dcde7d902969470c45415653cbf80515b6eeb842ab616e00e5d8090d4872
project_train,train/attack/digital_2/scan/portugal-NM-1091.jpg,data/processed/policy_c/train/attack/digital_2/scan/portugal-NM-1091.jpg,portugal-NM-1091,attack,digital_2,scan,1,78,246aec1556a34f1eb284d2f9dcc43b864b7f84990786c277819d2694968c930b,83657ad99c61409d7d9b5931a775df6af0139006bfbcdc09ffa1ba7281b9b347
project_train,train/bonafide/huawei/portugal-NM-1091.jpg,data/processed/policy_c/train/bonafide/huawei/portugal-NM-1091.jpg,portugal-NM-1091,bonafide,,huawei,0,75,30f98cf7140ef7f913f77fe9b87825a287d9a07cb0006bcb89a3a094e39828cb,589eac6e1b717846a08947553a96cc1870e2a57eece8061dfa61add7c2107d60
project_train,train/bonafide/iphone15pro/portugal-NM-1091.jpg,data/processed/policy_c/train/bonafide/iphone15pro/portugal-NM-1091.jpg,portugal-NM-1091,bonafide,,iphone15pro,0,72,cc4a1e9ce9d236f5b95fa01ab28e4ec5277360ee8654b79114e785ce23083038,6b3d893d30c3c58f9e005996772092693ac0b10e375dc8a2678c719d3454169e
project_train,train/bonafide/scan/portugal-NM-1091.jpg,data/processed/policy_c/train/bonafide/scan/portugal-NM-1091.jpg,portugal-NM-1091,bonafide,,scan,0,78,08295ebaad5b77948c43da4950b8a0048a45ca5af7cdd3872ff5b8721a6cb416,f698f0de7204ed8c9ae590ce80bd1e9def3b41c76dc6180fa76070e36e0073f4
project_train,train/attack/digital_1/huawei/portugal-NM-1102.jpg,data/processed/policy_c/train/attack/digital_1/huawei/portugal-NM-1102.jpg,portugal-NM-1102,attack,digital_1,huawei,1,67,f9edfa02d7a034f6757da3c22875adbc61d43cb52b024cd6fc41368fc8229a7e,87ec91afc2c60683699f8976b6248a86fbfe829a0edcaea9c7aa825a1b2966d0
project_train,train/attack/digital_1/iphone15pro/portugal-NM-1102.jpg,data/processed/policy_c/train/attack/digital_1/iphone15pro/portugal-NM-1102.jpg,portugal-NM-1102,attack,digital_1,iphone15pro,1,55,17608913d227d7322abac9cc10e6415f5d77b6fe1e36763f2a31e0488adb4dcc,d29cdafbd23be679a2a5588b9c9af2e3309cef27479d1b3a2ded68562c152855
project_train,train/attack/digital_1/scan/portugal-NM-1102.jpg,data/processed/policy_c/train/attack/digital_1/scan/portugal-NM-1102.jpg,portugal-NM-1102,attack,digital_1,scan,1,63,1149ea7dd3a51645b5794a64acdf31de83e3a479ba4234b616ecd42859a61a25,4b2ff0cd11db4889a1e03f2529b13f26724c0788e9c9e198b94c79d7b8e13b32
project_train,train/attack/digital_2/huawei/portugal-NM-1102.jpg,data/processed/policy_c/train/attack/digital_2/huawei/portugal-NM-1102.jpg,portugal-NM-1102,attack,digital_2,huawei,1,67,7658da5356b66e69195cc6c98e08d93e46dfda8098ced93ddde93d2038aa2773,88a8a3bc5d5774c7c89673c803ecc7ede557ca513b61f21382515d6db8ae1324
project_train,train/attack/digital_2/iphone15pro/portugal-NM-1102.jpg,data/processed/policy_c/train/attack/digital_2/iphone15pro/portugal-NM-1102.jpg,portugal-NM-1102,attack,digital_2,iphone15pro,1,55,31bb651bfe18572299d8f0b9c4981c7b14b8a75839103df7f18bb53d8ca08480,65928eea92b5c5a74905614a801fa0c27135ab6ab58bf473651948f20b7848ce
project_train,train/attack/digital_2/scan/portugal-NM-1102.jpg,data/processed/policy_c/train/attack/digital_2/scan/portugal-NM-1102.jpg,portugal-NM-1102,attack,digital_2,scan,1,63,8139502c8ae81584eccb9be1540a42f41fd73721f5abca7d9f9dfc522d26437d,042944f9c0447d2fde3b3f9c061d6aced9d1a6d361c88d4e794164e4ffa742bd
project_train,train/bonafide/huawei/portugal-NM-1102.jpg,data/processed/policy_c/train/bonafide/huawei/portugal-NM-1102.jpg,portugal-NM-1102,bonafide,,huawei,0,67,b2e80e84ff87a346d35183f5593fe5968fdaa30e2e5f25eb3c3c5c6285c0b6dc,ea5e791a9a6029dc48e683cfec960544c63854f1bb0a6c496cb87fe91bd63689
project_train,train/bonafide/iphone15pro/portugal-NM-1102.jpg,data/processed/policy_c/train/bonafide/iphone15pro/portugal-NM-1102.jpg,portugal-NM-1102,bonafide,,iphone15pro,0,55,672a2f6424eadaed9da32e3d8083c91da33f85321539e785b08f20cecc8d3e1c,cb8c2b6455859a368dd4d9d6cf766007493dd90d09b2a433b8e0984ae4361e01
project_train,train/bonafide/scan/portugal-NM-1102.jpg,data/processed/policy_c/train/bonafide/scan/portugal-NM-1102.jpg,portugal-NM-1102,bonafide,,scan,0,63,ee021bed4adce8d64ba71a98e0f3607c0198a0f823442f84bd3d6085ce6cbaf2,14b59f8e705a3a6a5f3870aee48287763288dfaa9816e7512597fdbf9c96906e
project_train,train/attack/digital_1/huawei/russian-002_03.jpg,data/processed/policy_c/train/attack/digital_1/huawei/russian-002_03.jpg,russian-002_03,attack,digital_1,huawei,1,55,2b38faa8cb49b2ddba15db8d31239376613239726e95af7a7d843c425a2065d7,898c93c7c9541b8db685fd0e8a3e318d2480a67d60dfc5cd4c0b224b6d1f297b
project_train,train/attack/digital_1/iphone15pro/russian-002_03.jpg,data/processed/policy_c/train/attack/digital_1/iphone15pro/russian-002_03.jpg,russian-002_03,attack,digital_1,iphone15pro,1,86,0d67a86494e3d4cce4f124980b0f17754ea1846d02296ebcf9a9d9c039520a2c,07a36cb49831a80feeab00edd039fce231b2acbff64592aa58d19781538f0d10
project_train,train/attack/digital_1/scan/russian-002_03.jpg,data/processed/policy_c/train/attack/digital_1/scan/russian-002_03.jpg,russian-002_03,attack,digital_1,scan,1,59,23fed9109663e74437f2dab8b6cc0c768aa018051a970f45ba5376ceadcdbe5b,82501514fca741ce8e0b98c1b68ccb7129781e7f176afcabd7d17eba3a85ab29
project_train,train/attack/digital_2/huawei/russian-002_03.jpg,data/processed/policy_c/train/attack/digital_2/huawei/russian-002_03.jpg,russian-002_03,attack,digital_2,huawei,1,55,7a326a4aaf4326ed20996d938bacf5bb2f97eadcd813bbbc385f726a0fc309f4,ab0523ba1292f524c0e606cef6cb7dab668d66b4acde31b17c6c1ee0fe66a709
project_train,train/attack/digital_2/iphone15pro/russian-002_03.jpg,data/processed/policy_c/train/attack/digital_2/iphone15pro/russian-002_03.jpg,russian-002_03,attack,digital_2,iphone15pro,1,86,2559758bed45a2464237f84bf813fcc7bb874456b3aff0842490c1e6cd3739e3,60742958b23261f8bcf40dbafb79ff9f18fe04449f521c8e717986cd430cac40
project_train,train/attack/digital_2/scan/russian-002_03.jpg,data/processed/policy_c/train/attack/digital_2/scan/russian-002_03.jpg,russian-002_03,attack,digital_2,scan,1,59,edece47360c9423bf53da98d01e5feb70cbe0ea4ef0c3d08f65d39a675c1971c,4df186882c439c8daae9c79561e32392c00be1b50fd8135e28625e8128fb8371
project_train,train/bonafide/huawei/russian-002_03.jpg,data/processed/policy_c/train/bonafide/huawei/russian-002_03.jpg,russian-002_03,bonafide,,huawei,0,55,a9baa43b7f9053ca2aa017badd43eecbcfd1e604d35404f0ec29251b6248665b,2eea2e0e216cd20d79063be810fde1bb43f1fc84ab642bdbc9744a30d859677a
project_train,train/bonafide/iphone15pro/russian-002_03.jpg,data/processed/policy_c/train/bonafide/iphone15pro/russian-002_03.jpg,russian-002_03,bonafide,,iphone15pro,0,86,f86ef3d5960d29105821a2d2aa1eca9d9efd4ce0eb1bbdb2b3707759d35d02ee,95db6203d464db10d33fc2142817161b0cee1fab9ea077b12546381be8cf0adc
project_train,train/bonafide/scan/russian-002_03.jpg,data/processed/policy_c/train/bonafide/scan/russian-002_03.jpg,russian-002_03,bonafide,,scan,0,59,aca584cf6c8887880ea7a5874f589c77b92f1da8d84c28230990b65a59bb62d7,8b2aaa174915a6eef3ec1f9111985a6eba0958450d07ce9fd02ee8fbbdaa1501
project_train,train/attack/digital_1/huawei/russian-027_03.jpg,data/processed/policy_c/train/attack/digital_1/huawei/russian-027_03.jpg,russian-027_03,attack,digital_1,huawei,1,82,0fc55e9e74ca62b46c77748727d1579b9b13e6dbdc46b04f16ad10907a1d0251,41f6aa8f154439fed5428d51d8ccc608c6a682dcc9ffc8c695e2f00717c5d508
project_train,train/attack/digital_1/iphone15pro/russian-027_03.jpg,data/processed/policy_c/train/attack/digital_1/iphone15pro/russian-027_03.jpg,russian-027_03,attack,digital_1,iphone15pro,1,83,dfde642ea92461277b77e29ac6bfc227766bb03e83a4de7958d7cd448b061fa3,0cce3c2ec323d014de026645697fcbd6a4e5955a9af2ff55ea8e067b11feaaf7
project_train,train/attack/digital_1/scan/russian-027_03.jpg,data/processed/policy_c/train/attack/digital_1/scan/russian-027_03.jpg,russian-027_03,attack,digital_1,scan,1,75,64a18a4a65cb616a8747ae731bd4549cbfdacc8d458380d58b1f0870e6d7499d,c037bead77480ee1331c1752216952be018df73c2e8caf1718f2b63e24eeae73
project_train,train/attack/digital_2/huawei/russian-027_03.jpg,data/processed/policy_c/train/attack/digital_2/huawei/russian-027_03.jpg,russian-027_03,attack,digital_2,huawei,1,82,3995f4560a9a298f1de1d1f22de33728968b152af15c9769c5fb62c208ff3440,00d1a43ee4bcf29f28c493260d4e34edfe14e533723c260cba7e3eb24e29a5f8
project_train,train/attack/digital_2/iphone15pro/russian-027_03.jpg,data/processed/policy_c/train/attack/digital_2/iphone15pro/russian-027_03.jpg,russian-027_03,attack,digital_2,iphone15pro,1,83,abc25ce7b70718afbe2198a266ce061d45f9e12a270434ec19507aad100c1cd9,031186942625322e892ebc29f5f671342eba019c0b184cc735b268c4ea05fa1b
project_train,train/attack/digital_2/scan/russian-027_03.jpg,data/processed/policy_c/train/attack/digital_2/scan/russian-027_03.jpg,russian-027_03,attack,digital_2,scan,1,75,81baffcba720f5bb9394a47cdbf5dba870ceb6e57387051b13db7c80bc94c201,8394b98a6e768e7671533e914b5661e1f2bd9eaad25d32afeb67cb125c9f9b9a
project_train,train/bonafide/huawei/russian-027_03.jpg,data/processed/policy_c/train/bonafide/huawei/russian-027_03.jpg,russian-027_03,bonafide,,huawei,0,82,d62db7b5a58f42f2cf1db45e25dda706771b8f87ca88b313de97d57164fadc87,60e4b79ede10439592550eed7026aedd15d42f60c65410122e1b9a0a7680b315
project_train,train/bonafide/iphone15pro/russian-027_03.jpg,data/processed/policy_c/train/bonafide/iphone15pro/russian-027_03.jpg,russian-027_03,bonafide,,iphone15pro,0,83,fb624929b3c1b1b75dd196b2e291031f620dcff3ae8b738f7db62c5a29dc1c29,b64f4336d89a17b9f545547603ed28d071c72ea04b060a2004082f5b76125daf
project_train,train/bonafide/scan/russian-027_03.jpg,data/processed/policy_c/train/bonafide/scan/russian-027_03.jpg,russian-027_03,bonafide,,scan,0,75,d9dec1ad015064fa6a8f2b6ff87cfe6abaebef173a192d651ecb90f24c9d774b,46bc6f5d7287be06009f1aedb75e08ac61f29aec64039f2eda9e5913c0dcd096
project_train,train/attack/digital_1/huawei/russian-082_03.jpg,data/processed/policy_c/train/attack/digital_1/huawei/russian-082_03.jpg,russian-082_03,attack,digital_1,huawei,1,76,af05b7de206a33a9a08ca80d6647d3b1bfb55aa476b86b4e58a6bbe2bdb31d5f,075b5c2041a41bc1f368b89bda98a6909b39b87cc58a13322f29f7b727aa35fe
project_train,train/attack/digital_1/iphone15pro/russian-082_03.jpg,data/processed/policy_c/train/attack/digital_1/iphone15pro/russian-082_03.jpg,russian-082_03,attack,digital_1,iphone15pro,1,57,0c3f2348a5383b2c4646ef04be543af2810e62d6e54ee6094d1d6dd61ce6deaf,048147e1242f50f890b30b10b8428bc02d986cd116b56e59a18aa8677bb68ce8
project_train,train/attack/digital_1/scan/russian-082_03.jpg,data/processed/policy_c/train/attack/digital_1/scan/russian-082_03.jpg,russian-082_03,attack,digital_1,scan,1,74,b4218f9ac01fd1d17979ecb9a652db35cdbbcf753140a936e59f898096c27ff6,42be3b4224ec4e1eef512c75b8098e88ac6a6085cb604cd2d3dae1c5d3b1360b
project_train,train/attack/digital_2/huawei/russian-082_03.jpg,data/processed/policy_c/train/attack/digital_2/huawei/russian-082_03.jpg,russian-082_03,attack,digital_2,huawei,1,76,fa8ebc1d1f068c31141c17b34f51f0ac4cfb46a3681c72d263209595230cfbd8,7919dad973d5c9aae247b1515d086ea2d41b7eb182f10a06740eed373907ea68
project_train,train/attack/digital_2/iphone15pro/russian-082_03.jpg,data/processed/policy_c/train/attack/digital_2/iphone15pro/russian-082_03.jpg,russian-082_03,attack,digital_2,iphone15pro,1,57,11eeae0976c5c0d577ea621759e6dd21932f90220b787111eca595d56d13345d,f8410cef09797746a3225e44a6b42ada2bac8af9ff68201aeed1939eb7a40e0b
project_train,train/attack/digital_2/scan/russian-082_03.jpg,data/processed/policy_c/train/attack/digital_2/scan/russian-082_03.jpg,russian-082_03,attack,digital_2,scan,1,74,557073d4e12e0b945cbba61455e307da3e607c6a8f4dc89a8b23770a5bfb6c35,b21d9532262af813ddb29caa777e59770b86867216f87b1a9ab6f9e5fa278fed
project_train,train/bonafide/huawei/russian-082_03.jpg,data/processed/policy_c/train/bonafide/huawei/russian-082_03.jpg,russian-082_03,bonafide,,huawei,0,76,992e6174063de935913073a5953c7e36216a2f95dc72343e7eb810809fa42c91,08e675276df21e37995ebf10943d1ad9169af3815b8a9296ca53902cae79cf77
project_train,train/bonafide/iphone15pro/russian-082_03.jpg,data/processed/policy_c/train/bonafide/iphone15pro/russian-082_03.jpg,russian-082_03,bonafide,,iphone15pro,0,57,391cb66e0ef407bf5b26ac35e7e47fbe0af48c2bdf1c7a3ea95e09d3d9407a9b,6b59c5ec81799a66cd2b57f6ee62544cadd540b00f2b9de0a5fefcf5e2f8e37f
project_train,train/bonafide/scan/russian-082_03.jpg,data/processed/policy_c/train/bonafide/scan/russian-082_03.jpg,russian-082_03,bonafide,,scan,0,74,10e21d03ad5ef9278fb996d034074102e773011df90f5b30cba986ae1ea5c33d,0f49c0d97ccf8bb283f57e3ec7f0f550b1a1b8e21afad0244f4bede542c08bcd
project_train,train/attack/digital_1/huawei/russian-123_03.jpg,data/processed/policy_c/train/attack/digital_1/huawei/russian-123_03.jpg,russian-123_03,attack,digital_1,huawei,1,64,50c75c9a5b443fcb6bf1790308bdfcb91bb18c452846d0ea796650b11078c6f0,c925cc2570c80b00fbe06680eda89d37168a146bedb6af3481cfee82d2b80902
project_train,train/attack/digital_1/iphone15pro/russian-123_03.jpg,data/processed/policy_c/train/attack/digital_1/iphone15pro/russian-123_03.jpg,russian-123_03,attack,digital_1,iphone15pro,1,62,7225bc7f5bfadfcfe31613129e9812b25be406576df21e28f13ed7834901c16c,baaf3522ff6475a2137195dbcb5c19e9cdc42981c94d5588890a8e8589439a1c
project_train,train/attack/digital_1/scan/russian-123_03.jpg,data/processed/policy_c/train/attack/digital_1/scan/russian-123_03.jpg,russian-123_03,attack,digital_1,scan,1,50,a12fed125137fa299ae41e9b3f91d6a350a30e22f2e4e9a010aab5b0878393dc,dded953635c6cf57b110633dc6fbaa9627ced5b69e10c590bc1a5ea15fa119c7
project_train,train/attack/digital_2/huawei/russian-123_03.jpg,data/processed/policy_c/train/attack/digital_2/huawei/russian-123_03.jpg,russian-123_03,attack,digital_2,huawei,1,64,10af78d18ee878ebbe03e278e4d6b11e7da590ec850470ff87c49083b29a40b0,5b79194d897457fce18ca88f645dc29de8078759ac643faea16fe319ab182d9e
project_train,train/attack/digital_2/iphone15pro/russian-123_03.jpg,data/processed/policy_c/train/attack/digital_2/iphone15pro/russian-123_03.jpg,russian-123_03,attack,digital_2,iphone15pro,1,62,563a2ef38f93a0473e74e3db232c8271133ac3ed1154742bae12c4a766c9e1fb,f943519a6e0b9f3d7e4d8e35ea0ad922e286f6911e14d8b0da1c84d7a4b063c4
project_train,train/attack/digital_2/scan/russian-123_03.jpg,data/processed/policy_c/train/attack/digital_2/scan/russian-123_03.jpg,russian-123_03,attack,digital_2,scan,1,50,a1ea17790f6a3bc7f97153f7b5fd217e6820e8ec82737c209e59cb8e0b0708b9,22035896a47255023096c072687333a391bbbac0135ac0bd7037ae675150db8f
project_train,train/bonafide/huawei/russian-123_03.jpg,data/processed/policy_c/train/bonafide/huawei/russian-123_03.jpg,russian-123_03,bonafide,,huawei,0,64,778f93aa5f8d67d06debdf0f5ea0c20b07152ae936c860d7ced4031fd40e92a6,ce89e1229ebeee00bfa37cd1a6a620c598777648695c2c7292a83eec019eb5bb
project_train,train/bonafide/iphone15pro/russian-123_03.jpg,data/processed/policy_c/train/bonafide/iphone15pro/russian-123_03.jpg,russian-123_03,bonafide,,iphone15pro,0,62,4bfc2ae9d5a70f4cdd179c897093bbb445a9f4fe842b6503aad3a696fd8fe83b,4eaf19d51666e3ecda41fb4574783762467fe8d955993482aa9d934df9a25df0
project_train,train/bonafide/scan/russian-123_03.jpg,data/processed/policy_c/train/bonafide/scan/russian-123_03.jpg,russian-123_03,bonafide,,scan,0,50,fb4022019f5ff9ba746f11b53c3cd918b94460920b3f6c9e7eeb014efb9ed253,e1b8b7790c29fddca71754b322277ac694d79ad5d49ade474be74b2e5c904531
project_train,train/attack/digital_1/huawei/russian-140_03.jpg,data/processed/policy_c/train/attack/digital_1/huawei/russian-140_03.jpg,russian-140_03,attack,digital_1,huawei,1,76,26a91dc1318b97d898056e25254e0357009395c8a53575acf744a74409932cea,8b274a71211c3a7e3d31050bfb553317c7ab033c4ebe364034ef8bd804abc83b
project_train,train/attack/digital_1/iphone15pro/russian-140_03.jpg,data/processed/policy_c/train/attack/digital_1/iphone15pro/russian-140_03.jpg,russian-140_03,attack,digital_1,iphone15pro,1,64,4e5bb7bad47e162395422978f1a0ad86fc44fc45792779f030b68a5d0801e008,4b18b93bb188496fea9154ee8aea474ed0ef54b83df47f1f7402e0977ce2f91f
project_train,train/attack/digital_1/scan/russian-140_03.jpg,data/processed/policy_c/train/attack/digital_1/scan/russian-140_03.jpg,russian-140_03,attack,digital_1,scan,1,69,93b14b7f375ae161b28fb54ae8492bbd9e75b70ddd31c19b7130fa358dfcba8d,150767557e231639d2c1cdf87633a223e4ab02f0d0f0961b2bd5bd510cc4763f
project_train,train/attack/digital_2/huawei/russian-140_03.jpg,data/processed/policy_c/train/attack/digital_2/huawei/russian-140_03.jpg,russian-140_03,attack,digital_2,huawei,1,76,ce8f5b2f145f8989f017228fe212450db0787a80fa7dd5530e4af13813cfb319,ab714baf89a75197d944265cd3d085cd84ad8567fa26b1bb363aacebe0f05d2a
project_train,train/attack/digital_2/iphone15pro/russian-140_03.jpg,data/processed/policy_c/train/attack/digital_2/iphone15pro/russian-140_03.jpg,russian-140_03,attack,digital_2,iphone15pro,1,64,3e7a24f10be39e2463d321b978e443254cba33eef0999fcc575dd9793c38d4cf,3b8f1bf2a02c4308c7e91f434e0c795a3e40f2e0a6e548d640c2ae161172cfc6
project_train,train/attack/digital_2/scan/russian-140_03.jpg,data/processed/policy_c/train/attack/digital_2/scan/russian-140_03.jpg,russian-140_03,attack,digital_2,scan,1,69,cb863bb0a247a556ea3fb352a1c002407a794a28ae1fe73406202bc22fbe71ed,8b749793014548523fb1a0546ee596447f3d3e69289a37e6b59d9e2fcae7255c
project_train,train/bonafide/huawei/russian-140_03.jpg,data/processed/policy_c/train/bonafide/huawei/russian-140_03.jpg,russian-140_03,bonafide,,huawei,0,76,a19eb716ec1bf633687b714d6b7ac4546d57e8781966d2b2a6ae1a861a09a320,6dd8f90ae057728796bcd057b6e57cb351e700805d004dcf02f5d1706c2f629c
project_train,train/bonafide/iphone15pro/russian-140_03.jpg,data/processed/policy_c/train/bonafide/iphone15pro/russian-140_03.jpg,russian-140_03,bonafide,,iphone15pro,0,64,e66fae0abb046a6eec8011a2d380d0ecfbb78502297d861285205c5e626bc692,dfc84e1c27b8aa84ea79b5ddec0916b73b35c3e94b2ce1a4735fe758c9791503
project_train,train/bonafide/scan/russian-140_03.jpg,data/processed/policy_c/train/bonafide/scan/russian-140_03.jpg,russian-140_03,bonafide,,scan,0,69,b02a365a6ce71a0840ace198f1db9c285f48f8376a0b371043c67cae064732e7,699fafcdc38ffdf4e5ebdbcb27c4414f002665dad487a8b4dad3607169f9d8be
project_train,train/attack/digital_1/huawei/russian-141_03.jpg,data/processed/policy_c/train/attack/digital_1/huawei/russian-141_03.jpg,russian-141_03,attack,digital_1,huawei,1,90,b54ace976bd588ce9ad02a5f0da43402fcbe8317154f9587eb20fc5744df522d,a3f070b902efb831af2b39b4f412dea1588b6333537397cdcd694e75a4089a3d
project_train,train/attack/digital_1/iphone15pro/russian-141_03.jpg,data/processed/policy_c/train/attack/digital_1/iphone15pro/russian-141_03.jpg,russian-141_03,attack,digital_1,iphone15pro,1,77,87cae302bce8b9452792cb3f04755722e506e35df590ffa912a6f41d15b3566f,eae0c95f4d91e1df79ee13042780651f4cb0d4f15f321bdb8eca1af77e89c65f
project_train,train/attack/digital_1/scan/russian-141_03.jpg,data/processed/policy_c/train/attack/digital_1/scan/russian-141_03.jpg,russian-141_03,attack,digital_1,scan,1,62,b791ad060bbc42679e8815b53df107dd5dea91a3ec989f360b3ec5f0b09a39f9,687a3fd1c303e5c8df1a07da76eaf2f28c1183d06a5d0619936b6b2fb8ec4e0c
project_train,train/attack/digital_2/huawei/russian-141_03.jpg,data/processed/policy_c/train/attack/digital_2/huawei/russian-141_03.jpg,russian-141_03,attack,digital_2,huawei,1,90,f113bf29a448f025c87002b8a17cd03e19d5d78a1587bd0eaffc810e0a52eb02,3c46d5e050fb69c51fafc4d1ffefe780449d8d9254eb930cf1240d8d8d311c60
project_train,train/attack/digital_2/iphone15pro/russian-141_03.jpg,data/processed/policy_c/train/attack/digital_2/iphone15pro/russian-141_03.jpg,russian-141_03,attack,digital_2,iphone15pro,1,77,080bcc3a1cb9fd9e480c3e4cc8ad635775f0cbd7e9d82548b12e272ef890f0ef,455e273fe46404479b7d72233ec89ef28ed232e6c7d5f13fedac79d35342c89b
project_train,train/attack/digital_2/scan/russian-141_03.jpg,data/processed/policy_c/train/attack/digital_2/scan/russian-141_03.jpg,russian-141_03,attack,digital_2,scan,1,62,97a8a15f84a24f9fa95139f1a8c48444b3ae6066b3cfcc905325a4228317b8e4,bd0fdb45178179e43062b8f9dab04cfc3fa46151f1f514c064566d7dd72f1b75
project_train,train/bonafide/huawei/russian-141_03.jpg,data/processed/policy_c/train/bonafide/huawei/russian-141_03.jpg,russian-141_03,bonafide,,huawei,0,90,8b0de2cf803c6cc7d4b6f56488e8692dbb41553f9cc587b7efe74e78f22b0368,a53cfa85b99dbc4a537e06d40ccf98ab284354452bbc070d9a49ad96f18ec0db
project_train,train/bonafide/iphone15pro/russian-141_03.jpg,data/processed/policy_c/train/bonafide/iphone15pro/russian-141_03.jpg,russian-141_03,bonafide,,iphone15pro,0,77,8ab15419d9a9f7a12a043fef6b0b71eb249b82708c615b50e085ef848c785fa8,453b87ce4e56cb0842b1de4604fbbadcdfcc2550d9faa4ff05a894d73178ccbc
project_train,train/bonafide/scan/russian-141_03.jpg,data/processed/policy_c/train/bonafide/scan/russian-141_03.jpg,russian-141_03,bonafide,,scan,0,62,7f0a088969e74033261dacdac4fc86db73583ca975da48b20e97e0ca9b20640a,e5f1abf3a91104d1187a13e3ab68feb04c262314bdd9629369414b425e43b7df
project_train,train/attack/digital_1/huawei/russian-NF-1013.jpg,data/processed/policy_c/train/attack/digital_1/huawei/russian-NF-1013.jpg,russian-NF-1013,attack,digital_1,huawei,1,79,a3659543dc81b17decfb5cf0f4b2c1326f065460e4257baf0d13cb056b6ab2b0,143e6b913b0c8dcd3ef240b31ec346cf7ae697589d382803463cdd5cb0b6ae30
project_train,train/attack/digital_1/iphone15pro/russian-NF-1013.jpg,data/processed/policy_c/train/attack/digital_1/iphone15pro/russian-NF-1013.jpg,russian-NF-1013,attack,digital_1,iphone15pro,1,62,69ac024493d58759709f35db936192b8234b43007137377077b338e8ce24b17a,efdb08b38b3d9fdd9d37dcbea665298a1aee61c1f0713d37bf8b6c4ba2fda26d
project_train,train/attack/digital_1/scan/russian-NF-1013.jpg,data/processed/policy_c/train/attack/digital_1/scan/russian-NF-1013.jpg,russian-NF-1013,attack,digital_1,scan,1,75,4f451d4c0abc313ec494753f9fa00f80010c2f5e243b38acbe472bfabf823be3,33cc4639ce2d353dcd6c05670c47423f882f0f08f2901158771b05bb73cb10d0
project_train,train/attack/digital_2/huawei/russian-NF-1013.jpg,data/processed/policy_c/train/attack/digital_2/huawei/russian-NF-1013.jpg,russian-NF-1013,attack,digital_2,huawei,1,79,cdff41273562680b0ee8cccacc9995b272db3d19fb217aab32c700ff332db657,a0bc6f91480bbaf33964f3a7312a647451fa32da2996930c3caa92532068ef40
project_train,train/attack/digital_2/iphone15pro/russian-NF-1013.jpg,data/processed/policy_c/train/attack/digital_2/iphone15pro/russian-NF-1013.jpg,russian-NF-1013,attack,digital_2,iphone15pro,1,62,d84f3e57edaa651ec44ba381b208893392ed5e71c4d232bdb18d3614fc88b128,3d3379b66f1f3e8f6a3746a39687658f4fded5284302ff3cc1516018a86cad31
project_train,train/attack/digital_2/scan/russian-NF-1013.jpg,data/processed/policy_c/train/attack/digital_2/scan/russian-NF-1013.jpg,russian-NF-1013,attack,digital_2,scan,1,75,1dbf76f0eb904ea5f6d5f5847c0715b7c9b6d3f98b8b9fafd04e30068fe9df67,0c4370152ceb1e1b1024b37e12496165f38964457bb8e5d74646086aa5669b00
project_train,train/bonafide/huawei/russian-NF-1013.jpg,data/processed/policy_c/train/bonafide/huawei/russian-NF-1013.jpg,russian-NF-1013,bonafide,,huawei,0,79,71ee87d39edb0b0c3d3808cb92007745b636026509290f708fd2ff59a7da3988,73570aca4e6570caa2731606cb20a0d84190957d4d7e86d7adab1f2b73e99f58
project_train,train/bonafide/iphone15pro/russian-NF-1013.jpg,data/processed/policy_c/train/bonafide/iphone15pro/russian-NF-1013.jpg,russian-NF-1013,bonafide,,iphone15pro,0,62,be0a59667dbc70672cc184ce7b50050fe67187fd77fbd956a89ecf698a76a423,2f66a2b575969024e5a027ef2393d4c4821e8ac48204393975327e10666fb3d2
project_train,train/bonafide/scan/russian-NF-1013.jpg,data/processed/policy_c/train/bonafide/scan/russian-NF-1013.jpg,russian-NF-1013,bonafide,,scan,0,75,fe91db2880f78c04bf8cfc48ec58597bdccdac5d6c5633d5984cde15681e3fd0,d753820bca6970d6ad912bae504d8580e92c00a5078778f3a080043b39d5008d
project_train,train/attack/digital_1/huawei/russian-NF-1028.jpg,data/processed/policy_c/train/attack/digital_1/huawei/russian-NF-1028.jpg,russian-NF-1028,attack,digital_1,huawei,1,68,43584c27873848fb3fdb8d89a898edc8e6dc5e2474f35c4206bcb9305174101f,6178d7b0c176060d8fcaafc3797097f6fa8ad333109ab7694e1668feac87bcc4
project_train,train/attack/digital_1/iphone15pro/russian-NF-1028.jpg,data/processed/policy_c/train/attack/digital_1/iphone15pro/russian-NF-1028.jpg,russian-NF-1028,attack,digital_1,iphone15pro,1,87,902d654e981a93c0e616a19d88b0c67e61933d39cba5e7c44e428f2b03005f1c,c8a9bfbdae9dd16b46a83095764a4469dde11608c7b466d2bdc04990e232314f
project_train,train/attack/digital_1/scan/russian-NF-1028.jpg,data/processed/policy_c/train/attack/digital_1/scan/russian-NF-1028.jpg,russian-NF-1028,attack,digital_1,scan,1,59,68f63046c9f01aa6b2e14956d04b579654f15050aaa854189cebc9ad443a1981,8595617c65b0819fa9599d5cabe6473d6cf92c0b01b9057ddf4e21a3f9f6d34e
project_train,train/attack/digital_2/huawei/russian-NF-1028.jpg,data/processed/policy_c/train/attack/digital_2/huawei/russian-NF-1028.jpg,russian-NF-1028,attack,digital_2,huawei,1,68,c2716d4849d72a0cf35666491118e1caa608ad12c9e1c1088d400dd479e31b2d,31663216aa7e43e9b176b3ecc51bcb8f86d7a1d897d553209443399255db1027
project_train,train/attack/digital_2/iphone15pro/russian-NF-1028.jpg,data/processed/policy_c/train/attack/digital_2/iphone15pro/russian-NF-1028.jpg,russian-NF-1028,attack,digital_2,iphone15pro,1,87,cb500fe617c81c18c429e888f3153ef428cd053ad48673683ea034be7e3d7018,393cf9247d1d568b64885a43775c6525bd8f33515d43c8a03d303103369d63de
project_train,train/attack/digital_2/scan/russian-NF-1028.jpg,data/processed/policy_c/train/attack/digital_2/scan/russian-NF-1028.jpg,russian-NF-1028,attack,digital_2,scan,1,59,12e1dc9e1d6df7d702f5b2479635fb3a562c9cdb18af98e6a0e4e3e31bf7d6fa,6111c7a4f5a051d3745b1e6976b9c2ba55e7bcc98495151d98da48c9c7f887e7
project_train,train/bonafide/huawei/russian-NF-1028.jpg,data/processed/policy_c/train/bonafide/huawei/russian-NF-1028.jpg,russian-NF-1028,bonafide,,huawei,0,68,85fbbaab2d26abd3b610db9f5f1486ccf67b905979f256ff4c7d3cefc4fe686d,bdacd6f47d613b370534dd54b6db164ff8a981d86c1ec99ed397af9b9ce44209
project_train,train/bonafide/iphone15pro/russian-NF-1028.jpg,data/processed/policy_c/train/bonafide/iphone15pro/russian-NF-1028.jpg,russian-NF-1028,bonafide,,iphone15pro,0,87,a04b7d30d70a87d1c089d11799b0ff217d169727aa9a28975a8b06ed4954e702,b08ba20e74d6a3a7fef9a7aa9234f7b31983f0dfeab705f5511bb7f373bc1197
project_train,train/bonafide/scan/russian-NF-1028.jpg,data/processed/policy_c/train/bonafide/scan/russian-NF-1028.jpg,russian-NF-1028,bonafide,,scan,0,59,9cf027cbe95f26d689baf7829360cf0112d547b07bcbc91cb30863e240c9df05,928b5f92e3d95cf94089843e10ab6e69988cb447c74f3547f16928cc81409ca3
project_train,train/attack/digital_1/huawei/russian-NF-1069.jpg,data/processed/policy_c/train/attack/digital_1/huawei/russian-NF-1069.jpg,russian-NF-1069,attack,digital_1,huawei,1,66,4a4e49acf323688d5c7b7a22b4393ec2535140e228e514a761fe2983be595525,2171378aafe6a5593572b2aa14927dcffa989840ae288791d486c2e7badb6e16
project_train,train/attack/digital_1/iphone15pro/russian-NF-1069.jpg,data/processed/policy_c/train/attack/digital_1/iphone15pro/russian-NF-1069.jpg,russian-NF-1069,attack,digital_1,iphone15pro,1,69,ced21b0ddfec775e795bfc197c6164aa47f0ea43ebd97550adaf65da95a825f5,31ded897501121b8f45c88ae9db17adacac74b95e3be21e8bc6893deac4779b2
project_train,train/attack/digital_1/scan/russian-NF-1069.jpg,data/processed/policy_c/train/attack/digital_1/scan/russian-NF-1069.jpg,russian-NF-1069,attack,digital_1,scan,1,80,0a8114e19544139aa6faacd856b55ea223410813f157656fee681d2c82f03364,3bbd9ddc62d3d82145224727298df67a225518c75337a7e175e2c1d9d68a1ae7
project_train,train/attack/digital_2/huawei/russian-NF-1069.jpg,data/processed/policy_c/train/attack/digital_2/huawei/russian-NF-1069.jpg,russian-NF-1069,attack,digital_2,huawei,1,66,ce203046c95f5a6cac8d03c2c6d5e6233c40693d38f4ff3e82cffa4ac4432873,b1b7df9aa6d5f217215647dbb2030995ac9b1634fcfa3597730c1201b9ad98af
project_train,train/attack/digital_2/iphone15pro/russian-NF-1069.jpg,data/processed/policy_c/train/attack/digital_2/iphone15pro/russian-NF-1069.jpg,russian-NF-1069,attack,digital_2,iphone15pro,1,69,747aff43ff32c591208b5b6147debf274bef1e46edf3ccca3327f4d87bb94a4e,9d5dddca16f029fc723c1ab94730562363a253c8062458d645810c838c88a770
project_train,train/attack/digital_2/scan/russian-NF-1069.jpg,data/processed/policy_c/train/attack/digital_2/scan/russian-NF-1069.jpg,russian-NF-1069,attack,digital_2,scan,1,80,8c03f6b2024d21c8195b02c50ab4b5e98b1ff8eaeebe28f1fdd4aa8324ae3dc6,2a3cc6ecd5fc2861cc7837b89b478c848542701633bb7994e649b99ce167ab04
project_train,train/bonafide/huawei/russian-NF-1069.jpg,data/processed/policy_c/train/bonafide/huawei/russian-NF-1069.jpg,russian-NF-1069,bonafide,,huawei,0,66,61bd5eb8dc27662c6252984ddf336dc9773a10963ac0eb38bde8e44c9d0c2e6b,5e63aab8ad1698468219a9af81bc501a0336199273a2d617feec2a2640f281bc
project_train,train/bonafide/iphone15pro/russian-NF-1069.jpg,data/processed/policy_c/train/bonafide/iphone15pro/russian-NF-1069.jpg,russian-NF-1069,bonafide,,iphone15pro,0,69,43db03de211deb34dee0e69abff0a94318d885c0c0f048b3ba98746421dac2fb,d4856ee60833a6567aa50d829109fe96eb2f061e4ece5d5317e49ce5ab6aa967
project_train,train/bonafide/scan/russian-NF-1069.jpg,data/processed/policy_c/train/bonafide/scan/russian-NF-1069.jpg,russian-NF-1069,bonafide,,scan,0,80,5c381aca0caa20f929682dca1f0478e000f3543dc9144e4e8b5d21a6ba33fa1d,f2f36d6b11f085418e0ec7d7f59585012f8512aef2b5a20fc2ca10663ff3cd8a
project_train,train/attack/digital_1/huawei/russian-NF-1080.jpg,data/processed/policy_c/train/attack/digital_1/huawei/russian-NF-1080.jpg,russian-NF-1080,attack,digital_1,huawei,1,52,1c5c85e96f5dd338848681d67da0c1b97913153f50a4c3e66e81c76563ec7a6c,490d7337f1a6c915ac46b4696ea14343041176cb3956599e4b716d0377b54573
project_train,train/attack/digital_1/iphone15pro/russian-NF-1080.jpg,data/processed/policy_c/train/attack/digital_1/iphone15pro/russian-NF-1080.jpg,russian-NF-1080,attack,digital_1,iphone15pro,1,74,298975d2552c66ce11b881c66357c5970c935210ff709a73ab7e6ff9aaa79ae0,db37f1530c25d362142fe378eb486f783d28f7af9601cbb2121c473e6b875ae5
project_train,train/attack/digital_1/scan/russian-NF-1080.jpg,data/processed/policy_c/train/attack/digital_1/scan/russian-NF-1080.jpg,russian-NF-1080,attack,digital_1,scan,1,68,c31bb107c1d3f9a2e941c18570a98e7c3c345c61f549edc5b98f197fb322ceee,5be81f7fd4091bb0f94890292b8a43034922610b501444d40e6265479cc97399
project_train,train/attack/digital_2/huawei/russian-NF-1080.jpg,data/processed/policy_c/train/attack/digital_2/huawei/russian-NF-1080.jpg,russian-NF-1080,attack,digital_2,huawei,1,52,eab3264bde5d70b9f148778437d24fec98709189d0af6c141f98f4fd9efc83db,72e1039fe12f0a9135b401de42ba4a29b1b7fba7859c7937d1be95bc7ddb58ec
project_train,train/attack/digital_2/iphone15pro/russian-NF-1080.jpg,data/processed/policy_c/train/attack/digital_2/iphone15pro/russian-NF-1080.jpg,russian-NF-1080,attack,digital_2,iphone15pro,1,74,adf0787302309872c7ec2dbaeafae38ae16378ed572a3fd2b940605e46410417,b3017136cac3da87b7d4716c709cff08a9fd8b9a42e39d435cb7def6904cd85a
project_train,train/attack/digital_2/scan/russian-NF-1080.jpg,data/processed/policy_c/train/attack/digital_2/scan/russian-NF-1080.jpg,russian-NF-1080,attack,digital_2,scan,1,68,18b1cfffb9113435cd6999907c62edddae4c86765fd30a4433ca6529e401a8b7,83af34ffe4af0529fc4aedbe8bc6e8c0ff452089294b3145c20bd84254c50da9
project_train,train/bonafide/huawei/russian-NF-1080.jpg,data/processed/policy_c/train/bonafide/huawei/russian-NF-1080.jpg,russian-NF-1080,bonafide,,huawei,0,52,794898174a1db3ac22adfe92ad9166d2a9f1f3a1d016c48e78705e4cbdb74c73,d288a09f17a2f124cd888fcdbbebbf994c2d77bf7dc1dede0ac13b7f2dac9305
project_train,train/bonafide/iphone15pro/russian-NF-1080.jpg,data/processed/policy_c/train/bonafide/iphone15pro/russian-NF-1080.jpg,russian-NF-1080,bonafide,,iphone15pro,0,74,133f94092e39b5b05b781ed7aad5e8c2ccbc3680100f80f32a62a6b98af908e4,5a2b129432720205002b23890877bdedcddcc21e4bc2ef45bc6e52eadf4bb689
project_train,train/bonafide/scan/russian-NF-1080.jpg,data/processed/policy_c/train/bonafide/scan/russian-NF-1080.jpg,russian-NF-1080,bonafide,,scan,0,68,db161bda33b06fae54026b6ba5327a14ba19d54f9c35df0f277f8e2f4c016d6b,10ed36a709cb6a5321511d9053d32fe97ffdfad0eb415ead704f905810599129
project_train,train/attack/digital_1/huawei/russian-NF-1081.jpg,data/processed/policy_c/train/attack/digital_1/huawei/russian-NF-1081.jpg,russian-NF-1081,attack,digital_1,huawei,1,53,9e7ba8951d5f9479087d0e82118cc0886f1ec06b1a06ac4e67000f08b6b38b00,abf2eff5969239b7c6fbadf768cddacdc4bd8ff567aa5bd7e2c653d0a71f0ce7
project_train,train/attack/digital_1/iphone15pro/russian-NF-1081.jpg,data/processed/policy_c/train/attack/digital_1/iphone15pro/russian-NF-1081.jpg,russian-NF-1081,attack,digital_1,iphone15pro,1,74,fd14f96b5885c858e840f3cf3b70e2857fcf95a98752ef9ce3a8615f1fdb6033,e594eb719e4583978aac656420b466190697a8a3c306c13b514218eed307a8a2
project_train,train/attack/digital_1/scan/russian-NF-1081.jpg,data/processed/policy_c/train/attack/digital_1/scan/russian-NF-1081.jpg,russian-NF-1081,attack,digital_1,scan,1,55,00a5884168fa2468632b29e4185ad0740201b74c00685b334d09006a6e18e8b4,3557b46e633c22e6458179cc6be0298caa7d4b68688427f4f6e58691d34498fd
project_train,train/attack/digital_2/huawei/russian-NF-1081.jpg,data/processed/policy_c/train/attack/digital_2/huawei/russian-NF-1081.jpg,russian-NF-1081,attack,digital_2,huawei,1,53,7b5114beae87faa8666e2907d810867fc335dfea5084690f50037a08b926c700,5eaea85eb6fbe361fbff86960303c4b70b64f0e8f2c4ce9daaaf9fc8f9a74bc9
project_train,train/attack/digital_2/iphone15pro/russian-NF-1081.jpg,data/processed/policy_c/train/attack/digital_2/iphone15pro/russian-NF-1081.jpg,russian-NF-1081,attack,digital_2,iphone15pro,1,74,c572187975c92636bd6bc056cdef6d03b03ffe902af906131f076f838b46e4e4,8b52ce85b427d258576a36c61dd9f7b58af318579856316d10733fa11a3ebf43
project_train,train/attack/digital_2/scan/russian-NF-1081.jpg,data/processed/policy_c/train/attack/digital_2/scan/russian-NF-1081.jpg,russian-NF-1081,attack,digital_2,scan,1,55,253f5b5b71526d2de8518756c9275f91f030b2cb36b957bc031bcb19344f5de8,5f8614398347cf0f9bd848b6b82d296ad6a990984d4159201cb59f4c1625889e
project_train,train/bonafide/huawei/russian-NF-1081.jpg,data/processed/policy_c/train/bonafide/huawei/russian-NF-1081.jpg,russian-NF-1081,bonafide,,huawei,0,53,e84b73740a715ce605f4348261cc77ddaf00cf4789140b3ee1dff99f081afa17,23b6e9801cf55f8c545792884c31a885970a42b6159e5a78f591feb84ded5e39
project_train,train/bonafide/iphone15pro/russian-NF-1081.jpg,data/processed/policy_c/train/bonafide/iphone15pro/russian-NF-1081.jpg,russian-NF-1081,bonafide,,iphone15pro,0,74,b119b48407d1e29a3554029112f8bb3934669a8514509394221f64ca1d35b501,c1d8c941994b615916a57fdabea9ad0f63e204353750c161d1da909ca754ef05
project_train,train/bonafide/scan/russian-NF-1081.jpg,data/processed/policy_c/train/bonafide/scan/russian-NF-1081.jpg,russian-NF-1081,bonafide,,scan,0,55,e8972bf55f4aaf625664992d591a2cb188a25dde14b1dbaf663d43ea1d5ae2f1,11aeb7d31a60030d3a13e3d593144340aea3e240b839a85026717afb2e09040e
project_train,train/attack/digital_1/huawei/russian-NM-1027.jpg,data/processed/policy_c/train/attack/digital_1/huawei/russian-NM-1027.jpg,russian-NM-1027,attack,digital_1,huawei,1,87,eab844ba26246124ad45c66ed7066f7184046ddbd9f8520cdf4f59962727038e,75d089a45abb98c8a19b930e6ece933e670ba664fba94094000e90277eed52be
project_train,train/attack/digital_1/iphone15pro/russian-NM-1027.jpg,data/processed/policy_c/train/attack/digital_1/iphone15pro/russian-NM-1027.jpg,russian-NM-1027,attack,digital_1,iphone15pro,1,58,7fc366d782bb64768e9c7532b079006001518e9ccae21efadb79a90e603d414e,1450612e8c9b1113d9e1cf947d5f9254c5b0b384733399e842c49789f09a1c30
project_train,train/attack/digital_1/scan/russian-NM-1027.jpg,data/processed/policy_c/train/attack/digital_1/scan/russian-NM-1027.jpg,russian-NM-1027,attack,digital_1,scan,1,66,ab02bb10f80bb34ed032b19e6671a2246ab129b5c6e0e681705cd5a469333402,c1cb6acbff41deb167c02ba0f44883bc5ff2cca7beace0b8e20abfc42ecf5d78
project_train,train/attack/digital_2/huawei/russian-NM-1027.jpg,data/processed/policy_c/train/attack/digital_2/huawei/russian-NM-1027.jpg,russian-NM-1027,attack,digital_2,huawei,1,87,bbf32bd3b81d2c6b401fc113357209a11c3ded969c5dce0863d8460f801dd731,379bc6cbc22f8e48ab915ffea7a9ffa479d92afa69b7e50eace3bf85c29f0b86
project_train,train/attack/digital_2/iphone15pro/russian-NM-1027.jpg,data/processed/policy_c/train/attack/digital_2/iphone15pro/russian-NM-1027.jpg,russian-NM-1027,attack,digital_2,iphone15pro,1,58,12314dfbdba6f7caabefb3ea39eef00fe29c6e99480ee4ca82ceb06e03273411,0831640ea323a6fad92813e5930eb85be75a6705e01f614ba69e059a02486314
project_train,train/attack/digital_2/scan/russian-NM-1027.jpg,data/processed/policy_c/train/attack/digital_2/scan/russian-NM-1027.jpg,russian-NM-1027,attack,digital_2,scan,1,66,dfb83f4aacf9ac492504aae417a4992f790b0dd753bf1734209c795d3afab223,2adef03f914744b42e07b4d32ab7c58309813944ec5f45a2ed38e270f029d096
project_train,train/bonafide/huawei/russian-NM-1027.jpg,data/processed/policy_c/train/bonafide/huawei/russian-NM-1027.jpg,russian-NM-1027,bonafide,,huawei,0,87,fcd95aa8798997374c314629ab43a63ba4f1d21dac0c223cab5b922e0801c6fc,817f6c3a5e606cbe2496cd7cb0afd1091b8207606275f665bea2ce742d66b243
project_train,train/bonafide/iphone15pro/russian-NM-1027.jpg,data/processed/policy_c/train/bonafide/iphone15pro/russian-NM-1027.jpg,russian-NM-1027,bonafide,,iphone15pro,0,58,04b1d784d184fa98540d586c5a86cbe78a8f1d61e14e23901f4a4d95b708ac62,26f07957cf061149da5ba089c720aa5c8fe916d802b319678fe8ffc8a383b976
project_train,train/bonafide/scan/russian-NM-1027.jpg,data/processed/policy_c/train/bonafide/scan/russian-NM-1027.jpg,russian-NM-1027,bonafide,,scan,0,66,f7cda9f09a9a9b627e68eae3bbd4cef69ec751784c6d9c91398a67628471db06,1214eada8de4345c46ba03284a227b143dfcf69c357cb746e6a5a72c314761ad
project_train,train/attack/digital_1/huawei/turkiye-008_03.jpg,data/processed/policy_c/train/attack/digital_1/huawei/turkiye-008_03.jpg,turkiye-008_03,attack,digital_1,huawei,1,82,ab6cfb911e02c5f6af1eb9ea4d588c19a2615fa6c6660a8997602c38826af885,b91bc791dae5445c07381e6aa914222fe437b3d436e2377cae7182588aa8b3ea
project_train,train/attack/digital_1/iphone15pro/turkiye-008_03.jpg,data/processed/policy_c/train/attack/digital_1/iphone15pro/turkiye-008_03.jpg,turkiye-008_03,attack,digital_1,iphone15pro,1,53,806e52e9a29ff75229841c28a42878d96710d382e3b09f32ea89bfe956902c3d,70278d63415a2f4d02cbfeb77b1f8927861686f8b89fb6490d781a32215aed17
project_train,train/attack/digital_1/scan/turkiye-008_03.jpg,data/processed/policy_c/train/attack/digital_1/scan/turkiye-008_03.jpg,turkiye-008_03,attack,digital_1,scan,1,67,413befa4052bd4e8bc55966bee85b257f027c1c0a089c4cf4da8b1fbfb44a27d,34b4bbb51b96b2207001514aa7c6417abf250fec1c568b7ce6258923ffcf94ee
project_train,train/attack/digital_2/huawei/turkiye-008_03.jpg,data/processed/policy_c/train/attack/digital_2/huawei/turkiye-008_03.jpg,turkiye-008_03,attack,digital_2,huawei,1,82,d4ad84166e42ca0922ab6b3fbc2605c696c81e7e49de2641d280a9af14884c6d,81441ce8dd3591626a52f317d57e2c5fae9738d0ad767890f20c309a2a5ceda5
project_train,train/attack/digital_2/iphone15pro/turkiye-008_03.jpg,data/processed/policy_c/train/attack/digital_2/iphone15pro/turkiye-008_03.jpg,turkiye-008_03,attack,digital_2,iphone15pro,1,53,4580963edcf94830295c61406af1c01c03fd3c765793e0649731b82c52d75464,b0020d49d863d3abbc3954196834bab78c463d2c78ac154f5cd5e56e9523bf58
project_train,train/attack/digital_2/scan/turkiye-008_03.jpg,data/processed/policy_c/train/attack/digital_2/scan/turkiye-008_03.jpg,turkiye-008_03,attack,digital_2,scan,1,67,bb1666b16f71aee914ca87f940cffd4269f8f27cb21d15ec1c2a1fe3fe1fd72a,90a0a0360d796193e73cb848145439e15ef02e30ea10e63e701f3a5ff0caa8a2
project_train,train/bonafide/huawei/turkiye-008_03.jpg,data/processed/policy_c/train/bonafide/huawei/turkiye-008_03.jpg,turkiye-008_03,bonafide,,huawei,0,82,7f72f2335ec7157cda108f80cc793078656ede80a5e2707d0bc95855e605331d,5e275a08800ec72cba5581723067ecd3afe25dcbfd9570591dda019ba3b54f71
project_train,train/bonafide/iphone15pro/turkiye-008_03.jpg,data/processed/policy_c/train/bonafide/iphone15pro/turkiye-008_03.jpg,turkiye-008_03,bonafide,,iphone15pro,0,53,47dda94843419151444176b4f4111ef4c4493a951b569c3b4644bfbb4c7e6e2d,6a1a1ac075fe9eaed48eeff29de20bdde94e40a76572345855de53aac0442077
project_train,train/bonafide/scan/turkiye-008_03.jpg,data/processed/policy_c/train/bonafide/scan/turkiye-008_03.jpg,turkiye-008_03,bonafide,,scan,0,67,0de0d7b58ac72983769954f6797381864839c5c7cfbd85dc1c0598d29f8fd1da,f966615948b6d8cfb2dd6c1947b26eeafffc625243e3c87c253b25a5c10185e5
project_train,train/attack/digital_1/huawei/turkiye-031_03.jpg,data/processed/policy_c/train/attack/digital_1/huawei/turkiye-031_03.jpg,turkiye-031_03,attack,digital_1,huawei,1,87,25273183bcbc197448b0227ef2fa29ae426e32f1711a25f88da03e0138b952d5,da4dc7f59e67000107ba3ceb772fc7a32602d4ef76f36b809bd3efbeb06bb6e6
project_train,train/attack/digital_1/iphone15pro/turkiye-031_03.jpg,data/processed/policy_c/train/attack/digital_1/iphone15pro/turkiye-031_03.jpg,turkiye-031_03,attack,digital_1,iphone15pro,1,60,bec369b8a4fd3ca55f6be340220d683751a25a23d83c19b8c639e22d34167a39,79977fa211037d8287604e13e92d6c70995ef48efb284f9f9b5094937b0db34c
project_train,train/attack/digital_1/scan/turkiye-031_03.jpg,data/processed/policy_c/train/attack/digital_1/scan/turkiye-031_03.jpg,turkiye-031_03,attack,digital_1,scan,1,73,b83a0851551c7f2752a5c41e85404afc8ae004df527c2380002423e1021c6d49,68029e77c6880c83e2b110eda7d77a88f5af39a1093970abcbae69e7bfa0099d
project_train,train/attack/digital_2/huawei/turkiye-031_03.jpg,data/processed/policy_c/train/attack/digital_2/huawei/turkiye-031_03.jpg,turkiye-031_03,attack,digital_2,huawei,1,87,683b9c6e570470ceeac488e011ae3a29eba07d9f92bf0e48bb883bf513451354,3aca63c39c72c64831bf9413348b403584c792e46c0a7edd9e182fd238333a6c
project_train,train/attack/digital_2/iphone15pro/turkiye-031_03.jpg,data/processed/policy_c/train/attack/digital_2/iphone15pro/turkiye-031_03.jpg,turkiye-031_03,attack,digital_2,iphone15pro,1,60,f141ede7baebbdd3683ab5aebf88fad53b2fd5a781ae289e9b18dc2c7d8e31f0,0fc6dc4f47c0e98738cccc92406a9fc154403eb5408185c0588cf2ee16d414b9
project_train,train/attack/digital_2/scan/turkiye-031_03.jpg,data/processed/policy_c/train/attack/digital_2/scan/turkiye-031_03.jpg,turkiye-031_03,attack,digital_2,scan,1,73,603fcc5de93aec9df8f3f1f01cc5f88bbc271c4885770aec4a6dba0c01462260,b3b5e485c84f2cd998d4eb7685a3d7f3640345a2f1d3d6d9b31103ec1c5a9e2e
project_train,train/bonafide/huawei/turkiye-031_03.jpg,data/processed/policy_c/train/bonafide/huawei/turkiye-031_03.jpg,turkiye-031_03,bonafide,,huawei,0,87,125eec82e18e82f22c2b492794393ca682bc29fa7a2a03afc76178d24bc947d7,a3e31ab65defdccfb953917449f71b17e7c4d7c21286316ffedf9783c07cd1de
project_train,train/bonafide/iphone15pro/turkiye-031_03.jpg,data/processed/policy_c/train/bonafide/iphone15pro/turkiye-031_03.jpg,turkiye-031_03,bonafide,,iphone15pro,0,60,56e4063d1dd0cc049a1556ffc53ef6b71a01fc009a63a1f7d14d6b1a87cdcce4,866551481de93ef8f488bf38403349172d21259be49901a3a7f16c8b26af9da0
project_train,train/bonafide/scan/turkiye-031_03.jpg,data/processed/policy_c/train/bonafide/scan/turkiye-031_03.jpg,turkiye-031_03,bonafide,,scan,0,73,53e804d52e0acfa86dc19fb21b01b800b7f1306029290d99b28c81e5c103b0a4,e4c32cbad0c706c9e5fb8ac5fc6de44bf558018b47f363f5aa737e45b59847a4
project_train,train/attack/digital_1/huawei/turkiye-036_03.jpg,data/processed/policy_c/train/attack/digital_1/huawei/turkiye-036_03.jpg,turkiye-036_03,attack,digital_1,huawei,1,85,e494e0b98600c2e779d31fa7bab7ffeb368fbd0a51ac14cfac8a0ad9700a3d1c,a806e43a02e0b728e2f2db74c38d3501c3b8b76a035af0d6cba193041a99da8b
project_train,train/attack/digital_1/iphone15pro/turkiye-036_03.jpg,data/processed/policy_c/train/attack/digital_1/iphone15pro/turkiye-036_03.jpg,turkiye-036_03,attack,digital_1,iphone15pro,1,60,6850ee820f384ca11014f2d595b875d5dab82132631269f3fb0d0200ca8ae0b1,86ce53d30dd321f5e2a36f7b6dd34c23eb8622f092f851e609c4117e6087d217
project_train,train/attack/digital_1/scan/turkiye-036_03.jpg,data/processed/policy_c/train/attack/digital_1/scan/turkiye-036_03.jpg,turkiye-036_03,attack,digital_1,scan,1,85,12b60a056a43ee01b7899279ba7d7969547e4eddd7e6f9bc657757a5311e382b,f27db8b07ab6348fb639415bf29254ed2754ac6a176f5bad2e67e0375598846c
project_train,train/attack/digital_2/huawei/turkiye-036_03.jpg,data/processed/policy_c/train/attack/digital_2/huawei/turkiye-036_03.jpg,turkiye-036_03,attack,digital_2,huawei,1,85,4da9b36f984ffb0f4376ca7e913f5098b2f6d4f8a89fe8d3f9016002ac296b8c,f7d1cacb5ec04dc6945883189c02e04afb669c20f6769c78a9764b2014f334ce
project_train,train/attack/digital_2/iphone15pro/turkiye-036_03.jpg,data/processed/policy_c/train/attack/digital_2/iphone15pro/turkiye-036_03.jpg,turkiye-036_03,attack,digital_2,iphone15pro,1,60,541b88841c3a053bafff5245a2f2b11768445531739fa2fa9aa1a77b52273dc9,2651cb51b07518a34992d31d19cce4b20aeb418e128a95873487a670abab5acf
project_train,train/attack/digital_2/scan/turkiye-036_03.jpg,data/processed/policy_c/train/attack/digital_2/scan/turkiye-036_03.jpg,turkiye-036_03,attack,digital_2,scan,1,85,efa967159a682e565df41a4862a33064b46615ab6e718728e2f8637ddf567bac,385983d7bf50fe04ea75bea54792b181a3f351823980e038eec0c496d89c26fe
project_train,train/bonafide/huawei/turkiye-036_03.jpg,data/processed/policy_c/train/bonafide/huawei/turkiye-036_03.jpg,turkiye-036_03,bonafide,,huawei,0,85,5c244ab9e70045b89d230d378f735761247886cdf025bdf90f4e3b944adbcb30,47bbd5e076716e4411e8c88229713888404d8ae151e0977e9cd2f35a99605273
project_train,train/bonafide/iphone15pro/turkiye-036_03.jpg,data/processed/policy_c/train/bonafide/iphone15pro/turkiye-036_03.jpg,turkiye-036_03,bonafide,,iphone15pro,0,60,8eb211b219462e988437b69b6db648aebb00c6e031ca8e0affbac43d083fc56b,c41606589040cad2ea2324ea29237a6b8f430c12c9da5f9f56a7b2647367602e
project_train,train/bonafide/scan/turkiye-036_03.jpg,data/processed/policy_c/train/bonafide/scan/turkiye-036_03.jpg,turkiye-036_03,bonafide,,scan,0,85,d04566ba8d0b37ec4afef579480264b7bd020c7b9d84307b0c4ca7057226f13f,c4362d5903940bf4a948edfa93f80398a01081a682036472d40ee759afe605f5
project_train,train/attack/digital_1/huawei/turkiye-041_03.jpg,data/processed/policy_c/train/attack/digital_1/huawei/turkiye-041_03.jpg,turkiye-041_03,attack,digital_1,huawei,1,53,18d168b8e5dca6914dcbefc9fdc880a120940c909a18779dc83893e64b7c6e0d,734f4ce3df2d0d16c2bc23d460fd5d8d88c21b94b360add761d861df0da9445b
project_train,train/attack/digital_1/iphone15pro/turkiye-041_03.jpg,data/processed/policy_c/train/attack/digital_1/iphone15pro/turkiye-041_03.jpg,turkiye-041_03,attack,digital_1,iphone15pro,1,67,53aeb89211531fb037676f4f8ab3a6917a0c021afbfe7aa6998b2472d7953217,7aa76b68c2a3ceaac1fcfd129ed9bb9a2311280a091f0820be62efe8884a880c
project_train,train/attack/digital_1/scan/turkiye-041_03.jpg,data/processed/policy_c/train/attack/digital_1/scan/turkiye-041_03.jpg,turkiye-041_03,attack,digital_1,scan,1,76,ac193f7ae0964f7eff851a2196c16f6e700823a48bdb6ee42f6785e5ee9a3605,e1df22fce00ab7fbe6712a89369c1b0280bb7402623ec78c3af7e88185f3254b
project_train,train/attack/digital_2/huawei/turkiye-041_03.jpg,data/processed/policy_c/train/attack/digital_2/huawei/turkiye-041_03.jpg,turkiye-041_03,attack,digital_2,huawei,1,53,036731314084d24bd9c514dc9cb939c4494ce71a3b864b7cec305614bdd0a70d,b9d5de82b5a9108b626c3177e9ee2aadde9ed3ea48d8ea951cc482a001efa8ec
project_train,train/attack/digital_2/iphone15pro/turkiye-041_03.jpg,data/processed/policy_c/train/attack/digital_2/iphone15pro/turkiye-041_03.jpg,turkiye-041_03,attack,digital_2,iphone15pro,1,67,731d11667ecf3b726aedca5a71195e40cac7031af2b938ebe2a313e6284de026,9363ad19954d2e28fe17a4b437d22c79c303d7dcbf38ab6402af8c02f8ceb92d
project_train,train/attack/digital_2/scan/turkiye-041_03.jpg,data/processed/policy_c/train/attack/digital_2/scan/turkiye-041_03.jpg,turkiye-041_03,attack,digital_2,scan,1,76,c5fc1f8674c58acc3a3ce56ab20d65e8d30d5dd7ef555af7a614569fe882bb5c,1b841eb7a41c87e6aa517cc6cc21711dae4ab4455a0d096b12e3476a6285b7a6
project_train,train/bonafide/huawei/turkiye-041_03.jpg,data/processed/policy_c/train/bonafide/huawei/turkiye-041_03.jpg,turkiye-041_03,bonafide,,huawei,0,53,f6a1709cf620b2d4dc0a549d8bb6d6ab0968208a34c3b5c81d47dd8fbd50a535,e71dea24bba2784f322df2d5726184820a5a1a629d3836e51c2b4fc0f1abed63
project_train,train/bonafide/iphone15pro/turkiye-041_03.jpg,data/processed/policy_c/train/bonafide/iphone15pro/turkiye-041_03.jpg,turkiye-041_03,bonafide,,iphone15pro,0,67,afb149eb13adc985f2503865efb30b1950abbfe6415c0f731b5ada18f702c08e,a7c65667bc9fb20d48a88395cb66e52631d7a204f3d0fe7869d7b479f114d4fe
project_train,train/bonafide/scan/turkiye-041_03.jpg,data/processed/policy_c/train/bonafide/scan/turkiye-041_03.jpg,turkiye-041_03,bonafide,,scan,0,76,179a11c6a986af3395226ec30cd72afe31d565e3cbe5e830f7877a4db6c829fd,b1fed2ce1510d53f971c75de25979f243e2aabf55c3598ec4e208b4d5d71f346
project_train,train/attack/digital_1/huawei/turkiye-083_03.jpg,data/processed/policy_c/train/attack/digital_1/huawei/turkiye-083_03.jpg,turkiye-083_03,attack,digital_1,huawei,1,81,93c9608ce392c7475c2b2b3f04b2a34dcba345ab8d038734e00eb4b9e702efa2,fe258a776058d952f95d3633300a31b6c9f75eb97f0da6018dc2ab3108cf6c1e
project_train,train/attack/digital_1/iphone15pro/turkiye-083_03.jpg,data/processed/policy_c/train/attack/digital_1/iphone15pro/turkiye-083_03.jpg,turkiye-083_03,attack,digital_1,iphone15pro,1,89,99cce7a22e99de33ad03743290daea90254fff81d88bd73a0477889707b6a6de,f9097ab0ec114e8b3f98be47206d6c209fe0922a640fbb43ee011412b243f01f
project_train,train/attack/digital_1/scan/turkiye-083_03.jpg,data/processed/policy_c/train/attack/digital_1/scan/turkiye-083_03.jpg,turkiye-083_03,attack,digital_1,scan,1,51,b967bd2e2522d56cef04d1a4fbe0f83d93eee0b3a77a3dc885b5da6e1ecec4ad,2c81ad2c824a7f5e7c41013e2222cabd496dc1a85b57d54720663ccad56fbb29
project_train,train/attack/digital_2/huawei/turkiye-083_03.jpg,data/processed/policy_c/train/attack/digital_2/huawei/turkiye-083_03.jpg,turkiye-083_03,attack,digital_2,huawei,1,81,d0f6cb1515f368a83052d8f1e74ba7a78b70be00309b8bb8b86b3cd5d7a32129,6a451dfd02a3b1584a0b8ad786220cc5094fd336f0419cf8eaa457f0e81fe631
project_train,train/attack/digital_2/iphone15pro/turkiye-083_03.jpg,data/processed/policy_c/train/attack/digital_2/iphone15pro/turkiye-083_03.jpg,turkiye-083_03,attack,digital_2,iphone15pro,1,89,a815535d6b7e169c58b2a94d9361f6ff5e7bf600d8d0bb1bd8b1f32e059252c1,0923e65239ff5ea7e611129638728f713a14a32aed23c5fbf0473933402c81fa
project_train,train/attack/digital_2/scan/turkiye-083_03.jpg,data/processed/policy_c/train/attack/digital_2/scan/turkiye-083_03.jpg,turkiye-083_03,attack,digital_2,scan,1,51,1c39fb80dcb9109022942fc8021ebcc62f06434d4fd2d3e0d67bfa1040142bad,71b7990e7d091cdefa3ae34dc45d70c6745f2c01fcc45e9ca6f99dc4bdbf8eef
project_train,train/bonafide/huawei/turkiye-083_03.jpg,data/processed/policy_c/train/bonafide/huawei/turkiye-083_03.jpg,turkiye-083_03,bonafide,,huawei,0,81,a8a1f87014b8c9ecc1fc6349952f7ea97f1de1f12f8a711c57550a3482ae87cd,d2ec2386a092e572f652266bef52982e074a0554659cac6e7851ed2d7aae48ac
project_train,train/bonafide/iphone15pro/turkiye-083_03.jpg,data/processed/policy_c/train/bonafide/iphone15pro/turkiye-083_03.jpg,turkiye-083_03,bonafide,,iphone15pro,0,89,a0a37e3a9962fff23b22fbaf28ba2ef5dc5f991076f17bd78516e56179b190c9,92e4481c4849832195138d713505515beac8e52de97ec095bd0dde9d88c003ae
project_train,train/bonafide/scan/turkiye-083_03.jpg,data/processed/policy_c/train/bonafide/scan/turkiye-083_03.jpg,turkiye-083_03,bonafide,,scan,0,51,f0f3bf80566005f171c0920555cee72fb7bde0a4770c09fd670576b151014598,8c397ce7e73c9fc860f8e66ad41ac2ee96338450d4e9cd59761dd82b7b456902
project_train,train/attack/digital_1/huawei/turkiye-086_03.jpg,data/processed/policy_c/train/attack/digital_1/huawei/turkiye-086_03.jpg,turkiye-086_03,attack,digital_1,huawei,1,53,b39abc764f323236bd76b0601b552239ae460d8933893201a4cec5e40b987f3a,3fd67c779dc71d7106db09f6126fbf8956ffb8418ee4534051e96324bf2a2500
project_train,train/attack/digital_1/iphone15pro/turkiye-086_03.jpg,data/processed/policy_c/train/attack/digital_1/iphone15pro/turkiye-086_03.jpg,turkiye-086_03,attack,digital_1,iphone15pro,1,56,c10a3c85bbbfd8a2468e554437bf619a9142a00a339ef1c65d9cc62d49827bee,4aecb0d730c520b730723b9f83938bbe03362fa4d71dd1cb8f057a3a44dec138
project_train,train/attack/digital_1/scan/turkiye-086_03.jpg,data/processed/policy_c/train/attack/digital_1/scan/turkiye-086_03.jpg,turkiye-086_03,attack,digital_1,scan,1,90,f27d13f6bba26b234248cc69a72d0bf766fcbde338c77777646ce846be0c0d39,bb62b3c4403ed02126b3dc29ba23095e5efd1915f94175aa70a0f9c4debe977b
project_train,train/attack/digital_2/huawei/turkiye-086_03.jpg,data/processed/policy_c/train/attack/digital_2/huawei/turkiye-086_03.jpg,turkiye-086_03,attack,digital_2,huawei,1,53,5fb475e053d7a1eee6cd48e7e332641ca815c1f35e54e295dd99b67b6b9c407c,c32f55c2f9dd0c33efd4f0a810b93eba8195fd151e39fac052f2657ec229f77f
project_train,train/attack/digital_2/iphone15pro/turkiye-086_03.jpg,data/processed/policy_c/train/attack/digital_2/iphone15pro/turkiye-086_03.jpg,turkiye-086_03,attack,digital_2,iphone15pro,1,56,14cd7b08b55aeabc2266c6c3f44c0f6d70df2c11895c62aef98fb326a055fc58,2e5a50fb3bdc8e8d1cee86d7ac7976315733e9ea6330b1e6ff391863973f6307
project_train,train/attack/digital_2/scan/turkiye-086_03.jpg,data/processed/policy_c/train/attack/digital_2/scan/turkiye-086_03.jpg,turkiye-086_03,attack,digital_2,scan,1,90,abafc2b9ea1173f8e80f8b8bbfd71ccd9f0a1774d44f9fc17035bfb8f437e1f7,5ed1cca59fb55a2f192512c8bda608955e107f2638dce93a595682916521467c
project_train,train/bonafide/huawei/turkiye-086_03.jpg,data/processed/policy_c/train/bonafide/huawei/turkiye-086_03.jpg,turkiye-086_03,bonafide,,huawei,0,53,acca17d6a0373856ce9ec5b0a3957e266b3bd2e0d1b78cbfe0198b45bf660737,f51f2c75694fd875ec0b29135e950b68343f15242637b77edfcc275dce38a942
project_train,train/bonafide/iphone15pro/turkiye-086_03.jpg,data/processed/policy_c/train/bonafide/iphone15pro/turkiye-086_03.jpg,turkiye-086_03,bonafide,,iphone15pro,0,56,3bff6a1182d137378115a081623bd8b14f865ba368ff9d477554d31e40be4c95,6bd87943b22351d0d31f6af74fded55315bd2364423e1b96f1d0b7d3b59786e7
project_train,train/bonafide/scan/turkiye-086_03.jpg,data/processed/policy_c/train/bonafide/scan/turkiye-086_03.jpg,turkiye-086_03,bonafide,,scan,0,90,968573402c9165001d260b0b658c412e134bfdfbdbfc04873be909ce4844a8f5,d88288ecf21f319d619e269573c288b9625dce5adbe449b51a2579493294b1b4
project_train,train/attack/digital_1/huawei/turkiye-092_03.jpg,data/processed/policy_c/train/attack/digital_1/huawei/turkiye-092_03.jpg,turkiye-092_03,attack,digital_1,huawei,1,52,cf4684e3545f4dc85b5a161b99879d9218db3b7e52c5aa025e28f5165cc728c4,2a256f3b0caa5a6fcab709b6b2bbb9dae8616c2528664bc0f932fc5a1fb9b31d
project_train,train/attack/digital_1/iphone15pro/turkiye-092_03.jpg,data/processed/policy_c/train/attack/digital_1/iphone15pro/turkiye-092_03.jpg,turkiye-092_03,attack,digital_1,iphone15pro,1,54,bd7d8b59d66aab1a7a9d18d4514b137b42b680231256ebc775aa8a22931da1ba,b2f757dd8bc1ad7a43abaf0a78e86d0f72cc0686b070458db902f3c71235791f
project_train,train/attack/digital_1/scan/turkiye-092_03.jpg,data/processed/policy_c/train/attack/digital_1/scan/turkiye-092_03.jpg,turkiye-092_03,attack,digital_1,scan,1,56,13e2e44a19d274c30875cb794337ab97d5ee013bb3eda1171ac9b7f91e17bb32,e17a4aec49caf9520c7ffa0641aea29607a7e092a957ee32d74d7e69a39717e9
project_train,train/attack/digital_2/huawei/turkiye-092_03.jpg,data/processed/policy_c/train/attack/digital_2/huawei/turkiye-092_03.jpg,turkiye-092_03,attack,digital_2,huawei,1,52,821407e7981a273c8ca28cd68cb90816c3058184778e6bdbf7f9d9233e492705,f80b6572da68b023b3041cd97c877f423c83b66ce6223049aaad27b0afe83c09
project_train,train/attack/digital_2/iphone15pro/turkiye-092_03.jpg,data/processed/policy_c/train/attack/digital_2/iphone15pro/turkiye-092_03.jpg,turkiye-092_03,attack,digital_2,iphone15pro,1,54,fcb41be223fe6264be7a79c5382beb88ecdd7ed79053fe84ff7f5696832f4370,a338d684f969e1e54a823db14f8ebfcc250a80a676cc18380dde021097b15104
project_train,train/attack/digital_2/scan/turkiye-092_03.jpg,data/processed/policy_c/train/attack/digital_2/scan/turkiye-092_03.jpg,turkiye-092_03,attack,digital_2,scan,1,56,daa09fe7036bccd7ad64f1da8b74b9fca883d394a38340a08d31049eb9e80fc7,9de5505fb37b803895d5f6f058fec3042adfe49c45cd1d96653b042f56d695c6
project_train,train/bonafide/huawei/turkiye-092_03.jpg,data/processed/policy_c/train/bonafide/huawei/turkiye-092_03.jpg,turkiye-092_03,bonafide,,huawei,0,52,ef69c9b646bae01ca46671e690aec2a74b0348825a62591bdd0c3412cb02c901,4b4cac45a01220993ad6987cc60518daa0ebb62e1ac61b336d3ae3eb05440410
project_train,train/bonafide/iphone15pro/turkiye-092_03.jpg,data/processed/policy_c/train/bonafide/iphone15pro/turkiye-092_03.jpg,turkiye-092_03,bonafide,,iphone15pro,0,54,8267284061fa1f5f5396899b469de797d9ad1b449a13db224e9bce8ee35a1dc0,cc314538c3568eac8e4cb55c12446a23a395105ebab168c725ada0f4be91fb5b
project_train,train/bonafide/scan/turkiye-092_03.jpg,data/processed/policy_c/train/bonafide/scan/turkiye-092_03.jpg,turkiye-092_03,bonafide,,scan,0,56,62fc5c07f0d35a87e82c043eeb436d99ca75d5c15a8256b0ad99212cf0ea6d2f,2ba4f2b7990079268cdd52c8a079ec55eb41b8d891afe07aa749200be1907e19
project_train,train/attack/digital_1/huawei/turkiye-121_03.jpg,data/processed/policy_c/train/attack/digital_1/huawei/turkiye-121_03.jpg,turkiye-121_03,attack,digital_1,huawei,1,59,79911f110ce0cedbb6975f0e5de29d8d78af6e5fda5554720c553208fc3762b5,e811a0c746e3422534f8cc28e8931e385090efcb779d2540d1cb0c1af6124a8b
project_train,train/attack/digital_1/iphone15pro/turkiye-121_03.jpg,data/processed/policy_c/train/attack/digital_1/iphone15pro/turkiye-121_03.jpg,turkiye-121_03,attack,digital_1,iphone15pro,1,70,d2ec436de3b6b38cc36e74514fde9ac5e4247987893a3a00dbfba262c3d77db4,7e82e71bf659ac4cdd21b40ffc3570d783b1ea076ab12169b3272f8bc2f61097
project_train,train/attack/digital_1/scan/turkiye-121_03.jpg,data/processed/policy_c/train/attack/digital_1/scan/turkiye-121_03.jpg,turkiye-121_03,attack,digital_1,scan,1,79,c84febdd823485525a8380591405b543fc78ec1405d915352bb44dc53258c842,436d9e857bb8437095260dab0a8af799069cc65d2175210ad0fd62de394ac80a
project_train,train/attack/digital_2/huawei/turkiye-121_03.jpg,data/processed/policy_c/train/attack/digital_2/huawei/turkiye-121_03.jpg,turkiye-121_03,attack,digital_2,huawei,1,59,a751313e2471f4aa21b0a52c15e9e82bd864a10a826ab622f7bcf08280815e0a,d8a53895e08d9f2d02337350cf35f4f685bbda82ea9431757403ca0314f086be
project_train,train/attack/digital_2/iphone15pro/turkiye-121_03.jpg,data/processed/policy_c/train/attack/digital_2/iphone15pro/turkiye-121_03.jpg,turkiye-121_03,attack,digital_2,iphone15pro,1,70,6c047dd816fafdaa3f7ca7682d82875d9560e38c021fd06cadc079a02e8202c8,be72e123f7b5091e3dba8c897a1a4fdf1cf40c7195411014d93b1ac864e48251
project_train,train/attack/digital_2/scan/turkiye-121_03.jpg,data/processed/policy_c/train/attack/digital_2/scan/turkiye-121_03.jpg,turkiye-121_03,attack,digital_2,scan,1,79,eb95679647b1bebbbf3835b2214a53180e136a67ac11ccb10494eff94368edd7,0c9d6e02fb421bedd3a7dbc75c337aebe15ead868222cb4fe4881489abe3854f
project_train,train/bonafide/huawei/turkiye-121_03.jpg,data/processed/policy_c/train/bonafide/huawei/turkiye-121_03.jpg,turkiye-121_03,bonafide,,huawei,0,59,16e2692723d454146279f353d733bdd9d16ebe66b1ac9e5c954b4c6b5c7697b6,ed3693ec0a85e14acc48b7a604d10775669be74b06bb906de65a29760d054e07
project_train,train/bonafide/iphone15pro/turkiye-121_03.jpg,data/processed/policy_c/train/bonafide/iphone15pro/turkiye-121_03.jpg,turkiye-121_03,bonafide,,iphone15pro,0,70,2094d690257bbf0ef698fd5b8dbbfb01ac91a25a7f904cb8c5f949f81805f9a2,eb75668c5157bdbdb737467a88bc9d177dd673f3b7bb1c9c9dafec10c3c61c86
project_train,train/bonafide/scan/turkiye-121_03.jpg,data/processed/policy_c/train/bonafide/scan/turkiye-121_03.jpg,turkiye-121_03,bonafide,,scan,0,79,f4dfbe134b52b2271cb330acea398a62c8430a74fc37db611f44bfa553a01bcd,9278af377c64038f27776a1dd209c542a6310aca2e1c039815edd4f091f55792
project_train,train/attack/digital_1/huawei/turkiye-126_03.jpg,data/processed/policy_c/train/attack/digital_1/huawei/turkiye-126_03.jpg,turkiye-126_03,attack,digital_1,huawei,1,81,90c4ae62d7b48bbd5db0c4cbe6c939885b283063c823ebab1761c80bf9954bb6,f1d3d4cef6cc5e674375abb23f0b1b2fc9433893993c607b3bc1921fec049867
project_train,train/attack/digital_1/iphone15pro/turkiye-126_03.jpg,data/processed/policy_c/train/attack/digital_1/iphone15pro/turkiye-126_03.jpg,turkiye-126_03,attack,digital_1,iphone15pro,1,70,0e08aa5ccc3a6226e5f330a5f5c312f44f2600b77eb29191b5240af56904eee5,59745f498be99186466b47fb162e1505d294e7b7dc586f5e29601f4440357cf0
project_train,train/attack/digital_1/scan/turkiye-126_03.jpg,data/processed/policy_c/train/attack/digital_1/scan/turkiye-126_03.jpg,turkiye-126_03,attack,digital_1,scan,1,70,2e41361aff60a31ee5c6b7e831e8ffd102125e53b13bf6228bfda51778280bfc,fac186a2d939d256bb5d8d7b535bf9c88339d4e5b91921232a33d3ee2c995f4e
project_train,train/attack/digital_2/huawei/turkiye-126_03.jpg,data/processed/policy_c/train/attack/digital_2/huawei/turkiye-126_03.jpg,turkiye-126_03,attack,digital_2,huawei,1,81,80f6623983c122895ea4c7916b51424dc23d1b211409aa8e23c5b4bdd8772f39,89c44d47361ed8d63be0fc93c8a21677d5a2e9f21a53ea5a42b3d49cd7df7a75
project_train,train/attack/digital_2/iphone15pro/turkiye-126_03.jpg,data/processed/policy_c/train/attack/digital_2/iphone15pro/turkiye-126_03.jpg,turkiye-126_03,attack,digital_2,iphone15pro,1,70,3215d1414083296c1a6acddfbb437bd163b74daa1c35d336039e40db9659a2e5,46088217bdfa1753b1168d656cd8c576c494f98b4d45d2fe24d7f34f9a5dc5f9
project_train,train/attack/digital_2/scan/turkiye-126_03.jpg,data/processed/policy_c/train/attack/digital_2/scan/turkiye-126_03.jpg,turkiye-126_03,attack,digital_2,scan,1,70,b3520d0e0c6ee1ef31439365cf982a43edf552cd8bb81d6227c9d3b424811394,a9e593097444b627a96032c6b7878244eb37e35533b55cb7d3bd2bc6194e0ab8
project_train,train/bonafide/huawei/turkiye-126_03.jpg,data/processed/policy_c/train/bonafide/huawei/turkiye-126_03.jpg,turkiye-126_03,bonafide,,huawei,0,81,13d753aba33f9f10d13bb55b713a8d24fd233ab35484886609286335c746a1f4,972ac2a76c50399b666b9cf08fb05a9fefb016bef8a8f4525f84aa52acc3758e
project_train,train/bonafide/iphone15pro/turkiye-126_03.jpg,data/processed/policy_c/train/bonafide/iphone15pro/turkiye-126_03.jpg,turkiye-126_03,bonafide,,iphone15pro,0,70,63a9c9cdbfafa9bb9d785a28261a23002964a01d900d04f085f19ce6f3d1b872,d2efcc04b699142363448b618b489efaffe7fad13608c2d33408743e307cb1a8
project_train,train/bonafide/scan/turkiye-126_03.jpg,data/processed/policy_c/train/bonafide/scan/turkiye-126_03.jpg,turkiye-126_03,bonafide,,scan,0,70,4e8458f38ec7e9a28104e8d7cc539f052e6fe75ac6e0ab129a38b92fc4e42707,34f77c8d0fb8cc310894c6d78e34e91eb468709fae5e97593062da019c194639
project_train,train/attack/digital_1/huawei/turkiye-127_03.jpg,data/processed/policy_c/train/attack/digital_1/huawei/turkiye-127_03.jpg,turkiye-127_03,attack,digital_1,huawei,1,65,3ae4548c330c790b0dc005a05b05be243a0ff4c8f90ad3006af3198d30aedd1f,d7c0e1977f2cf3328d1596599e44737a4d883a74d417c5077176586dae449308
project_train,train/attack/digital_1/iphone15pro/turkiye-127_03.jpg,data/processed/policy_c/train/attack/digital_1/iphone15pro/turkiye-127_03.jpg,turkiye-127_03,attack,digital_1,iphone15pro,1,53,77dc5e5a61e24dd2943e406f00205cabfad2f6036e25d45f348c4075fc37b695,370b3d6f3bddfa6afe4ffb836698b5bd241f06950d569db3034596f98c4bc8aa
project_train,train/attack/digital_1/scan/turkiye-127_03.jpg,data/processed/policy_c/train/attack/digital_1/scan/turkiye-127_03.jpg,turkiye-127_03,attack,digital_1,scan,1,73,a7ad1488fb6b69549a910b620d0341be10ca5fe971c7925166a6cc6c4a259d11,4d5bab2b90e2860fa7ba0bdcbc7ce2a736bd94c8136cd24927e4d0fbd775b911
project_train,train/attack/digital_2/huawei/turkiye-127_03.jpg,data/processed/policy_c/train/attack/digital_2/huawei/turkiye-127_03.jpg,turkiye-127_03,attack,digital_2,huawei,1,65,43d0c6b1a445c3d7d5e5abae60e90a1626691f8bf9fd29e48006287d805fbcfc,f5701304a1465254decd3d92362cad85a480e5f863134b7f3ebf6a9432f9365f
project_train,train/attack/digital_2/iphone15pro/turkiye-127_03.jpg,data/processed/policy_c/train/attack/digital_2/iphone15pro/turkiye-127_03.jpg,turkiye-127_03,attack,digital_2,iphone15pro,1,53,f94e064f79165916bae2225c76c327823520696b6ee9a12222dbf8058719aeb1,d61d3ec14cfdafeb240f331e00265336c0022e0ada8dd7fd544ba31088da420a
project_train,train/attack/digital_2/scan/turkiye-127_03.jpg,data/processed/policy_c/train/attack/digital_2/scan/turkiye-127_03.jpg,turkiye-127_03,attack,digital_2,scan,1,73,f17edce3901bdfe5803cf1a0b4491367a448bc943b42a3951c8f046c0d872c59,6178a80ef156468a87c07cf430e6344945d9eded8342f986538867f6e651442c
project_train,train/bonafide/huawei/turkiye-127_03.jpg,data/processed/policy_c/train/bonafide/huawei/turkiye-127_03.jpg,turkiye-127_03,bonafide,,huawei,0,65,4e879f1832d7332eecc2434841abefe102aa23f1ace03bbd1bab9799bfa6389a,1659e848874fcc892459b875273a669f851a8fef445b5932af8f6ce7a77591d8
project_train,train/bonafide/iphone15pro/turkiye-127_03.jpg,data/processed/policy_c/train/bonafide/iphone15pro/turkiye-127_03.jpg,turkiye-127_03,bonafide,,iphone15pro,0,53,40dd1cbc82be47210d620e932b1b2b7be4a5746bdc61693d9d37e65b633db225,788ab4b4a89314e33d4e71375a7ca7ee543edbeb8cbd3dc56f992d532e3dff90
project_train,train/bonafide/scan/turkiye-127_03.jpg,data/processed/policy_c/train/bonafide/scan/turkiye-127_03.jpg,turkiye-127_03,bonafide,,scan,0,73,275bee63bc5bcef1b2bb3db5df7640d75033ec3cf672ed61820ebbdeb093c9e2,dd03d159b7206e483c56e06ffb70f07b064694727e6df1dc6fef476c2579171b
project_train,train/attack/digital_1/huawei/turkiye-129_03.jpg,data/processed/policy_c/train/attack/digital_1/huawei/turkiye-129_03.jpg,turkiye-129_03,attack,digital_1,huawei,1,72,1a5de75fe214fa3ea3ab425e04b6c5312bbf1a0f8d3c76d144eb57ce5ba61c2e,0d4d9a7d7c5706cae31f828797ec10c4409c3058b36fe83f0a345bc7189dfa37
project_train,train/attack/digital_1/iphone15pro/turkiye-129_03.jpg,data/processed/policy_c/train/attack/digital_1/iphone15pro/turkiye-129_03.jpg,turkiye-129_03,attack,digital_1,iphone15pro,1,54,33c51a35571ea939d07c1da0234eff7b372f71f67730a4128bce1366929ebe16,129496f924b0ceae757fcecd69901e7a3097cc80f827981bd87694e0135b1de9
project_train,train/attack/digital_1/scan/turkiye-129_03.jpg,data/processed/policy_c/train/attack/digital_1/scan/turkiye-129_03.jpg,turkiye-129_03,attack,digital_1,scan,1,62,bca5a19ce60871675d1eaf1cd49b3f12a8c6673ec01ae9b754a2db106d71d33b,60601ece2c633e59616280f6f4023e0c6f189f8c2d55d2106bd83c3133c26009
project_train,train/attack/digital_2/huawei/turkiye-129_03.jpg,data/processed/policy_c/train/attack/digital_2/huawei/turkiye-129_03.jpg,turkiye-129_03,attack,digital_2,huawei,1,72,b0d87b4a847a6c5906dc07cc90de50cf92cbde3f3adfc07e9e6ca208d9b87eaa,f5d58ea38aab520a5670e25bcc6ba6aaca782a0892c1391ccadb947e5cf8d5d3
project_train,train/attack/digital_2/iphone15pro/turkiye-129_03.jpg,data/processed/policy_c/train/attack/digital_2/iphone15pro/turkiye-129_03.jpg,turkiye-129_03,attack,digital_2,iphone15pro,1,54,da40b1bbe6428c72ee16866bf7654e63bdfd5570ef4eacfa6df81071a8d33ebf,d4f6ea126b6349ba979aa6833823070ed629dd1d17397936676273aba8d909e2
project_train,train/attack/digital_2/scan/turkiye-129_03.jpg,data/processed/policy_c/train/attack/digital_2/scan/turkiye-129_03.jpg,turkiye-129_03,attack,digital_2,scan,1,62,c470a9750258ba438ff85f071faa79d872e5b6f3b77f9e0c9b108ee178c3e4e2,16e9e200d1f1bcc48e4ef855bb7ce064be73dfdd544c16946539df529e318fe5
project_train,train/bonafide/huawei/turkiye-129_03.jpg,data/processed/policy_c/train/bonafide/huawei/turkiye-129_03.jpg,turkiye-129_03,bonafide,,huawei,0,72,25fff88136a97d5ab65d88752ad512dbecc3efcadf932465580a6ce217207a32,3d83fd0f30bfe1614b1a7fe8285e1e5c233aa519db25862550dd326a83390afe
project_train,train/bonafide/iphone15pro/turkiye-129_03.jpg,data/processed/policy_c/train/bonafide/iphone15pro/turkiye-129_03.jpg,turkiye-129_03,bonafide,,iphone15pro,0,54,566caff064eaf1ec66ba1ea1f486aeae481a22c5f5d88e713bc786dce1edcd09,2e0a2f8d1034a4cbbb6b4ad24e9889147c5bf8b0e3e674dc7f0d58829f841a17
project_train,train/bonafide/scan/turkiye-129_03.jpg,data/processed/policy_c/train/bonafide/scan/turkiye-129_03.jpg,turkiye-129_03,bonafide,,scan,0,62,325df0af304eb57173da399a1f5952458319f85882efa9fa53bd0597dfa54e17,2b75822248043bbde8adaebaf213b1d0110e033baf0ef565dec790a317e516c5
project_train,train/attack/digital_1/huawei/turkiye-130_03.jpg,data/processed/policy_c/train/attack/digital_1/huawei/turkiye-130_03.jpg,turkiye-130_03,attack,digital_1,huawei,1,74,22f373635c0094606671cb8088961ecdbb875dc4a4a91f3eb283ecf0224708a0,a807ba45cc10d47175fda7a23d484c063bb9bb059d9da6aada21d7c46e1003d8
project_train,train/attack/digital_1/iphone15pro/turkiye-130_03.jpg,data/processed/policy_c/train/attack/digital_1/iphone15pro/turkiye-130_03.jpg,turkiye-130_03,attack,digital_1,iphone15pro,1,72,59963ff22593b6086ffcdaa9e72dc9806c6faa401f2b4f9192f50c80916d3d8f,7afa2daaf1010895b7ed0ebf6f2957fc3889e65c6c1dc9534497d32aa9156101
project_train,train/attack/digital_1/scan/turkiye-130_03.jpg,data/processed/policy_c/train/attack/digital_1/scan/turkiye-130_03.jpg,turkiye-130_03,attack,digital_1,scan,1,75,96cb2d6dc4b69db1608ebe617fb3577efb390530add528ee5ec560a8a38a86d6,5fcaa8037ce679dfdc67bce3746a27fc5e12b1127eac281ecc219511ce1e4fe0
project_train,train/attack/digital_2/huawei/turkiye-130_03.jpg,data/processed/policy_c/train/attack/digital_2/huawei/turkiye-130_03.jpg,turkiye-130_03,attack,digital_2,huawei,1,74,e016d949fe2e584e32690494c49ef857669fb2e7501a162a3ef5f74eaa06516e,e962b96e80ef3bf36f9548c84923e1065ffca6f4ef8f80f4ee30df88b3ee1164
project_train,train/attack/digital_2/iphone15pro/turkiye-130_03.jpg,data/processed/policy_c/train/attack/digital_2/iphone15pro/turkiye-130_03.jpg,turkiye-130_03,attack,digital_2,iphone15pro,1,72,90401b7c3fd52d08074b686e8bbcd32cdeaa37180081ac224a50d1cdf16727d2,66c77090c072f2610cbf534f3aed7a31f35a5780f7ef9241f44986408450392c
project_train,train/attack/digital_2/scan/turkiye-130_03.jpg,data/processed/policy_c/train/attack/digital_2/scan/turkiye-130_03.jpg,turkiye-130_03,attack,digital_2,scan,1,75,3a05ded8118264ae0057f69f3bcc12962daab72bb7bcbd70ac58fe3fde12b260,d556c6a064ebeac72c2dfbbcbb3f7d05c9691b3c3b6585a303ea3a5db3b42001
project_train,train/bonafide/huawei/turkiye-130_03.jpg,data/processed/policy_c/train/bonafide/huawei/turkiye-130_03.jpg,turkiye-130_03,bonafide,,huawei,0,74,cab6442df0ed192a91af5725392780d2f1d3d41d3d333b130a52024401b34347,34223c2197be0d0980a1f4581392f817991bc42c8d84b581093cee2d7ded15e2
project_train,train/bonafide/iphone15pro/turkiye-130_03.jpg,data/processed/policy_c/train/bonafide/iphone15pro/turkiye-130_03.jpg,turkiye-130_03,bonafide,,iphone15pro,0,72,16837fbdc2f26f5f025988cc3eb396b3f95bd486f91a459acd256ae9b13dd6d7,711e489cabc65394246a8dcfcde6ee06bc620da5b18f356724a797c1a4bf2b46
project_train,train/bonafide/scan/turkiye-130_03.jpg,data/processed/policy_c/train/bonafide/scan/turkiye-130_03.jpg,turkiye-130_03,bonafide,,scan,0,75,131d5bcc14163c8c92b05c433891abb296dfeb1b4b7bfd6931a100008f3922da,c8ddf15300a915b4ea4dc590206d45508a6f2308240260c5615bd7d4587eae64
project_train,train/attack/digital_1/huawei/turkiye-138_03.jpg,data/processed/policy_c/train/attack/digital_1/huawei/turkiye-138_03.jpg,turkiye-138_03,attack,digital_1,huawei,1,65,7950300c15bd52519185eaad6bd792c69c68f5f409f9a312f119cb9899063aa7,2c7fbd6beab733d82483313f3a2057e55242f00c8fadba183b71682d14536b8a
project_train,train/attack/digital_1/iphone15pro/turkiye-138_03.jpg,data/processed/policy_c/train/attack/digital_1/iphone15pro/turkiye-138_03.jpg,turkiye-138_03,attack,digital_1,iphone15pro,1,87,042a858dc82da2cd0529761f3136f083007ecef3553f9c5a128802e31e0e1155,71dc7b2e6ffb3389240dcb07cd40477ad4ac180f8fa0d33ab06fee24124775aa
project_train,train/attack/digital_1/scan/turkiye-138_03.jpg,data/processed/policy_c/train/attack/digital_1/scan/turkiye-138_03.jpg,turkiye-138_03,attack,digital_1,scan,1,90,7e629a51ac61535388ecb9b951bb70c537b0e6a5a0ce9d8829aa3fc1ddbc5950,4b5272d0435e98a4aac0b8f5ac961cf35c0cfdafbcb401da96113c66df8f7f13
project_train,train/attack/digital_2/huawei/turkiye-138_03.jpg,data/processed/policy_c/train/attack/digital_2/huawei/turkiye-138_03.jpg,turkiye-138_03,attack,digital_2,huawei,1,65,fd151feadd3913d0e900f00e2b24e1845fb2250bf927cbe998c80b55d606d44c,2d6af0ec22a463562e1588f81a0d5a8a087c80d7282f65cc7e7e8e935819e42b
project_train,train/attack/digital_2/iphone15pro/turkiye-138_03.jpg,data/processed/policy_c/train/attack/digital_2/iphone15pro/turkiye-138_03.jpg,turkiye-138_03,attack,digital_2,iphone15pro,1,87,17c4c4ed305a7fa28a6092f4fde1a1edd459a624c66c687e075e17f2157b49be,746a81a157c6499d23d1397b0f47f99cd24b1877bbaab0adfd3502d3fa0fddf6
project_train,train/attack/digital_2/scan/turkiye-138_03.jpg,data/processed/policy_c/train/attack/digital_2/scan/turkiye-138_03.jpg,turkiye-138_03,attack,digital_2,scan,1,90,f2a5d4356c890e5907e808cbe93e6f82284d96ec70c70dd93a22f3fb40867180,018fbcf3215d92148aaa1f4cec945024614f89fa9ee9280b731baf81ffcc12a7
project_train,train/bonafide/huawei/turkiye-138_03.jpg,data/processed/policy_c/train/bonafide/huawei/turkiye-138_03.jpg,turkiye-138_03,bonafide,,huawei,0,65,27318f590c74e8900d744d81775a0a330adc366fb580553bbaac28d04fff09a2,d94a8888dd7324777c9f37c539e11f4a3d9cef7e32b4c54e47bfb0da1f577b96
project_train,train/bonafide/iphone15pro/turkiye-138_03.jpg,data/processed/policy_c/train/bonafide/iphone15pro/turkiye-138_03.jpg,turkiye-138_03,bonafide,,iphone15pro,0,87,78fb777f84a71d68af3e84ecc9eb500d1272881b20e4705c3ca24d2bc066b163,2047d1b7e0190c8ba6fe665bc09992b3c60bc1c3b11b6a925bd7a154cd3e7a81
project_train,train/bonafide/scan/turkiye-138_03.jpg,data/processed/policy_c/train/bonafide/scan/turkiye-138_03.jpg,turkiye-138_03,bonafide,,scan,0,90,40725747024026f96ef10effc83d677b654e162593aaf069a2d502700b9684d8,6d1453a275110721cea020bbd844330c7c509edac1fab08cab303bd3b939f611
project_train,train/attack/digital_1/huawei/turkiye-NF-1008.jpg,data/processed/policy_c/train/attack/digital_1/huawei/turkiye-NF-1008.jpg,turkiye-NF-1008,attack,digital_1,huawei,1,61,1a43b0fc91c7ca8186f080137f54c7399c257e54ad7519d446ffa16f2654f13c,bfacf99e3bd6ad01237e50c1454f0a9c4c3d09e796986be1380906946f635b07
project_train,train/attack/digital_1/iphone15pro/turkiye-NF-1008.jpg,data/processed/policy_c/train/attack/digital_1/iphone15pro/turkiye-NF-1008.jpg,turkiye-NF-1008,attack,digital_1,iphone15pro,1,90,21353490eefa45c82e82fcda626c50f38c503ea98a395f1081fbe153fa4545bf,8da95e1eb194cbbd243cb22a976718cb3d7ffe630f39967153eb5fa26f1dfd3c
project_train,train/attack/digital_1/scan/turkiye-NF-1008.jpg,data/processed/policy_c/train/attack/digital_1/scan/turkiye-NF-1008.jpg,turkiye-NF-1008,attack,digital_1,scan,1,74,274a688d758d11cdea9404c79a480fa59fd1f15832b33274bec3dad2f38743c6,ac4253414481733af07de4e37f73b5f2dcd7a180084dcbb8cb2da7827122639b
project_train,train/attack/digital_2/huawei/turkiye-NF-1008.jpg,data/processed/policy_c/train/attack/digital_2/huawei/turkiye-NF-1008.jpg,turkiye-NF-1008,attack,digital_2,huawei,1,61,3486068ad4398f0d7a037c84c0cb899039748ea23e97f39f133d29c9624b753d,865ca6499d9a81f7bbbb53f4e9268853e3877a9a2d1a0f04b6dd316922b1207a
project_train,train/attack/digital_2/iphone15pro/turkiye-NF-1008.jpg,data/processed/policy_c/train/attack/digital_2/iphone15pro/turkiye-NF-1008.jpg,turkiye-NF-1008,attack,digital_2,iphone15pro,1,90,321bf3343508728f0f167c1560e08a762ab06b5f129d3fbbe3b5a597e3ecacf7,42a787431b53268b7216cbe31d328aea0b8f9035d5d12facbaa1bf4715f2e091
project_train,train/attack/digital_2/scan/turkiye-NF-1008.jpg,data/processed/policy_c/train/attack/digital_2/scan/turkiye-NF-1008.jpg,turkiye-NF-1008,attack,digital_2,scan,1,74,8ca210f59447ed4fb0fabacd8b75f17052f1a5eefdd7fcc5f645992a8e7498ad,fed22053eec50ddb031637baf32320755ec819ee17883aeaa601b00a9749d36e
project_train,train/bonafide/huawei/turkiye-NF-1008.jpg,data/processed/policy_c/train/bonafide/huawei/turkiye-NF-1008.jpg,turkiye-NF-1008,bonafide,,huawei,0,61,eacbcfedd852b2891db67f30a5f22b1fe1fc72a943654302f120a09f99e29284,034554a45a8ee1c10964627a7afe989d76adbc5e917cce097876314fe302e75c
project_train,train/bonafide/iphone15pro/turkiye-NF-1008.jpg,data/processed/policy_c/train/bonafide/iphone15pro/turkiye-NF-1008.jpg,turkiye-NF-1008,bonafide,,iphone15pro,0,90,3ff44d41a35c42e5ed83379ede4b01105ea48520332a64d50566d3b6a6cf445f,bbb63c7381e9097b71b36f4a7cbf1689b9d6a4f29b3caaf24c04762e2f8faf8c
project_train,train/bonafide/scan/turkiye-NF-1008.jpg,data/processed/policy_c/train/bonafide/scan/turkiye-NF-1008.jpg,turkiye-NF-1008,bonafide,,scan,0,74,b27bb902651034785cce11b96a65b0d3cf7b0e0f694f2946026047fb211e68fe,12205733147c02ea4c05b2da115cfb2f600726e4b955445abee552a7f2acc83d
project_train,train/attack/digital_1/huawei/turkiye-NF-1054.jpg,data/processed/policy_c/train/attack/digital_1/huawei/turkiye-NF-1054.jpg,turkiye-NF-1054,attack,digital_1,huawei,1,64,d1a180167589c1619e9d9a2e001c41b263e20bf32f32bb613be475a9f6729a08,700869e956122ff7cacf08642ef6ccb5bedce8c126cfc37ad37d8ff0731bb8c1
project_train,train/attack/digital_1/iphone15pro/turkiye-NF-1054.jpg,data/processed/policy_c/train/attack/digital_1/iphone15pro/turkiye-NF-1054.jpg,turkiye-NF-1054,attack,digital_1,iphone15pro,1,90,80858c7ade769f1c9fc6faf3470dc177d05aca228d1d1fa676726d7f9a79389e,015d4a01e89b6500fa6601a642f1e723fcee2b4bf2da2bc5b7a5f75cae072dd3
project_train,train/attack/digital_1/scan/turkiye-NF-1054.jpg,data/processed/policy_c/train/attack/digital_1/scan/turkiye-NF-1054.jpg,turkiye-NF-1054,attack,digital_1,scan,1,77,f2efd6d886df5ab88ad95bf063b532c72ab5a61925261dfc2e27313982e3b0dd,f9123a9fc769d3e8e44e7dbb99b147cf70ab89a9a7ac378f676120ee3c4abcfc
project_train,train/attack/digital_2/huawei/turkiye-NF-1054.jpg,data/processed/policy_c/train/attack/digital_2/huawei/turkiye-NF-1054.jpg,turkiye-NF-1054,attack,digital_2,huawei,1,64,71200b1a90b70e8d9ff3b945c825398267458869c939541b76ff9fac3c0de404,e835bf1cb92d847d331fab2f028d16b2b0ff330c7b8e881479bc9db6e7188a4a
project_train,train/attack/digital_2/iphone15pro/turkiye-NF-1054.jpg,data/processed/policy_c/train/attack/digital_2/iphone15pro/turkiye-NF-1054.jpg,turkiye-NF-1054,attack,digital_2,iphone15pro,1,90,0801a73850e23d23551e60fe590974d7c8b566dd1b7a520cfb56514e34df3a61,727cb568c63d866f778c65caebaadeda5d67f9ca4f23cb60269a633bdc7d03ef
project_train,train/attack/digital_2/scan/turkiye-NF-1054.jpg,data/processed/policy_c/train/attack/digital_2/scan/turkiye-NF-1054.jpg,turkiye-NF-1054,attack,digital_2,scan,1,77,17cae3fd66eeb42fdb6011b9c1f5d91575fd28c3b78e155aee54a0d4d4514477,621b962c7b6fa6ba3894c18cd4e3f326eabb32dd37197ffa32d6c5cb47eed1d7
project_train,train/bonafide/huawei/turkiye-NF-1054.jpg,data/processed/policy_c/train/bonafide/huawei/turkiye-NF-1054.jpg,turkiye-NF-1054,bonafide,,huawei,0,64,f72418b0bd89e7974b61781e723f2dce308069eafab30efdf50a04bfa8761f94,88ea0e732e10cf9178be0066c4de04ba9bbfe040aaa2e47fc1fa831b682b2c00
project_train,train/bonafide/iphone15pro/turkiye-NF-1054.jpg,data/processed/policy_c/train/bonafide/iphone15pro/turkiye-NF-1054.jpg,turkiye-NF-1054,bonafide,,iphone15pro,0,90,3192c399eee2e3c71cf4c5119e48d95ff0bc614bb9d9d89eeb87d89fe0a947fb,9156a5067361b25dba5d66a1f8d6fcc8635104fb0b1598ffed0ecbf61a8bc7ca
project_train,train/bonafide/scan/turkiye-NF-1054.jpg,data/processed/policy_c/train/bonafide/scan/turkiye-NF-1054.jpg,turkiye-NF-1054,bonafide,,scan,0,77,cc0be8884cbb72ae9562fff762708b890f8429c9bda23300a339ca8711089530,83de8c5090c9c04e31c8265e4828be71ad14f32e856db7f263d15811172de7cc
project_train,train/attack/digital_1/huawei/turkiye-NF-1103.jpg,data/processed/policy_c/train/attack/digital_1/huawei/turkiye-NF-1103.jpg,turkiye-NF-1103,attack,digital_1,huawei,1,69,72fd184efda9edfcbeb14cb81e058fe2f395d14753c9b406852674fc2791bcfb,a824074e2b743b3e30bd8d7eb4842502141da0cab943996721d18561600e0b0e
project_train,train/attack/digital_1/iphone15pro/turkiye-NF-1103.jpg,data/processed/policy_c/train/attack/digital_1/iphone15pro/turkiye-NF-1103.jpg,turkiye-NF-1103,attack,digital_1,iphone15pro,1,57,feed548c60bc266aeb3868fb230bde5cc6430049b0e059fc7da751afd3365330,8fa12d191cae2aa7bb1603312057ea6394ecbd6613affdbd24ad2cfbcdeeb41b
project_train,train/attack/digital_1/scan/turkiye-NF-1103.jpg,data/processed/policy_c/train/attack/digital_1/scan/turkiye-NF-1103.jpg,turkiye-NF-1103,attack,digital_1,scan,1,57,324936c696f2721ceffda0c3c1aafa7b20d3b36d50851b22b3890557207e0b0f,ca4c570a9971ed97c6cf4fd785ede962a98556281e0f274a98873d2dd9fdd031
project_train,train/attack/digital_2/huawei/turkiye-NF-1103.jpg,data/processed/policy_c/train/attack/digital_2/huawei/turkiye-NF-1103.jpg,turkiye-NF-1103,attack,digital_2,huawei,1,69,4e479ef89389ad440f343454a560209d6854051f08df1ca82755b879e509e539,0e515cb8401b1e22f0465632b125eb33f13e6d7bc31e1d3ae8b085420c4b2e57
project_train,train/attack/digital_2/iphone15pro/turkiye-NF-1103.jpg,data/processed/policy_c/train/attack/digital_2/iphone15pro/turkiye-NF-1103.jpg,turkiye-NF-1103,attack,digital_2,iphone15pro,1,57,52abd8c67ece53465b887b05f52ae7da99d6b243ef9ece7e34cd51acf76f3516,d03ef657eb3c73683cf14b53aa765f7ca3ed2c931085bcc455a94d9772fd657c
project_train,train/attack/digital_2/scan/turkiye-NF-1103.jpg,data/processed/policy_c/train/attack/digital_2/scan/turkiye-NF-1103.jpg,turkiye-NF-1103,attack,digital_2,scan,1,57,2d66544424104666c5e679622dd3d9c50377f13597c804b9ce4f1b62706d5bf4,271f97c05b52dc717d4d6eaae5bd3c330476b8396b32bbf7f836f08e29aa60db
project_train,train/bonafide/huawei/turkiye-NF-1103.jpg,data/processed/policy_c/train/bonafide/huawei/turkiye-NF-1103.jpg,turkiye-NF-1103,bonafide,,huawei,0,69,7973318339d82dd95251eca2adbec5ceeb2e2990c382b7846c79af7d99187c63,ed9f65241b618c20bbd2f85cb83edce1eb6f7c461677f589bba9368567043ed2
project_train,train/bonafide/iphone15pro/turkiye-NF-1103.jpg,data/processed/policy_c/train/bonafide/iphone15pro/turkiye-NF-1103.jpg,turkiye-NF-1103,bonafide,,iphone15pro,0,57,2bb76af419e86ec44b0e4caaaa3b5ae06bf41a956cac76da3f3129ec847d8f92,b50b63349761a10db07e9bc46f85a5073b0a644ebfe82e9253e8263a2a893a6c
project_train,train/bonafide/scan/turkiye-NF-1103.jpg,data/processed/policy_c/train/bonafide/scan/turkiye-NF-1103.jpg,turkiye-NF-1103,bonafide,,scan,0,57,b4adcf1ad2f77b0bd92bc30f3d455c9a1e00d3e45c293274d78a5e23625af3d9,6fe74d4a3b4bf08475971024f6e2030cb885cab568fd2b554ac673087da5623c
project_train,train/attack/digital_1/huawei/turkiye-NM-1011.jpg,data/processed/policy_c/train/attack/digital_1/huawei/turkiye-NM-1011.jpg,turkiye-NM-1011,attack,digital_1,huawei,1,74,b967a112920ea75c60b6e8eaa170ce08cd9d74b38315353df3510d7e11f225f3,8bf8e18d6ad95683091c316126ad6ffbc8e987ab22fb3cb48c876bc310a6e5da
project_train,train/attack/digital_1/iphone15pro/turkiye-NM-1011.jpg,data/processed/policy_c/train/attack/digital_1/iphone15pro/turkiye-NM-1011.jpg,turkiye-NM-1011,attack,digital_1,iphone15pro,1,73,d395cf6dcf0b1af10c03966a42deefed04905e21eda47f4066c57cbe50b090b7,09efd031aca4c7c09abe7cb89bf010525df2b247143effa19955c24d1ac6f856
project_train,train/attack/digital_1/scan/turkiye-NM-1011.jpg,data/processed/policy_c/train/attack/digital_1/scan/turkiye-NM-1011.jpg,turkiye-NM-1011,attack,digital_1,scan,1,51,a6f9fd4dbbd99e4a1e7c1c58f90b629d8118b8aa9458ce500ab871416c2a8ba2,4775024bdce040e273988db33de2359a2299575b9f49b71aabdb2c59bbcae383
project_train,train/attack/digital_2/huawei/turkiye-NM-1011.jpg,data/processed/policy_c/train/attack/digital_2/huawei/turkiye-NM-1011.jpg,turkiye-NM-1011,attack,digital_2,huawei,1,74,8e803c66dceeffb5c1a6ad41d7d9bb8cce813678c8d66c4d2199bb86c9c5b1d3,630981fb9b2ef39dff20fcd90ebfbbd2cca489b446137a959b5b13470775334b
project_train,train/attack/digital_2/iphone15pro/turkiye-NM-1011.jpg,data/processed/policy_c/train/attack/digital_2/iphone15pro/turkiye-NM-1011.jpg,turkiye-NM-1011,attack,digital_2,iphone15pro,1,73,179562ef7089e0920a4f971de9a568c60fd12280db78ab34907f558a49239739,7b8e3b40186b914e254d9eaabbe8473c58ad4ee57854a7a856b557cfc504600c
project_train,train/attack/digital_2/scan/turkiye-NM-1011.jpg,data/processed/policy_c/train/attack/digital_2/scan/turkiye-NM-1011.jpg,turkiye-NM-1011,attack,digital_2,scan,1,51,bed648039435f66d30d42d5fa6beb274e250e7276323051c83d8fb5997836888,def7007593ed79282cceadb8924418eb001e5e7835cdb052346465ecbd1bf02e
project_train,train/bonafide/huawei/turkiye-NM-1011.jpg,data/processed/policy_c/train/bonafide/huawei/turkiye-NM-1011.jpg,turkiye-NM-1011,bonafide,,huawei,0,74,8c91ffe5577d5c3c11dd77d3a9976af935804fdb9d842dccf39252a29407df03,e148a105705cf45cccc6491cd93d429af7a2069b982e029d0a3ffdb41cb99b71
project_train,train/bonafide/iphone15pro/turkiye-NM-1011.jpg,data/processed/policy_c/train/bonafide/iphone15pro/turkiye-NM-1011.jpg,turkiye-NM-1011,bonafide,,iphone15pro,0,73,ff1333b126f6b9c87b427c92305a04dcec6a3e7d8e5229723bb4cadfb8baa8d9,648aee58ff87d422949a02db6a37713beccae417f1f661ceec00784512ec0c21
project_train,train/bonafide/scan/turkiye-NM-1011.jpg,data/processed/policy_c/train/bonafide/scan/turkiye-NM-1011.jpg,turkiye-NM-1011,bonafide,,scan,0,51,756a63451b2341f715711e5fc8d0c8f9a032ddb9f003e5df904c738a27ac76c8,f6b0fdb9a1e70c1e2b2a4fa90cd91f6a0645a3b8f1b46b051856bb0755a270a0
project_train,train/attack/digital_1/huawei/turkiye-NM-1019.jpg,data/processed/policy_c/train/attack/digital_1/huawei/turkiye-NM-1019.jpg,turkiye-NM-1019,attack,digital_1,huawei,1,63,d69d500467d2f1dc2b2b2b9b228ae2b3f5397ff8be350db8c0964d164b79abc9,aeed30f0f58d6abb8e3b1cc3c41cf836e1af31ad87b06cf5735fe9b71007330d
project_train,train/attack/digital_1/iphone15pro/turkiye-NM-1019.jpg,data/processed/policy_c/train/attack/digital_1/iphone15pro/turkiye-NM-1019.jpg,turkiye-NM-1019,attack,digital_1,iphone15pro,1,90,1074f304bea66fe145d0d6a921944e66fc3eceafe2d5d02b3d70e7bd465ac5c8,95fb590a35511d44533bb3a06d3b30a0d5503bb2e1dcf9a9fc9108c06caad3ab
project_train,train/attack/digital_1/scan/turkiye-NM-1019.jpg,data/processed/policy_c/train/attack/digital_1/scan/turkiye-NM-1019.jpg,turkiye-NM-1019,attack,digital_1,scan,1,88,33113b21b5158da8dfc51f678ba22b7bda506497f49c581a898803eb9345725b,42f89a2314bbb2880ece41956716dfdf07b916d373f88287d0ea8d16dbf296fb
project_train,train/attack/digital_2/huawei/turkiye-NM-1019.jpg,data/processed/policy_c/train/attack/digital_2/huawei/turkiye-NM-1019.jpg,turkiye-NM-1019,attack,digital_2,huawei,1,63,9a285bb9ebbf2cb010ebad7d261a8a16fa2384b7c0ffa6c7ac105502e5236f9b,95ac8943edd33063bf7a6eca981bc4675743a7a2109ce9479fbd7c2ca8f630e2
project_train,train/attack/digital_2/iphone15pro/turkiye-NM-1019.jpg,data/processed/policy_c/train/attack/digital_2/iphone15pro/turkiye-NM-1019.jpg,turkiye-NM-1019,attack,digital_2,iphone15pro,1,90,683d45a631307ad77b90411a0c873554edd57c229962158088b00e46ad4ba696,8c78f705dfe35637c76d338d2f1de94d27bd9b1446fbcc898c761c1d1784eaf4
project_train,train/attack/digital_2/scan/turkiye-NM-1019.jpg,data/processed/policy_c/train/attack/digital_2/scan/turkiye-NM-1019.jpg,turkiye-NM-1019,attack,digital_2,scan,1,88,f339dcdce2ba36ec4626c3511fb2f539cfba2a7c4a7fafb3466b169663afc631,ff35c8695af4aaca1120a8e570234ec3a3940a37531463ab977f25c427844001
project_train,train/bonafide/huawei/turkiye-NM-1019.jpg,data/processed/policy_c/train/bonafide/huawei/turkiye-NM-1019.jpg,turkiye-NM-1019,bonafide,,huawei,0,63,e137b97a4c715a84c82d2154c6382e0b0db85d798859f0d38f692c4670e07fc6,4e12edc06511715d0436cedf6ddc34cb710f0f76acc1eb189df60472eb9701cc
project_train,train/bonafide/iphone15pro/turkiye-NM-1019.jpg,data/processed/policy_c/train/bonafide/iphone15pro/turkiye-NM-1019.jpg,turkiye-NM-1019,bonafide,,iphone15pro,0,90,9965e9d55871378ecbbf67291ce893a7596559833b37f560a741bbbd978e9bb1,32d8e032c40ff3913b022aa359e37b55171979ddf09f81bbde9d7a451c6af026
project_train,train/bonafide/scan/turkiye-NM-1019.jpg,data/processed/policy_c/train/bonafide/scan/turkiye-NM-1019.jpg,turkiye-NM-1019,bonafide,,scan,0,88,9332ea9d6b9ba11a645159a8ad25d1438ea1d2ff87b52aa88b7620142388f9cc,6b7597509d009084addca9b9c5176dbf40b11b7cb00d4aa5ba69f986c1966e18
project_train,train/attack/digital_1/huawei/turkiye-NM-1033.jpg,data/processed/policy_c/train/attack/digital_1/huawei/turkiye-NM-1033.jpg,turkiye-NM-1033,attack,digital_1,huawei,1,52,ad22648c6161872014adf6d898e3b7d098be07b7ff3942e911854d3be24ca45b,fa75759f0babb016a03a8df2c97d1b96db153da0a08233edc53e4c2906bd6ac6
project_train,train/attack/digital_1/iphone15pro/turkiye-NM-1033.jpg,data/processed/policy_c/train/attack/digital_1/iphone15pro/turkiye-NM-1033.jpg,turkiye-NM-1033,attack,digital_1,iphone15pro,1,83,d62f71ab24ce0374e6cb59b05f427981d51f6b8521acb77c1aeb5b43d7a1e7af,103c619012fd2448c537b4b6d9a36eccf0e838901486850d150c570799779de0
project_train,train/attack/digital_1/scan/turkiye-NM-1033.jpg,data/processed/policy_c/train/attack/digital_1/scan/turkiye-NM-1033.jpg,turkiye-NM-1033,attack,digital_1,scan,1,57,1fb4ab2303cb8c7957b842594af81ebd804f478671a15101f14684bb41e47e0b,6bee7dc62aeb9422ee3439f66c4d253798e9fd477e801a8b20494974b4d2cffa
project_train,train/attack/digital_2/huawei/turkiye-NM-1033.jpg,data/processed/policy_c/train/attack/digital_2/huawei/turkiye-NM-1033.jpg,turkiye-NM-1033,attack,digital_2,huawei,1,52,71506a76442bdc687751585fbd9096096b4f0f22b753f4c364beacf4a94eeacd,eecee350e410bf8961332832abd443a6406d42e9dc28aca9eb54a65ca27a156f
project_train,train/attack/digital_2/iphone15pro/turkiye-NM-1033.jpg,data/processed/policy_c/train/attack/digital_2/iphone15pro/turkiye-NM-1033.jpg,turkiye-NM-1033,attack,digital_2,iphone15pro,1,83,ad68e66bc24962017508e6b2094634b42e756c90c9295be95fad67fe9fb4ac9d,547d02ed6764a06a718810c9c709e1a9f0f7a42c6a7e11856590a5e8ef077f50
project_train,train/attack/digital_2/scan/turkiye-NM-1033.jpg,data/processed/policy_c/train/attack/digital_2/scan/turkiye-NM-1033.jpg,turkiye-NM-1033,attack,digital_2,scan,1,57,c0a446c6ce447be6ac6fcc9b05514f8df3d2b21490234ad3634cbfcfb100b6f9,0af1248d8d4bdd6e2f3d8f26edf9d8e41fe619e4920ffa1a6a5c04a97aa1f668
project_train,train/bonafide/huawei/turkiye-NM-1033.jpg,data/processed/policy_c/train/bonafide/huawei/turkiye-NM-1033.jpg,turkiye-NM-1033,bonafide,,huawei,0,52,2f1999052e286ea92327b36a7197e7e59e9386ffaeec13885f154b768ffdb7f1,3d06ac989aa431733b020edab6be00314e4cd24a85a6d4ca668cc77c0eace72b
project_train,train/bonafide/iphone15pro/turkiye-NM-1033.jpg,data/processed/policy_c/train/bonafide/iphone15pro/turkiye-NM-1033.jpg,turkiye-NM-1033,bonafide,,iphone15pro,0,83,2d435d23292a62979782a11ea31d51b3f937da0c425bf487dfb226be56c1cac7,7248a92c032e2a19be3fba01c1efb71d64e63b98781119be24730c4fd9354407
project_train,train/bonafide/scan/turkiye-NM-1033.jpg,data/processed/policy_c/train/bonafide/scan/turkiye-NM-1033.jpg,turkiye-NM-1033,bonafide,,scan,0,57,2d82ec55a6fdd822db79f2ab0d9884201b21ecbf56c046843287a2a04338403d,b529ca8ffa8897b3c6a02a3fe753dfc170126a6592e2670668dcffdf52e3a110
project_train,train/attack/digital_1/huawei/ukraine-006_03.jpg,data/processed/policy_c/train/attack/digital_1/huawei/ukraine-006_03.jpg,ukraine-006_03,attack,digital_1,huawei,1,81,36fe2cdf9d61c8b0048de93e7ad22ae09dbf8f79b0d3d14c6c81c83400786fc8,bd3c413e6bb20f4c7f438e2ee33b96ff62353d046491deecd1aaaa95fad16ac2
project_train,train/attack/digital_1/iphone15pro/ukraine-006_03.jpg,data/processed/policy_c/train/attack/digital_1/iphone15pro/ukraine-006_03.jpg,ukraine-006_03,attack,digital_1,iphone15pro,1,86,4797364f85480d7a0bddee03a290a436a548e548f40685a7c0105a2e6fcc8bbe,f5af30d63d39bec7b64fdf89c578cee20870b0b5f529df36b42db0a676d64f49
project_train,train/attack/digital_1/scan/ukraine-006_03.jpg,data/processed/policy_c/train/attack/digital_1/scan/ukraine-006_03.jpg,ukraine-006_03,attack,digital_1,scan,1,61,351e5b01928a994e890f4cc6ae10ccd698eee928df5039ae3feedd062eec3893,ba4758ba6e90dfd382ed0909e1bbf6f204275ab2ab3c67ffb2edae3792303534
project_train,train/attack/digital_2/huawei/ukraine-006_03.jpg,data/processed/policy_c/train/attack/digital_2/huawei/ukraine-006_03.jpg,ukraine-006_03,attack,digital_2,huawei,1,81,e7cea42b124d9d74e4e27f2e23a977f5001a1f675351bf41d4d52f5f8cf27b15,94353ed3fb0acd6f88494a39a1b2d3bb7dae1742af725591f7e194349e5bd314
project_train,train/attack/digital_2/iphone15pro/ukraine-006_03.jpg,data/processed/policy_c/train/attack/digital_2/iphone15pro/ukraine-006_03.jpg,ukraine-006_03,attack,digital_2,iphone15pro,1,86,75c2ca2a6e4ca71a1074c335a8a0e7e42e50a6b5b153f00d65b8d1988d321bcc,b0c40f3407cf5fe2bee447f3daf30e25a15053e9db5acbc8f58884d17d8322ce
project_train,train/attack/digital_2/scan/ukraine-006_03.jpg,data/processed/policy_c/train/attack/digital_2/scan/ukraine-006_03.jpg,ukraine-006_03,attack,digital_2,scan,1,61,b20194894cef648acffd25e3b20677d9b44bc92d05bfd8f0e79fb681f188e341,9a63d9c04f5da635d89bb8bf97fe4afce63ff32c6715b45cffaa70931380a46d
project_train,train/bonafide/huawei/ukraine-006_03.jpg,data/processed/policy_c/train/bonafide/huawei/ukraine-006_03.jpg,ukraine-006_03,bonafide,,huawei,0,81,740e30239400d0b6d5f8deac86fd8829b4aebd664dfde89bd14db1e14d02c9e3,f9ee28e79d7257041804b9aa294a3f425b80418a305f718dd0e38e264663d5ab
project_train,train/bonafide/iphone15pro/ukraine-006_03.jpg,data/processed/policy_c/train/bonafide/iphone15pro/ukraine-006_03.jpg,ukraine-006_03,bonafide,,iphone15pro,0,86,77f319b1237cc1a9c7c98de2aa75ae60dd320a24ef0f947df8a35f8234110ee4,d953db1ca2b0caff3626d48fe2a56cd501a9174a539996420c91217bab32404b
project_train,train/bonafide/scan/ukraine-006_03.jpg,data/processed/policy_c/train/bonafide/scan/ukraine-006_03.jpg,ukraine-006_03,bonafide,,scan,0,61,660d81a60a7f8f929b49ef733dea5112e4a71b6e69e1ef09e46a709c62aa6382,45cf9e8723f0d2ab40edff94417fe4ae9da6a1f9016331d9e418f9cf0b079584
project_train,train/attack/digital_1/huawei/ukraine-007_03.jpg,data/processed/policy_c/train/attack/digital_1/huawei/ukraine-007_03.jpg,ukraine-007_03,attack,digital_1,huawei,1,85,1f161c62ca5ade857df98081a272097a2f06b239117c81cce6ef1b0b89167c7b,215b3595967b8c221d43cfe717c50c8731f58e4595fa0a567d75f68ca048a8ff
project_train,train/attack/digital_1/iphone15pro/ukraine-007_03.jpg,data/processed/policy_c/train/attack/digital_1/iphone15pro/ukraine-007_03.jpg,ukraine-007_03,attack,digital_1,iphone15pro,1,76,36982d1c10742577fa2b9859063c7ae022e6a15a157633fea7d73918aee16e39,cc181bc0e1a5cdb1875d09e841f8cbb70087cd8ddba0482588ccd684a0ebbf19
project_train,train/attack/digital_1/scan/ukraine-007_03.jpg,data/processed/policy_c/train/attack/digital_1/scan/ukraine-007_03.jpg,ukraine-007_03,attack,digital_1,scan,1,83,19509f94f11d64125e136bd02490a802d2299b17e62e4c380d45f93fe7a6a8d5,b1b4cd968b2b2454303fdb203edfe7248715289d669e7bbf07c124bf3a74200a
project_train,train/attack/digital_2/huawei/ukraine-007_03.jpg,data/processed/policy_c/train/attack/digital_2/huawei/ukraine-007_03.jpg,ukraine-007_03,attack,digital_2,huawei,1,85,619e3889821ae38f3df54211071be5e646f2a9973ab5796d060df3c14d179bca,60ffa48e506d76bdd6d02001960e1f32f682068f0233b6c8d0e21591496b1a4b
project_train,train/attack/digital_2/iphone15pro/ukraine-007_03.jpg,data/processed/policy_c/train/attack/digital_2/iphone15pro/ukraine-007_03.jpg,ukraine-007_03,attack,digital_2,iphone15pro,1,76,55d4860077026cfcb1f569d74d10c3069a35a2d612cc150dcd567a69d0bf2674,e0fae40879e071024e37a53f527f9e418e39440c31e771ac956e44878de2a530
project_train,train/attack/digital_2/scan/ukraine-007_03.jpg,data/processed/policy_c/train/attack/digital_2/scan/ukraine-007_03.jpg,ukraine-007_03,attack,digital_2,scan,1,83,feabd0e1b9b70359b205b5625b75e3e1177cd14ec2185599246c04a1273d5946,7e686e62fe4217b7e8a125b3d1fa1f2d507ba8316991a7cebff0a3f109992a6f
project_train,train/bonafide/huawei/ukraine-007_03.jpg,data/processed/policy_c/train/bonafide/huawei/ukraine-007_03.jpg,ukraine-007_03,bonafide,,huawei,0,85,02ffa247a4a62c6a0c266e7cf6e2e7ef8738033884831c27f75394fffbd7c2f4,46c94d61c4bccaa5fa9501ada8778fd1bfe949284babb36dfb8228b563143e03
project_train,train/bonafide/iphone15pro/ukraine-007_03.jpg,data/processed/policy_c/train/bonafide/iphone15pro/ukraine-007_03.jpg,ukraine-007_03,bonafide,,iphone15pro,0,76,eaebf6b5763aa73e46a255792927790e0d53bb33348d0386978051c7b492029c,7a7d7379f9bddd0f42210941e6fb783eb1251bde24ad5a92cab3469630a76519
project_train,train/bonafide/scan/ukraine-007_03.jpg,data/processed/policy_c/train/bonafide/scan/ukraine-007_03.jpg,ukraine-007_03,bonafide,,scan,0,83,df75f2d0ba18736a8629b6394e0e89680867afb7bf8a5a785818187638c43229,4515988d07b08d71e44ca62cf6d02d842fc744ca79f9444eda9bfda1aeb8ed63
project_train,train/attack/digital_1/huawei/ukraine-030_03.jpg,data/processed/policy_c/train/attack/digital_1/huawei/ukraine-030_03.jpg,ukraine-030_03,attack,digital_1,huawei,1,76,1b16f010fdaf7ad88fe9c3fedd303a05d12b050774e9dc11af31f536e0093999,26f7540a578594222977ef66f4fb8e3df4884c9f69c3243dabbf15b9aec4f40d
project_train,train/attack/digital_1/iphone15pro/ukraine-030_03.jpg,data/processed/policy_c/train/attack/digital_1/iphone15pro/ukraine-030_03.jpg,ukraine-030_03,attack,digital_1,iphone15pro,1,71,ac72e367a0d4dab00d24935db7b7262a2f3a7bb7f69d6cb29697f12c97b6d4bd,c9f54e42687f0166e3ada36bfa748bb6e5f914a8dc65ac985496baa911acea57
project_train,train/attack/digital_1/scan/ukraine-030_03.jpg,data/processed/policy_c/train/attack/digital_1/scan/ukraine-030_03.jpg,ukraine-030_03,attack,digital_1,scan,1,69,4dc5030d75e7a6121b5a8c5065bb29846b65dedaa9ffb669e85452ac6dfefadf,f8da8231dfb3ae735ea37f74b3cb46b461927dba822e1be535a4ebed013d1f1d
project_train,train/attack/digital_2/huawei/ukraine-030_03.jpg,data/processed/policy_c/train/attack/digital_2/huawei/ukraine-030_03.jpg,ukraine-030_03,attack,digital_2,huawei,1,76,4f01f5dfb860fb72475e7f0e6e6450c83f82ec1b557f07ac72618b93e6158c39,2dc52efd0260b17fab2b882c5d4bc0667813317c4476f8032c0818f49513442a
project_train,train/attack/digital_2/iphone15pro/ukraine-030_03.jpg,data/processed/policy_c/train/attack/digital_2/iphone15pro/ukraine-030_03.jpg,ukraine-030_03,attack,digital_2,iphone15pro,1,71,893c456a6452faa75502f8f9c2f68c269eff8b3643f2804b78031d2a1341833a,6170a80448971ec0230956f52b1851ed68c22dbd12ae32535c1b3175ab010257
project_train,train/attack/digital_2/scan/ukraine-030_03.jpg,data/processed/policy_c/train/attack/digital_2/scan/ukraine-030_03.jpg,ukraine-030_03,attack,digital_2,scan,1,69,d372d7f032639a66925a518d31539b5777b475b6a368d7b1dcbf9baf39e7c50a,2ea504ded4da4940c15d441e1e19cc30edf84be5e53d44c7b71b97c8356bc325
project_train,train/bonafide/huawei/ukraine-030_03.jpg,data/processed/policy_c/train/bonafide/huawei/ukraine-030_03.jpg,ukraine-030_03,bonafide,,huawei,0,76,58e0dda387c16d6e9c4503c37816f5413f3385d8c33f00b6d3228cf47007ab1a,0ca30fd32816e96fdee73947a0c524562fa2eaa6221fb604e7d0a84c3bde6f9b
project_train,train/bonafide/iphone15pro/ukraine-030_03.jpg,data/processed/policy_c/train/bonafide/iphone15pro/ukraine-030_03.jpg,ukraine-030_03,bonafide,,iphone15pro,0,71,90ab20876de28e2a006ee887e65cee7beaeb97a6a089c755495f491f690f5483,358c4cf9e801fc1299164b8b734b0d628d8e54b185fbb3b5cbd7a5f795c2b99c
project_train,train/bonafide/scan/ukraine-030_03.jpg,data/processed/policy_c/train/bonafide/scan/ukraine-030_03.jpg,ukraine-030_03,bonafide,,scan,0,69,8fcb5566a8d9ac21e749f7c4810e2ceb41b0be203788900a1bbef0bc0782ecf6,4c8d6a497288f31396c3c1c6eafe9a5a16f7cb5ecbc172aeebe6a27b8d3126be
project_train,train/attack/digital_1/huawei/ukraine-103_03.jpg,data/processed/policy_c/train/attack/digital_1/huawei/ukraine-103_03.jpg,ukraine-103_03,attack,digital_1,huawei,1,76,e37eebe28f0bfbcf2222f32e732b227ea4866151209b5dad0562293dc59a355b,4480ab84699b6cb6cedde5482910863226e582aebd352e2fe58a9835299b82a4
project_train,train/attack/digital_1/iphone15pro/ukraine-103_03.jpg,data/processed/policy_c/train/attack/digital_1/iphone15pro/ukraine-103_03.jpg,ukraine-103_03,attack,digital_1,iphone15pro,1,54,1844ea9dd9d32efde5833aeb8da40cf2785fd192f925cc4c183731a3afe23b7d,ca58b4ee52fae9d5d2edbf2fc277bb17a828fa243eb214c9208062cedd3bf6e9
project_train,train/attack/digital_1/scan/ukraine-103_03.jpg,data/processed/policy_c/train/attack/digital_1/scan/ukraine-103_03.jpg,ukraine-103_03,attack,digital_1,scan,1,84,f7f10cb7a5a5ecd14f8c357333b9f1f5b0fdf803acde5229a13e35f05b3370cd,152f0efc861f6728bf541ff447952b830afe83e777e03faf7d63f46ba68471b7
project_train,train/attack/digital_2/huawei/ukraine-103_03.jpg,data/processed/policy_c/train/attack/digital_2/huawei/ukraine-103_03.jpg,ukraine-103_03,attack,digital_2,huawei,1,76,72ed4f59bfc1ce1b25b734712a4756c12773a0c90824bf115d8d1fee184ef894,ea878891da3b453f93ea85802b1d0d709ac1c7ab100756195dd30287863b53ca
project_train,train/attack/digital_2/iphone15pro/ukraine-103_03.jpg,data/processed/policy_c/train/attack/digital_2/iphone15pro/ukraine-103_03.jpg,ukraine-103_03,attack,digital_2,iphone15pro,1,54,8d38c46e7327f90a6c0a3c028836edf5ab229149cd47cd04f828c8b3b60aadec,452e66f662f1d3823402f4d6229c3c4b60fd675fc749a8146d7eb155f3e2ec03
project_train,train/attack/digital_2/scan/ukraine-103_03.jpg,data/processed/policy_c/train/attack/digital_2/scan/ukraine-103_03.jpg,ukraine-103_03,attack,digital_2,scan,1,84,2652aba6a2c920a9421545205032d08e8c78fc61d60b7fcbc10ebeb86e883cd6,c66231bb5e19b8f9970d6f0a9eb646ce805d9cea1b6c692090ed8129a7d69911
project_train,train/bonafide/huawei/ukraine-103_03.jpg,data/processed/policy_c/train/bonafide/huawei/ukraine-103_03.jpg,ukraine-103_03,bonafide,,huawei,0,76,41608bed75e0bb81e09a52b716f72a266939adbbf9e2a07b9b832eecea3d9a96,cff1b730a4accacf2d7d98974d25ff1d951b10e7cf02cf20384456d93dc12ca0
project_train,train/bonafide/iphone15pro/ukraine-103_03.jpg,data/processed/policy_c/train/bonafide/iphone15pro/ukraine-103_03.jpg,ukraine-103_03,bonafide,,iphone15pro,0,54,99ccb1ceeff05a5f1f21da70f774155110381fc7c2b906f32e4713b2fc43dd89,abd9b3a3ac937f245d2726b2334757fd3cb9a83f258052e3bf6645166e97248f
project_train,train/bonafide/scan/ukraine-103_03.jpg,data/processed/policy_c/train/bonafide/scan/ukraine-103_03.jpg,ukraine-103_03,bonafide,,scan,0,84,db7719e62febdf55696ac0a2c9c6d099962189c9b79f535157df6828b7860feb,829c16c9da84020a312aba9dff843228c284e08874e062164906810d098b6e8f
project_train,train/attack/digital_1/huawei/ukraine-NF-1005.jpg,data/processed/policy_c/train/attack/digital_1/huawei/ukraine-NF-1005.jpg,ukraine-NF-1005,attack,digital_1,huawei,1,83,62a6189672ffdf3a79a090f68f3330664ba877128daec3bb7b7ec4bb0dfe41fd,452a177849d27f39803cab6d5f8cf0b1f16a619a01fe1d8e0960000d7a011cd4
project_train,train/attack/digital_1/iphone15pro/ukraine-NF-1005.jpg,data/processed/policy_c/train/attack/digital_1/iphone15pro/ukraine-NF-1005.jpg,ukraine-NF-1005,attack,digital_1,iphone15pro,1,89,e884e5180ed02543963e1810f7f735a81eece6ce5367d1124b378db97748ca62,93dc5470d61a831a879d869678c1bf06dee3133ea1211796e6142f5b49f60548
project_train,train/attack/digital_1/scan/ukraine-NF-1005.jpg,data/processed/policy_c/train/attack/digital_1/scan/ukraine-NF-1005.jpg,ukraine-NF-1005,attack,digital_1,scan,1,62,e7cf4b19e855ce9888c20fdf2b6a37cc0b579520d4536d5cdbffb042e752eac5,a565f38f0b17f165bd82badeae4265a1b1af11cea85a2c2e9c461e3ac26f07ce
project_train,train/attack/digital_2/huawei/ukraine-NF-1005.jpg,data/processed/policy_c/train/attack/digital_2/huawei/ukraine-NF-1005.jpg,ukraine-NF-1005,attack,digital_2,huawei,1,83,323aa2252c7421c323c625087bbfd4e4da3e47601a649485a569314a1ac7fcc1,5a3ee98126073e4df822bf853ab033f347820b9a5581479c6451b9d723a597b4
project_train,train/attack/digital_2/iphone15pro/ukraine-NF-1005.jpg,data/processed/policy_c/train/attack/digital_2/iphone15pro/ukraine-NF-1005.jpg,ukraine-NF-1005,attack,digital_2,iphone15pro,1,89,8cc8bd9750f541740d2d247e1327b6496993b34209debeab7f5ac71b2940f49e,d53f147b487ab30730d83b8cb52823bbe36b37c22293165eecb86e0e2059c9f2
project_train,train/attack/digital_2/scan/ukraine-NF-1005.jpg,data/processed/policy_c/train/attack/digital_2/scan/ukraine-NF-1005.jpg,ukraine-NF-1005,attack,digital_2,scan,1,62,6c4fd388abf46f47c9c9ad6a67d35016e4aed331e4dca7be0b4c88027c0cc1a9,4e553fac3e70100e26bad255b89e4dd119ee9b01a6ffb16099632bc45b6d45fe
project_train,train/bonafide/huawei/ukraine-NF-1005.jpg,data/processed/policy_c/train/bonafide/huawei/ukraine-NF-1005.jpg,ukraine-NF-1005,bonafide,,huawei,0,83,824c71ebdf32b41c16828535ca809f57bf5d9ea0f034edfcd95129ce14dab5d8,68e7df51579da8ea73009fc776677ef7e02e1f53f08de8623019fcb9a3e0d5a4
project_train,train/bonafide/iphone15pro/ukraine-NF-1005.jpg,data/processed/policy_c/train/bonafide/iphone15pro/ukraine-NF-1005.jpg,ukraine-NF-1005,bonafide,,iphone15pro,0,89,ee9a4150af0575911780bbb66cb670975fc0fed859860f17ecae6ae259d8a3dc,5e01a285659b11e9903eae974e783020fb683a7ddfa6d55315d87ada006dc345
project_train,train/bonafide/scan/ukraine-NF-1005.jpg,data/processed/policy_c/train/bonafide/scan/ukraine-NF-1005.jpg,ukraine-NF-1005,bonafide,,scan,0,62,434c2886fcc90be962847840362204d4eef13494893921786ad5ab9647128ab0,93cedb96cf1fdb838fd305d280b728bc6519339dfbbe319649e5e3e7ddfb60aa
project_train,train/attack/digital_1/huawei/ukraine-NF-1015.jpg,data/processed/policy_c/train/attack/digital_1/huawei/ukraine-NF-1015.jpg,ukraine-NF-1015,attack,digital_1,huawei,1,66,755c4d7e8831dd7008083dbf9bfb98c99fdff78e4b34fd4d088fa9420e613a3e,ff60c178637848259b89c441add6f8f813886c705088fca67a059f861ea4b87d
project_train,train/attack/digital_1/iphone15pro/ukraine-NF-1015.jpg,data/processed/policy_c/train/attack/digital_1/iphone15pro/ukraine-NF-1015.jpg,ukraine-NF-1015,attack,digital_1,iphone15pro,1,81,e3348f7c11f85334b8979517246d1f7ec0cd5275d7f67aab04a4630afb9e11b5,aa26e544c5c773ce8c39bfef271f77f3587489256bb13364832a7ba3b087dfde
project_train,train/attack/digital_1/scan/ukraine-NF-1015.jpg,data/processed/policy_c/train/attack/digital_1/scan/ukraine-NF-1015.jpg,ukraine-NF-1015,attack,digital_1,scan,1,86,0bda64e85abed6f769fb1ff3c578b5f61475a0f283c2a05d2a651f6f34910769,0d54248c112c1c7a44a9976e88ef5a582bff3f2db54ec28217da18d6809c2516
project_train,train/attack/digital_2/huawei/ukraine-NF-1015.jpg,data/processed/policy_c/train/attack/digital_2/huawei/ukraine-NF-1015.jpg,ukraine-NF-1015,attack,digital_2,huawei,1,66,ced860b541e3465d4150ccc233a8cfec5122a42709f35c543d76855e497663d5,3f4f7e0aecdd50c504ec6281acde07e82fac0f1388eb24e4cf24ab7fc3c0102c
project_train,train/attack/digital_2/iphone15pro/ukraine-NF-1015.jpg,data/processed/policy_c/train/attack/digital_2/iphone15pro/ukraine-NF-1015.jpg,ukraine-NF-1015,attack,digital_2,iphone15pro,1,81,d859a1e79a025217e7129fe61df645519f856ed138d990531c538fc86d9d929b,418c1786d6d77e46d0bd6dbb2c993db4acb426dc1b0fb640cdd3c72f10f6eb7b
project_train,train/attack/digital_2/scan/ukraine-NF-1015.jpg,data/processed/policy_c/train/attack/digital_2/scan/ukraine-NF-1015.jpg,ukraine-NF-1015,attack,digital_2,scan,1,86,85db73584aacb1758f12b93fc69aa16ff22e9f778dd13e082e857a5f325c74e4,10d013fe6b560544bc0777853298fa4e7963384fa23bcc05bf295a5c20a752ff
project_train,train/bonafide/huawei/ukraine-NF-1015.jpg,data/processed/policy_c/train/bonafide/huawei/ukraine-NF-1015.jpg,ukraine-NF-1015,bonafide,,huawei,0,66,8b853e72b25ba5a0a9d2ab8182af0384dfa7ec2487fe516941a498a2cb06992a,30db65a9a0bd4a9935bd0077ec843940fb29603bbe246c4b125171c1a5ecf898
project_train,train/bonafide/iphone15pro/ukraine-NF-1015.jpg,data/processed/policy_c/train/bonafide/iphone15pro/ukraine-NF-1015.jpg,ukraine-NF-1015,bonafide,,iphone15pro,0,81,b2b41f67602af8a81db08d88cefac0f1d9dee5c61ba93fcc4c3ddeebe0993481,7a3ee7f7530ff828c76d96e1b4a7a7734acc8bbcfd16829e615e51527a2c55f9
project_train,train/bonafide/scan/ukraine-NF-1015.jpg,data/processed/policy_c/train/bonafide/scan/ukraine-NF-1015.jpg,ukraine-NF-1015,bonafide,,scan,0,86,076fc90a72f205ad0be3fd03c032fbf3fa3c6184e34c59ffe7af424fc168a0dd,7abf826c4a3e2d6aaf77f9353604c279b411337783bf9e3a7e147a536c5b91fe
project_train,train/attack/digital_1/huawei/ukraine-NF-1021.jpg,data/processed/policy_c/train/attack/digital_1/huawei/ukraine-NF-1021.jpg,ukraine-NF-1021,attack,digital_1,huawei,1,67,efa952da6f34f70491cf7215fcbeefcc9f9ab8e6bd2fd1c281e8f08754432d9e,faa5797a9d4468b37ec36e0b661199380ad4ba5385c3f786545901deb36d4af3
project_train,train/attack/digital_1/iphone15pro/ukraine-NF-1021.jpg,data/processed/policy_c/train/attack/digital_1/iphone15pro/ukraine-NF-1021.jpg,ukraine-NF-1021,attack,digital_1,iphone15pro,1,62,a6ace954466edd00eff07972802bd451a72296608b5ab7501ffe4a56024c75b2,c8a309442c02b1a297538cca46c7ef2a46b3c72f5765f8b1fd6c31aa2c9d3f6d
project_train,train/attack/digital_1/scan/ukraine-NF-1021.jpg,data/processed/policy_c/train/attack/digital_1/scan/ukraine-NF-1021.jpg,ukraine-NF-1021,attack,digital_1,scan,1,54,b413004a588423017e71ef0c81d3d9fba8412970e4ef2efd64499b5d0be24a02,9a7dbc5e33249f57e2d06b883b3b9a4a68c1fe27b61ccdf6c3d1683bb705aa25
project_train,train/attack/digital_2/huawei/ukraine-NF-1021.jpg,data/processed/policy_c/train/attack/digital_2/huawei/ukraine-NF-1021.jpg,ukraine-NF-1021,attack,digital_2,huawei,1,67,3dfe570119f60070522f10bbd89d50adbba46709831c6edadf5723117f1f0321,39b622dc2619f30db9168491f138e1cc406c5badee8762233aa7e6dbc3bdd315
project_train,train/attack/digital_2/iphone15pro/ukraine-NF-1021.jpg,data/processed/policy_c/train/attack/digital_2/iphone15pro/ukraine-NF-1021.jpg,ukraine-NF-1021,attack,digital_2,iphone15pro,1,62,3b7cffc5219e05136beb7d242af9d140c73b8d97404461b6251abd9f97969d4e,f954c32e75821e50e16a27a8920b5106eaa71b7aefc01e7913d5e3a7d6e161d6
project_train,train/attack/digital_2/scan/ukraine-NF-1021.jpg,data/processed/policy_c/train/attack/digital_2/scan/ukraine-NF-1021.jpg,ukraine-NF-1021,attack,digital_2,scan,1,54,b809d242492718984c51dfce75a838545b2dd9594b503a9c0b94d7b01f0b1c16,748aac3f13cbe6a0284ad197f4ce98c5e662c02ee8803ed94ef4751b29b9a1d6
project_train,train/bonafide/huawei/ukraine-NF-1021.jpg,data/processed/policy_c/train/bonafide/huawei/ukraine-NF-1021.jpg,ukraine-NF-1021,bonafide,,huawei,0,67,4e6af2e3d5139dc5261b7c43b390b918b7a5b8e171e1f2837a0e5354705535a7,733b1e1acd3a4f7fedf02173ffe0684ad40579b9c62f6d8395651da80f8bf05a
project_train,train/bonafide/iphone15pro/ukraine-NF-1021.jpg,data/processed/policy_c/train/bonafide/iphone15pro/ukraine-NF-1021.jpg,ukraine-NF-1021,bonafide,,iphone15pro,0,62,891b2de524303e3f352ab471c8b19ff81ce5976826ab5ca2772f9699bc5e929c,c242ac1714ce7ea1ba46c17b7dfadad0a42ad58af0ee3ec37c1e1e58e51cca44
project_train,train/bonafide/scan/ukraine-NF-1021.jpg,data/processed/policy_c/train/bonafide/scan/ukraine-NF-1021.jpg,ukraine-NF-1021,bonafide,,scan,0,54,c3c4e929a66b8c68e3fe534c970c0f675881ef11660263bd266a96ad9932e69e,5a2942fc17cb7e6f655be3f8ab74216290ebfebd55825d61538f9ab447e990cb
project_train,train/attack/digital_1/huawei/ukraine-NF-1032.jpg,data/processed/policy_c/train/attack/digital_1/huawei/ukraine-NF-1032.jpg,ukraine-NF-1032,attack,digital_1,huawei,1,90,8e3c6decf1e66576db8192162d3c86b50ea32980aa6c886f1a23b62e9e5c0854,952211f401a617ec19c662431064a69f43aafe430f9f8f502f01626f77d0cee1
project_train,train/attack/digital_1/iphone15pro/ukraine-NF-1032.jpg,data/processed/policy_c/train/attack/digital_1/iphone15pro/ukraine-NF-1032.jpg,ukraine-NF-1032,attack,digital_1,iphone15pro,1,60,d74bc5ee5578d4926f1b780c88386eadbd9dde8adb0b1c04b87c4f21e621abfb,ae73ee05d814acb585c72b05fb074d53183ae26065e382f9e1bc412cf2059694
project_train,train/attack/digital_1/scan/ukraine-NF-1032.jpg,data/processed/policy_c/train/attack/digital_1/scan/ukraine-NF-1032.jpg,ukraine-NF-1032,attack,digital_1,scan,1,77,648402dd7c7f8c6f402469c52f7691092a761a86bdd05277be4df88c7dfa8f4f,e83eaf284d0f79bcb0b7d867402c5339d48a05d003db14d587df7d1ce6ab2334
project_train,train/attack/digital_2/huawei/ukraine-NF-1032.jpg,data/processed/policy_c/train/attack/digital_2/huawei/ukraine-NF-1032.jpg,ukraine-NF-1032,attack,digital_2,huawei,1,90,b4ee34f71df39c3e887364e0349bdb7d4323be92dda602f5c139ad37fc9cd038,e875502a28b9d8e487b23e2f36f111b0e00cf29d43ca9c2364941d6d62cf914d
project_train,train/attack/digital_2/iphone15pro/ukraine-NF-1032.jpg,data/processed/policy_c/train/attack/digital_2/iphone15pro/ukraine-NF-1032.jpg,ukraine-NF-1032,attack,digital_2,iphone15pro,1,60,a9e5662591652258bec6c47d6752385e5718f321d64438fef78e8245b0441536,996a0ccabf1407608e88c22c48bb785f3bf8c9a8634bb44b259a5949730658b7
project_train,train/attack/digital_2/scan/ukraine-NF-1032.jpg,data/processed/policy_c/train/attack/digital_2/scan/ukraine-NF-1032.jpg,ukraine-NF-1032,attack,digital_2,scan,1,77,e3fb7b05247ed9ebc19c22c847a2731d1060e6b5d6edefaf7074c37d7deced29,952364baffb9992ecf40cea105ce9883da36e8739367e9e77cb11ba23a494b1d
project_train,train/bonafide/huawei/ukraine-NF-1032.jpg,data/processed/policy_c/train/bonafide/huawei/ukraine-NF-1032.jpg,ukraine-NF-1032,bonafide,,huawei,0,90,a688aa40483e5d47e41ba2c50908e779beccc8bb4b6c3989d74af31a0ecdee56,a264a2548ceb814617e6bcc7bf6458b5f15031fc927d9aa6a84c67acca3329a2
project_train,train/bonafide/iphone15pro/ukraine-NF-1032.jpg,data/processed/policy_c/train/bonafide/iphone15pro/ukraine-NF-1032.jpg,ukraine-NF-1032,bonafide,,iphone15pro,0,60,e3c6c98670932cc63185bc81b44261c1c0d3bf798d7f5f7700de6b9af6722cd8,d5c473f31bc50915f205d3a5623a715024152f0d807aec8ad4caa7b823409ff6
project_train,train/bonafide/scan/ukraine-NF-1032.jpg,data/processed/policy_c/train/bonafide/scan/ukraine-NF-1032.jpg,ukraine-NF-1032,bonafide,,scan,0,77,6d7202e024b89435391230347d7357ed2e02115ef55de2484008d65b90a1a19a,38d64507e55d4f57355b657f39729492df3a8ddaebbd9d9d0c033e7f2c363c9c
project_train,train/attack/digital_1/huawei/ukraine-NF-1057.jpg,data/processed/policy_c/train/attack/digital_1/huawei/ukraine-NF-1057.jpg,ukraine-NF-1057,attack,digital_1,huawei,1,72,a621815227b90de6c66e588982c9d65ed8287182176cd22f09de43401d02bfc7,7bac3f205f6eeffde5f76ec2a626f9dc6b665896d56d7b940803e90a987eacc5
project_train,train/attack/digital_1/iphone15pro/ukraine-NF-1057.jpg,data/processed/policy_c/train/attack/digital_1/iphone15pro/ukraine-NF-1057.jpg,ukraine-NF-1057,attack,digital_1,iphone15pro,1,76,b5c3c7cc32b7cfc1f817bb7e139ba6f2f21e312ca628dbdf26dc493c125b2732,d8712c27babc4bd63e9e8b14790a268c095bc58e4aef5e0fa9ee4fe18a7f92dc
project_train,train/attack/digital_1/scan/ukraine-NF-1057.jpg,data/processed/policy_c/train/attack/digital_1/scan/ukraine-NF-1057.jpg,ukraine-NF-1057,attack,digital_1,scan,1,51,4fa7e95cda51ba66fe114145b171f0b6ad5f0832d59c3c549ee089dd8db1d837,f9ff7d9e7dc5b836b170be67ddc779715382b1d3013d6bb690ffa3e85d74caee
project_train,train/attack/digital_2/huawei/ukraine-NF-1057.jpg,data/processed/policy_c/train/attack/digital_2/huawei/ukraine-NF-1057.jpg,ukraine-NF-1057,attack,digital_2,huawei,1,72,97a17e3a6d94ca5e8e68a37143dabcd288157ec5e43c010bbd1890c7420771f7,724813b125507a4d25d01c8c576c899d5490c33a8d4c762c84282bbac3031be8
project_train,train/attack/digital_2/iphone15pro/ukraine-NF-1057.jpg,data/processed/policy_c/train/attack/digital_2/iphone15pro/ukraine-NF-1057.jpg,ukraine-NF-1057,attack,digital_2,iphone15pro,1,76,25fbd447913299a8a3e5acb7268d913dd857d4590b1a163d3294d2f00949e00b,161a6194abcc9299426fd34cbd3073678c457284207cfceadb5f4bff39d95f86
project_train,train/attack/digital_2/scan/ukraine-NF-1057.jpg,data/processed/policy_c/train/attack/digital_2/scan/ukraine-NF-1057.jpg,ukraine-NF-1057,attack,digital_2,scan,1,51,8b5a6d9d09955da82ce706ffa7d6d348ee499191f0204601725b7d5574251ba4,c323fe4e2f460151f5bf104b3d51ddcb2c4908f8ef41a0b21a503b326362ffeb
project_train,train/bonafide/huawei/ukraine-NF-1057.jpg,data/processed/policy_c/train/bonafide/huawei/ukraine-NF-1057.jpg,ukraine-NF-1057,bonafide,,huawei,0,72,7302ec4e8d0544feb322ba770270293fd7a100c6dbe8ff4518e134dedc35ab5e,9722606c1a105935c5b315da77904aa567bea737f59735a475b86a183746156f
project_train,train/bonafide/iphone15pro/ukraine-NF-1057.jpg,data/processed/policy_c/train/bonafide/iphone15pro/ukraine-NF-1057.jpg,ukraine-NF-1057,bonafide,,iphone15pro,0,76,156809fa9b25db1c098586279954167ff62593b10aeb6038c43fd2f07faf2c4b,75d8809aa584e393e4a934a48f8e6cc5060b1076961b405a711faeec822e7877
project_train,train/bonafide/scan/ukraine-NF-1057.jpg,data/processed/policy_c/train/bonafide/scan/ukraine-NF-1057.jpg,ukraine-NF-1057,bonafide,,scan,0,51,924281bfcaeeb01268ffdf109358b884dbd1b8a574f19f95b4977938a9896c69,a79b3c7aabe280eebe6bcc192fd0e070ca3f354eb3b7c9338eb6c918422efe23
project_train,train/attack/digital_1/huawei/ukraine-NF-1077.jpg,data/processed/policy_c/train/attack/digital_1/huawei/ukraine-NF-1077.jpg,ukraine-NF-1077,attack,digital_1,huawei,1,59,1812e3e4800a679fd9a13f40248950042619555fe4c6f97da1d80e512547cb1a,7ce0a539ff9b737f930d1522c36b7f4a20e1932c47c66e798d0f6ddf0cf670b5
project_train,train/attack/digital_1/iphone15pro/ukraine-NF-1077.jpg,data/processed/policy_c/train/attack/digital_1/iphone15pro/ukraine-NF-1077.jpg,ukraine-NF-1077,attack,digital_1,iphone15pro,1,57,c1300e5c962149eff30be6654be02d73b352c3c237f170017ccb68ee5c059828,b2b73dc9ec122110042b11e3c3b4fcff8caa891ec6b0c59a109dcf488918fda0
project_train,train/attack/digital_1/scan/ukraine-NF-1077.jpg,data/processed/policy_c/train/attack/digital_1/scan/ukraine-NF-1077.jpg,ukraine-NF-1077,attack,digital_1,scan,1,89,1f02846cf7ab5edf83df1a930fd0a6d1b25fca777b79244c1d7f9c541f904720,f8accd6bac61d74df52dab9f5e19120e36e9df97301244f4252a0f47cde33a73
project_train,train/attack/digital_2/huawei/ukraine-NF-1077.jpg,data/processed/policy_c/train/attack/digital_2/huawei/ukraine-NF-1077.jpg,ukraine-NF-1077,attack,digital_2,huawei,1,59,ae95b722be6f7ce34b7bc6866e9c142156ca48f70f807a9418ebd613d5e8a13b,3df603fda773f11660904220d282609ef45396a7434850e0236dc5caf355f37e
project_train,train/attack/digital_2/iphone15pro/ukraine-NF-1077.jpg,data/processed/policy_c/train/attack/digital_2/iphone15pro/ukraine-NF-1077.jpg,ukraine-NF-1077,attack,digital_2,iphone15pro,1,57,4b381bc608fcaa7c8b117fdb5cfacec1088886d625d4fdb703e90560a5e3ef57,7dba68c635ed29ac9b20ca1d6fc432ee525e4a97d8ff03a961fc23c8ddd59b93
project_train,train/attack/digital_2/scan/ukraine-NF-1077.jpg,data/processed/policy_c/train/attack/digital_2/scan/ukraine-NF-1077.jpg,ukraine-NF-1077,attack,digital_2,scan,1,89,9cf367f84787aebed922603052d52791f50f082a6844f8c7138c6f37a6fd754c,33d6f8229a079fcc3b146c2e0a3563fe4c2bf7c045bea8f7a77559131a013ec1
project_train,train/bonafide/huawei/ukraine-NF-1077.jpg,data/processed/policy_c/train/bonafide/huawei/ukraine-NF-1077.jpg,ukraine-NF-1077,bonafide,,huawei,0,59,f164bc1846fdbca762c2d36ba1f2cc1c64b12a576af2cb57152bcd0acb7b1947,b54dab37973961999b4bbf294ac13d16a14d6c0e69f0ed89b102deca6ef96ce2
project_train,train/bonafide/iphone15pro/ukraine-NF-1077.jpg,data/processed/policy_c/train/bonafide/iphone15pro/ukraine-NF-1077.jpg,ukraine-NF-1077,bonafide,,iphone15pro,0,57,137dd6ff144bf91faa7d68c41be59b6b0826d4ad6cb874dd0b42941bde2f7dd3,2f1c53c778ce4e01c611c39e212ad15e48fd4f6d2c993c71735016bfe7a4c8fb
project_train,train/bonafide/scan/ukraine-NF-1077.jpg,data/processed/policy_c/train/bonafide/scan/ukraine-NF-1077.jpg,ukraine-NF-1077,bonafide,,scan,0,89,3bbb28868bcd6f4409435f2764b09250aed15131fdcdc1bf5210510d0266a0f2,800dd7b945da187346fac5944be79656af40d255c79d5ea99327576b8097ec86
project_train,train/attack/digital_1/huawei/ukraine-NF-1084.jpg,data/processed/policy_c/train/attack/digital_1/huawei/ukraine-NF-1084.jpg,ukraine-NF-1084,attack,digital_1,huawei,1,88,a8e187c2591fee33b83e156eb325e34258a426864847c03a088d926384f219b0,40d2f68fe43f1b55a3dfa4d252928a756fd823e93c869cdbcc9cb9be02ca9db0
project_train,train/attack/digital_1/iphone15pro/ukraine-NF-1084.jpg,data/processed/policy_c/train/attack/digital_1/iphone15pro/ukraine-NF-1084.jpg,ukraine-NF-1084,attack,digital_1,iphone15pro,1,70,0a9e6a8abaacc30a76af4ca5efc62153275a231f970cc8a456704ce67e7ae813,9f22061768fb9275eae5ed428cbf35f6745ef8b322d325d2da6468487e3abf68
project_train,train/attack/digital_1/scan/ukraine-NF-1084.jpg,data/processed/policy_c/train/attack/digital_1/scan/ukraine-NF-1084.jpg,ukraine-NF-1084,attack,digital_1,scan,1,65,ac448d25a59c5b39e045c3bf3d91602baf627014707c11f74dc0a8b2f31aea10,a91ce7e6801e8478ffc86e248ca0a927fbf128336a8015efab4e873bb3fa74b7
project_train,train/attack/digital_2/huawei/ukraine-NF-1084.jpg,data/processed/policy_c/train/attack/digital_2/huawei/ukraine-NF-1084.jpg,ukraine-NF-1084,attack,digital_2,huawei,1,88,cd77f35718645162bade043d37b30923fe73bbeb922fea0314b485fb4ab04b63,83277d0a084737ac0adab0eae387df44ab35e76b83f3adeac48abf570d0409fe
project_train,train/attack/digital_2/iphone15pro/ukraine-NF-1084.jpg,data/processed/policy_c/train/attack/digital_2/iphone15pro/ukraine-NF-1084.jpg,ukraine-NF-1084,attack,digital_2,iphone15pro,1,70,761b69cedaa31454f96675fdc6c6ddf5a9870f059cf3897bb091738827c811a0,343698ed0396e9142d418011e18ba1c19840a24c9b7baf96ad7bffd74111b30d
project_train,train/attack/digital_2/scan/ukraine-NF-1084.jpg,data/processed/policy_c/train/attack/digital_2/scan/ukraine-NF-1084.jpg,ukraine-NF-1084,attack,digital_2,scan,1,65,d3808c54324aa02fc976e34648f1e5d446d1c6694d1960961cf25023e449b66b,630285a107d60f1438a3c20922861b72d322cb907f09458110b543b253a16aa9
project_train,train/bonafide/huawei/ukraine-NF-1084.jpg,data/processed/policy_c/train/bonafide/huawei/ukraine-NF-1084.jpg,ukraine-NF-1084,bonafide,,huawei,0,88,808b46ca8419144a9f041c9358170296f7915109cddbbd7a151eab47f14ba8d2,116a59994b9187d9b7d0a38c90b85f70e690f49fb5954aceb0a9ad3e9d26355f
project_train,train/bonafide/iphone15pro/ukraine-NF-1084.jpg,data/processed/policy_c/train/bonafide/iphone15pro/ukraine-NF-1084.jpg,ukraine-NF-1084,bonafide,,iphone15pro,0,70,e5eedc620d7f14182bf3d134cc5ac95de8b42af1b69bae470b23e88ead762889,e61b2fb8689a151e3fa121163ce58a26bb156317623a5ed6765ffa31f50812e4
project_train,train/bonafide/scan/ukraine-NF-1084.jpg,data/processed/policy_c/train/bonafide/scan/ukraine-NF-1084.jpg,ukraine-NF-1084,bonafide,,scan,0,65,c296d6c00421a502679d359f230cd8175082fb74b07bc55df7c5a6b88298d6e9,89f97286ea3448daa836b0e079c1eeb4054e3d3038b1763d01c1234dd5cd90d8
project_train,train/attack/digital_1/huawei/ukraine-NF-1087.jpg,data/processed/policy_c/train/attack/digital_1/huawei/ukraine-NF-1087.jpg,ukraine-NF-1087,attack,digital_1,huawei,1,72,f54640761658465f8e6f207e38afdf58f3e5e3c91b480479734cb15fe9367b50,a438fb828fcff0ddb02f33c39f99cb875b6b95495a56843ab317c4357de7b574
project_train,train/attack/digital_1/iphone15pro/ukraine-NF-1087.jpg,data/processed/policy_c/train/attack/digital_1/iphone15pro/ukraine-NF-1087.jpg,ukraine-NF-1087,attack,digital_1,iphone15pro,1,83,5de4ef4b0a68f090fd5cbe35e1b60a12ea468b5f421527fb2ebe6daaa5ec8d46,19fc98ccdf0cffaacf7c6815d7b3f9a6fc97272d43f5111cfbf574e5af308f67
project_train,train/attack/digital_1/scan/ukraine-NF-1087.jpg,data/processed/policy_c/train/attack/digital_1/scan/ukraine-NF-1087.jpg,ukraine-NF-1087,attack,digital_1,scan,1,52,a977a23e6777fcbc7018f901dd9bdc69e84a0b6db3e178e2454ba273b1dc83af,06fbf856540884a3e2b60d0ac0d44cf1dc6142f246b412e73f5d419762908798
project_train,train/attack/digital_2/huawei/ukraine-NF-1087.jpg,data/processed/policy_c/train/attack/digital_2/huawei/ukraine-NF-1087.jpg,ukraine-NF-1087,attack,digital_2,huawei,1,72,f0ffaece232d95834d20209f0b4c60c18992b216e36cc024556d3ed1eaeebf2d,8622f7ef89e3612430ad91c2176088100d5e117c442b3b89ab746b8bfbc72c0e
project_train,train/attack/digital_2/iphone15pro/ukraine-NF-1087.jpg,data/processed/policy_c/train/attack/digital_2/iphone15pro/ukraine-NF-1087.jpg,ukraine-NF-1087,attack,digital_2,iphone15pro,1,83,ed598721976f4144286e2e3bb05994d6e1c01fa084a3e55b36b8c35f3d63314e,4d8dfa1fb5685dfa59935d6db6041c3c036d0af643b23248adc6f2332a0f2a3f
project_train,train/attack/digital_2/scan/ukraine-NF-1087.jpg,data/processed/policy_c/train/attack/digital_2/scan/ukraine-NF-1087.jpg,ukraine-NF-1087,attack,digital_2,scan,1,52,3fb51d90152ae2eca8e686045e98eeb925954b07469b60519353d5b720b09781,17f74e18067fd7acb690489d31d3db1a31138a74df7476aac25a683da8a72d10
project_train,train/bonafide/huawei/ukraine-NF-1087.jpg,data/processed/policy_c/train/bonafide/huawei/ukraine-NF-1087.jpg,ukraine-NF-1087,bonafide,,huawei,0,72,5f21ea787be4ab5f60c0ad47e3aa0f88eab36ef43c4e0f91f0067c98bf624b14,2590ad3fef681faed6d79cf7d73c403cff0482df89e614f2df145c3b8be72120
project_train,train/bonafide/iphone15pro/ukraine-NF-1087.jpg,data/processed/policy_c/train/bonafide/iphone15pro/ukraine-NF-1087.jpg,ukraine-NF-1087,bonafide,,iphone15pro,0,83,74a10df13b5ca468a01f16c938df215e7b178d5eeebff3a37f1a2567d4dcf1be,70bd2d442fa13cb95ceef440dfc01acde7a1573d52227ae4221cb8a378277403
project_train,train/bonafide/scan/ukraine-NF-1087.jpg,data/processed/policy_c/train/bonafide/scan/ukraine-NF-1087.jpg,ukraine-NF-1087,bonafide,,scan,0,52,79f6d3470a5db0ab62e95f90a566fcb07cda01cdd7b06f13b66d89a95d4b157a,06fbc11ed70c4e9df4fa4b4e02e837c19261cdb23cab8143f4c38049f4fe3fbf
project_train,train/attack/digital_1/huawei/ukraine-NM-1007.jpg,data/processed/policy_c/train/attack/digital_1/huawei/ukraine-NM-1007.jpg,ukraine-NM-1007,attack,digital_1,huawei,1,90,176dc1156bcb0fb8be5f6c8048e71c630e47e05cf6e37161e1051a337d1afc1a,0453b75e2f24c47173066a1fc7c6342969ce4913c29639c0f573d9a8f7f3761b
project_train,train/attack/digital_1/iphone15pro/ukraine-NM-1007.jpg,data/processed/policy_c/train/attack/digital_1/iphone15pro/ukraine-NM-1007.jpg,ukraine-NM-1007,attack,digital_1,iphone15pro,1,78,1278b9ac9cace94e30aed0163b8d4bd3192159a025a7f0340b2a16dcda710638,116672e3d6fab06118f8183c67aa8fe41eb19ed81d26bea36d6ac652658159e3
project_train,train/attack/digital_1/scan/ukraine-NM-1007.jpg,data/processed/policy_c/train/attack/digital_1/scan/ukraine-NM-1007.jpg,ukraine-NM-1007,attack,digital_1,scan,1,84,ae54d5dd2e346526bc8b3cc6ce305d821ff06e1e8a0826568bc247c0ce820949,fdc789513e774c0c3646145bc8c86833d60724279a5cfbbc4f9f6df61cf0587f
project_train,train/attack/digital_2/huawei/ukraine-NM-1007.jpg,data/processed/policy_c/train/attack/digital_2/huawei/ukraine-NM-1007.jpg,ukraine-NM-1007,attack,digital_2,huawei,1,90,74249fc4c89f60692b22d0f61efcf74e6f8af43ffdae997bb281cd1633f4d7ba,533b09b7ee09d4122a8ca0e1fd6d7b85a431a4f79067a410172201ba9f9a1fe2
project_train,train/attack/digital_2/iphone15pro/ukraine-NM-1007.jpg,data/processed/policy_c/train/attack/digital_2/iphone15pro/ukraine-NM-1007.jpg,ukraine-NM-1007,attack,digital_2,iphone15pro,1,78,21f9d9284f4b4dad25022e282d055c512aae4706d1d116d58646939258a917f8,09a66b34034d038b821862a4abc0790ab4cdf45811ba2269cab082e33f68db6f
project_train,train/attack/digital_2/scan/ukraine-NM-1007.jpg,data/processed/policy_c/train/attack/digital_2/scan/ukraine-NM-1007.jpg,ukraine-NM-1007,attack,digital_2,scan,1,84,4c2c775bf029c18120f9689c24d0ce296db927eeaf08aedd6f21a6b668864fbe,5ecc7a70cc691079eb24841451d206625cf63167f7aa01f39bc40ac3245638ae
project_train,train/bonafide/huawei/ukraine-NM-1007.jpg,data/processed/policy_c/train/bonafide/huawei/ukraine-NM-1007.jpg,ukraine-NM-1007,bonafide,,huawei,0,90,b54fc80964223d1d5ad68c92bd92eed192b1f1efa551bc6cef555d59d1a47fdc,63fed46bffe38d4799a6246ff80e67101dcbd2190c978df173e7ba736e6f14a2
project_train,train/bonafide/iphone15pro/ukraine-NM-1007.jpg,data/processed/policy_c/train/bonafide/iphone15pro/ukraine-NM-1007.jpg,ukraine-NM-1007,bonafide,,iphone15pro,0,78,b8b60b200310861585ef3cc0a833b2a118c2d580ac537e15a500a47a583dfed3,9643aa04c65a6beed3e91391a9596e2a417e14cf70c8dac46094baa7a9b00868
project_train,train/bonafide/scan/ukraine-NM-1007.jpg,data/processed/policy_c/train/bonafide/scan/ukraine-NM-1007.jpg,ukraine-NM-1007,bonafide,,scan,0,84,43f2eecdb7bba7bc448c6d84ee9f4fc16c4213ba47d97902498652fdf3a14ee8,6d546a7cce72d8b565e4887b048602eae44f5151a8d2200f64363ef6f15ba052
project_train,train/attack/digital_1/huawei/usa-009_03.jpg,data/processed/policy_c/train/attack/digital_1/huawei/usa-009_03.jpg,usa-009_03,attack,digital_1,huawei,1,79,f3957f3b6d178e3cea818417f9f229fc92ab7a501ad7decb36bc75027e88123a,a223224eac47c74eb17ec07196ae95a12bcec7cf733de4633165f2e4c5fda078
project_train,train/attack/digital_1/iphone15pro/usa-009_03.jpg,data/processed/policy_c/train/attack/digital_1/iphone15pro/usa-009_03.jpg,usa-009_03,attack,digital_1,iphone15pro,1,50,1969ade087316714b2e6df66c6b3ebbe23048c0835ff60ed766049f12e8ffc0a,99f4c1f970e8d1b23dfcf2234ac55deadd3f533d259252c5d9daeba193b7240d
project_train,train/attack/digital_1/scan/usa-009_03.jpg,data/processed/policy_c/train/attack/digital_1/scan/usa-009_03.jpg,usa-009_03,attack,digital_1,scan,1,74,f907b95e779ac660156195f17654d248a155ce725271e222190a6a2eafe155cf,999e2c39549cdabe113d0c89cb2c3c3a656240f751a9cdaec666b2fa15d8ddd1
project_train,train/attack/digital_2/huawei/usa-009_03.jpg,data/processed/policy_c/train/attack/digital_2/huawei/usa-009_03.jpg,usa-009_03,attack,digital_2,huawei,1,79,8b35c2b5478d7c6ed3c4ae83e6837fb8497fb885dedb415a5c394dbdcce73531,cfbb226cae9a0ab36cac90ca4fe7c19747f97e040df6f6dd2dd6c8d843c6d3a7
project_train,train/attack/digital_2/iphone15pro/usa-009_03.jpg,data/processed/policy_c/train/attack/digital_2/iphone15pro/usa-009_03.jpg,usa-009_03,attack,digital_2,iphone15pro,1,50,d2833eb5555d03707d24d05922a07f877032f063f48147b4d0495b5f628e2805,43919446efecaf6099fb61d1aabb5cd423a9e735ee29f4ec53758f211ca06f4a
project_train,train/attack/digital_2/scan/usa-009_03.jpg,data/processed/policy_c/train/attack/digital_2/scan/usa-009_03.jpg,usa-009_03,attack,digital_2,scan,1,74,fe607796e309ee512c0fb28ad9dd034d5a3b1daf8eb567ec2d8ba94783f03e41,a5f92964c98be05e695d4f3037772a7ebfd701f51e320e9162d944f7fb843e53
project_train,train/bonafide/huawei/usa-009_03.jpg,data/processed/policy_c/train/bonafide/huawei/usa-009_03.jpg,usa-009_03,bonafide,,huawei,0,79,92934331ce889c7943ac76797e8d54d1b0bbc429d905008ae3f3afa84d526be5,2bc63f05a64d74f1bd0b8d45c7cd460bcd094018e79578e8e8a1e72e95d08a09
project_train,train/bonafide/iphone15pro/usa-009_03.jpg,data/processed/policy_c/train/bonafide/iphone15pro/usa-009_03.jpg,usa-009_03,bonafide,,iphone15pro,0,50,7ae3fc09b629639851c2e26d6c73739a6371bfcf630981d46c7bfea92e417b0f,26e4e2029a7a516bb7d10a7987c8a3e2de2dd6be96ad6932b2b456273d84aae6
project_train,train/bonafide/scan/usa-009_03.jpg,data/processed/policy_c/train/bonafide/scan/usa-009_03.jpg,usa-009_03,bonafide,,scan,0,74,1366b3239af9ef80234bfd17317c8fa2da7e995bde8087b30682bf3276b66885,8fdf699d19b6229dada89067f83a0639a44334632330e226606760a2f9e208ac
project_train,train/attack/digital_1/huawei/usa-011_03.jpg,data/processed/policy_c/train/attack/digital_1/huawei/usa-011_03.jpg,usa-011_03,attack,digital_1,huawei,1,78,5b2aa1c38e94626144b6ef52ef71fe3fefe7357c32a5410250433580b22f7649,5fe9a2c6a18a267c1f9efca025710d679427a1c046737827b8ea0112960b1535
project_train,train/attack/digital_1/iphone15pro/usa-011_03.jpg,data/processed/policy_c/train/attack/digital_1/iphone15pro/usa-011_03.jpg,usa-011_03,attack,digital_1,iphone15pro,1,50,2bc9748da06a6508a05dade57f5d92a904fbdaf8a3dba1cd6dc246bc54026a9f,ad21ec9c0c9602b894aa5d954fa1aede546fc215341c75703cd09b711f4aae62
project_train,train/attack/digital_1/scan/usa-011_03.jpg,data/processed/policy_c/train/attack/digital_1/scan/usa-011_03.jpg,usa-011_03,attack,digital_1,scan,1,69,383767770e641b956f35ee816f685f0c07012cf71c8fa324853ec6031532dd92,58a7c6e87254f929286de512c47750011b989577f570106d6be6bb5cea27f45f
project_train,train/attack/digital_2/huawei/usa-011_03.jpg,data/processed/policy_c/train/attack/digital_2/huawei/usa-011_03.jpg,usa-011_03,attack,digital_2,huawei,1,78,0902f04a37c0a435f0c3a7a6733c30b7c68d7f699783abb8de96d651b2c72ba1,85a67e511c2b3ae09f2a50e09a8695edaa045e6d7d9f988fb9b71a03dbe0b569
project_train,train/attack/digital_2/iphone15pro/usa-011_03.jpg,data/processed/policy_c/train/attack/digital_2/iphone15pro/usa-011_03.jpg,usa-011_03,attack,digital_2,iphone15pro,1,50,643e33499e179959c8735de76825178e80798c69948ea21d1e9c272b08c7f26a,63af3a8bc4708c8f450a0eff29278a3bcffa95535450bdd3840169cdfb0d6d8f
project_train,train/attack/digital_2/scan/usa-011_03.jpg,data/processed/policy_c/train/attack/digital_2/scan/usa-011_03.jpg,usa-011_03,attack,digital_2,scan,1,69,28b933ad1736373f30e3bd39d313223ba3e816808945b5ea5229e642539a8d8b,b69c9483a5700001b94c9dba29bd89875f4b59c16ba4e1b83533321a15af5c61
project_train,train/bonafide/huawei/usa-011_03.jpg,data/processed/policy_c/train/bonafide/huawei/usa-011_03.jpg,usa-011_03,bonafide,,huawei,0,78,f6fde666fd8c3782d70516e51c0b46ade932985b071cb555cecb5137f4434acd,9ff2a53ec4fab05ef54016b132d752c9f59bfaab87e5b849ce9373faaa6cd83e
project_train,train/bonafide/iphone15pro/usa-011_03.jpg,data/processed/policy_c/train/bonafide/iphone15pro/usa-011_03.jpg,usa-011_03,bonafide,,iphone15pro,0,50,b1dffcf0dafd6c6f4d065f76bf808dd474f47393aedf47c47f21ddba032dd5d9,adbadf3e2e9be7d2bade375dec6d00946c5b7dfba7ed9f63ecbb689dea2f45b2
project_train,train/bonafide/scan/usa-011_03.jpg,data/processed/policy_c/train/bonafide/scan/usa-011_03.jpg,usa-011_03,bonafide,,scan,0,69,996bc0f2bee710353c3fa6ef993fbca837e1e623475960668758dd7888ae6abc,7e5dd0d7389d80f8e9918b369cb094daf7307270ebe499cb77b6f816b1b7890a
project_train,train/attack/digital_1/huawei/usa-016_03.jpg,data/processed/policy_c/train/attack/digital_1/huawei/usa-016_03.jpg,usa-016_03,attack,digital_1,huawei,1,62,fa83e3cb54144909ed863e3786a01738db49d1d671c39f0a9abb3afcc67a8de8,11507d00b8eda1d13cb3af6b021ee37225330ecb81ae9c473ab0b035478920ad
project_train,train/attack/digital_1/iphone15pro/usa-016_03.jpg,data/processed/policy_c/train/attack/digital_1/iphone15pro/usa-016_03.jpg,usa-016_03,attack,digital_1,iphone15pro,1,85,acc970c6d18f34bd32824abe94b48711a5eb6c31086c230e767cfbeaa49ee2a8,560bd71e3241f7b006a422a86533b01b154533e8ce515523624dc3d79952d060
project_train,train/attack/digital_1/scan/usa-016_03.jpg,data/processed/policy_c/train/attack/digital_1/scan/usa-016_03.jpg,usa-016_03,attack,digital_1,scan,1,84,3788c6e84be3ba4d85cf608f954669e6b7a1c0432cfe6f9e584776171b88e9a9,4f5ea4eca8b42a662b36ae9a91966367170560d62e8082faa17c2d553eebf451
project_train,train/attack/digital_2/huawei/usa-016_03.jpg,data/processed/policy_c/train/attack/digital_2/huawei/usa-016_03.jpg,usa-016_03,attack,digital_2,huawei,1,62,f23b2223deb7c39a9acfe953076a2cf50da2a780780eccf3c8a25f8f1d4ba5ec,b04a7461f565c180f9bab3ab5b59c081510a59ad01567bcdf60d57f42b6a8c33
project_train,train/attack/digital_2/iphone15pro/usa-016_03.jpg,data/processed/policy_c/train/attack/digital_2/iphone15pro/usa-016_03.jpg,usa-016_03,attack,digital_2,iphone15pro,1,85,01adafaccbb875b29a412a31fc44f2d4de0d5c8225b7ec941b8b2910034325d0,d9d3ae97366d0d046616ec2de3306dd8690f830e5f62c7d608c18dbd22f77cd6
project_train,train/attack/digital_2/scan/usa-016_03.jpg,data/processed/policy_c/train/attack/digital_2/scan/usa-016_03.jpg,usa-016_03,attack,digital_2,scan,1,84,29bc76f8246d8a3298d0bd0faecde4b1025403d62b4df973b36034b6e8036421,94be2e196649a26592b82c2cf325fb3531855f722c44e34c136f6d74e100b343
project_train,train/bonafide/huawei/usa-016_03.jpg,data/processed/policy_c/train/bonafide/huawei/usa-016_03.jpg,usa-016_03,bonafide,,huawei,0,62,7f61d22b94ebdc2e2ea2c12085a98926881333b3eadee84a29e33a814de1665f,d549e15948d438042612f009bf40ddacdea0f79d732f3efe66dad9d33aaa99a2
project_train,train/bonafide/iphone15pro/usa-016_03.jpg,data/processed/policy_c/train/bonafide/iphone15pro/usa-016_03.jpg,usa-016_03,bonafide,,iphone15pro,0,85,76856b11f6286f0fc0a86c5f5d7479979ee5fc2b462badbdd7906fdabf79296c,31bc1448350839781d504318ee2aa6f27469b1c8b364cc8d98974223ac655003
project_train,train/bonafide/scan/usa-016_03.jpg,data/processed/policy_c/train/bonafide/scan/usa-016_03.jpg,usa-016_03,bonafide,,scan,0,84,8fb1ca8adb9cf1a1a47fffd593cfba85043a6416282f0a9e9c237eb5cdf75fc4,d195ac3ca90108cdb0cb8da8e6569d49d8ed1fa4ab2f60de739a4fb53070f619
project_train,train/attack/digital_1/huawei/usa-043_03.jpg,data/processed/policy_c/train/attack/digital_1/huawei/usa-043_03.jpg,usa-043_03,attack,digital_1,huawei,1,52,16d569d6bd6deda92dac9c165f8f2d0e9514c8aff8fa783882ebae32dfea1c1b,c7fb6649fe894f941a21773e91669efcf8258930be11fa22728a722481e3f0d3
project_train,train/attack/digital_1/iphone15pro/usa-043_03.jpg,data/processed/policy_c/train/attack/digital_1/iphone15pro/usa-043_03.jpg,usa-043_03,attack,digital_1,iphone15pro,1,84,0963f6051279aa3647f89ff5521814132befb5245947ea46f048a0cf9851318a,9113e3163e0abc0fba5548da11dd5f9cbbfe6442bb17fa17af44d03a3f5f27e8
project_train,train/attack/digital_1/scan/usa-043_03.jpg,data/processed/policy_c/train/attack/digital_1/scan/usa-043_03.jpg,usa-043_03,attack,digital_1,scan,1,81,14836d2afe166b43e925c4d71ed69b937174aba9c74b88486f164d65b508bddd,174e6bdfe0a98bbfd2ba385a16d8ccfaae622dbbb0e506589ea2a8e222117657
project_train,train/attack/digital_2/huawei/usa-043_03.jpg,data/processed/policy_c/train/attack/digital_2/huawei/usa-043_03.jpg,usa-043_03,attack,digital_2,huawei,1,52,e1a804fb087f6d1528beb42ea70b9911c6e7dbd19dd9a7a747a76684a8e39a14,57f98a012c459538f1617dafab7b801f78f519762abee49edf66a7fa402e1ed5
project_train,train/attack/digital_2/iphone15pro/usa-043_03.jpg,data/processed/policy_c/train/attack/digital_2/iphone15pro/usa-043_03.jpg,usa-043_03,attack,digital_2,iphone15pro,1,84,ce43161bfd84da0d1605333d959213088231bc6b7ae965dfd9bcdfe053656c61,aab5e660a3b45a718225e4ed0415f9efb4a820fa3f8adf3aea868c7b61a39549
project_train,train/attack/digital_2/scan/usa-043_03.jpg,data/processed/policy_c/train/attack/digital_2/scan/usa-043_03.jpg,usa-043_03,attack,digital_2,scan,1,81,6f110d4a101d954ed4069861cca5f5184e143f06a51322f46245aedf9cb57986,dd6b42d9b0fa643f4ce70c1475a5b0dbacedd9a8723d6d02fbbe648bc4233c8c
project_train,train/bonafide/huawei/usa-043_03.jpg,data/processed/policy_c/train/bonafide/huawei/usa-043_03.jpg,usa-043_03,bonafide,,huawei,0,52,7ecc088cbe494dfe103d192aa01541e01ff3a068ec16a6db618783d5d2071cd5,62d93c6353be82c49f762377ac71233f168396855e564d2e219880ef012169c3
project_train,train/bonafide/iphone15pro/usa-043_03.jpg,data/processed/policy_c/train/bonafide/iphone15pro/usa-043_03.jpg,usa-043_03,bonafide,,iphone15pro,0,84,464be9d9b5e02a925bdf4604f32e0d98f05953fc261cacd3d5a6fb56631d78e8,3dc33aa9ed45b7cb688b3277216eb872be5db9d7bca5020329ac74321a9ad56e
project_train,train/bonafide/scan/usa-043_03.jpg,data/processed/policy_c/train/bonafide/scan/usa-043_03.jpg,usa-043_03,bonafide,,scan,0,81,5e8b609e7b337853fcd4c78c76a151781306e2393fdca53e1f21c1c6cf2719b5,7cda12b2cba7ecb12fd2965657fd3dcb46c7448649feaefd53b0595db49dbf98
project_train,train/attack/digital_1/huawei/usa-063_03.jpg,data/processed/policy_c/train/attack/digital_1/huawei/usa-063_03.jpg,usa-063_03,attack,digital_1,huawei,1,86,909c6c5227e24eb5e59393ed731d71616ffe696f8e1b2ac594c2af00adc5dc85,09027f72ba3a07dbff1b4ab4db45dbf65c103d588285ef6e02cc6e4d46e72091
project_train,train/attack/digital_1/iphone15pro/usa-063_03.jpg,data/processed/policy_c/train/attack/digital_1/iphone15pro/usa-063_03.jpg,usa-063_03,attack,digital_1,iphone15pro,1,83,576efd02188944713f449536ffc87e8a11cc9062a7ccb635214465a668d6d114,3109e22f7242f46fbf0458546183cfc3e329841a4f59227f096cbe3c8407a264
project_train,train/attack/digital_1/scan/usa-063_03.jpg,data/processed/policy_c/train/attack/digital_1/scan/usa-063_03.jpg,usa-063_03,attack,digital_1,scan,1,69,15a62793a668b2c61fc20aa3caa2a9e5ad08f997f0f95201be416513f97e98ca,b6a0a40b49e5ba5d3fa914c4c65e68162c9e940b76675ec47d94a1747b952d39
project_train,train/attack/digital_2/huawei/usa-063_03.jpg,data/processed/policy_c/train/attack/digital_2/huawei/usa-063_03.jpg,usa-063_03,attack,digital_2,huawei,1,86,d3559e32aec0c13ea69a5dfabece33ecc0a4a3493475988f1df5bf2bf398e50a,b3c8e38cd89267403f8df6a069678609152d3cd00218128789de422d7e758dbc
project_train,train/attack/digital_2/iphone15pro/usa-063_03.jpg,data/processed/policy_c/train/attack/digital_2/iphone15pro/usa-063_03.jpg,usa-063_03,attack,digital_2,iphone15pro,1,83,48c597e92afc6561f06e960a60ecde53f96aba64d348b8f5dd5ee58fdba21125,6f3bf669a68d906bc52e2b9c239c0c92879dcda048aeb330db4626fb757aadb8
project_train,train/attack/digital_2/scan/usa-063_03.jpg,data/processed/policy_c/train/attack/digital_2/scan/usa-063_03.jpg,usa-063_03,attack,digital_2,scan,1,69,8e417e4d20317fca3149dc8c6137f67379c697fd0c2bd839b3a924c5ff6b683d,0092a78c44a8c88bf4c0087c6ddd509c0f5c8375a0d3f1af7544182ceb3a4e57
project_train,train/bonafide/huawei/usa-063_03.jpg,data/processed/policy_c/train/bonafide/huawei/usa-063_03.jpg,usa-063_03,bonafide,,huawei,0,86,9880193521de78bac9cda7bb5c6fea503639113e6f52085c8c031552ac521127,ac9402c2f58f52b3e061ddbddac9cec908635137a31eac0da0daa062e9ed27a1
project_train,train/bonafide/iphone15pro/usa-063_03.jpg,data/processed/policy_c/train/bonafide/iphone15pro/usa-063_03.jpg,usa-063_03,bonafide,,iphone15pro,0,83,fed18e97179be2c6d3ecd4653219031e562a21307eca69a3d85b7ca4615e9dcf,b93842d22807a8bdaf2089c48d94c8ee3c262e174facc5f2beba60a694fcbd9c
project_train,train/bonafide/scan/usa-063_03.jpg,data/processed/policy_c/train/bonafide/scan/usa-063_03.jpg,usa-063_03,bonafide,,scan,0,69,a1fc72d9a8296c2c3f928e172852e7fdec8aa5fb435f016c05c9570aca0d5005,083d33f2b74911c2fd3ad4cd8682c63071093f8a39eb41fd442b05a7dffd320e
project_train,train/attack/digital_1/huawei/usa-117_03.jpg,data/processed/policy_c/train/attack/digital_1/huawei/usa-117_03.jpg,usa-117_03,attack,digital_1,huawei,1,76,31f41dd866f29cfe1f2ddcb06dfd337bd29a403e59dccc9b1b217e6cff32f715,518ca7cef19957cf0857c726315dbc21043dd2f3cb2c1f1bf10fd464637a7ab4
project_train,train/attack/digital_1/iphone15pro/usa-117_03.jpg,data/processed/policy_c/train/attack/digital_1/iphone15pro/usa-117_03.jpg,usa-117_03,attack,digital_1,iphone15pro,1,60,b002ae3f06cab1e8c964c42d04a17d4422c39e9e82b87c5088f03d41bf1be3ec,1bb6095c590e6e2fdd6f4d7f480c147c908fcee5710f64ac1f8b4529203ee26a
project_train,train/attack/digital_1/scan/usa-117_03.jpg,data/processed/policy_c/train/attack/digital_1/scan/usa-117_03.jpg,usa-117_03,attack,digital_1,scan,1,55,6667dbe1ddb409e66d204bbcd89de577581f638045e4646b62aa93f719f29a23,bbd0157fb4daa23f53dacaad79b27680971cef45883898571ebfdce731667362
project_train,train/attack/digital_2/huawei/usa-117_03.jpg,data/processed/policy_c/train/attack/digital_2/huawei/usa-117_03.jpg,usa-117_03,attack,digital_2,huawei,1,76,e6ab654d7e7adf4e35bb29dc35988f05dcfe97f3ef366b9b7a9af292b2eaa20c,dfc3bdd5dfc62bd3881d55acf9a72667bef106471862442aa53b2e8afffba77a
project_train,train/attack/digital_2/iphone15pro/usa-117_03.jpg,data/processed/policy_c/train/attack/digital_2/iphone15pro/usa-117_03.jpg,usa-117_03,attack,digital_2,iphone15pro,1,60,cf133c70d20a3ebb2c984e5e381341f5eb447db083ecabb3ca2b13b27def0e3a,ffc6b9ba9443a49b437db21594e1311293cbf2820a31a07348739c379fa499d1
project_train,train/attack/digital_2/scan/usa-117_03.jpg,data/processed/policy_c/train/attack/digital_2/scan/usa-117_03.jpg,usa-117_03,attack,digital_2,scan,1,55,25435fcc295f72d35b616e23eab10eb0935ec198015765de1a4e035f95627487,accf1aebadf8b33e42e9d6e0d2b1a6e9f0682c2558d125abc1a4196254b4685c
project_train,train/bonafide/huawei/usa-117_03.jpg,data/processed/policy_c/train/bonafide/huawei/usa-117_03.jpg,usa-117_03,bonafide,,huawei,0,76,f3efac38e2c9ebbd91e1ad6541aedcc2e8da0c7505a109fc2a547c2afbd28d6d,ee5307ab4ec96059573e65e2959cc0e418e54979289bf68a40e84c839cda9fac
project_train,train/bonafide/iphone15pro/usa-117_03.jpg,data/processed/policy_c/train/bonafide/iphone15pro/usa-117_03.jpg,usa-117_03,bonafide,,iphone15pro,0,60,95d1945c0f914f23a439c997e4ef9e4b5df1167bdc80a77b19bc17caac6cc8fe,f7f0dcea99f02cb2c21ccbc8cfcd7239cdbd8503ecf828cbb855a56bcbce0a6e
project_train,train/bonafide/scan/usa-117_03.jpg,data/processed/policy_c/train/bonafide/scan/usa-117_03.jpg,usa-117_03,bonafide,,scan,0,55,8dd0c258bbd7b026b53171207b75b8729ff58965604bbddf4a7dce5c28f68d45,be21a576234a1782d62f27c4b2b66a896ceb72afd13b23989885690f634cb740
project_train,train/attack/digital_1/huawei/usa-134_03.jpg,data/processed/policy_c/train/attack/digital_1/huawei/usa-134_03.jpg,usa-134_03,attack,digital_1,huawei,1,82,4d70f0a4b17b07400850fb56e996e66bc4e01de0c7868accebc8487060ba58ae,098334ccb16b31f0e4b62160a01fa43a3489eea6dcf3fb4651d8a45c3f11ffe4
project_train,train/attack/digital_1/iphone15pro/usa-134_03.jpg,data/processed/policy_c/train/attack/digital_1/iphone15pro/usa-134_03.jpg,usa-134_03,attack,digital_1,iphone15pro,1,81,65faab3ffef961b33bfb8715d0048eac07d19f72560d957b5969026ef02696fb,3708d562a2147b14e0de9086b984bfae2a75942fb88d844aafbf580dd4c00121
project_train,train/attack/digital_1/scan/usa-134_03.jpg,data/processed/policy_c/train/attack/digital_1/scan/usa-134_03.jpg,usa-134_03,attack,digital_1,scan,1,55,5c8d24a4e4e40d574d60caf695bcaf1c684ce094cd58a2ae963690bef1fe28ba,dd2e56d050cd1888cdf102c39a5bbc815ad92bf99db038a67ba576bb15aeebac
project_train,train/attack/digital_2/huawei/usa-134_03.jpg,data/processed/policy_c/train/attack/digital_2/huawei/usa-134_03.jpg,usa-134_03,attack,digital_2,huawei,1,82,a70450ed3dbcbd9516f66527dee6e018d9ba4b318e3e15f788ac3c4b9722a68e,a5e49626a286b1c58018279bed0ca3be692f74e48b729570460066e43a69b50a
project_train,train/attack/digital_2/iphone15pro/usa-134_03.jpg,data/processed/policy_c/train/attack/digital_2/iphone15pro/usa-134_03.jpg,usa-134_03,attack,digital_2,iphone15pro,1,81,369043bde83db33fef851d0780900a8f45c7d3135ff23776d65379340e40bab0,c2f64a2feffa9e0b5e0608af1e37d317351af797d75517d20f23ee88fe68825b
project_train,train/attack/digital_2/scan/usa-134_03.jpg,data/processed/policy_c/train/attack/digital_2/scan/usa-134_03.jpg,usa-134_03,attack,digital_2,scan,1,55,d1d52a4ef5e329c154a86a41d66e5ba9efadd5bd77c31620766feb1fc57c98f6,c555ff437993a4cb9edcc0835f16aa235c0813f7516e966e999a14c314460a6e
project_train,train/bonafide/huawei/usa-134_03.jpg,data/processed/policy_c/train/bonafide/huawei/usa-134_03.jpg,usa-134_03,bonafide,,huawei,0,82,755a7943759a59a4004459c8a87fa0c9563f5b03c6c1062cdfe1a5de862eee56,ff7ba97c4d1419197582b1a910351d3e109bcd1404d633889bfa5b6afa3c1866
project_train,train/bonafide/iphone15pro/usa-134_03.jpg,data/processed/policy_c/train/bonafide/iphone15pro/usa-134_03.jpg,usa-134_03,bonafide,,iphone15pro,0,81,16a1d0bcc71e5cc937c4fcca4953ca833327d0654bbd6caf976f4bb59a16db95,2dc4fc08a6cbb0c318d0c00e9e8f3b539ef717d499399f0216bf2dbf68c91221
project_train,train/bonafide/scan/usa-134_03.jpg,data/processed/policy_c/train/bonafide/scan/usa-134_03.jpg,usa-134_03,bonafide,,scan,0,55,e5b0b6bb680a0ebfd0ba0a9321f3dfc353af77a9a1518ec60c7098edc5c811d6,c1fc5d7563829a8b1c9271587c26794aad1153a62bc38635c79a33dc895ac6b2
project_train,train/attack/digital_1/huawei/usa-136_03.jpg,data/processed/policy_c/train/attack/digital_1/huawei/usa-136_03.jpg,usa-136_03,attack,digital_1,huawei,1,72,8954a02041c75f45f259a1f6089212d2367f36dcc6ac32e0fa4476ae19b142dd,b6279b2a4565cdea145eac053ce1456fcd920becc70a13c1332a82799f4ef740
project_train,train/attack/digital_1/iphone15pro/usa-136_03.jpg,data/processed/policy_c/train/attack/digital_1/iphone15pro/usa-136_03.jpg,usa-136_03,attack,digital_1,iphone15pro,1,81,61891125f87066c11acf13468ea3d13d2059b3d199fd643f2ca2ae558d8b9652,68c3a2c05b6312417a0f0bd2ffb26fbbfcf14651b10d52a211edbbc11f8715b5
project_train,train/attack/digital_1/scan/usa-136_03.jpg,data/processed/policy_c/train/attack/digital_1/scan/usa-136_03.jpg,usa-136_03,attack,digital_1,scan,1,71,74e576bb68babf7b1d352d382a98b314e4f2cb119a3de523fdeab0be89250b01,5e032582d3e2518351c29baafb964da3e76baa57b5cceb420cc26d4b6345b6bd
project_train,train/attack/digital_2/huawei/usa-136_03.jpg,data/processed/policy_c/train/attack/digital_2/huawei/usa-136_03.jpg,usa-136_03,attack,digital_2,huawei,1,72,b4069361c9614c37e6cb7f220d00dad9ce9a4cd92e7e49001b20b32d679100b7,8bd5e2973edeba348d223b728f0dc81d98f0ab645bac7d25ca4d385f35c838ee
project_train,train/attack/digital_2/iphone15pro/usa-136_03.jpg,data/processed/policy_c/train/attack/digital_2/iphone15pro/usa-136_03.jpg,usa-136_03,attack,digital_2,iphone15pro,1,81,dc9b73d42b517e9002b8218f7343070732c5b6d77074aa6f1543404aea6b8491,f78566aa3b9d78304ab9a443d1f0fed8aeb315658db1dc19d4c1a50abd257147
project_train,train/attack/digital_2/scan/usa-136_03.jpg,data/processed/policy_c/train/attack/digital_2/scan/usa-136_03.jpg,usa-136_03,attack,digital_2,scan,1,71,c994c6d6fbb0e38bc8e65032e215e0db6a4f76851ff8a3701760aeaa9a2eea46,7ea93ab4f192105f244c95beab2f9d428abc83846e12cc5f27332ce6a4168fc2
project_train,train/bonafide/huawei/usa-136_03.jpg,data/processed/policy_c/train/bonafide/huawei/usa-136_03.jpg,usa-136_03,bonafide,,huawei,0,72,dc9f33495f1eceeb77f3fbada64d495fb07a33dbb0be71c60c38706398818abc,d25aa4207b9ddf1b23d816848192550ee8a18eb4cb36504354c5251b33c405eb
project_train,train/bonafide/iphone15pro/usa-136_03.jpg,data/processed/policy_c/train/bonafide/iphone15pro/usa-136_03.jpg,usa-136_03,bonafide,,iphone15pro,0,81,5589c5a2d86e982cea4e7115e90d84d42a2e5bfb5d4d740de137a95d38f681c5,1bebe98832b6aecb5b687a7f92f365ec98ef45cab83f86ba8ccdf972233ae1ca
project_train,train/bonafide/scan/usa-136_03.jpg,data/processed/policy_c/train/bonafide/scan/usa-136_03.jpg,usa-136_03,bonafide,,scan,0,71,1c15457ee5518f93f01e34d2f765310ddd8cc3b299065331851f2ad852beaecd,88cef7d91af3a0977bb8377e9378ae6daa7ecda36ed7a53251bb951ccf98e28e
project_train,train/attack/digital_1/huawei/usa-137_03.jpg,data/processed/policy_c/train/attack/digital_1/huawei/usa-137_03.jpg,usa-137_03,attack,digital_1,huawei,1,50,1df916467f373c57e87ba83d7be9f1d39bdf585113f50f4efc1902b66330c7e9,52573beed4e551a596860393f0bc153d436ac0368caab06a2639db6b0221677b
project_train,train/attack/digital_1/iphone15pro/usa-137_03.jpg,data/processed/policy_c/train/attack/digital_1/iphone15pro/usa-137_03.jpg,usa-137_03,attack,digital_1,iphone15pro,1,88,7b49a84335aacc730f897f2a053b1afb6b707ba0304e66510ac62469e7814986,2c1981c4f44c2449732124a16f4a86aaf1c73ea331f44d352f77389d7ca649b5
project_train,train/attack/digital_1/scan/usa-137_03.jpg,data/processed/policy_c/train/attack/digital_1/scan/usa-137_03.jpg,usa-137_03,attack,digital_1,scan,1,71,9e4ca093de47443d1ceb369f4e91e2d4a5708a4f75bec58209847487b228c382,2e285c425d49bdcfba62b58666bfc6ceb08e2a6d4c8d985d1f75cf4824736550
project_train,train/attack/digital_2/huawei/usa-137_03.jpg,data/processed/policy_c/train/attack/digital_2/huawei/usa-137_03.jpg,usa-137_03,attack,digital_2,huawei,1,50,302d7cc6c948f852ff9dc6b36dfdcc9327fb168240ea4f6e712ce19940278f09,cecb21da0cd9fcb75cea2c3a47b5d97ce5be752f0fd5ea830d1255adba0ab4de
project_train,train/attack/digital_2/iphone15pro/usa-137_03.jpg,data/processed/policy_c/train/attack/digital_2/iphone15pro/usa-137_03.jpg,usa-137_03,attack,digital_2,iphone15pro,1,88,a39f6db0b750324130ae2c0af7664d2916fad8ac2c67431c88cca18eedf3ad9c,4c32aeb01b5c686bcfe8e1363ef47f2154de6216388d988b84d2cb916e4d4779
project_train,train/attack/digital_2/scan/usa-137_03.jpg,data/processed/policy_c/train/attack/digital_2/scan/usa-137_03.jpg,usa-137_03,attack,digital_2,scan,1,71,8883c68192a9bab23feed2b99949e38de9798c390f7579c6814c545bea322c09,42a3a4eeb056546e37deb3bf5bf5b84ac19b1ee8e34d9b7efd9d213b239aa9f2
project_train,train/bonafide/huawei/usa-137_03.jpg,data/processed/policy_c/train/bonafide/huawei/usa-137_03.jpg,usa-137_03,bonafide,,huawei,0,50,ed41f0fb1c73d08ee963c9d8d7fb385af5241203336db4a05a1ddfa57ba70d82,672a2fe766d9a1d73ca6a56c463306f447e00846cefbd9fd51de08449f97f5cf
project_train,train/bonafide/iphone15pro/usa-137_03.jpg,data/processed/policy_c/train/bonafide/iphone15pro/usa-137_03.jpg,usa-137_03,bonafide,,iphone15pro,0,88,91d45c215119cd186166bf5edc69474b45225417fe8a41e56d90f90338827bee,40820c53574bc9236e1c9147c5ac6c052ca52036c73880db288c740245063e45
project_train,train/bonafide/scan/usa-137_03.jpg,data/processed/policy_c/train/bonafide/scan/usa-137_03.jpg,usa-137_03,bonafide,,scan,0,71,ba7326f914e61c2df88dea11c92fdc965d26da1af24d97f54ec2aac34459d29a,4c56b13174a700915f031ba6361979228f4fe1af7721ec01869135c71f96af07
project_train,train/attack/digital_1/huawei/usa-NF-1004.jpg,data/processed/policy_c/train/attack/digital_1/huawei/usa-NF-1004.jpg,usa-NF-1004,attack,digital_1,huawei,1,89,8699b69a860b7d0e17aff2a896d4179e5913c35610cea1eee0d01dfa02d64327,5e5fb308a6c9615195cde20919caa7566edaa1e5781aa2b1dfd4ebb436eb5f07
project_train,train/attack/digital_1/iphone15pro/usa-NF-1004.jpg,data/processed/policy_c/train/attack/digital_1/iphone15pro/usa-NF-1004.jpg,usa-NF-1004,attack,digital_1,iphone15pro,1,87,5892cdd27cc96ae5688e3a5f2ad1e181b6b47507f58a33308149bc66f10c5c53,b5381995e023e6cded049b3279b876566f96d28c862748a8f31b9465b39b9726
project_train,train/attack/digital_1/scan/usa-NF-1004.jpg,data/processed/policy_c/train/attack/digital_1/scan/usa-NF-1004.jpg,usa-NF-1004,attack,digital_1,scan,1,58,7bb8d61f6d4a411d8eb282061a1d5685dfb462101b138fc9acbe58caf691104e,d64bdbf1f243b08319be4fe30ce5270dc266f59b9591ed3341aa3756209ff4d5
project_train,train/attack/digital_2/huawei/usa-NF-1004.jpg,data/processed/policy_c/train/attack/digital_2/huawei/usa-NF-1004.jpg,usa-NF-1004,attack,digital_2,huawei,1,89,c2c275b37d696af6e5ba1ef60b23423eb2296be5781e7a662b6b7fd2e33c7a06,6ed75640e8da922df7f58bc14381bad942518b8c323fbe15ee7ddfe7bcc3da75
project_train,train/attack/digital_2/iphone15pro/usa-NF-1004.jpg,data/processed/policy_c/train/attack/digital_2/iphone15pro/usa-NF-1004.jpg,usa-NF-1004,attack,digital_2,iphone15pro,1,87,c0f0c9e42c93b2b7707c6ec9aabac0da1fcd5ec2cb8c006dee392990cf7ed5bb,ad660e42698388fcbc24bb80afb5d2684f7fb334367d61dc8c7899404ad5baa3
project_train,train/attack/digital_2/scan/usa-NF-1004.jpg,data/processed/policy_c/train/attack/digital_2/scan/usa-NF-1004.jpg,usa-NF-1004,attack,digital_2,scan,1,58,d627553d2f5ce4b5252c99bf44b9bc12a44c61c4ab9524f1a737112ca12bcf87,52d6f9dc9dc02b6a50fa1e0200eceacde4d2125ad3b78509d2e04d35df143cb8
project_train,train/bonafide/huawei/usa-NF-1004.jpg,data/processed/policy_c/train/bonafide/huawei/usa-NF-1004.jpg,usa-NF-1004,bonafide,,huawei,0,89,04291cd331d09a307866a65c104698ab9a59aecbda68e9af70d84ebfb2932d45,4d1855bd66efb964405b5b2bff7cba50317a45c9601f88a9bb9393b0a5360c78
project_train,train/bonafide/iphone15pro/usa-NF-1004.jpg,data/processed/policy_c/train/bonafide/iphone15pro/usa-NF-1004.jpg,usa-NF-1004,bonafide,,iphone15pro,0,87,69ce4bc7061389fe11b69612daa28ec3c341ccefcf8f843caa916edf3abce9d0,464327d4f10209427d9aba31a150cea110372c3790e7331bc7195fc677d83df7
project_train,train/bonafide/scan/usa-NF-1004.jpg,data/processed/policy_c/train/bonafide/scan/usa-NF-1004.jpg,usa-NF-1004,bonafide,,scan,0,58,8b3a49b02ab2d7b7bccd7f3d61d859444f92b9645c23feea2f534a53f3b28c06,e37d754da35d5982e503f8803c2bff7262da35fcc969cc06542ce495b9458ee6
project_train,train/attack/digital_1/huawei/usa-NF-1009.jpg,data/processed/policy_c/train/attack/digital_1/huawei/usa-NF-1009.jpg,usa-NF-1009,attack,digital_1,huawei,1,74,b5d826f307976fdf4d2c92a566562d5d1c39300e95be7f1bdfd00e323ea811c7,78db4824d7b17802cedd210a5d357f303f6bec98085fd07e987b9e61495fb810
project_train,train/attack/digital_1/iphone15pro/usa-NF-1009.jpg,data/processed/policy_c/train/attack/digital_1/iphone15pro/usa-NF-1009.jpg,usa-NF-1009,attack,digital_1,iphone15pro,1,79,6d9de15da86cbac0b9d6e6abf301effef468022a64e1df868a5eb3864b0e78c5,3fc4e953d478094c0fdfe90da418d9ec0e3de71dc3c21887e4cfa4213865f59c
project_train,train/attack/digital_1/scan/usa-NF-1009.jpg,data/processed/policy_c/train/attack/digital_1/scan/usa-NF-1009.jpg,usa-NF-1009,attack,digital_1,scan,1,67,3c579ce2580f7f434b0e4627b3a5543c3e90912b82eb4aa281ed1ea67cb79217,a2bd059d0bda74e0d8853dec10a64328200a3bc50ea9a1c4ac24300c8efc37af
project_train,train/attack/digital_2/huawei/usa-NF-1009.jpg,data/processed/policy_c/train/attack/digital_2/huawei/usa-NF-1009.jpg,usa-NF-1009,attack,digital_2,huawei,1,74,472ba7152e7aa37170cba32dfca0f2246e5268fc623dce45fbfc9fafa5babaef,15aadb14799921562a4f08b2614c1f61831a08e66e59cbbf66c809d5512150fb
project_train,train/attack/digital_2/iphone15pro/usa-NF-1009.jpg,data/processed/policy_c/train/attack/digital_2/iphone15pro/usa-NF-1009.jpg,usa-NF-1009,attack,digital_2,iphone15pro,1,79,447b56ad0097bd77756e6abda76d4a783479c276be1a855381155b8ed7b4e54b,dd4ead934600ec75ebba229abc7ccd67997dcf12ee554a18d3acd27881535a7d
project_train,train/attack/digital_2/scan/usa-NF-1009.jpg,data/processed/policy_c/train/attack/digital_2/scan/usa-NF-1009.jpg,usa-NF-1009,attack,digital_2,scan,1,67,5de5e7747bd245ee9f0a5b6044729b514ba178f0e43e2953a63579ece08b5114,6c05d29aa2aa82b139551f10d4cba9e30c64c6720bd4e06d4118b63f09e6bc21
project_train,train/bonafide/huawei/usa-NF-1009.jpg,data/processed/policy_c/train/bonafide/huawei/usa-NF-1009.jpg,usa-NF-1009,bonafide,,huawei,0,74,7e1fc32ea6aa5a6be294977fdd12bb272bc809f68c699effd4a3a3e500a331bf,494d1d7ef418f2be3785058339453cffb8b3558d2c625adf5a173feaa99844eb
project_train,train/bonafide/iphone15pro/usa-NF-1009.jpg,data/processed/policy_c/train/bonafide/iphone15pro/usa-NF-1009.jpg,usa-NF-1009,bonafide,,iphone15pro,0,79,9369cfe80ba6f96af34ca71bcfd5844067fd7ae033d0571d0ca95093ef8f0cd8,a30f741d509449cdaabd0d22b3e7b0971fa3cc448ceb00c040eba15feab8f350
project_train,train/bonafide/scan/usa-NF-1009.jpg,data/processed/policy_c/train/bonafide/scan/usa-NF-1009.jpg,usa-NF-1009,bonafide,,scan,0,67,0e219d4775e24afb25c144db5eea5e94bea3288b71ccd64112224fa0ebfff140,690ec8d5971514ca932e9de180209a51a438fb30d4dbcfbdeef2e691f9c43ab7
project_train,train/attack/digital_1/huawei/usa-NF-1017.jpg,data/processed/policy_c/train/attack/digital_1/huawei/usa-NF-1017.jpg,usa-NF-1017,attack,digital_1,huawei,1,61,74e5cac3c115d60e644eb4eeedbf33617817bc1d20c7b0987a2814ea8cdf217a,1c992d2bbd1ce8d84492e0012a40249fda1162e930df4b5e6ef74eed4af429c8
project_train,train/attack/digital_1/iphone15pro/usa-NF-1017.jpg,data/processed/policy_c/train/attack/digital_1/iphone15pro/usa-NF-1017.jpg,usa-NF-1017,attack,digital_1,iphone15pro,1,51,a4809ffaae56f76fd75d4986d5fec91111a830aab6516c6d21fcd89912b4508c,a279a1cbfa21948ff6c8e227d13f379f0e289c4fa7eae11fedba7d2fa76ba710
project_train,train/attack/digital_1/scan/usa-NF-1017.jpg,data/processed/policy_c/train/attack/digital_1/scan/usa-NF-1017.jpg,usa-NF-1017,attack,digital_1,scan,1,65,905569d9186e22e1b5245a1a0d6b01ad258f9dc3cc76b3d89a6ddfcd5c6cbcb8,3027988eaab74e2c87e9c3d84e2c9538c64ba72616fce9604e9f4b1aad52e98a
project_train,train/attack/digital_2/huawei/usa-NF-1017.jpg,data/processed/policy_c/train/attack/digital_2/huawei/usa-NF-1017.jpg,usa-NF-1017,attack,digital_2,huawei,1,61,5e46781fe4f4564c406c0a320437fc2b9f9cf4a17a425373220e43b1bac84589,772f0f0f9fd847c445d1f08a033da9dbbb44aea4d131dca69204afd3facca458
project_train,train/attack/digital_2/iphone15pro/usa-NF-1017.jpg,data/processed/policy_c/train/attack/digital_2/iphone15pro/usa-NF-1017.jpg,usa-NF-1017,attack,digital_2,iphone15pro,1,51,3b9813b12d754bab7cf5d216ad80e6b6e14c751d1677ddf636516b942147cef8,4e2d8fc732a5a9f4bcd32e5e5c163893cb767dca5e2f691c2e0f5568d7169647
project_train,train/attack/digital_2/scan/usa-NF-1017.jpg,data/processed/policy_c/train/attack/digital_2/scan/usa-NF-1017.jpg,usa-NF-1017,attack,digital_2,scan,1,65,6930593bada3e0821baf22a4d819a6e01b42238fd0f3b30a478086127858cc71,1cccd1e4148d3c658a9cba42c06d224f07a42b6f41846c93f15f581f9408ade3
project_train,train/bonafide/huawei/usa-NF-1017.jpg,data/processed/policy_c/train/bonafide/huawei/usa-NF-1017.jpg,usa-NF-1017,bonafide,,huawei,0,61,16a944056b41e12d9188963b79be8e3b43a58ad08313a3d829b8c639f41b2dfd,941147beb5f1c244504e096eb4d0a6218787da92f7d8a7a637131c25d106031c
project_train,train/bonafide/iphone15pro/usa-NF-1017.jpg,data/processed/policy_c/train/bonafide/iphone15pro/usa-NF-1017.jpg,usa-NF-1017,bonafide,,iphone15pro,0,51,c486088a47c11f5a03f152c9d5e690c36adb431a9c6f16c66e77b132ce7034fb,fcb1bd342e5aa0f9af3fa1a7f098ff6457260cd012a20c763801b9b35e73a932
project_train,train/bonafide/scan/usa-NF-1017.jpg,data/processed/policy_c/train/bonafide/scan/usa-NF-1017.jpg,usa-NF-1017,bonafide,,scan,0,65,d1763c3540848f58f5f5a78803b20491cac179bc32e4898bb86f49c263b1c52d,daddb1c901e97fceb8c8bcbb55d05f37c69a77520a01b290e7e4c2cf35e591e4
project_train,train/attack/digital_1/huawei/usa-NF-1044.jpg,data/processed/policy_c/train/attack/digital_1/huawei/usa-NF-1044.jpg,usa-NF-1044,attack,digital_1,huawei,1,65,8b30bad4cec11ca40c4f3bb85f8fda5f187c67513fcaf6fe479e159f41409d76,6efe5b12d312d03c03a7b67f2912aabcf339bc32d3f98b2384a04217bf890bbe
project_train,train/attack/digital_1/iphone15pro/usa-NF-1044.jpg,data/processed/policy_c/train/attack/digital_1/iphone15pro/usa-NF-1044.jpg,usa-NF-1044,attack,digital_1,iphone15pro,1,62,81f6231748ab10509088f4c9b39bc8232ea0b0a53591169ebe13da40d4945781,cbce37642f2fdca2c8ec21d1e553638f21895a2af015a839c34fa545ffbe7b01
project_train,train/attack/digital_1/scan/usa-NF-1044.jpg,data/processed/policy_c/train/attack/digital_1/scan/usa-NF-1044.jpg,usa-NF-1044,attack,digital_1,scan,1,66,35a21ce5fb95981d7eb56188a0b7c47d7da8df3d05f79b2b20141c574fa154a4,189f3d8122d2ffab6de8dcd0bbcf3661fa6a703808c17ade9a6e1306391bf479
project_train,train/attack/digital_2/huawei/usa-NF-1044.jpg,data/processed/policy_c/train/attack/digital_2/huawei/usa-NF-1044.jpg,usa-NF-1044,attack,digital_2,huawei,1,65,91300fc25f40691722e9b32920ce467818715a4c071262f281952c978b610ef2,3d411cb042f66b0491e76f568fb3c66547b4bb2234f6ba862c6afc7833a3135f
project_train,train/attack/digital_2/iphone15pro/usa-NF-1044.jpg,data/processed/policy_c/train/attack/digital_2/iphone15pro/usa-NF-1044.jpg,usa-NF-1044,attack,digital_2,iphone15pro,1,62,59fd8b182f139972a228363fb69de192933869411f42336667bf3cd7e80c9e04,3cbc3116b7ceda9f2026103992898bd0654bb6b0fc60cd5c3b1f1cf6b67159b7
project_train,train/attack/digital_2/scan/usa-NF-1044.jpg,data/processed/policy_c/train/attack/digital_2/scan/usa-NF-1044.jpg,usa-NF-1044,attack,digital_2,scan,1,66,be3b1bc605b79cf2ce2ec7e3267160652abe24aff9c1cccab2747355eb7748be,45b3cac388a0f962269f8a60a1ee8c10ec9c2e03398eadfb2d0e1f834ce609d3
project_train,train/bonafide/huawei/usa-NF-1044.jpg,data/processed/policy_c/train/bonafide/huawei/usa-NF-1044.jpg,usa-NF-1044,bonafide,,huawei,0,65,4db1bfd93a7bb066a4292e776c84bb9443d1a52ecadd4e377be63209a934746a,ff6fd1c4510296d1bab57cdbced49a84ee3621d6c8a00deab5427d344c1a4015
project_train,train/bonafide/iphone15pro/usa-NF-1044.jpg,data/processed/policy_c/train/bonafide/iphone15pro/usa-NF-1044.jpg,usa-NF-1044,bonafide,,iphone15pro,0,62,0577fb3697403f85e26c737a6f06f03fc049430cf13579abd9dc75f84d679f0a,1402f5c3d6ced0f66e83e06989d24fb5cdeae25b8fe91ad48b60321204a89764
project_train,train/bonafide/scan/usa-NF-1044.jpg,data/processed/policy_c/train/bonafide/scan/usa-NF-1044.jpg,usa-NF-1044,bonafide,,scan,0,66,b8226da439e228fb793f0cfb508c1792ad7e5f0f2a3b4c1ca9348b51df0518bf,68b084ab892f957eea44784d88d1ffb6fd4c237100c00cf82efd1c3f58d3315c
project_train,train/attack/digital_1/huawei/usa-NF-1046.jpg,data/processed/policy_c/train/attack/digital_1/huawei/usa-NF-1046.jpg,usa-NF-1046,attack,digital_1,huawei,1,81,1af1183e3f18d954c7ef5ee0cc7f08eb6d1be9a32fd0e69de4f175d8e2826258,a71c1e85e5dbb438f5e34e2d267c4b730fe65880bff4966dfba45a64ab3671e5
project_train,train/attack/digital_1/iphone15pro/usa-NF-1046.jpg,data/processed/policy_c/train/attack/digital_1/iphone15pro/usa-NF-1046.jpg,usa-NF-1046,attack,digital_1,iphone15pro,1,65,ce7dd994a3d19d23e059282d4d8dc5ea072e23c8bad6d92578364f1315846a60,ac2287158a9d0764a30e521e5cc64df3a325fefe8894ea14c48709ca497a7e1f
project_train,train/attack/digital_1/scan/usa-NF-1046.jpg,data/processed/policy_c/train/attack/digital_1/scan/usa-NF-1046.jpg,usa-NF-1046,attack,digital_1,scan,1,66,cb5c32a7831c2912a7e030cc6399b727630e011c7bc6f0fce2f11bab69863f68,e9e4ca497fe7764c75d5d870e898532d67db7e682f55e216742d378a6d9dab38
project_train,train/attack/digital_2/huawei/usa-NF-1046.jpg,data/processed/policy_c/train/attack/digital_2/huawei/usa-NF-1046.jpg,usa-NF-1046,attack,digital_2,huawei,1,81,2ef3b3b50345957dbd0fd415f93c87fb3105af6eaf96f5a5414e3e486432fae4,368b4d8942f90bd9bfde23a76b0bb17ba007ea01112f970d27a91c704f1292f5
project_train,train/attack/digital_2/iphone15pro/usa-NF-1046.jpg,data/processed/policy_c/train/attack/digital_2/iphone15pro/usa-NF-1046.jpg,usa-NF-1046,attack,digital_2,iphone15pro,1,65,07db7b44eeca77a04a6c0848e8f28a9583ece2e1162cebf6445976b9fa90d67a,0591fc37b75c5d1b69c7390235f4e51cc8caaab1a205b512ed98add88cde1483
project_train,train/attack/digital_2/scan/usa-NF-1046.jpg,data/processed/policy_c/train/attack/digital_2/scan/usa-NF-1046.jpg,usa-NF-1046,attack,digital_2,scan,1,66,c1cebc7193ea00b29e5260e0ecd2dece59d96b3c3b9fedb84bbca4897eb907dd,36c31db542f4175a1f6992c8886b0760de51cf74d96dda38bd8b97a3aafa3bc6
project_train,train/bonafide/huawei/usa-NF-1046.jpg,data/processed/policy_c/train/bonafide/huawei/usa-NF-1046.jpg,usa-NF-1046,bonafide,,huawei,0,81,509ee587653e14f7ef1c3c45dadf3272c198472740113949add5f292b5f3291c,23be5b429f41d612dd3ddcbf39c46254adaf1369221b042ef655f626c3a5daac
project_train,train/bonafide/iphone15pro/usa-NF-1046.jpg,data/processed/policy_c/train/bonafide/iphone15pro/usa-NF-1046.jpg,usa-NF-1046,bonafide,,iphone15pro,0,65,931c818109aa2ba47748859e7a383287191a517d8763fce4bb0790b2d3a19a27,b478c5b4436970ae64fe6c67d81f56bd92c674861833a290d5eacd6dee01f88b
project_train,train/bonafide/scan/usa-NF-1046.jpg,data/processed/policy_c/train/bonafide/scan/usa-NF-1046.jpg,usa-NF-1046,bonafide,,scan,0,66,64a227f7537c0b8f5c779648e863642d2b1a40819497c9646bb44e42e0cb0625,89c6f65d32825902d681898fd00c647ad1efd92bd5217843226db25c4dae63a3
project_train,train/attack/digital_1/huawei/usa-NF-1051.jpg,data/processed/policy_c/train/attack/digital_1/huawei/usa-NF-1051.jpg,usa-NF-1051,attack,digital_1,huawei,1,60,df3b86b7c772dcc74d9298676bf5e9c55128a6a878b30c191f9e10d1b27ff7e4,0ac236dde37f9cae82bc839b9d4185abfe1c981c699c157c03b6f70e77f0ae8e
project_train,train/attack/digital_1/iphone15pro/usa-NF-1051.jpg,data/processed/policy_c/train/attack/digital_1/iphone15pro/usa-NF-1051.jpg,usa-NF-1051,attack,digital_1,iphone15pro,1,52,aebd0ab109abf6da364dbace112384bf5d151da513def8569621006b565a02c0,94200623d2a9b091e6ff203f122090a1503242562e65040a3c8b23f448702565
project_train,train/attack/digital_1/scan/usa-NF-1051.jpg,data/processed/policy_c/train/attack/digital_1/scan/usa-NF-1051.jpg,usa-NF-1051,attack,digital_1,scan,1,70,02d408ecaaea74bd8fd2e147b66704b29af3669c16eb016a657d51d334c9d19d,3516ec173d5bacbb883be44dcfefcd418c676496824d14318f00c643940faac8
project_train,train/attack/digital_2/huawei/usa-NF-1051.jpg,data/processed/policy_c/train/attack/digital_2/huawei/usa-NF-1051.jpg,usa-NF-1051,attack,digital_2,huawei,1,60,11421f6a65cd5442bf988e5eb686d9467163dfea1a9ae352647380931bf38c84,0d476d5e26a40f5c3bba9d4ec7fa70fa361ca92ba325d5e57662612684fea811
project_train,train/attack/digital_2/iphone15pro/usa-NF-1051.jpg,data/processed/policy_c/train/attack/digital_2/iphone15pro/usa-NF-1051.jpg,usa-NF-1051,attack,digital_2,iphone15pro,1,52,5eb6e8dcf3aa731fe69f6ded2bdf93a147a6eda46987d6db642dfbe05b161ace,9a48b792da5ccf69ed42c9ab777988b62f4db9d35e9bc662e41a42228dadc78d
project_train,train/attack/digital_2/scan/usa-NF-1051.jpg,data/processed/policy_c/train/attack/digital_2/scan/usa-NF-1051.jpg,usa-NF-1051,attack,digital_2,scan,1,70,3c8274b675d21e908bd7cc1144cc7d84d50c1fe7658abf6c033f81f9483c8cfb,b78c44e918ed55b90c19ab71905a2fa5e43ede336482963d34dc2e9e6701394f
project_train,train/bonafide/huawei/usa-NF-1051.jpg,data/processed/policy_c/train/bonafide/huawei/usa-NF-1051.jpg,usa-NF-1051,bonafide,,huawei,0,60,310dc48e705b5ab5232cef299805e6dc970194ac641d2d5f7adde40c9c8c36e5,b5776dbe5e282ec14485be17f485731678bc1b8a67c02b448dfad1eb8d3ec92a
project_train,train/bonafide/iphone15pro/usa-NF-1051.jpg,data/processed/policy_c/train/bonafide/iphone15pro/usa-NF-1051.jpg,usa-NF-1051,bonafide,,iphone15pro,0,52,df11b0886e9604d3749d7d7b720713b60d114ccf304a3b3d36d13264c2101811,ee5bd12d4669c3f4e5739f33fadc26098eb46449a5bfda0fc5849be70153fb03
project_train,train/bonafide/scan/usa-NF-1051.jpg,data/processed/policy_c/train/bonafide/scan/usa-NF-1051.jpg,usa-NF-1051,bonafide,,scan,0,70,1e0c90951281373212bb972936a647b38b8f5713a15420f11f9a22583cd74edf,8fc7a0b0ee0bbeb66561b5e02d3c16a13b9e7987b8e7cf92245c153fbf393701
project_train,train/attack/digital_1/huawei/usa-NF-1062.jpg,data/processed/policy_c/train/attack/digital_1/huawei/usa-NF-1062.jpg,usa-NF-1062,attack,digital_1,huawei,1,73,d7e3fe1bfd41fddcd9e216002c5a0986d5cde76ddb5d886d6c4f9e5faf0bd9e5,f0c6985d6b1f85b3c9d18d2f974cf092b18e61b96ebebdc7f0f3a21690f6cf3f
project_train,train/attack/digital_1/iphone15pro/usa-NF-1062.jpg,data/processed/policy_c/train/attack/digital_1/iphone15pro/usa-NF-1062.jpg,usa-NF-1062,attack,digital_1,iphone15pro,1,55,cbc96a82ed47c9982ce056405e7b3092b229e1fa15e46c3ac23689612207ce08,79e346e64cfe5c59596639857f55647eaecbab67f3d90318fd68e1e9bf7577b9
project_train,train/attack/digital_1/scan/usa-NF-1062.jpg,data/processed/policy_c/train/attack/digital_1/scan/usa-NF-1062.jpg,usa-NF-1062,attack,digital_1,scan,1,65,6f4375df8951e9c4f03f8e9398bacbaee1ea7bc86a81d38117c115defe9806f8,c5f311ef0ae074fe61863885b196d67791fdbf7311c1eb464516c5b57a0e730c
project_train,train/attack/digital_2/huawei/usa-NF-1062.jpg,data/processed/policy_c/train/attack/digital_2/huawei/usa-NF-1062.jpg,usa-NF-1062,attack,digital_2,huawei,1,73,71571c59253194a9e819540e382987766fcf64d3caad7439682865e224a95214,52447b6f2eec488fa4712908a5d7f247ec2c8bb977c08f542ff8c180d56e5428
project_train,train/attack/digital_2/iphone15pro/usa-NF-1062.jpg,data/processed/policy_c/train/attack/digital_2/iphone15pro/usa-NF-1062.jpg,usa-NF-1062,attack,digital_2,iphone15pro,1,55,adc53c4468d75e8fb4735ef48b077530d6f7edf280c7260a3b1c2d372c8fd0e7,2d85c8b2c9788bf561a2bff35e3c82dd801299ccfc6d1a00d6fcf114a97732c4
project_train,train/attack/digital_2/scan/usa-NF-1062.jpg,data/processed/policy_c/train/attack/digital_2/scan/usa-NF-1062.jpg,usa-NF-1062,attack,digital_2,scan,1,65,a625e25d48c6efefe0690ed7199cc730739f79b49a363cfdfb917c77017d1973,a29230c3a96b2884db179428b4c8ac58f8e8c7c2375961ab0978f0a25fa77907
project_train,train/bonafide/huawei/usa-NF-1062.jpg,data/processed/policy_c/train/bonafide/huawei/usa-NF-1062.jpg,usa-NF-1062,bonafide,,huawei,0,73,ebb544581486fae59925ba1f93af3bbbf7f226122922f296ff541649716af8b4,1ec5a4d12dbc9fdec4d11a00c1f1fd77bbe5f6fa89ee8e6e47c5722fcc4fedca
project_train,train/bonafide/iphone15pro/usa-NF-1062.jpg,data/processed/policy_c/train/bonafide/iphone15pro/usa-NF-1062.jpg,usa-NF-1062,bonafide,,iphone15pro,0,55,8be4a434c2abec29da2cb2c055884b6eb3bdfee83c669da36721d6fd870d34aa,4d8f36662e642540da00d38aa3eeeb273f32b0deca000e06918e792d6214233b
project_train,train/bonafide/scan/usa-NF-1062.jpg,data/processed/policy_c/train/bonafide/scan/usa-NF-1062.jpg,usa-NF-1062,bonafide,,scan,0,65,75f86d861cd554a898a2a73128cf2d20fcb69a589557c363f5da4bc7248552ae,edd758a45cf781b01ce9cdf0178f7050df3368cbc20fb21e31e2208b8a022115
project_train,train/attack/digital_1/huawei/usa-NF-1071.jpg,data/processed/policy_c/train/attack/digital_1/huawei/usa-NF-1071.jpg,usa-NF-1071,attack,digital_1,huawei,1,51,9aa9a5c4c2a7fbdf1ebe8f0e0c95eac3fe169a96bd347e2e224661077d1ee612,979afa00225dfda23d44f3ee333c7942df5a28b551c093261c4dfa85373cf602
project_train,train/attack/digital_1/iphone15pro/usa-NF-1071.jpg,data/processed/policy_c/train/attack/digital_1/iphone15pro/usa-NF-1071.jpg,usa-NF-1071,attack,digital_1,iphone15pro,1,70,4c4fbf82ede5f10121992ac988e00ba934f175b7254201f37a4e91c329d54d36,474e5e84133fe027b7b715011fb4d80786bda9cedc20fb72b997efa246305790
project_train,train/attack/digital_1/scan/usa-NF-1071.jpg,data/processed/policy_c/train/attack/digital_1/scan/usa-NF-1071.jpg,usa-NF-1071,attack,digital_1,scan,1,53,0ed3f43c00e74e0f11194684ef5a1d6731ad26c8dbf570efd65854f8721f2e10,5927812d35767b66a0d71d90025646ec98e45498eea5088ab59796b5a940ed87
project_train,train/attack/digital_2/huawei/usa-NF-1071.jpg,data/processed/policy_c/train/attack/digital_2/huawei/usa-NF-1071.jpg,usa-NF-1071,attack,digital_2,huawei,1,51,f7f1d24a6646d798ceebff89fe04c0f03b079d5d1497bf6b610b899d9ca4ee8e,f7e38afb5c602f806aabe7e12d32249dbacc020cf2a14876aeb1430e3742b910
project_train,train/attack/digital_2/iphone15pro/usa-NF-1071.jpg,data/processed/policy_c/train/attack/digital_2/iphone15pro/usa-NF-1071.jpg,usa-NF-1071,attack,digital_2,iphone15pro,1,70,7df563a2c7826394a4ee3bb35cbfdd7cb9e8bfe720a111bed0b796a4ebd57009,a499791f724fc665f71e32776ed9a166351234b7e82b26cc3e2f53fcc0874490
project_train,train/attack/digital_2/scan/usa-NF-1071.jpg,data/processed/policy_c/train/attack/digital_2/scan/usa-NF-1071.jpg,usa-NF-1071,attack,digital_2,scan,1,53,3c3cc06f9a0242523176632c40f01820edd94ee89e77868de3ef85081483b57a,d3e68b2e6c8569dd5030ffa19e9c1d041edd1661a304cc10839c717ff8f270d9
project_train,train/bonafide/huawei/usa-NF-1071.jpg,data/processed/policy_c/train/bonafide/huawei/usa-NF-1071.jpg,usa-NF-1071,bonafide,,huawei,0,51,c9ad6bb15f0a4db7eda3827b396b2df40a5baf64ea95a100496bed10f43eae39,8bb80062fa932332d5bd938b9a1eab0e8755934c8b69ac2c44f3ab83a2968085
project_train,train/bonafide/iphone15pro/usa-NF-1071.jpg,data/processed/policy_c/train/bonafide/iphone15pro/usa-NF-1071.jpg,usa-NF-1071,bonafide,,iphone15pro,0,70,91f0502e80a52014cdf8dcf6c2647a6c3035f203729dab2eec22b793f59abb77,715b90aae7dac318725655f41e97b4e3e2b42b03061e2c9580bb00a5ad775f9b
project_train,train/bonafide/scan/usa-NF-1071.jpg,data/processed/policy_c/train/bonafide/scan/usa-NF-1071.jpg,usa-NF-1071,bonafide,,scan,0,53,f3304ff993a551f5527fdf624dfcbae97b55885ee64b1632ebf2ca0b63030fac,d3f55fb14973fb232b7972e16bc13bbb5f708e18d6e8a25615ed6dcbef587b50
project_train,train/attack/digital_1/huawei/usa-NF-1093.jpg,data/processed/policy_c/train/attack/digital_1/huawei/usa-NF-1093.jpg,usa-NF-1093,attack,digital_1,huawei,1,86,6cc199ca75f4e3149f14ba5f209380ed210da12d3c2067b5e41d43d4cea5a1d9,e5eb75e850c3116b16d137b8d20c3a594f241481f41cb636946a23df6d0b1ffe
project_train,train/attack/digital_1/iphone15pro/usa-NF-1093.jpg,data/processed/policy_c/train/attack/digital_1/iphone15pro/usa-NF-1093.jpg,usa-NF-1093,attack,digital_1,iphone15pro,1,83,a310aaf4fa97f6af8169ffd3689c64e466c266badafa0ab0314499b3c59e0d95,9a0c96182880f156a80e267d4878b45421ea83461563e58f7d42bdad8a0b9a9c
project_train,train/attack/digital_1/scan/usa-NF-1093.jpg,data/processed/policy_c/train/attack/digital_1/scan/usa-NF-1093.jpg,usa-NF-1093,attack,digital_1,scan,1,84,810fc34daa0a769cfc043054252023c2d24629e612a58cfedfdbcb83edc8528e,1c56eb747d89ab065b39cf53773bb8612ecc25a90e1d44fd9a7a22f3852ec2b4
project_train,train/attack/digital_2/huawei/usa-NF-1093.jpg,data/processed/policy_c/train/attack/digital_2/huawei/usa-NF-1093.jpg,usa-NF-1093,attack,digital_2,huawei,1,86,d499d2a400254d0ddd61c7b2db5a328d5f94fdde1ac3a631d89d72903ea8a951,d34995aeda08fde80e7b9d3bfc266f7063d160e7f236691eaf69f5a404eaa02b
project_train,train/attack/digital_2/iphone15pro/usa-NF-1093.jpg,data/processed/policy_c/train/attack/digital_2/iphone15pro/usa-NF-1093.jpg,usa-NF-1093,attack,digital_2,iphone15pro,1,83,d75f85943582f06afefa5f66a3e277a63ecb22c226e7c20cfc5c0af2451278bf,944924683feb997461baba4a3f17a2ca2952826ffd7de3835e0add51d87817d5
project_train,train/attack/digital_2/scan/usa-NF-1093.jpg,data/processed/policy_c/train/attack/digital_2/scan/usa-NF-1093.jpg,usa-NF-1093,attack,digital_2,scan,1,84,8e6a7c174a37fd90d95191a05ab450a9cf09eced3493a93e16e41a7ce3906ba5,f2810840e32938df4694682ce93c495afaa769d7aa2519aad870287036939f3c
project_train,train/bonafide/huawei/usa-NF-1093.jpg,data/processed/policy_c/train/bonafide/huawei/usa-NF-1093.jpg,usa-NF-1093,bonafide,,huawei,0,86,683df2801b3c48ff8bcc884d17c5227095084fb0818bc665a4ef43c9a6d1697e,fa4756558d7ea3493f0ae8f49ef46a316f0dbc4ca15b5e5af1866b4f77c43d84
project_train,train/bonafide/iphone15pro/usa-NF-1093.jpg,data/processed/policy_c/train/bonafide/iphone15pro/usa-NF-1093.jpg,usa-NF-1093,bonafide,,iphone15pro,0,83,cfeac97f87b96a0fa7e5ffe33ba1d933cc2b1897b5d41f68f9645946f1d1dd7c,ca3df2952a0281264f2582a5e27fd88c5d96786f18ed7a5fb1ae6474c24e6a06
project_train,train/bonafide/scan/usa-NF-1093.jpg,data/processed/policy_c/train/bonafide/scan/usa-NF-1093.jpg,usa-NF-1093,bonafide,,scan,0,84,06db9f2d97af5e200201bcc334acbdeceb77409dbb428b68f26277e06815dadf,44a09db8229250456f5cf26466fc7e06071574818791ad74f45c22b6320f172e
project_train,train/attack/digital_1/huawei/usa-NF-1094.jpg,data/processed/policy_c/train/attack/digital_1/huawei/usa-NF-1094.jpg,usa-NF-1094,attack,digital_1,huawei,1,82,d567b37537734c9ef1486c26b5b3586e60d0ac6f8170d4b2d855656c5f420556,facdf83989494b166e3133aa6deacdbb8956a8b09d2d619536b23d4939237b3c
project_train,train/attack/digital_1/iphone15pro/usa-NF-1094.jpg,data/processed/policy_c/train/attack/digital_1/iphone15pro/usa-NF-1094.jpg,usa-NF-1094,attack,digital_1,iphone15pro,1,66,bf3ac128d79714fc8eae97a21f94602abe9969b7e20a1a7edf8a7422818bfc22,ef5941f273ec4b8fe19f1714f45f9fce62cf8931322e7b1c2428cf39273f48ae
project_train,train/attack/digital_1/scan/usa-NF-1094.jpg,data/processed/policy_c/train/attack/digital_1/scan/usa-NF-1094.jpg,usa-NF-1094,attack,digital_1,scan,1,69,df5ae030e0f07a4d0351623fb568cd43122167d70969ca7bffbebe24bb106190,e3848e25dea93701e24846ea604050336079ee4732137ee7dc8875267b58d8b6
project_train,train/attack/digital_2/huawei/usa-NF-1094.jpg,data/processed/policy_c/train/attack/digital_2/huawei/usa-NF-1094.jpg,usa-NF-1094,attack,digital_2,huawei,1,82,baed6cafd4ae287f4f9c14328aec1ef9e65f2dace3b99506c53ec3741d6f444e,466751c009917053989eb60d681a935c4dcbe24692128a4c773eb4dd957ccc00
project_train,train/attack/digital_2/iphone15pro/usa-NF-1094.jpg,data/processed/policy_c/train/attack/digital_2/iphone15pro/usa-NF-1094.jpg,usa-NF-1094,attack,digital_2,iphone15pro,1,66,fbdf1c69a233cb709edc4fea371038b35ef5d7527c6181c3427ca774c61fef23,ba7736cd1d8b654a4ac3edb610e51b5e3d38151c3c528de1ccc80c9a9f00ee49
project_train,train/attack/digital_2/scan/usa-NF-1094.jpg,data/processed/policy_c/train/attack/digital_2/scan/usa-NF-1094.jpg,usa-NF-1094,attack,digital_2,scan,1,69,e98240dbfedcc80c8a50daba29d6883c25af7476faf098b2398127dc667bcad0,1298a89ad38ec23915dca102e9d9d6d577f619756079f56c71869d604da09172
project_train,train/bonafide/huawei/usa-NF-1094.jpg,data/processed/policy_c/train/bonafide/huawei/usa-NF-1094.jpg,usa-NF-1094,bonafide,,huawei,0,82,fe06d4d8db9405f000ff322de94e05a82a85a5a5681eda6743c086e94dbb0c56,e5d54c1d6d577a5ea8153db89a052e8867af52a8cd26d3eebe66acae64f0cb53
project_train,train/bonafide/iphone15pro/usa-NF-1094.jpg,data/processed/policy_c/train/bonafide/iphone15pro/usa-NF-1094.jpg,usa-NF-1094,bonafide,,iphone15pro,0,66,9e3ba21a85cd30fe9e78dbd2ceb494e4da3db45b9b577785abdbe0aafe0faf8d,323fee699d936eb366801a53095bfafdaf0c1f1eb40d393af2bf26be218e5f74
project_train,train/bonafide/scan/usa-NF-1094.jpg,data/processed/policy_c/train/bonafide/scan/usa-NF-1094.jpg,usa-NF-1094,bonafide,,scan,0,69,08ae3bfb064f56e8d61f742138d7db1c300f11587e9248486184cfba8c4db4c8,f62f52c899e7229e304b064e6013984b7a25c06760e6dafc81c8758901a69c68
project_train,train/attack/digital_1/huawei/usa-NM-1052.jpg,data/processed/policy_c/train/attack/digital_1/huawei/usa-NM-1052.jpg,usa-NM-1052,attack,digital_1,huawei,1,53,8b5643b8c965943de84ce38d2dacb2ebb9985951c0c0a26ddc7cbcc06a6cec38,d1bd459dbde5db7eb4cd31a1a64ec585002729baf126b740bd92c178e285003c
project_train,train/attack/digital_1/iphone15pro/usa-NM-1052.jpg,data/processed/policy_c/train/attack/digital_1/iphone15pro/usa-NM-1052.jpg,usa-NM-1052,attack,digital_1,iphone15pro,1,63,fd032215b35c53a0f6a3f03d24c5cc2dae0c5495a864176455b01bd538f9d7b1,f972ecb9c95b259e94dd02e4e8871a8a9e3cc8d934f057d1eba85167e5660264
project_train,train/attack/digital_1/scan/usa-NM-1052.jpg,data/processed/policy_c/train/attack/digital_1/scan/usa-NM-1052.jpg,usa-NM-1052,attack,digital_1,scan,1,67,98653c44e38abce5153f5b0ba74e1af34ac0f811eb2e646ba4a7b43f9ada3c43,d54c3b78afd1c9027d62fac2bd87fbb8a84f9984487953a803a536051cdb0e39
project_train,train/attack/digital_2/huawei/usa-NM-1052.jpg,data/processed/policy_c/train/attack/digital_2/huawei/usa-NM-1052.jpg,usa-NM-1052,attack,digital_2,huawei,1,53,f79f1360c986d67d454ffb56745c9c9741f190691fc0a840c4fc73c6f68e0572,629148f38729517c614e9660772729d999d7a0b8e9483c226559a42f1f994a3a
project_train,train/attack/digital_2/iphone15pro/usa-NM-1052.jpg,data/processed/policy_c/train/attack/digital_2/iphone15pro/usa-NM-1052.jpg,usa-NM-1052,attack,digital_2,iphone15pro,1,63,c9b5e555541e8ebf5ecf67321b7b3c3ac98ce9e8ff0c314e62a83d900ba43dda,d13abcb7dfa8c92b6910a9fedbd4974a1e5d233b5186bed1c5a1bc294d635f2f
project_train,train/attack/digital_2/scan/usa-NM-1052.jpg,data/processed/policy_c/train/attack/digital_2/scan/usa-NM-1052.jpg,usa-NM-1052,attack,digital_2,scan,1,67,01afca4e7c729d8cec8e74443ac5751a9d4837a1a8c4b1d41164b15817b74856,df3fe47ab5daff2d14cbd99266bc3f7bba46e04a0857f5a2e046ce979330d0bb
project_train,train/bonafide/huawei/usa-NM-1052.jpg,data/processed/policy_c/train/bonafide/huawei/usa-NM-1052.jpg,usa-NM-1052,bonafide,,huawei,0,53,ddabcad38067f8a60fc23bcde1412d6072536f6db909a44a1640fc0b2856df5d,f9e7a84fab67e1511de20de2938f415a8cf983ee4017c4830ea116e7bc274091
project_train,train/bonafide/iphone15pro/usa-NM-1052.jpg,data/processed/policy_c/train/bonafide/iphone15pro/usa-NM-1052.jpg,usa-NM-1052,bonafide,,iphone15pro,0,63,e1fea401d4e710c38af009493f2373190c6d05dc03b8139cd54aec0376ce9bdd,20d38059794891e140214d92a8d940c0af563e8f7c1aa700333280b28bb389aa
project_train,train/bonafide/scan/usa-NM-1052.jpg,data/processed/policy_c/train/bonafide/scan/usa-NM-1052.jpg,usa-NM-1052,bonafide,,scan,0,67,2c67b7f69cee5d629ceb1c98c3647006cbb16c887f3bed43c42014788906d21d,f1e00e6db53dfc8bce13035d6ad726bb0ddbc291b7de7a6b334705a6c718df14
dev_val,train/attack/digital_1/huawei/arabic-024_03.jpg,data/processed/policy_c/train/attack/digital_1/huawei/arabic-024_03.jpg,arabic-024_03,attack,digital_1,huawei,1,78,1c2a1b76e3027484d2b24f0c51e830cf8ddbb4866313ea361757c6c10992850c,d6244c86213948babbee7a878093d3f4565ea1ef27d6d0293675501fe42bd303
dev_val,train/attack/digital_1/iphone15pro/arabic-024_03.jpg,data/processed/policy_c/train/attack/digital_1/iphone15pro/arabic-024_03.jpg,arabic-024_03,attack,digital_1,iphone15pro,1,79,d922dd840990dd39da1dcaa694382a84af07025646fce21bf4a12144e370040a,4eb4ec909bcd54efea853cc039e985cac2fa20108ec35ba2993b9c3cdbe39145
dev_val,train/attack/digital_1/scan/arabic-024_03.jpg,data/processed/policy_c/train/attack/digital_1/scan/arabic-024_03.jpg,arabic-024_03,attack,digital_1,scan,1,74,30d22f4e47efa0da51d1224d53754290c1681d668a33a912511c4a1b78a996e9,3bcc52222c9d6d4db09a1d8d23b1b6eb27d6dcafd54adaad288c2d9c18a0e042
dev_val,train/attack/digital_2/huawei/arabic-024_03.jpg,data/processed/policy_c/train/attack/digital_2/huawei/arabic-024_03.jpg,arabic-024_03,attack,digital_2,huawei,1,78,bddabb47de17bca02c7cfee98cb5cd9c9ccc659660f7c8d5e2d12363cab74b62,c5bd1dc664dffd0e58f045f9e39509d40811e49e0e7ad51e4224dbe898ecda61
dev_val,train/attack/digital_2/iphone15pro/arabic-024_03.jpg,data/processed/policy_c/train/attack/digital_2/iphone15pro/arabic-024_03.jpg,arabic-024_03,attack,digital_2,iphone15pro,1,79,bf513ca55ee94ca51b76fc2f858e94cc87d78d9d33d6c57e3b8629e7b2c0b7bf,d3e93e8c914612f6790b619fd5369c95842b325462cb353ced245c8493e525bb
dev_val,train/attack/digital_2/scan/arabic-024_03.jpg,data/processed/policy_c/train/attack/digital_2/scan/arabic-024_03.jpg,arabic-024_03,attack,digital_2,scan,1,74,ac53339d773d373a6be9cc7a593b5adde0ed3227cb672b33cad4fa67b6c86e54,8ed519135a20e3b95f31578fa1742ee674f8482ef8ab76fb83d7ef6933b1afdd
dev_val,train/bonafide/huawei/arabic-024_03.jpg,data/processed/policy_c/train/bonafide/huawei/arabic-024_03.jpg,arabic-024_03,bonafide,,huawei,0,78,70ebdcec9d37469c8ccfc17114fc6b002370b5a5539254f5cf11fc78d9da6e9d,6a6bc925fd180ffdc52cbd2b9ff6b175552b3b1c9a79dc2a1b934b38e23727be
dev_val,train/bonafide/iphone15pro/arabic-024_03.jpg,data/processed/policy_c/train/bonafide/iphone15pro/arabic-024_03.jpg,arabic-024_03,bonafide,,iphone15pro,0,79,57c2f749a98e1ab06645d3973b61fe9372f86f49f65732ebd941e77b790e7a31,aa3bf197babc86925f337c0af2cb314031b745afe2b68ceeaf064575164507c3
dev_val,train/bonafide/scan/arabic-024_03.jpg,data/processed/policy_c/train/bonafide/scan/arabic-024_03.jpg,arabic-024_03,bonafide,,scan,0,74,d4ef8e8001a02529ddf8bd0586ed7be89f2ea44318e9a40fd352a7b99c1e179a,01bf0d1afca29a697acd2f0893b1d4420c87793e6c968b2375b1ac0e009bf89e
dev_val,train/attack/digital_1/huawei/arabic-120_03.jpg,data/processed/policy_c/train/attack/digital_1/huawei/arabic-120_03.jpg,arabic-120_03,attack,digital_1,huawei,1,67,119408a7ca3bcf6e07baa4e26c0cf0acce019be41ae6ea88b476868160350418,c673dae75af37c38253e3175a00144cab5d500bc841f4229e3fc1e8365701777
dev_val,train/attack/digital_1/iphone15pro/arabic-120_03.jpg,data/processed/policy_c/train/attack/digital_1/iphone15pro/arabic-120_03.jpg,arabic-120_03,attack,digital_1,iphone15pro,1,65,ffdd1d5aab5bd97c77dee2c284842e1a7b69bd7e55c4f19a16f8b7fa9260bf85,93c4f9ac518593b4002c0da3214ee6ca5f5e7d6ba9029d7c1dc44f6ec2556e78
dev_val,train/attack/digital_1/scan/arabic-120_03.jpg,data/processed/policy_c/train/attack/digital_1/scan/arabic-120_03.jpg,arabic-120_03,attack,digital_1,scan,1,65,70657c8f339a5b8eb944a8318db15a87feb505eda1eb9b6354b6037e1c22829d,8710dfbf6cac440a26ec1de00c536e287a9fcd4a937444e787f29250080c1777
dev_val,train/attack/digital_2/huawei/arabic-120_03.jpg,data/processed/policy_c/train/attack/digital_2/huawei/arabic-120_03.jpg,arabic-120_03,attack,digital_2,huawei,1,67,00e7ca24d53702654bfb60d61c71176b615fdeb07fd5dec47d6fbc5aa75c30ff,8637d1e95e77be08b2c3dd9ff684f1263eb64185ad71b4007ce1ed59e7c68e59
dev_val,train/attack/digital_2/iphone15pro/arabic-120_03.jpg,data/processed/policy_c/train/attack/digital_2/iphone15pro/arabic-120_03.jpg,arabic-120_03,attack,digital_2,iphone15pro,1,65,ada8974a1da4d73ed350637d6d462e79dce9e074cbdefa6b2a1c387b68cce3b3,c66107f08b4fe27ab6ce02a0f3a72cbfa3eb5f41f7df58336c2344ba5178fb39
dev_val,train/attack/digital_2/scan/arabic-120_03.jpg,data/processed/policy_c/train/attack/digital_2/scan/arabic-120_03.jpg,arabic-120_03,attack,digital_2,scan,1,65,043697c4e88ab85de69837b9ad3fa830847e33423b15f36be7bcef085cdf257c,d50496cd7c724743a0a7b6c06f00b27e7141d6ae93e93ef018d3197626308567
dev_val,train/bonafide/huawei/arabic-120_03.jpg,data/processed/policy_c/train/bonafide/huawei/arabic-120_03.jpg,arabic-120_03,bonafide,,huawei,0,67,3d0a91fd9727e8973c5b924626032351943a60f6cb2d0fccbf294cbac5bebc02,921aea4ad2ebc7ab7980776689d99ab55a3cb38ef47bb75a4dac1750d901220b
dev_val,train/bonafide/iphone15pro/arabic-120_03.jpg,data/processed/policy_c/train/bonafide/iphone15pro/arabic-120_03.jpg,arabic-120_03,bonafide,,iphone15pro,0,65,aac141b39b3a5295a9d1c21a35e076602612a576085a14b7164eb8bb9e5150da,874b0f849d8474c2ee4dcd027377e0f2fe7434b7d1840c491ce581041fcf18f1
dev_val,train/bonafide/scan/arabic-120_03.jpg,data/processed/policy_c/train/bonafide/scan/arabic-120_03.jpg,arabic-120_03,bonafide,,scan,0,65,35cb4677ee291898ebab3adc50c6551f67e5107b615939e8981f6af5af746396,7949f5704996bb94ac8db4a9edab6d859682fd6c205a02a78e467d5036a4ae28
dev_val,train/attack/digital_1/huawei/arabic-NF-1048.jpg,data/processed/policy_c/train/attack/digital_1/huawei/arabic-NF-1048.jpg,arabic-NF-1048,attack,digital_1,huawei,1,55,d4a852b20986999e9e88a386247217e5ad5cae888671e6b0a2df654ebae3a204,c97d12fefb7799e523964fb2f5fd49b3f841807740da0cb0cf760fe9ed5d46b3
dev_val,train/attack/digital_1/iphone15pro/arabic-NF-1048.jpg,data/processed/policy_c/train/attack/digital_1/iphone15pro/arabic-NF-1048.jpg,arabic-NF-1048,attack,digital_1,iphone15pro,1,57,2d0d0f91eeda060d38b5efaa635fb64db7eaae8dc9d73b60711aacac713b1d0d,afa6c36e151f4a71e53a4ee97ac496ab79631f5b28b9de3730ed967f538957da
dev_val,train/attack/digital_1/scan/arabic-NF-1048.jpg,data/processed/policy_c/train/attack/digital_1/scan/arabic-NF-1048.jpg,arabic-NF-1048,attack,digital_1,scan,1,50,216d0304c323e6a76db5b196bb643aad791959ab58eab6d40902bd317e3f21f7,60317a2e1f555082eee8862b6c8030db8a43e3954d4c32410ad6ff606a3b4cd2
dev_val,train/attack/digital_2/huawei/arabic-NF-1048.jpg,data/processed/policy_c/train/attack/digital_2/huawei/arabic-NF-1048.jpg,arabic-NF-1048,attack,digital_2,huawei,1,55,94870436784ef9ba1f265db99968827c0ce718f14833f9195768d34aa04cb476,cb08d76e06b46ebdd8849e394501af601a55ef1f1bc58b87b578d5c74ccd7876
dev_val,train/attack/digital_2/iphone15pro/arabic-NF-1048.jpg,data/processed/policy_c/train/attack/digital_2/iphone15pro/arabic-NF-1048.jpg,arabic-NF-1048,attack,digital_2,iphone15pro,1,57,4807ae3de2906babb39d57aad1183be36c819b06e5b022cbc8965e6d035ae131,6ed973e286ab0cfd538f49e328a6eb0ea62787f47240951a1075c4443ece77fd
dev_val,train/attack/digital_2/scan/arabic-NF-1048.jpg,data/processed/policy_c/train/attack/digital_2/scan/arabic-NF-1048.jpg,arabic-NF-1048,attack,digital_2,scan,1,50,1308e469fe41480ad9cb43903eed869d6d0afdd19676eaad569500b60995f0a9,0ff718cce90a47d6602db16a214e8412c5762f6a6da326dd1dab8ef86e298547
dev_val,train/bonafide/huawei/arabic-NF-1048.jpg,data/processed/policy_c/train/bonafide/huawei/arabic-NF-1048.jpg,arabic-NF-1048,bonafide,,huawei,0,55,fe1cd5dddf30c7afeebc7f64a484bf8e2d52d9f73ce89fb41d2558673ad05611,0d96915a3d568e06e05e40b6cabbd539870d80a869e8da6b57278be3d2ca7f80
dev_val,train/bonafide/iphone15pro/arabic-NF-1048.jpg,data/processed/policy_c/train/bonafide/iphone15pro/arabic-NF-1048.jpg,arabic-NF-1048,bonafide,,iphone15pro,0,57,5d80ce6f7ba3625ab2fa2b981b8dbb0b9bc656de4bb169cc7cb895ef2e21bb48,f889e69ce1b0df245af7e1f83e399da941e267128b3b382ff1909c6c8dc2da54
dev_val,train/bonafide/scan/arabic-NF-1048.jpg,data/processed/policy_c/train/bonafide/scan/arabic-NF-1048.jpg,arabic-NF-1048,bonafide,,scan,0,50,746adda7d899a8a4c66f929711767ec7977072e2e01dc830e25bc576f798abdf,4e3245e68f40871a516f545d1d2c23660a844abf0dc0cd25507299f077874036
dev_val,train/attack/digital_1/huawei/arabic-NF-1098.jpg,data/processed/policy_c/train/attack/digital_1/huawei/arabic-NF-1098.jpg,arabic-NF-1098,attack,digital_1,huawei,1,68,3af9d03c8937eec34efdbdd76bd097a84b99f3d4585e4ac75487884b6439339e,8e6695346cd8eee2e8a88df76e0c1a92eb61852a17d37dbd9fae21bde23a0e74
dev_val,train/attack/digital_1/iphone15pro/arabic-NF-1098.jpg,data/processed/policy_c/train/attack/digital_1/iphone15pro/arabic-NF-1098.jpg,arabic-NF-1098,attack,digital_1,iphone15pro,1,57,46d7004701d466d1145cc259b52dad002fb44ca01137846ca05cc1bf719543a5,2304878d324a1ee3f15a837b3adf617325318328a17b00f6a113ab6bc8edf2be
dev_val,train/attack/digital_1/scan/arabic-NF-1098.jpg,data/processed/policy_c/train/attack/digital_1/scan/arabic-NF-1098.jpg,arabic-NF-1098,attack,digital_1,scan,1,90,8f4840cea1e3402c22a558036921b327e5277339d235290b095247fa324de6d1,5f242be820df37504cbc27ea82a0a57a5591222b3c22402bb3b8f5fde1c633a4
dev_val,train/attack/digital_2/huawei/arabic-NF-1098.jpg,data/processed/policy_c/train/attack/digital_2/huawei/arabic-NF-1098.jpg,arabic-NF-1098,attack,digital_2,huawei,1,68,b82cda30ca96b13003d219cf715709569ad60118581eab659d77c6f932a1358a,ffd179a235fa4c60c77bb623e6135f2b9b1b9f0cdf1908087ef2323f23f3d7e4
dev_val,train/attack/digital_2/iphone15pro/arabic-NF-1098.jpg,data/processed/policy_c/train/attack/digital_2/iphone15pro/arabic-NF-1098.jpg,arabic-NF-1098,attack,digital_2,iphone15pro,1,57,41d4f4747afbd2ec3b972ef1bbdd40eb4b61c3d46aa8ac772ac98914b53dd6ad,67d8c4ce606bddba508ed982b6cdf2a4caa35977d5a029a4fef6fe8328943f93
dev_val,train/attack/digital_2/scan/arabic-NF-1098.jpg,data/processed/policy_c/train/attack/digital_2/scan/arabic-NF-1098.jpg,arabic-NF-1098,attack,digital_2,scan,1,90,ed2c7cc7b294c4bd264b352c3c5c93fd9ccbf6c559bd3fea0670bd4c29927b59,3d467cfcbecff4d7f7ba4d490982b0a106765c5e3a5f69eb4ed58c396b0b77d4
dev_val,train/bonafide/huawei/arabic-NF-1098.jpg,data/processed/policy_c/train/bonafide/huawei/arabic-NF-1098.jpg,arabic-NF-1098,bonafide,,huawei,0,68,780246118ea85a3e540f01948f09fdb8f18caf30da4373f83f1718cb0e0b80c1,346e45ede1e5ff8e52a875827371a9332a61596e1cfd86c571417d2a11b90edf
dev_val,train/bonafide/iphone15pro/arabic-NF-1098.jpg,data/processed/policy_c/train/bonafide/iphone15pro/arabic-NF-1098.jpg,arabic-NF-1098,bonafide,,iphone15pro,0,57,1f13a08d86da60a3ecff55e059c80d8e476facadd37b864ae348ce7798f98e95,ace8d32f37c52d6c30f44ec9c5c3dc0c81c32bf8848bad57113f476ecb6566fc
dev_val,train/bonafide/scan/arabic-NF-1098.jpg,data/processed/policy_c/train/bonafide/scan/arabic-NF-1098.jpg,arabic-NF-1098,bonafide,,scan,0,90,d87e4711a139d1352ca56b1f9b71cee1e5dd706558cf83056243c036c85185ae,92cf65c34a5c3e81f4640f9971316095201d7d52e23a4f13cc9f1d7e5592a80d
dev_val,train/attack/digital_1/huawei/arabic-NM-1090.jpg,data/processed/policy_c/train/attack/digital_1/huawei/arabic-NM-1090.jpg,arabic-NM-1090,attack,digital_1,huawei,1,55,8aca034afbddcf61dffb96ca1daf30d1a1a391b52743a5fc6f17aa76b2ed7633,051f8f74a64d525f344242b53abeae55d8c9e13a8371ad68663cdb4057e6f29f
dev_val,train/attack/digital_1/iphone15pro/arabic-NM-1090.jpg,data/processed/policy_c/train/attack/digital_1/iphone15pro/arabic-NM-1090.jpg,arabic-NM-1090,attack,digital_1,iphone15pro,1,63,70a21afd3ddc595cfa94478f553fa75f57b5ddd22f07b4db7a521d81eaf2ec01,affe0a055d68bea39153e11ffa990ddabcc00cc5eed027a1428923f254bf3e85
dev_val,train/attack/digital_1/scan/arabic-NM-1090.jpg,data/processed/policy_c/train/attack/digital_1/scan/arabic-NM-1090.jpg,arabic-NM-1090,attack,digital_1,scan,1,80,202ff218a1b60dc7f79cfd249bd39cdfe1e7bdd03265158eccbc6c7c07510ecf,7896c3b3a7483e097a02661308fba482cb3c7363d685803283432194c9c53e8f
dev_val,train/attack/digital_2/huawei/arabic-NM-1090.jpg,data/processed/policy_c/train/attack/digital_2/huawei/arabic-NM-1090.jpg,arabic-NM-1090,attack,digital_2,huawei,1,55,cdc536c2c0a93765fde5bfa097cdc5c2190b25e41672356d0fdf2655af6dac22,417b704a10ae419483d1978ad7418c18b8fb42f06ca66545c7a7b3e90d318f49
dev_val,train/attack/digital_2/iphone15pro/arabic-NM-1090.jpg,data/processed/policy_c/train/attack/digital_2/iphone15pro/arabic-NM-1090.jpg,arabic-NM-1090,attack,digital_2,iphone15pro,1,63,5d60f3ee19b4fd81635eebd42a7f764772df703770e6ac14c2960c8e68b27710,d719a7b6d63667dbe878ee10d5f04852b465989bfa718524c6cc956b563e500e
dev_val,train/attack/digital_2/scan/arabic-NM-1090.jpg,data/processed/policy_c/train/attack/digital_2/scan/arabic-NM-1090.jpg,arabic-NM-1090,attack,digital_2,scan,1,80,f10a97d9eb779168aab7afcc87bb22ad1431d4cc8352dcfbdc6b110a490546f1,2b6da3a0dc54432cbcdc19315f03163f26f9440339383038a5b163547082c289
dev_val,train/bonafide/huawei/arabic-NM-1090.jpg,data/processed/policy_c/train/bonafide/huawei/arabic-NM-1090.jpg,arabic-NM-1090,bonafide,,huawei,0,55,6ee1fd16a075c1dcd85c21d5d65e613f44a524e6fbe81198cb882684382466af,0c1ec3ce9214c014ba322d10472d47a691b3218307d095546013e3d38784cf73
dev_val,train/bonafide/iphone15pro/arabic-NM-1090.jpg,data/processed/policy_c/train/bonafide/iphone15pro/arabic-NM-1090.jpg,arabic-NM-1090,bonafide,,iphone15pro,0,63,583dc033d62a7999a4033fd07dfd82b30a9d94eb25493c737c0f0b8e52e2aed6,e68a931c9720f4184b9eeef6b330b358ca9064867372642966dd95a06635168f
dev_val,train/bonafide/scan/arabic-NM-1090.jpg,data/processed/policy_c/train/bonafide/scan/arabic-NM-1090.jpg,arabic-NM-1090,bonafide,,scan,0,80,d72c0e36651b5807fc2f5e6c199b1304e70f3043af96f850967dff889a46e5ea,2936fa39f08a401da88377bfc110844eb187b9ffffa93ae66700c246da92f5ee
dev_val,train/attack/digital_1/huawei/chinese-001_03.jpg,data/processed/policy_c/train/attack/digital_1/huawei/chinese-001_03.jpg,chinese-001_03,attack,digital_1,huawei,1,77,b164b59032bb4f99851296a35d18f34b19d3650d339fbee4a1ef5798fd2eb0db,6e3d0e4344d30d739f9c7ef7263ebf2318c059e3a8a08e803652d17c17e418e2
dev_val,train/attack/digital_1/iphone15pro/chinese-001_03.jpg,data/processed/policy_c/train/attack/digital_1/iphone15pro/chinese-001_03.jpg,chinese-001_03,attack,digital_1,iphone15pro,1,70,8e2699ebc3ca02e7e2d677d3f43a9fb14ea39df782619e790253e8c3dc9fa620,5167a85151bec079ca7fb942a3d746effbf4cf4fe599765d583565ca77bce711
dev_val,train/attack/digital_1/scan/chinese-001_03.jpg,data/processed/policy_c/train/attack/digital_1/scan/chinese-001_03.jpg,chinese-001_03,attack,digital_1,scan,1,82,037aecf4c79f4c583531ce1d0818a10c2093bb1fcc6638cd70f10b773b25024d,3260b28f1568c4d381522278f740d96a22ec2b4874a03330cc7aee906ae85163
dev_val,train/attack/digital_2/huawei/chinese-001_03.jpg,data/processed/policy_c/train/attack/digital_2/huawei/chinese-001_03.jpg,chinese-001_03,attack,digital_2,huawei,1,77,25af6c40741a0a891063df433b55de843092fa3954324c0815c1fda7eacb013d,89f44d659bad2d309a716237d4d81eae9f451435719a5a92b5e0aab4dd3e8f10
dev_val,train/attack/digital_2/iphone15pro/chinese-001_03.jpg,data/processed/policy_c/train/attack/digital_2/iphone15pro/chinese-001_03.jpg,chinese-001_03,attack,digital_2,iphone15pro,1,70,ef50fdd4eac8b3698dadb3ba9fda3e9dd2bbc1510e95b4ca586a8f6ed3014c8e,bab0ed7dd06fc24906df216e39ea25e6ca74ecdccd7c8dba78fd8a9b342b686c
dev_val,train/attack/digital_2/scan/chinese-001_03.jpg,data/processed/policy_c/train/attack/digital_2/scan/chinese-001_03.jpg,chinese-001_03,attack,digital_2,scan,1,82,ea57d339ebeb3763f9436e5fa90aeeb069888fc043102212ff5ba580c775c2d9,8a5be599957f2d4a621b32173368b48f21cb2106511baf297a9101de1f2b9d59
dev_val,train/bonafide/huawei/chinese-001_03.jpg,data/processed/policy_c/train/bonafide/huawei/chinese-001_03.jpg,chinese-001_03,bonafide,,huawei,0,77,d0f89a737f4a14b41606dee81c08ed335c898108516c9b668f5854ffc34615f2,6175cde11881c5f4ab0179574203fca428e98a26ce8d5157e09aa06e9437d9ad
dev_val,train/bonafide/iphone15pro/chinese-001_03.jpg,data/processed/policy_c/train/bonafide/iphone15pro/chinese-001_03.jpg,chinese-001_03,bonafide,,iphone15pro,0,70,34bf709890956cb439d703002e633a754c17c12e4188b5293c9d9ab8d968c004,4faa0ffe08261d453ad0d7b7e70b749aa73b4333692222e42ae7a54545d046b5
dev_val,train/bonafide/scan/chinese-001_03.jpg,data/processed/policy_c/train/bonafide/scan/chinese-001_03.jpg,chinese-001_03,bonafide,,scan,0,82,51bf21fa4391223d5f90b545e36ac1a5f6e84e7022830f2cf183d491c59afcfa,a56c527217ae887d83bdd6f8033952a80c4935662a63258bd5583bd5414f2a8b
dev_val,train/attack/digital_1/huawei/chinese-113_03.jpg,data/processed/policy_c/train/attack/digital_1/huawei/chinese-113_03.jpg,chinese-113_03,attack,digital_1,huawei,1,85,b2147ae01370c48d066f37be5e97aa940f46d2adbe51618e8f4908b4e2ef5312,51f2e6039f67f38db17810bb427622ae97a2da213cf2cff21b07db4c5f7bd12e
dev_val,train/attack/digital_1/iphone15pro/chinese-113_03.jpg,data/processed/policy_c/train/attack/digital_1/iphone15pro/chinese-113_03.jpg,chinese-113_03,attack,digital_1,iphone15pro,1,72,bf4cbbc51146405d7663e6f25d911e35b5772c60f83e42a92c5ee8aa5a87f32e,52fb1c67d0cc7abc69d335272391e8fe1bf627cdcdd6efe76a9bb69e476d50b9
dev_val,train/attack/digital_1/scan/chinese-113_03.jpg,data/processed/policy_c/train/attack/digital_1/scan/chinese-113_03.jpg,chinese-113_03,attack,digital_1,scan,1,58,a7a4c7b2ef8708d3efea6bd02e5b9156a8bfb2d3108a15774a8326c401024ae7,7690ad8a52f556da50f41913ef38cc7ed622d2ba227ddebe6ae491915f9c4c23
dev_val,train/attack/digital_2/huawei/chinese-113_03.jpg,data/processed/policy_c/train/attack/digital_2/huawei/chinese-113_03.jpg,chinese-113_03,attack,digital_2,huawei,1,85,73f58b01cb3c2bd7a562fd7182c4363259c0a72d1fb08091ee8c01de56a36dc9,b2e75e9bd3ac7a7b72d07648f9b2a2ab37fa59e81f2e36e8b1aea1811372bf79
dev_val,train/attack/digital_2/iphone15pro/chinese-113_03.jpg,data/processed/policy_c/train/attack/digital_2/iphone15pro/chinese-113_03.jpg,chinese-113_03,attack,digital_2,iphone15pro,1,72,2a0350f1a570f0010f67127f2f60134b1773cff085b0414932e68515ccf81eb1,7dcfaeef8807fa18c76f3a745c3436679a6579fb64662f332bceacd41c8685f2
dev_val,train/attack/digital_2/scan/chinese-113_03.jpg,data/processed/policy_c/train/attack/digital_2/scan/chinese-113_03.jpg,chinese-113_03,attack,digital_2,scan,1,58,0c46cf085d875b2e3edc3ffa32d02e02a85948f41ab716fb7e376633b57251e0,314c64a3a590d2cecbe64beb5d74ab39e707ade70c024e0ee882366b29719b55
dev_val,train/bonafide/huawei/chinese-113_03.jpg,data/processed/policy_c/train/bonafide/huawei/chinese-113_03.jpg,chinese-113_03,bonafide,,huawei,0,85,359c1568b4dc1e2802350217bc8c1b89ff47e9815f5415d58a68e04480e9b9bc,76d143e5f943a990b543d59259ee610c1526a8aef39dec35a991cbaca88ad378
dev_val,train/bonafide/iphone15pro/chinese-113_03.jpg,data/processed/policy_c/train/bonafide/iphone15pro/chinese-113_03.jpg,chinese-113_03,bonafide,,iphone15pro,0,72,70a840077473d9d40624937411d49ff14c707df1407961a8d43a26c6f8a4f51e,4d2f8a7fbafea0de5c2a99a8a8baf890ed636a6fdf53d896f2ad99587e8111ea
dev_val,train/bonafide/scan/chinese-113_03.jpg,data/processed/policy_c/train/bonafide/scan/chinese-113_03.jpg,chinese-113_03,bonafide,,scan,0,58,27b5d2af61d875710377ef22eba2aa7a37580ad5319c2d00e0a16e704234f7f0,1e1a75d777dd81c623a4d28087d88f0b86894468dc81e85138ac9e42c32a4126
dev_val,train/attack/digital_1/huawei/chinese-142_03.jpg,data/processed/policy_c/train/attack/digital_1/huawei/chinese-142_03.jpg,chinese-142_03,attack,digital_1,huawei,1,60,15e8b5325287d2ea31662252568144a27df5b8b156fdc9d0a282f29574d408a8,03c590537fd0c2afde61a5751ca4faffead511e845e09f341100c4299ca6ed85
dev_val,train/attack/digital_1/iphone15pro/chinese-142_03.jpg,data/processed/policy_c/train/attack/digital_1/iphone15pro/chinese-142_03.jpg,chinese-142_03,attack,digital_1,iphone15pro,1,56,07bc924a3214ba571ae8e70af92809340b9bbaad7dea3f8889ef04348d8a6c35,5a56e5a0c29efc210919ffefba4b3f61f5f46bc346e666edf8fd6776cb811864
dev_val,train/attack/digital_1/scan/chinese-142_03.jpg,data/processed/policy_c/train/attack/digital_1/scan/chinese-142_03.jpg,chinese-142_03,attack,digital_1,scan,1,65,a22563908cd096007941f2748f8cb25f6e24151c7b1e1ace336c185da1934152,f9475a4377df553ac4d142144325f619101334c5c076b139a7b8cb7ba19d4546
dev_val,train/attack/digital_2/huawei/chinese-142_03.jpg,data/processed/policy_c/train/attack/digital_2/huawei/chinese-142_03.jpg,chinese-142_03,attack,digital_2,huawei,1,60,9706589f3506cd1c065c8a0b1b4ed70c2fc9a5469d447b337e14ad1cd9c35c1d,82d1420184dc011310e87688e7650ac9321721f5f38674ab8005b6b8dd59c830
dev_val,train/attack/digital_2/iphone15pro/chinese-142_03.jpg,data/processed/policy_c/train/attack/digital_2/iphone15pro/chinese-142_03.jpg,chinese-142_03,attack,digital_2,iphone15pro,1,56,5eb17f8835f1f98e9e63561b00ed24bcee6ee474e61a2074227451ec987dcbd3,3fe8962e96404c778c8b33734dc6ec3aed00c46373e3584ec817c556ea810392
dev_val,train/attack/digital_2/scan/chinese-142_03.jpg,data/processed/policy_c/train/attack/digital_2/scan/chinese-142_03.jpg,chinese-142_03,attack,digital_2,scan,1,65,6f69a997fb492bd228639bedeaee9167be94e32deef7628f06481b1cbd6c43e5,d89eff8ab5bc70b91ed081e847810322afb83080eac491d293b5f70b50b971c1
dev_val,train/bonafide/huawei/chinese-142_03.jpg,data/processed/policy_c/train/bonafide/huawei/chinese-142_03.jpg,chinese-142_03,bonafide,,huawei,0,60,ecd6f68d4a02f60c5b7226c3b2d2ef30ef1d876e71bb3e8057ed4f56823ccc01,d3c67f7ec6a40108c7b2c23e0fe0d41f4fea8725f7fb5b292ed221e06c852a94
dev_val,train/bonafide/iphone15pro/chinese-142_03.jpg,data/processed/policy_c/train/bonafide/iphone15pro/chinese-142_03.jpg,chinese-142_03,bonafide,,iphone15pro,0,56,59ee25cdabcec97c13ea76ac1aafb2b82fff03b8c1c78ef6315bd619f395be60,2da72df3818fb6d5819433288f694eff4eaaf5831df2fe9d0b172b7a256b1c1d
dev_val,train/bonafide/scan/chinese-142_03.jpg,data/processed/policy_c/train/bonafide/scan/chinese-142_03.jpg,chinese-142_03,bonafide,,scan,0,65,94ea31abef42a9314b3f43c73594e047bef9c4b98d8a6f18c6f521983183a158,82b238b19a3fb1b4e148ac9a050830511032b3eaf847d4855914f3b468292a2a
dev_val,train/attack/digital_1/huawei/chinese-NF-1050.jpg,data/processed/policy_c/train/attack/digital_1/huawei/chinese-NF-1050.jpg,chinese-NF-1050,attack,digital_1,huawei,1,58,b23a6b6767e58c9b8792f78068600ab692cfb34ab110d6e7830a0e3a86d961bf,2b6c889b1e45b2bf3f433cb2d00e9baa71c2feaf70e26ac7bb732f29c26054c6
dev_val,train/attack/digital_1/iphone15pro/chinese-NF-1050.jpg,data/processed/policy_c/train/attack/digital_1/iphone15pro/chinese-NF-1050.jpg,chinese-NF-1050,attack,digital_1,iphone15pro,1,72,ef9e4047387f9ef7261776316ec7ecbb46e10d72876e55dcf627ab567c392e03,4828f05b119ca8201333e804052180670002e92208727649ac37b2a2aba15e47
dev_val,train/attack/digital_1/scan/chinese-NF-1050.jpg,data/processed/policy_c/train/attack/digital_1/scan/chinese-NF-1050.jpg,chinese-NF-1050,attack,digital_1,scan,1,50,884cf18df15efd5cfa977601f8d18824178db712235af67f7b2f3b38fe419b7a,98734a4c484b85dd4b684cda2a81722988d30d49ef4112558ce78d20c59088be
dev_val,train/attack/digital_2/huawei/chinese-NF-1050.jpg,data/processed/policy_c/train/attack/digital_2/huawei/chinese-NF-1050.jpg,chinese-NF-1050,attack,digital_2,huawei,1,58,c5180025e58292fb8818dc189d9d646c1765d94472480f782debe9f16827d891,046572700f49908a8b3bb296de90cb38ef4d49308fd8c5eb3521787410178a36
dev_val,train/attack/digital_2/iphone15pro/chinese-NF-1050.jpg,data/processed/policy_c/train/attack/digital_2/iphone15pro/chinese-NF-1050.jpg,chinese-NF-1050,attack,digital_2,iphone15pro,1,72,5ffc52084e651d51600a50adfe2099270bee9929ff7e9fa642587a680e926db7,3975d93a06b469bc2120fe97ada6d34d6e125ac7441476e6f24274dd6a759a08
dev_val,train/attack/digital_2/scan/chinese-NF-1050.jpg,data/processed/policy_c/train/attack/digital_2/scan/chinese-NF-1050.jpg,chinese-NF-1050,attack,digital_2,scan,1,50,267f34fdbed50d0328df81ba5b5c1fff68b60319cfcaf7e080934e92618b52d1,3beb266b5e8ed86c0bdd33f618f1588016776c20088207c5e8d48378594ca2a4
dev_val,train/bonafide/huawei/chinese-NF-1050.jpg,data/processed/policy_c/train/bonafide/huawei/chinese-NF-1050.jpg,chinese-NF-1050,bonafide,,huawei,0,58,1dc3985a858fdd2be3916760afecda4d325f626c9083083116e02e1a4ad93555,83edd7b1f7f20e2ef511ce9f8f6c307869cbdebde9c7b6ff408ae85e79f2d063
dev_val,train/bonafide/iphone15pro/chinese-NF-1050.jpg,data/processed/policy_c/train/bonafide/iphone15pro/chinese-NF-1050.jpg,chinese-NF-1050,bonafide,,iphone15pro,0,72,51ba1d0c2ef4b3b8889264894fc1c0fa0121af42c1d4768e5f7b6931f845cbc4,7c96c40fdbdc0ce2b9c165ab8f3ab54ea4faed77e860077a09777086c67f9ec3
dev_val,train/bonafide/scan/chinese-NF-1050.jpg,data/processed/policy_c/train/bonafide/scan/chinese-NF-1050.jpg,chinese-NF-1050,bonafide,,scan,0,50,37a4112ffc4c3bb3db35d3c91f6e030469e4eb902f75c8f25a6fa2b8ee76c661,c81f6ba9cc6ea8c7fd4d5b2ceae33cdd3d53ec9b9cc62fd207f2af8d2ddc4e9c
dev_val,train/attack/digital_1/huawei/chinese-NF-1085.jpg,data/processed/policy_c/train/attack/digital_1/huawei/chinese-NF-1085.jpg,chinese-NF-1085,attack,digital_1,huawei,1,76,e47699245a26d4e949892613ea0d2eadedc5c970cd04c491280738d74a680922,994573cc4104a68a91e75e81447e76378fcc932b746021ffebe7e71903d18175
dev_val,train/attack/digital_1/iphone15pro/chinese-NF-1085.jpg,data/processed/policy_c/train/attack/digital_1/iphone15pro/chinese-NF-1085.jpg,chinese-NF-1085,attack,digital_1,iphone15pro,1,58,8dda3ea39958e8a4556bc281f546ba002e7d9c0b95dea5d306d065453a69417f,4213a1c740616c6fb80038f1203e1660583a488dbe24dcaf36bd7c2bd63d0338
dev_val,train/attack/digital_1/scan/chinese-NF-1085.jpg,data/processed/policy_c/train/attack/digital_1/scan/chinese-NF-1085.jpg,chinese-NF-1085,attack,digital_1,scan,1,50,0ccbb75904ee6308728ffbb67f86e08554eff1a308f84ced5f7404079d2e3e82,424891a7869a25522f532969f1f389d767388695cf7497bf1da217c47b30ff2a
dev_val,train/attack/digital_2/huawei/chinese-NF-1085.jpg,data/processed/policy_c/train/attack/digital_2/huawei/chinese-NF-1085.jpg,chinese-NF-1085,attack,digital_2,huawei,1,76,b191c175f938297976663a55610c6543c966dd2c74b441657338932d1ce7e9ae,0dd52b9a140ba27c8c0cb5b55d06c97c00b695476d3923f96b47b61f251527bf
dev_val,train/attack/digital_2/iphone15pro/chinese-NF-1085.jpg,data/processed/policy_c/train/attack/digital_2/iphone15pro/chinese-NF-1085.jpg,chinese-NF-1085,attack,digital_2,iphone15pro,1,58,f15b5659f6430a27b9516bd71bfcf5deeab1ac04b8b09e2587a5a15731695dcc,d9cf3cc11816ef8940218879bb1be75aaf0fc2ad01b31fa080c988c1e1610ad2
dev_val,train/attack/digital_2/scan/chinese-NF-1085.jpg,data/processed/policy_c/train/attack/digital_2/scan/chinese-NF-1085.jpg,chinese-NF-1085,attack,digital_2,scan,1,50,6898f643b7b86be7235b525f016059dfb663e5a346f0c37f7749180262042179,9e2de6bfaaf8b900f1d382f8f97e07e547305835eae0875d493b54db3327351d
dev_val,train/bonafide/huawei/chinese-NF-1085.jpg,data/processed/policy_c/train/bonafide/huawei/chinese-NF-1085.jpg,chinese-NF-1085,bonafide,,huawei,0,76,d2ac249dfc22107602da52a781586d2a32f15568c1f44fc33db650d24401ea87,56de428f24c5be49600d6d6286f6188846974cf5748f05be626f6099eb6e43ac
dev_val,train/bonafide/iphone15pro/chinese-NF-1085.jpg,data/processed/policy_c/train/bonafide/iphone15pro/chinese-NF-1085.jpg,chinese-NF-1085,bonafide,,iphone15pro,0,58,80da96e8b1cab30045deec3f904eb0f351c64a7b022efd36b0c542e20b21f682,9d8ea75beddf82ad8f299ac944cbba320483281c956017a2eba0d082108b7440
dev_val,train/bonafide/scan/chinese-NF-1085.jpg,data/processed/policy_c/train/bonafide/scan/chinese-NF-1085.jpg,chinese-NF-1085,bonafide,,scan,0,50,a9b109012f3743aeff5bd878700a538a27779db7d0e4d398cb5f6bf6b7094c03,22c8bbff1bdc29e02f3cb305225dc2328dea05f938bdb012dd99f9fca30a8658
dev_val,train/attack/digital_1/huawei/chinese-NM-1092.jpg,data/processed/policy_c/train/attack/digital_1/huawei/chinese-NM-1092.jpg,chinese-NM-1092,attack,digital_1,huawei,1,61,02f7b0b754bd7ac3992bc83eb6dac32e0bec8bbe000c530c01bc982881f7e6e6,de5fc06ba946074787d81970415989a55a180db9d05de91e4aff422a436b4890
dev_val,train/attack/digital_1/iphone15pro/chinese-NM-1092.jpg,data/processed/policy_c/train/attack/digital_1/iphone15pro/chinese-NM-1092.jpg,chinese-NM-1092,attack,digital_1,iphone15pro,1,64,d4ad5594fdf061ad03072317b328cd0c2229cb333836ec8a3d53e9d8e1248348,e418e5510d6ff94846cf0f695d406b999ed98c984d9b5c057293c72f02f47585
dev_val,train/attack/digital_1/scan/chinese-NM-1092.jpg,data/processed/policy_c/train/attack/digital_1/scan/chinese-NM-1092.jpg,chinese-NM-1092,attack,digital_1,scan,1,85,f35d8d355e67740d5711972c6c3913b925ff35e288c2f82a91526134f88cc1dd,6cf552f898583ddf8b2d416c869301f6b254396ab3d7d667544aab971ea31517
dev_val,train/attack/digital_2/huawei/chinese-NM-1092.jpg,data/processed/policy_c/train/attack/digital_2/huawei/chinese-NM-1092.jpg,chinese-NM-1092,attack,digital_2,huawei,1,61,6357204096345ddfd04a68438d9452699d069e0f6c777b38419f5d986aa9f605,45296e80708af6c096ee2e10a5424ccefb51ffdde4191e192cb974ea2d3609bc
dev_val,train/attack/digital_2/iphone15pro/chinese-NM-1092.jpg,data/processed/policy_c/train/attack/digital_2/iphone15pro/chinese-NM-1092.jpg,chinese-NM-1092,attack,digital_2,iphone15pro,1,64,deef1bc70b00d694fd1a23138373648f56e5862d54c8b1339b1d49fdcd4eb1d9,3ecb19ae5947cd1f22d941c1be5f68d1e5c0b97fdb870b01ad20467510b31e3c
dev_val,train/attack/digital_2/scan/chinese-NM-1092.jpg,data/processed/policy_c/train/attack/digital_2/scan/chinese-NM-1092.jpg,chinese-NM-1092,attack,digital_2,scan,1,85,8c08ad6fd72c20acd82f776a1a0f4dd8435e9a78e83248835d741b101235ece6,cfbbc8d4f6b6cdcbceeeb0802e60faa57d73f83315a6ca4a1eb2affdac9b0543
dev_val,train/bonafide/huawei/chinese-NM-1092.jpg,data/processed/policy_c/train/bonafide/huawei/chinese-NM-1092.jpg,chinese-NM-1092,bonafide,,huawei,0,61,5d266bc135b17db411b13ccf20ff97aca62dc4ad10b37ff20fcfa054b45a63b7,4b542a4c0b5172bed9eba3ab69b2e6fac2de26f305d9e762f4c643108ac5abba
dev_val,train/bonafide/iphone15pro/chinese-NM-1092.jpg,data/processed/policy_c/train/bonafide/iphone15pro/chinese-NM-1092.jpg,chinese-NM-1092,bonafide,,iphone15pro,0,64,2b24a87358cd0ed49ac245cfcc7b87aa00444b6568cee7c13bbfd99cb5fa3ce1,949f8e1618f73cdd30a3a52f709095c0bcd4372f6144a310d1385d05e79852e6
dev_val,train/bonafide/scan/chinese-NM-1092.jpg,data/processed/policy_c/train/bonafide/scan/chinese-NM-1092.jpg,chinese-NM-1092,bonafide,,scan,0,85,2ed98b135ed88ad7f4331a1ba1efc4c68cd2cb9a55c4a9ba897908c71f5e1a2a,759aad7960537b5d18d55eb541ec9653c703dc4e8c5c6c5d41530a53707b4248
dev_val,train/attack/digital_1/huawei/french-019_03.jpg,data/processed/policy_c/train/attack/digital_1/huawei/french-019_03.jpg,french-019_03,attack,digital_1,huawei,1,77,e9ea4db5d5f41b0709648628e697bc8bbbd59390ac77532ebe843f417efae21b,b19d506828548329f6084192a57cd94bd852d2caef9028820688f3e3b3ee53eb
dev_val,train/attack/digital_1/iphone15pro/french-019_03.jpg,data/processed/policy_c/train/attack/digital_1/iphone15pro/french-019_03.jpg,french-019_03,attack,digital_1,iphone15pro,1,50,b423262b600d30325e8629cc3803f6961736fba37cddba13b948f507b513f6fc,cc9498b2e6d8d97e2d62b3f6db232f1924a1b5e6a31908d789835d7b7ed8ca65
dev_val,train/attack/digital_1/scan/french-019_03.jpg,data/processed/policy_c/train/attack/digital_1/scan/french-019_03.jpg,french-019_03,attack,digital_1,scan,1,82,d54ef73c55a527114ed1bd7de290cda05b044aafe1aaf402e44e896ccdfa18c0,338dfdebc190afe101539979626007fd4a9ce879b99d0abf871e86e553347225
dev_val,train/attack/digital_2/huawei/french-019_03.jpg,data/processed/policy_c/train/attack/digital_2/huawei/french-019_03.jpg,french-019_03,attack,digital_2,huawei,1,77,8d311a6a1b47ace71edb7f4f425c651b2713ad180d0f7f56f359549c35f43bc4,7faa1b6f6fe10f259dbd18d44d2a215f77152dd0872bdea1f08b5fb7c3f5fc8b
dev_val,train/attack/digital_2/iphone15pro/french-019_03.jpg,data/processed/policy_c/train/attack/digital_2/iphone15pro/french-019_03.jpg,french-019_03,attack,digital_2,iphone15pro,1,50,b31ddaa5143f68d86be8c02ecdda4cbee7062affd0dd8e6fdbe090ca2ffc5642,caa109f68fecac561114c9582eafcd456071a429a053d543af323bbf9274ae47
dev_val,train/attack/digital_2/scan/french-019_03.jpg,data/processed/policy_c/train/attack/digital_2/scan/french-019_03.jpg,french-019_03,attack,digital_2,scan,1,82,939f8cd435d3b2d8788f772435c593acc92f923276b081a787e581e1ea708cca,959393842920ca933b2f71eec77daa43dd8ff1a7f96cf8eebcf092f15ec8131e
dev_val,train/bonafide/huawei/french-019_03.jpg,data/processed/policy_c/train/bonafide/huawei/french-019_03.jpg,french-019_03,bonafide,,huawei,0,77,ad16b77ffdd7b50d47d9670cd83f78efe91b933aab783c87bfec23163cde0d47,d2debd7c9ba1891721020d8009b9783e4f65f0ce09c5b59e71eae7b2167f6482
dev_val,train/bonafide/iphone15pro/french-019_03.jpg,data/processed/policy_c/train/bonafide/iphone15pro/french-019_03.jpg,french-019_03,bonafide,,iphone15pro,0,50,f5ea958159de4b68741af2453125589eb80d5aec92aa4711bb36dee1fd7e8e16,69f29b7b7745de1f87646c98eec282145060cfc2c6d78cc0473160f9ca5e871b
dev_val,train/bonafide/scan/french-019_03.jpg,data/processed/policy_c/train/bonafide/scan/french-019_03.jpg,french-019_03,bonafide,,scan,0,82,4cfe8c98a1a80c71b0ddbabb61304949e0b5fd0fa8e60be810c4ff30f75a431e,7b06c96bb74f031dab569dea2cf6d77c31c31938ef112b0b2a103faccdd1d2ba
dev_val,train/attack/digital_1/huawei/french-114_03.jpg,data/processed/policy_c/train/attack/digital_1/huawei/french-114_03.jpg,french-114_03,attack,digital_1,huawei,1,75,3f04ec702d3aebae1dec4df98b2d0e6f10f236b66d9d286208a8aa9ee71489f8,16dd7ebe8835df821dbcb76ef6a708b1829e83d7326b1dc57e1703aaec0f3d6a
dev_val,train/attack/digital_1/iphone15pro/french-114_03.jpg,data/processed/policy_c/train/attack/digital_1/iphone15pro/french-114_03.jpg,french-114_03,attack,digital_1,iphone15pro,1,64,cc6c31d137281f4f670c3437cc2e5cbbcb6b5aa6c85b0f8d01b58c3fc6a44e03,da6d94df0cf8d7ead20963b39b54625510855dcd4d1228b71f290a8af3cc9a7a
dev_val,train/attack/digital_1/scan/french-114_03.jpg,data/processed/policy_c/train/attack/digital_1/scan/french-114_03.jpg,french-114_03,attack,digital_1,scan,1,61,d88bd222a8526bf9ce4a5c76c723695f1a0a6f30c6f6c3539caaa80e237d2a3b,5ba8dd8864a15d089b833c849bdccc9157a89971c151bee1d9a2ed7081c6109c
dev_val,train/attack/digital_2/huawei/french-114_03.jpg,data/processed/policy_c/train/attack/digital_2/huawei/french-114_03.jpg,french-114_03,attack,digital_2,huawei,1,75,b0dd85b586bce1d4bf1254a0e2dc62769f8bb9cdf1990dd5c1b148bf584d7646,24aa9353ff4c0fcfdb0ed343ca19161da7513207c09d1fabb6e063f80de12e31
dev_val,train/attack/digital_2/iphone15pro/french-114_03.jpg,data/processed/policy_c/train/attack/digital_2/iphone15pro/french-114_03.jpg,french-114_03,attack,digital_2,iphone15pro,1,64,8522edaaa887aae023d48b954d455066c3976b7abe3ae078d06ca5a5a2ae813f,6463f7a54746fb152bf1c37b7d6fef42e995cdc8a433127ed598beafe32a43a7
dev_val,train/attack/digital_2/scan/french-114_03.jpg,data/processed/policy_c/train/attack/digital_2/scan/french-114_03.jpg,french-114_03,attack,digital_2,scan,1,61,5bc56dab0fb98427b03d753cbb84ae906a49dd146070050135d23507d6a77e4f,c360e5b84afb9aaf3c3cf1910f52dfadff874f3767cfd3233119ffa0b1d58dfe
dev_val,train/bonafide/huawei/french-114_03.jpg,data/processed/policy_c/train/bonafide/huawei/french-114_03.jpg,french-114_03,bonafide,,huawei,0,75,20f4edca31dc7b9d6300a919829c4f0c5fc6d47927ed12f61c18ea7e2b6d7d83,4a8358c4d3d75a4458be625c52b21a3c56ddd3a09d038ec718f3a9ae374654a1
dev_val,train/bonafide/iphone15pro/french-114_03.jpg,data/processed/policy_c/train/bonafide/iphone15pro/french-114_03.jpg,french-114_03,bonafide,,iphone15pro,0,64,51cc7840809223e6c117c7d21c0030296f6532fc61f8c972f254d5ef35b62af3,7317e950b321e046c98ad4577b73ddc41c969ce681938f1b35bfacf566c32c2c
dev_val,train/bonafide/scan/french-114_03.jpg,data/processed/policy_c/train/bonafide/scan/french-114_03.jpg,french-114_03,bonafide,,scan,0,61,d5b2b501c494741dc8aec5b85fd435f89f608224b538cecef99738e40919f4f8,716ecc73342c6693d5edccfa36c48f4f447c39969742b81b6163c25070a77fe4
dev_val,train/attack/digital_1/huawei/french-124_03.jpg,data/processed/policy_c/train/attack/digital_1/huawei/french-124_03.jpg,french-124_03,attack,digital_1,huawei,1,87,8c6a98a45ee37f65094114c2d0c4ad8d0596b4a6eaac97de98e2891e74915b24,09a5e4c21badac99bcd6f239bc40ebadde14e52a8e5ceb89a35a970bba9e5440
dev_val,train/attack/digital_1/iphone15pro/french-124_03.jpg,data/processed/policy_c/train/attack/digital_1/iphone15pro/french-124_03.jpg,french-124_03,attack,digital_1,iphone15pro,1,76,b54e3b0959f033c31336168a2a6772da60ead9b1cae0c8dc0735b94bf5fc4327,2f948614dad8e4cf701c53206900efed9a1b0becda06fc4803c14ccaa2eab8b5
dev_val,train/attack/digital_1/scan/french-124_03.jpg,data/processed/policy_c/train/attack/digital_1/scan/french-124_03.jpg,french-124_03,attack,digital_1,scan,1,87,67c7011524dd38c2724f75933a359b3c49b1b8b8ef654133f5472e23340e1223,4e4631f737dfefeb5ad371ab1c87263079741ff517c6404a6b2aaecdd449db6f
dev_val,train/attack/digital_2/huawei/french-124_03.jpg,data/processed/policy_c/train/attack/digital_2/huawei/french-124_03.jpg,french-124_03,attack,digital_2,huawei,1,87,7584f8124b083ebad46c86f31191d8f35f1f7bbb5e7f5b54a0e349cdb66681fd,20706ae3af4a4604e671e533257cf212c234baf5b92cc708adad290649edfbd0
dev_val,train/attack/digital_2/iphone15pro/french-124_03.jpg,data/processed/policy_c/train/attack/digital_2/iphone15pro/french-124_03.jpg,french-124_03,attack,digital_2,iphone15pro,1,76,57a9789e5242b1025ff45e5a2861d5c32ed04e3b830f7970e4335ccecafa5069,9e0068376f585f8b1fc7bde36c91b5da5f482c170155f7f257a40b4931455838
dev_val,train/attack/digital_2/scan/french-124_03.jpg,data/processed/policy_c/train/attack/digital_2/scan/french-124_03.jpg,french-124_03,attack,digital_2,scan,1,87,ec8b623e9f386c661a751055da442c8012b068e30b04bef53ed449b94b7e77b7,78ca972aa7f73701ed94964e9e6c6593c8855d72619b147eced14251235b172d
dev_val,train/bonafide/huawei/french-124_03.jpg,data/processed/policy_c/train/bonafide/huawei/french-124_03.jpg,french-124_03,bonafide,,huawei,0,87,a3da79468fe61781101d09cfad064d21716040140fae0212825566d0f9e41cfa,4ebf83f5f679ae99818bb19bfb10e4bcd42e5872771d6b3084dd58bf1ea6a2d5
dev_val,train/bonafide/iphone15pro/french-124_03.jpg,data/processed/policy_c/train/bonafide/iphone15pro/french-124_03.jpg,french-124_03,bonafide,,iphone15pro,0,76,bb4d8c8b67d2839903e20fa1e20aa119fed48d44369fa9d53f2b97355bc67d1c,9e95b202c11cf361b99debe6591ae0479dba0ed91de5db6700604ded387cd57d
dev_val,train/bonafide/scan/french-124_03.jpg,data/processed/policy_c/train/bonafide/scan/french-124_03.jpg,french-124_03,bonafide,,scan,0,87,692f8e91d1f5fd7ccf0c7fcb49ae1f6961a1f37896c66c6628577f4b97785f4f,695f0a9300deb55660c77b64e2f7417c86364a3fe362e61422a1dad1d568a06b
dev_val,train/attack/digital_1/huawei/french-128_03.jpg,data/processed/policy_c/train/attack/digital_1/huawei/french-128_03.jpg,french-128_03,attack,digital_1,huawei,1,89,26806864921975a64a0922fdbec6cc3400713c8caa9769808e623b0a16a65662,aebc1dd07d8911539c48fd078f25670619ac1e3a9b6fb3b539e1da76291151c9
dev_val,train/attack/digital_1/iphone15pro/french-128_03.jpg,data/processed/policy_c/train/attack/digital_1/iphone15pro/french-128_03.jpg,french-128_03,attack,digital_1,iphone15pro,1,68,90f07431224ab7dc192816f0788a1cc2e38f0a8c80cdd5a3fccbcd79a118d678,8b2d54606ba342bcf5d962f16f39d581a01f205e7e853f722c102f2171306bd2
dev_val,train/attack/digital_1/scan/french-128_03.jpg,data/processed/policy_c/train/attack/digital_1/scan/french-128_03.jpg,french-128_03,attack,digital_1,scan,1,56,e76cb26f50050dbae7508931a110da8adff444e62411a288590b8842274f6031,c5b6c27c87c6679122908e2b7b05b4ea547b88d7120616aa2f68c90be5e34114
dev_val,train/attack/digital_2/huawei/french-128_03.jpg,data/processed/policy_c/train/attack/digital_2/huawei/french-128_03.jpg,french-128_03,attack,digital_2,huawei,1,89,70c84954de438b2fbe5dc18a4f116ae186f72af2872da8c0371bc90f35e48a89,fbd594e2798928018fe7aef028c59e5a599e7aeb648af8b3e875a0f3b68b2162
dev_val,train/attack/digital_2/iphone15pro/french-128_03.jpg,data/processed/policy_c/train/attack/digital_2/iphone15pro/french-128_03.jpg,french-128_03,attack,digital_2,iphone15pro,1,68,fa895f508973c2577a6d484623e1b087dee912c5daf6ef592d47d5647e23069c,d1bc8e51792cb580f82fb9eb33e9fbf4e10f5c20afa68696e96f54cf54192a2d
dev_val,train/attack/digital_2/scan/french-128_03.jpg,data/processed/policy_c/train/attack/digital_2/scan/french-128_03.jpg,french-128_03,attack,digital_2,scan,1,56,5d534cfdaf7cff17d631a9c62c002ae785c63ac84baf41ae55d26172c3e0e653,270285fe86b5ad27d269227042b59aeb26b1e958bfaf709026c1f8440f87c59b
dev_val,train/bonafide/huawei/french-128_03.jpg,data/processed/policy_c/train/bonafide/huawei/french-128_03.jpg,french-128_03,bonafide,,huawei,0,89,1fbae21c3dd0663c7092a071ee113e830134648660a003aeb5408f578946e8c7,57cd4e04c34f87e488e6033ed1fdc3707ac33e926528a523c4ae66e47b6c313b
dev_val,train/bonafide/iphone15pro/french-128_03.jpg,data/processed/policy_c/train/bonafide/iphone15pro/french-128_03.jpg,french-128_03,bonafide,,iphone15pro,0,68,bac0c6a400a77cfbce7bb9f2e298b02665fe768007443742fdf8cb18cc2d8591,8a2161d6056c7447fccfb31eb6bba52934f2b5221c747af0c640728c6d0e4764
dev_val,train/bonafide/scan/french-128_03.jpg,data/processed/policy_c/train/bonafide/scan/french-128_03.jpg,french-128_03,bonafide,,scan,0,56,443062c2ed20c20015c6a848b7a7b587b93380ffd2302480c6d68b8134d72328,d898bfa25d04af3983811e90e2a396b4cf795aa0552b830d91ae43c666a5a5df
dev_val,train/attack/digital_1/huawei/french-NF-1047.jpg,data/processed/policy_c/train/attack/digital_1/huawei/french-NF-1047.jpg,french-NF-1047,attack,digital_1,huawei,1,83,7f472aabfebfb3df96f63601fbb91701556fc09f8afc2f7ff9fe419bb60100d2,a22d5f47a2701dc75ec96b2b9156f2556590485ddedee8a37ee8d33c4b8afee0
dev_val,train/attack/digital_1/iphone15pro/french-NF-1047.jpg,data/processed/policy_c/train/attack/digital_1/iphone15pro/french-NF-1047.jpg,french-NF-1047,attack,digital_1,iphone15pro,1,83,3990634f89ea6a842068fa83412327a8727bb4de61d2dfb4b0b926e065980b3b,a6f22b82f4dbadde1d19eb3a457119f486a2dc8f541b9ea9df661d6801dcd2fd
dev_val,train/attack/digital_1/scan/french-NF-1047.jpg,data/processed/policy_c/train/attack/digital_1/scan/french-NF-1047.jpg,french-NF-1047,attack,digital_1,scan,1,74,0e2bf3792aa9144359f9545aa48b8eeddc23f6125b214f0fdf78e73d634c7a69,0e0451b11b0731751cc29f284b5a4d29292c45cf3324c4ca5b55480430b45196
dev_val,train/attack/digital_2/huawei/french-NF-1047.jpg,data/processed/policy_c/train/attack/digital_2/huawei/french-NF-1047.jpg,french-NF-1047,attack,digital_2,huawei,1,83,61b7e115933f24b88a69ac6166b2ce77253b6ee8581fb864351e9afdd7017ccf,c3e959dd4bc028d6ce76d0bf89dbd5b63fbf009dc52971ff4ae54d4dd3ad0d74
dev_val,train/attack/digital_2/iphone15pro/french-NF-1047.jpg,data/processed/policy_c/train/attack/digital_2/iphone15pro/french-NF-1047.jpg,french-NF-1047,attack,digital_2,iphone15pro,1,83,af7ffb93b482d791db085899f394ef87bdbcf7a7f238771ed10af7d8a7dc61df,32f08ba3ca9ca57b8438fea3d59d9d6e147515dbbc61d764b3fb8a9500f836e1
dev_val,train/attack/digital_2/scan/french-NF-1047.jpg,data/processed/policy_c/train/attack/digital_2/scan/french-NF-1047.jpg,french-NF-1047,attack,digital_2,scan,1,74,67689e5be3b5cc1869a61557d6cb3b2bb998496405d3ac39842f44f512d7db50,d9acb730053bcacd74b4eb275ce9c68d390a30d1d981822447a6dbde4a02d977
dev_val,train/bonafide/huawei/french-NF-1047.jpg,data/processed/policy_c/train/bonafide/huawei/french-NF-1047.jpg,french-NF-1047,bonafide,,huawei,0,83,112464179bbddd15a28637251cf2b27d494d0845878f172c05c96a638a0f046f,daf3f128070c8eae03485fe7296caa6c4ef47dcc8626ed1724a71ae4f7f93878
dev_val,train/bonafide/iphone15pro/french-NF-1047.jpg,data/processed/policy_c/train/bonafide/iphone15pro/french-NF-1047.jpg,french-NF-1047,bonafide,,iphone15pro,0,83,6c9d10d312ead206284f64c68124c5135ecd459807ab078439d18b8403e21107,03c656fa027f881e85e9deeabf9dbaec4f82ee4a84a91080c0bf7c7be38c7f6f
dev_val,train/bonafide/scan/french-NF-1047.jpg,data/processed/policy_c/train/bonafide/scan/french-NF-1047.jpg,french-NF-1047,bonafide,,scan,0,74,95fd3ab4adbdac6f09a631f9b8832458e264f02d6dfec31d854d49f89b8b4c0a,b7d46d6863158e263075d76dd2b26eea04c88319eb98a0aea8c812e5fb01c64a
dev_val,train/attack/digital_1/huawei/french-NF-1082.jpg,data/processed/policy_c/train/attack/digital_1/huawei/french-NF-1082.jpg,french-NF-1082,attack,digital_1,huawei,1,71,9d1be286a58394549d217655f6d390fd4251d3e8db38947c5c6aa84017c2c83c,5641b70a00bf5e076c51af038dc7c68555d884430aed70445d960d046140e9cf
dev_val,train/attack/digital_1/iphone15pro/french-NF-1082.jpg,data/processed/policy_c/train/attack/digital_1/iphone15pro/french-NF-1082.jpg,french-NF-1082,attack,digital_1,iphone15pro,1,58,17ec15c3d4b9d9c7b5656e663df71ca83baa51f0ac634e92ac1efa206582c638,f0882d9211395bd13af4ce4111ea85f1339764efcfa6899afd8bdc76cd7656bc
dev_val,train/attack/digital_1/scan/french-NF-1082.jpg,data/processed/policy_c/train/attack/digital_1/scan/french-NF-1082.jpg,french-NF-1082,attack,digital_1,scan,1,64,bc3f559db4b5156ea7617cce733a439289c6d20a60a0c032c640dc6f58488229,02482892db1613d086462d1f203c62c771f71a6c9d298ba2dc3c8fc3c19e4d48
dev_val,train/attack/digital_2/huawei/french-NF-1082.jpg,data/processed/policy_c/train/attack/digital_2/huawei/french-NF-1082.jpg,french-NF-1082,attack,digital_2,huawei,1,71,d8cc582a38f280d06eefceeb00d5b1758007295db0c516e38d37d8a3d5c02ab5,6a6fc39108631574c51bdc157cd2dce3fac0c60171f20ccee1fa6e3ca6b465a4
dev_val,train/attack/digital_2/iphone15pro/french-NF-1082.jpg,data/processed/policy_c/train/attack/digital_2/iphone15pro/french-NF-1082.jpg,french-NF-1082,attack,digital_2,iphone15pro,1,58,2cf6b7890413fa88164ee88201d0c78e320feaf81496d22be2e4223f68dcf71f,fb5fb7517cb74163707bb48f45ccf455ee35336b49a267bd95b3632838176a1e
dev_val,train/attack/digital_2/scan/french-NF-1082.jpg,data/processed/policy_c/train/attack/digital_2/scan/french-NF-1082.jpg,french-NF-1082,attack,digital_2,scan,1,64,5ab3549740b465ae26530a73c72b48f4e059116d56dbea24d736dfd1a969d644,04dab5cea4fd019742d40efd5837551e4c9b8d539de535993093f000c4356cc3
dev_val,train/bonafide/huawei/french-NF-1082.jpg,data/processed/policy_c/train/bonafide/huawei/french-NF-1082.jpg,french-NF-1082,bonafide,,huawei,0,71,9a70a7421266f03ba4c6000932d2db833da15d83950924b6b7b43b046d5e8e62,f17e2f02edc283002ffb192836b7a76cf36110d35690fffa5fd4f4ce97e6b907
dev_val,train/bonafide/iphone15pro/french-NF-1082.jpg,data/processed/policy_c/train/bonafide/iphone15pro/french-NF-1082.jpg,french-NF-1082,bonafide,,iphone15pro,0,58,38862f4e9f504c7fd02887bc2d0a910c2e7d373f8b1182b78bfe8604200c83b9,02f6be9ccef1ab75bab2d351fbc1323f96ee4ff6b5e30f78095659d4eff1d0b3
dev_val,train/bonafide/scan/french-NF-1082.jpg,data/processed/policy_c/train/bonafide/scan/french-NF-1082.jpg,french-NF-1082,bonafide,,scan,0,64,fc4e63677abdff9e81af643f58e544b7f5b578f19b2c6e9c6f93f009067d639c,b28c9136bce8c52e4d213062a474364fd69561115b53b059fa7f003496a0ca37
dev_val,train/attack/digital_1/huawei/indian-014_03.jpg,data/processed/policy_c/train/attack/digital_1/huawei/indian-014_03.jpg,indian-014_03,attack,digital_1,huawei,1,66,6e10086e78b8f8557d12332a25da5a4ade78860f38a3f4edb95512603c2008af,f5f58a27c4babcec16fb3a591186f57f1763ff7e64b8c86accd1dbd0cb6ce3ea
dev_val,train/attack/digital_1/iphone15pro/indian-014_03.jpg,data/processed/policy_c/train/attack/digital_1/iphone15pro/indian-014_03.jpg,indian-014_03,attack,digital_1,iphone15pro,1,53,090485e9e3d40a5fec7ff2c6dae6b89f6e6c66a425a5d8f77c67b2ebc1c942a1,7a3b131d96045ef87b16c838a78c4cdbe9b04b8085386b6b6239b7ad7a050e82
dev_val,train/attack/digital_1/scan/indian-014_03.jpg,data/processed/policy_c/train/attack/digital_1/scan/indian-014_03.jpg,indian-014_03,attack,digital_1,scan,1,63,10be0aa03b23b046f606a250ea5f739c254dadb5019655cf0d2275e39afb09d6,1a6b819b78754a9ee5e73fb2cd0819accf59c27ff44786be753b00ecb0e1a27b
dev_val,train/attack/digital_2/huawei/indian-014_03.jpg,data/processed/policy_c/train/attack/digital_2/huawei/indian-014_03.jpg,indian-014_03,attack,digital_2,huawei,1,66,05955edaf5f951576f66c96eeb73dbdda668d00b6df741c2208e1ef3bbeb719f,a95764990ff4ef36f1edb49c5ca55e9b19eb0d993670707be8f5e7ae768b1e6f
dev_val,train/attack/digital_2/iphone15pro/indian-014_03.jpg,data/processed/policy_c/train/attack/digital_2/iphone15pro/indian-014_03.jpg,indian-014_03,attack,digital_2,iphone15pro,1,53,304cb6d71257903590dad56ad84691e133304c18d2f638861855aac5974224cb,c9665b9139503de76c84bfeb39006717683d8c9688af6f074ead608f57d5f60e
dev_val,train/attack/digital_2/scan/indian-014_03.jpg,data/processed/policy_c/train/attack/digital_2/scan/indian-014_03.jpg,indian-014_03,attack,digital_2,scan,1,63,c3eaeec292c38df498517841d497e0604ea790a2c2784ef39e3a6421f05537bd,0c63a4435933a9ecaa59e5b8409c95479446a463137cb1f76bd583d7b7cc15e1
dev_val,train/bonafide/huawei/indian-014_03.jpg,data/processed/policy_c/train/bonafide/huawei/indian-014_03.jpg,indian-014_03,bonafide,,huawei,0,66,0542ee44a33c7a55a34b28286693b2adc3c8e99a2e2fa0b14d94c50bb618d036,7cd08914e08b083ed946baa52653caa45198fd6531f8162dbb12181deb353250
dev_val,train/bonafide/iphone15pro/indian-014_03.jpg,data/processed/policy_c/train/bonafide/iphone15pro/indian-014_03.jpg,indian-014_03,bonafide,,iphone15pro,0,53,d51161fb6bb54ae9135f289e96e41b83cfb7ec6a678e2dfcf2db9e373be2f6c9,ae8e7d81b749676c4c267034b83c7e31de62031cfe9275e79fa049a1cb9d2f7c
dev_val,train/bonafide/scan/indian-014_03.jpg,data/processed/policy_c/train/bonafide/scan/indian-014_03.jpg,indian-014_03,bonafide,,scan,0,63,452d6d362998cec9377960c05d96bed1833079143fd4a8f16d9d150df7d85218,914a9a2b41617a023f5424a147a2fb82a388143a57a121fa86fee39eda1ff2bd
dev_val,train/attack/digital_1/huawei/indian-021_03.jpg,data/processed/policy_c/train/attack/digital_1/huawei/indian-021_03.jpg,indian-021_03,attack,digital_1,huawei,1,57,e9fc521b21ac3c935f51531fbcd06d55fcfc9fce3deb3b414912ebe876fc99b3,9c92753f8492b147a36d91e05feb8d31b7ac23d5904e6fe93137dd81796cfaa8
dev_val,train/attack/digital_1/iphone15pro/indian-021_03.jpg,data/processed/policy_c/train/attack/digital_1/iphone15pro/indian-021_03.jpg,indian-021_03,attack,digital_1,iphone15pro,1,64,7039abb72f6b49c85c7b565a4f4d09a10a1cbce8cf9e2cd436ce3da032297261,81fa70796c8ad3108b7d40ccae305d8eb3b34332fd2945c78471891cd48e6b9f
dev_val,train/attack/digital_1/scan/indian-021_03.jpg,data/processed/policy_c/train/attack/digital_1/scan/indian-021_03.jpg,indian-021_03,attack,digital_1,scan,1,76,400cd3b4dd3db0daf19de9448ede47af73746deabe8b375f261713dad336f8ac,9be5f04d9555dd60722f9e2011b2db1606240f75097f588769789386d90d13e3
dev_val,train/attack/digital_2/huawei/indian-021_03.jpg,data/processed/policy_c/train/attack/digital_2/huawei/indian-021_03.jpg,indian-021_03,attack,digital_2,huawei,1,57,bd06bb8d1b123cf044a5e4552830fc8d2b1fdb7000c7730b10fb477fe1e24d58,08cbb68d08824f81307839a104a30ea53efda802249efa0344c9c14bfca33035
dev_val,train/attack/digital_2/iphone15pro/indian-021_03.jpg,data/processed/policy_c/train/attack/digital_2/iphone15pro/indian-021_03.jpg,indian-021_03,attack,digital_2,iphone15pro,1,64,cfaf70dee65e5f8e8b79c3487f117160170c44e6f136c9939890c9849630421b,8b7065e7d22d3874b6f649a302c14983b1a8ed15a56eeb28ee84e6d5d063e140
dev_val,train/attack/digital_2/scan/indian-021_03.jpg,data/processed/policy_c/train/attack/digital_2/scan/indian-021_03.jpg,indian-021_03,attack,digital_2,scan,1,76,744611be94073b7e5d5b31fb3b9d2d12a4cbbe38fc725bcd25e4d0089dd1d8d4,e49e9e01f788e86ece3530b8d5ce43ab4b1e4a45e09aabc35ea2e69cbad0542d
dev_val,train/bonafide/huawei/indian-021_03.jpg,data/processed/policy_c/train/bonafide/huawei/indian-021_03.jpg,indian-021_03,bonafide,,huawei,0,57,91c5b766c84d495b6e0267521f88667a241bd87bb56af8e958f22b613cf78853,76c9a410c629099a883058c17d4e81e8366e694d49fccd339daf37b98da0bd6b
dev_val,train/bonafide/iphone15pro/indian-021_03.jpg,data/processed/policy_c/train/bonafide/iphone15pro/indian-021_03.jpg,indian-021_03,bonafide,,iphone15pro,0,64,b2f79b45ea322f15d9b0a286564827737124878ccfd0b5340b677dd430d4bfc0,a87726dafc607cd01d8eaef443ee532524af0f772ccb3a4d183a62c06276c348
dev_val,train/bonafide/scan/indian-021_03.jpg,data/processed/policy_c/train/bonafide/scan/indian-021_03.jpg,indian-021_03,bonafide,,scan,0,76,ea8ab3e8276606e82da82bb66397103603d2badea05c826be71032c8aced7928,3353d81f26de5e12569dac7ae040c93233b559a2859d786437a0520e18b6e9cd
dev_val,train/attack/digital_1/huawei/indian-NF-1061.jpg,data/processed/policy_c/train/attack/digital_1/huawei/indian-NF-1061.jpg,indian-NF-1061,attack,digital_1,huawei,1,63,f8c980df1d735d83542b08eb83c3b25f6aa285bb9328e2add6cbf4e7816b95a8,230657be4b15f640a0b1f12b33e64874f2891d55890bf717ac7c6c5aabf6999a
dev_val,train/attack/digital_1/iphone15pro/indian-NF-1061.jpg,data/processed/policy_c/train/attack/digital_1/iphone15pro/indian-NF-1061.jpg,indian-NF-1061,attack,digital_1,iphone15pro,1,50,1af3f38bbb099265fc4656e209ff6b6730552d8a070136f3c05b0781af392e85,f5b6feaef3032e18d05085e4a4e7da1ab15e95b4314fb9081e5062f2c61d5157
dev_val,train/attack/digital_1/scan/indian-NF-1061.jpg,data/processed/policy_c/train/attack/digital_1/scan/indian-NF-1061.jpg,indian-NF-1061,attack,digital_1,scan,1,77,c379b55300436f08a9b7bc691cc7c0e9941b6b8c2e11b7ead2895ad3e25ed8de,421a6cca7df65e17407256d502b3b8e6d4e4b3a08139f2c38a92c8dd1ab08637
dev_val,train/attack/digital_2/huawei/indian-NF-1061.jpg,data/processed/policy_c/train/attack/digital_2/huawei/indian-NF-1061.jpg,indian-NF-1061,attack,digital_2,huawei,1,63,837b38bc88afb75d5a3568433b577d0ffaca429937374aa5a3b7375f16fae0b1,1eb80e6e072b02b588e3e146c4c856f0016eba6658a408271b482b9f4f5f533d
dev_val,train/attack/digital_2/iphone15pro/indian-NF-1061.jpg,data/processed/policy_c/train/attack/digital_2/iphone15pro/indian-NF-1061.jpg,indian-NF-1061,attack,digital_2,iphone15pro,1,50,fb1ed42f98eca09d09e57fd60ba87c17a5238e5fb2efa992586577040a46e62c,8ee924728df2ee22f81ed2d686fe405720e608a910e0fa09111436bd8e17f2bf
dev_val,train/attack/digital_2/scan/indian-NF-1061.jpg,data/processed/policy_c/train/attack/digital_2/scan/indian-NF-1061.jpg,indian-NF-1061,attack,digital_2,scan,1,77,38e497cffd89a08b0a4499abf539ae95da2a355659de2347a5e9fd961c5d3537,1e2a63bf79de6db9bea1ed214debd7742911a6fc04fa87e8eadf2a06cc0dfe2a
dev_val,train/bonafide/huawei/indian-NF-1061.jpg,data/processed/policy_c/train/bonafide/huawei/indian-NF-1061.jpg,indian-NF-1061,bonafide,,huawei,0,63,5f2113c7d68cd4f64464ef2a313699d966e3c5af39bf83a92978e498fde488e5,d7c74e54b998d26fedd89363e1d011122d17b929b010282a0c2d4632b9ad86b7
dev_val,train/bonafide/iphone15pro/indian-NF-1061.jpg,data/processed/policy_c/train/bonafide/iphone15pro/indian-NF-1061.jpg,indian-NF-1061,bonafide,,iphone15pro,0,50,0828c07973ff10f6a8ba06ba3281828b6dc67e8b548b2d350a34b2aca2f05c0a,a70ac2f01376a31b4ceab03a46c2173b18a46392cee1707d33f2dd38a5d736e3
dev_val,train/bonafide/scan/indian-NF-1061.jpg,data/processed/policy_c/train/bonafide/scan/indian-NF-1061.jpg,indian-NF-1061,bonafide,,scan,0,77,fa499171d788e3dd7aea62a65149a55c02b8d953bb386b03745e0deafca6e04c,5fb2cacf718be61c8e98d49da71a0511cc694b2579dd1a16e827e0538cd0d450
dev_val,train/attack/digital_1/huawei/persian-144_03.jpg,data/processed/policy_c/train/attack/digital_1/huawei/persian-144_03.jpg,persian-144_03,attack,digital_1,huawei,1,50,b1f610e239cc2e010969ca1514f2745a1a1f4f76b31d1f8e620c6fd78bb577f1,13eaaa5ad742e8258462ae976696ac479768f2fccfe5de528183d95fca3690d0
dev_val,train/attack/digital_1/iphone15pro/persian-144_03.jpg,data/processed/policy_c/train/attack/digital_1/iphone15pro/persian-144_03.jpg,persian-144_03,attack,digital_1,iphone15pro,1,88,92eb264b18ea7da94e5e9f25eeb0891198da508932d4eaac86c7424e3cf3cc63,3c0cb300dd9746dc4b02cbe75cc2a0357d9ce2f13c3ced6bad1f59324a7faacc
dev_val,train/attack/digital_1/scan/persian-144_03.jpg,data/processed/policy_c/train/attack/digital_1/scan/persian-144_03.jpg,persian-144_03,attack,digital_1,scan,1,72,eadc214d2a8299b14e3a2f0c19ded54aebb60786ff522d89180a454caf2b39ab,3a6f7997aa6e9a2ddfd971ed86ebd1faaf40248edb453037413ed9d5c5055305
dev_val,train/attack/digital_2/huawei/persian-144_03.jpg,data/processed/policy_c/train/attack/digital_2/huawei/persian-144_03.jpg,persian-144_03,attack,digital_2,huawei,1,50,a78b192d362f1d8c60c60316673dbb3581c4a1cb63ee6874bd1b395ec25e1c2e,3fdeec44755ede3138b49c2ff79d91ae3c27a694d285343b07525fe909bbe096
dev_val,train/attack/digital_2/iphone15pro/persian-144_03.jpg,data/processed/policy_c/train/attack/digital_2/iphone15pro/persian-144_03.jpg,persian-144_03,attack,digital_2,iphone15pro,1,88,a6e1d890d37bdee4dff2122d72586e4b6e93440064e8d829209cc7e063eb6f4f,c6270a8c71227c6e4c5b28906808e28211a6d9a40ef4dfb8738aa473c9c19eb1
dev_val,train/attack/digital_2/scan/persian-144_03.jpg,data/processed/policy_c/train/attack/digital_2/scan/persian-144_03.jpg,persian-144_03,attack,digital_2,scan,1,72,1baca64c32d23b0f4a13ce07186c7ea40531f28b87e162b5f1ee76221517ffc8,2bdd8404df7f08beb664181f8adc0874e726d4b09628403c4a04806b3a66bd5b
dev_val,train/bonafide/huawei/persian-144_03.jpg,data/processed/policy_c/train/bonafide/huawei/persian-144_03.jpg,persian-144_03,bonafide,,huawei,0,50,d7b983720afac7911795a302dad459d5ff6bafc44145e6ccfe4bd5c05664ccda,e08e2bda333d7a1d3c0ac2e7d537cbdbe06bc97cfd6b66216c4239c44e928d4b
dev_val,train/bonafide/iphone15pro/persian-144_03.jpg,data/processed/policy_c/train/bonafide/iphone15pro/persian-144_03.jpg,persian-144_03,bonafide,,iphone15pro,0,88,16b8915d6157667d6674738f941731ce3788f4b79a3f1dec785d555fe617cb23,e5cb07ef82af45c8ee919078d6cd8bada8ffdbc0e3241b0eb5246436336e3813
dev_val,train/bonafide/scan/persian-144_03.jpg,data/processed/policy_c/train/bonafide/scan/persian-144_03.jpg,persian-144_03,bonafide,,scan,0,72,7d15febd92034d395d971671dafcab35ac6ea380c4eb2feb3cf5d1fe913bac02,128f6c40183c3722187bf51e8ceb573603ef8a07a82c24ca59cb30b0bc0e9f25
dev_val,train/attack/digital_1/huawei/persian-NF-1018.jpg,data/processed/policy_c/train/attack/digital_1/huawei/persian-NF-1018.jpg,persian-NF-1018,attack,digital_1,huawei,1,73,c7167a90697c6db192319130aa8298aa5c25cfddb50038878757dbfb8979c5d3,2863844afa5720deeed7410f893b480c7f9464cc389ddaabc9776bed49712ed5
dev_val,train/attack/digital_1/iphone15pro/persian-NF-1018.jpg,data/processed/policy_c/train/attack/digital_1/iphone15pro/persian-NF-1018.jpg,persian-NF-1018,attack,digital_1,iphone15pro,1,50,401144beafd102172cbc08584a73e67b1bdd9680509b08a393e37abfe463900a,c8c26af11b4b5b85620dcbc079d9012b6b2befb11cd806427ca8ee4c88a62c1b
dev_val,train/attack/digital_1/scan/persian-NF-1018.jpg,data/processed/policy_c/train/attack/digital_1/scan/persian-NF-1018.jpg,persian-NF-1018,attack,digital_1,scan,1,73,1285b3f512834255913098182294a392fa766e4e63ce8875c35cc45fcbb7adf6,8c4156e4b2016ec431b2b758707fc6abe1113be13caee0c710169a282b2e034c
dev_val,train/attack/digital_2/huawei/persian-NF-1018.jpg,data/processed/policy_c/train/attack/digital_2/huawei/persian-NF-1018.jpg,persian-NF-1018,attack,digital_2,huawei,1,73,533c242880a879f3f1ac3d166b19b9895987f35691a0609dcce36513196ad761,f84a37b0800b127874423651bb9aed452d49ad60d8f67d708db0ae990b487605
dev_val,train/attack/digital_2/iphone15pro/persian-NF-1018.jpg,data/processed/policy_c/train/attack/digital_2/iphone15pro/persian-NF-1018.jpg,persian-NF-1018,attack,digital_2,iphone15pro,1,50,af6622b8d147c3ca5e704e2311d9ba3c303c7e2ab20253e1813209383016897f,3351918488e24cde7b461538efe7710cf688528578396c23236802f5811dbcf8
dev_val,train/attack/digital_2/scan/persian-NF-1018.jpg,data/processed/policy_c/train/attack/digital_2/scan/persian-NF-1018.jpg,persian-NF-1018,attack,digital_2,scan,1,73,a95e0c8618915bca949f24af6c825e2aefde2b082598508b8e155083e985a983,7deb82a3d537ac93fe4b43c11ae6a5de326602101ce1c58e4566ed5e13214f58
dev_val,train/bonafide/huawei/persian-NF-1018.jpg,data/processed/policy_c/train/bonafide/huawei/persian-NF-1018.jpg,persian-NF-1018,bonafide,,huawei,0,73,1063560480a5e46ab1fbde8afc291b9c5128e80701ce9fec2186e11dbd8b42ff,43c775b0d9509a33b25bddc5be0468d52ee6e47b9562b7168c547f442f954da1
dev_val,train/bonafide/iphone15pro/persian-NF-1018.jpg,data/processed/policy_c/train/bonafide/iphone15pro/persian-NF-1018.jpg,persian-NF-1018,bonafide,,iphone15pro,0,50,68c9a03204430e0d507bcfc7cc1b5e8d649eae352220a2618b397a8f86752e57,70724188fcf200c4b7aefefbebe78a0ef57fd27543d9964df21bef38dbb5ea10
dev_val,train/bonafide/scan/persian-NF-1018.jpg,data/processed/policy_c/train/bonafide/scan/persian-NF-1018.jpg,persian-NF-1018,bonafide,,scan,0,73,94aef8db275aad8d7d7df13f7e6b6e7734abe0834598651dbf8a080779eb8970,620a88120aaada855a46ad8beb7528cf889dfe8e0df357633d9d5bb0385eca03
dev_val,train/attack/digital_1/huawei/persian-NF-1097.jpg,data/processed/policy_c/train/attack/digital_1/huawei/persian-NF-1097.jpg,persian-NF-1097,attack,digital_1,huawei,1,86,420d936d3e991f7cd62e91bfde92e46296212878a5ce16e9de2e23f33c11ab73,1b24089922b16b596ff369f88ecce0afbc7272faffaf674dea699b8c843ca220
dev_val,train/attack/digital_1/iphone15pro/persian-NF-1097.jpg,data/processed/policy_c/train/attack/digital_1/iphone15pro/persian-NF-1097.jpg,persian-NF-1097,attack,digital_1,iphone15pro,1,88,8c04d8617c4975af964b61e0bb8e816549d772d20ec3d9a76bee9bdd9114eaa0,6e277aa8ede035949e40a9a70c02dc28a15f4c144198abd7af787e7981635eb6
dev_val,train/attack/digital_1/scan/persian-NF-1097.jpg,data/processed/policy_c/train/attack/digital_1/scan/persian-NF-1097.jpg,persian-NF-1097,attack,digital_1,scan,1,89,ef1569dde983c1c55ee29d259ce0ee766f2c40ac497fabfaedbc706135932bb1,e33e39a4ad45d7a2c2289174f5e0cf427f0f04d2067599c86c0568b76289b51a
dev_val,train/attack/digital_2/huawei/persian-NF-1097.jpg,data/processed/policy_c/train/attack/digital_2/huawei/persian-NF-1097.jpg,persian-NF-1097,attack,digital_2,huawei,1,86,1cfe3b8123f03fb3e041e51836e32afc1b17ca6df112c533b25fa7abd3f5f13f,943653c6c0d7ec0b677c4e95ff36873248cfb771cf9020507638e915b299f9f5
dev_val,train/attack/digital_2/iphone15pro/persian-NF-1097.jpg,data/processed/policy_c/train/attack/digital_2/iphone15pro/persian-NF-1097.jpg,persian-NF-1097,attack,digital_2,iphone15pro,1,88,3ae2667a9cca9dbbb1fdf2fb2665060458465b82ef8274407bcf4a7921c8720b,33806d4d863428470fca452240f78540cf7ab78b8184d43c1d055034a64c5401
dev_val,train/attack/digital_2/scan/persian-NF-1097.jpg,data/processed/policy_c/train/attack/digital_2/scan/persian-NF-1097.jpg,persian-NF-1097,attack,digital_2,scan,1,89,0a9906e60f7fa1ce71f634ac1ecfea8341827fc1325ffebebb3e7d610f5e1219,82d6468372f6e22988739acd14898c9a10a33348c17b466e9c9358c9f3855aa0
dev_val,train/bonafide/huawei/persian-NF-1097.jpg,data/processed/policy_c/train/bonafide/huawei/persian-NF-1097.jpg,persian-NF-1097,bonafide,,huawei,0,86,4dcb47083223e8dc91a5a1ae1704a584431e55e19c3dc75e81bb1cf7d0d64cb9,500b34b73b03a02cce717dd7919282bc3e6b56091b1236babbb85923553980b0
dev_val,train/bonafide/iphone15pro/persian-NF-1097.jpg,data/processed/policy_c/train/bonafide/iphone15pro/persian-NF-1097.jpg,persian-NF-1097,bonafide,,iphone15pro,0,88,9f3f294e553b88799414392fd0309a59a194f00a68b8cabae57ef3f9135576e1,a785425a8bfd092e9553b24aaf1151ccd3994d4ea85e4d6f458a0b39440b91db
dev_val,train/bonafide/scan/persian-NF-1097.jpg,data/processed/policy_c/train/bonafide/scan/persian-NF-1097.jpg,persian-NF-1097,bonafide,,scan,0,89,28a1619688639573e3881a952a4c2748eaf9a29d4134b85fc85fd651ed5c50ce,30e1bc2089133930d95f3f82594c8b6306ee5b62d4cbbd09127b441b363cc8cd
dev_val,train/attack/digital_1/huawei/persian-NM-1035.jpg,data/processed/policy_c/train/attack/digital_1/huawei/persian-NM-1035.jpg,persian-NM-1035,attack,digital_1,huawei,1,64,27cfe27792e3bb9146b8690e5fb6281388821ebf18facb5cbc58c3c80def1f0f,684cb26db641b93e0b47522b370be9234b5da8f66346c41974a390ec9d631f43
dev_val,train/attack/digital_1/iphone15pro/persian-NM-1035.jpg,data/processed/policy_c/train/attack/digital_1/iphone15pro/persian-NM-1035.jpg,persian-NM-1035,attack,digital_1,iphone15pro,1,53,42615fe91771ed2262621d7196fbbe1c896d84ced06d57eda36f1cc3489f183e,264f1d943443a5de4a0ccade68da8aaf475f6830c3e4040449a6d792581d8e4f
dev_val,train/attack/digital_1/scan/persian-NM-1035.jpg,data/processed/policy_c/train/attack/digital_1/scan/persian-NM-1035.jpg,persian-NM-1035,attack,digital_1,scan,1,59,d6cb80765c6b5708e18052a021a9efccb9dd73efb6c10e447ecb1a95e7272aed,5a8bdf61c202f243652586fe2b7ffd75a6b8b02fb0c25493e809a8461a836241
dev_val,train/attack/digital_2/huawei/persian-NM-1035.jpg,data/processed/policy_c/train/attack/digital_2/huawei/persian-NM-1035.jpg,persian-NM-1035,attack,digital_2,huawei,1,64,ae32f03b94b0f475322222db43a63595353a99ff12e7dc44aece64ee5cd019b1,d4b98a3a5c21cdce3f23a7415e93af01d73789951e60016432e70748384f091b
dev_val,train/attack/digital_2/iphone15pro/persian-NM-1035.jpg,data/processed/policy_c/train/attack/digital_2/iphone15pro/persian-NM-1035.jpg,persian-NM-1035,attack,digital_2,iphone15pro,1,53,93ed91d1a85e76dd319e34b35656c9beb997087760afa69964e42bae725ceb6a,74016ca4f117ef2d84515cfa90938748e83ac674c3eb69f6173a8089e9fce677
dev_val,train/attack/digital_2/scan/persian-NM-1035.jpg,data/processed/policy_c/train/attack/digital_2/scan/persian-NM-1035.jpg,persian-NM-1035,attack,digital_2,scan,1,59,a8997b19ce1644da9f5ff775c5d579be372e271775b8f8c2ce27e2332ceb485b,bb61d6f34e5dfde51e93661bf64c1cbe377f97b1022242a841f260d6d2a96898
dev_val,train/bonafide/huawei/persian-NM-1035.jpg,data/processed/policy_c/train/bonafide/huawei/persian-NM-1035.jpg,persian-NM-1035,bonafide,,huawei,0,64,19d28a64c8416c97fc4d23521c375bd3ccfa5b42b498a4a8686c713f29b3b378,734cbccfcac6c440741ddcf94fb32b425ad5d7c562239e98f3b0a9f92975ae4b
dev_val,train/bonafide/iphone15pro/persian-NM-1035.jpg,data/processed/policy_c/train/bonafide/iphone15pro/persian-NM-1035.jpg,persian-NM-1035,bonafide,,iphone15pro,0,53,9235d62e89856f7fd9918d07bf63cdc042ce677d910241732127a38bb5a11098,5a9861e7e79afb9e1fbaddd502318c05c98667a653fcec053bbdcfc3549d0bc3
dev_val,train/bonafide/scan/persian-NM-1035.jpg,data/processed/policy_c/train/bonafide/scan/persian-NM-1035.jpg,persian-NM-1035,bonafide,,scan,0,59,0670888c295c2748a908185d2b70eaba4f2a02fb1ca3241f2915c426cbc53735,92a2fe18860ef42d3b7808909559e9eddd72d719aeafc79e5bf25d45ce0e2ffa
dev_val,train/attack/digital_1/huawei/portugal-013_03.jpg,data/processed/policy_c/train/attack/digital_1/huawei/portugal-013_03.jpg,portugal-013_03,attack,digital_1,huawei,1,80,5933cb7d471a078ec13238cbe43f7bacfdc51bb6b36eb102d2dc80fc7a6a6d7c,075ecfb3433ae543fbd8c6dba5f441fbc8c0baa320d8c3a4b664346b8fa4c337
dev_val,train/attack/digital_1/iphone15pro/portugal-013_03.jpg,data/processed/policy_c/train/attack/digital_1/iphone15pro/portugal-013_03.jpg,portugal-013_03,attack,digital_1,iphone15pro,1,58,0e232ac14fcef7bb40100ecf94fb2b65696bb4dff453f2702b76bd57bce5e4ce,1c7ed0e3f3f786db53cff5d1f0fe37d93ee95eca77b7646b7a6d9ee52fb8e1d0
dev_val,train/attack/digital_1/scan/portugal-013_03.jpg,data/processed/policy_c/train/attack/digital_1/scan/portugal-013_03.jpg,portugal-013_03,attack,digital_1,scan,1,57,e04d5823d4e4338e9ee2e0c44d7ad5f30a13f166f6de3e04fb46ff2e74a49310,21a9259241fcc04a22df0a3f7e531602c257e0c1d1e5a4bf1e0d785880cbab4d
dev_val,train/attack/digital_2/huawei/portugal-013_03.jpg,data/processed/policy_c/train/attack/digital_2/huawei/portugal-013_03.jpg,portugal-013_03,attack,digital_2,huawei,1,80,11340623335b33549a012b2ef9785524b4ae9f55da4ce459e62a51a4d234787f,fa17c4b5862294ac7f8bc84e2b949fa398be6f9af4ee2153e98b8ebd13c45040
dev_val,train/attack/digital_2/iphone15pro/portugal-013_03.jpg,data/processed/policy_c/train/attack/digital_2/iphone15pro/portugal-013_03.jpg,portugal-013_03,attack,digital_2,iphone15pro,1,58,ae11b745378a28a533f66067bb5c694292f3bdcc27be85cdfb2bd13b86fb72eb,7f49cbdcc54c4ffeefa380c53375630a6e89ce5029c933fddbb5d08e1b0ee7e1
dev_val,train/attack/digital_2/scan/portugal-013_03.jpg,data/processed/policy_c/train/attack/digital_2/scan/portugal-013_03.jpg,portugal-013_03,attack,digital_2,scan,1,57,c5ac11edc7092983b2980a00209b1bbcb158a99420c14ee87e56af836b30c791,24d332a3b8e8760d12b372ef0a812ef79537a4a2228eca4a3261229ff562e806
dev_val,train/bonafide/huawei/portugal-013_03.jpg,data/processed/policy_c/train/bonafide/huawei/portugal-013_03.jpg,portugal-013_03,bonafide,,huawei,0,80,33b29bcd7408e44b4f9e71f9eafc48bb99d9ba6f261de525aec92a45613674fd,36ab14ab74d415a110b230adcb1d5e1e96b899d72148d5072199c69edd4d469d
dev_val,train/bonafide/iphone15pro/portugal-013_03.jpg,data/processed/policy_c/train/bonafide/iphone15pro/portugal-013_03.jpg,portugal-013_03,bonafide,,iphone15pro,0,58,0b73f637254c2ef784727c76b7ff6cfe3956c02b4371159420d7ec9f8e33564a,930e20635aa73332f5058883b08437147693c32824211c8bae218646d4da4784
dev_val,train/bonafide/scan/portugal-013_03.jpg,data/processed/policy_c/train/bonafide/scan/portugal-013_03.jpg,portugal-013_03,bonafide,,scan,0,57,9fe8f2458e19c47fd69548387df2298c42b90198857626052d8ff347d5647c5f,979a3de6eb75d98e95ea889d3530a1a841af61dd9fc85be7b5a24b066769c3b0
dev_val,train/attack/digital_1/huawei/portugal-017_03.jpg,data/processed/policy_c/train/attack/digital_1/huawei/portugal-017_03.jpg,portugal-017_03,attack,digital_1,huawei,1,52,c515cd11208a7f497dc67e018aab316b16a64cbe4a093779f99b27c03b9c920c,707295c6f8021444d1d23b952f35bf9bf523870d5e0ce6f264aa704e2df7f9cb
dev_val,train/attack/digital_1/iphone15pro/portugal-017_03.jpg,data/processed/policy_c/train/attack/digital_1/iphone15pro/portugal-017_03.jpg,portugal-017_03,attack,digital_1,iphone15pro,1,86,ac92fc2a61fb91679d36fe87090298f16ae65ade2dc57eab82fa9a08adf94a03,1ef11f346a9ab6232f3cd447bbb019abf65d2b56260051c25c31d6f7821ddfc3
dev_val,train/attack/digital_1/scan/portugal-017_03.jpg,data/processed/policy_c/train/attack/digital_1/scan/portugal-017_03.jpg,portugal-017_03,attack,digital_1,scan,1,64,38df573ed489b19892afc2dc28358a5b4e21a974337e5af7ccfdceb3cdaa896d,f0abd03e7e18db3c693168ac42871bce08da35be9f7c85633c994ac100ea7fdd
dev_val,train/attack/digital_2/huawei/portugal-017_03.jpg,data/processed/policy_c/train/attack/digital_2/huawei/portugal-017_03.jpg,portugal-017_03,attack,digital_2,huawei,1,52,cfd7fe7488dad18d5a294d5acc2b8ea51121de2545e1667372857ca7688fbaf3,aed70622571c5dec35f9f231e2ac43c9e0603a6e862667ade1961b039c4ed212
dev_val,train/attack/digital_2/iphone15pro/portugal-017_03.jpg,data/processed/policy_c/train/attack/digital_2/iphone15pro/portugal-017_03.jpg,portugal-017_03,attack,digital_2,iphone15pro,1,86,ec1c4e3c67b598ac1e0ec7bc45f297e22b1aab60d70fec1ade4799b12b5a2dcb,cb157416eaa0b0368611fd8506414a97c6e4ec3c7d28ab50edb57b3a6e0eed04
dev_val,train/attack/digital_2/scan/portugal-017_03.jpg,data/processed/policy_c/train/attack/digital_2/scan/portugal-017_03.jpg,portugal-017_03,attack,digital_2,scan,1,64,57d647a4bc668f9a492a47b5da4f6b4578743319d9cc466280c44370b3fa3e94,d2b501e360fea9e7d894935bf5acb8880503672cb46185fd249d4cbe45b1b7ae
dev_val,train/bonafide/huawei/portugal-017_03.jpg,data/processed/policy_c/train/bonafide/huawei/portugal-017_03.jpg,portugal-017_03,bonafide,,huawei,0,52,a058678435dfac84198f6c420d9db1951d4ee3219d15a45ea6ea1eeb9d77146c,5e98a1e511dc1e511f724c02c8cc9afbf465c0fddf0347f1608a63c649144318
dev_val,train/bonafide/iphone15pro/portugal-017_03.jpg,data/processed/policy_c/train/bonafide/iphone15pro/portugal-017_03.jpg,portugal-017_03,bonafide,,iphone15pro,0,86,de429134467993c70536572ecf11af6f17c84c0e11ca12cdb041b68d87657403,88def20d78c6314effe51ad5dd66ca08b52317f099ecdc143f10560ce02579d0
dev_val,train/bonafide/scan/portugal-017_03.jpg,data/processed/policy_c/train/bonafide/scan/portugal-017_03.jpg,portugal-017_03,bonafide,,scan,0,64,4f0832148bf887ccc831248cb77e457f9393bc071dfd2a9097cd950cb31978f5,8b5d265a10fde87552aa2090cfd20bfc25207d717642193a30dee0edd806330d
dev_val,train/attack/digital_1/huawei/portugal-029_03.jpg,data/processed/policy_c/train/attack/digital_1/huawei/portugal-029_03.jpg,portugal-029_03,attack,digital_1,huawei,1,59,c884f4a473e6f79af65a6111bb56b79c403f1e9981072f3fc9ae2c07b8bb92ba,833ad71d4e7888b41dc5e8475bbc881eedb1f7b56b49c1897f005a6481d3e685
dev_val,train/attack/digital_1/iphone15pro/portugal-029_03.jpg,data/processed/policy_c/train/attack/digital_1/iphone15pro/portugal-029_03.jpg,portugal-029_03,attack,digital_1,iphone15pro,1,78,4e26987644b53ef231bf72d5c354a79f586d68e1ae19e2909dcedc4a4c4ec087,2ff92d534f13bb099f77aff53974437c9873a51a986810fa9a704083c40f8004
dev_val,train/attack/digital_1/scan/portugal-029_03.jpg,data/processed/policy_c/train/attack/digital_1/scan/portugal-029_03.jpg,portugal-029_03,attack,digital_1,scan,1,71,232bb48255cc5cc415a89e18a61d52df8eedb9a9dc58d44d1761f980c9e5bf5d,eede9fc4d3632fbf6965fdd99cd45cafbad59bc2a56cbb768eefef172a7c0621
dev_val,train/attack/digital_2/huawei/portugal-029_03.jpg,data/processed/policy_c/train/attack/digital_2/huawei/portugal-029_03.jpg,portugal-029_03,attack,digital_2,huawei,1,59,435f50bf8cf08c19ce3fd797b9b862599b7044a96ea1475ce9f1c9024715146c,edbce921c140832ce1229ecf4715241e3a43c2677097b907f503713369e7daa3
dev_val,train/attack/digital_2/iphone15pro/portugal-029_03.jpg,data/processed/policy_c/train/attack/digital_2/iphone15pro/portugal-029_03.jpg,portugal-029_03,attack,digital_2,iphone15pro,1,78,f52c27340197ab42c897e03ff1d8c8695a52886ef60300ec28d1eccfa7abec7a,1e23d811a61f426cac0e578f19e48fc1bdfe849c7784efd057ad6bd405c51bc3
dev_val,train/attack/digital_2/scan/portugal-029_03.jpg,data/processed/policy_c/train/attack/digital_2/scan/portugal-029_03.jpg,portugal-029_03,attack,digital_2,scan,1,71,e8bf53b59a2c032bad56b38932c197fb2b7c29182e08d8d6780f28003679a248,3c37d2d3c4562eadd4339a0c058ccd1f8280aeae298bc3e6d4a96f55e76a2704
dev_val,train/bonafide/huawei/portugal-029_03.jpg,data/processed/policy_c/train/bonafide/huawei/portugal-029_03.jpg,portugal-029_03,bonafide,,huawei,0,59,e3f3a037d9c88628eff64da0ff8e31b0f77542c0387597a1537260a15b68c99c,67f66cac0d5bf0be47a3d8a6ae8a506acf80f8534ad53116403c4b90c871c25a
dev_val,train/bonafide/iphone15pro/portugal-029_03.jpg,data/processed/policy_c/train/bonafide/iphone15pro/portugal-029_03.jpg,portugal-029_03,bonafide,,iphone15pro,0,78,0d4c810c1d20e1a748a6f78d8cc4b650cfa71c36608ce5e9f8b3f06dc238db99,3fcaaab4e4b0a4fdb4a52853e98c611ba7012b6d944903565c5cab8bf9e9e96d
dev_val,train/bonafide/scan/portugal-029_03.jpg,data/processed/policy_c/train/bonafide/scan/portugal-029_03.jpg,portugal-029_03,bonafide,,scan,0,71,8081e3de1eafd7b8205a0aba10a66efa1ad4bb4737369df79beffdd93ee1b226,9506a78b1906d5ff2d872fbd61e1ca39ecb36a289564ed69443d07492c9c6427
dev_val,train/attack/digital_1/huawei/portugal-119_03.jpg,data/processed/policy_c/train/attack/digital_1/huawei/portugal-119_03.jpg,portugal-119_03,attack,digital_1,huawei,1,74,5c0bc2609a6fb25838b94a427502939471aa24db12cbb8fb9c7ec4bd002fe47c,0e50c93e74be8c24b45b45849a2130ef694ccb2cbe085054e9e92f97bcb6514f
dev_val,train/attack/digital_1/iphone15pro/portugal-119_03.jpg,data/processed/policy_c/train/attack/digital_1/iphone15pro/portugal-119_03.jpg,portugal-119_03,attack,digital_1,iphone15pro,1,81,ac84ed81b9f97bda9dbb342aab5831a7cb4478b723894bad9626f1356c380a36,fd883ca622332f7dccd268cae080647ecfda897fd3c32464ea8e0a02d7cd7831
dev_val,train/attack/digital_1/scan/portugal-119_03.jpg,data/processed/policy_c/train/attack/digital_1/scan/portugal-119_03.jpg,portugal-119_03,attack,digital_1,scan,1,88,323f85e9cf0fbdc5abd9a51574a397b50c9c8c16c3c2c550892f392c865b88a9,00a2f089584c63e9e7cc7e6521e4ae9d401ba50398d2437bfa5b36ac45116a5e
dev_val,train/attack/digital_2/huawei/portugal-119_03.jpg,data/processed/policy_c/train/attack/digital_2/huawei/portugal-119_03.jpg,portugal-119_03,attack,digital_2,huawei,1,74,d3d5f81e441ccfc5dec29fca4fb9b2d938a8b81e8ac2d8d8847887cd2bb94bee,24e7b3486b6c5a9b97f466b8e80e925e2002634b8679e2f33f3286a10047f8a8
dev_val,train/attack/digital_2/iphone15pro/portugal-119_03.jpg,data/processed/policy_c/train/attack/digital_2/iphone15pro/portugal-119_03.jpg,portugal-119_03,attack,digital_2,iphone15pro,1,81,62de46bddef6106eb9d5dc3998a7b8a94d5daae69e5739253d253faf6e5144b4,a612b776fcf337def3fa95b739ba5c449b7702511ec2b1da17138e7b06fc1cc8
dev_val,train/attack/digital_2/scan/portugal-119_03.jpg,data/processed/policy_c/train/attack/digital_2/scan/portugal-119_03.jpg,portugal-119_03,attack,digital_2,scan,1,88,e1da55c78a5f9701c707afa748e6955c472c543207b46dd71103e31426e37298,9743705e9b31069192e4d9fd546268fd4d27fadb5fb4dce5fb74884f668b3490
dev_val,train/bonafide/huawei/portugal-119_03.jpg,data/processed/policy_c/train/bonafide/huawei/portugal-119_03.jpg,portugal-119_03,bonafide,,huawei,0,74,481deff4d041033072fb6983541b3375ab59ef74ff94cb0f5204307e092b1ca1,1c5e9b7187f81dbc60c4b89f3552faffe1f36b0cd316c0f1ba02c38c6a5c8c97
dev_val,train/bonafide/iphone15pro/portugal-119_03.jpg,data/processed/policy_c/train/bonafide/iphone15pro/portugal-119_03.jpg,portugal-119_03,bonafide,,iphone15pro,0,81,c739b8f3d242108c2868d30c1bcee55fff61d90926f5751d203af4e637de8131,e3a41aaddcf6d3b2f0b31db1fc56a28ee805be5967854f218bf0c40d68df6585
dev_val,train/bonafide/scan/portugal-119_03.jpg,data/processed/policy_c/train/bonafide/scan/portugal-119_03.jpg,portugal-119_03,bonafide,,scan,0,88,75c95ef59a2975faa5d5b982c8edbede89b00b4000ddd0f780ece63a833a8296,66b722f555c3323418aee5546dd203007d9ab179de9d0c46cc0f59b568553631
dev_val,train/attack/digital_1/huawei/portugal-NF-1060.jpg,data/processed/policy_c/train/attack/digital_1/huawei/portugal-NF-1060.jpg,portugal-NF-1060,attack,digital_1,huawei,1,89,d1e8d726c37baa86258d8b75cdc9ce6d135e3799ce1b2e6a0ad258542e62dbae,18031cd1b9bceb10aaf7437051b279cd711acb17e197281a8db3adcbbd28b16e
dev_val,train/attack/digital_1/iphone15pro/portugal-NF-1060.jpg,data/processed/policy_c/train/attack/digital_1/iphone15pro/portugal-NF-1060.jpg,portugal-NF-1060,attack,digital_1,iphone15pro,1,84,e6ca40f0588ef82fcae19a02469fe29d09baa4feb6997042118b2041fb40cd0e,404e4a8e660896859c93a5751b2a2c16889e9e546022144972dbde42fa364673
dev_val,train/attack/digital_1/scan/portugal-NF-1060.jpg,data/processed/policy_c/train/attack/digital_1/scan/portugal-NF-1060.jpg,portugal-NF-1060,attack,digital_1,scan,1,73,c7a9baf998e67411c5521376b954247145adbb4f26d30da2402f6f5cf843e998,4452bde44ee1f56b76db0b4268738cd21ad522b51be41e93a0ea5ae1e0abd9a6
dev_val,train/attack/digital_2/huawei/portugal-NF-1060.jpg,data/processed/policy_c/train/attack/digital_2/huawei/portugal-NF-1060.jpg,portugal-NF-1060,attack,digital_2,huawei,1,89,2b6ad83b6d8d65ebd451f0d76086876c5bfc7f7bfcfd62e80a21c0c59b2d7e84,c2fb10a563308cafa0283521896a961ec1361cedc97b99c960759905706467d4
dev_val,train/attack/digital_2/iphone15pro/portugal-NF-1060.jpg,data/processed/policy_c/train/attack/digital_2/iphone15pro/portugal-NF-1060.jpg,portugal-NF-1060,attack,digital_2,iphone15pro,1,84,669d2f6aa8b4a108d34357a85a928e26c6941d9bbcf42cdd043f7fdb33afd373,fdc577461a6c1e9c3ad642fed65111fa7f782d2dfaa6184f3704e4ed98401ba8
dev_val,train/attack/digital_2/scan/portugal-NF-1060.jpg,data/processed/policy_c/train/attack/digital_2/scan/portugal-NF-1060.jpg,portugal-NF-1060,attack,digital_2,scan,1,73,991fe7729d103febfe6bb380e1bbba3e392e72b76f2e0b71219984d38bfca067,9ede2ebda4f41cbf7812ff1a231a9437c808f18e67c4e97e12964f0395fd9814
dev_val,train/bonafide/huawei/portugal-NF-1060.jpg,data/processed/policy_c/train/bonafide/huawei/portugal-NF-1060.jpg,portugal-NF-1060,bonafide,,huawei,0,89,fad3d13da1299af78b3f8fe36967b2824c3744a5cbdaec179b52c0b022d824de,baadd1c98a565b0906f0e80831170de7690be4e6af0738fa9b08096a0efdd4fe
dev_val,train/bonafide/iphone15pro/portugal-NF-1060.jpg,data/processed/policy_c/train/bonafide/iphone15pro/portugal-NF-1060.jpg,portugal-NF-1060,bonafide,,iphone15pro,0,84,3640cb95fc98fa093f11bbfc89796ef31141d510805fc6dd15f194a1f68b8b46,e655a970f7ee7a6f6ea11fd186749cd99dfa1c40d945d8b086fb852282d16300
dev_val,train/bonafide/scan/portugal-NF-1060.jpg,data/processed/policy_c/train/bonafide/scan/portugal-NF-1060.jpg,portugal-NF-1060,bonafide,,scan,0,73,3d01b82bbc607ff2dbbe286ae36cf28c7b3f861ce04c5608de767bd9566f441d,3b44d54ee7a4fdd3702f955fd2e33c4acb403a3116c18701de42486fa7aa31b1
dev_val,train/attack/digital_1/huawei/portugal-NF-1066.jpg,data/processed/policy_c/train/attack/digital_1/huawei/portugal-NF-1066.jpg,portugal-NF-1066,attack,digital_1,huawei,1,51,ac75ab217614e970c1441cfb50397cff9ca7ac3e0b47b733a59c8744b425acda,86c092601fa68da5b225d214c58303495090cab262d641ce499a49ed758603cf
dev_val,train/attack/digital_1/iphone15pro/portugal-NF-1066.jpg,data/processed/policy_c/train/attack/digital_1/iphone15pro/portugal-NF-1066.jpg,portugal-NF-1066,attack,digital_1,iphone15pro,1,90,3e10b33e88f7cfbcf7561a0624626def2dfcc731c58a2c391b3214d7708a11ea,bf16edeac103e86885bd5259b460cfb50abf6372b5ce472f39ec598f1565fb0b
dev_val,train/attack/digital_1/scan/portugal-NF-1066.jpg,data/processed/policy_c/train/attack/digital_1/scan/portugal-NF-1066.jpg,portugal-NF-1066,attack,digital_1,scan,1,80,c1e01787b2fed10662d256426169f8ff6a46345225187d61669d195eed676f2e,0ee8e31976b60b77bec294c33897c81df9dda4ca98f2b9dbadd765e0c9c7d85b
dev_val,train/attack/digital_2/huawei/portugal-NF-1066.jpg,data/processed/policy_c/train/attack/digital_2/huawei/portugal-NF-1066.jpg,portugal-NF-1066,attack,digital_2,huawei,1,51,edab44ea4fce71f92e5c08f22e240cad52911da5c325f650be7e6f7a12a4adb8,3c8a13bf05cd4489bd932bfcc095b62b98b105a845cbc18613b33ca54c240498
dev_val,train/attack/digital_2/iphone15pro/portugal-NF-1066.jpg,data/processed/policy_c/train/attack/digital_2/iphone15pro/portugal-NF-1066.jpg,portugal-NF-1066,attack,digital_2,iphone15pro,1,90,7dfbb14d4b1545852fd4f47b35e19a5a0190d4c4c0c6fb360b48e5277898d6c5,f4f4b6ce95dce5b7f3986df56e6ec4284074c4bdc5b690e1146439118774cc78
dev_val,train/attack/digital_2/scan/portugal-NF-1066.jpg,data/processed/policy_c/train/attack/digital_2/scan/portugal-NF-1066.jpg,portugal-NF-1066,attack,digital_2,scan,1,80,7a6206b40d4207c5db87a81cb2a76149e1ce5968a42ebe2db8baeb2c92f6b636,c7fdcc5fa53004fa19befa866c1dcc7d72ee761ce4d6fae0d5c467c4a790aa67
dev_val,train/bonafide/huawei/portugal-NF-1066.jpg,data/processed/policy_c/train/bonafide/huawei/portugal-NF-1066.jpg,portugal-NF-1066,bonafide,,huawei,0,51,b48fa7402b4a1ffc1f3e70aa56e1e4cff854832081eafe41b3ab17740e566074,d3daccde68b22d32c6363a8bd3aac9ec6a8f0cfed5f146ef2375b8ca51344c83
dev_val,train/bonafide/iphone15pro/portugal-NF-1066.jpg,data/processed/policy_c/train/bonafide/iphone15pro/portugal-NF-1066.jpg,portugal-NF-1066,bonafide,,iphone15pro,0,90,79e487c9b7905b6a342dcd2562cb34a0a22c37e675cb85e9241358b139a3b87b,24b4fe6fce9daa3b78de83c41ba87d23c2a0d59f6967898e5b87b2933dbcaf26
dev_val,train/bonafide/scan/portugal-NF-1066.jpg,data/processed/policy_c/train/bonafide/scan/portugal-NF-1066.jpg,portugal-NF-1066,bonafide,,scan,0,80,12f5a02fccba08ec5f4981c1ff88de1f44fdec1590f6f7a3a98e58e10a5de620,f93f8f50b984dcbef6237443c26b5a37a4d95c9306fae646e0d565505b8231cc
dev_val,train/attack/digital_1/huawei/portugal-NF-1109.jpg,data/processed/policy_c/train/attack/digital_1/huawei/portugal-NF-1109.jpg,portugal-NF-1109,attack,digital_1,huawei,1,73,e5a524d78323401c6729205d26616fb5a67a1e5fdb26f2010897f74258924ee5,e291b8988f2677a4c4b5af9e52318867ac8e6bebb65430b74a852de87f69733f
dev_val,train/attack/digital_1/iphone15pro/portugal-NF-1109.jpg,data/processed/policy_c/train/attack/digital_1/iphone15pro/portugal-NF-1109.jpg,portugal-NF-1109,attack,digital_1,iphone15pro,1,56,9869bcc50fadb5fd64debe4265835536c8f235c1e0947093e1f277b37e4019ff,8d4e61fb88ed39ae3f8944ec81e0cba1057356342982312c01343e9e11b3be18
dev_val,train/attack/digital_1/scan/portugal-NF-1109.jpg,data/processed/policy_c/train/attack/digital_1/scan/portugal-NF-1109.jpg,portugal-NF-1109,attack,digital_1,scan,1,87,2d0b4784bedf169cf53d33764c9ec014fcb3c7760e01e8ca9ecdfb541c6fdfc0,0b99d04a7859a396b2d74a21ed001904856c499bcbd4ce35f70da3afca34fcbb
dev_val,train/attack/digital_2/huawei/portugal-NF-1109.jpg,data/processed/policy_c/train/attack/digital_2/huawei/portugal-NF-1109.jpg,portugal-NF-1109,attack,digital_2,huawei,1,73,b406cc71e826464a2e071ce3061bc5c8d1b1cda9e288990733e22ad22f9546c0,2a16fdbefc04a8821e278c9cd875b981b59af042711ce08cd93c5673531f9e35
dev_val,train/attack/digital_2/iphone15pro/portugal-NF-1109.jpg,data/processed/policy_c/train/attack/digital_2/iphone15pro/portugal-NF-1109.jpg,portugal-NF-1109,attack,digital_2,iphone15pro,1,56,51d83cba8a1de8893e3a713bb797ec686ecf0270148e18e12ba8c815e8f8a493,f33c6f4b7e9eb0f7de526d4f5637d1586a4ce48946f99d49a7846d5cc6381cb5
dev_val,train/attack/digital_2/scan/portugal-NF-1109.jpg,data/processed/policy_c/train/attack/digital_2/scan/portugal-NF-1109.jpg,portugal-NF-1109,attack,digital_2,scan,1,87,8735b36d520377af79b195de8688fc6ce39ee3500f96ab2daab7ffe51cb47d1a,a8dbc05e921ed7846b8bb930d6a6dd63548ae06f38850147cc56eb4527f94e5c
dev_val,train/bonafide/huawei/portugal-NF-1109.jpg,data/processed/policy_c/train/bonafide/huawei/portugal-NF-1109.jpg,portugal-NF-1109,bonafide,,huawei,0,73,f5b05d623f57dba85b9dc2ca8c442e4cd1de3990cc3151ad21ff29302d8c36a7,e8c879731ab88ff8a7aaa499f0b59903dcc4476de361a42a532d1aaed3b2bb72
dev_val,train/bonafide/iphone15pro/portugal-NF-1109.jpg,data/processed/policy_c/train/bonafide/iphone15pro/portugal-NF-1109.jpg,portugal-NF-1109,bonafide,,iphone15pro,0,56,9a64a4a933e2b755211fc7cf4ab7e6662f335fe99c3ccb8b7b6068471d097eac,44005b4510d33c413c728c2a7d34c8c97ffc5d83f7ddc185957db3193db9938b
dev_val,train/bonafide/scan/portugal-NF-1109.jpg,data/processed/policy_c/train/bonafide/scan/portugal-NF-1109.jpg,portugal-NF-1109,bonafide,,scan,0,87,5cf7c79a128b628e6d34598473d75b9f8d73b2fb987f156d6b8a860018215c24,0a8528edbe4199d493a8d5fe5e0ae6eb341d5501607bace074fb146c8da232b2
dev_val,train/attack/digital_1/huawei/russian-062_03.jpg,data/processed/policy_c/train/attack/digital_1/huawei/russian-062_03.jpg,russian-062_03,attack,digital_1,huawei,1,52,a42965a3588e5d611d0c40058cb1ae946cd42c7df86d3cda40ead570bfb085f4,8c1a3617b23b841c07d26fce1a8f7c4a082bf2cc0ae0fb82feb28d86ec4ef72d
dev_val,train/attack/digital_1/iphone15pro/russian-062_03.jpg,data/processed/policy_c/train/attack/digital_1/iphone15pro/russian-062_03.jpg,russian-062_03,attack,digital_1,iphone15pro,1,62,21d4a26584fce65e27c6fb86d9e9be0c9bc303c21b7ab4f5d410b671f297d59a,4de58abfc100de9a1da4faf6c77b3876ac71854063f10088a762681d7f219a91
dev_val,train/attack/digital_1/scan/russian-062_03.jpg,data/processed/policy_c/train/attack/digital_1/scan/russian-062_03.jpg,russian-062_03,attack,digital_1,scan,1,69,a99c9930efaf5e134e7d413033ae2994129d81ae0b41381d37a22347cc89ddab,2469bbab74e2cbb61373c62901c41c412cbdd112ab3f41ec764b9a7931e1540b
dev_val,train/attack/digital_2/huawei/russian-062_03.jpg,data/processed/policy_c/train/attack/digital_2/huawei/russian-062_03.jpg,russian-062_03,attack,digital_2,huawei,1,52,bedb670de58f12e9aba5f5e593b585505ae65e7a46d28b7faf7939c3d62fb3f4,5e833f33913c729baf50f5a28349682ffd5deb9d56681eb71a427ed25c6c5507
dev_val,train/attack/digital_2/iphone15pro/russian-062_03.jpg,data/processed/policy_c/train/attack/digital_2/iphone15pro/russian-062_03.jpg,russian-062_03,attack,digital_2,iphone15pro,1,62,49d4a297212562d4241c8eccaef030c11b9f707cfce375006b563d14502030f5,5ed4adedba2cd0620a3d05342d8884823a6eb00f3bed5c8745054fc7ac144229
dev_val,train/attack/digital_2/scan/russian-062_03.jpg,data/processed/policy_c/train/attack/digital_2/scan/russian-062_03.jpg,russian-062_03,attack,digital_2,scan,1,69,a7e0dd56696092537ef8afdb788ab7b1b78487c7ad7dd2f1c327e639fc97149e,e437f5fb5e3e852be44b0d2ec21fb4615ee6e9844318032fc217d3368f6cbb5b
dev_val,train/bonafide/huawei/russian-062_03.jpg,data/processed/policy_c/train/bonafide/huawei/russian-062_03.jpg,russian-062_03,bonafide,,huawei,0,52,52d0e0aec746fe884af8cc45c7c9f41e8d9b4d952d08b57b95841baaf3908216,1d58a9f2d2f4216e20be0b32226cf69db21c240c8135656944f8dcb75a5e130d
dev_val,train/bonafide/iphone15pro/russian-062_03.jpg,data/processed/policy_c/train/bonafide/iphone15pro/russian-062_03.jpg,russian-062_03,bonafide,,iphone15pro,0,62,ff3a6b3a78df6623aa1dded2d2aa3dcaa8d15d98ad3e7288f1e208392c5dd37a,a82a110616dfa505a95af8673b3af5e015da552b49fba53f7c37d4d65e08e858
dev_val,train/bonafide/scan/russian-062_03.jpg,data/processed/policy_c/train/bonafide/scan/russian-062_03.jpg,russian-062_03,bonafide,,scan,0,69,5c208a541e630c2ca164579ab7ecbceeed0904e7ee9276b3d15fa82fe5036955,c61aec73720752ede1128b4e6b3598c6e162365cf682c0e09eb1c986e93a61da
dev_val,train/attack/digital_1/huawei/russian-132_03.jpg,data/processed/policy_c/train/attack/digital_1/huawei/russian-132_03.jpg,russian-132_03,attack,digital_1,huawei,1,69,5262d70fb0951f34c348637d7a52434f3d79f833667c969d3ab605434ce41d6e,1da8145f21d5c4903e862cf703adc045b916854d7322d46933adbf1cec28793f
dev_val,train/attack/digital_1/iphone15pro/russian-132_03.jpg,data/processed/policy_c/train/attack/digital_1/iphone15pro/russian-132_03.jpg,russian-132_03,attack,digital_1,iphone15pro,1,85,9de92391330e2d622d5cb7e90010a1a243053558e62c312496b25d45ef0156d6,7c2ab873cf461e179070957f565b1af8ee139f05439cdf3ece5f8343766dc974
dev_val,train/attack/digital_1/scan/russian-132_03.jpg,data/processed/policy_c/train/attack/digital_1/scan/russian-132_03.jpg,russian-132_03,attack,digital_1,scan,1,53,5d957c3d3e7d985436c7e8878dfd8153cbb7a5e59e9c5228069955c35f93c2a9,3f1b7f0a51093160a1fb4679fe3a3761eda66767a304689bcd01da2b521b92de
dev_val,train/attack/digital_2/huawei/russian-132_03.jpg,data/processed/policy_c/train/attack/digital_2/huawei/russian-132_03.jpg,russian-132_03,attack,digital_2,huawei,1,69,a30b5f302081f2d677a71072ed321d357ecf7c77ccf80d92a5330701af2c52ff,4eab0f351dc2a03220743ca63897a0a7256aa5578d462d6fdc67d42a228a63df
dev_val,train/attack/digital_2/iphone15pro/russian-132_03.jpg,data/processed/policy_c/train/attack/digital_2/iphone15pro/russian-132_03.jpg,russian-132_03,attack,digital_2,iphone15pro,1,85,c7d36e591aa937868da21f3aa5e655c0151c38c894758a476ea46add2724a89b,2aed837f0ccd3f8017953877cec08ee6b347b251e1780ce9eae3f5f272efc0b1
dev_val,train/attack/digital_2/scan/russian-132_03.jpg,data/processed/policy_c/train/attack/digital_2/scan/russian-132_03.jpg,russian-132_03,attack,digital_2,scan,1,53,e4fd8ea2f02a36db4be1ff4e6ccabf82093c2427798f5a4c47eaab41c18f6b32,c962ca1eb6956bc3a70d141bd166f5c6ce0e7dfbf8a0422f4b5126c53ebd31a6
dev_val,train/bonafide/huawei/russian-132_03.jpg,data/processed/policy_c/train/bonafide/huawei/russian-132_03.jpg,russian-132_03,bonafide,,huawei,0,69,043f9a615031f7dc7c9ac8e51d6a9e92a722e14f72dd4f0179bbd222dca6d7d3,fb77d78ac99d0e492d22fe312ab08d4f0ae17f043b2ce3e3bbc2ebe56fe5678f
dev_val,train/bonafide/iphone15pro/russian-132_03.jpg,data/processed/policy_c/train/bonafide/iphone15pro/russian-132_03.jpg,russian-132_03,bonafide,,iphone15pro,0,85,f57c90112a02bf11aa6ae52483a2cef936868236923181ac50fa0b7ca1c2d85f,7acb88a9a6236e86edf8b1dbddebfab59350fb6e8f1be7af38235f101d4c1742
dev_val,train/bonafide/scan/russian-132_03.jpg,data/processed/policy_c/train/bonafide/scan/russian-132_03.jpg,russian-132_03,bonafide,,scan,0,53,639af94145ae6dade41ca759602461a7f1a8cf60645f8b62c96e5e6ed0db1a1d,50bca86b72f02e9811af94f6c01b4b1143f483ed755de6e979b0ca76e4d335cf
dev_val,train/attack/digital_1/huawei/russian-NF-1089.jpg,data/processed/policy_c/train/attack/digital_1/huawei/russian-NF-1089.jpg,russian-NF-1089,attack,digital_1,huawei,1,72,08db81c727b948786a94c6ebf0f62a1c61185623603950b9607f3046cd9f2bc5,f58fbf4c286c36f3626514e1e931335db6e805ce735a9b5cb80394590a7d125a
dev_val,train/attack/digital_1/iphone15pro/russian-NF-1089.jpg,data/processed/policy_c/train/attack/digital_1/iphone15pro/russian-NF-1089.jpg,russian-NF-1089,attack,digital_1,iphone15pro,1,51,3ce4c98c71bdb0a8961e4684c5f976a436f3feb81952db76fb0256b78eb934f6,a9979c61d041246d9a0631fa2f1d95d47e474ebffc829397f6fe588374346aab
dev_val,train/attack/digital_1/scan/russian-NF-1089.jpg,data/processed/policy_c/train/attack/digital_1/scan/russian-NF-1089.jpg,russian-NF-1089,attack,digital_1,scan,1,80,7991b9bdff31379e1765f126bd5bf5c6f22420d3229f8457200332731a6c41ad,35d3263b07501253e7d3519ca1549d7b997f6f0d2e70b26779e7a2de3ef472a7
dev_val,train/attack/digital_2/huawei/russian-NF-1089.jpg,data/processed/policy_c/train/attack/digital_2/huawei/russian-NF-1089.jpg,russian-NF-1089,attack,digital_2,huawei,1,72,2018e6de0f31f23aaad17aa4f3bd0d69aa20709e2b7bdf41b95730da6f932f0f,fe7b77ec01bc650ad19e609628dfb7ad7f1b45a3086e11670f8350301dcde45a
dev_val,train/attack/digital_2/iphone15pro/russian-NF-1089.jpg,data/processed/policy_c/train/attack/digital_2/iphone15pro/russian-NF-1089.jpg,russian-NF-1089,attack,digital_2,iphone15pro,1,51,d716586184a11f23581af913b2f1442e3ae56540b72ecacd32692c12a781324a,c2acf2eecadcc8e01ceed5cbe495001d13a986999f1c3e2968da0f809f039db5
dev_val,train/attack/digital_2/scan/russian-NF-1089.jpg,data/processed/policy_c/train/attack/digital_2/scan/russian-NF-1089.jpg,russian-NF-1089,attack,digital_2,scan,1,80,bccfad3b70aa10f68990c798096a2960ff7ef29fd2dfda9042eed943bd53959a,df0b63a7c6cbf7f0af65b2acea51a28a12f1f70ee594ce01d93597e4e0cd2b76
dev_val,train/bonafide/huawei/russian-NF-1089.jpg,data/processed/policy_c/train/bonafide/huawei/russian-NF-1089.jpg,russian-NF-1089,bonafide,,huawei,0,72,31e3e2dac892b0b4906ef34f43ac96caca25e3ba70c5563f68c3f90edf652af6,48c0783c268fe062f70c9fbedf96b125457241e5d2a0346c7e229b9464b1edc7
dev_val,train/bonafide/iphone15pro/russian-NF-1089.jpg,data/processed/policy_c/train/bonafide/iphone15pro/russian-NF-1089.jpg,russian-NF-1089,bonafide,,iphone15pro,0,51,8c0780b9159363d8182ed1e7ee79d46b9235190754fa5a75daec9d32dc99c362,50bee680fba266bd64195357a4f5961581a7534068706b404788aa9e5261b5af
dev_val,train/bonafide/scan/russian-NF-1089.jpg,data/processed/policy_c/train/bonafide/scan/russian-NF-1089.jpg,russian-NF-1089,bonafide,,scan,0,80,00a4aebea13a29ccabb3b8df09f214cdde2bb79e0938cc1ed9028679d7440b98,5d4ef77810324428785608a604c93c366f9b7d5a95df6aef230caf230df0488e
dev_val,train/attack/digital_1/huawei/russian-NF-1099.jpg,data/processed/policy_c/train/attack/digital_1/huawei/russian-NF-1099.jpg,russian-NF-1099,attack,digital_1,huawei,1,65,b23a1e581be0ea30ea6b73fa4bc0018e16b44a70f9d387fd59873107bddcdef2,764d83505bc0d1d3e7feb01599b33a992f400604fd6121200a3ad1edc0ee5272
dev_val,train/attack/digital_1/iphone15pro/russian-NF-1099.jpg,data/processed/policy_c/train/attack/digital_1/iphone15pro/russian-NF-1099.jpg,russian-NF-1099,attack,digital_1,iphone15pro,1,85,6378768336a1ac554abce43b18d02f2b43477531b628e90b0c643b1c684f465d,3b887e5a7bb7135252f214c2da4fe4b7ee1099cc7d7130a11d54f60601973c90
dev_val,train/attack/digital_1/scan/russian-NF-1099.jpg,data/processed/policy_c/train/attack/digital_1/scan/russian-NF-1099.jpg,russian-NF-1099,attack,digital_1,scan,1,53,b565bd31cc9abab64edbac35790bf28e7d8429919dd72559c4785e0063db7c1f,f8462f1672873c1183ff08e8a65992e75043962003bc580b1a3540a2a86a3e4f
dev_val,train/attack/digital_2/huawei/russian-NF-1099.jpg,data/processed/policy_c/train/attack/digital_2/huawei/russian-NF-1099.jpg,russian-NF-1099,attack,digital_2,huawei,1,65,59c7c5bb89cc4441da6065b7f92aa3c621b25499a826269f28c1d9dca5af6dab,749dbf35e2a4faa899c1a090e9a5aab4a380dfe6a4420be45bac5fa37cbc191c
dev_val,train/attack/digital_2/iphone15pro/russian-NF-1099.jpg,data/processed/policy_c/train/attack/digital_2/iphone15pro/russian-NF-1099.jpg,russian-NF-1099,attack,digital_2,iphone15pro,1,85,cb282c96ca4b5621f17ad606e19f816725750a61b7413036b4d04a72c359eb4e,bb1da92af5a8450ae0c2e854cac467e8863a4a0e08e24d005487abe6abf614ab
dev_val,train/attack/digital_2/scan/russian-NF-1099.jpg,data/processed/policy_c/train/attack/digital_2/scan/russian-NF-1099.jpg,russian-NF-1099,attack,digital_2,scan,1,53,4e3df62647a93f0c2232b6aa030f0aa44f649d06a686d0d39fd1b9a054219df9,30ff0b9ae9f09bb67822f2bcc8ec47fac14035802323df6de4c82cfe9effc0d9
dev_val,train/bonafide/huawei/russian-NF-1099.jpg,data/processed/policy_c/train/bonafide/huawei/russian-NF-1099.jpg,russian-NF-1099,bonafide,,huawei,0,65,6013dfced7977c0ca429d55ab73c667c12ee1618eb17d955d27ea522c6e90f79,7888a71d915f2882d2f3f30e951782df389eb66b5b109f21eb46385563b010a5
dev_val,train/bonafide/iphone15pro/russian-NF-1099.jpg,data/processed/policy_c/train/bonafide/iphone15pro/russian-NF-1099.jpg,russian-NF-1099,bonafide,,iphone15pro,0,85,09adfd5f56abb5857d57bb65c74f089d9c9018251b9a957d9682c43a7d050ddb,88dcdf9e69710d0e2920c1e9f4ef6d2c5a5a127a8fb3248f0b68565041f0cbf7
dev_val,train/bonafide/scan/russian-NF-1099.jpg,data/processed/policy_c/train/bonafide/scan/russian-NF-1099.jpg,russian-NF-1099,bonafide,,scan,0,53,72fb48bf178d477509e711af7f4c8ea04e54cb7b03862d257e144b813dbe78bd,853a835013a7763c08144d1b31d95ba911b80d03456825b9d601269c31c16b72
dev_val,train/attack/digital_1/huawei/turkiye-032_03.jpg,data/processed/policy_c/train/attack/digital_1/huawei/turkiye-032_03.jpg,turkiye-032_03,attack,digital_1,huawei,1,62,f7f81f5ef5ad8303de7e32ac49185f04b29bd0c3746d111e475e719e80fbe8c4,95839ddd32b352d48882d99ffcffd55b1383b95270bf7ea443c5423e9fae8a05
dev_val,train/attack/digital_1/iphone15pro/turkiye-032_03.jpg,data/processed/policy_c/train/attack/digital_1/iphone15pro/turkiye-032_03.jpg,turkiye-032_03,attack,digital_1,iphone15pro,1,55,bde336de89dc6a5def4aa527092439aafd410136ef47d1aa1235914809a4f170,c13ab1542c9537d7fa208e7238e556c9de75f83673bbd5ffb0c00efd5579c511
dev_val,train/attack/digital_1/scan/turkiye-032_03.jpg,data/processed/policy_c/train/attack/digital_1/scan/turkiye-032_03.jpg,turkiye-032_03,attack,digital_1,scan,1,53,a1ba0bcec8afa99061ffa45a5a774e25fab8d3154220c8d5feb31c1fe3e02f7d,2edee7e4a332108525f4245a8331208930ee7dff16e656319f9fb5f02482754e
dev_val,train/attack/digital_2/huawei/turkiye-032_03.jpg,data/processed/policy_c/train/attack/digital_2/huawei/turkiye-032_03.jpg,turkiye-032_03,attack,digital_2,huawei,1,62,3fce0d34c618ea1aa29474a145bfd4cb2ae97212ad50ae78437fe238bc40fb25,a21fb4fefc2f446dfefb32fdcdfb758c90b3e5ae0b1255a41a1669f19e94b936
dev_val,train/attack/digital_2/iphone15pro/turkiye-032_03.jpg,data/processed/policy_c/train/attack/digital_2/iphone15pro/turkiye-032_03.jpg,turkiye-032_03,attack,digital_2,iphone15pro,1,55,a29431bee82caf0b37ca99bedbb745846062de1a7465eda28642b30a2c7553ba,3bc7f3774bf89d3fc9f195f18f701f14ecbf2ddb32ffeb7b291b7e28aee6023a
dev_val,train/attack/digital_2/scan/turkiye-032_03.jpg,data/processed/policy_c/train/attack/digital_2/scan/turkiye-032_03.jpg,turkiye-032_03,attack,digital_2,scan,1,53,d00f86318e94742cfea67922de1c0921cbf14266b234b353692af9de7af6d694,f802fb101888544b04c2fc16d784d74cc502544e1ea1c22c2ebc5bb622190d76
dev_val,train/bonafide/huawei/turkiye-032_03.jpg,data/processed/policy_c/train/bonafide/huawei/turkiye-032_03.jpg,turkiye-032_03,bonafide,,huawei,0,62,00c8e1f901e215abb710bb3a2c49380c15710dbc040d0f40ae721af1f1da36d0,2fd81cffaf1d8d49fca10f5a693894bd03093f9a78f6be17df78869031405658
dev_val,train/bonafide/iphone15pro/turkiye-032_03.jpg,data/processed/policy_c/train/bonafide/iphone15pro/turkiye-032_03.jpg,turkiye-032_03,bonafide,,iphone15pro,0,55,f7b3c0686eae2a2a304b0f40135e7f3b6c14969f39db47955d7bd3c06214bc9e,fd611f812652b2b905be8db16fbfc7125c0fecb26d5d7cb21d7c606a933b1470
dev_val,train/bonafide/scan/turkiye-032_03.jpg,data/processed/policy_c/train/bonafide/scan/turkiye-032_03.jpg,turkiye-032_03,bonafide,,scan,0,53,c174ed38c2db86b002891396a5bdbf06f83fbca716cec6a103d6d34fcd22dd02,af312261be7591b9ab99be44db6f5318f1f776d00f77f2f003bbaa82608f4c63
dev_val,train/attack/digital_1/huawei/turkiye-101_03.jpg,data/processed/policy_c/train/attack/digital_1/huawei/turkiye-101_03.jpg,turkiye-101_03,attack,digital_1,huawei,1,57,045e0af76d7624b310c43c08aaad489c44712aa72910b7d013af523323fe3a6c,6b2c5a1d61dbe65d96d5f953bb57cea3eea150f3d8eb4dbf9e2f528ddb5f2315
dev_val,train/attack/digital_1/iphone15pro/turkiye-101_03.jpg,data/processed/policy_c/train/attack/digital_1/iphone15pro/turkiye-101_03.jpg,turkiye-101_03,attack,digital_1,iphone15pro,1,52,b0316df3e808abd58d1b67332f9da965fe072a4a5ac9b55b3d08da82cd54cb2a,235efb367a26d8390d013f6894f5546bc05239b676b1fdd1420675c371974c47
dev_val,train/attack/digital_1/scan/turkiye-101_03.jpg,data/processed/policy_c/train/attack/digital_1/scan/turkiye-101_03.jpg,turkiye-101_03,attack,digital_1,scan,1,76,77b98441df9f701334fdea6db75c63a58ebabd61577640deb88c64cfb4af2b1f,7513521e387a93d55debe5bb1c6665a97b266c9f48047719e9a2e1b67aab1cee
dev_val,train/attack/digital_2/huawei/turkiye-101_03.jpg,data/processed/policy_c/train/attack/digital_2/huawei/turkiye-101_03.jpg,turkiye-101_03,attack,digital_2,huawei,1,57,c1a424a18cc441b8955d9a6a6430c86ea0d4b33fc2ebdd72b3b94c909728d7bb,3d01a0b369c0f101215ac4807a6e31f72408394aa8d38aab85977eeef45d7301
dev_val,train/attack/digital_2/iphone15pro/turkiye-101_03.jpg,data/processed/policy_c/train/attack/digital_2/iphone15pro/turkiye-101_03.jpg,turkiye-101_03,attack,digital_2,iphone15pro,1,52,59b4a4c165a43c32249b90a4a275556e4cfe6b6e1b258f94740be9c370e7e6c6,14d9586a75f0c2e914d54bc788a6d82f45668b6294153085bce311809ac9cf99
dev_val,train/attack/digital_2/scan/turkiye-101_03.jpg,data/processed/policy_c/train/attack/digital_2/scan/turkiye-101_03.jpg,turkiye-101_03,attack,digital_2,scan,1,76,ed25dea518acdedb955444670d4a97307312a1f1b775ef844053b71c8fe1452d,9e10ef4120fc7c1b17afb4d6c778357143944528b50d9269a7d62e276de54670
dev_val,train/bonafide/huawei/turkiye-101_03.jpg,data/processed/policy_c/train/bonafide/huawei/turkiye-101_03.jpg,turkiye-101_03,bonafide,,huawei,0,57,b11c7253b87c86ed17e5cdbe3046ae9a5cf480c9d1b8c976c2ce435eab3fd515,af962da55a7c1bb386dacfba130a8b0a69daafe12a708a8c3fbb2c3c4b3ab49d
dev_val,train/bonafide/iphone15pro/turkiye-101_03.jpg,data/processed/policy_c/train/bonafide/iphone15pro/turkiye-101_03.jpg,turkiye-101_03,bonafide,,iphone15pro,0,52,cd69e9bdef7c7711054703e6ab0d1cdc96a10e01756cb3f5278c78ccf86ff040,0162cd5371a3e54555e48e0031df62729c1d7e40fe798f79a07b6d19496ed10f
dev_val,train/bonafide/scan/turkiye-101_03.jpg,data/processed/policy_c/train/bonafide/scan/turkiye-101_03.jpg,turkiye-101_03,bonafide,,scan,0,76,9a0324df62f3b5ce44ed74d4a6a7220f673ec03db4581d804ac996a955fcdf2a,efa1e9fbf890d10a12392aba01fbf8eb49aac78fe6239232d68ca60e36312b8c
dev_val,train/attack/digital_1/huawei/turkiye-104_03.jpg,data/processed/policy_c/train/attack/digital_1/huawei/turkiye-104_03.jpg,turkiye-104_03,attack,digital_1,huawei,1,74,610fbd84a8083e4f53b3f8b12186bec8c0f060f203a0597d73c95bd5b97e3933,338b147028942755e49c4accadce3a10466e8f5dceada0d8e7bff55213841676
dev_val,train/attack/digital_1/iphone15pro/turkiye-104_03.jpg,data/processed/policy_c/train/attack/digital_1/iphone15pro/turkiye-104_03.jpg,turkiye-104_03,attack,digital_1,iphone15pro,1,66,c0d8263825f36388d52573bc9f67c4149b3dc6b1ba293c413c27a3d252650631,525cd2c8d16590ff0271f9547340d6e05270e3bf07aab49880735e75969abdb9
dev_val,train/attack/digital_1/scan/turkiye-104_03.jpg,data/processed/policy_c/train/attack/digital_1/scan/turkiye-104_03.jpg,turkiye-104_03,attack,digital_1,scan,1,57,f688762188c7541074bc4f5c75846d5fcbfde7519c39506e9270568e51403399,e2e223c0497be9a1c96ff9cb47676055b8dbc31d7a6ad6978a1115fbb8d61288
dev_val,train/attack/digital_2/huawei/turkiye-104_03.jpg,data/processed/policy_c/train/attack/digital_2/huawei/turkiye-104_03.jpg,turkiye-104_03,attack,digital_2,huawei,1,74,368ea833f8ce6aa8ede5a64a09748d4e64ca11dabf793f9f86b62678bae34633,97df843b25c41fa33a47b17748ec49550ff72dfbee2b65256fce477c5f2098be
dev_val,train/attack/digital_2/iphone15pro/turkiye-104_03.jpg,data/processed/policy_c/train/attack/digital_2/iphone15pro/turkiye-104_03.jpg,turkiye-104_03,attack,digital_2,iphone15pro,1,66,7cfd74552fbe11ba6272bbfce23b26d11ce69444518c9b66e306cc26fc0b953e,b9e70f75298a788ba1b4be8e4c849b9ff679ca96351692e07b9e93ab0738ffb8
dev_val,train/attack/digital_2/scan/turkiye-104_03.jpg,data/processed/policy_c/train/attack/digital_2/scan/turkiye-104_03.jpg,turkiye-104_03,attack,digital_2,scan,1,57,36331ddb15edb036c4ccaaf259d107fb699800635aa0b2aaf783daf626ed19c5,a4c11c922e975c76891aea8b62973aaac723e32cd0daa429304eed73cfc372ec
dev_val,train/bonafide/huawei/turkiye-104_03.jpg,data/processed/policy_c/train/bonafide/huawei/turkiye-104_03.jpg,turkiye-104_03,bonafide,,huawei,0,74,5814c1303891cf009052e1e11c45550d998accddcf017e1c8136e9622220fb14,beec342190924eb1c15ec95dd29f6d565752aa2c1b91cb367bbce9b3c3551d33
dev_val,train/bonafide/iphone15pro/turkiye-104_03.jpg,data/processed/policy_c/train/bonafide/iphone15pro/turkiye-104_03.jpg,turkiye-104_03,bonafide,,iphone15pro,0,66,2fd375b9edf7649c5a8cafb0af94e2b0a6e06bb792a31dda672984abd3fff1f2,eb8dba364cd97b7450e5f87f103eca347f14581dd75822d00458b90676686ede
dev_val,train/bonafide/scan/turkiye-104_03.jpg,data/processed/policy_c/train/bonafide/scan/turkiye-104_03.jpg,turkiye-104_03,bonafide,,scan,0,57,1bf625ff63bbfa73e73c6ae2321a4033bcf67d160918f2ab9c82255105a48c94,1fa88c4ca537c48f453f1e3cd25af0e793762c36550d36a76473022611c76eab
dev_val,train/attack/digital_1/huawei/turkiye-115_03.jpg,data/processed/policy_c/train/attack/digital_1/huawei/turkiye-115_03.jpg,turkiye-115_03,attack,digital_1,huawei,1,59,f7d176d3958437ad41973cd9ea25aacb34b4c6c16a5b313f7957ef712c42a271,c1752bd5433baad896dddfc0f294b6f77f9bfb7fc82fd18156ff222498153ba4
dev_val,train/attack/digital_1/iphone15pro/turkiye-115_03.jpg,data/processed/policy_c/train/attack/digital_1/iphone15pro/turkiye-115_03.jpg,turkiye-115_03,attack,digital_1,iphone15pro,1,68,962023f166d67f096a961770a6c987bb2ffed7d4ca7042da338a304b4e362a07,8f8b7e3d3ffbfa6e656a9c00befc7a2f50d314821898fb71212366bdd108434d
dev_val,train/attack/digital_1/scan/turkiye-115_03.jpg,data/processed/policy_c/train/attack/digital_1/scan/turkiye-115_03.jpg,turkiye-115_03,attack,digital_1,scan,1,87,e5b1536973eedfa79eb048d97aee63c5511a1da90808cc7203e7085c637ef627,bf8ebc567a387e5a7e1d78046da36670988721cbb71ba04c443c13698fd41da9
dev_val,train/attack/digital_2/huawei/turkiye-115_03.jpg,data/processed/policy_c/train/attack/digital_2/huawei/turkiye-115_03.jpg,turkiye-115_03,attack,digital_2,huawei,1,59,db159ed35953970f7d76b689d16f1218c34b45543c937b338b6e95d217d9f2da,a0e5e6ba8962ed5f30acb7c5454d17be09df07d2441f82208270aed29210a3df
dev_val,train/attack/digital_2/iphone15pro/turkiye-115_03.jpg,data/processed/policy_c/train/attack/digital_2/iphone15pro/turkiye-115_03.jpg,turkiye-115_03,attack,digital_2,iphone15pro,1,68,725307579e1ee72d67fbcc9f5a977e5655e7786c314a354ed79b2a72ddb6c7d5,ad39527ef8e2c73c4123a99e288062bece44ec653b9ea62fa51a5ff60ea703c8
dev_val,train/attack/digital_2/scan/turkiye-115_03.jpg,data/processed/policy_c/train/attack/digital_2/scan/turkiye-115_03.jpg,turkiye-115_03,attack,digital_2,scan,1,87,1d12085882a87d7c7edc9687678537a4a95e8971668c0a44fcdbe532a0eb6410,62dcd9130387f36cb81a055f7bb03ec50137d6d4c62f13b769c64275b9ba08cd
dev_val,train/bonafide/huawei/turkiye-115_03.jpg,data/processed/policy_c/train/bonafide/huawei/turkiye-115_03.jpg,turkiye-115_03,bonafide,,huawei,0,59,1cc2ff367d54ab57a40fd67a9052c390f2c3886ce247dd74485e7b415944c896,7672ef7a916501b83015b3f1bc14b194d13a4deccb35bff9082790255207547d
dev_val,train/bonafide/iphone15pro/turkiye-115_03.jpg,data/processed/policy_c/train/bonafide/iphone15pro/turkiye-115_03.jpg,turkiye-115_03,bonafide,,iphone15pro,0,68,3384c931665c476907d28496adc05e30a4992fc13135776116d433af1855761c,a3a009842697d32f18fdbbb1ad4a634e52ea9561d0017f8dc697df5b78b4245c
dev_val,train/bonafide/scan/turkiye-115_03.jpg,data/processed/policy_c/train/bonafide/scan/turkiye-115_03.jpg,turkiye-115_03,bonafide,,scan,0,87,853a789445747f78e07cef1e8ba76fa6b5bd7083b6900586d85c22c4fefc0b27,f7e3d196659ad6da6247f70f7e1d81e78324557c67af5b1c54ef61d7460908b3
dev_val,train/attack/digital_1/huawei/turkiye-NF-1002.jpg,data/processed/policy_c/train/attack/digital_1/huawei/turkiye-NF-1002.jpg,turkiye-NF-1002,attack,digital_1,huawei,1,53,cec0c31e4736609f8a91ab6d04f6be6fa48fb50c2d850a646008badce7314403,89e8c5fc087f2e8f055bab03769729b44377814311ec38276ebee217cd5d0133
dev_val,train/attack/digital_1/iphone15pro/turkiye-NF-1002.jpg,data/processed/policy_c/train/attack/digital_1/iphone15pro/turkiye-NF-1002.jpg,turkiye-NF-1002,attack,digital_1,iphone15pro,1,84,24ce553383c49880fe560346aa0fc2e04b0b4a563826ed3c3a85f9b45991282e,bc0c7c7ed0f8eb339ab0cda4fbb4a255bb8bfc181e14572c30b0dec918a04497
dev_val,train/attack/digital_1/scan/turkiye-NF-1002.jpg,data/processed/policy_c/train/attack/digital_1/scan/turkiye-NF-1002.jpg,turkiye-NF-1002,attack,digital_1,scan,1,88,c3857d00f0cf803e97640b612c6e1c20b939ac0b5a6b0c6a227c174016178dcf,c9799539dc164a74ec9ea26216f8ae0226fe12930372c3150d4eeac1611fedd9
dev_val,train/attack/digital_2/huawei/turkiye-NF-1002.jpg,data/processed/policy_c/train/attack/digital_2/huawei/turkiye-NF-1002.jpg,turkiye-NF-1002,attack,digital_2,huawei,1,53,de3e3361d6914a058fe604c9c63964376332e16883a31bc337577bf2d11e61e2,d002c06e5e22cc47b1a357859cf00fa736f7d803c9ce5cc34566177c46ed93c2
dev_val,train/attack/digital_2/iphone15pro/turkiye-NF-1002.jpg,data/processed/policy_c/train/attack/digital_2/iphone15pro/turkiye-NF-1002.jpg,turkiye-NF-1002,attack,digital_2,iphone15pro,1,84,e478f6f2cb368e6dc5c7c0d2eef43435551e40e46544b87105379be2aa0b5016,7a53e52a0364c39deb5b81e774f40ca0a9b65ce2195338fac26129ab317a88e0
dev_val,train/attack/digital_2/scan/turkiye-NF-1002.jpg,data/processed/policy_c/train/attack/digital_2/scan/turkiye-NF-1002.jpg,turkiye-NF-1002,attack,digital_2,scan,1,88,d09d6ae92a9bda6726db245c1ec6b302ae2f5a4becb606cd1dc6c49e040d4ad5,d2841c4666320ced8790b2fbc15a3e0687499c8f09f742fffaf2f6ada1d8de7a
dev_val,train/bonafide/huawei/turkiye-NF-1002.jpg,data/processed/policy_c/train/bonafide/huawei/turkiye-NF-1002.jpg,turkiye-NF-1002,bonafide,,huawei,0,53,0964c8f11c882c2ca35ed610ab93bb96bd7f72e936f9f31f7a99d553c9a947bc,bec54e730a7c9029e64b2a84b2467e621437cd0ccdc003a9a36697de4799acfb
dev_val,train/bonafide/iphone15pro/turkiye-NF-1002.jpg,data/processed/policy_c/train/bonafide/iphone15pro/turkiye-NF-1002.jpg,turkiye-NF-1002,bonafide,,iphone15pro,0,84,19cf545808fa8389cc02382df85069afd23c5fa9f29a30a5ae2a6a5022152886,767352616c5143d54b56342650d0b1b3be831c7d556cbdffac64983546020914
dev_val,train/bonafide/scan/turkiye-NF-1002.jpg,data/processed/policy_c/train/bonafide/scan/turkiye-NF-1002.jpg,turkiye-NF-1002,bonafide,,scan,0,88,55f7002b8ac3721a7e0415eeed635eef2297c1bb258d5c8a2d67f4fcc1aae9d4,9d18494d4347512b88c728898b61c7f53454ee7e0e4f8b7c02f060e5d6ae3829
dev_val,train/attack/digital_1/huawei/turkiye-NM-1055.jpg,data/processed/policy_c/train/attack/digital_1/huawei/turkiye-NM-1055.jpg,turkiye-NM-1055,attack,digital_1,huawei,1,60,e520aa9b35f05d579bc723c107da2ca77339930167c40e04f2d44389ee43b304,69851b77ae7e36b10813a8bcb20f812c7718d857a8f850688082f07d192fe147
dev_val,train/attack/digital_1/iphone15pro/turkiye-NM-1055.jpg,data/processed/policy_c/train/attack/digital_1/iphone15pro/turkiye-NM-1055.jpg,turkiye-NM-1055,attack,digital_1,iphone15pro,1,62,b993b782803329fca42be4afaf5dc25bb78dbb98615d3e9fda1a65aa857e2ccb,1670f5154cd1f39d222e74d69e58b1c134ebdaa9483dc6233b8b308632d9b508
dev_val,train/attack/digital_1/scan/turkiye-NM-1055.jpg,data/processed/policy_c/train/attack/digital_1/scan/turkiye-NM-1055.jpg,turkiye-NM-1055,attack,digital_1,scan,1,74,73932adea76f6a85e605dd4b0ef40f4f7f80badbe6f99729c14c57085b76ab2c,2980f30d33fcfb0151a92dadd481ae2f08a5486d5fc731e2e51626671717165f
dev_val,train/attack/digital_2/huawei/turkiye-NM-1055.jpg,data/processed/policy_c/train/attack/digital_2/huawei/turkiye-NM-1055.jpg,turkiye-NM-1055,attack,digital_2,huawei,1,60,1c9255d72cd103fe4601dc7a611f3199aa2bb0f8d6d288e71dc1c9505a16f328,22fd4671825ba053f0cf246685e27acb138dddf809e7ae6341745039010a0426
dev_val,train/attack/digital_2/iphone15pro/turkiye-NM-1055.jpg,data/processed/policy_c/train/attack/digital_2/iphone15pro/turkiye-NM-1055.jpg,turkiye-NM-1055,attack,digital_2,iphone15pro,1,62,51c5912c7ede6d5893e9f6c1a5aded879e5b6db2cc83dfb1bb562814560ff9ce,aec413b652fa055424bb7c25463e61657fc14f1397f820b0fb4c5d3f50251a13
dev_val,train/attack/digital_2/scan/turkiye-NM-1055.jpg,data/processed/policy_c/train/attack/digital_2/scan/turkiye-NM-1055.jpg,turkiye-NM-1055,attack,digital_2,scan,1,74,ac9ccbfbf8e6313bd9156f2b223fbed1e064d53a8d69ef7f055802c8a71bba71,aed7851b13398b9d339f9733dbc8ca6e3b51f0ff6c29345b1b2743878a6aabb4
dev_val,train/bonafide/huawei/turkiye-NM-1055.jpg,data/processed/policy_c/train/bonafide/huawei/turkiye-NM-1055.jpg,turkiye-NM-1055,bonafide,,huawei,0,60,4e162772ecb09ffa5901f4384e22a6427e2670d726ad2f7880d31191c719891c,f02ac26f99980a11a51ae3081ad61f39ea6bbf8d7e6af3371661771df5f39f29
dev_val,train/bonafide/iphone15pro/turkiye-NM-1055.jpg,data/processed/policy_c/train/bonafide/iphone15pro/turkiye-NM-1055.jpg,turkiye-NM-1055,bonafide,,iphone15pro,0,62,c21eee04cdfc53999bfac83084d4f10ec72d7a05dac664d679ad763582c4cdca,587a003a43f6c2f2b9b989171600176c5ccb10d10203107e93e74e9a62e13d2f
dev_val,train/bonafide/scan/turkiye-NM-1055.jpg,data/processed/policy_c/train/bonafide/scan/turkiye-NM-1055.jpg,turkiye-NM-1055,bonafide,,scan,0,74,f2b8b16a88623bd5f03f6414eeeb045ba26efe29ef93cdec701aeaaf743b6db6,5d704d0997c8f45e02a055f7683901e656cbbf3071d2b12f834fa3673b9f9813
dev_val,train/attack/digital_1/huawei/ukraine-025_03.jpg,data/processed/policy_c/train/attack/digital_1/huawei/ukraine-025_03.jpg,ukraine-025_03,attack,digital_1,huawei,1,69,2f80b04fb83db42a072f745a3c3c8050a0a6ee24ea0a173fb4b03de8211708d2,84b2b56b82784292253917ef8d0cc7fbdb08d665c8a910252fd5c341a0cc4ec7
dev_val,train/attack/digital_1/iphone15pro/ukraine-025_03.jpg,data/processed/policy_c/train/attack/digital_1/iphone15pro/ukraine-025_03.jpg,ukraine-025_03,attack,digital_1,iphone15pro,1,81,69bab5bbc25470c99205b1cb17ddb5f0d0a29825c3c36f5998fac0fa471ad582,89498004b5172c4761744f0d3327f7114eb66773da1de8489e887755dfdeb3b2
dev_val,train/attack/digital_1/scan/ukraine-025_03.jpg,data/processed/policy_c/train/attack/digital_1/scan/ukraine-025_03.jpg,ukraine-025_03,attack,digital_1,scan,1,57,6f6055a02149ab14d6ee5a9159210f7b25c0d68f513333af74698c7c865367c1,bfac04da9038f6ca31f301c2d2b66724f28e263edaa63a163a8114e12e6b26a5
dev_val,train/attack/digital_2/huawei/ukraine-025_03.jpg,data/processed/policy_c/train/attack/digital_2/huawei/ukraine-025_03.jpg,ukraine-025_03,attack,digital_2,huawei,1,69,3f8911f70d836a64a180134967fd08bac37c0464403ecc70e280221efa88f877,8b035db9a69575e384a91ee42884ac6af1ceebb15db66a4580de5a7c6cb9f834
dev_val,train/attack/digital_2/iphone15pro/ukraine-025_03.jpg,data/processed/policy_c/train/attack/digital_2/iphone15pro/ukraine-025_03.jpg,ukraine-025_03,attack,digital_2,iphone15pro,1,81,4c773d9f0e1b0e99c6916d2ed55f55fe7412ef2c50357d341eace832987bdf2c,986ad1081a1a4cabb3433141db24d72e8d8c95fce2d5e0ddc896fb09d32bcd66
dev_val,train/attack/digital_2/scan/ukraine-025_03.jpg,data/processed/policy_c/train/attack/digital_2/scan/ukraine-025_03.jpg,ukraine-025_03,attack,digital_2,scan,1,57,ea62ab216195fa196518842b51635701ca9006c52fe12e6e1bc48d5d920d38fa,b0a0ef59ce3ebaa5145839db09981b9569c0c93cccc029588e34dd4860d167aa
dev_val,train/bonafide/huawei/ukraine-025_03.jpg,data/processed/policy_c/train/bonafide/huawei/ukraine-025_03.jpg,ukraine-025_03,bonafide,,huawei,0,69,f5b8cad6c48b303b759fc886763449e0851810e4961234c42fdda8742246677b,8c605d66ecd274206eecc75e90d4fa0808bd29eef083252cc0e89ee0950560c0
dev_val,train/bonafide/iphone15pro/ukraine-025_03.jpg,data/processed/policy_c/train/bonafide/iphone15pro/ukraine-025_03.jpg,ukraine-025_03,bonafide,,iphone15pro,0,81,c8228a2d172e922a8555e3ec9efea0f53ddde8e74658c1b4e0b624791fd5172c,6b48757de547df9eb139e15a0114047e6fdbdeb237c7869813f02c78f7ad8a71
dev_val,train/bonafide/scan/ukraine-025_03.jpg,data/processed/policy_c/train/bonafide/scan/ukraine-025_03.jpg,ukraine-025_03,bonafide,,scan,0,57,58e78bcbd5a2c5f3d61d58b9e4221e9a00d27900588d79d0ee22c47be97a4ceb,054fc9afce47a0dfcc9196f19a9461fa93afa3a89258ed4ca8245d154040592c
dev_val,train/attack/digital_1/huawei/ukraine-NF-1068.jpg,data/processed/policy_c/train/attack/digital_1/huawei/ukraine-NF-1068.jpg,ukraine-NF-1068,attack,digital_1,huawei,1,50,c6988c9e1f2b31626c9f19ac33c75f1c418d35c734f3c8699b981df94e3545a1,fcdb826cfc4466065021a450a64196e674a8f171b257a01cf29dcebaf301abc5
dev_val,train/attack/digital_1/iphone15pro/ukraine-NF-1068.jpg,data/processed/policy_c/train/attack/digital_1/iphone15pro/ukraine-NF-1068.jpg,ukraine-NF-1068,attack,digital_1,iphone15pro,1,79,66bb007bdf0c6755a4d74a20517306188191d66edf458e8bcdd719b4e439a628,ae453042c53fc982f94a17f0afd05ab4668f2267033be4ab197958bceb755d1b
dev_val,train/attack/digital_1/scan/ukraine-NF-1068.jpg,data/processed/policy_c/train/attack/digital_1/scan/ukraine-NF-1068.jpg,ukraine-NF-1068,attack,digital_1,scan,1,77,b865e17b5c7121767f06546f39598a3b42e3f452905fdc5eaeebf23c03f54737,56ccc6c3e30618b945dba602ac698db5470951742aa247df2c304b1993516856
dev_val,train/attack/digital_2/huawei/ukraine-NF-1068.jpg,data/processed/policy_c/train/attack/digital_2/huawei/ukraine-NF-1068.jpg,ukraine-NF-1068,attack,digital_2,huawei,1,50,43929909fa50f2e4505b95bcb3226e606ba805b63c1c6ab96e9926fa22d18733,f116f671e778fe749b2112a9978367b558754da82a34759cc3080a64566a685c
dev_val,train/attack/digital_2/iphone15pro/ukraine-NF-1068.jpg,data/processed/policy_c/train/attack/digital_2/iphone15pro/ukraine-NF-1068.jpg,ukraine-NF-1068,attack,digital_2,iphone15pro,1,79,76467cbcd50b2aac90a8397ba7def45ec9649d624b523e8bf0408bc6dfbb7203,d367db89117581f00dbe075fd1bea44074fde58df4f0ad8ca734278a9803eec9
dev_val,train/attack/digital_2/scan/ukraine-NF-1068.jpg,data/processed/policy_c/train/attack/digital_2/scan/ukraine-NF-1068.jpg,ukraine-NF-1068,attack,digital_2,scan,1,77,f3e39c7d262003c8188730492660149a8bdd720553887d3fd1ee9b9dcaa1ed8d,7216759241b8d6aae5dd07c166ed21831a7011ed47e38a269de89432bb511d8d
dev_val,train/bonafide/huawei/ukraine-NF-1068.jpg,data/processed/policy_c/train/bonafide/huawei/ukraine-NF-1068.jpg,ukraine-NF-1068,bonafide,,huawei,0,50,fe576c86648885f5d1b233b8e410c3a731f6b478fe264ee2ad6408af96098108,dcd65c8d433c57fcbdbf43bb2c5369935aeb31ce11e08a9d50071d7dc5d56b1c
dev_val,train/bonafide/iphone15pro/ukraine-NF-1068.jpg,data/processed/policy_c/train/bonafide/iphone15pro/ukraine-NF-1068.jpg,ukraine-NF-1068,bonafide,,iphone15pro,0,79,fbc2c7af9a4333c70fbd28bc653ccad50c1f292f0199b3a49fbc8a5d28fab6fc,d59b704370767eb061f79c605c371be31b9c4a85129cd424bea208af63e5aa6a
dev_val,train/bonafide/scan/ukraine-NF-1068.jpg,data/processed/policy_c/train/bonafide/scan/ukraine-NF-1068.jpg,ukraine-NF-1068,bonafide,,scan,0,77,357675830fe096e275a27a4e680e124478b696998b4429786c1ea5ca7b16d76d,6dfcd5102f5dffb8c2024b9ae6d4515287289465c7dfa7691faa37cb332fb797
dev_val,train/attack/digital_1/huawei/ukraine-NF-1073.jpg,data/processed/policy_c/train/attack/digital_1/huawei/ukraine-NF-1073.jpg,ukraine-NF-1073,attack,digital_1,huawei,1,66,517cff80ff876bbbe02ca1ba6290cd620cf2c283761c768f467d6b7dd29e6def,296d79650769b193d76d1d61913e68eeecc1340674fe710d1238035611ec72e4
dev_val,train/attack/digital_1/iphone15pro/ukraine-NF-1073.jpg,data/processed/policy_c/train/attack/digital_1/iphone15pro/ukraine-NF-1073.jpg,ukraine-NF-1073,attack,digital_1,iphone15pro,1,57,0e875048dfeab386b356da02e3f6fb1e97d8a5d425b028673ecd9ac9f534aa9e,0b8559eaa705cd3c22830c3d1d771c8aef84468a6486bdb39ee510ed4b1780f3
dev_val,train/attack/digital_1/scan/ukraine-NF-1073.jpg,data/processed/policy_c/train/attack/digital_1/scan/ukraine-NF-1073.jpg,ukraine-NF-1073,attack,digital_1,scan,1,64,cfeea3ad2c62a6dfd8f0c913a50069fa4fd48c22e04cc9f3c460b8b8d6f3a105,b4205cdf4e409ca14f75b0f04f8afec1e2bb6cad7c46dbb41f081e925f76f887
dev_val,train/attack/digital_2/huawei/ukraine-NF-1073.jpg,data/processed/policy_c/train/attack/digital_2/huawei/ukraine-NF-1073.jpg,ukraine-NF-1073,attack,digital_2,huawei,1,66,1f23676b9d0389da9c26272e36159935a77502d078e005ffbab11ca5ce3851be,35ef15475d1b52954abb9f8ebc37735515b67928277a8ff133cce89d7ec033a0
dev_val,train/attack/digital_2/iphone15pro/ukraine-NF-1073.jpg,data/processed/policy_c/train/attack/digital_2/iphone15pro/ukraine-NF-1073.jpg,ukraine-NF-1073,attack,digital_2,iphone15pro,1,57,7201042d291e63624cdf70a29073e0c818bb897286d88a2128596fc06aac3587,824ba0b16d6121dd1ef723a9e97953af44b64ddb531f0a2dafefb8145a9cd243
dev_val,train/attack/digital_2/scan/ukraine-NF-1073.jpg,data/processed/policy_c/train/attack/digital_2/scan/ukraine-NF-1073.jpg,ukraine-NF-1073,attack,digital_2,scan,1,64,6b078a7ab53b214028222d901e0710ac1c3d1345393f55834daa9374a3f891fb,0a572c1c13c705e86846b07d2cda8be7254b41b284a4357e62aca49b9c7468cb
dev_val,train/bonafide/huawei/ukraine-NF-1073.jpg,data/processed/policy_c/train/bonafide/huawei/ukraine-NF-1073.jpg,ukraine-NF-1073,bonafide,,huawei,0,66,f58a8c4517543256ab4ab2b073b8c519ebaed41b32e06c60bd74ed830da2ec4b,09e5e248019093107b323b1e965b7b6f434d85aa823635a60f0153f3cb2dbc05
dev_val,train/bonafide/iphone15pro/ukraine-NF-1073.jpg,data/processed/policy_c/train/bonafide/iphone15pro/ukraine-NF-1073.jpg,ukraine-NF-1073,bonafide,,iphone15pro,0,57,2c28ae3f9f7577b63997e87d0005eded50287f4543e754856eecd48299a66361,b8e905e72896aa76e6d12f35ad8469239569023cf54d114512910cac1240d9de
dev_val,train/bonafide/scan/ukraine-NF-1073.jpg,data/processed/policy_c/train/bonafide/scan/ukraine-NF-1073.jpg,ukraine-NF-1073,bonafide,,scan,0,64,f47d3775de236c838f893789d1cccec6c4e30e87e6310b1671b93f1ca1abcaff,a7d126edccfcb969d82129cdc684b6e3bf2aa160245207794ac0f2315daf69b0
dev_val,train/attack/digital_1/huawei/ukraine-NF-1106.jpg,data/processed/policy_c/train/attack/digital_1/huawei/ukraine-NF-1106.jpg,ukraine-NF-1106,attack,digital_1,huawei,1,82,ab3e5a039b0dfcbea10a4cade82372b6ab902fa9bb445293ac217fbe786dfe8d,f7b9541e9996c8a0db4d36ff99b9f7a94a402a7f8647389e67642c9bcf4e7590
dev_val,train/attack/digital_1/iphone15pro/ukraine-NF-1106.jpg,data/processed/policy_c/train/attack/digital_1/iphone15pro/ukraine-NF-1106.jpg,ukraine-NF-1106,attack,digital_1,iphone15pro,1,74,bf9025a1f43cdf460ccfc48ef579a31af06ec52c5fd6508e85495c27fa241f0b,26407a3f7c941bc548627c5a48e0d139049438b7f1314ba20177339bab7acc80
dev_val,train/attack/digital_1/scan/ukraine-NF-1106.jpg,data/processed/policy_c/train/attack/digital_1/scan/ukraine-NF-1106.jpg,ukraine-NF-1106,attack,digital_1,scan,1,88,02f1dbdd4bbceea2afd25e9373235be645044bf9c1540a2bbc3b11ec50f5eed2,c3a4e5c1f1a03e3625ff8c8cb35f053fe0abaf73f46b83ec4ee6161eafd8f61a
dev_val,train/attack/digital_2/huawei/ukraine-NF-1106.jpg,data/processed/policy_c/train/attack/digital_2/huawei/ukraine-NF-1106.jpg,ukraine-NF-1106,attack,digital_2,huawei,1,82,1854092a563bb031f7b710ff0fb35d1ffec3a0ae569db078159a67ac83ce8819,671d68d19e1a9137f16326907e697d4067a32060ccf3dd5e901c5c9e9315663a
dev_val,train/attack/digital_2/iphone15pro/ukraine-NF-1106.jpg,data/processed/policy_c/train/attack/digital_2/iphone15pro/ukraine-NF-1106.jpg,ukraine-NF-1106,attack,digital_2,iphone15pro,1,74,a2490317cb9cbcc4167a4fff46ff036256178958c8be40e828490fa1a99b6ec4,3bf40312927e7bb677bfd3a3c6d3e6c4295a764eecf8fe9e1cd10d7ec304a79b
dev_val,train/attack/digital_2/scan/ukraine-NF-1106.jpg,data/processed/policy_c/train/attack/digital_2/scan/ukraine-NF-1106.jpg,ukraine-NF-1106,attack,digital_2,scan,1,88,5fa02adbc756d25d4cc3221c7bd6d9e7f4f785849d2ca0dd1260a8e68c6c0e1e,616ca4f38390d1c3221a51255693b02d979b61a2177e394f1adbb123451e380f
dev_val,train/bonafide/huawei/ukraine-NF-1106.jpg,data/processed/policy_c/train/bonafide/huawei/ukraine-NF-1106.jpg,ukraine-NF-1106,bonafide,,huawei,0,82,da785e103e19d19d319ef7d882080d29cb0f0f92b4994ea6af52b56cbf129862,9c730676f99849360ab40e3e89a7c3b8946184fa2cce8bbb8d356d0777e5001b
dev_val,train/bonafide/iphone15pro/ukraine-NF-1106.jpg,data/processed/policy_c/train/bonafide/iphone15pro/ukraine-NF-1106.jpg,ukraine-NF-1106,bonafide,,iphone15pro,0,74,5b13bd7e57f5e98bf692856418c678411bec6e7033eb089082888a1b60b5ff6e,85756a2b717eacbde1bf28876ea4ccd35e3b27f0ccd0cb39060cf65457c85f42
dev_val,train/bonafide/scan/ukraine-NF-1106.jpg,data/processed/policy_c/train/bonafide/scan/ukraine-NF-1106.jpg,ukraine-NF-1106,bonafide,,scan,0,88,715dfbd3661f09a36e8234cabf1c373d260f1f6c1e792c93fe0bc036e02fcbb7,cdfc41e33ff0e6f70a58de0fc0c84d2b334e0b4b9ed50b7e0f8b80e641596db8
dev_val,train/attack/digital_1/huawei/usa-034_03.jpg,data/processed/policy_c/train/attack/digital_1/huawei/usa-034_03.jpg,usa-034_03,attack,digital_1,huawei,1,50,a509c1d52c0cdaee291641eb02267d073581312d22de16b04be0221fea0a220f,1133ce25658c71d17c5eb8a5756008477a4fd5d63295ae5544c2056d947fc2df
dev_val,train/attack/digital_1/iphone15pro/usa-034_03.jpg,data/processed/policy_c/train/attack/digital_1/iphone15pro/usa-034_03.jpg,usa-034_03,attack,digital_1,iphone15pro,1,77,a509a939f28e4a296af20a40360040ca68bf9ad701ba120771cd31a48dab4d83,99ab34d65ef7499e037471b921fe2a3c4e9eb8533f2f16c183d22bab07a83c92
dev_val,train/attack/digital_1/scan/usa-034_03.jpg,data/processed/policy_c/train/attack/digital_1/scan/usa-034_03.jpg,usa-034_03,attack,digital_1,scan,1,69,8004ed62289343f41d70587b7613f8592cb6e7571d0a3218905f46ff4d4f2dc2,abe952255e4370a0b9e6f52e1c162309d6491fcf1c2d4efdb975cfd6e6e0fe38
dev_val,train/attack/digital_2/huawei/usa-034_03.jpg,data/processed/policy_c/train/attack/digital_2/huawei/usa-034_03.jpg,usa-034_03,attack,digital_2,huawei,1,50,dc95a276f46b780b82db9be3a8f861e18db26b51d5ee65dc04948413e719fcdd,c4b02a3e743d351a5f8f83c1c2363faecbc40b0cee6feab553ad4df70cc4a3be
dev_val,train/attack/digital_2/iphone15pro/usa-034_03.jpg,data/processed/policy_c/train/attack/digital_2/iphone15pro/usa-034_03.jpg,usa-034_03,attack,digital_2,iphone15pro,1,77,13bf75f8221cc906f7cefe9a0948cc22324432131ad815f0f8d5ecd182d55fd0,71216853c05f536496dfd4cd750df837564a87ad94352770834d31153a833d91
dev_val,train/attack/digital_2/scan/usa-034_03.jpg,data/processed/policy_c/train/attack/digital_2/scan/usa-034_03.jpg,usa-034_03,attack,digital_2,scan,1,69,5b0929ae4896749c13504866a25ac26e340a8c074361ee58ad03fe672316443a,def1fb20cb8f2832e53bb67ebff57afb343eadfd17ea05052c45e71a538745c1
dev_val,train/bonafide/huawei/usa-034_03.jpg,data/processed/policy_c/train/bonafide/huawei/usa-034_03.jpg,usa-034_03,bonafide,,huawei,0,50,6651cf7cda979e87b41b2083fb0d8e41acd20d70071666456f5842228407af29,dc2dcec255a0b81698d3eb41b289b8b4ff7328bf3696f192f629b7cfa8b2fa28
dev_val,train/bonafide/iphone15pro/usa-034_03.jpg,data/processed/policy_c/train/bonafide/iphone15pro/usa-034_03.jpg,usa-034_03,bonafide,,iphone15pro,0,77,8754570d8676e8c4ef97914ca03cd69e08cb108c04834daf3a50cecc52e7632e,1ac69f192285bc817048fc0ce54f1fd35344ee270eef9afdd1a756c7f5aa6f78
dev_val,train/bonafide/scan/usa-034_03.jpg,data/processed/policy_c/train/bonafide/scan/usa-034_03.jpg,usa-034_03,bonafide,,scan,0,69,da7774281afad929c7dd7ab3c4c735e84ba2c97f82a2a5c165270b84b1b2d34d,0b66f1ac14fc073fd65d988dc582a5d438a8684c8e114b487e9ff30db2ea2391
dev_val,train/attack/digital_1/huawei/usa-067_03.jpg,data/processed/policy_c/train/attack/digital_1/huawei/usa-067_03.jpg,usa-067_03,attack,digital_1,huawei,1,65,7bd1993cae342d702c97cb69dbecf296bbbb14446ed02de2128bfd1c72dc658d,1cebd09f9946f6066f6b7a9353b98f63ef14d53ed55c54caf00e929b92b3cc40
dev_val,train/attack/digital_1/iphone15pro/usa-067_03.jpg,data/processed/policy_c/train/attack/digital_1/iphone15pro/usa-067_03.jpg,usa-067_03,attack,digital_1,iphone15pro,1,90,bdadc9bf06e9fe4392b156d63aed44fb6a400aa9af471e90230f26fcf1a2db26,5c97620bfffdcb037bc94a6f1e5fc49b27ef152d9cb8ab1dc984cdb014fe4052
dev_val,train/attack/digital_1/scan/usa-067_03.jpg,data/processed/policy_c/train/attack/digital_1/scan/usa-067_03.jpg,usa-067_03,attack,digital_1,scan,1,84,4a214debe65f928c800596671d600a5e1b7bc27793db0085511ff81f424103cd,f6e0dfc51c5142553b55fe713a580334c2a8401ae240db4fa7e69ad726f206e5
dev_val,train/attack/digital_2/huawei/usa-067_03.jpg,data/processed/policy_c/train/attack/digital_2/huawei/usa-067_03.jpg,usa-067_03,attack,digital_2,huawei,1,65,1c3d5ea72a4a0468d949d06cbf6fc4cdf382478efd4f68e4a3d87219cd9ba883,afc537073b42f692cf3a2e3a00cb2a93476187a2c56d3e54f6c1f6acd0a35f15
dev_val,train/attack/digital_2/iphone15pro/usa-067_03.jpg,data/processed/policy_c/train/attack/digital_2/iphone15pro/usa-067_03.jpg,usa-067_03,attack,digital_2,iphone15pro,1,90,dc0d74dd20f96d5f3a6ebdb164faa543d35d3c6eb04a9a51ed2ad85a4cd10478,cc0d827aaf9d3205f7f6583c65fe0761f017e10656bf7391b63f668874092edf
dev_val,train/attack/digital_2/scan/usa-067_03.jpg,data/processed/policy_c/train/attack/digital_2/scan/usa-067_03.jpg,usa-067_03,attack,digital_2,scan,1,84,f992a14f1c6591f44b59e221cfdbafaf6d06ade8d2cfd84247464df6223925da,9c2fccc02a68708c5a64764bcef6f7d4e0f62ba4e03b4144a477befa498a81b5
dev_val,train/bonafide/huawei/usa-067_03.jpg,data/processed/policy_c/train/bonafide/huawei/usa-067_03.jpg,usa-067_03,bonafide,,huawei,0,65,d49044230e97bb9f9c39bb1f519e25c1ec7bbf230d2d52e23e8ed7711afd5694,24c1d07b3d14474bf2740d73d7073433be819580ee4033aac728b7584f6b4ed2
dev_val,train/bonafide/iphone15pro/usa-067_03.jpg,data/processed/policy_c/train/bonafide/iphone15pro/usa-067_03.jpg,usa-067_03,bonafide,,iphone15pro,0,90,58dd875d084913649c1c3aaf62a2c96326036e4ba2e85d35d19c8b1ce60f01cf,fefdd3f5ed1423783c0e691cf100412360953dac4de4a8fca712eb420352dbf5
dev_val,train/bonafide/scan/usa-067_03.jpg,data/processed/policy_c/train/bonafide/scan/usa-067_03.jpg,usa-067_03,bonafide,,scan,0,84,be36bf674a61551ecea4b16fe3ea6afe490551bbde3ad6bc553511549047f5b9,697242eb5cbc9dd4edefb957353299503371e9165f997f8ad6562717e068c5ab
dev_val,train/attack/digital_1/huawei/usa-NF-1036.jpg,data/processed/policy_c/train/attack/digital_1/huawei/usa-NF-1036.jpg,usa-NF-1036,attack,digital_1,huawei,1,69,ccf8c558308a5d3720cd92ea397476ae4849d37ed4dc9e5dfadc2d02d0a42a2d,a36ebb801d72f329a43083e2f990dc262ac37e84653b5f80169d8c2af6b973ff
dev_val,train/attack/digital_1/iphone15pro/usa-NF-1036.jpg,data/processed/policy_c/train/attack/digital_1/iphone15pro/usa-NF-1036.jpg,usa-NF-1036,attack,digital_1,iphone15pro,1,62,fa00bb8c2e910da6aed436de3704a2d5fce21087ce682986628b49c727d04f03,b74481d18a024033d81c8930288f635cdeceaac179610617f628642083c62cf1
dev_val,train/attack/digital_1/scan/usa-NF-1036.jpg,data/processed/policy_c/train/attack/digital_1/scan/usa-NF-1036.jpg,usa-NF-1036,attack,digital_1,scan,1,72,079b65bc069141ee7ffa8f6cecd9d47c63c01e353a0a3f779aa5c7806c77a157,f45865246ba318e2cdb0cee19f90dc7977b114073d4fabf9bbfdb673170ed980
dev_val,train/attack/digital_2/huawei/usa-NF-1036.jpg,data/processed/policy_c/train/attack/digital_2/huawei/usa-NF-1036.jpg,usa-NF-1036,attack,digital_2,huawei,1,69,a6a91ce35e06b015a92ee8b6b0f8c98c84ed23ecfe1942411e4a1f355f525876,10c5b87e54d7018f596d9ced6564181f93dc8e1ab39c6a034b2b2f43312f0a74
dev_val,train/attack/digital_2/iphone15pro/usa-NF-1036.jpg,data/processed/policy_c/train/attack/digital_2/iphone15pro/usa-NF-1036.jpg,usa-NF-1036,attack,digital_2,iphone15pro,1,62,0323a93137c17c7a1babbd86c35447818e773183eae892a38475779a855b5c51,d49b73800db84ea919fc01258dc0d4a9461d47e5682498e3d58208fecf9c04a4
dev_val,train/attack/digital_2/scan/usa-NF-1036.jpg,data/processed/policy_c/train/attack/digital_2/scan/usa-NF-1036.jpg,usa-NF-1036,attack,digital_2,scan,1,72,f4584eb3dcb6f66051b7632cb589050274a08dc7f2ea2d89615488f773b895db,7aeb1e2877bb8d3d2e7a93fe5ab86d7b1655512b56e6cf020ea2d495c05c524e
dev_val,train/bonafide/huawei/usa-NF-1036.jpg,data/processed/policy_c/train/bonafide/huawei/usa-NF-1036.jpg,usa-NF-1036,bonafide,,huawei,0,69,3c1cbef63f98833ee292732399bb66dde521ac8422f1382e4363c4c4f6e7f3b0,4f98e79b7d90e26c3bd0f94134eb99f29578b421fbf08cafa96cb2bde7f2753b
dev_val,train/bonafide/iphone15pro/usa-NF-1036.jpg,data/processed/policy_c/train/bonafide/iphone15pro/usa-NF-1036.jpg,usa-NF-1036,bonafide,,iphone15pro,0,62,ab1b2206ab561d1a32098cbcd53933508df2f1a89fc223cb82e9647daae17346,b0e3e02838aa6b883c832d3cd8d818c45eade724f58cfb1b427d3993be35b696
dev_val,train/bonafide/scan/usa-NF-1036.jpg,data/processed/policy_c/train/bonafide/scan/usa-NF-1036.jpg,usa-NF-1036,bonafide,,scan,0,72,7331483be9ff59e7baa63058882e87856d7bda2504cc447c38e0e8ad69690cab,08234ae0e7deac1e0f309e32a00056c28a55f33504b2d3366992ff323c6bccb8
dev_val,train/attack/digital_1/huawei/usa-NF-1065.jpg,data/processed/policy_c/train/attack/digital_1/huawei/usa-NF-1065.jpg,usa-NF-1065,attack,digital_1,huawei,1,60,eceea8b2e7829b1823aa8b55bd298ea831a733514f305680a9ae772c6d3b8b34,fa5e2a8f5b44df1407e17957cdf77697eb25f95b01c2e3e15f4253e7143bae59
dev_val,train/attack/digital_1/iphone15pro/usa-NF-1065.jpg,data/processed/policy_c/train/attack/digital_1/iphone15pro/usa-NF-1065.jpg,usa-NF-1065,attack,digital_1,iphone15pro,1,56,d929f1cb871d8031e3743d2c26c72434d238856dd667a0589dd451fc41c2134a,fe2910c5f2a9fad2c37aff74eea08db01bb8fa5192daf2a3545d245bccce07c5
dev_val,train/attack/digital_1/scan/usa-NF-1065.jpg,data/processed/policy_c/train/attack/digital_1/scan/usa-NF-1065.jpg,usa-NF-1065,attack,digital_1,scan,1,54,201d55439a37804361c3220bafb0c2247acc46b03cab26203e799a273ab78564,8c50e6dd1b6adcb351e074e2a3056f64515974c2d5a6d5e40c710f8b9a665461
dev_val,train/attack/digital_2/huawei/usa-NF-1065.jpg,data/processed/policy_c/train/attack/digital_2/huawei/usa-NF-1065.jpg,usa-NF-1065,attack,digital_2,huawei,1,60,daf43df93e8eeea17ea0e87cc99a7f4011e73e4172030ffd7bc6d5319fe5bf9f,18f178be05247d71731e13dca0d41f5d666554c247d9e003d31d276a9516d9e8
dev_val,train/attack/digital_2/iphone15pro/usa-NF-1065.jpg,data/processed/policy_c/train/attack/digital_2/iphone15pro/usa-NF-1065.jpg,usa-NF-1065,attack,digital_2,iphone15pro,1,56,465395576b4af089354ecba331ff31c8a1723132fdff35dad89d497aa8169d5c,b56964916e156c85c9cede8e645c1b23c51248d00384359e5b6b808482094845
dev_val,train/attack/digital_2/scan/usa-NF-1065.jpg,data/processed/policy_c/train/attack/digital_2/scan/usa-NF-1065.jpg,usa-NF-1065,attack,digital_2,scan,1,54,db41bcfeeb58645b834ae3498cf196cca0263aaac6a6df20a0420f16b916355b,1f47942616d28a1c004b6b0cedbb17ea0b1644d3c2e3966e181b825aa339f188
dev_val,train/bonafide/huawei/usa-NF-1065.jpg,data/processed/policy_c/train/bonafide/huawei/usa-NF-1065.jpg,usa-NF-1065,bonafide,,huawei,0,60,d2a335dd6519c702bb98ff4a5fc72c803896f2dc3d0963d082582d2a3243f927,2c345d85f747ff3cdac017e68caaa54b6fac7de03091527daf2fdef95f265ae8
dev_val,train/bonafide/iphone15pro/usa-NF-1065.jpg,data/processed/policy_c/train/bonafide/iphone15pro/usa-NF-1065.jpg,usa-NF-1065,bonafide,,iphone15pro,0,56,43da724bea29172582b30d9bb86798c11d5003ee3fe102cca9e6ba4cd9f9d9f3,2d36f3d9ac752c7f8c07b21273683912e93e785ad33fe24ae19faa3382f3189f
dev_val,train/bonafide/scan/usa-NF-1065.jpg,data/processed/policy_c/train/bonafide/scan/usa-NF-1065.jpg,usa-NF-1065,bonafide,,scan,0,54,7f7b7b5f67cc02ff84f4cee90f5b97fed0205d501abc17eed63a9abd559f99e5,f0ef6a9eda549d4448a2f50503c28d8d5778cd3ed83c3988a08fb5501e2e3995
dev_val,train/attack/digital_1/huawei/usa-NF-1076.jpg,data/processed/policy_c/train/attack/digital_1/huawei/usa-NF-1076.jpg,usa-NF-1076,attack,digital_1,huawei,1,74,d44eacdf873084ecffc3dc1c5cd51c431264955c1f04a39774e167c0299ed11a,e2ca083ba7e25f96dd94a01a15783e9dd3172aa548ef21fde6f6bbc94f08b1f3
dev_val,train/attack/digital_1/iphone15pro/usa-NF-1076.jpg,data/processed/policy_c/train/attack/digital_1/iphone15pro/usa-NF-1076.jpg,usa-NF-1076,attack,digital_1,iphone15pro,1,83,759b7905b037a9cf67fdb93fc853439b085b8a028491f90115dd1e25780879c0,40b8a3f5eb46a92e06bfffdac75b8692fd4147d96f6b4063d0019f44977aa5ad
dev_val,train/attack/digital_1/scan/usa-NF-1076.jpg,data/processed/policy_c/train/attack/digital_1/scan/usa-NF-1076.jpg,usa-NF-1076,attack,digital_1,scan,1,62,21dbbff51b350b6e56977d0cb4950479db2196d6d04a73cb292af04d59e8cb18,fe4669711688ae2ef3e5050b3413f32544b7ad0ceb4b2c93b2dcdea0d2747414
dev_val,train/attack/digital_2/huawei/usa-NF-1076.jpg,data/processed/policy_c/train/attack/digital_2/huawei/usa-NF-1076.jpg,usa-NF-1076,attack,digital_2,huawei,1,74,eb1ed513e05928bd6fb42469ff8b9e2f20f1b289b04eba5403358f5161095343,6cab7641ce686d017838ea3584f9a668f77b1131f90deb2a655e530925296c66
dev_val,train/attack/digital_2/iphone15pro/usa-NF-1076.jpg,data/processed/policy_c/train/attack/digital_2/iphone15pro/usa-NF-1076.jpg,usa-NF-1076,attack,digital_2,iphone15pro,1,83,c5ed487015f91c5c826c649eb7c070365b30534c7202bfb6a68368361154f016,f00858bf0593c56c3cc23a81e4b4524bff06ef6604a3641e8db8a241aba71d87
dev_val,train/attack/digital_2/scan/usa-NF-1076.jpg,data/processed/policy_c/train/attack/digital_2/scan/usa-NF-1076.jpg,usa-NF-1076,attack,digital_2,scan,1,62,5b8ca0b6947229c8de52722a4c3a560fe3ff744769f94649a5bb670389ddfa0d,ee546f4d0559d9da035d263c9bf9577d0b150ab8d672ec734086d6422e703443
dev_val,train/bonafide/huawei/usa-NF-1076.jpg,data/processed/policy_c/train/bonafide/huawei/usa-NF-1076.jpg,usa-NF-1076,bonafide,,huawei,0,74,77dc86a051938193bf1a9abd6141f913901ae77fd3cf62c917b51fcc0205ca03,42ddf608a775b1e5b76205de2c61ed7584ab28b44db50cda16d9e3ca45882a4c
dev_val,train/bonafide/iphone15pro/usa-NF-1076.jpg,data/processed/policy_c/train/bonafide/iphone15pro/usa-NF-1076.jpg,usa-NF-1076,bonafide,,iphone15pro,0,83,4a7cc3ab706225559044f54339b6e1ad2c761d43185289b775e76fbcd315f742,5e399aded20f31505f42c3925527baf59b31908649b796b759b4febb77d6b63a
dev_val,train/bonafide/scan/usa-NF-1076.jpg,data/processed/policy_c/train/bonafide/scan/usa-NF-1076.jpg,usa-NF-1076,bonafide,,scan,0,62,8db549c6d41853798345c6dc0e74172fed17974ea5149b8733a1c070e505380a,d949aeeb761db8c3680ccb5a67ad61324d77cbb85a2085bc3d49788d688d5103
dev_val,train/attack/digital_1/huawei/usa-NM-1038.jpg,data/processed/policy_c/train/attack/digital_1/huawei/usa-NM-1038.jpg,usa-NM-1038,attack,digital_1,huawei,1,71,8ef8f40bdce771904caa42f90a969ba3697ef7ae0674813855477204dcf41ad6,d5700d8ce31eec2433d7e0aea18e681b433410fc559b334ad00323ec74b31a78
dev_val,train/attack/digital_1/iphone15pro/usa-NM-1038.jpg,data/processed/policy_c/train/attack/digital_1/iphone15pro/usa-NM-1038.jpg,usa-NM-1038,attack,digital_1,iphone15pro,1,78,cc4539d8e31aaea151867da31e36f904675152c45931c35f21d5d830768d560f,0aae81eae46b9712abc2a8e45a532e7c6b1ce1c7060798d37601e5bee6b5d060
dev_val,train/attack/digital_1/scan/usa-NM-1038.jpg,data/processed/policy_c/train/attack/digital_1/scan/usa-NM-1038.jpg,usa-NM-1038,attack,digital_1,scan,1,63,516cb55d01ef4616aac6588087e1f542a5206a8d769996f0402c94447114885e,1259cd4ef763c091720e7926ef33c5642761460970e51b9819b738ae87edb045
dev_val,train/attack/digital_2/huawei/usa-NM-1038.jpg,data/processed/policy_c/train/attack/digital_2/huawei/usa-NM-1038.jpg,usa-NM-1038,attack,digital_2,huawei,1,71,de040ea6651edc854057f43efabc9e909966c37124a42c7f17d1813552c60e6f,30c47d4e91145fe70d5083c7669f8014529a92c5c48edb6a45c5a69c660e1ddf
dev_val,train/attack/digital_2/iphone15pro/usa-NM-1038.jpg,data/processed/policy_c/train/attack/digital_2/iphone15pro/usa-NM-1038.jpg,usa-NM-1038,attack,digital_2,iphone15pro,1,78,4c2318ca8b2f0711b4940960a6c2a81f4fd92a224a8ba5b6c483d9192b95326b,cf3151a0360f94a73489f6b5fc296cd3704b566915009600f539423dcd3ac062
dev_val,train/attack/digital_2/scan/usa-NM-1038.jpg,data/processed/policy_c/train/attack/digital_2/scan/usa-NM-1038.jpg,usa-NM-1038,attack,digital_2,scan,1,63,7f0d06cc070279e464233b2c0f3d731c374c230a0147df2354deb1fcbf9c1da0,b1fac0becfa0f0d305989668b92b66d8f3eabea739327f81e4ad1e83fc22492b
dev_val,train/bonafide/huawei/usa-NM-1038.jpg,data/processed/policy_c/train/bonafide/huawei/usa-NM-1038.jpg,usa-NM-1038,bonafide,,huawei,0,71,eed349c913de89015ec8432f06814b9752fbce14750ad7e4bf1263cc1da6753d,15b62626f10b4beb5c5dae05bfe6af0c235ced5482be096164dbd6a4cd0e0a6d
dev_val,train/bonafide/iphone15pro/usa-NM-1038.jpg,data/processed/policy_c/train/bonafide/iphone15pro/usa-NM-1038.jpg,usa-NM-1038,bonafide,,iphone15pro,0,78,987f40eab9e1b1f9c35414e709b0feb048cd3b511493f314fb1743cc3e3a409a,2eeaec4072f1f2c3ad48902c0fc2a5898151ef0332136b92d8db302cae5ce4ac
dev_val,train/bonafide/scan/usa-NM-1038.jpg,data/processed/policy_c/train/bonafide/scan/usa-NM-1038.jpg,usa-NM-1038,bonafide,,scan,0,63,e2eb0d1cb22010ae6a7f01c6d796179722c36bc844d82e778cb9028684ce7e6f,183019f7c321e620d72ed761d1071612358ffe6f3349dd1bf5ec77f7d30b1ee0
