experiment,seed,split,variant,pair_id,file_stem,hardware_source,field_name,assigned_q,attack_image_path,parent_image_path,crop_x0,crop_y0,crop_x1,crop_y1,annotation_x0,annotation_y0,annotation_x1,annotation_y1,face_overlap_pixels,role,label,patch_path,attack_probability
POST_HOC_NATIVE_TEXT_PATCH512_DIAGNOSTIC,10,dev_val,digital_1,056ac0135d5c860b900b,arabic-024_03,huawei,dob,78,train/attack/digital_1/huawei/arabic-024_03.jpg,train/bonafide/huawei/arabic-024_03.jpg,1395,1036,1907,1548,1533,1219,1769,1365,0,attack,1,data/processed/text_patch512/dev_val/digital_1/attack/056ac0135d5c860b900b.png,1.0
POST_HOC_NATIVE_TEXT_PATCH512_DIAGNOSTIC,10,dev_val,digital_1,056ac0135d5c860b900b,arabic-024_03,huawei,dob,78,train/attack/digital_1/huawei/arabic-024_03.jpg,train/bonafide/huawei/arabic-024_03.jpg,1395,1036,1907,1548,1533,1219,1769,1365,0,bonafide,0,data/processed/text_patch512/dev_val/digital_1/bonafide/056ac0135d5c860b900b.png,0.00010150671005249023
POST_HOC_NATIVE_TEXT_PATCH512_DIAGNOSTIC,10,dev_val,digital_1,5ae4505124fde3b066c4,arabic-024_03,huawei,doe,78,train/attack/digital_1/huawei/arabic-024_03.jpg,train/bonafide/huawei/arabic-024_03.jpg,1386,1459,1898,1971,1521,1752,1763,1904,0,attack,1,data/processed/text_patch512/dev_val/digital_1/attack/5ae4505124fde3b066c4.png,1.0
POST_HOC_NATIVE_TEXT_PATCH512_DIAGNOSTIC,10,dev_val,digital_1,5ae4505124fde3b066c4,arabic-024_03,huawei,doe,78,train/attack/digital_1/huawei/arabic-024_03.jpg,train/bonafide/huawei/arabic-024_03.jpg,1386,1459,1898,1971,1521,1752,1763,1904,0,bonafide,0,data/processed/text_patch512/dev_val/digital_1/bonafide/5ae4505124fde3b066c4.png,0.0106353759765625
POST_HOC_NATIVE_TEXT_PATCH512_DIAGNOSTIC,10,dev_val,digital_1,614ecb6b0a53406d44c5,arabic-024_03,huawei,name,78,train/attack/digital_1/huawei/arabic-024_03.jpg,train/bonafide/huawei/arabic-024_03.jpg,1332,533,1844,1045,1244,719,1932,859,0,attack,1,data/processed/text_patch512/dev_val/digital_1/attack/614ecb6b0a53406d44c5.png,1.0
POST_HOC_NATIVE_TEXT_PATCH512_DIAGNOSTIC,10,dev_val,digital_1,614ecb6b0a53406d44c5,arabic-024_03,huawei,name,78,train/attack/digital_1/huawei/arabic-024_03.jpg,train/bonafide/huawei/arabic-024_03.jpg,1332,533,1844,1045,1244,719,1932,859,0,bonafide,0,data/processed/text_patch512/dev_val/digital_1/bonafide/614ecb6b0a53406d44c5.png,0.00011020898818969727
POST_HOC_NATIVE_TEXT_PATCH512_DIAGNOSTIC,10,dev_val,digital_1,91805d7d2d330613b35d,arabic-024_03,iphone15pro,dob,79,train/attack/digital_1/iphone15pro/arabic-024_03.jpg,train/bonafide/iphone15pro/arabic-024_03.jpg,1186,882,1698,1394,1341,1086,1542,1190,0,attack,1,data/processed/text_patch512/dev_val/digital_1/attack/91805d7d2d330613b35d.png,1.0
POST_HOC_NATIVE_TEXT_PATCH512_DIAGNOSTIC,10,dev_val,digital_1,91805d7d2d330613b35d,arabic-024_03,iphone15pro,dob,79,train/attack/digital_1/iphone15pro/arabic-024_03.jpg,train/bonafide/iphone15pro/arabic-024_03.jpg,1186,882,1698,1394,1341,1086,1542,1190,0,bonafide,0,data/processed/text_patch512/dev_val/digital_1/bonafide/91805d7d2d330613b35d.png,0.00327301025390625
POST_HOC_NATIVE_TEXT_PATCH512_DIAGNOSTIC,10,dev_val,digital_1,ab99c3d024bdb9a3485a,arabic-024_03,iphone15pro,doe,79,train/attack/digital_1/iphone15pro/arabic-024_03.jpg,train/bonafide/iphone15pro/arabic-024_03.jpg,1194,1236,1706,1748,1349,1548,1552,1654,0,attack,1,data/processed/text_patch512/dev_val/digital_1/attack/ab99c3d024bdb9a3485a.png,1.0
POST_HOC_NATIVE_TEXT_PATCH512_DIAGNOSTIC,10,dev_val,digital_1,ab99c3d024bdb9a3485a,arabic-024_03,iphone15pro,doe,79,train/attack/digital_1/iphone15pro/arabic-024_03.jpg,train/bonafide/iphone15pro/arabic-024_03.jpg,1194,1236,1706,1748,1349,1548,1552,1654,0,bonafide,0,data/processed/text_patch512/dev_val/digital_1/bonafide/ab99c3d024bdb9a3485a.png,0.00811004638671875
POST_HOC_NATIVE_TEXT_PATCH512_DIAGNOSTIC,10,dev_val,digital_1,ae97dd00ce2a84c19ec2,arabic-024_03,iphone15pro,name,79,train/attack/digital_1/iphone15pro/arabic-024_03.jpg,train/bonafide/iphone15pro/arabic-024_03.jpg,1112,444,1624,956,1074,650,1663,751,0,attack,1,data/processed/text_patch512/dev_val/digital_1/attack/ae97dd00ce2a84c19ec2.png,1.0
POST_HOC_NATIVE_TEXT_PATCH512_DIAGNOSTIC,10,dev_val,digital_1,ae97dd00ce2a84c19ec2,arabic-024_03,iphone15pro,name,79,train/attack/digital_1/iphone15pro/arabic-024_03.jpg,train/bonafide/iphone15pro/arabic-024_03.jpg,1112,444,1624,956,1074,650,1663,751,0,bonafide,0,data/processed/text_patch512/dev_val/digital_1/bonafide/ae97dd00ce2a84c19ec2.png,0.000576019287109375
POST_HOC_NATIVE_TEXT_PATCH512_DIAGNOSTIC,10,dev_val,digital_1,6d06794572e553257d62,arabic-024_03,scan,dob,74,train/attack/digital_1/scan/arabic-024_03.jpg,train/bonafide/scan/arabic-024_03.jpg,798,557,1310,1069,976,773,1131,853,0,attack,1,data/processed/text_patch512/dev_val/digital_1/attack/6d06794572e553257d62.png,0.9990234375
POST_HOC_NATIVE_TEXT_PATCH512_DIAGNOSTIC,10,dev_val,digital_1,6d06794572e553257d62,arabic-024_03,scan,dob,74,train/attack/digital_1/scan/arabic-024_03.jpg,train/bonafide/scan/arabic-024_03.jpg,798,557,1310,1069,976,773,1131,853,0,bonafide,0,data/processed/text_patch512/dev_val/digital_1/bonafide/6d06794572e553257d62.png,0.002452850341796875
POST_HOC_NATIVE_TEXT_PATCH512_DIAGNOSTIC,10,dev_val,digital_1,d936737809aa01427884,arabic-024_03,scan,doe,74,train/attack/digital_1/scan/arabic-024_03.jpg,train/bonafide/scan/arabic-024_03.jpg,814,732,1326,1244,992,1116,1149,1203,0,attack,1,data/processed/text_patch512/dev_val/digital_1/attack/d936737809aa01427884.png,1.0
POST_HOC_NATIVE_TEXT_PATCH512_DIAGNOSTIC,10,dev_val,digital_1,d936737809aa01427884,arabic-024_03,scan,doe,74,train/attack/digital_1/scan/arabic-024_03.jpg,train/bonafide/scan/arabic-024_03.jpg,814,732,1326,1244,992,1116,1149,1203,0,bonafide,0,data/processed/text_patch512/dev_val/digital_1/bonafide/d936737809aa01427884.png,0.0007719993591308594
POST_HOC_NATIVE_TEXT_PATCH512_DIAGNOSTIC,10,dev_val,digital_1,678d3cf9401abb9d4eb8,arabic-024_03,scan,name,74,train/attack/digital_1/scan/arabic-024_03.jpg,train/bonafide/scan/arabic-024_03.jpg,742,240,1254,752,780,459,1215,532,0,attack,1,data/processed/text_patch512/dev_val/digital_1/attack/678d3cf9401abb9d4eb8.png,1.0
POST_HOC_NATIVE_TEXT_PATCH512_DIAGNOSTIC,10,dev_val,digital_1,678d3cf9401abb9d4eb8,arabic-024_03,scan,name,74,train/attack/digital_1/scan/arabic-024_03.jpg,train/bonafide/scan/arabic-024_03.jpg,742,240,1254,752,780,459,1215,532,0,bonafide,0,data/processed/text_patch512/dev_val/digital_1/bonafide/678d3cf9401abb9d4eb8.png,0.0014982223510742188
POST_HOC_NATIVE_TEXT_PATCH512_DIAGNOSTIC,10,dev_val,digital_2,7c83bcc040273ec0c376,arabic-024_03,huawei,dob,78,train/attack/digital_2/huawei/arabic-024_03.jpg,train/bonafide/huawei/arabic-024_03.jpg,1395,1036,1907,1548,1533,1219,1769,1365,0,attack,1,data/processed/text_patch512/dev_val/digital_2/attack/7c83bcc040273ec0c376.png,1.0
POST_HOC_NATIVE_TEXT_PATCH512_DIAGNOSTIC,10,dev_val,digital_2,7c83bcc040273ec0c376,arabic-024_03,huawei,dob,78,train/attack/digital_2/huawei/arabic-024_03.jpg,train/bonafide/huawei/arabic-024_03.jpg,1395,1036,1907,1548,1533,1219,1769,1365,0,bonafide,0,data/processed/text_patch512/dev_val/digital_2/bonafide/7c83bcc040273ec0c376.png,0.00010150671005249023
POST_HOC_NATIVE_TEXT_PATCH512_DIAGNOSTIC,10,dev_val,digital_2,cbb760c706e91d0e5383,arabic-024_03,huawei,doe,78,train/attack/digital_2/huawei/arabic-024_03.jpg,train/bonafide/huawei/arabic-024_03.jpg,1386,1459,1898,1971,1521,1752,1763,1904,0,attack,1,data/processed/text_patch512/dev_val/digital_2/attack/cbb760c706e91d0e5383.png,1.0
POST_HOC_NATIVE_TEXT_PATCH512_DIAGNOSTIC,10,dev_val,digital_2,cbb760c706e91d0e5383,arabic-024_03,huawei,doe,78,train/attack/digital_2/huawei/arabic-024_03.jpg,train/bonafide/huawei/arabic-024_03.jpg,1386,1459,1898,1971,1521,1752,1763,1904,0,bonafide,0,data/processed/text_patch512/dev_val/digital_2/bonafide/cbb760c706e91d0e5383.png,0.0106353759765625
POST_HOC_NATIVE_TEXT_PATCH512_DIAGNOSTIC,10,dev_val,digital_2,705a48f79f5cb83e7522,arabic-024_03,huawei,name,78,train/attack/digital_2/huawei/arabic-024_03.jpg,train/bonafide/huawei/arabic-024_03.jpg,1332,533,1844,1045,1244,719,1932,859,0,attack,1,data/processed/text_patch512/dev_val/digital_2/attack/705a48f79f5cb83e7522.png,1.0
POST_HOC_NATIVE_TEXT_PATCH512_DIAGNOSTIC,10,dev_val,digital_2,705a48f79f5cb83e7522,arabic-024_03,huawei,name,78,train/attack/digital_2/huawei/arabic-024_03.jpg,train/bonafide/huawei/arabic-024_03.jpg,1332,533,1844,1045,1244,719,1932,859,0,bonafide,0,data/processed/text_patch512/dev_val/digital_2/bonafide/705a48f79f5cb83e7522.png,0.00011020898818969727
POST_HOC_NATIVE_TEXT_PATCH512_DIAGNOSTIC,10,dev_val,digital_2,7754aa97b9e5ba9ced52,arabic-024_03,iphone15pro,dob,79,train/attack/digital_2/iphone15pro/arabic-024_03.jpg,train/bonafide/iphone15pro/arabic-024_03.jpg,1186,882,1698,1394,1341,1086,1542,1190,0,attack,1,data/processed/text_patch512/dev_val/digital_2/attack/7754aa97b9e5ba9ced52.png,1.0
POST_HOC_NATIVE_TEXT_PATCH512_DIAGNOSTIC,10,dev_val,digital_2,7754aa97b9e5ba9ced52,arabic-024_03,iphone15pro,dob,79,train/attack/digital_2/iphone15pro/arabic-024_03.jpg,train/bonafide/iphone15pro/arabic-024_03.jpg,1186,882,1698,1394,1341,1086,1542,1190,0,bonafide,0,data/processed/text_patch512/dev_val/digital_2/bonafide/7754aa97b9e5ba9ced52.png,0.00327301025390625
POST_HOC_NATIVE_TEXT_PATCH512_DIAGNOSTIC,10,dev_val,digital_2,7fd9b3b49f7d1db6ac6f,arabic-024_03,iphone15pro,doe,79,train/attack/digital_2/iphone15pro/arabic-024_03.jpg,train/bonafide/iphone15pro/arabic-024_03.jpg,1194,1236,1706,1748,1349,1548,1552,1654,0,attack,1,data/processed/text_patch512/dev_val/digital_2/attack/7fd9b3b49f7d1db6ac6f.png,1.0
POST_HOC_NATIVE_TEXT_PATCH512_DIAGNOSTIC,10,dev_val,digital_2,7fd9b3b49f7d1db6ac6f,arabic-024_03,iphone15pro,doe,79,train/attack/digital_2/iphone15pro/arabic-024_03.jpg,train/bonafide/iphone15pro/arabic-024_03.jpg,1194,1236,1706,1748,1349,1548,1552,1654,0,bonafide,0,data/processed/text_patch512/dev_val/digital_2/bonafide/7fd9b3b49f7d1db6ac6f.png,0.00811004638671875
POST_HOC_NATIVE_TEXT_PATCH512_DIAGNOSTIC,10,dev_val,digital_2,c1c719c13ee4c1527702,arabic-024_03,iphone15pro,name,79,train/attack/digital_2/iphone15pro/arabic-024_03.jpg,train/bonafide/iphone15pro/arabic-024_03.jpg,1112,444,1624,956,1074,650,1663,751,0,attack,1,data/processed/text_patch512/dev_val/digital_2/attack/c1c719c13ee4c1527702.png,1.0
POST_HOC_NATIVE_TEXT_PATCH512_DIAGNOSTIC,10,dev_val,digital_2,c1c719c13ee4c1527702,arabic-024_03,iphone15pro,name,79,train/attack/digital_2/iphone15pro/arabic-024_03.jpg,train/bonafide/iphone15pro/arabic-024_03.jpg,1112,444,1624,956,1074,650,1663,751,0,bonafide,0,data/processed/text_patch512/dev_val/digital_2/bonafide/c1c719c13ee4c1527702.png,0.000576019287109375
POST_HOC_NATIVE_TEXT_PATCH512_DIAGNOSTIC,10,dev_val,digital_2,689313297577d984f9b3,arabic-024_03,scan,dob,74,train/attack/digital_2/scan/arabic-024_03.jpg,train/bonafide/scan/arabic-024_03.jpg,798,557,1310,1069,976,773,1131,853,0,attack,1,data/processed/text_patch512/dev_val/digital_2/attack/689313297577d984f9b3.png,1.0
POST_HOC_NATIVE_TEXT_PATCH512_DIAGNOSTIC,10,dev_val,digital_2,689313297577d984f9b3,arabic-024_03,scan,dob,74,train/attack/digital_2/scan/arabic-024_03.jpg,train/bonafide/scan/arabic-024_03.jpg,798,557,1310,1069,976,773,1131,853,0,bonafide,0,data/processed/text_patch512/dev_val/digital_2/bonafide/689313297577d984f9b3.png,0.002452850341796875
POST_HOC_NATIVE_TEXT_PATCH512_DIAGNOSTIC,10,dev_val,digital_2,55b6cd48fc103af5cdbd,arabic-024_03,scan,doe,74,train/attack/digital_2/scan/arabic-024_03.jpg,train/bonafide/scan/arabic-024_03.jpg,814,732,1326,1244,992,1116,1149,1203,0,attack,1,data/processed/text_patch512/dev_val/digital_2/attack/55b6cd48fc103af5cdbd.png,1.0
POST_HOC_NATIVE_TEXT_PATCH512_DIAGNOSTIC,10,dev_val,digital_2,55b6cd48fc103af5cdbd,arabic-024_03,scan,doe,74,train/attack/digital_2/scan/arabic-024_03.jpg,train/bonafide/scan/arabic-024_03.jpg,814,732,1326,1244,992,1116,1149,1203,0,bonafide,0,data/processed/text_patch512/dev_val/digital_2/bonafide/55b6cd48fc103af5cdbd.png,0.0007719993591308594
POST_HOC_NATIVE_TEXT_PATCH512_DIAGNOSTIC,10,dev_val,digital_2,263edc4b52161137cd7b,arabic-024_03,scan,name,74,train/attack/digital_2/scan/arabic-024_03.jpg,train/bonafide/scan/arabic-024_03.jpg,742,240,1254,752,780,459,1215,532,0,attack,1,data/processed/text_patch512/dev_val/digital_2/attack/263edc4b52161137cd7b.png,1.0
POST_HOC_NATIVE_TEXT_PATCH512_DIAGNOSTIC,10,dev_val,digital_2,263edc4b52161137cd7b,arabic-024_03,scan,name,74,train/attack/digital_2/scan/arabic-024_03.jpg,train/bonafide/scan/arabic-024_03.jpg,742,240,1254,752,780,459,1215,532,0,bonafide,0,data/processed/text_patch512/dev_val/digital_2/bonafide/263edc4b52161137cd7b.png,0.0014982223510742188
POST_HOC_NATIVE_TEXT_PATCH512_DIAGNOSTIC,10,dev_val,digital_1,85bc5656c547009f1cc4,arabic-120_03,huawei,dob,67,train/attack/digital_1/huawei/arabic-120_03.jpg,train/bonafide/huawei/arabic-120_03.jpg,1401,1029,1913,1541,1539,1217,1775,1353,0,attack,1,data/processed/text_patch512/dev_val/digital_1/attack/85bc5656c547009f1cc4.png,1.0
POST_HOC_NATIVE_TEXT_PATCH512_DIAGNOSTIC,10,dev_val,digital_1,85bc5656c547009f1cc4,arabic-120_03,huawei,dob,67,train/attack/digital_1/huawei/arabic-120_03.jpg,train/bonafide/huawei/arabic-120_03.jpg,1401,1029,1913,1541,1539,1217,1775,1353,0,bonafide,0,data/processed/text_patch512/dev_val/digital_1/bonafide/85bc5656c547009f1cc4.png,5.7637691497802734e-05
POST_HOC_NATIVE_TEXT_PATCH512_DIAGNOSTIC,10,dev_val,digital_1,02288b8e83464c106a22,arabic-120_03,huawei,doe,67,train/attack/digital_1/huawei/arabic-120_03.jpg,train/bonafide/huawei/arabic-120_03.jpg,1382,1452,1894,1964,1520,1735,1757,1871,0,attack,1,data/processed/text_patch512/dev_val/digital_1/attack/02288b8e83464c106a22.png,1.0
POST_HOC_NATIVE_TEXT_PATCH512_DIAGNOSTIC,10,dev_val,digital_1,02288b8e83464c106a22,arabic-120_03,huawei,doe,67,train/attack/digital_1/huawei/arabic-120_03.jpg,train/bonafide/huawei/arabic-120_03.jpg,1382,1452,1894,1964,1520,1735,1757,1871,0,bonafide,0,data/processed/text_patch512/dev_val/digital_1/bonafide/02288b8e83464c106a22.png,0.0001252889633178711
POST_HOC_NATIVE_TEXT_PATCH512_DIAGNOSTIC,10,dev_val,digital_1,06dcb5a48ea1f838465b,arabic-120_03,huawei,name,67,train/attack/digital_1/huawei/arabic-120_03.jpg,train/bonafide/huawei/arabic-120_03.jpg,1316,536,1828,1048,1242,723,1903,862,0,attack,1,data/processed/text_patch512/dev_val/digital_1/attack/06dcb5a48ea1f838465b.png,1.0
POST_HOC_NATIVE_TEXT_PATCH512_DIAGNOSTIC,10,dev_val,digital_1,06dcb5a48ea1f838465b,arabic-120_03,huawei,name,67,train/attack/digital_1/huawei/arabic-120_03.jpg,train/bonafide/huawei/arabic-120_03.jpg,1316,536,1828,1048,1242,723,1903,862,0,bonafide,0,data/processed/text_patch512/dev_val/digital_1/bonafide/06dcb5a48ea1f838465b.png,0.00023925304412841797
POST_HOC_NATIVE_TEXT_PATCH512_DIAGNOSTIC,10,dev_val,digital_1,8be301701adc4f938157,arabic-120_03,iphone15pro,dob,65,train/attack/digital_1/iphone15pro/arabic-120_03.jpg,train/bonafide/iphone15pro/arabic-120_03.jpg,1176,869,1688,1381,1329,1073,1535,1177,0,attack,1,data/processed/text_patch512/dev_val/digital_1/attack/8be301701adc4f938157.png,1.0
POST_HOC_NATIVE_TEXT_PATCH512_DIAGNOSTIC,10,dev_val,digital_1,8be301701adc4f938157,arabic-120_03,iphone15pro,dob,65,train/attack/digital_1/iphone15pro/arabic-120_03.jpg,train/bonafide/iphone15pro/arabic-120_03.jpg,1176,869,1688,1381,1329,1073,1535,1177,0,bonafide,0,data/processed/text_patch512/dev_val/digital_1/bonafide/8be301701adc4f938157.png,5.269050598144531e-05
POST_HOC_NATIVE_TEXT_PATCH512_DIAGNOSTIC,10,dev_val,digital_1,8699d1d8ac40da072de6,arabic-120_03,iphone15pro,doe,65,train/attack/digital_1/iphone15pro/arabic-120_03.jpg,train/bonafide/iphone15pro/arabic-120_03.jpg,1182,1225,1694,1737,1338,1527,1539,1633,0,attack,1,data/processed/text_patch512/dev_val/digital_1/attack/8699d1d8ac40da072de6.png,1.0
POST_HOC_NATIVE_TEXT_PATCH512_DIAGNOSTIC,10,dev_val,digital_1,8699d1d8ac40da072de6,arabic-120_03,iphone15pro,doe,65,train/attack/digital_1/iphone15pro/arabic-120_03.jpg,train/bonafide/iphone15pro/arabic-120_03.jpg,1182,1225,1694,1737,1338,1527,1539,1633,0,bonafide,0,data/processed/text_patch512/dev_val/digital_1/bonafide/8699d1d8ac40da072de6.png,6.085634231567383e-05
POST_HOC_NATIVE_TEXT_PATCH512_DIAGNOSTIC,10,dev_val,digital_1,b23a9cfc2895c58042e8,arabic-120_03,iphone15pro,name,65,train/attack/digital_1/iphone15pro/arabic-120_03.jpg,train/bonafide/iphone15pro/arabic-120_03.jpg,1090,436,1602,948,1058,642,1633,743,0,attack,1,data/processed/text_patch512/dev_val/digital_1/attack/b23a9cfc2895c58042e8.png,1.0
POST_HOC_NATIVE_TEXT_PATCH512_DIAGNOSTIC,10,dev_val,digital_1,b23a9cfc2895c58042e8,arabic-120_03,iphone15pro,name,65,train/attack/digital_1/iphone15pro/arabic-120_03.jpg,train/bonafide/iphone15pro/arabic-120_03.jpg,1090,436,1602,948,1058,642,1633,743,0,bonafide,0,data/processed/text_patch512/dev_val/digital_1/bonafide/b23a9cfc2895c58042e8.png,0.0026569366455078125
POST_HOC_NATIVE_TEXT_PATCH512_DIAGNOSTIC,10,dev_val,digital_1,d60ac65dafde714c2533,arabic-120_03,scan,dob,65,train/attack/digital_1/scan/arabic-120_03.jpg,train/bonafide/scan/arabic-120_03.jpg,778,552,1290,1064,958,767,1109,850,0,attack,1,data/processed/text_patch512/dev_val/digital_1/attack/d60ac65dafde714c2533.png,0.99951171875
POST_HOC_NATIVE_TEXT_PATCH512_DIAGNOSTIC,10,dev_val,digital_1,d60ac65dafde714c2533,arabic-120_03,scan,dob,65,train/attack/digital_1/scan/arabic-120_03.jpg,train/bonafide/scan/arabic-120_03.jpg,778,552,1290,1064,958,767,1109,850,0,bonafide,0,data/processed/text_patch512/dev_val/digital_1/bonafide/d60ac65dafde714c2533.png,0.00016868114471435547
POST_HOC_NATIVE_TEXT_PATCH512_DIAGNOSTIC,10,dev_val,digital_1,0e5157467681af655e0b,arabic-120_03,scan,doe,65,train/attack/digital_1/scan/arabic-120_03.jpg,train/bonafide/scan/arabic-120_03.jpg,768,737,1280,1249,951,1094,1098,1177,0,attack,1,data/processed/text_patch512/dev_val/digital_1/attack/0e5157467681af655e0b.png,1.0
POST_HOC_NATIVE_TEXT_PATCH512_DIAGNOSTIC,10,dev_val,digital_1,0e5157467681af655e0b,arabic-120_03,scan,doe,65,train/attack/digital_1/scan/arabic-120_03.jpg,train/bonafide/scan/arabic-120_03.jpg,768,737,1280,1249,951,1094,1098,1177,0,bonafide,0,data/processed/text_patch512/dev_val/digital_1/bonafide/0e5157467681af655e0b.png,0.00043654441833496094
POST_HOC_NATIVE_TEXT_PATCH512_DIAGNOSTIC,10,dev_val,digital_1,efb9b3f4c019fc6ebd81,arabic-120_03,scan,name,65,train/attack/digital_1/scan/arabic-120_03.jpg,train/bonafide/scan/arabic-120_03.jpg,730,242,1242,754,780,456,1191,541,0,attack,1,data/processed/text_patch512/dev_val/digital_1/attack/efb9b3f4c019fc6ebd81.png,0.9970703125
POST_HOC_NATIVE_TEXT_PATCH512_DIAGNOSTIC,10,dev_val,digital_1,efb9b3f4c019fc6ebd81,arabic-120_03,scan,name,65,train/attack/digital_1/scan/arabic-120_03.jpg,train/bonafide/scan/arabic-120_03.jpg,730,242,1242,754,780,456,1191,541,0,bonafide,0,data/processed/text_patch512/dev_val/digital_1/bonafide/efb9b3f4c019fc6ebd81.png,0.0074462890625
POST_HOC_NATIVE_TEXT_PATCH512_DIAGNOSTIC,10,dev_val,digital_2,53a16b857686a50a8f00,arabic-120_03,huawei,dob,67,train/attack/digital_2/huawei/arabic-120_03.jpg,train/bonafide/huawei/arabic-120_03.jpg,1401,1029,1913,1541,1539,1217,1775,1353,0,attack,1,data/processed/text_patch512/dev_val/digital_2/attack/53a16b857686a50a8f00.png,1.0
POST_HOC_NATIVE_TEXT_PATCH512_DIAGNOSTIC,10,dev_val,digital_2,53a16b857686a50a8f00,arabic-120_03,huawei,dob,67,train/attack/digital_2/huawei/arabic-120_03.jpg,train/bonafide/huawei/arabic-120_03.jpg,1401,1029,1913,1541,1539,1217,1775,1353,0,bonafide,0,data/processed/text_patch512/dev_val/digital_2/bonafide/53a16b857686a50a8f00.png,5.7637691497802734e-05
POST_HOC_NATIVE_TEXT_PATCH512_DIAGNOSTIC,10,dev_val,digital_2,cb6d2fb5b500c9a67fa8,arabic-120_03,huawei,doe,67,train/attack/digital_2/huawei/arabic-120_03.jpg,train/bonafide/huawei/arabic-120_03.jpg,1382,1452,1894,1964,1520,1735,1757,1871,0,attack,1,data/processed/text_patch512/dev_val/digital_2/attack/cb6d2fb5b500c9a67fa8.png,1.0
POST_HOC_NATIVE_TEXT_PATCH512_DIAGNOSTIC,10,dev_val,digital_2,cb6d2fb5b500c9a67fa8,arabic-120_03,huawei,doe,67,train/attack/digital_2/huawei/arabic-120_03.jpg,train/bonafide/huawei/arabic-120_03.jpg,1382,1452,1894,1964,1520,1735,1757,1871,0,bonafide,0,data/processed/text_patch512/dev_val/digital_2/bonafide/cb6d2fb5b500c9a67fa8.png,0.0001252889633178711
POST_HOC_NATIVE_TEXT_PATCH512_DIAGNOSTIC,10,dev_val,digital_2,a9affe3690e3d5af1316,arabic-120_03,huawei,name,67,train/attack/digital_2/huawei/arabic-120_03.jpg,train/bonafide/huawei/arabic-120_03.jpg,1316,536,1828,1048,1242,723,1903,862,0,attack,1,data/processed/text_patch512/dev_val/digital_2/attack/a9affe3690e3d5af1316.png,1.0
POST_HOC_NATIVE_TEXT_PATCH512_DIAGNOSTIC,10,dev_val,digital_2,a9affe3690e3d5af1316,arabic-120_03,huawei,name,67,train/attack/digital_2/huawei/arabic-120_03.jpg,train/bonafide/huawei/arabic-120_03.jpg,1316,536,1828,1048,1242,723,1903,862,0,bonafide,0,data/processed/text_patch512/dev_val/digital_2/bonafide/a9affe3690e3d5af1316.png,0.00023925304412841797
POST_HOC_NATIVE_TEXT_PATCH512_DIAGNOSTIC,10,dev_val,digital_2,f90074f062d4d403397c,arabic-120_03,iphone15pro,dob,65,train/attack/digital_2/iphone15pro/arabic-120_03.jpg,train/bonafide/iphone15pro/arabic-120_03.jpg,1176,869,1688,1381,1329,1073,1535,1177,0,attack,1,data/processed/text_patch512/dev_val/digital_2/attack/f90074f062d4d403397c.png,0.99951171875
POST_HOC_NATIVE_TEXT_PATCH512_DIAGNOSTIC,10,dev_val,digital_2,f90074f062d4d403397c,arabic-120_03,iphone15pro,dob,65,train/attack/digital_2/iphone15pro/arabic-120_03.jpg,train/bonafide/iphone15pro/arabic-120_03.jpg,1176,869,1688,1381,1329,1073,1535,1177,0,bonafide,0,data/processed/text_patch512/dev_val/digital_2/bonafide/f90074f062d4d403397c.png,5.269050598144531e-05
POST_HOC_NATIVE_TEXT_PATCH512_DIAGNOSTIC,10,dev_val,digital_2,d8774290ffec534e22f7,arabic-120_03,iphone15pro,doe,65,train/attack/digital_2/iphone15pro/arabic-120_03.jpg,train/bonafide/iphone15pro/arabic-120_03.jpg,1182,1225,1694,1737,1338,1527,1539,1633,0,attack,1,data/processed/text_patch512/dev_val/digital_2/attack/d8774290ffec534e22f7.png,0.9990234375
POST_HOC_NATIVE_TEXT_PATCH512_DIAGNOSTIC,10,dev_val,digital_2,d8774290ffec534e22f7,arabic-120_03,iphone15pro,doe,65,train/attack/digital_2/iphone15pro/arabic-120_03.jpg,train/bonafide/iphone15pro/arabic-120_03.jpg,1182,1225,1694,1737,1338,1527,1539,1633,0,bonafide,0,data/processed/text_patch512/dev_val/digital_2/bonafide/d8774290ffec534e22f7.png,6.085634231567383e-05
POST_HOC_NATIVE_TEXT_PATCH512_DIAGNOSTIC,10,dev_val,digital_2,722baeb3eb4a68024d28,arabic-120_03,iphone15pro,name,65,train/attack/digital_2/iphone15pro/arabic-120_03.jpg,train/bonafide/iphone15pro/arabic-120_03.jpg,1090,436,1602,948,1058,642,1633,743,0,attack,1,data/processed/text_patch512/dev_val/digital_2/attack/722baeb3eb4a68024d28.png,1.0
POST_HOC_NATIVE_TEXT_PATCH512_DIAGNOSTIC,10,dev_val,digital_2,722baeb3eb4a68024d28,arabic-120_03,iphone15pro,name,65,train/attack/digital_2/iphone15pro/arabic-120_03.jpg,train/bonafide/iphone15pro/arabic-120_03.jpg,1090,436,1602,948,1058,642,1633,743,0,bonafide,0,data/processed/text_patch512/dev_val/digital_2/bonafide/722baeb3eb4a68024d28.png,0.0026569366455078125
POST_HOC_NATIVE_TEXT_PATCH512_DIAGNOSTIC,10,dev_val,digital_2,ee978b560aacb76667d5,arabic-120_03,scan,dob,65,train/attack/digital_2/scan/arabic-120_03.jpg,train/bonafide/scan/arabic-120_03.jpg,778,552,1290,1064,958,767,1109,850,0,attack,1,data/processed/text_patch512/dev_val/digital_2/attack/ee978b560aacb76667d5.png,0.99951171875
POST_HOC_NATIVE_TEXT_PATCH512_DIAGNOSTIC,10,dev_val,digital_2,ee978b560aacb76667d5,arabic-120_03,scan,dob,65,train/attack/digital_2/scan/arabic-120_03.jpg,train/bonafide/scan/arabic-120_03.jpg,778,552,1290,1064,958,767,1109,850,0,bonafide,0,data/processed/text_patch512/dev_val/digital_2/bonafide/ee978b560aacb76667d5.png,0.00016868114471435547
POST_HOC_NATIVE_TEXT_PATCH512_DIAGNOSTIC,10,dev_val,digital_2,e3b5652e0ff4698b0641,arabic-120_03,scan,doe,65,train/attack/digital_2/scan/arabic-120_03.jpg,train/bonafide/scan/arabic-120_03.jpg,768,737,1280,1249,951,1094,1098,1177,0,attack,1,data/processed/text_patch512/dev_val/digital_2/attack/e3b5652e0ff4698b0641.png,1.0
POST_HOC_NATIVE_TEXT_PATCH512_DIAGNOSTIC,10,dev_val,digital_2,e3b5652e0ff4698b0641,arabic-120_03,scan,doe,65,train/attack/digital_2/scan/arabic-120_03.jpg,train/bonafide/scan/arabic-120_03.jpg,768,737,1280,1249,951,1094,1098,1177,0,bonafide,0,data/processed/text_patch512/dev_val/digital_2/bonafide/e3b5652e0ff4698b0641.png,0.00043654441833496094
POST_HOC_NATIVE_TEXT_PATCH512_DIAGNOSTIC,10,dev_val,digital_2,4256c8eccc85a77a3e91,arabic-120_03,scan,name,65,train/attack/digital_2/scan/arabic-120_03.jpg,train/bonafide/scan/arabic-120_03.jpg,730,242,1242,754,780,456,1191,541,0,attack,1,data/processed/text_patch512/dev_val/digital_2/attack/4256c8eccc85a77a3e91.png,1.0
POST_HOC_NATIVE_TEXT_PATCH512_DIAGNOSTIC,10,dev_val,digital_2,4256c8eccc85a77a3e91,arabic-120_03,scan,name,65,train/attack/digital_2/scan/arabic-120_03.jpg,train/bonafide/scan/arabic-120_03.jpg,730,242,1242,754,780,456,1191,541,0,bonafide,0,data/processed/text_patch512/dev_val/digital_2/bonafide/4256c8eccc85a77a3e91.png,0.0074462890625
POST_HOC_NATIVE_TEXT_PATCH512_DIAGNOSTIC,10,dev_val,digital_1,8153e6850c8a814341ec,arabic-NF-1048,huawei,dob,55,train/attack/digital_1/huawei/arabic-NF-1048.jpg,train/bonafide/huawei/arabic-NF-1048.jpg,1342,966,1854,1478,1484,1165,1713,1279,0,attack,1,data/processed/text_patch512/dev_val/digital_1/attack/8153e6850c8a814341ec.png,1.0
POST_HOC_NATIVE_TEXT_PATCH512_DIAGNOSTIC,10,dev_val,digital_1,8153e6850c8a814341ec,arabic-NF-1048,huawei,dob,55,train/attack/digital_1/huawei/arabic-NF-1048.jpg,train/bonafide/huawei/arabic-NF-1048.jpg,1342,966,1854,1478,1484,1165,1713,1279,0,bonafide,0,data/processed/text_patch512/dev_val/digital_1/bonafide/8153e6850c8a814341ec.png,0.00023412704467773438
POST_HOC_NATIVE_TEXT_PATCH512_DIAGNOSTIC,10,dev_val,digital_1,a7cb3f9d713c15edb93a,arabic-NF-1048,huawei,doe,55,train/attack/digital_1/huawei/arabic-NF-1048.jpg,train/bonafide/huawei/arabic-NF-1048.jpg,1352,1379,1864,1891,1495,1658,1721,1772,0,attack,1,data/processed/text_patch512/dev_val/digital_1/attack/a7cb3f9d713c15edb93a.png,1.0
POST_HOC_NATIVE_TEXT_PATCH512_DIAGNOSTIC,10,dev_val,digital_1,a7cb3f9d713c15edb93a,arabic-NF-1048,huawei,doe,55,train/attack/digital_1/huawei/arabic-NF-1048.jpg,train/bonafide/huawei/arabic-NF-1048.jpg,1352,1379,1864,1891,1495,1658,1721,1772,0,bonafide,0,data/processed/text_patch512/dev_val/digital_1/bonafide/a7cb3f9d713c15edb93a.png,0.0007410049438476562
POST_HOC_NATIVE_TEXT_PATCH512_DIAGNOSTIC,10,dev_val,digital_1,65a11bac2b22fec18cd7,arabic-NF-1048,huawei,name,55,train/attack/digital_1/huawei/arabic-NF-1048.jpg,train/bonafide/huawei/arabic-NF-1048.jpg,1214,499,1726,1011,1186,698,1753,812,0,attack,1,data/processed/text_patch512/dev_val/digital_1/attack/65a11bac2b22fec18cd7.png,1.0
POST_HOC_NATIVE_TEXT_PATCH512_DIAGNOSTIC,10,dev_val,digital_1,65a11bac2b22fec18cd7,arabic-NF-1048,huawei,name,55,train/attack/digital_1/huawei/arabic-NF-1048.jpg,train/bonafide/huawei/arabic-NF-1048.jpg,1214,499,1726,1011,1186,698,1753,812,0,bonafide,0,data/processed/text_patch512/dev_val/digital_1/bonafide/65a11bac2b22fec18cd7.png,0.0010690689086914062
POST_HOC_NATIVE_TEXT_PATCH512_DIAGNOSTIC,10,dev_val,digital_1,2dacc00452be52478619,arabic-NF-1048,iphone15pro,dob,57,train/attack/digital_1/iphone15pro/arabic-NF-1048.jpg,train/bonafide/iphone15pro/arabic-NF-1048.jpg,1112,779,1624,1291,1271,982,1465,1088,0,attack,1,data/processed/text_patch512/dev_val/digital_1/attack/2dacc00452be52478619.png,1.0
POST_HOC_NATIVE_TEXT_PATCH512_DIAGNOSTIC,10,dev_val,digital_1,2dacc00452be52478619,arabic-NF-1048,iphone15pro,dob,57,train/attack/digital_1/iphone15pro/arabic-NF-1048.jpg,train/bonafide/iphone15pro/arabic-NF-1048.jpg,1112,779,1624,1291,1271,982,1465,1088,0,bonafide,0,data/processed/text_patch512/dev_val/digital_1/bonafide/2dacc00452be52478619.png,5.6743621826171875e-05
POST_HOC_NATIVE_TEXT_PATCH512_DIAGNOSTIC,10,dev_val,digital_1,7fce51af213fda4a8b68,arabic-NF-1048,iphone15pro,doe,57,train/attack/digital_1/iphone15pro/arabic-NF-1048.jpg,train/bonafide/iphone15pro/arabic-NF-1048.jpg,1093,1093,1605,1605,1252,1404,1446,1510,0,attack,1,data/processed/text_patch512/dev_val/digital_1/attack/7fce51af213fda4a8b68.png,1.0
POST_HOC_NATIVE_TEXT_PATCH512_DIAGNOSTIC,10,dev_val,digital_1,7fce51af213fda4a8b68,arabic-NF-1048,iphone15pro,doe,57,train/attack/digital_1/iphone15pro/arabic-NF-1048.jpg,train/bonafide/iphone15pro/arabic-NF-1048.jpg,1093,1093,1605,1605,1252,1404,1446,1510,0,bonafide,0,data/processed/text_patch512/dev_val/digital_1/bonafide/7fce51af213fda4a8b68.png,0.0001360177993774414
POST_HOC_NATIVE_TEXT_PATCH512_DIAGNOSTIC,10,dev_val,digital_1,08b011359f173724dad3,arabic-NF-1048,iphone15pro,name,57,train/attack/digital_1/iphone15pro/arabic-NF-1048.jpg,train/bonafide/iphone15pro/arabic-NF-1048.jpg,1018,382,1530,894,1028,584,1521,692,0,attack,1,data/processed/text_patch512/dev_val/digital_1/attack/08b011359f173724dad3.png,1.0
POST_HOC_NATIVE_TEXT_PATCH512_DIAGNOSTIC,10,dev_val,digital_1,08b011359f173724dad3,arabic-NF-1048,iphone15pro,name,57,train/attack/digital_1/iphone15pro/arabic-NF-1048.jpg,train/bonafide/iphone15pro/arabic-NF-1048.jpg,1018,382,1530,894,1028,584,1521,692,0,bonafide,0,data/processed/text_patch512/dev_val/digital_1/bonafide/08b011359f173724dad3.png,6.896257400512695e-05
POST_HOC_NATIVE_TEXT_PATCH512_DIAGNOSTIC,10,dev_val,digital_1,75eae43f0c570f6f158a,arabic-NF-1048,scan,dob,50,train/attack/digital_1/scan/arabic-NF-1048.jpg,train/bonafide/scan/arabic-NF-1048.jpg,782,548,1294,1060,963,761,1113,847,0,attack,1,data/processed/text_patch512/dev_val/digital_1/attack/75eae43f0c570f6f158a.png,0.99951171875
POST_HOC_NATIVE_TEXT_PATCH512_DIAGNOSTIC,10,dev_val,digital_1,75eae43f0c570f6f158a,arabic-NF-1048,scan,dob,50,train/attack/digital_1/scan/arabic-NF-1048.jpg,train/bonafide/scan/arabic-NF-1048.jpg,782,548,1294,1060,963,761,1113,847,0,bonafide,0,data/processed/text_patch512/dev_val/digital_1/bonafide/75eae43f0c570f6f158a.png,0.00011867284774780273
POST_HOC_NATIVE_TEXT_PATCH512_DIAGNOSTIC,10,dev_val,digital_1,2e7657f24264346c63a4,arabic-NF-1048,scan,doe,50,train/attack/digital_1/scan/arabic-NF-1048.jpg,train/bonafide/scan/arabic-NF-1048.jpg,774,736,1286,1248,956,1092,1103,1178,0,attack,1,data/processed/text_patch512/dev_val/digital_1/attack/2e7657f24264346c63a4.png,1.0
POST_HOC_NATIVE_TEXT_PATCH512_DIAGNOSTIC,10,dev_val,digital_1,2e7657f24264346c63a4,arabic-NF-1048,scan,doe,50,train/attack/digital_1/scan/arabic-NF-1048.jpg,train/bonafide/scan/arabic-NF-1048.jpg,774,736,1286,1248,956,1092,1103,1178,0,bonafide,0,data/processed/text_patch512/dev_val/digital_1/bonafide/2e7657f24264346c63a4.png,0.0001609325408935547
POST_HOC_NATIVE_TEXT_PATCH512_DIAGNOSTIC,10,dev_val,digital_1,6058f645452e5e9a9af2,arabic-NF-1048,scan,name,50,train/attack/digital_1/scan/arabic-NF-1048.jpg,train/bonafide/scan/arabic-NF-1048.jpg,710,237,1222,749,778,450,1154,536,0,attack,1,data/processed/text_patch512/dev_val/digital_1/attack/6058f645452e5e9a9af2.png,0.99462890625
POST_HOC_NATIVE_TEXT_PATCH512_DIAGNOSTIC,10,dev_val,digital_1,6058f645452e5e9a9af2,arabic-NF-1048,scan,name,50,train/attack/digital_1/scan/arabic-NF-1048.jpg,train/bonafide/scan/arabic-NF-1048.jpg,710,237,1222,749,778,450,1154,536,0,bonafide,0,data/processed/text_patch512/dev_val/digital_1/bonafide/6058f645452e5e9a9af2.png,0.00025916099548339844
POST_HOC_NATIVE_TEXT_PATCH512_DIAGNOSTIC,10,dev_val,digital_2,9992a7e2da4d331b4040,arabic-NF-1048,huawei,dob,55,train/attack/digital_2/huawei/arabic-NF-1048.jpg,train/bonafide/huawei/arabic-NF-1048.jpg,1342,966,1854,1478,1484,1165,1713,1279,0,attack,1,data/processed/text_patch512/dev_val/digital_2/attack/9992a7e2da4d331b4040.png,0.9990234375
POST_HOC_NATIVE_TEXT_PATCH512_DIAGNOSTIC,10,dev_val,digital_2,9992a7e2da4d331b4040,arabic-NF-1048,huawei,dob,55,train/attack/digital_2/huawei/arabic-NF-1048.jpg,train/bonafide/huawei/arabic-NF-1048.jpg,1342,966,1854,1478,1484,1165,1713,1279,0,bonafide,0,data/processed/text_patch512/dev_val/digital_2/bonafide/9992a7e2da4d331b4040.png,0.00023412704467773438
POST_HOC_NATIVE_TEXT_PATCH512_DIAGNOSTIC,10,dev_val,digital_2,940c3b54668ae1531bbc,arabic-NF-1048,huawei,doe,55,train/attack/digital_2/huawei/arabic-NF-1048.jpg,train/bonafide/huawei/arabic-NF-1048.jpg,1352,1379,1864,1891,1495,1658,1721,1772,0,attack,1,data/processed/text_patch512/dev_val/digital_2/attack/940c3b54668ae1531bbc.png,1.0
POST_HOC_NATIVE_TEXT_PATCH512_DIAGNOSTIC,10,dev_val,digital_2,940c3b54668ae1531bbc,arabic-NF-1048,huawei,doe,55,train/attack/digital_2/huawei/arabic-NF-1048.jpg,train/bonafide/huawei/arabic-NF-1048.jpg,1352,1379,1864,1891,1495,1658,1721,1772,0,bonafide,0,data/processed/text_patch512/dev_val/digital_2/bonafide/940c3b54668ae1531bbc.png,0.0007410049438476562
POST_HOC_NATIVE_TEXT_PATCH512_DIAGNOSTIC,10,dev_val,digital_2,f96888db8bc3df0cad30,arabic-NF-1048,huawei,name,55,train/attack/digital_2/huawei/arabic-NF-1048.jpg,train/bonafide/huawei/arabic-NF-1048.jpg,1214,499,1726,1011,1186,698,1753,812,0,attack,1,data/processed/text_patch512/dev_val/digital_2/attack/f96888db8bc3df0cad30.png,1.0
POST_HOC_NATIVE_TEXT_PATCH512_DIAGNOSTIC,10,dev_val,digital_2,f96888db8bc3df0cad30,arabic-NF-1048,huawei,name,55,train/attack/digital_2/huawei/arabic-NF-1048.jpg,train/bonafide/huawei/arabic-NF-1048.jpg,1214,499,1726,1011,1186,698,1753,812,0,bonafide,0,data/processed/text_patch512/dev_val/digital_2/bonafide/f96888db8bc3df0cad30.png,0.0010690689086914062
POST_HOC_NATIVE_TEXT_PATCH512_DIAGNOSTIC,10,dev_val,digital_2,73cd5e91f6c569404067,arabic-NF-1048,iphone15pro,dob,57,train/attack/digital_2/iphone15pro/arabic-NF-1048.jpg,train/bonafide/iphone15pro/arabic-NF-1048.jpg,1112,779,1624,1291,1271,982,1465,1088,0,attack,1,data/processed/text_patch512/dev_val/digital_2/attack/73cd5e91f6c569404067.png,1.0
POST_HOC_NATIVE_TEXT_PATCH512_DIAGNOSTIC,10,dev_val,digital_2,73cd5e91f6c569404067,arabic-NF-1048,iphone15pro,dob,57,train/attack/digital_2/iphone15pro/arabic-NF-1048.jpg,train/bonafide/iphone15pro/arabic-NF-1048.jpg,1112,779,1624,1291,1271,982,1465,1088,0,bonafide,0,data/processed/text_patch512/dev_val/digital_2/bonafide/73cd5e91f6c569404067.png,5.6743621826171875e-05
POST_HOC_NATIVE_TEXT_PATCH512_DIAGNOSTIC,10,dev_val,digital_2,d00f9e2ce24415bfb454,arabic-NF-1048,iphone15pro,doe,57,train/attack/digital_2/iphone15pro/arabic-NF-1048.jpg,train/bonafide/iphone15pro/arabic-NF-1048.jpg,1093,1093,1605,1605,1252,1404,1446,1510,0,attack,1,data/processed/text_patch512/dev_val/digital_2/attack/d00f9e2ce24415bfb454.png,1.0
POST_HOC_NATIVE_TEXT_PATCH512_DIAGNOSTIC,10,dev_val,digital_2,d00f9e2ce24415bfb454,arabic-NF-1048,iphone15pro,doe,57,train/attack/digital_2/iphone15pro/arabic-NF-1048.jpg,train/bonafide/iphone15pro/arabic-NF-1048.jpg,1093,1093,1605,1605,1252,1404,1446,1510,0,bonafide,0,data/processed/text_patch512/dev_val/digital_2/bonafide/d00f9e2ce24415bfb454.png,0.0001360177993774414
POST_HOC_NATIVE_TEXT_PATCH512_DIAGNOSTIC,10,dev_val,digital_2,eb8761949125e749a03a,arabic-NF-1048,iphone15pro,name,57,train/attack/digital_2/iphone15pro/arabic-NF-1048.jpg,train/bonafide/iphone15pro/arabic-NF-1048.jpg,1018,382,1530,894,1028,584,1521,692,0,attack,1,data/processed/text_patch512/dev_val/digital_2/attack/eb8761949125e749a03a.png,1.0
POST_HOC_NATIVE_TEXT_PATCH512_DIAGNOSTIC,10,dev_val,digital_2,eb8761949125e749a03a,arabic-NF-1048,iphone15pro,name,57,train/attack/digital_2/iphone15pro/arabic-NF-1048.jpg,train/bonafide/iphone15pro/arabic-NF-1048.jpg,1018,382,1530,894,1028,584,1521,692,0,bonafide,0,data/processed/text_patch512/dev_val/digital_2/bonafide/eb8761949125e749a03a.png,6.896257400512695e-05
POST_HOC_NATIVE_TEXT_PATCH512_DIAGNOSTIC,10,dev_val,digital_2,7dea998b25598d5e7438,arabic-NF-1048,scan,dob,50,train/attack/digital_2/scan/arabic-NF-1048.jpg,train/bonafide/scan/arabic-NF-1048.jpg,782,548,1294,1060,963,761,1113,847,0,attack,1,data/processed/text_patch512/dev_val/digital_2/attack/7dea998b25598d5e7438.png,1.0
POST_HOC_NATIVE_TEXT_PATCH512_DIAGNOSTIC,10,dev_val,digital_2,7dea998b25598d5e7438,arabic-NF-1048,scan,dob,50,train/attack/digital_2/scan/arabic-NF-1048.jpg,train/bonafide/scan/arabic-NF-1048.jpg,782,548,1294,1060,963,761,1113,847,0,bonafide,0,data/processed/text_patch512/dev_val/digital_2/bonafide/7dea998b25598d5e7438.png,0.00011867284774780273
POST_HOC_NATIVE_TEXT_PATCH512_DIAGNOSTIC,10,dev_val,digital_2,b687154a986950a4691f,arabic-NF-1048,scan,doe,50,train/attack/digital_2/scan/arabic-NF-1048.jpg,train/bonafide/scan/arabic-NF-1048.jpg,774,736,1286,1248,956,1092,1103,1178,0,attack,1,data/processed/text_patch512/dev_val/digital_2/attack/b687154a986950a4691f.png,0.998046875
POST_HOC_NATIVE_TEXT_PATCH512_DIAGNOSTIC,10,dev_val,digital_2,b687154a986950a4691f,arabic-NF-1048,scan,doe,50,train/attack/digital_2/scan/arabic-NF-1048.jpg,train/bonafide/scan/arabic-NF-1048.jpg,774,736,1286,1248,956,1092,1103,1178,0,bonafide,0,data/processed/text_patch512/dev_val/digital_2/bonafide/b687154a986950a4691f.png,0.0001609325408935547
POST_HOC_NATIVE_TEXT_PATCH512_DIAGNOSTIC,10,dev_val,digital_2,1089188feead8c816683,arabic-NF-1048,scan,name,50,train/attack/digital_2/scan/arabic-NF-1048.jpg,train/bonafide/scan/arabic-NF-1048.jpg,710,237,1222,749,778,450,1154,536,0,attack,1,data/processed/text_patch512/dev_val/digital_2/attack/1089188feead8c816683.png,1.0
POST_HOC_NATIVE_TEXT_PATCH512_DIAGNOSTIC,10,dev_val,digital_2,1089188feead8c816683,arabic-NF-1048,scan,name,50,train/attack/digital_2/scan/arabic-NF-1048.jpg,train/bonafide/scan/arabic-NF-1048.jpg,710,237,1222,749,778,450,1154,536,0,bonafide,0,data/processed/text_patch512/dev_val/digital_2/bonafide/1089188feead8c816683.png,0.00025916099548339844
POST_HOC_NATIVE_TEXT_PATCH512_DIAGNOSTIC,10,dev_val,digital_1,1096881dfd24703038c3,arabic-NF-1098,huawei,dob,68,train/attack/digital_1/huawei/arabic-NF-1098.jpg,train/bonafide/huawei/arabic-NF-1098.jpg,1339,963,1851,1475,1484,1162,1706,1276,0,attack,1,data/processed/text_patch512/dev_val/digital_1/attack/1096881dfd24703038c3.png,1.0
POST_HOC_NATIVE_TEXT_PATCH512_DIAGNOSTIC,10,dev_val,digital_1,1096881dfd24703038c3,arabic-NF-1098,huawei,dob,68,train/attack/digital_1/huawei/arabic-NF-1098.jpg,train/bonafide/huawei/arabic-NF-1098.jpg,1339,963,1851,1475,1484,1162,1706,1276,0,bonafide,0,data/processed/text_patch512/dev_val/digital_1/bonafide/1096881dfd24703038c3.png,0.00012004375457763672
POST_HOC_NATIVE_TEXT_PATCH512_DIAGNOSTIC,10,dev_val,digital_1,cc66c2d34597a3a54d93,arabic-NF-1098,huawei,doe,68,train/attack/digital_1/huawei/arabic-NF-1098.jpg,train/bonafide/huawei/arabic-NF-1098.jpg,1350,1382,1862,1894,1497,1654,1716,1768,0,attack,1,data/processed/text_patch512/dev_val/digital_1/attack/cc66c2d34597a3a54d93.png,1.0
POST_HOC_NATIVE_TEXT_PATCH512_DIAGNOSTIC,10,dev_val,digital_1,cc66c2d34597a3a54d93,arabic-NF-1098,huawei,doe,68,train/attack/digital_1/huawei/arabic-NF-1098.jpg,train/bonafide/huawei/arabic-NF-1098.jpg,1350,1382,1862,1894,1497,1654,1716,1768,0,bonafide,0,data/processed/text_patch512/dev_val/digital_1/bonafide/cc66c2d34597a3a54d93.png,3.7610530853271484e-05
POST_HOC_NATIVE_TEXT_PATCH512_DIAGNOSTIC,10,dev_val,digital_1,8477a82a41bd7cdcccda,arabic-NF-1098,huawei,name,68,train/attack/digital_1/huawei/arabic-NF-1098.jpg,train/bonafide/huawei/arabic-NF-1098.jpg,1140,500,1652,1012,1177,699,1550,813,0,attack,1,data/processed/text_patch512/dev_val/digital_1/attack/8477a82a41bd7cdcccda.png,1.0
POST_HOC_NATIVE_TEXT_PATCH512_DIAGNOSTIC,10,dev_val,digital_1,8477a82a41bd7cdcccda,arabic-NF-1098,huawei,name,68,train/attack/digital_1/huawei/arabic-NF-1098.jpg,train/bonafide/huawei/arabic-NF-1098.jpg,1140,500,1652,1012,1177,699,1550,813,0,bonafide,0,data/processed/text_patch512/dev_val/digital_1/bonafide/8477a82a41bd7cdcccda.png,0.0007915496826171875
POST_HOC_NATIVE_TEXT_PATCH512_DIAGNOSTIC,10,dev_val,digital_1,a54d92d0557cc5a60281,arabic-NF-1098,iphone15pro,dob,57,train/attack/digital_1/iphone15pro/arabic-NF-1098.jpg,train/bonafide/iphone15pro/arabic-NF-1098.jpg,1103,783,1615,1295,1264,985,1454,1093,0,attack,1,data/processed/text_patch512/dev_val/digital_1/attack/a54d92d0557cc5a60281.png,1.0
POST_HOC_NATIVE_TEXT_PATCH512_DIAGNOSTIC,10,dev_val,digital_1,a54d92d0557cc5a60281,arabic-NF-1098,iphone15pro,dob,57,train/attack/digital_1/iphone15pro/arabic-NF-1098.jpg,train/bonafide/iphone15pro/arabic-NF-1098.jpg,1103,783,1615,1295,1264,985,1454,1093,0,bonafide,0,data/processed/text_patch512/dev_val/digital_1/bonafide/a54d92d0557cc5a60281.png,0.00016963481903076172
POST_HOC_NATIVE_TEXT_PATCH512_DIAGNOSTIC,10,dev_val,digital_1,d3e9689bfb7ccea2c883,arabic-NF-1098,iphone15pro,doe,57,train/attack/digital_1/iphone15pro/arabic-NF-1098.jpg,train/bonafide/iphone15pro/arabic-NF-1098.jpg,1093,1096,1605,1608,1255,1406,1443,1514,0,attack,1,data/processed/text_patch512/dev_val/digital_1/attack/d3e9689bfb7ccea2c883.png,1.0
POST_HOC_NATIVE_TEXT_PATCH512_DIAGNOSTIC,10,dev_val,digital_1,d3e9689bfb7ccea2c883,arabic-NF-1098,iphone15pro,doe,57,train/attack/digital_1/iphone15pro/arabic-NF-1098.jpg,train/bonafide/iphone15pro/arabic-NF-1098.jpg,1093,1096,1605,1608,1255,1406,1443,1514,0,bonafide,0,data/processed/text_patch512/dev_val/digital_1/bonafide/d3e9689bfb7ccea2c883.png,0.00010472536087036133
POST_HOC_NATIVE_TEXT_PATCH512_DIAGNOSTIC,10,dev_val,digital_1,852024717f89bd65f03a,arabic-NF-1098,iphone15pro,name,57,train/attack/digital_1/iphone15pro/arabic-NF-1098.jpg,train/bonafide/iphone15pro/arabic-NF-1098.jpg,988,384,1500,896,1020,587,1339,692,0,attack,1,data/processed/text_patch512/dev_val/digital_1/attack/852024717f89bd65f03a.png,0.76416015625
POST_HOC_NATIVE_TEXT_PATCH512_DIAGNOSTIC,10,dev_val,digital_1,852024717f89bd65f03a,arabic-NF-1098,iphone15pro,name,57,train/attack/digital_1/iphone15pro/arabic-NF-1098.jpg,train/bonafide/iphone15pro/arabic-NF-1098.jpg,988,384,1500,896,1020,587,1339,692,0,bonafide,0,data/processed/text_patch512/dev_val/digital_1/bonafide/852024717f89bd65f03a.png,0.0009164810180664062
POST_HOC_NATIVE_TEXT_PATCH512_DIAGNOSTIC,10,dev_val,digital_1,8084898f626107e06fd1,arabic-NF-1098,scan,dob,90,train/attack/digital_1/scan/arabic-NF-1098.jpg,train/bonafide/scan/arabic-NF-1098.jpg,780,553,1292,1065,961,768,1110,850,0,attack,1,data/processed/text_patch512/dev_val/digital_1/attack/8084898f626107e06fd1.png,1.0
POST_HOC_NATIVE_TEXT_PATCH512_DIAGNOSTIC,10,dev_val,digital_1,8084898f626107e06fd1,arabic-NF-1098,scan,dob,90,train/attack/digital_1/scan/arabic-NF-1098.jpg,train/bonafide/scan/arabic-NF-1098.jpg,780,553,1292,1065,961,768,1110,850,0,bonafide,0,data/processed/text_patch512/dev_val/digital_1/bonafide/8084898f626107e06fd1.png,0.00019991397857666016
POST_HOC_NATIVE_TEXT_PATCH512_DIAGNOSTIC,10,dev_val,digital_1,9e838bf4bdb4b250dd87,arabic-NF-1098,scan,doe,90,train/attack/digital_1/scan/arabic-NF-1098.jpg,train/bonafide/scan/arabic-NF-1098.jpg,770,736,1282,1248,954,1093,1099,1175,0,attack,1,data/processed/text_patch512/dev_val/digital_1/attack/9e838bf4bdb4b250dd87.png,1.0
POST_HOC_NATIVE_TEXT_PATCH512_DIAGNOSTIC,10,dev_val,digital_1,9e838bf4bdb4b250dd87,arabic-NF-1098,scan,doe,90,train/attack/digital_1/scan/arabic-NF-1098.jpg,train/bonafide/scan/arabic-NF-1098.jpg,770,736,1282,1248,954,1093,1099,1175,0,bonafide,0,data/processed/text_patch512/dev_val/digital_1/bonafide/9e838bf4bdb4b250dd87.png,0.0008606910705566406
POST_HOC_NATIVE_TEXT_PATCH512_DIAGNOSTIC,10,dev_val,digital_1,06e1edff67c1d112114d,arabic-NF-1098,scan,name,90,train/attack/digital_1/scan/arabic-NF-1098.jpg,train/bonafide/scan/arabic-NF-1098.jpg,742,243,1254,755,779,458,1024,540,0,attack,1,data/processed/text_patch512/dev_val/digital_1/attack/06e1edff67c1d112114d.png,1.0
POST_HOC_NATIVE_TEXT_PATCH512_DIAGNOSTIC,10,dev_val,digital_1,06e1edff67c1d112114d,arabic-NF-1098,scan,name,90,train/attack/digital_1/scan/arabic-NF-1098.jpg,train/bonafide/scan/arabic-NF-1098.jpg,742,243,1254,755,779,458,1024,540,0,bonafide,0,data/processed/text_patch512/dev_val/digital_1/bonafide/06e1edff67c1d112114d.png,0.0228271484375
POST_HOC_NATIVE_TEXT_PATCH512_DIAGNOSTIC,10,dev_val,digital_2,92c88b8731d0bf50ea31,arabic-NF-1098,huawei,dob,68,train/attack/digital_2/huawei/arabic-NF-1098.jpg,train/bonafide/huawei/arabic-NF-1098.jpg,1339,963,1851,1475,1484,1162,1706,1276,0,attack,1,data/processed/text_patch512/dev_val/digital_2/attack/92c88b8731d0bf50ea31.png,1.0
POST_HOC_NATIVE_TEXT_PATCH512_DIAGNOSTIC,10,dev_val,digital_2,92c88b8731d0bf50ea31,arabic-NF-1098,huawei,dob,68,train/attack/digital_2/huawei/arabic-NF-1098.jpg,train/bonafide/huawei/arabic-NF-1098.jpg,1339,963,1851,1475,1484,1162,1706,1276,0,bonafide,0,data/processed/text_patch512/dev_val/digital_2/bonafide/92c88b8731d0bf50ea31.png,0.00012004375457763672
POST_HOC_NATIVE_TEXT_PATCH512_DIAGNOSTIC,10,dev_val,digital_2,0b91dc5292882870304d,arabic-NF-1098,huawei,doe,68,train/attack/digital_2/huawei/arabic-NF-1098.jpg,train/bonafide/huawei/arabic-NF-1098.jpg,1350,1382,1862,1894,1497,1654,1716,1768,0,attack,1,data/processed/text_patch512/dev_val/digital_2/attack/0b91dc5292882870304d.png,1.0
POST_HOC_NATIVE_TEXT_PATCH512_DIAGNOSTIC,10,dev_val,digital_2,0b91dc5292882870304d,arabic-NF-1098,huawei,doe,68,train/attack/digital_2/huawei/arabic-NF-1098.jpg,train/bonafide/huawei/arabic-NF-1098.jpg,1350,1382,1862,1894,1497,1654,1716,1768,0,bonafide,0,data/processed/text_patch512/dev_val/digital_2/bonafide/0b91dc5292882870304d.png,3.7610530853271484e-05
POST_HOC_NATIVE_TEXT_PATCH512_DIAGNOSTIC,10,dev_val,digital_2,66a5f177dfa8fb229a20,arabic-NF-1098,huawei,name,68,train/attack/digital_2/huawei/arabic-NF-1098.jpg,train/bonafide/huawei/arabic-NF-1098.jpg,1108,500,1620,1012,1177,699,1550,813,0,attack,1,data/processed/text_patch512/dev_val/digital_2/attack/66a5f177dfa8fb229a20.png,1.0
POST_HOC_NATIVE_TEXT_PATCH512_DIAGNOSTIC,10,dev_val,digital_2,66a5f177dfa8fb229a20,arabic-NF-1098,huawei,name,68,train/attack/digital_2/huawei/arabic-NF-1098.jpg,train/bonafide/huawei/arabic-NF-1098.jpg,1108,500,1620,1012,1177,699,1550,813,0,bonafide,0,data/processed/text_patch512/dev_val/digital_2/bonafide/66a5f177dfa8fb229a20.png,0.0010652542114257812
POST_HOC_NATIVE_TEXT_PATCH512_DIAGNOSTIC,10,dev_val,digital_2,f463148467c448201659,arabic-NF-1098,iphone15pro,dob,57,train/attack/digital_2/iphone15pro/arabic-NF-1098.jpg,train/bonafide/iphone15pro/arabic-NF-1098.jpg,1103,783,1615,1295,1264,985,1454,1093,0,attack,1,data/processed/text_patch512/dev_val/digital_2/attack/f463148467c448201659.png,1.0
POST_HOC_NATIVE_TEXT_PATCH512_DIAGNOSTIC,10,dev_val,digital_2,f463148467c448201659,arabic-NF-1098,iphone15pro,dob,57,train/attack/digital_2/iphone15pro/arabic-NF-1098.jpg,train/bonafide/iphone15pro/arabic-NF-1098.jpg,1103,783,1615,1295,1264,985,1454,1093,0,bonafide,0,data/processed/text_patch512/dev_val/digital_2/bonafide/f463148467c448201659.png,0.00016963481903076172
POST_HOC_NATIVE_TEXT_PATCH512_DIAGNOSTIC,10,dev_val,digital_2,e79d4b0e10980547123f,arabic-NF-1098,iphone15pro,doe,57,train/attack/digital_2/iphone15pro/arabic-NF-1098.jpg,train/bonafide/iphone15pro/arabic-NF-1098.jpg,1093,1096,1605,1608,1255,1406,1443,1514,0,attack,1,data/processed/text_patch512/dev_val/digital_2/attack/e79d4b0e10980547123f.png,1.0
POST_HOC_NATIVE_TEXT_PATCH512_DIAGNOSTIC,10,dev_val,digital_2,e79d4b0e10980547123f,arabic-NF-1098,iphone15pro,doe,57,train/attack/digital_2/iphone15pro/arabic-NF-1098.jpg,train/bonafide/iphone15pro/arabic-NF-1098.jpg,1093,1096,1605,1608,1255,1406,1443,1514,0,bonafide,0,data/processed/text_patch512/dev_val/digital_2/bonafide/e79d4b0e10980547123f.png,0.00010472536087036133
POST_HOC_NATIVE_TEXT_PATCH512_DIAGNOSTIC,10,dev_val,digital_2,8bacd3b7d1ff33350803,arabic-NF-1098,iphone15pro,name,57,train/attack/digital_2/iphone15pro/arabic-NF-1098.jpg,train/bonafide/iphone15pro/arabic-NF-1098.jpg,924,384,1436,896,1020,587,1339,692,0,attack,1,data/processed/text_patch512/dev_val/digital_2/attack/8bacd3b7d1ff33350803.png,0.99951171875
POST_HOC_NATIVE_TEXT_PATCH512_DIAGNOSTIC,10,dev_val,digital_2,8bacd3b7d1ff33350803,arabic-NF-1098,iphone15pro,name,57,train/attack/digital_2/iphone15pro/arabic-NF-1098.jpg,train/bonafide/iphone15pro/arabic-NF-1098.jpg,924,384,1436,896,1020,587,1339,692,0,bonafide,0,data/processed/text_patch512/dev_val/digital_2/bonafide/8bacd3b7d1ff33350803.png,0.0006213188171386719
POST_HOC_NATIVE_TEXT_PATCH512_DIAGNOSTIC,10,dev_val,digital_2,69651776649a21e28e1e,arabic-NF-1098,scan,dob,90,train/attack/digital_2/scan/arabic-NF-1098.jpg,train/bonafide/scan/arabic-NF-1098.jpg,780,553,1292,1065,961,768,1110,850,0,attack,1,data/processed/text_patch512/dev_val/digital_2/attack/69651776649a21e28e1e.png,0.9990234375
POST_HOC_NATIVE_TEXT_PATCH512_DIAGNOSTIC,10,dev_val,digital_2,69651776649a21e28e1e,arabic-NF-1098,scan,dob,90,train/attack/digital_2/scan/arabic-NF-1098.jpg,train/bonafide/scan/arabic-NF-1098.jpg,780,553,1292,1065,961,768,1110,850,0,bonafide,0,data/processed/text_patch512/dev_val/digital_2/bonafide/69651776649a21e28e1e.png,0.00019991397857666016
POST_HOC_NATIVE_TEXT_PATCH512_DIAGNOSTIC,10,dev_val,digital_2,1658efe82d27d3cb3669,arabic-NF-1098,scan,doe,90,train/attack/digital_2/scan/arabic-NF-1098.jpg,train/bonafide/scan/arabic-NF-1098.jpg,770,736,1282,1248,954,1093,1099,1175,0,attack,1,data/processed/text_patch512/dev_val/digital_2/attack/1658efe82d27d3cb3669.png,1.0
POST_HOC_NATIVE_TEXT_PATCH512_DIAGNOSTIC,10,dev_val,digital_2,1658efe82d27d3cb3669,arabic-NF-1098,scan,doe,90,train/attack/digital_2/scan/arabic-NF-1098.jpg,train/bonafide/scan/arabic-NF-1098.jpg,770,736,1282,1248,954,1093,1099,1175,0,bonafide,0,data/processed/text_patch512/dev_val/digital_2/bonafide/1658efe82d27d3cb3669.png,0.0008606910705566406
POST_HOC_NATIVE_TEXT_PATCH512_DIAGNOSTIC,10,dev_val,digital_2,2d3ed87fe3d70665fdce,arabic-NF-1098,scan,name,90,train/attack/digital_2/scan/arabic-NF-1098.jpg,train/bonafide/scan/arabic-NF-1098.jpg,710,243,1222,755,779,458,1024,540,0,attack,1,data/processed/text_patch512/dev_val/digital_2/attack/2d3ed87fe3d70665fdce.png,1.0
POST_HOC_NATIVE_TEXT_PATCH512_DIAGNOSTIC,10,dev_val,digital_2,2d3ed87fe3d70665fdce,arabic-NF-1098,scan,name,90,train/attack/digital_2/scan/arabic-NF-1098.jpg,train/bonafide/scan/arabic-NF-1098.jpg,710,243,1222,755,779,458,1024,540,0,bonafide,0,data/processed/text_patch512/dev_val/digital_2/bonafide/2d3ed87fe3d70665fdce.png,0.024261474609375
POST_HOC_NATIVE_TEXT_PATCH512_DIAGNOSTIC,10,dev_val,digital_1,bdaf7d42c041ebcd67ad,arabic-NM-1090,huawei,dob,55,train/attack/digital_1/huawei/arabic-NM-1090.jpg,train/bonafide/huawei/arabic-NM-1090.jpg,1412,1026,1924,1538,1547,1214,1788,1351,0,attack,1,data/processed/text_patch512/dev_val/digital_1/attack/bdaf7d42c041ebcd67ad.png,1.0
POST_HOC_NATIVE_TEXT_PATCH512_DIAGNOSTIC,10,dev_val,digital_1,bdaf7d42c041ebcd67ad,arabic-NM-1090,huawei,dob,55,train/attack/digital_1/huawei/arabic-NM-1090.jpg,train/bonafide/huawei/arabic-NM-1090.jpg,1412,1026,1924,1538,1547,1214,1788,1351,0,bonafide,0,data/processed/text_patch512/dev_val/digital_1/bonafide/bdaf7d42c041ebcd67ad.png,0.00046372413635253906
POST_HOC_NATIVE_TEXT_PATCH512_DIAGNOSTIC,10,dev_val,digital_1,e66fb99a0d7e6050016e,arabic-NM-1090,huawei,doe,55,train/attack/digital_1/huawei/arabic-NM-1090.jpg,train/bonafide/huawei/arabic-NM-1090.jpg,1358,1461,1870,1973,1504,1737,1725,1874,0,attack,1,data/processed/text_patch512/dev_val/digital_1/attack/e66fb99a0d7e6050016e.png,1.0
POST_HOC_NATIVE_TEXT_PATCH512_DIAGNOSTIC,10,dev_val,digital_1,e66fb99a0d7e6050016e,arabic-NM-1090,huawei,doe,55,train/attack/digital_1/huawei/arabic-NM-1090.jpg,train/bonafide/huawei/arabic-NM-1090.jpg,1358,1461,1870,1973,1504,1737,1725,1874,0,bonafide,0,data/processed/text_patch512/dev_val/digital_1/bonafide/e66fb99a0d7e6050016e.png,0.00261688232421875
POST_HOC_NATIVE_TEXT_PATCH512_DIAGNOSTIC,10,dev_val,digital_1,697f8bda9a0240daf156,arabic-NM-1090,huawei,name,55,train/attack/digital_1/huawei/arabic-NM-1090.jpg,train/bonafide/huawei/arabic-NM-1090.jpg,1208,531,1720,1043,1231,720,1697,854,0,attack,1,data/processed/text_patch512/dev_val/digital_1/attack/697f8bda9a0240daf156.png,1.0
POST_HOC_NATIVE_TEXT_PATCH512_DIAGNOSTIC,10,dev_val,digital_1,697f8bda9a0240daf156,arabic-NM-1090,huawei,name,55,train/attack/digital_1/huawei/arabic-NM-1090.jpg,train/bonafide/huawei/arabic-NM-1090.jpg,1208,531,1720,1043,1231,720,1697,854,0,bonafide,0,data/processed/text_patch512/dev_val/digital_1/bonafide/697f8bda9a0240daf156.png,0.017974853515625
POST_HOC_NATIVE_TEXT_PATCH512_DIAGNOSTIC,10,dev_val,digital_1,681bf4617701806c5285,arabic-NM-1090,iphone15pro,dob,63,train/attack/digital_1/iphone15pro/arabic-NM-1090.jpg,train/bonafide/iphone15pro/arabic-NM-1090.jpg,1208,889,1720,1401,1359,1093,1570,1197,0,attack,1,data/processed/text_patch512/dev_val/digital_1/attack/681bf4617701806c5285.png,1.0
POST_HOC_NATIVE_TEXT_PATCH512_DIAGNOSTIC,10,dev_val,digital_1,681bf4617701806c5285,arabic-NM-1090,iphone15pro,dob,63,train/attack/digital_1/iphone15pro/arabic-NM-1090.jpg,train/bonafide/iphone15pro/arabic-NM-1090.jpg,1208,889,1720,1401,1359,1093,1570,1197,0,bonafide,0,data/processed/text_patch512/dev_val/digital_1/bonafide/681bf4617701806c5285.png,0.00020265579223632812
POST_HOC_NATIVE_TEXT_PATCH512_DIAGNOSTIC,10,dev_val,digital_1,51585534353db4343602,arabic-NM-1090,iphone15pro,doe,63,train/attack/digital_1/iphone15pro/arabic-NM-1090.jpg,train/bonafide/iphone15pro/arabic-NM-1090.jpg,1181,1255,1693,1767,1341,1556,1533,1660,0,attack,1,data/processed/text_patch512/dev_val/digital_1/attack/51585534353db4343602.png,1.0
POST_HOC_NATIVE_TEXT_PATCH512_DIAGNOSTIC,10,dev_val,digital_1,51585534353db4343602,arabic-NM-1090,iphone15pro,doe,63,train/attack/digital_1/iphone15pro/arabic-NM-1090.jpg,train/bonafide/iphone15pro/arabic-NM-1090.jpg,1181,1255,1693,1767,1341,1556,1533,1660,0,bonafide,0,data/processed/text_patch512/dev_val/digital_1/bonafide/51585534353db4343602.png,0.000598907470703125
POST_HOC_NATIVE_TEXT_PATCH512_DIAGNOSTIC,10,dev_val,digital_1,d562e2e56f7e58518cff,arabic-NM-1090,iphone15pro,name,63,train/attack/digital_1/iphone15pro/arabic-NM-1090.jpg,train/bonafide/iphone15pro/arabic-NM-1090.jpg,1042,452,1554,964,1063,656,1469,760,0,attack,1,data/processed/text_patch512/dev_val/digital_1/attack/d562e2e56f7e58518cff.png,1.0
POST_HOC_NATIVE_TEXT_PATCH512_DIAGNOSTIC,10,dev_val,digital_1,d562e2e56f7e58518cff,arabic-NM-1090,iphone15pro,name,63,train/attack/digital_1/iphone15pro/arabic-NM-1090.jpg,train/bonafide/iphone15pro/arabic-NM-1090.jpg,1042,452,1554,964,1063,656,1469,760,0,bonafide,0,data/processed/text_patch512/dev_val/digital_1/bonafide/d562e2e56f7e58518cff.png,0.00038814544677734375
POST_HOC_NATIVE_TEXT_PATCH512_DIAGNOSTIC,10,dev_val,digital_1,ea70cd41d5497bb6d3bc,arabic-NM-1090,scan,dob,80,train/attack/digital_1/scan/arabic-NM-1090.jpg,train/bonafide/scan/arabic-NM-1090.jpg,782,552,1294,1064,960,766,1115,851,0,attack,1,data/processed/text_patch512/dev_val/digital_1/attack/ea70cd41d5497bb6d3bc.png,1.0
POST_HOC_NATIVE_TEXT_PATCH512_DIAGNOSTIC,10,dev_val,digital_1,ea70cd41d5497bb6d3bc,arabic-NM-1090,scan,dob,80,train/attack/digital_1/scan/arabic-NM-1090.jpg,train/bonafide/scan/arabic-NM-1090.jpg,782,552,1294,1064,960,766,1115,851,0,bonafide,0,data/processed/text_patch512/dev_val/digital_1/bonafide/ea70cd41d5497bb6d3bc.png,0.0004973411560058594
POST_HOC_NATIVE_TEXT_PATCH512_DIAGNOSTIC,10,dev_val,digital_1,aeec59e22a53eda5f72d,arabic-NM-1090,scan,doe,80,train/attack/digital_1/scan/arabic-NM-1090.jpg,train/bonafide/scan/arabic-NM-1090.jpg,752,737,1264,1249,939,1094,1076,1179,0,attack,1,data/processed/text_patch512/dev_val/digital_1/attack/aeec59e22a53eda5f72d.png,1.0
POST_HOC_NATIVE_TEXT_PATCH512_DIAGNOSTIC,10,dev_val,digital_1,aeec59e22a53eda5f72d,arabic-NM-1090,scan,doe,80,train/attack/digital_1/scan/arabic-NM-1090.jpg,train/bonafide/scan/arabic-NM-1090.jpg,752,737,1264,1249,939,1094,1076,1179,0,bonafide,0,data/processed/text_patch512/dev_val/digital_1/bonafide/aeec59e22a53eda5f72d.png,0.0012693405151367188
POST_HOC_NATIVE_TEXT_PATCH512_DIAGNOSTIC,10,dev_val,digital_1,4a5b556afd55a48b2dee,arabic-NM-1090,scan,name,80,train/attack/digital_1/scan/arabic-NM-1090.jpg,train/bonafide/scan/arabic-NM-1090.jpg,754,242,1266,754,770,457,1058,540,0,attack,1,data/processed/text_patch512/dev_val/digital_1/attack/4a5b556afd55a48b2dee.png,0.9912109375
POST_HOC_NATIVE_TEXT_PATCH512_DIAGNOSTIC,10,dev_val,digital_1,4a5b556afd55a48b2dee,arabic-NM-1090,scan,name,80,train/attack/digital_1/scan/arabic-NM-1090.jpg,train/bonafide/scan/arabic-NM-1090.jpg,754,242,1266,754,770,457,1058,540,0,bonafide,0,data/processed/text_patch512/dev_val/digital_1/bonafide/4a5b556afd55a48b2dee.png,0.015472412109375
POST_HOC_NATIVE_TEXT_PATCH512_DIAGNOSTIC,10,dev_val,digital_2,fac73e66b203f1762b70,arabic-NM-1090,huawei,dob,55,train/attack/digital_2/huawei/arabic-NM-1090.jpg,train/bonafide/huawei/arabic-NM-1090.jpg,1412,1026,1924,1538,1547,1214,1788,1351,0,attack,1,data/processed/text_patch512/dev_val/digital_2/attack/fac73e66b203f1762b70.png,1.0
POST_HOC_NATIVE_TEXT_PATCH512_DIAGNOSTIC,10,dev_val,digital_2,fac73e66b203f1762b70,arabic-NM-1090,huawei,dob,55,train/attack/digital_2/huawei/arabic-NM-1090.jpg,train/bonafide/huawei/arabic-NM-1090.jpg,1412,1026,1924,1538,1547,1214,1788,1351,0,bonafide,0,data/processed/text_patch512/dev_val/digital_2/bonafide/fac73e66b203f1762b70.png,0.00046372413635253906
POST_HOC_NATIVE_TEXT_PATCH512_DIAGNOSTIC,10,dev_val,digital_2,160e883845371f69726a,arabic-NM-1090,huawei,doe,55,train/attack/digital_2/huawei/arabic-NM-1090.jpg,train/bonafide/huawei/arabic-NM-1090.jpg,1358,1461,1870,1973,1504,1737,1725,1874,0,attack,1,data/processed/text_patch512/dev_val/digital_2/attack/160e883845371f69726a.png,1.0
POST_HOC_NATIVE_TEXT_PATCH512_DIAGNOSTIC,10,dev_val,digital_2,160e883845371f69726a,arabic-NM-1090,huawei,doe,55,train/attack/digital_2/huawei/arabic-NM-1090.jpg,train/bonafide/huawei/arabic-NM-1090.jpg,1358,1461,1870,1973,1504,1737,1725,1874,0,bonafide,0,data/processed/text_patch512/dev_val/digital_2/bonafide/160e883845371f69726a.png,0.00261688232421875
POST_HOC_NATIVE_TEXT_PATCH512_DIAGNOSTIC,10,dev_val,digital_2,4636b74136501d782f9a,arabic-NM-1090,huawei,name,55,train/attack/digital_2/huawei/arabic-NM-1090.jpg,train/bonafide/huawei/arabic-NM-1090.jpg,1208,531,1720,1043,1231,720,1697,854,0,attack,1,data/processed/text_patch512/dev_val/digital_2/attack/4636b74136501d782f9a.png,1.0
POST_HOC_NATIVE_TEXT_PATCH512_DIAGNOSTIC,10,dev_val,digital_2,4636b74136501d782f9a,arabic-NM-1090,huawei,name,55,train/attack/digital_2/huawei/arabic-NM-1090.jpg,train/bonafide/huawei/arabic-NM-1090.jpg,1208,531,1720,1043,1231,720,1697,854,0,bonafide,0,data/processed/text_patch512/dev_val/digital_2/bonafide/4636b74136501d782f9a.png,0.017974853515625
POST_HOC_NATIVE_TEXT_PATCH512_DIAGNOSTIC,10,dev_val,digital_2,37b9bb3b7d1f852612f5,arabic-NM-1090,iphone15pro,dob,63,train/attack/digital_2/iphone15pro/arabic-NM-1090.jpg,train/bonafide/iphone15pro/arabic-NM-1090.jpg,1208,889,1720,1401,1359,1093,1570,1197,0,attack,1,data/processed/text_patch512/dev_val/digital_2/attack/37b9bb3b7d1f852612f5.png,1.0
POST_HOC_NATIVE_TEXT_PATCH512_DIAGNOSTIC,10,dev_val,digital_2,37b9bb3b7d1f852612f5,arabic-NM-1090,iphone15pro,dob,63,train/attack/digital_2/iphone15pro/arabic-NM-1090.jpg,train/bonafide/iphone15pro/arabic-NM-1090.jpg,1208,889,1720,1401,1359,1093,1570,1197,0,bonafide,0,data/processed/text_patch512/dev_val/digital_2/bonafide/37b9bb3b7d1f852612f5.png,0.00020265579223632812
POST_HOC_NATIVE_TEXT_PATCH512_DIAGNOSTIC,10,dev_val,digital_2,f7abcacd995fcee27b17,arabic-NM-1090,iphone15pro,doe,63,train/attack/digital_2/iphone15pro/arabic-NM-1090.jpg,train/bonafide/iphone15pro/arabic-NM-1090.jpg,1181,1255,1693,1767,1341,1556,1533,1660,0,attack,1,data/processed/text_patch512/dev_val/digital_2/attack/f7abcacd995fcee27b17.png,0.99951171875
POST_HOC_NATIVE_TEXT_PATCH512_DIAGNOSTIC,10,dev_val,digital_2,f7abcacd995fcee27b17,arabic-NM-1090,iphone15pro,doe,63,train/attack/digital_2/iphone15pro/arabic-NM-1090.jpg,train/bonafide/iphone15pro/arabic-NM-1090.jpg,1181,1255,1693,1767,1341,1556,1533,1660,0,bonafide,0,data/processed/text_patch512/dev_val/digital_2/bonafide/f7abcacd995fcee27b17.png,0.000598907470703125
POST_HOC_NATIVE_TEXT_PATCH512_DIAGNOSTIC,10,dev_val,digital_2,4eca59449c0111471a80,arabic-NM-1090,iphone15pro,name,63,train/attack/digital_2/iphone15pro/arabic-NM-1090.jpg,train/bonafide/iphone15pro/arabic-NM-1090.jpg,1010,452,1522,964,1063,656,1469,760,0,attack,1,data/processed/text_patch512/dev_val/digital_2/attack/4eca59449c0111471a80.png,1.0
POST_HOC_NATIVE_TEXT_PATCH512_DIAGNOSTIC,10,dev_val,digital_2,4eca59449c0111471a80,arabic-NM-1090,iphone15pro,name,63,train/attack/digital_2/iphone15pro/arabic-NM-1090.jpg,train/bonafide/iphone15pro/arabic-NM-1090.jpg,1010,452,1522,964,1063,656,1469,760,0,bonafide,0,data/processed/text_patch512/dev_val/digital_2/bonafide/4eca59449c0111471a80.png,0.0003249645233154297
POST_HOC_NATIVE_TEXT_PATCH512_DIAGNOSTIC,10,dev_val,digital_2,5bc1f5c53147f20c7685,arabic-NM-1090,scan,dob,80,train/attack/digital_2/scan/arabic-NM-1090.jpg,train/bonafide/scan/arabic-NM-1090.jpg,782,552,1294,1064,960,766,1115,851,0,attack,1,data/processed/text_patch512/dev_val/digital_2/attack/5bc1f5c53147f20c7685.png,0.99560546875
POST_HOC_NATIVE_TEXT_PATCH512_DIAGNOSTIC,10,dev_val,digital_2,5bc1f5c53147f20c7685,arabic-NM-1090,scan,dob,80,train/attack/digital_2/scan/arabic-NM-1090.jpg,train/bonafide/scan/arabic-NM-1090.jpg,782,552,1294,1064,960,766,1115,851,0,bonafide,0,data/processed/text_patch512/dev_val/digital_2/bonafide/5bc1f5c53147f20c7685.png,0.0004973411560058594
POST_HOC_NATIVE_TEXT_PATCH512_DIAGNOSTIC,10,dev_val,digital_2,62215f98b5c00d9e4f4a,arabic-NM-1090,scan,doe,80,train/attack/digital_2/scan/arabic-NM-1090.jpg,train/bonafide/scan/arabic-NM-1090.jpg,752,737,1264,1249,939,1094,1076,1179,0,attack,1,data/processed/text_patch512/dev_val/digital_2/attack/62215f98b5c00d9e4f4a.png,1.0
POST_HOC_NATIVE_TEXT_PATCH512_DIAGNOSTIC,10,dev_val,digital_2,62215f98b5c00d9e4f4a,arabic-NM-1090,scan,doe,80,train/attack/digital_2/scan/arabic-NM-1090.jpg,train/bonafide/scan/arabic-NM-1090.jpg,752,737,1264,1249,939,1094,1076,1179,0,bonafide,0,data/processed/text_patch512/dev_val/digital_2/bonafide/62215f98b5c00d9e4f4a.png,0.0012693405151367188
POST_HOC_NATIVE_TEXT_PATCH512_DIAGNOSTIC,10,dev_val,digital_2,c143f73167430b3a9c9e,arabic-NM-1090,scan,name,80,train/attack/digital_2/scan/arabic-NM-1090.jpg,train/bonafide/scan/arabic-NM-1090.jpg,690,242,1202,754,770,457,1058,540,0,attack,1,data/processed/text_patch512/dev_val/digital_2/attack/c143f73167430b3a9c9e.png,1.0
POST_HOC_NATIVE_TEXT_PATCH512_DIAGNOSTIC,10,dev_val,digital_2,c143f73167430b3a9c9e,arabic-NM-1090,scan,name,80,train/attack/digital_2/scan/arabic-NM-1090.jpg,train/bonafide/scan/arabic-NM-1090.jpg,690,242,1202,754,770,457,1058,540,0,bonafide,0,data/processed/text_patch512/dev_val/digital_2/bonafide/c143f73167430b3a9c9e.png,0.01287078857421875
POST_HOC_NATIVE_TEXT_PATCH512_DIAGNOSTIC,10,dev_val,digital_1,42255f5bcb11bfa9391b,chinese-001_03,huawei,dob,77,train/attack/digital_1/huawei/chinese-001_03.jpg,train/bonafide/huawei/chinese-001_03.jpg,2120,910,2632,1422,2298,1104,2517,1227,0,attack,1,data/processed/text_patch512/dev_val/digital_1/attack/42255f5bcb11bfa9391b.png,1.0
POST_HOC_NATIVE_TEXT_PATCH512_DIAGNOSTIC,10,dev_val,digital_1,42255f5bcb11bfa9391b,chinese-001_03,huawei,dob,77,train/attack/digital_1/huawei/chinese-001_03.jpg,train/bonafide/huawei/chinese-001_03.jpg,2120,910,2632,1422,2298,1104,2517,1227,0,bonafide,0,data/processed/text_patch512/dev_val/digital_1/bonafide/42255f5bcb11bfa9391b.png,0.00011456012725830078
POST_HOC_NATIVE_TEXT_PATCH512_DIAGNOSTIC,10,dev_val,digital_1,a119ea8c1c05ed92c89f,chinese-001_03,huawei,doe,77,train/attack/digital_1/huawei/chinese-001_03.jpg,train/bonafide/huawei/chinese-001_03.jpg,1215,1450,1727,1962,1367,1682,1575,1805,0,attack,1,data/processed/text_patch512/dev_val/digital_1/attack/a119ea8c1c05ed92c89f.png,1.0
POST_HOC_NATIVE_TEXT_PATCH512_DIAGNOSTIC,10,dev_val,digital_1,a119ea8c1c05ed92c89f,chinese-001_03,huawei,doe,77,train/attack/digital_1/huawei/chinese-001_03.jpg,train/bonafide/huawei/chinese-001_03.jpg,1215,1450,1727,1962,1367,1682,1575,1805,0,bonafide,0,data/processed/text_patch512/dev_val/digital_1/bonafide/a119ea8c1c05ed92c89f.png,9.5367431640625e-05
POST_HOC_NATIVE_TEXT_PATCH512_DIAGNOSTIC,10,dev_val,digital_1,bf79cd7f015ec159401b,chinese-001_03,huawei,name_en,77,train/attack/digital_1/huawei/chinese-001_03.jpg,train/bonafide/huawei/chinese-001_03.jpg,1072,556,1584,1068,1131,752,1524,872,0,attack,1,data/processed/text_patch512/dev_val/digital_1/attack/bf79cd7f015ec159401b.png,1.0
POST_HOC_NATIVE_TEXT_PATCH512_DIAGNOSTIC,10,dev_val,digital_1,bf79cd7f015ec159401b,chinese-001_03,huawei,name_en,77,train/attack/digital_1/huawei/chinese-001_03.jpg,train/bonafide/huawei/chinese-001_03.jpg,1072,556,1584,1068,1131,752,1524,872,0,bonafide,0,data/processed/text_patch512/dev_val/digital_1/bonafide/bf79cd7f015ec159401b.png,4.315376281738281e-05
POST_HOC_NATIVE_TEXT_PATCH512_DIAGNOSTIC,10,dev_val,digital_1,9782e4409040f068cbc9,chinese-001_03,iphone15pro,dob,70,train/attack/digital_1/iphone15pro/chinese-001_03.jpg,train/bonafide/iphone15pro/chinese-001_03.jpg,1752,764,2264,1276,2009,973,2200,1067,0,attack,1,data/processed/text_patch512/dev_val/digital_1/attack/9782e4409040f068cbc9.png,1.0
POST_HOC_NATIVE_TEXT_PATCH512_DIAGNOSTIC,10,dev_val,digital_1,9782e4409040f068cbc9,chinese-001_03,iphone15pro,dob,70,train/attack/digital_1/iphone15pro/chinese-001_03.jpg,train/bonafide/iphone15pro/chinese-001_03.jpg,1752,764,2264,1276,2009,973,2200,1067,0,bonafide,0,data/processed/text_patch512/dev_val/digital_1/bonafide/9782e4409040f068cbc9.png,0.00021147727966308594
POST_HOC_NATIVE_TEXT_PATCH512_DIAGNOSTIC,10,dev_val,digital_1,f4d0f94627c46494af80,chinese-001_03,iphone15pro,doe,70,train/attack/digital_1/iphone15pro/chinese-001_03.jpg,train/bonafide/iphone15pro/chinese-001_03.jpg,1060,1253,1572,1765,1225,1513,1407,1607,0,attack,1,data/processed/text_patch512/dev_val/digital_1/attack/f4d0f94627c46494af80.png,1.0
POST_HOC_NATIVE_TEXT_PATCH512_DIAGNOSTIC,10,dev_val,digital_1,f4d0f94627c46494af80,chinese-001_03,iphone15pro,doe,70,train/attack/digital_1/iphone15pro/chinese-001_03.jpg,train/bonafide/iphone15pro/chinese-001_03.jpg,1060,1253,1572,1765,1225,1513,1407,1607,0,bonafide,0,data/processed/text_patch512/dev_val/digital_1/bonafide/f4d0f94627c46494af80.png,1.1980533599853516e-05
POST_HOC_NATIVE_TEXT_PATCH512_DIAGNOSTIC,10,dev_val,digital_1,5e8e43d03c4568ca99e9,chinese-001_03,iphone15pro,name_en,70,train/attack/digital_1/iphone15pro/chinese-001_03.jpg,train/bonafide/iphone15pro/chinese-001_03.jpg,933,474,1445,986,985,682,1329,779,0,attack,1,data/processed/text_patch512/dev_val/digital_1/attack/5e8e43d03c4568ca99e9.png,1.0
POST_HOC_NATIVE_TEXT_PATCH512_DIAGNOSTIC,10,dev_val,digital_1,5e8e43d03c4568ca99e9,chinese-001_03,iphone15pro,name_en,70,train/attack/digital_1/iphone15pro/chinese-001_03.jpg,train/bonafide/iphone15pro/chinese-001_03.jpg,933,474,1445,986,985,682,1329,779,0,bonafide,0,data/processed/text_patch512/dev_val/digital_1/bonafide/5e8e43d03c4568ca99e9.png,0.0005850791931152344
POST_HOC_NATIVE_TEXT_PATCH512_DIAGNOSTIC,10,dev_val,digital_1,565b5cbda4f2d108d806,chinese-001_03,scan,dob,82,train/attack/digital_1/scan/chinese-001_03.jpg,train/bonafide/scan/chinese-001_03.jpg,1122,470,1634,982,1440,693,1573,760,0,attack,1,data/processed/text_patch512/dev_val/digital_1/attack/565b5cbda4f2d108d806.png,0.9990234375
POST_HOC_NATIVE_TEXT_PATCH512_DIAGNOSTIC,10,dev_val,digital_1,565b5cbda4f2d108d806,chinese-001_03,scan,dob,82,train/attack/digital_1/scan/chinese-001_03.jpg,train/bonafide/scan/chinese-001_03.jpg,1122,470,1634,982,1440,693,1573,760,0,bonafide,0,data/processed/text_patch512/dev_val/digital_1/bonafide/565b5cbda4f2d108d806.png,0.0016937255859375
POST_HOC_NATIVE_TEXT_PATCH512_DIAGNOSTIC,10,dev_val,digital_1,d5d37ed56923b2b6a522,chinese-001_03,scan,doe,82,train/attack/digital_1/scan/chinese-001_03.jpg,train/bonafide/scan/chinese-001_03.jpg,686,736,1198,1248,876,1073,1007,1140,0,attack,1,data/processed/text_patch512/dev_val/digital_1/attack/d5d37ed56923b2b6a522.png,0.99951171875
POST_HOC_NATIVE_TEXT_PATCH512_DIAGNOSTIC,10,dev_val,digital_1,d5d37ed56923b2b6a522,chinese-001_03,scan,doe,82,train/attack/digital_1/scan/chinese-001_03.jpg,train/bonafide/scan/chinese-001_03.jpg,686,736,1198,1248,876,1073,1007,1140,0,bonafide,0,data/processed/text_patch512/dev_val/digital_1/bonafide/d5d37ed56923b2b6a522.png,0.0039520263671875
POST_HOC_NATIVE_TEXT_PATCH512_DIAGNOSTIC,10,dev_val,digital_1,0d03d77a2bb27c313b9a,chinese-001_03,scan,name_en,82,train/attack/digital_1/scan/chinese-001_03.jpg,train/bonafide/scan/chinese-001_03.jpg,668,262,1180,774,705,485,950,552,0,attack,1,data/processed/text_patch512/dev_val/digital_1/attack/0d03d77a2bb27c313b9a.png,0.9951171875
POST_HOC_NATIVE_TEXT_PATCH512_DIAGNOSTIC,10,dev_val,digital_1,0d03d77a2bb27c313b9a,chinese-001_03,scan,name_en,82,train/attack/digital_1/scan/chinese-001_03.jpg,train/bonafide/scan/chinese-001_03.jpg,668,262,1180,774,705,485,950,552,0,bonafide,0,data/processed/text_patch512/dev_val/digital_1/bonafide/0d03d77a2bb27c313b9a.png,0.0020427703857421875
POST_HOC_NATIVE_TEXT_PATCH512_DIAGNOSTIC,10,dev_val,digital_1,f4cf45680a338d855368,chinese-113_03,huawei,dob,85,train/attack/digital_1/huawei/chinese-113_03.jpg,train/bonafide/huawei/chinese-113_03.jpg,2106,922,2618,1434,2286,1116,2502,1241,0,attack,1,data/processed/text_patch512/dev_val/digital_1/attack/f4cf45680a338d855368.png,1.0
POST_HOC_NATIVE_TEXT_PATCH512_DIAGNOSTIC,10,dev_val,digital_1,f4cf45680a338d855368,chinese-113_03,huawei,dob,85,train/attack/digital_1/huawei/chinese-113_03.jpg,train/bonafide/huawei/chinese-113_03.jpg,2106,922,2618,1434,2286,1116,2502,1241,0,bonafide,0,data/processed/text_patch512/dev_val/digital_1/bonafide/f4cf45680a338d855368.png,0.0001436471939086914
POST_HOC_NATIVE_TEXT_PATCH512_DIAGNOSTIC,10,dev_val,digital_1,1fa2df0b0bd4827b9a9b,chinese-113_03,huawei,doe,85,train/attack/digital_1/huawei/chinese-113_03.jpg,train/bonafide/huawei/chinese-113_03.jpg,1235,1461,1747,1973,1380,1694,1602,1819,0,attack,1,data/processed/text_patch512/dev_val/digital_1/attack/1fa2df0b0bd4827b9a9b.png,1.0
POST_HOC_NATIVE_TEXT_PATCH512_DIAGNOSTIC,10,dev_val,digital_1,1fa2df0b0bd4827b9a9b,chinese-113_03,huawei,doe,85,train/attack/digital_1/huawei/chinese-113_03.jpg,train/bonafide/huawei/chinese-113_03.jpg,1235,1461,1747,1973,1380,1694,1602,1819,0,bonafide,0,data/processed/text_patch512/dev_val/digital_1/bonafide/1fa2df0b0bd4827b9a9b.png,2.7835369110107422e-05
POST_HOC_NATIVE_TEXT_PATCH512_DIAGNOSTIC,10,dev_val,digital_1,b5d9c2382b1906424c30,chinese-113_03,huawei,name_en,85,train/attack/digital_1/huawei/chinese-113_03.jpg,train/bonafide/huawei/chinese-113_03.jpg,1033,564,1545,1076,1121,760,1457,879,0,attack,1,data/processed/text_patch512/dev_val/digital_1/attack/b5d9c2382b1906424c30.png,1.0
POST_HOC_NATIVE_TEXT_PATCH512_DIAGNOSTIC,10,dev_val,digital_1,b5d9c2382b1906424c30,chinese-113_03,huawei,name_en,85,train/attack/digital_1/huawei/chinese-113_03.jpg,train/bonafide/huawei/chinese-113_03.jpg,1033,564,1545,1076,1121,760,1457,879,0,bonafide,0,data/processed/text_patch512/dev_val/digital_1/bonafide/b5d9c2382b1906424c30.png,6.300210952758789e-05
POST_HOC_NATIVE_TEXT_PATCH512_DIAGNOSTIC,10,dev_val,digital_1,eb2e2f416187b438a0e2,chinese-113_03,iphone15pro,dob,72,train/attack/digital_1/iphone15pro/chinese-113_03.jpg,train/bonafide/iphone15pro/chinese-113_03.jpg,1757,766,2269,1278,2013,975,2205,1070,0,attack,1,data/processed/text_patch512/dev_val/digital_1/attack/eb2e2f416187b438a0e2.png,1.0
POST_HOC_NATIVE_TEXT_PATCH512_DIAGNOSTIC,10,dev_val,digital_1,eb2e2f416187b438a0e2,chinese-113_03,iphone15pro,dob,72,train/attack/digital_1/iphone15pro/chinese-113_03.jpg,train/bonafide/iphone15pro/chinese-113_03.jpg,1757,766,2269,1278,2013,975,2205,1070,0,bonafide,0,data/processed/text_patch512/dev_val/digital_1/bonafide/eb2e2f416187b438a0e2.png,0.00014829635620117188
POST_HOC_NATIVE_TEXT_PATCH512_DIAGNOSTIC,10,dev_val,digital_1,922b6acb5b9cdb22ba53,chinese-113_03,iphone15pro,doe,72,train/attack/digital_1/iphone15pro/chinese-113_03.jpg,train/bonafide/iphone15pro/chinese-113_03.jpg,1090,1258,1602,1770,1249,1515,1444,1610,0,attack,1,data/processed/text_patch512/dev_val/digital_1/attack/922b6acb5b9cdb22ba53.png,1.0
POST_HOC_NATIVE_TEXT_PATCH512_DIAGNOSTIC,10,dev_val,digital_1,922b6acb5b9cdb22ba53,chinese-113_03,iphone15pro,doe,72,train/attack/digital_1/iphone15pro/chinese-113_03.jpg,train/bonafide/iphone15pro/chinese-113_03.jpg,1090,1258,1602,1770,1249,1515,1444,1610,0,bonafide,0,data/processed/text_patch512/dev_val/digital_1/bonafide/922b6acb5b9cdb22ba53.png,2.9206275939941406e-05
POST_HOC_NATIVE_TEXT_PATCH512_DIAGNOSTIC,10,dev_val,digital_1,93fe96c435923a0f5b33,chinese-113_03,iphone15pro,name_en,72,train/attack/digital_1/iphone15pro/chinese-113_03.jpg,train/bonafide/iphone15pro/chinese-113_03.jpg,942,474,1454,986,985,682,1282,779,0,attack,1,data/processed/text_patch512/dev_val/digital_1/attack/93fe96c435923a0f5b33.png,1.0
POST_HOC_NATIVE_TEXT_PATCH512_DIAGNOSTIC,10,dev_val,digital_1,93fe96c435923a0f5b33,chinese-113_03,iphone15pro,name_en,72,train/attack/digital_1/iphone15pro/chinese-113_03.jpg,train/bonafide/iphone15pro/chinese-113_03.jpg,942,474,1454,986,985,682,1282,779,0,bonafide,0,data/processed/text_patch512/dev_val/digital_1/bonafide/93fe96c435923a0f5b33.png,0.0004935264587402344
POST_HOC_NATIVE_TEXT_PATCH512_DIAGNOSTIC,10,dev_val,digital_1,8210e01568b6ababaed5,chinese-113_03,scan,dob,58,train/attack/digital_1/scan/chinese-113_03.jpg,train/bonafide/scan/chinese-113_03.jpg,1114,484,1626,996,1429,702,1567,778,0,attack,1,data/processed/text_patch512/dev_val/digital_1/attack/8210e01568b6ababaed5.png,0.99951171875
POST_HOC_NATIVE_TEXT_PATCH512_DIAGNOSTIC,10,dev_val,digital_1,8210e01568b6ababaed5,chinese-113_03,scan,dob,58,train/attack/digital_1/scan/chinese-113_03.jpg,train/bonafide/scan/chinese-113_03.jpg,1114,484,1626,996,1429,702,1567,778,0,bonafide,0,data/processed/text_patch512/dev_val/digital_1/bonafide/8210e01568b6ababaed5.png,0.0021820068359375
POST_HOC_NATIVE_TEXT_PATCH512_DIAGNOSTIC,10,dev_val,digital_1,0b507236581e2ec3ddde,chinese-113_03,scan,doe,58,train/attack/digital_1/scan/chinese-113_03.jpg,train/bonafide/scan/chinese-113_03.jpg,684,738,1196,1250,872,1068,1008,1144,0,attack,1,data/processed/text_patch512/dev_val/digital_1/attack/0b507236581e2ec3ddde.png,1.0
POST_HOC_NATIVE_TEXT_PATCH512_DIAGNOSTIC,10,dev_val,digital_1,0b507236581e2ec3ddde,chinese-113_03,scan,doe,58,train/attack/digital_1/scan/chinese-113_03.jpg,train/bonafide/scan/chinese-113_03.jpg,684,738,1196,1250,872,1068,1008,1144,0,bonafide,0,data/processed/text_patch512/dev_val/digital_1/bonafide/0b507236581e2ec3ddde.png,0.0013456344604492188
POST_HOC_NATIVE_TEXT_PATCH512_DIAGNOSTIC,10,dev_val,digital_1,35e0ab2f483e13f92a59,chinese-113_03,scan,name_en,58,train/attack/digital_1/scan/chinese-113_03.jpg,train/bonafide/scan/chinese-113_03.jpg,654,260,1166,772,709,479,918,553,0,attack,1,data/processed/text_patch512/dev_val/digital_1/attack/35e0ab2f483e13f92a59.png,0.99951171875
POST_HOC_NATIVE_TEXT_PATCH512_DIAGNOSTIC,10,dev_val,digital_1,35e0ab2f483e13f92a59,chinese-113_03,scan,name_en,58,train/attack/digital_1/scan/chinese-113_03.jpg,train/bonafide/scan/chinese-113_03.jpg,654,260,1166,772,709,479,918,553,0,bonafide,0,data/processed/text_patch512/dev_val/digital_1/bonafide/35e0ab2f483e13f92a59.png,0.006168365478515625
POST_HOC_NATIVE_TEXT_PATCH512_DIAGNOSTIC,10,dev_val,digital_2,81736dc15ed46b02bc48,chinese-113_03,huawei,dob,85,train/attack/digital_2/huawei/chinese-113_03.jpg,train/bonafide/huawei/chinese-113_03.jpg,2106,922,2618,1434,2286,1116,2502,1241,0,attack,1,data/processed/text_patch512/dev_val/digital_2/attack/81736dc15ed46b02bc48.png,1.0
POST_HOC_NATIVE_TEXT_PATCH512_DIAGNOSTIC,10,dev_val,digital_2,81736dc15ed46b02bc48,chinese-113_03,huawei,dob,85,train/attack/digital_2/huawei/chinese-113_03.jpg,train/bonafide/huawei/chinese-113_03.jpg,2106,922,2618,1434,2286,1116,2502,1241,0,bonafide,0,data/processed/text_patch512/dev_val/digital_2/bonafide/81736dc15ed46b02bc48.png,0.0001436471939086914
POST_HOC_NATIVE_TEXT_PATCH512_DIAGNOSTIC,10,dev_val,digital_2,d1426036ae157a60a9ff,chinese-113_03,huawei,doe,85,train/attack/digital_2/huawei/chinese-113_03.jpg,train/bonafide/huawei/chinese-113_03.jpg,1235,1461,1747,1973,1380,1694,1602,1819,0,attack,1,data/processed/text_patch512/dev_val/digital_2/attack/d1426036ae157a60a9ff.png,1.0
POST_HOC_NATIVE_TEXT_PATCH512_DIAGNOSTIC,10,dev_val,digital_2,d1426036ae157a60a9ff,chinese-113_03,huawei,doe,85,train/attack/digital_2/huawei/chinese-113_03.jpg,train/bonafide/huawei/chinese-113_03.jpg,1235,1461,1747,1973,1380,1694,1602,1819,0,bonafide,0,data/processed/text_patch512/dev_val/digital_2/bonafide/d1426036ae157a60a9ff.png,2.7835369110107422e-05
POST_HOC_NATIVE_TEXT_PATCH512_DIAGNOSTIC,10,dev_val,digital_2,5bfbeeeb42fc02e4c44f,chinese-113_03,huawei,name_en,85,train/attack/digital_2/huawei/chinese-113_03.jpg,train/bonafide/huawei/chinese-113_03.jpg,1033,564,1545,1076,1121,760,1457,879,0,attack,1,data/processed/text_patch512/dev_val/digital_2/attack/5bfbeeeb42fc02e4c44f.png,1.0
POST_HOC_NATIVE_TEXT_PATCH512_DIAGNOSTIC,10,dev_val,digital_2,5bfbeeeb42fc02e4c44f,chinese-113_03,huawei,name_en,85,train/attack/digital_2/huawei/chinese-113_03.jpg,train/bonafide/huawei/chinese-113_03.jpg,1033,564,1545,1076,1121,760,1457,879,0,bonafide,0,data/processed/text_patch512/dev_val/digital_2/bonafide/5bfbeeeb42fc02e4c44f.png,6.300210952758789e-05
POST_HOC_NATIVE_TEXT_PATCH512_DIAGNOSTIC,10,dev_val,digital_2,3fb8ab9da29a84d42771,chinese-113_03,iphone15pro,dob,72,train/attack/digital_2/iphone15pro/chinese-113_03.jpg,train/bonafide/iphone15pro/chinese-113_03.jpg,1757,766,2269,1278,2013,975,2205,1070,0,attack,1,data/processed/text_patch512/dev_val/digital_2/attack/3fb8ab9da29a84d42771.png,0.99853515625
POST_HOC_NATIVE_TEXT_PATCH512_DIAGNOSTIC,10,dev_val,digital_2,3fb8ab9da29a84d42771,chinese-113_03,iphone15pro,dob,72,train/attack/digital_2/iphone15pro/chinese-113_03.jpg,train/bonafide/iphone15pro/chinese-113_03.jpg,1757,766,2269,1278,2013,975,2205,1070,0,bonafide,0,data/processed/text_patch512/dev_val/digital_2/bonafide/3fb8ab9da29a84d42771.png,0.00014829635620117188
POST_HOC_NATIVE_TEXT_PATCH512_DIAGNOSTIC,10,dev_val,digital_2,08035ad6d610109ad65b,chinese-113_03,iphone15pro,doe,72,train/attack/digital_2/iphone15pro/chinese-113_03.jpg,train/bonafide/iphone15pro/chinese-113_03.jpg,1090,1258,1602,1770,1249,1515,1444,1610,0,attack,1,data/processed/text_patch512/dev_val/digital_2/attack/08035ad6d610109ad65b.png,1.0
POST_HOC_NATIVE_TEXT_PATCH512_DIAGNOSTIC,10,dev_val,digital_2,08035ad6d610109ad65b,chinese-113_03,iphone15pro,doe,72,train/attack/digital_2/iphone15pro/chinese-113_03.jpg,train/bonafide/iphone15pro/chinese-113_03.jpg,1090,1258,1602,1770,1249,1515,1444,1610,0,bonafide,0,data/processed/text_patch512/dev_val/digital_2/bonafide/08035ad6d610109ad65b.png,2.9206275939941406e-05
POST_HOC_NATIVE_TEXT_PATCH512_DIAGNOSTIC,10,dev_val,digital_2,f0d45d5050afc1b9ff13,chinese-113_03,iphone15pro,name_en,72,train/attack/digital_2/iphone15pro/chinese-113_03.jpg,train/bonafide/iphone15pro/chinese-113_03.jpg,942,474,1454,986,985,682,1282,779,0,attack,1,data/processed/text_patch512/dev_val/digital_2/attack/f0d45d5050afc1b9ff13.png,1.0
POST_HOC_NATIVE_TEXT_PATCH512_DIAGNOSTIC,10,dev_val,digital_2,f0d45d5050afc1b9ff13,chinese-113_03,iphone15pro,name_en,72,train/attack/digital_2/iphone15pro/chinese-113_03.jpg,train/bonafide/iphone15pro/chinese-113_03.jpg,942,474,1454,986,985,682,1282,779,0,bonafide,0,data/processed/text_patch512/dev_val/digital_2/bonafide/f0d45d5050afc1b9ff13.png,0.0004935264587402344
POST_HOC_NATIVE_TEXT_PATCH512_DIAGNOSTIC,10,dev_val,digital_2,9f30be888a8b8e937d59,chinese-113_03,scan,dob,58,train/attack/digital_2/scan/chinese-113_03.jpg,train/bonafide/scan/chinese-113_03.jpg,1114,484,1626,996,1429,702,1567,778,0,attack,1,data/processed/text_patch512/dev_val/digital_2/attack/9f30be888a8b8e937d59.png,0.97900390625
POST_HOC_NATIVE_TEXT_PATCH512_DIAGNOSTIC,10,dev_val,digital_2,9f30be888a8b8e937d59,chinese-113_03,scan,dob,58,train/attack/digital_2/scan/chinese-113_03.jpg,train/bonafide/scan/chinese-113_03.jpg,1114,484,1626,996,1429,702,1567,778,0,bonafide,0,data/processed/text_patch512/dev_val/digital_2/bonafide/9f30be888a8b8e937d59.png,0.0021820068359375
POST_HOC_NATIVE_TEXT_PATCH512_DIAGNOSTIC,10,dev_val,digital_2,97eed94636f2114173a5,chinese-113_03,scan,doe,58,train/attack/digital_2/scan/chinese-113_03.jpg,train/bonafide/scan/chinese-113_03.jpg,684,738,1196,1250,872,1068,1008,1144,0,attack,1,data/processed/text_patch512/dev_val/digital_2/attack/97eed94636f2114173a5.png,1.0
POST_HOC_NATIVE_TEXT_PATCH512_DIAGNOSTIC,10,dev_val,digital_2,97eed94636f2114173a5,chinese-113_03,scan,doe,58,train/attack/digital_2/scan/chinese-113_03.jpg,train/bonafide/scan/chinese-113_03.jpg,684,738,1196,1250,872,1068,1008,1144,0,bonafide,0,data/processed/text_patch512/dev_val/digital_2/bonafide/97eed94636f2114173a5.png,0.0013456344604492188
POST_HOC_NATIVE_TEXT_PATCH512_DIAGNOSTIC,10,dev_val,digital_2,da8b823e269db9959d9b,chinese-113_03,scan,name_en,58,train/attack/digital_2/scan/chinese-113_03.jpg,train/bonafide/scan/chinese-113_03.jpg,654,260,1166,772,709,479,918,553,0,attack,1,data/processed/text_patch512/dev_val/digital_2/attack/da8b823e269db9959d9b.png,1.0
POST_HOC_NATIVE_TEXT_PATCH512_DIAGNOSTIC,10,dev_val,digital_2,da8b823e269db9959d9b,chinese-113_03,scan,name_en,58,train/attack/digital_2/scan/chinese-113_03.jpg,train/bonafide/scan/chinese-113_03.jpg,654,260,1166,772,709,479,918,553,0,bonafide,0,data/processed/text_patch512/dev_val/digital_2/bonafide/da8b823e269db9959d9b.png,0.006168365478515625
POST_HOC_NATIVE_TEXT_PATCH512_DIAGNOSTIC,10,dev_val,digital_1,a1f36ee7e0c9e3f69c9e,chinese-142_03,huawei,dob,60,train/attack/digital_1/huawei/chinese-142_03.jpg,train/bonafide/huawei/chinese-142_03.jpg,2120,912,2632,1424,2299,1107,2518,1230,0,attack,1,data/processed/text_patch512/dev_val/digital_1/attack/a1f36ee7e0c9e3f69c9e.png,1.0
POST_HOC_NATIVE_TEXT_PATCH512_DIAGNOSTIC,10,dev_val,digital_1,a1f36ee7e0c9e3f69c9e,chinese-142_03,huawei,dob,60,train/attack/digital_1/huawei/chinese-142_03.jpg,train/bonafide/huawei/chinese-142_03.jpg,2120,912,2632,1424,2299,1107,2518,1230,0,bonafide,0,data/processed/text_patch512/dev_val/digital_1/bonafide/a1f36ee7e0c9e3f69c9e.png,5.161762237548828e-05
POST_HOC_NATIVE_TEXT_PATCH512_DIAGNOSTIC,10,dev_val,digital_1,8107ece36e9a4b70ec0c,chinese-142_03,huawei,doe,60,train/attack/digital_1/huawei/chinese-142_03.jpg,train/bonafide/huawei/chinese-142_03.jpg,1246,1455,1758,1967,1392,1689,1611,1814,0,attack,1,data/processed/text_patch512/dev_val/digital_1/attack/8107ece36e9a4b70ec0c.png,1.0
POST_HOC_NATIVE_TEXT_PATCH512_DIAGNOSTIC,10,dev_val,digital_1,8107ece36e9a4b70ec0c,chinese-142_03,huawei,doe,60,train/attack/digital_1/huawei/chinese-142_03.jpg,train/bonafide/huawei/chinese-142_03.jpg,1246,1455,1758,1967,1392,1689,1611,1814,0,bonafide,0,data/processed/text_patch512/dev_val/digital_1/bonafide/8107ece36e9a4b70ec0c.png,4.929304122924805e-05
POST_HOC_NATIVE_TEXT_PATCH512_DIAGNOSTIC,10,dev_val,digital_1,a64fac6479f898c8ac7d,chinese-142_03,huawei,name_en,60,train/attack/digital_1/huawei/chinese-142_03.jpg,train/bonafide/huawei/chinese-142_03.jpg,1064,556,1576,1068,1138,752,1502,872,0,attack,1,data/processed/text_patch512/dev_val/digital_1/attack/a64fac6479f898c8ac7d.png,1.0
POST_HOC_NATIVE_TEXT_PATCH512_DIAGNOSTIC,10,dev_val,digital_1,a64fac6479f898c8ac7d,chinese-142_03,huawei,name_en,60,train/attack/digital_1/huawei/chinese-142_03.jpg,train/bonafide/huawei/chinese-142_03.jpg,1064,556,1576,1068,1138,752,1502,872,0,bonafide,0,data/processed/text_patch512/dev_val/digital_1/bonafide/a64fac6479f898c8ac7d.png,0.0002918243408203125
POST_HOC_NATIVE_TEXT_PATCH512_DIAGNOSTIC,10,dev_val,digital_1,300e8be4f677c843ef31,chinese-142_03,iphone15pro,dob,56,train/attack/digital_1/iphone15pro/chinese-142_03.jpg,train/bonafide/iphone15pro/chinese-142_03.jpg,1752,768,2264,1280,2010,975,2199,1072,0,attack,1,data/processed/text_patch512/dev_val/digital_1/attack/300e8be4f677c843ef31.png,1.0
POST_HOC_NATIVE_TEXT_PATCH512_DIAGNOSTIC,10,dev_val,digital_1,300e8be4f677c843ef31,chinese-142_03,iphone15pro,dob,56,train/attack/digital_1/iphone15pro/chinese-142_03.jpg,train/bonafide/iphone15pro/chinese-142_03.jpg,1752,768,2264,1280,2010,975,2199,1072,0,bonafide,0,data/processed/text_patch512/dev_val/digital_1/bonafide/300e8be4f677c843ef31.png,0.0004215240478515625
POST_HOC_NATIVE_TEXT_PATCH512_DIAGNOSTIC,10,dev_val,digital_1,91c1f74ce04727ab4469,chinese-142_03,iphone15pro,doe,56,train/attack/digital_1/iphone15pro/chinese-142_03.jpg,train/bonafide/iphone15pro/chinese-142_03.jpg,1082,1250,1594,1762,1241,1511,1435,1608,0,attack,1,data/processed/text_patch512/dev_val/digital_1/attack/91c1f74ce04727ab4469.png,1.0
POST_HOC_NATIVE_TEXT_PATCH512_DIAGNOSTIC,10,dev_val,digital_1,91c1f74ce04727ab4469,chinese-142_03,iphone15pro,doe,56,train/attack/digital_1/iphone15pro/chinese-142_03.jpg,train/bonafide/iphone15pro/chinese-142_03.jpg,1082,1250,1594,1762,1241,1511,1435,1608,0,bonafide,0,data/processed/text_patch512/dev_val/digital_1/bonafide/91c1f74ce04727ab4469.png,2.753734588623047e-05
POST_HOC_NATIVE_TEXT_PATCH512_DIAGNOSTIC,10,dev_val,digital_1,2de1b2c3692f818716c7,chinese-142_03,iphone15pro,name_en,56,train/attack/digital_1/iphone15pro/chinese-142_03.jpg,train/bonafide/iphone15pro/chinese-142_03.jpg,925,474,1437,986,989,681,1309,778,0,attack,1,data/processed/text_patch512/dev_val/digital_1/attack/2de1b2c3692f818716c7.png,1.0
POST_HOC_NATIVE_TEXT_PATCH512_DIAGNOSTIC,10,dev_val,digital_1,2de1b2c3692f818716c7,chinese-142_03,iphone15pro,name_en,56,train/attack/digital_1/iphone15pro/chinese-142_03.jpg,train/bonafide/iphone15pro/chinese-142_03.jpg,925,474,1437,986,989,681,1309,778,0,bonafide,0,data/processed/text_patch512/dev_val/digital_1/bonafide/2de1b2c3692f818716c7.png,0.00199127197265625
POST_HOC_NATIVE_TEXT_PATCH512_DIAGNOSTIC,10,dev_val,digital_1,9c3163dc6a05bfe49364,chinese-142_03,scan,dob,65,train/attack/digital_1/scan/chinese-142_03.jpg,train/bonafide/scan/chinese-142_03.jpg,1118,481,1630,993,1434,699,1571,775,0,attack,1,data/processed/text_patch512/dev_val/digital_1/attack/9c3163dc6a05bfe49364.png,1.0
POST_HOC_NATIVE_TEXT_PATCH512_DIAGNOSTIC,10,dev_val,digital_1,9c3163dc6a05bfe49364,chinese-142_03,scan,dob,65,train/attack/digital_1/scan/chinese-142_03.jpg,train/bonafide/scan/chinese-142_03.jpg,1118,481,1630,993,1434,699,1571,775,0,bonafide,0,data/processed/text_patch512/dev_val/digital_1/bonafide/9c3163dc6a05bfe49364.png,0.0016679763793945312
POST_HOC_NATIVE_TEXT_PATCH512_DIAGNOSTIC,10,dev_val,digital_1,33a03db5bcecabd0b534,chinese-142_03,scan,doe,65,train/attack/digital_1/scan/chinese-142_03.jpg,train/bonafide/scan/chinese-142_03.jpg,689,738,1201,1250,878,1065,1012,1140,0,attack,1,data/processed/text_patch512/dev_val/digital_1/attack/33a03db5bcecabd0b534.png,1.0
POST_HOC_NATIVE_TEXT_PATCH512_DIAGNOSTIC,10,dev_val,digital_1,33a03db5bcecabd0b534,chinese-142_03,scan,doe,65,train/attack/digital_1/scan/chinese-142_03.jpg,train/bonafide/scan/chinese-142_03.jpg,689,738,1201,1250,878,1065,1012,1140,0,bonafide,0,data/processed/text_patch512/dev_val/digital_1/bonafide/33a03db5bcecabd0b534.png,0.0020313262939453125
POST_HOC_NATIVE_TEXT_PATCH512_DIAGNOSTIC,10,dev_val,digital_1,96264e032d792a5b296f,chinese-142_03,scan,name_en,65,train/attack/digital_1/scan/chinese-142_03.jpg,train/bonafide/scan/chinese-142_03.jpg,636,258,1148,770,714,477,941,552,0,attack,1,data/processed/text_patch512/dev_val/digital_1/attack/96264e032d792a5b296f.png,1.0
POST_HOC_NATIVE_TEXT_PATCH512_DIAGNOSTIC,10,dev_val,digital_1,96264e032d792a5b296f,chinese-142_03,scan,name_en,65,train/attack/digital_1/scan/chinese-142_03.jpg,train/bonafide/scan/chinese-142_03.jpg,636,258,1148,770,714,477,941,552,0,bonafide,0,data/processed/text_patch512/dev_val/digital_1/bonafide/96264e032d792a5b296f.png,0.004085540771484375
POST_HOC_NATIVE_TEXT_PATCH512_DIAGNOSTIC,10,dev_val,digital_2,ca07aab7a671849c1d5f,chinese-142_03,huawei,dob,60,train/attack/digital_2/huawei/chinese-142_03.jpg,train/bonafide/huawei/chinese-142_03.jpg,2120,912,2632,1424,2299,1107,2518,1230,0,attack,1,data/processed/text_patch512/dev_val/digital_2/attack/ca07aab7a671849c1d5f.png,1.0
POST_HOC_NATIVE_TEXT_PATCH512_DIAGNOSTIC,10,dev_val,digital_2,ca07aab7a671849c1d5f,chinese-142_03,huawei,dob,60,train/attack/digital_2/huawei/chinese-142_03.jpg,train/bonafide/huawei/chinese-142_03.jpg,2120,912,2632,1424,2299,1107,2518,1230,0,bonafide,0,data/processed/text_patch512/dev_val/digital_2/bonafide/ca07aab7a671849c1d5f.png,5.161762237548828e-05
POST_HOC_NATIVE_TEXT_PATCH512_DIAGNOSTIC,10,dev_val,digital_2,8dc3a476ab4dc4cbe24b,chinese-142_03,huawei,doe,60,train/attack/digital_2/huawei/chinese-142_03.jpg,train/bonafide/huawei/chinese-142_03.jpg,1246,1455,1758,1967,1392,1689,1611,1814,0,attack,1,data/processed/text_patch512/dev_val/digital_2/attack/8dc3a476ab4dc4cbe24b.png,1.0
POST_HOC_NATIVE_TEXT_PATCH512_DIAGNOSTIC,10,dev_val,digital_2,8dc3a476ab4dc4cbe24b,chinese-142_03,huawei,doe,60,train/attack/digital_2/huawei/chinese-142_03.jpg,train/bonafide/huawei/chinese-142_03.jpg,1246,1455,1758,1967,1392,1689,1611,1814,0,bonafide,0,data/processed/text_patch512/dev_val/digital_2/bonafide/8dc3a476ab4dc4cbe24b.png,4.929304122924805e-05
POST_HOC_NATIVE_TEXT_PATCH512_DIAGNOSTIC,10,dev_val,digital_2,e8353a6550d010076073,chinese-142_03,huawei,name_en,60,train/attack/digital_2/huawei/chinese-142_03.jpg,train/bonafide/huawei/chinese-142_03.jpg,1064,556,1576,1068,1138,752,1502,872,0,attack,1,data/processed/text_patch512/dev_val/digital_2/attack/e8353a6550d010076073.png,1.0
POST_HOC_NATIVE_TEXT_PATCH512_DIAGNOSTIC,10,dev_val,digital_2,e8353a6550d010076073,chinese-142_03,huawei,name_en,60,train/attack/digital_2/huawei/chinese-142_03.jpg,train/bonafide/huawei/chinese-142_03.jpg,1064,556,1576,1068,1138,752,1502,872,0,bonafide,0,data/processed/text_patch512/dev_val/digital_2/bonafide/e8353a6550d010076073.png,0.0002918243408203125
POST_HOC_NATIVE_TEXT_PATCH512_DIAGNOSTIC,10,dev_val,digital_2,3e4241410dd15fa295a7,chinese-142_03,iphone15pro,dob,56,train/attack/digital_2/iphone15pro/chinese-142_03.jpg,train/bonafide/iphone15pro/chinese-142_03.jpg,1752,768,2264,1280,2010,975,2199,1072,0,attack,1,data/processed/text_patch512/dev_val/digital_2/attack/3e4241410dd15fa295a7.png,1.0
POST_HOC_NATIVE_TEXT_PATCH512_DIAGNOSTIC,10,dev_val,digital_2,3e4241410dd15fa295a7,chinese-142_03,iphone15pro,dob,56,train/attack/digital_2/iphone15pro/chinese-142_03.jpg,train/bonafide/iphone15pro/chinese-142_03.jpg,1752,768,2264,1280,2010,975,2199,1072,0,bonafide,0,data/processed/text_patch512/dev_val/digital_2/bonafide/3e4241410dd15fa295a7.png,0.0004215240478515625
POST_HOC_NATIVE_TEXT_PATCH512_DIAGNOSTIC,10,dev_val,digital_2,082da81b872fdfe7fa08,chinese-142_03,iphone15pro,doe,56,train/attack/digital_2/iphone15pro/chinese-142_03.jpg,train/bonafide/iphone15pro/chinese-142_03.jpg,1082,1250,1594,1762,1241,1511,1435,1608,0,attack,1,data/processed/text_patch512/dev_val/digital_2/attack/082da81b872fdfe7fa08.png,1.0
POST_HOC_NATIVE_TEXT_PATCH512_DIAGNOSTIC,10,dev_val,digital_2,082da81b872fdfe7fa08,chinese-142_03,iphone15pro,doe,56,train/attack/digital_2/iphone15pro/chinese-142_03.jpg,train/bonafide/iphone15pro/chinese-142_03.jpg,1082,1250,1594,1762,1241,1511,1435,1608,0,bonafide,0,data/processed/text_patch512/dev_val/digital_2/bonafide/082da81b872fdfe7fa08.png,2.753734588623047e-05
POST_HOC_NATIVE_TEXT_PATCH512_DIAGNOSTIC,10,dev_val,digital_2,b8f886e950c265b578ca,chinese-142_03,iphone15pro,name_en,56,train/attack/digital_2/iphone15pro/chinese-142_03.jpg,train/bonafide/iphone15pro/chinese-142_03.jpg,925,474,1437,986,989,681,1309,778,0,attack,1,data/processed/text_patch512/dev_val/digital_2/attack/b8f886e950c265b578ca.png,1.0
POST_HOC_NATIVE_TEXT_PATCH512_DIAGNOSTIC,10,dev_val,digital_2,b8f886e950c265b578ca,chinese-142_03,iphone15pro,name_en,56,train/attack/digital_2/iphone15pro/chinese-142_03.jpg,train/bonafide/iphone15pro/chinese-142_03.jpg,925,474,1437,986,989,681,1309,778,0,bonafide,0,data/processed/text_patch512/dev_val/digital_2/bonafide/b8f886e950c265b578ca.png,0.00199127197265625
POST_HOC_NATIVE_TEXT_PATCH512_DIAGNOSTIC,10,dev_val,digital_2,023d2601fa542bceebe2,chinese-142_03,scan,dob,65,train/attack/digital_2/scan/chinese-142_03.jpg,train/bonafide/scan/chinese-142_03.jpg,1118,481,1630,993,1434,699,1571,775,0,attack,1,data/processed/text_patch512/dev_val/digital_2/attack/023d2601fa542bceebe2.png,0.99951171875
POST_HOC_NATIVE_TEXT_PATCH512_DIAGNOSTIC,10,dev_val,digital_2,023d2601fa542bceebe2,chinese-142_03,scan,dob,65,train/attack/digital_2/scan/chinese-142_03.jpg,train/bonafide/scan/chinese-142_03.jpg,1118,481,1630,993,1434,699,1571,775,0,bonafide,0,data/processed/text_patch512/dev_val/digital_2/bonafide/023d2601fa542bceebe2.png,0.0016679763793945312
POST_HOC_NATIVE_TEXT_PATCH512_DIAGNOSTIC,10,dev_val,digital_2,527229deba1f2242e8cb,chinese-142_03,scan,doe,65,train/attack/digital_2/scan/chinese-142_03.jpg,train/bonafide/scan/chinese-142_03.jpg,689,738,1201,1250,878,1065,1012,1140,0,attack,1,data/processed/text_patch512/dev_val/digital_2/attack/527229deba1f2242e8cb.png,0.99951171875
POST_HOC_NATIVE_TEXT_PATCH512_DIAGNOSTIC,10,dev_val,digital_2,527229deba1f2242e8cb,chinese-142_03,scan,doe,65,train/attack/digital_2/scan/chinese-142_03.jpg,train/bonafide/scan/chinese-142_03.jpg,689,738,1201,1250,878,1065,1012,1140,0,bonafide,0,data/processed/text_patch512/dev_val/digital_2/bonafide/527229deba1f2242e8cb.png,0.0020313262939453125
POST_HOC_NATIVE_TEXT_PATCH512_DIAGNOSTIC,10,dev_val,digital_2,7424601f39d931754e96,chinese-142_03,scan,name_en,65,train/attack/digital_2/scan/chinese-142_03.jpg,train/bonafide/scan/chinese-142_03.jpg,636,258,1148,770,714,477,941,552,0,attack,1,data/processed/text_patch512/dev_val/digital_2/attack/7424601f39d931754e96.png,1.0
POST_HOC_NATIVE_TEXT_PATCH512_DIAGNOSTIC,10,dev_val,digital_2,7424601f39d931754e96,chinese-142_03,scan,name_en,65,train/attack/digital_2/scan/chinese-142_03.jpg,train/bonafide/scan/chinese-142_03.jpg,636,258,1148,770,714,477,941,552,0,bonafide,0,data/processed/text_patch512/dev_val/digital_2/bonafide/7424601f39d931754e96.png,0.004085540771484375
POST_HOC_NATIVE_TEXT_PATCH512_DIAGNOSTIC,10,dev_val,digital_1,25c957ba6c24a7df5146,chinese-NF-1050,huawei,dob,58,train/attack/digital_1/huawei/chinese-NF-1050.jpg,train/bonafide/huawei/chinese-NF-1050.jpg,2072,912,2584,1424,2290,1106,2495,1229,0,attack,1,data/processed/text_patch512/dev_val/digital_1/attack/25c957ba6c24a7df5146.png,1.0
POST_HOC_NATIVE_TEXT_PATCH512_DIAGNOSTIC,10,dev_val,digital_1,25c957ba6c24a7df5146,chinese-NF-1050,huawei,dob,58,train/attack/digital_1/huawei/chinese-NF-1050.jpg,train/bonafide/huawei/chinese-NF-1050.jpg,2072,912,2584,1424,2290,1106,2495,1229,0,bonafide,0,data/processed/text_patch512/dev_val/digital_1/bonafide/25c957ba6c24a7df5146.png,7.873773574829102e-05
POST_HOC_NATIVE_TEXT_PATCH512_DIAGNOSTIC,10,dev_val,digital_1,1646f2406fe1abd6b429,chinese-NF-1050,huawei,doe,58,train/attack/digital_1/huawei/chinese-NF-1050.jpg,train/bonafide/huawei/chinese-NF-1050.jpg,1264,1456,1776,1968,1407,1684,1633,1810,0,attack,1,data/processed/text_patch512/dev_val/digital_1/attack/1646f2406fe1abd6b429.png,1.0
POST_HOC_NATIVE_TEXT_PATCH512_DIAGNOSTIC,10,dev_val,digital_1,1646f2406fe1abd6b429,chinese-NF-1050,huawei,doe,58,train/attack/digital_1/huawei/chinese-NF-1050.jpg,train/bonafide/huawei/chinese-NF-1050.jpg,1264,1456,1776,1968,1407,1684,1633,1810,0,bonafide,0,data/processed/text_patch512/dev_val/digital_1/bonafide/1646f2406fe1abd6b429.png,2.384185791015625e-05
POST_HOC_NATIVE_TEXT_PATCH512_DIAGNOSTIC,10,dev_val,digital_1,91c6c5a334a837c1b9cb,chinese-NF-1050,huawei,name_en,58,train/attack/digital_1/huawei/chinese-NF-1050.jpg,train/bonafide/huawei/chinese-NF-1050.jpg,1168,554,1680,1066,1137,750,1584,870,0,attack,1,data/processed/text_patch512/dev_val/digital_1/attack/91c6c5a334a837c1b9cb.png,1.0
POST_HOC_NATIVE_TEXT_PATCH512_DIAGNOSTIC,10,dev_val,digital_1,91c6c5a334a837c1b9cb,chinese-NF-1050,huawei,name_en,58,train/attack/digital_1/huawei/chinese-NF-1050.jpg,train/bonafide/huawei/chinese-NF-1050.jpg,1168,554,1680,1066,1137,750,1584,870,0,bonafide,0,data/processed/text_patch512/dev_val/digital_1/bonafide/91c6c5a334a837c1b9cb.png,2.8431415557861328e-05
POST_HOC_NATIVE_TEXT_PATCH512_DIAGNOSTIC,10,dev_val,digital_1,89b06dad7f0175a18021,chinese-NF-1050,iphone15pro,dob,72,train/attack/digital_1/iphone15pro/chinese-NF-1050.jpg,train/bonafide/iphone15pro/chinese-NF-1050.jpg,1738,772,2250,1284,1999,981,2182,1075,0,attack,1,data/processed/text_patch512/dev_val/digital_1/attack/89b06dad7f0175a18021.png,1.0
POST_HOC_NATIVE_TEXT_PATCH512_DIAGNOSTIC,10,dev_val,digital_1,89b06dad7f0175a18021,chinese-NF-1050,iphone15pro,dob,72,train/attack/digital_1/iphone15pro/chinese-NF-1050.jpg,train/bonafide/iphone15pro/chinese-NF-1050.jpg,1738,772,2250,1284,1999,981,2182,1075,0,bonafide,0,data/processed/text_patch512/dev_val/digital_1/bonafide/89b06dad7f0175a18021.png,0.00017058849334716797
POST_HOC_NATIVE_TEXT_PATCH512_DIAGNOSTIC,10,dev_val,digital_1,9882ba3867881cac7b91,chinese-NF-1050,iphone15pro,doe,72,train/attack/digital_1/iphone15pro/chinese-NF-1050.jpg,train/bonafide/iphone15pro/chinese-NF-1050.jpg,1103,1264,1615,1776,1259,1520,1459,1614,0,attack,1,data/processed/text_patch512/dev_val/digital_1/attack/9882ba3867881cac7b91.png,1.0
POST_HOC_NATIVE_TEXT_PATCH512_DIAGNOSTIC,10,dev_val,digital_1,9882ba3867881cac7b91,chinese-NF-1050,iphone15pro,doe,72,train/attack/digital_1/iphone15pro/chinese-NF-1050.jpg,train/bonafide/iphone15pro/chinese-NF-1050.jpg,1103,1264,1615,1776,1259,1520,1459,1614,0,bonafide,0,data/processed/text_patch512/dev_val/digital_1/bonafide/9882ba3867881cac7b91.png,6.794929504394531e-06
POST_HOC_NATIVE_TEXT_PATCH512_DIAGNOSTIC,10,dev_val,digital_1,8eaad832a71fc125594b,chinese-NF-1050,iphone15pro,name_en,72,train/attack/digital_1/iphone15pro/chinese-NF-1050.jpg,train/bonafide/iphone15pro/chinese-NF-1050.jpg,1024,478,1536,990,988,687,1380,781,0,attack,1,data/processed/text_patch512/dev_val/digital_1/attack/8eaad832a71fc125594b.png,1.0
POST_HOC_NATIVE_TEXT_PATCH512_DIAGNOSTIC,10,dev_val,digital_1,8eaad832a71fc125594b,chinese-NF-1050,iphone15pro,name_en,72,train/attack/digital_1/iphone15pro/chinese-NF-1050.jpg,train/bonafide/iphone15pro/chinese-NF-1050.jpg,1024,478,1536,990,988,687,1380,781,0,bonafide,0,data/processed/text_patch512/dev_val/digital_1/bonafide/8eaad832a71fc125594b.png,0.00010228157043457031
POST_HOC_NATIVE_TEXT_PATCH512_DIAGNOSTIC,10,dev_val,digital_1,b0a3fec7f8ecffee0d3f,chinese-NF-1050,scan,dob,50,train/attack/digital_1/scan/chinese-NF-1050.jpg,train/bonafide/scan/chinese-NF-1050.jpg,1074,482,1586,994,1425,700,1554,776,0,attack,1,data/processed/text_patch512/dev_val/digital_1/attack/b0a3fec7f8ecffee0d3f.png,0.99951171875
POST_HOC_NATIVE_TEXT_PATCH512_DIAGNOSTIC,10,dev_val,digital_1,b0a3fec7f8ecffee0d3f,chinese-NF-1050,scan,dob,50,train/attack/digital_1/scan/chinese-NF-1050.jpg,train/bonafide/scan/chinese-NF-1050.jpg,1074,482,1586,994,1425,700,1554,776,0,bonafide,0,data/processed/text_patch512/dev_val/digital_1/bonafide/b0a3fec7f8ecffee0d3f.png,0.0028171539306640625
POST_HOC_NATIVE_TEXT_PATCH512_DIAGNOSTIC,10,dev_val,digital_1,1ac3e1f47b61b094507c,chinese-NF-1050,scan,doe,50,train/attack/digital_1/scan/chinese-NF-1050.jpg,train/bonafide/scan/chinese-NF-1050.jpg,760,735,1272,1247,882,1066,1021,1142,0,attack,1,data/processed/text_patch512/dev_val/digital_1/attack/1ac3e1f47b61b094507c.png,1.0
POST_HOC_NATIVE_TEXT_PATCH512_DIAGNOSTIC,10,dev_val,digital_1,1ac3e1f47b61b094507c,chinese-NF-1050,scan,doe,50,train/attack/digital_1/scan/chinese-NF-1050.jpg,train/bonafide/scan/chinese-NF-1050.jpg,760,735,1272,1247,882,1066,1021,1142,0,bonafide,0,data/processed/text_patch512/dev_val/digital_1/bonafide/1ac3e1f47b61b094507c.png,0.004047393798828125
POST_HOC_NATIVE_TEXT_PATCH512_DIAGNOSTIC,10,dev_val,digital_1,e6b692b15b88917c5379,chinese-NF-1050,scan,name_en,50,train/attack/digital_1/scan/chinese-NF-1050.jpg,train/bonafide/scan/chinese-NF-1050.jpg,755,260,1267,772,712,478,990,553,0,attack,1,data/processed/text_patch512/dev_val/digital_1/attack/e6b692b15b88917c5379.png,0.99951171875
POST_HOC_NATIVE_TEXT_PATCH512_DIAGNOSTIC,10,dev_val,digital_1,e6b692b15b88917c5379,chinese-NF-1050,scan,name_en,50,train/attack/digital_1/scan/chinese-NF-1050.jpg,train/bonafide/scan/chinese-NF-1050.jpg,755,260,1267,772,712,478,990,553,0,bonafide,0,data/processed/text_patch512/dev_val/digital_1/bonafide/e6b692b15b88917c5379.png,0.0032596588134765625
POST_HOC_NATIVE_TEXT_PATCH512_DIAGNOSTIC,10,dev_val,digital_2,ccbdceee1d4e6ab92ca1,chinese-NF-1050,huawei,dob,58,train/attack/digital_2/huawei/chinese-NF-1050.jpg,train/bonafide/huawei/chinese-NF-1050.jpg,2136,912,2648,1424,2290,1106,2495,1229,0,attack,1,data/processed/text_patch512/dev_val/digital_2/attack/ccbdceee1d4e6ab92ca1.png,1.0
POST_HOC_NATIVE_TEXT_PATCH512_DIAGNOSTIC,10,dev_val,digital_2,ccbdceee1d4e6ab92ca1,chinese-NF-1050,huawei,dob,58,train/attack/digital_2/huawei/chinese-NF-1050.jpg,train/bonafide/huawei/chinese-NF-1050.jpg,2136,912,2648,1424,2290,1106,2495,1229,0,bonafide,0,data/processed/text_patch512/dev_val/digital_2/bonafide/ccbdceee1d4e6ab92ca1.png,7.724761962890625e-05
POST_HOC_NATIVE_TEXT_PATCH512_DIAGNOSTIC,10,dev_val,digital_2,4950dca8550fba672a8b,chinese-NF-1050,huawei,doe,58,train/attack/digital_2/huawei/chinese-NF-1050.jpg,train/bonafide/huawei/chinese-NF-1050.jpg,1264,1456,1776,1968,1407,1684,1633,1810,0,attack,1,data/processed/text_patch512/dev_val/digital_2/attack/4950dca8550fba672a8b.png,1.0
POST_HOC_NATIVE_TEXT_PATCH512_DIAGNOSTIC,10,dev_val,digital_2,4950dca8550fba672a8b,chinese-NF-1050,huawei,doe,58,train/attack/digital_2/huawei/chinese-NF-1050.jpg,train/bonafide/huawei/chinese-NF-1050.jpg,1264,1456,1776,1968,1407,1684,1633,1810,0,bonafide,0,data/processed/text_patch512/dev_val/digital_2/bonafide/4950dca8550fba672a8b.png,2.384185791015625e-05
POST_HOC_NATIVE_TEXT_PATCH512_DIAGNOSTIC,10,dev_val,digital_2,3308244a7f282a5928bc,chinese-NF-1050,huawei,name_en,58,train/attack/digital_2/huawei/chinese-NF-1050.jpg,train/bonafide/huawei/chinese-NF-1050.jpg,1104,554,1616,1066,1137,750,1584,870,0,attack,1,data/processed/text_patch512/dev_val/digital_2/attack/3308244a7f282a5928bc.png,1.0
POST_HOC_NATIVE_TEXT_PATCH512_DIAGNOSTIC,10,dev_val,digital_2,3308244a7f282a5928bc,chinese-NF-1050,huawei,name_en,58,train/attack/digital_2/huawei/chinese-NF-1050.jpg,train/bonafide/huawei/chinese-NF-1050.jpg,1104,554,1616,1066,1137,750,1584,870,0,bonafide,0,data/processed/text_patch512/dev_val/digital_2/bonafide/3308244a7f282a5928bc.png,2.467632293701172e-05
POST_HOC_NATIVE_TEXT_PATCH512_DIAGNOSTIC,10,dev_val,digital_2,8e9b57b389226c6c449b,chinese-NF-1050,iphone15pro,dob,72,train/attack/digital_2/iphone15pro/chinese-NF-1050.jpg,train/bonafide/iphone15pro/chinese-NF-1050.jpg,1770,772,2282,1284,1999,981,2182,1075,0,attack,1,data/processed/text_patch512/dev_val/digital_2/attack/8e9b57b389226c6c449b.png,1.0
POST_HOC_NATIVE_TEXT_PATCH512_DIAGNOSTIC,10,dev_val,digital_2,8e9b57b389226c6c449b,chinese-NF-1050,iphone15pro,dob,72,train/attack/digital_2/iphone15pro/chinese-NF-1050.jpg,train/bonafide/iphone15pro/chinese-NF-1050.jpg,1770,772,2282,1284,1999,981,2182,1075,0,bonafide,0,data/processed/text_patch512/dev_val/digital_2/bonafide/8e9b57b389226c6c449b.png,0.00022125244140625
POST_HOC_NATIVE_TEXT_PATCH512_DIAGNOSTIC,10,dev_val,digital_2,1e7bf2f53821aa7f1626,chinese-NF-1050,iphone15pro,doe,72,train/attack/digital_2/iphone15pro/chinese-NF-1050.jpg,train/bonafide/iphone15pro/chinese-NF-1050.jpg,1103,1264,1615,1776,1259,1520,1459,1614,0,attack,1,data/processed/text_patch512/dev_val/digital_2/attack/1e7bf2f53821aa7f1626.png,1.0
POST_HOC_NATIVE_TEXT_PATCH512_DIAGNOSTIC,10,dev_val,digital_2,1e7bf2f53821aa7f1626,chinese-NF-1050,iphone15pro,doe,72,train/attack/digital_2/iphone15pro/chinese-NF-1050.jpg,train/bonafide/iphone15pro/chinese-NF-1050.jpg,1103,1264,1615,1776,1259,1520,1459,1614,0,bonafide,0,data/processed/text_patch512/dev_val/digital_2/bonafide/1e7bf2f53821aa7f1626.png,6.794929504394531e-06
POST_HOC_NATIVE_TEXT_PATCH512_DIAGNOSTIC,10,dev_val,digital_2,aa497f04df3befdefae9,chinese-NF-1050,iphone15pro,name_en,72,train/attack/digital_2/iphone15pro/chinese-NF-1050.jpg,train/bonafide/iphone15pro/chinese-NF-1050.jpg,960,478,1472,990,988,687,1380,781,0,attack,1,data/processed/text_patch512/dev_val/digital_2/attack/aa497f04df3befdefae9.png,1.0
POST_HOC_NATIVE_TEXT_PATCH512_DIAGNOSTIC,10,dev_val,digital_2,aa497f04df3befdefae9,chinese-NF-1050,iphone15pro,name_en,72,train/attack/digital_2/iphone15pro/chinese-NF-1050.jpg,train/bonafide/iphone15pro/chinese-NF-1050.jpg,960,478,1472,990,988,687,1380,781,0,bonafide,0,data/processed/text_patch512/dev_val/digital_2/bonafide/aa497f04df3befdefae9.png,4.684925079345703e-05
POST_HOC_NATIVE_TEXT_PATCH512_DIAGNOSTIC,10,dev_val,digital_2,d3d1fa3a7dadef618569,chinese-NF-1050,scan,dob,50,train/attack/digital_2/scan/chinese-NF-1050.jpg,train/bonafide/scan/chinese-NF-1050.jpg,1138,482,1650,994,1425,700,1554,776,0,attack,1,data/processed/text_patch512/dev_val/digital_2/attack/d3d1fa3a7dadef618569.png,0.9990234375
POST_HOC_NATIVE_TEXT_PATCH512_DIAGNOSTIC,10,dev_val,digital_2,d3d1fa3a7dadef618569,chinese-NF-1050,scan,dob,50,train/attack/digital_2/scan/chinese-NF-1050.jpg,train/bonafide/scan/chinese-NF-1050.jpg,1138,482,1650,994,1425,700,1554,776,0,bonafide,0,data/processed/text_patch512/dev_val/digital_2/bonafide/d3d1fa3a7dadef618569.png,0.0012331008911132812
POST_HOC_NATIVE_TEXT_PATCH512_DIAGNOSTIC,10,dev_val,digital_2,6a49c193917c31029841,chinese-NF-1050,scan,doe,50,train/attack/digital_2/scan/chinese-NF-1050.jpg,train/bonafide/scan/chinese-NF-1050.jpg,696,735,1208,1247,882,1066,1021,1142,0,attack,1,data/processed/text_patch512/dev_val/digital_2/attack/6a49c193917c31029841.png,1.0
POST_HOC_NATIVE_TEXT_PATCH512_DIAGNOSTIC,10,dev_val,digital_2,6a49c193917c31029841,chinese-NF-1050,scan,doe,50,train/attack/digital_2/scan/chinese-NF-1050.jpg,train/bonafide/scan/chinese-NF-1050.jpg,696,735,1208,1247,882,1066,1021,1142,0,bonafide,0,data/processed/text_patch512/dev_val/digital_2/bonafide/6a49c193917c31029841.png,0.0033435821533203125
POST_HOC_NATIVE_TEXT_PATCH512_DIAGNOSTIC,10,dev_val,digital_2,8cab7b7d36fd65fd6dff,chinese-NF-1050,scan,name_en,50,train/attack/digital_2/scan/chinese-NF-1050.jpg,train/bonafide/scan/chinese-NF-1050.jpg,659,260,1171,772,712,478,990,553,0,attack,1,data/processed/text_patch512/dev_val/digital_2/attack/8cab7b7d36fd65fd6dff.png,1.0
POST_HOC_NATIVE_TEXT_PATCH512_DIAGNOSTIC,10,dev_val,digital_2,8cab7b7d36fd65fd6dff,chinese-NF-1050,scan,name_en,50,train/attack/digital_2/scan/chinese-NF-1050.jpg,train/bonafide/scan/chinese-NF-1050.jpg,659,260,1171,772,712,478,990,553,0,bonafide,0,data/processed/text_patch512/dev_val/digital_2/bonafide/8cab7b7d36fd65fd6dff.png,0.0010242462158203125
POST_HOC_NATIVE_TEXT_PATCH512_DIAGNOSTIC,10,dev_val,digital_1,91e84b648ac82ef7d69d,chinese-NF-1085,huawei,dob,76,train/attack/digital_1/huawei/chinese-NF-1085.jpg,train/bonafide/huawei/chinese-NF-1085.jpg,2144,920,2656,1432,2346,1114,2582,1238,0,attack,1,data/processed/text_patch512/dev_val/digital_1/attack/91e84b648ac82ef7d69d.png,1.0
POST_HOC_NATIVE_TEXT_PATCH512_DIAGNOSTIC,10,dev_val,digital_1,91e84b648ac82ef7d69d,chinese-NF-1085,huawei,dob,76,train/attack/digital_1/huawei/chinese-NF-1085.jpg,train/bonafide/huawei/chinese-NF-1085.jpg,2144,920,2656,1432,2346,1114,2582,1238,0,bonafide,0,data/processed/text_patch512/dev_val/digital_1/bonafide/91e84b648ac82ef7d69d.png,0.0006575584411621094
POST_HOC_NATIVE_TEXT_PATCH512_DIAGNOSTIC,10,dev_val,digital_1,699fffd1d74a98f7e0da,chinese-NF-1085,huawei,doe,76,train/attack/digital_1/huawei/chinese-NF-1085.jpg,train/bonafide/huawei/chinese-NF-1085.jpg,1274,1473,1786,1985,1417,1700,1644,1824,0,attack,1,data/processed/text_patch512/dev_val/digital_1/attack/699fffd1d74a98f7e0da.png,1.0
POST_HOC_NATIVE_TEXT_PATCH512_DIAGNOSTIC,10,dev_val,digital_1,699fffd1d74a98f7e0da,chinese-NF-1085,huawei,doe,76,train/attack/digital_1/huawei/chinese-NF-1085.jpg,train/bonafide/huawei/chinese-NF-1085.jpg,1274,1473,1786,1985,1417,1700,1644,1824,0,bonafide,0,data/processed/text_patch512/dev_val/digital_1/bonafide/699fffd1d74a98f7e0da.png,0.00013494491577148438
POST_HOC_NATIVE_TEXT_PATCH512_DIAGNOSTIC,10,dev_val,digital_1,e8f285ed6282040632fd,chinese-NF-1085,huawei,name_en,76,train/attack/digital_1/huawei/chinese-NF-1085.jpg,train/bonafide/huawei/chinese-NF-1085.jpg,1102,560,1614,1072,1154,756,1498,877,0,attack,1,data/processed/text_patch512/dev_val/digital_1/attack/e8f285ed6282040632fd.png,1.0
POST_HOC_NATIVE_TEXT_PATCH512_DIAGNOSTIC,10,dev_val,digital_1,e8f285ed6282040632fd,chinese-NF-1085,huawei,name_en,76,train/attack/digital_1/huawei/chinese-NF-1085.jpg,train/bonafide/huawei/chinese-NF-1085.jpg,1102,560,1614,1072,1154,756,1498,877,0,bonafide,0,data/processed/text_patch512/dev_val/digital_1/bonafide/e8f285ed6282040632fd.png,2.7120113372802734e-05
POST_HOC_NATIVE_TEXT_PATCH512_DIAGNOSTIC,10,dev_val,digital_1,9d014dddd2118ae17040,chinese-NF-1085,iphone15pro,dob,58,train/attack/digital_1/iphone15pro/chinese-NF-1085.jpg,train/bonafide/iphone15pro/chinese-NF-1085.jpg,1749,767,2261,1279,2030,976,2236,1070,0,attack,1,data/processed/text_patch512/dev_val/digital_1/attack/9d014dddd2118ae17040.png,1.0
POST_HOC_NATIVE_TEXT_PATCH512_DIAGNOSTIC,10,dev_val,digital_1,9d014dddd2118ae17040,chinese-NF-1085,iphone15pro,dob,58,train/attack/digital_1/iphone15pro/chinese-NF-1085.jpg,train/bonafide/iphone15pro/chinese-NF-1085.jpg,1749,767,2261,1279,2030,976,2236,1070,0,bonafide,0,data/processed/text_patch512/dev_val/digital_1/bonafide/9d014dddd2118ae17040.png,0.0005335807800292969
POST_HOC_NATIVE_TEXT_PATCH512_DIAGNOSTIC,10,dev_val,digital_1,bf7ff1c71b3d07fd848e,chinese-NF-1085,iphone15pro,doe,58,train/attack/digital_1/iphone15pro/chinese-NF-1085.jpg,train/bonafide/iphone15pro/chinese-NF-1085.jpg,1098,1251,1610,1763,1256,1513,1452,1607,0,attack,1,data/processed/text_patch512/dev_val/digital_1/attack/bf7ff1c71b3d07fd848e.png,1.0
POST_HOC_NATIVE_TEXT_PATCH512_DIAGNOSTIC,10,dev_val,digital_1,bf7ff1c71b3d07fd848e,chinese-NF-1085,iphone15pro,doe,58,train/attack/digital_1/iphone15pro/chinese-NF-1085.jpg,train/bonafide/iphone15pro/chinese-NF-1085.jpg,1098,1251,1610,1763,1256,1513,1452,1607,0,bonafide,0,data/processed/text_patch512/dev_val/digital_1/bonafide/bf7ff1c71b3d07fd848e.png,1.990795135498047e-05
POST_HOC_NATIVE_TEXT_PATCH512_DIAGNOSTIC,10,dev_val,digital_1,6e6e47f5a6768d525df6,chinese-NF-1085,iphone15pro,name_en,58,train/attack/digital_1/iphone15pro/chinese-NF-1085.jpg,train/bonafide/iphone15pro/chinese-NF-1085.jpg,948,476,1460,988,990,684,1290,781,0,attack,1,data/processed/text_patch512/dev_val/digital_1/attack/6e6e47f5a6768d525df6.png,1.0
POST_HOC_NATIVE_TEXT_PATCH512_DIAGNOSTIC,10,dev_val,digital_1,6e6e47f5a6768d525df6,chinese-NF-1085,iphone15pro,name_en,58,train/attack/digital_1/iphone15pro/chinese-NF-1085.jpg,train/bonafide/iphone15pro/chinese-NF-1085.jpg,948,476,1460,988,990,684,1290,781,0,bonafide,0,data/processed/text_patch512/dev_val/digital_1/bonafide/6e6e47f5a6768d525df6.png,0.00017261505126953125
POST_HOC_NATIVE_TEXT_PATCH512_DIAGNOSTIC,10,dev_val,digital_1,5dd883dcd8b367c0eab1,chinese-NF-1085,scan,dob,50,train/attack/digital_1/scan/chinese-NF-1085.jpg,train/bonafide/scan/chinese-NF-1085.jpg,1115,472,1627,984,1459,695,1603,761,0,attack,1,data/processed/text_patch512/dev_val/digital_1/attack/5dd883dcd8b367c0eab1.png,0.99951171875
POST_HOC_NATIVE_TEXT_PATCH512_DIAGNOSTIC,10,dev_val,digital_1,5dd883dcd8b367c0eab1,chinese-NF-1085,scan,dob,50,train/attack/digital_1/scan/chinese-NF-1085.jpg,train/bonafide/scan/chinese-NF-1085.jpg,1115,472,1627,984,1459,695,1603,761,0,bonafide,0,data/processed/text_patch512/dev_val/digital_1/bonafide/5dd883dcd8b367c0eab1.png,0.0056304931640625
POST_HOC_NATIVE_TEXT_PATCH512_DIAGNOSTIC,10,dev_val,digital_1,cb339a91a7bd1c47a256,chinese-NF-1085,scan,doe,50,train/attack/digital_1/scan/chinese-NF-1085.jpg,train/bonafide/scan/chinese-NF-1085.jpg,717,739,1229,1251,902,1077,1044,1143,0,attack,1,data/processed/text_patch512/dev_val/digital_1/attack/cb339a91a7bd1c47a256.png,1.0
POST_HOC_NATIVE_TEXT_PATCH512_DIAGNOSTIC,10,dev_val,digital_1,cb339a91a7bd1c47a256,chinese-NF-1085,scan,doe,50,train/attack/digital_1/scan/chinese-NF-1085.jpg,train/bonafide/scan/chinese-NF-1085.jpg,717,739,1229,1251,902,1077,1044,1143,0,bonafide,0,data/processed/text_patch512/dev_val/digital_1/bonafide/cb339a91a7bd1c47a256.png,0.0038700103759765625
POST_HOC_NATIVE_TEXT_PATCH512_DIAGNOSTIC,10,dev_val,digital_1,18a1a8776566ebf4e936,chinese-NF-1085,scan,name_en,50,train/attack/digital_1/scan/chinese-NF-1085.jpg,train/bonafide/scan/chinese-NF-1085.jpg,690,266,1202,778,711,487,926,556,0,attack,1,data/processed/text_patch512/dev_val/digital_1/attack/18a1a8776566ebf4e936.png,0.99951171875
POST_HOC_NATIVE_TEXT_PATCH512_DIAGNOSTIC,10,dev_val,digital_1,18a1a8776566ebf4e936,chinese-NF-1085,scan,name_en,50,train/attack/digital_1/scan/chinese-NF-1085.jpg,train/bonafide/scan/chinese-NF-1085.jpg,690,266,1202,778,711,487,926,556,0,bonafide,0,data/processed/text_patch512/dev_val/digital_1/bonafide/18a1a8776566ebf4e936.png,0.0011539459228515625
POST_HOC_NATIVE_TEXT_PATCH512_DIAGNOSTIC,10,dev_val,digital_2,defc37dde45416061bcc,chinese-NF-1085,huawei,dob,76,train/attack/digital_2/huawei/chinese-NF-1085.jpg,train/bonafide/huawei/chinese-NF-1085.jpg,2144,920,2656,1432,2346,1114,2582,1238,0,attack,1,data/processed/text_patch512/dev_val/digital_2/attack/defc37dde45416061bcc.png,0.98193359375
POST_HOC_NATIVE_TEXT_PATCH512_DIAGNOSTIC,10,dev_val,digital_2,defc37dde45416061bcc,chinese-NF-1085,huawei,dob,76,train/attack/digital_2/huawei/chinese-NF-1085.jpg,train/bonafide/huawei/chinese-NF-1085.jpg,2144,920,2656,1432,2346,1114,2582,1238,0,bonafide,0,data/processed/text_patch512/dev_val/digital_2/bonafide/defc37dde45416061bcc.png,0.0006575584411621094
POST_HOC_NATIVE_TEXT_PATCH512_DIAGNOSTIC,10,dev_val,digital_2,c5c9d1944d9057123c1f,chinese-NF-1085,huawei,doe,76,train/attack/digital_2/huawei/chinese-NF-1085.jpg,train/bonafide/huawei/chinese-NF-1085.jpg,1274,1473,1786,1985,1417,1700,1644,1824,0,attack,1,data/processed/text_patch512/dev_val/digital_2/attack/c5c9d1944d9057123c1f.png,0.98291015625
POST_HOC_NATIVE_TEXT_PATCH512_DIAGNOSTIC,10,dev_val,digital_2,c5c9d1944d9057123c1f,chinese-NF-1085,huawei,doe,76,train/attack/digital_2/huawei/chinese-NF-1085.jpg,train/bonafide/huawei/chinese-NF-1085.jpg,1274,1473,1786,1985,1417,1700,1644,1824,0,bonafide,0,data/processed/text_patch512/dev_val/digital_2/bonafide/c5c9d1944d9057123c1f.png,0.00013494491577148438
POST_HOC_NATIVE_TEXT_PATCH512_DIAGNOSTIC,10,dev_val,digital_2,db2fbe3bed2e5a8844b4,chinese-NF-1085,huawei,name_en,76,train/attack/digital_2/huawei/chinese-NF-1085.jpg,train/bonafide/huawei/chinese-NF-1085.jpg,1070,560,1582,1072,1154,756,1498,877,0,attack,1,data/processed/text_patch512/dev_val/digital_2/attack/db2fbe3bed2e5a8844b4.png,1.0
POST_HOC_NATIVE_TEXT_PATCH512_DIAGNOSTIC,10,dev_val,digital_2,db2fbe3bed2e5a8844b4,chinese-NF-1085,huawei,name_en,76,train/attack/digital_2/huawei/chinese-NF-1085.jpg,train/bonafide/huawei/chinese-NF-1085.jpg,1070,560,1582,1072,1154,756,1498,877,0,bonafide,0,data/processed/text_patch512/dev_val/digital_2/bonafide/db2fbe3bed2e5a8844b4.png,3.1948089599609375e-05
POST_HOC_NATIVE_TEXT_PATCH512_DIAGNOSTIC,10,dev_val,digital_2,1b1c3b5a2ac16e85a4e8,chinese-NF-1085,iphone15pro,dob,58,train/attack/digital_2/iphone15pro/chinese-NF-1085.jpg,train/bonafide/iphone15pro/chinese-NF-1085.jpg,1749,767,2261,1279,2030,976,2236,1070,0,attack,1,data/processed/text_patch512/dev_val/digital_2/attack/1b1c3b5a2ac16e85a4e8.png,1.0
POST_HOC_NATIVE_TEXT_PATCH512_DIAGNOSTIC,10,dev_val,digital_2,1b1c3b5a2ac16e85a4e8,chinese-NF-1085,iphone15pro,dob,58,train/attack/digital_2/iphone15pro/chinese-NF-1085.jpg,train/bonafide/iphone15pro/chinese-NF-1085.jpg,1749,767,2261,1279,2030,976,2236,1070,0,bonafide,0,data/processed/text_patch512/dev_val/digital_2/bonafide/1b1c3b5a2ac16e85a4e8.png,0.0005335807800292969
POST_HOC_NATIVE_TEXT_PATCH512_DIAGNOSTIC,10,dev_val,digital_2,8e1bf0c89bd5e43cd92e,chinese-NF-1085,iphone15pro,doe,58,train/attack/digital_2/iphone15pro/chinese-NF-1085.jpg,train/bonafide/iphone15pro/chinese-NF-1085.jpg,1098,1251,1610,1763,1256,1513,1452,1607,0,attack,1,data/processed/text_patch512/dev_val/digital_2/attack/8e1bf0c89bd5e43cd92e.png,1.0
POST_HOC_NATIVE_TEXT_PATCH512_DIAGNOSTIC,10,dev_val,digital_2,8e1bf0c89bd5e43cd92e,chinese-NF-1085,iphone15pro,doe,58,train/attack/digital_2/iphone15pro/chinese-NF-1085.jpg,train/bonafide/iphone15pro/chinese-NF-1085.jpg,1098,1251,1610,1763,1256,1513,1452,1607,0,bonafide,0,data/processed/text_patch512/dev_val/digital_2/bonafide/8e1bf0c89bd5e43cd92e.png,1.990795135498047e-05
POST_HOC_NATIVE_TEXT_PATCH512_DIAGNOSTIC,10,dev_val,digital_2,ea850eccf2822db23192,chinese-NF-1085,iphone15pro,name_en,58,train/attack/digital_2/iphone15pro/chinese-NF-1085.jpg,train/bonafide/iphone15pro/chinese-NF-1085.jpg,916,476,1428,988,990,684,1290,781,0,attack,1,data/processed/text_patch512/dev_val/digital_2/attack/ea850eccf2822db23192.png,1.0
POST_HOC_NATIVE_TEXT_PATCH512_DIAGNOSTIC,10,dev_val,digital_2,ea850eccf2822db23192,chinese-NF-1085,iphone15pro,name_en,58,train/attack/digital_2/iphone15pro/chinese-NF-1085.jpg,train/bonafide/iphone15pro/chinese-NF-1085.jpg,916,476,1428,988,990,684,1290,781,0,bonafide,0,data/processed/text_patch512/dev_val/digital_2/bonafide/ea850eccf2822db23192.png,0.0001914501190185547
POST_HOC_NATIVE_TEXT_PATCH512_DIAGNOSTIC,10,dev_val,digital_2,6c7412431d9c9ad4a7f9,chinese-NF-1085,scan,dob,50,train/attack/digital_2/scan/chinese-NF-1085.jpg,train/bonafide/scan/chinese-NF-1085.jpg,1115,472,1627,984,1459,695,1603,761,0,attack,1,data/processed/text_patch512/dev_val/digital_2/attack/6c7412431d9c9ad4a7f9.png,0.994140625
POST_HOC_NATIVE_TEXT_PATCH512_DIAGNOSTIC,10,dev_val,digital_2,6c7412431d9c9ad4a7f9,chinese-NF-1085,scan,dob,50,train/attack/digital_2/scan/chinese-NF-1085.jpg,train/bonafide/scan/chinese-NF-1085.jpg,1115,472,1627,984,1459,695,1603,761,0,bonafide,0,data/processed/text_patch512/dev_val/digital_2/bonafide/6c7412431d9c9ad4a7f9.png,0.0056304931640625
POST_HOC_NATIVE_TEXT_PATCH512_DIAGNOSTIC,10,dev_val,digital_2,c7356b16044567680f00,chinese-NF-1085,scan,doe,50,train/attack/digital_2/scan/chinese-NF-1085.jpg,train/bonafide/scan/chinese-NF-1085.jpg,717,739,1229,1251,902,1077,1044,1143,0,attack,1,data/processed/text_patch512/dev_val/digital_2/attack/c7356b16044567680f00.png,0.99853515625
POST_HOC_NATIVE_TEXT_PATCH512_DIAGNOSTIC,10,dev_val,digital_2,c7356b16044567680f00,chinese-NF-1085,scan,doe,50,train/attack/digital_2/scan/chinese-NF-1085.jpg,train/bonafide/scan/chinese-NF-1085.jpg,717,739,1229,1251,902,1077,1044,1143,0,bonafide,0,data/processed/text_patch512/dev_val/digital_2/bonafide/c7356b16044567680f00.png,0.0038700103759765625
POST_HOC_NATIVE_TEXT_PATCH512_DIAGNOSTIC,10,dev_val,digital_2,3ddc6aa4eb3a9cb731b2,chinese-NF-1085,scan,name_en,50,train/attack/digital_2/scan/chinese-NF-1085.jpg,train/bonafide/scan/chinese-NF-1085.jpg,690,266,1202,778,711,487,926,556,0,attack,1,data/processed/text_patch512/dev_val/digital_2/attack/3ddc6aa4eb3a9cb731b2.png,1.0
POST_HOC_NATIVE_TEXT_PATCH512_DIAGNOSTIC,10,dev_val,digital_2,3ddc6aa4eb3a9cb731b2,chinese-NF-1085,scan,name_en,50,train/attack/digital_2/scan/chinese-NF-1085.jpg,train/bonafide/scan/chinese-NF-1085.jpg,690,266,1202,778,711,487,926,556,0,bonafide,0,data/processed/text_patch512/dev_val/digital_2/bonafide/3ddc6aa4eb3a9cb731b2.png,0.0011539459228515625
POST_HOC_NATIVE_TEXT_PATCH512_DIAGNOSTIC,10,dev_val,digital_1,a0644ee4e6a76c5b82c4,chinese-NM-1092,huawei,dob,61,train/attack/digital_1/huawei/chinese-NM-1092.jpg,train/bonafide/huawei/chinese-NM-1092.jpg,2141,921,2653,1433,2346,1115,2576,1239,0,attack,1,data/processed/text_patch512/dev_val/digital_1/attack/a0644ee4e6a76c5b82c4.png,1.0
POST_HOC_NATIVE_TEXT_PATCH512_DIAGNOSTIC,10,dev_val,digital_1,a0644ee4e6a76c5b82c4,chinese-NM-1092,huawei,dob,61,train/attack/digital_1/huawei/chinese-NM-1092.jpg,train/bonafide/huawei/chinese-NM-1092.jpg,2141,921,2653,1433,2346,1115,2576,1239,0,bonafide,0,data/processed/text_patch512/dev_val/digital_1/bonafide/a0644ee4e6a76c5b82c4.png,0.00015664100646972656
POST_HOC_NATIVE_TEXT_PATCH512_DIAGNOSTIC,10,dev_val,digital_1,280e52c21966d4d6aa0e,chinese-NM-1092,huawei,doe,61,train/attack/digital_1/huawei/chinese-NM-1092.jpg,train/bonafide/huawei/chinese-NM-1092.jpg,1293,1473,1805,1985,1434,1696,1664,1820,0,attack,1,data/processed/text_patch512/dev_val/digital_1/attack/280e52c21966d4d6aa0e.png,1.0
POST_HOC_NATIVE_TEXT_PATCH512_DIAGNOSTIC,10,dev_val,digital_1,280e52c21966d4d6aa0e,chinese-NM-1092,huawei,doe,61,train/attack/digital_1/huawei/chinese-NM-1092.jpg,train/bonafide/huawei/chinese-NM-1092.jpg,1293,1473,1805,1985,1434,1696,1664,1820,0,bonafide,0,data/processed/text_patch512/dev_val/digital_1/bonafide/280e52c21966d4d6aa0e.png,5.02467155456543e-05
POST_HOC_NATIVE_TEXT_PATCH512_DIAGNOSTIC,10,dev_val,digital_1,519ceed6fbf2feb29608,chinese-NM-1092,huawei,name_en,61,train/attack/digital_1/huawei/chinese-NM-1092.jpg,train/bonafide/huawei/chinese-NM-1092.jpg,1100,566,1612,1078,1155,761,1492,883,0,attack,1,data/processed/text_patch512/dev_val/digital_1/attack/519ceed6fbf2feb29608.png,1.0
POST_HOC_NATIVE_TEXT_PATCH512_DIAGNOSTIC,10,dev_val,digital_1,519ceed6fbf2feb29608,chinese-NM-1092,huawei,name_en,61,train/attack/digital_1/huawei/chinese-NM-1092.jpg,train/bonafide/huawei/chinese-NM-1092.jpg,1100,566,1612,1078,1155,761,1492,883,0,bonafide,0,data/processed/text_patch512/dev_val/digital_1/bonafide/519ceed6fbf2feb29608.png,0.275634765625
POST_HOC_NATIVE_TEXT_PATCH512_DIAGNOSTIC,10,dev_val,digital_1,ef5ee1c67df8032518de,chinese-NM-1092,iphone15pro,dob,64,train/attack/digital_1/iphone15pro/chinese-NM-1092.jpg,train/bonafide/iphone15pro/chinese-NM-1092.jpg,1783,772,2295,1284,2036,980,2234,1075,0,attack,1,data/processed/text_patch512/dev_val/digital_1/attack/ef5ee1c67df8032518de.png,1.0
POST_HOC_NATIVE_TEXT_PATCH512_DIAGNOSTIC,10,dev_val,digital_1,ef5ee1c67df8032518de,chinese-NM-1092,iphone15pro,dob,64,train/attack/digital_1/iphone15pro/chinese-NM-1092.jpg,train/bonafide/iphone15pro/chinese-NM-1092.jpg,1783,772,2295,1284,2036,980,2234,1075,0,bonafide,0,data/processed/text_patch512/dev_val/digital_1/bonafide/ef5ee1c67df8032518de.png,0.0011920928955078125
POST_HOC_NATIVE_TEXT_PATCH512_DIAGNOSTIC,10,dev_val,digital_1,1f3fc6b39d7a1c6d375f,chinese-NM-1092,iphone15pro,doe,64,train/attack/digital_1/iphone15pro/chinese-NM-1092.jpg,train/bonafide/iphone15pro/chinese-NM-1092.jpg,1108,1260,1620,1772,1266,1522,1462,1617,0,attack,1,data/processed/text_patch512/dev_val/digital_1/attack/1f3fc6b39d7a1c6d375f.png,1.0
POST_HOC_NATIVE_TEXT_PATCH512_DIAGNOSTIC,10,dev_val,digital_1,1f3fc6b39d7a1c6d375f,chinese-NM-1092,iphone15pro,doe,64,train/attack/digital_1/iphone15pro/chinese-NM-1092.jpg,train/bonafide/iphone15pro/chinese-NM-1092.jpg,1108,1260,1620,1772,1266,1522,1462,1617,0,bonafide,0,data/processed/text_patch512/dev_val/digital_1/bonafide/1f3fc6b39d7a1c6d375f.png,0.00017201900482177734
POST_HOC_NATIVE_TEXT_PATCH512_DIAGNOSTIC,10,dev_val,digital_1,5866b7a0cc12b33908b4,chinese-NM-1092,iphone15pro,name_en,64,train/attack/digital_1/iphone15pro/chinese-NM-1092.jpg,train/bonafide/iphone15pro/chinese-NM-1092.jpg,982,478,1494,990,995,685,1289,782,0,attack,1,data/processed/text_patch512/dev_val/digital_1/attack/5866b7a0cc12b33908b4.png,1.0
POST_HOC_NATIVE_TEXT_PATCH512_DIAGNOSTIC,10,dev_val,digital_1,5866b7a0cc12b33908b4,chinese-NM-1092,iphone15pro,name_en,64,train/attack/digital_1/iphone15pro/chinese-NM-1092.jpg,train/bonafide/iphone15pro/chinese-NM-1092.jpg,982,478,1494,990,995,685,1289,782,0,bonafide,0,data/processed/text_patch512/dev_val/digital_1/bonafide/5866b7a0cc12b33908b4.png,0.0004897117614746094
POST_HOC_NATIVE_TEXT_PATCH512_DIAGNOSTIC,10,dev_val,digital_1,7e9d8f396b1e883eada9,chinese-NM-1092,scan,dob,85,train/attack/digital_1/scan/chinese-NM-1092.jpg,train/bonafide/scan/chinese-NM-1092.jpg,1134,478,1646,990,1449,696,1588,772,0,attack,1,data/processed/text_patch512/dev_val/digital_1/attack/7e9d8f396b1e883eada9.png,1.0
POST_HOC_NATIVE_TEXT_PATCH512_DIAGNOSTIC,10,dev_val,digital_1,7e9d8f396b1e883eada9,chinese-NM-1092,scan,dob,85,train/attack/digital_1/scan/chinese-NM-1092.jpg,train/bonafide/scan/chinese-NM-1092.jpg,1134,478,1646,990,1449,696,1588,772,0,bonafide,0,data/processed/text_patch512/dev_val/digital_1/bonafide/7e9d8f396b1e883eada9.png,0.0010280609130859375
POST_HOC_NATIVE_TEXT_PATCH512_DIAGNOSTIC,10,dev_val,digital_1,7574687478279839b5a2,chinese-NM-1092,scan,doe,85,train/attack/digital_1/scan/chinese-NM-1092.jpg,train/bonafide/scan/chinese-NM-1092.jpg,700,732,1212,1244,887,1062,1025,1138,0,attack,1,data/processed/text_patch512/dev_val/digital_1/attack/7574687478279839b5a2.png,1.0
POST_HOC_NATIVE_TEXT_PATCH512_DIAGNOSTIC,10,dev_val,digital_1,7574687478279839b5a2,chinese-NM-1092,scan,doe,85,train/attack/digital_1/scan/chinese-NM-1092.jpg,train/bonafide/scan/chinese-NM-1092.jpg,700,732,1212,1244,887,1062,1025,1138,0,bonafide,0,data/processed/text_patch512/dev_val/digital_1/bonafide/7574687478279839b5a2.png,0.0036792755126953125
POST_HOC_NATIVE_TEXT_PATCH512_DIAGNOSTIC,10,dev_val,digital_1,4c325b52b455c426df3c,chinese-NM-1092,scan,name_en,85,train/attack/digital_1/scan/chinese-NM-1092.jpg,train/bonafide/scan/chinese-NM-1092.jpg,689,256,1201,768,713,474,921,549,0,attack,1,data/processed/text_patch512/dev_val/digital_1/attack/4c325b52b455c426df3c.png,1.0
POST_HOC_NATIVE_TEXT_PATCH512_DIAGNOSTIC,10,dev_val,digital_1,4c325b52b455c426df3c,chinese-NM-1092,scan,name_en,85,train/attack/digital_1/scan/chinese-NM-1092.jpg,train/bonafide/scan/chinese-NM-1092.jpg,689,256,1201,768,713,474,921,549,0,bonafide,0,data/processed/text_patch512/dev_val/digital_1/bonafide/4c325b52b455c426df3c.png,0.0079193115234375
POST_HOC_NATIVE_TEXT_PATCH512_DIAGNOSTIC,10,dev_val,digital_2,c7daf19337702492cbea,chinese-NM-1092,huawei,dob,61,train/attack/digital_2/huawei/chinese-NM-1092.jpg,train/bonafide/huawei/chinese-NM-1092.jpg,2141,921,2653,1433,2346,1115,2576,1239,0,attack,1,data/processed/text_patch512/dev_val/digital_2/attack/c7daf19337702492cbea.png,1.0
POST_HOC_NATIVE_TEXT_PATCH512_DIAGNOSTIC,10,dev_val,digital_2,c7daf19337702492cbea,chinese-NM-1092,huawei,dob,61,train/attack/digital_2/huawei/chinese-NM-1092.jpg,train/bonafide/huawei/chinese-NM-1092.jpg,2141,921,2653,1433,2346,1115,2576,1239,0,bonafide,0,data/processed/text_patch512/dev_val/digital_2/bonafide/c7daf19337702492cbea.png,0.00015664100646972656
POST_HOC_NATIVE_TEXT_PATCH512_DIAGNOSTIC,10,dev_val,digital_2,0ea375f742c0c0295fe3,chinese-NM-1092,huawei,doe,61,train/attack/digital_2/huawei/chinese-NM-1092.jpg,train/bonafide/huawei/chinese-NM-1092.jpg,1293,1473,1805,1985,1434,1696,1664,1820,0,attack,1,data/processed/text_patch512/dev_val/digital_2/attack/0ea375f742c0c0295fe3.png,1.0
POST_HOC_NATIVE_TEXT_PATCH512_DIAGNOSTIC,10,dev_val,digital_2,0ea375f742c0c0295fe3,chinese-NM-1092,huawei,doe,61,train/attack/digital_2/huawei/chinese-NM-1092.jpg,train/bonafide/huawei/chinese-NM-1092.jpg,1293,1473,1805,1985,1434,1696,1664,1820,0,bonafide,0,data/processed/text_patch512/dev_val/digital_2/bonafide/0ea375f742c0c0295fe3.png,5.02467155456543e-05
POST_HOC_NATIVE_TEXT_PATCH512_DIAGNOSTIC,10,dev_val,digital_2,3cffb06a4e1cf9e28fa2,chinese-NM-1092,huawei,name_en,61,train/attack/digital_2/huawei/chinese-NM-1092.jpg,train/bonafide/huawei/chinese-NM-1092.jpg,1068,566,1580,1078,1155,761,1492,883,0,attack,1,data/processed/text_patch512/dev_val/digital_2/attack/3cffb06a4e1cf9e28fa2.png,1.0
POST_HOC_NATIVE_TEXT_PATCH512_DIAGNOSTIC,10,dev_val,digital_2,3cffb06a4e1cf9e28fa2,chinese-NM-1092,huawei,name_en,61,train/attack/digital_2/huawei/chinese-NM-1092.jpg,train/bonafide/huawei/chinese-NM-1092.jpg,1068,566,1580,1078,1155,761,1492,883,0,bonafide,0,data/processed/text_patch512/dev_val/digital_2/bonafide/3cffb06a4e1cf9e28fa2.png,0.2529296875
POST_HOC_NATIVE_TEXT_PATCH512_DIAGNOSTIC,10,dev_val,digital_2,9f3e28d0e2781ebb27ca,chinese-NM-1092,iphone15pro,dob,64,train/attack/digital_2/iphone15pro/chinese-NM-1092.jpg,train/bonafide/iphone15pro/chinese-NM-1092.jpg,1783,772,2295,1284,2036,980,2234,1075,0,attack,1,data/processed/text_patch512/dev_val/digital_2/attack/9f3e28d0e2781ebb27ca.png,1.0
POST_HOC_NATIVE_TEXT_PATCH512_DIAGNOSTIC,10,dev_val,digital_2,9f3e28d0e2781ebb27ca,chinese-NM-1092,iphone15pro,dob,64,train/attack/digital_2/iphone15pro/chinese-NM-1092.jpg,train/bonafide/iphone15pro/chinese-NM-1092.jpg,1783,772,2295,1284,2036,980,2234,1075,0,bonafide,0,data/processed/text_patch512/dev_val/digital_2/bonafide/9f3e28d0e2781ebb27ca.png,0.0011920928955078125
POST_HOC_NATIVE_TEXT_PATCH512_DIAGNOSTIC,10,dev_val,digital_2,a6958dfefc879afa3dd2,chinese-NM-1092,iphone15pro,doe,64,train/attack/digital_2/iphone15pro/chinese-NM-1092.jpg,train/bonafide/iphone15pro/chinese-NM-1092.jpg,1108,1260,1620,1772,1266,1522,1462,1617,0,attack,1,data/processed/text_patch512/dev_val/digital_2/attack/a6958dfefc879afa3dd2.png,1.0
POST_HOC_NATIVE_TEXT_PATCH512_DIAGNOSTIC,10,dev_val,digital_2,a6958dfefc879afa3dd2,chinese-NM-1092,iphone15pro,doe,64,train/attack/digital_2/iphone15pro/chinese-NM-1092.jpg,train/bonafide/iphone15pro/chinese-NM-1092.jpg,1108,1260,1620,1772,1266,1522,1462,1617,0,bonafide,0,data/processed/text_patch512/dev_val/digital_2/bonafide/a6958dfefc879afa3dd2.png,0.00017201900482177734
POST_HOC_NATIVE_TEXT_PATCH512_DIAGNOSTIC,10,dev_val,digital_2,bfaee57a6f8b6b824cf7,chinese-NM-1092,iphone15pro,name_en,64,train/attack/digital_2/iphone15pro/chinese-NM-1092.jpg,train/bonafide/iphone15pro/chinese-NM-1092.jpg,950,478,1462,990,995,685,1289,782,0,attack,1,data/processed/text_patch512/dev_val/digital_2/attack/bfaee57a6f8b6b824cf7.png,0.97705078125
POST_HOC_NATIVE_TEXT_PATCH512_DIAGNOSTIC,10,dev_val,digital_2,bfaee57a6f8b6b824cf7,chinese-NM-1092,iphone15pro,name_en,64,train/attack/digital_2/iphone15pro/chinese-NM-1092.jpg,train/bonafide/iphone15pro/chinese-NM-1092.jpg,950,478,1462,990,995,685,1289,782,0,bonafide,0,data/processed/text_patch512/dev_val/digital_2/bonafide/bfaee57a6f8b6b824cf7.png,0.00030541419982910156
POST_HOC_NATIVE_TEXT_PATCH512_DIAGNOSTIC,10,dev_val,digital_2,ef13090507833da7d8f4,chinese-NM-1092,scan,dob,85,train/attack/digital_2/scan/chinese-NM-1092.jpg,train/bonafide/scan/chinese-NM-1092.jpg,1134,478,1646,990,1449,696,1588,772,0,attack,1,data/processed/text_patch512/dev_val/digital_2/attack/ef13090507833da7d8f4.png,0.99951171875
POST_HOC_NATIVE_TEXT_PATCH512_DIAGNOSTIC,10,dev_val,digital_2,ef13090507833da7d8f4,chinese-NM-1092,scan,dob,85,train/attack/digital_2/scan/chinese-NM-1092.jpg,train/bonafide/scan/chinese-NM-1092.jpg,1134,478,1646,990,1449,696,1588,772,0,bonafide,0,data/processed/text_patch512/dev_val/digital_2/bonafide/ef13090507833da7d8f4.png,0.0010280609130859375
POST_HOC_NATIVE_TEXT_PATCH512_DIAGNOSTIC,10,dev_val,digital_2,57a35aa811ee55c3b09c,chinese-NM-1092,scan,doe,85,train/attack/digital_2/scan/chinese-NM-1092.jpg,train/bonafide/scan/chinese-NM-1092.jpg,700,732,1212,1244,887,1062,1025,1138,0,attack,1,data/processed/text_patch512/dev_val/digital_2/attack/57a35aa811ee55c3b09c.png,1.0
POST_HOC_NATIVE_TEXT_PATCH512_DIAGNOSTIC,10,dev_val,digital_2,57a35aa811ee55c3b09c,chinese-NM-1092,scan,doe,85,train/attack/digital_2/scan/chinese-NM-1092.jpg,train/bonafide/scan/chinese-NM-1092.jpg,700,732,1212,1244,887,1062,1025,1138,0,bonafide,0,data/processed/text_patch512/dev_val/digital_2/bonafide/57a35aa811ee55c3b09c.png,0.0036792755126953125
POST_HOC_NATIVE_TEXT_PATCH512_DIAGNOSTIC,10,dev_val,digital_2,1d977f6a53f3edc6d188,chinese-NM-1092,scan,name_en,85,train/attack/digital_2/scan/chinese-NM-1092.jpg,train/bonafide/scan/chinese-NM-1092.jpg,657,256,1169,768,713,474,921,549,0,attack,1,data/processed/text_patch512/dev_val/digital_2/attack/1d977f6a53f3edc6d188.png,0.9990234375
POST_HOC_NATIVE_TEXT_PATCH512_DIAGNOSTIC,10,dev_val,digital_2,1d977f6a53f3edc6d188,chinese-NM-1092,scan,name_en,85,train/attack/digital_2/scan/chinese-NM-1092.jpg,train/bonafide/scan/chinese-NM-1092.jpg,657,256,1169,768,713,474,921,549,0,bonafide,0,data/processed/text_patch512/dev_val/digital_2/bonafide/1d977f6a53f3edc6d188.png,0.00803375244140625
POST_HOC_NATIVE_TEXT_PATCH512_DIAGNOSTIC,10,dev_val,digital_1,48900c2af7e44b17606e,french-019_03,huawei,dob,77,train/attack/digital_1/huawei/french-019_03.jpg,train/bonafide/huawei/french-019_03.jpg,2412,792,2924,1304,2563,991,2773,1106,0,attack,1,data/processed/text_patch512/dev_val/digital_1/attack/48900c2af7e44b17606e.png,1.0
POST_HOC_NATIVE_TEXT_PATCH512_DIAGNOSTIC,10,dev_val,digital_1,48900c2af7e44b17606e,french-019_03,huawei,dob,77,train/attack/digital_1/huawei/french-019_03.jpg,train/bonafide/huawei/french-019_03.jpg,2412,792,2924,1304,2563,991,2773,1106,0,bonafide,0,data/processed/text_patch512/dev_val/digital_1/bonafide/48900c2af7e44b17606e.png,0.0015735626220703125
POST_HOC_NATIVE_TEXT_PATCH512_DIAGNOSTIC,10,dev_val,digital_1,ac9ccd44ce4282b9cb1f,french-019_03,huawei,doe,77,train/attack/digital_1/huawei/french-019_03.jpg,train/bonafide/huawei/french-019_03.jpg,2401,1410,2913,1922,2552,1609,2762,1724,0,attack,1,data/processed/text_patch512/dev_val/digital_1/attack/ac9ccd44ce4282b9cb1f.png,1.0
POST_HOC_NATIVE_TEXT_PATCH512_DIAGNOSTIC,10,dev_val,digital_1,ac9ccd44ce4282b9cb1f,french-019_03,huawei,doe,77,train/attack/digital_1/huawei/french-019_03.jpg,train/bonafide/huawei/french-019_03.jpg,2401,1410,2913,1922,2552,1609,2762,1724,0,bonafide,0,data/processed/text_patch512/dev_val/digital_1/bonafide/ac9ccd44ce4282b9cb1f.png,0.0005173683166503906
POST_HOC_NATIVE_TEXT_PATCH512_DIAGNOSTIC,10,dev_val,digital_1,746a5a63d5a438e20150,french-019_03,huawei,name,77,train/attack/digital_1/huawei/french-019_03.jpg,train/bonafide/huawei/french-019_03.jpg,1152,522,1664,1034,1084,719,1733,837,0,attack,1,data/processed/text_patch512/dev_val/digital_1/attack/746a5a63d5a438e20150.png,1.0
POST_HOC_NATIVE_TEXT_PATCH512_DIAGNOSTIC,10,dev_val,digital_1,746a5a63d5a438e20150,french-019_03,huawei,name,77,train/attack/digital_1/huawei/french-019_03.jpg,train/bonafide/huawei/french-019_03.jpg,1152,522,1664,1034,1084,719,1733,837,0,bonafide,0,data/processed/text_patch512/dev_val/digital_1/bonafide/746a5a63d5a438e20150.png,0.0003077983856201172
POST_HOC_NATIVE_TEXT_PATCH512_DIAGNOSTIC,10,dev_val,digital_1,7c361c6aa75db03d0ca4,french-019_03,iphone15pro,dob,50,train/attack/digital_1/iphone15pro/french-019_03.jpg,train/bonafide/iphone15pro/french-019_03.jpg,2047,658,2559,1170,2213,870,2393,959,0,attack,1,data/processed/text_patch512/dev_val/digital_1/attack/7c361c6aa75db03d0ca4.png,1.0
POST_HOC_NATIVE_TEXT_PATCH512_DIAGNOSTIC,10,dev_val,digital_1,7c361c6aa75db03d0ca4,french-019_03,iphone15pro,dob,50,train/attack/digital_1/iphone15pro/french-019_03.jpg,train/bonafide/iphone15pro/french-019_03.jpg,2047,658,2559,1170,2213,870,2393,959,0,bonafide,0,data/processed/text_patch512/dev_val/digital_1/bonafide/7c361c6aa75db03d0ca4.png,0.00882720947265625
POST_HOC_NATIVE_TEXT_PATCH512_DIAGNOSTIC,10,dev_val,digital_1,66c79aee9b403fe1501e,french-019_03,iphone15pro,doe,50,train/attack/digital_1/iphone15pro/french-019_03.jpg,train/bonafide/iphone15pro/french-019_03.jpg,2053,1202,2565,1714,2217,1413,2401,1502,0,attack,1,data/processed/text_patch512/dev_val/digital_1/attack/66c79aee9b403fe1501e.png,1.0
POST_HOC_NATIVE_TEXT_PATCH512_DIAGNOSTIC,10,dev_val,digital_1,66c79aee9b403fe1501e,french-019_03,iphone15pro,doe,50,train/attack/digital_1/iphone15pro/french-019_03.jpg,train/bonafide/iphone15pro/french-019_03.jpg,2053,1202,2565,1714,2217,1413,2401,1502,0,bonafide,0,data/processed/text_patch512/dev_val/digital_1/bonafide/66c79aee9b403fe1501e.png,0.0030517578125
POST_HOC_NATIVE_TEXT_PATCH512_DIAGNOSTIC,10,dev_val,digital_1,eacaa6c154fba7b10254,french-019_03,iphone15pro,name,50,train/attack/digital_1/iphone15pro/french-019_03.jpg,train/bonafide/iphone15pro/french-019_03.jpg,956,444,1468,956,930,655,1493,744,0,attack,1,data/processed/text_patch512/dev_val/digital_1/attack/eacaa6c154fba7b10254.png,1.0
POST_HOC_NATIVE_TEXT_PATCH512_DIAGNOSTIC,10,dev_val,digital_1,eacaa6c154fba7b10254,french-019_03,iphone15pro,name,50,train/attack/digital_1/iphone15pro/french-019_03.jpg,train/bonafide/iphone15pro/french-019_03.jpg,956,444,1468,956,930,655,1493,744,0,bonafide,0,data/processed/text_patch512/dev_val/digital_1/bonafide/eacaa6c154fba7b10254.png,0.00511932373046875
POST_HOC_NATIVE_TEXT_PATCH512_DIAGNOSTIC,10,dev_val,digital_1,8f60194ccbe11a3cfbed,french-019_03,scan,dob,82,train/attack/digital_1/scan/french-019_03.jpg,train/bonafide/scan/french-019_03.jpg,1394,404,1906,916,1584,624,1716,695,0,attack,1,data/processed/text_patch512/dev_val/digital_1/attack/8f60194ccbe11a3cfbed.png,1.0
POST_HOC_NATIVE_TEXT_PATCH512_DIAGNOSTIC,10,dev_val,digital_1,8f60194ccbe11a3cfbed,french-019_03,scan,dob,82,train/attack/digital_1/scan/french-019_03.jpg,train/bonafide/scan/french-019_03.jpg,1394,404,1906,916,1584,624,1716,695,0,bonafide,0,data/processed/text_patch512/dev_val/digital_1/bonafide/8f60194ccbe11a3cfbed.png,0.0112457275390625
POST_HOC_NATIVE_TEXT_PATCH512_DIAGNOSTIC,10,dev_val,digital_1,4b0a0bf478706e415386,french-019_03,scan,doe,82,train/attack/digital_1/scan/french-019_03.jpg,train/bonafide/scan/french-019_03.jpg,1383,732,1895,1244,1574,1008,1704,1079,0,attack,1,data/processed/text_patch512/dev_val/digital_1/attack/4b0a0bf478706e415386.png,1.0
POST_HOC_NATIVE_TEXT_PATCH512_DIAGNOSTIC,10,dev_val,digital_1,4b0a0bf478706e415386,french-019_03,scan,doe,82,train/attack/digital_1/scan/french-019_03.jpg,train/bonafide/scan/french-019_03.jpg,1383,732,1895,1244,1574,1008,1704,1079,0,bonafide,0,data/processed/text_patch512/dev_val/digital_1/bonafide/4b0a0bf478706e415386.png,0.016754150390625
POST_HOC_NATIVE_TEXT_PATCH512_DIAGNOSTIC,10,dev_val,digital_1,803717d4f603cff0cfa5,french-019_03,scan,name,82,train/attack/digital_1/scan/french-019_03.jpg,train/bonafide/scan/french-019_03.jpg,651,234,1163,746,675,454,1075,527,0,attack,1,data/processed/text_patch512/dev_val/digital_1/attack/803717d4f603cff0cfa5.png,1.0
POST_HOC_NATIVE_TEXT_PATCH512_DIAGNOSTIC,10,dev_val,digital_1,803717d4f603cff0cfa5,french-019_03,scan,name,82,train/attack/digital_1/scan/french-019_03.jpg,train/bonafide/scan/french-019_03.jpg,651,234,1163,746,675,454,1075,527,0,bonafide,0,data/processed/text_patch512/dev_val/digital_1/bonafide/803717d4f603cff0cfa5.png,0.0003733634948730469
POST_HOC_NATIVE_TEXT_PATCH512_DIAGNOSTIC,10,dev_val,digital_2,72db299936b3b9f87d90,french-019_03,huawei,dob,77,train/attack/digital_2/huawei/french-019_03.jpg,train/bonafide/huawei/french-019_03.jpg,2412,792,2924,1304,2563,991,2773,1106,0,attack,1,data/processed/text_patch512/dev_val/digital_2/attack/72db299936b3b9f87d90.png,1.0
POST_HOC_NATIVE_TEXT_PATCH512_DIAGNOSTIC,10,dev_val,digital_2,72db299936b3b9f87d90,french-019_03,huawei,dob,77,train/attack/digital_2/huawei/french-019_03.jpg,train/bonafide/huawei/french-019_03.jpg,2412,792,2924,1304,2563,991,2773,1106,0,bonafide,0,data/processed/text_patch512/dev_val/digital_2/bonafide/72db299936b3b9f87d90.png,0.0015735626220703125
POST_HOC_NATIVE_TEXT_PATCH512_DIAGNOSTIC,10,dev_val,digital_2,4141c759529bdcac68cb,french-019_03,huawei,doe,77,train/attack/digital_2/huawei/french-019_03.jpg,train/bonafide/huawei/french-019_03.jpg,2401,1410,2913,1922,2552,1609,2762,1724,0,attack,1,data/processed/text_patch512/dev_val/digital_2/attack/4141c759529bdcac68cb.png,1.0
POST_HOC_NATIVE_TEXT_PATCH512_DIAGNOSTIC,10,dev_val,digital_2,4141c759529bdcac68cb,french-019_03,huawei,doe,77,train/attack/digital_2/huawei/french-019_03.jpg,train/bonafide/huawei/french-019_03.jpg,2401,1410,2913,1922,2552,1609,2762,1724,0,bonafide,0,data/processed/text_patch512/dev_val/digital_2/bonafide/4141c759529bdcac68cb.png,0.0005173683166503906
POST_HOC_NATIVE_TEXT_PATCH512_DIAGNOSTIC,10,dev_val,digital_2,7e5afd89f4a2d996d559,french-019_03,huawei,name,77,train/attack/digital_2/huawei/french-019_03.jpg,train/bonafide/huawei/french-019_03.jpg,1152,522,1664,1034,1084,719,1733,837,0,attack,1,data/processed/text_patch512/dev_val/digital_2/attack/7e5afd89f4a2d996d559.png,1.0
POST_HOC_NATIVE_TEXT_PATCH512_DIAGNOSTIC,10,dev_val,digital_2,7e5afd89f4a2d996d559,french-019_03,huawei,name,77,train/attack/digital_2/huawei/french-019_03.jpg,train/bonafide/huawei/french-019_03.jpg,1152,522,1664,1034,1084,719,1733,837,0,bonafide,0,data/processed/text_patch512/dev_val/digital_2/bonafide/7e5afd89f4a2d996d559.png,0.0003077983856201172
POST_HOC_NATIVE_TEXT_PATCH512_DIAGNOSTIC,10,dev_val,digital_2,dbdf19fa53675eba279b,french-019_03,iphone15pro,dob,50,train/attack/digital_2/iphone15pro/french-019_03.jpg,train/bonafide/iphone15pro/french-019_03.jpg,2047,658,2559,1170,2213,870,2393,959,0,attack,1,data/processed/text_patch512/dev_val/digital_2/attack/dbdf19fa53675eba279b.png,1.0
POST_HOC_NATIVE_TEXT_PATCH512_DIAGNOSTIC,10,dev_val,digital_2,dbdf19fa53675eba279b,french-019_03,iphone15pro,dob,50,train/attack/digital_2/iphone15pro/french-019_03.jpg,train/bonafide/iphone15pro/french-019_03.jpg,2047,658,2559,1170,2213,870,2393,959,0,bonafide,0,data/processed/text_patch512/dev_val/digital_2/bonafide/dbdf19fa53675eba279b.png,0.00882720947265625
POST_HOC_NATIVE_TEXT_PATCH512_DIAGNOSTIC,10,dev_val,digital_2,2bcb2a2d88ba2ee71d52,french-019_03,iphone15pro,doe,50,train/attack/digital_2/iphone15pro/french-019_03.jpg,train/bonafide/iphone15pro/french-019_03.jpg,2053,1202,2565,1714,2217,1413,2401,1502,0,attack,1,data/processed/text_patch512/dev_val/digital_2/attack/2bcb2a2d88ba2ee71d52.png,1.0
POST_HOC_NATIVE_TEXT_PATCH512_DIAGNOSTIC,10,dev_val,digital_2,2bcb2a2d88ba2ee71d52,french-019_03,iphone15pro,doe,50,train/attack/digital_2/iphone15pro/french-019_03.jpg,train/bonafide/iphone15pro/french-019_03.jpg,2053,1202,2565,1714,2217,1413,2401,1502,0,bonafide,0,data/processed/text_patch512/dev_val/digital_2/bonafide/2bcb2a2d88ba2ee71d52.png,0.0030517578125
POST_HOC_NATIVE_TEXT_PATCH512_DIAGNOSTIC,10,dev_val,digital_2,77f8ea7d3dfd0c1d222d,french-019_03,iphone15pro,name,50,train/attack/digital_2/iphone15pro/french-019_03.jpg,train/bonafide/iphone15pro/french-019_03.jpg,956,444,1468,956,930,655,1493,744,0,attack,1,data/processed/text_patch512/dev_val/digital_2/attack/77f8ea7d3dfd0c1d222d.png,1.0
POST_HOC_NATIVE_TEXT_PATCH512_DIAGNOSTIC,10,dev_val,digital_2,77f8ea7d3dfd0c1d222d,french-019_03,iphone15pro,name,50,train/attack/digital_2/iphone15pro/french-019_03.jpg,train/bonafide/iphone15pro/french-019_03.jpg,956,444,1468,956,930,655,1493,744,0,bonafide,0,data/processed/text_patch512/dev_val/digital_2/bonafide/77f8ea7d3dfd0c1d222d.png,0.00511932373046875
POST_HOC_NATIVE_TEXT_PATCH512_DIAGNOSTIC,10,dev_val,digital_2,0f3b4cdfb10f892e99ff,french-019_03,scan,dob,82,train/attack/digital_2/scan/french-019_03.jpg,train/bonafide/scan/french-019_03.jpg,1394,404,1906,916,1584,624,1716,695,0,attack,1,data/processed/text_patch512/dev_val/digital_2/attack/0f3b4cdfb10f892e99ff.png,1.0
POST_HOC_NATIVE_TEXT_PATCH512_DIAGNOSTIC,10,dev_val,digital_2,0f3b4cdfb10f892e99ff,french-019_03,scan,dob,82,train/attack/digital_2/scan/french-019_03.jpg,train/bonafide/scan/french-019_03.jpg,1394,404,1906,916,1584,624,1716,695,0,bonafide,0,data/processed/text_patch512/dev_val/digital_2/bonafide/0f3b4cdfb10f892e99ff.png,0.0112457275390625
POST_HOC_NATIVE_TEXT_PATCH512_DIAGNOSTIC,10,dev_val,digital_2,ec64ab7b725f93a8ceba,french-019_03,scan,doe,82,train/attack/digital_2/scan/french-019_03.jpg,train/bonafide/scan/french-019_03.jpg,1383,732,1895,1244,1574,1008,1704,1079,0,attack,1,data/processed/text_patch512/dev_val/digital_2/attack/ec64ab7b725f93a8ceba.png,0.99951171875
POST_HOC_NATIVE_TEXT_PATCH512_DIAGNOSTIC,10,dev_val,digital_2,ec64ab7b725f93a8ceba,french-019_03,scan,doe,82,train/attack/digital_2/scan/french-019_03.jpg,train/bonafide/scan/french-019_03.jpg,1383,732,1895,1244,1574,1008,1704,1079,0,bonafide,0,data/processed/text_patch512/dev_val/digital_2/bonafide/ec64ab7b725f93a8ceba.png,0.016754150390625
POST_HOC_NATIVE_TEXT_PATCH512_DIAGNOSTIC,10,dev_val,digital_2,94a2898d13675567b1f9,french-019_03,scan,name,82,train/attack/digital_2/scan/french-019_03.jpg,train/bonafide/scan/french-019_03.jpg,651,234,1163,746,675,454,1075,527,0,attack,1,data/processed/text_patch512/dev_val/digital_2/attack/94a2898d13675567b1f9.png,1.0
POST_HOC_NATIVE_TEXT_PATCH512_DIAGNOSTIC,10,dev_val,digital_2,94a2898d13675567b1f9,french-019_03,scan,name,82,train/attack/digital_2/scan/french-019_03.jpg,train/bonafide/scan/french-019_03.jpg,651,234,1163,746,675,454,1075,527,0,bonafide,0,data/processed/text_patch512/dev_val/digital_2/bonafide/94a2898d13675567b1f9.png,0.0003733634948730469
POST_HOC_NATIVE_TEXT_PATCH512_DIAGNOSTIC,10,dev_val,digital_1,72c326e48340025957b3,french-114_03,huawei,dob,75,train/attack/digital_1/huawei/french-114_03.jpg,train/bonafide/huawei/french-114_03.jpg,2396,792,2908,1304,2548,989,2757,1106,0,attack,1,data/processed/text_patch512/dev_val/digital_1/attack/72c326e48340025957b3.png,1.0
POST_HOC_NATIVE_TEXT_PATCH512_DIAGNOSTIC,10,dev_val,digital_1,72c326e48340025957b3,french-114_03,huawei,dob,75,train/attack/digital_1/huawei/french-114_03.jpg,train/bonafide/huawei/french-114_03.jpg,2396,792,2908,1304,2548,989,2757,1106,0,bonafide,0,data/processed/text_patch512/dev_val/digital_1/bonafide/72c326e48340025957b3.png,0.0009493827819824219
POST_HOC_NATIVE_TEXT_PATCH512_DIAGNOSTIC,10,dev_val,digital_1,0c6b4ee10d8d7842729d,french-114_03,huawei,doe,75,train/attack/digital_1/huawei/french-114_03.jpg,train/bonafide/huawei/french-114_03.jpg,2382,1410,2894,1922,2534,1608,2743,1725,0,attack,1,data/processed/text_patch512/dev_val/digital_1/attack/0c6b4ee10d8d7842729d.png,1.0
POST_HOC_NATIVE_TEXT_PATCH512_DIAGNOSTIC,10,dev_val,digital_1,0c6b4ee10d8d7842729d,french-114_03,huawei,doe,75,train/attack/digital_1/huawei/french-114_03.jpg,train/bonafide/huawei/french-114_03.jpg,2382,1410,2894,1922,2534,1608,2743,1725,0,bonafide,0,data/processed/text_patch512/dev_val/digital_1/bonafide/0c6b4ee10d8d7842729d.png,0.00014257431030273438
POST_HOC_NATIVE_TEXT_PATCH512_DIAGNOSTIC,10,dev_val,digital_1,477602a5604f66706b6d,french-114_03,huawei,alternative,75,train/attack/digital_1/huawei/french-114_03.jpg,train/bonafide/huawei/french-114_03.jpg,1093,1174,1605,1686,1074,1370,1624,1490,0,attack,1,data/processed/text_patch512/dev_val/digital_1/attack/477602a5604f66706b6d.png,1.0
POST_HOC_NATIVE_TEXT_PATCH512_DIAGNOSTIC,10,dev_val,digital_1,477602a5604f66706b6d,french-114_03,huawei,alternative,75,train/attack/digital_1/huawei/french-114_03.jpg,train/bonafide/huawei/french-114_03.jpg,1093,1174,1605,1686,1074,1370,1624,1490,0,bonafide,0,data/processed/text_patch512/dev_val/digital_1/bonafide/477602a5604f66706b6d.png,0.00013399124145507812
POST_HOC_NATIVE_TEXT_PATCH512_DIAGNOSTIC,10,dev_val,digital_1,f32a6301c64c67ec57d1,french-114_03,iphone15pro,dob,64,train/attack/digital_1/iphone15pro/french-114_03.jpg,train/bonafide/iphone15pro/french-114_03.jpg,2062,658,2574,1170,2225,869,2410,959,0,attack,1,data/processed/text_patch512/dev_val/digital_1/attack/f32a6301c64c67ec57d1.png,1.0
POST_HOC_NATIVE_TEXT_PATCH512_DIAGNOSTIC,10,dev_val,digital_1,f32a6301c64c67ec57d1,french-114_03,iphone15pro,dob,64,train/attack/digital_1/iphone15pro/french-114_03.jpg,train/bonafide/iphone15pro/french-114_03.jpg,2062,658,2574,1170,2225,869,2410,959,0,bonafide,0,data/processed/text_patch512/dev_val/digital_1/bonafide/f32a6301c64c67ec57d1.png,0.004062652587890625
POST_HOC_NATIVE_TEXT_PATCH512_DIAGNOSTIC,10,dev_val,digital_1,1ad5fd3c97330f8b4342,french-114_03,iphone15pro,doe,64,train/attack/digital_1/iphone15pro/french-114_03.jpg,train/bonafide/iphone15pro/french-114_03.jpg,2072,1205,2584,1717,2235,1416,2420,1506,0,attack,1,data/processed/text_patch512/dev_val/digital_1/attack/1ad5fd3c97330f8b4342.png,1.0
POST_HOC_NATIVE_TEXT_PATCH512_DIAGNOSTIC,10,dev_val,digital_1,1ad5fd3c97330f8b4342,french-114_03,iphone15pro,doe,64,train/attack/digital_1/iphone15pro/french-114_03.jpg,train/bonafide/iphone15pro/french-114_03.jpg,2072,1205,2584,1717,2235,1416,2420,1506,0,bonafide,0,data/processed/text_patch512/dev_val/digital_1/bonafide/1ad5fd3c97330f8b4342.png,0.003780364990234375
POST_HOC_NATIVE_TEXT_PATCH512_DIAGNOSTIC,10,dev_val,digital_1,3fafab77db9f42c85faf,french-114_03,iphone15pro,alternative,64,train/attack/digital_1/iphone15pro/french-114_03.jpg,train/bonafide/iphone15pro/french-114_03.jpg,944,1024,1456,1536,959,1235,1441,1325,0,attack,1,data/processed/text_patch512/dev_val/digital_1/attack/3fafab77db9f42c85faf.png,1.0
POST_HOC_NATIVE_TEXT_PATCH512_DIAGNOSTIC,10,dev_val,digital_1,3fafab77db9f42c85faf,french-114_03,iphone15pro,alternative,64,train/attack/digital_1/iphone15pro/french-114_03.jpg,train/bonafide/iphone15pro/french-114_03.jpg,944,1024,1456,1536,959,1235,1441,1325,0,bonafide,0,data/processed/text_patch512/dev_val/digital_1/bonafide/3fafab77db9f42c85faf.png,0.0005583763122558594
POST_HOC_NATIVE_TEXT_PATCH512_DIAGNOSTIC,10,dev_val,digital_1,e02cbd1845c53435c3cd,french-114_03,scan,dob,61,train/attack/digital_1/scan/french-114_03.jpg,train/bonafide/scan/french-114_03.jpg,1392,402,1904,914,1582,622,1715,693,0,attack,1,data/processed/text_patch512/dev_val/digital_1/attack/e02cbd1845c53435c3cd.png,1.0
POST_HOC_NATIVE_TEXT_PATCH512_DIAGNOSTIC,10,dev_val,digital_1,e02cbd1845c53435c3cd,french-114_03,scan,dob,61,train/attack/digital_1/scan/french-114_03.jpg,train/bonafide/scan/french-114_03.jpg,1392,402,1904,914,1582,622,1715,693,0,bonafide,0,data/processed/text_patch512/dev_val/digital_1/bonafide/e02cbd1845c53435c3cd.png,0.00199127197265625
POST_HOC_NATIVE_TEXT_PATCH512_DIAGNOSTIC,10,dev_val,digital_1,629af22f45de3c90e718,french-114_03,scan,doe,61,train/attack/digital_1/scan/french-114_03.jpg,train/bonafide/scan/french-114_03.jpg,1384,738,1896,1250,1573,1010,1706,1081,0,attack,1,data/processed/text_patch512/dev_val/digital_1/attack/629af22f45de3c90e718.png,1.0
POST_HOC_NATIVE_TEXT_PATCH512_DIAGNOSTIC,10,dev_val,digital_1,629af22f45de3c90e718,french-114_03,scan,doe,61,train/attack/digital_1/scan/french-114_03.jpg,train/bonafide/scan/french-114_03.jpg,1384,738,1896,1250,1573,1010,1706,1081,0,bonafide,0,data/processed/text_patch512/dev_val/digital_1/bonafide/629af22f45de3c90e718.png,0.073974609375
POST_HOC_NATIVE_TEXT_PATCH512_DIAGNOSTIC,10,dev_val,digital_1,e105be58d050cb82d602,french-114_03,scan,alternative,61,train/attack/digital_1/scan/french-114_03.jpg,train/bonafide/scan/french-114_03.jpg,651,644,1163,1156,671,863,1015,936,0,attack,1,data/processed/text_patch512/dev_val/digital_1/attack/e105be58d050cb82d602.png,1.0
POST_HOC_NATIVE_TEXT_PATCH512_DIAGNOSTIC,10,dev_val,digital_1,e105be58d050cb82d602,french-114_03,scan,alternative,61,train/attack/digital_1/scan/french-114_03.jpg,train/bonafide/scan/french-114_03.jpg,651,644,1163,1156,671,863,1015,936,0,bonafide,0,data/processed/text_patch512/dev_val/digital_1/bonafide/e105be58d050cb82d602.png,0.00025272369384765625
POST_HOC_NATIVE_TEXT_PATCH512_DIAGNOSTIC,10,dev_val,digital_2,ad6168b57af763c06ba3,french-114_03,huawei,dob,75,train/attack/digital_2/huawei/french-114_03.jpg,train/bonafide/huawei/french-114_03.jpg,2396,792,2908,1304,2548,989,2757,1106,0,attack,1,data/processed/text_patch512/dev_val/digital_2/attack/ad6168b57af763c06ba3.png,1.0
POST_HOC_NATIVE_TEXT_PATCH512_DIAGNOSTIC,10,dev_val,digital_2,ad6168b57af763c06ba3,french-114_03,huawei,dob,75,train/attack/digital_2/huawei/french-114_03.jpg,train/bonafide/huawei/french-114_03.jpg,2396,792,2908,1304,2548,989,2757,1106,0,bonafide,0,data/processed/text_patch512/dev_val/digital_2/bonafide/ad6168b57af763c06ba3.png,0.0009493827819824219
POST_HOC_NATIVE_TEXT_PATCH512_DIAGNOSTIC,10,dev_val,digital_2,c4f19d5ac3902dbb881b,french-114_03,huawei,doe,75,train/attack/digital_2/huawei/french-114_03.jpg,train/bonafide/huawei/french-114_03.jpg,2382,1410,2894,1922,2534,1608,2743,1725,0,attack,1,data/processed/text_patch512/dev_val/digital_2/attack/c4f19d5ac3902dbb881b.png,1.0
POST_HOC_NATIVE_TEXT_PATCH512_DIAGNOSTIC,10,dev_val,digital_2,c4f19d5ac3902dbb881b,french-114_03,huawei,doe,75,train/attack/digital_2/huawei/french-114_03.jpg,train/bonafide/huawei/french-114_03.jpg,2382,1410,2894,1922,2534,1608,2743,1725,0,bonafide,0,data/processed/text_patch512/dev_val/digital_2/bonafide/c4f19d5ac3902dbb881b.png,0.00014257431030273438
POST_HOC_NATIVE_TEXT_PATCH512_DIAGNOSTIC,10,dev_val,digital_2,9be4ea8c438fe65f9245,french-114_03,huawei,alternative,75,train/attack/digital_2/huawei/french-114_03.jpg,train/bonafide/huawei/french-114_03.jpg,1093,1174,1605,1686,1074,1370,1624,1490,0,attack,1,data/processed/text_patch512/dev_val/digital_2/attack/9be4ea8c438fe65f9245.png,1.0
POST_HOC_NATIVE_TEXT_PATCH512_DIAGNOSTIC,10,dev_val,digital_2,9be4ea8c438fe65f9245,french-114_03,huawei,alternative,75,train/attack/digital_2/huawei/french-114_03.jpg,train/bonafide/huawei/french-114_03.jpg,1093,1174,1605,1686,1074,1370,1624,1490,0,bonafide,0,data/processed/text_patch512/dev_val/digital_2/bonafide/9be4ea8c438fe65f9245.png,0.00013399124145507812
POST_HOC_NATIVE_TEXT_PATCH512_DIAGNOSTIC,10,dev_val,digital_2,87d4c79829ecfbf502a8,french-114_03,iphone15pro,dob,64,train/attack/digital_2/iphone15pro/french-114_03.jpg,train/bonafide/iphone15pro/french-114_03.jpg,2062,658,2574,1170,2225,869,2410,959,0,attack,1,data/processed/text_patch512/dev_val/digital_2/attack/87d4c79829ecfbf502a8.png,1.0
POST_HOC_NATIVE_TEXT_PATCH512_DIAGNOSTIC,10,dev_val,digital_2,87d4c79829ecfbf502a8,french-114_03,iphone15pro,dob,64,train/attack/digital_2/iphone15pro/french-114_03.jpg,train/bonafide/iphone15pro/french-114_03.jpg,2062,658,2574,1170,2225,869,2410,959,0,bonafide,0,data/processed/text_patch512/dev_val/digital_2/bonafide/87d4c79829ecfbf502a8.png,0.004062652587890625
POST_HOC_NATIVE_TEXT_PATCH512_DIAGNOSTIC,10,dev_val,digital_2,f259d5ed81392e03b7d5,french-114_03,iphone15pro,doe,64,train/attack/digital_2/iphone15pro/french-114_03.jpg,train/bonafide/iphone15pro/french-114_03.jpg,2072,1205,2584,1717,2235,1416,2420,1506,0,attack,1,data/processed/text_patch512/dev_val/digital_2/attack/f259d5ed81392e03b7d5.png,1.0
POST_HOC_NATIVE_TEXT_PATCH512_DIAGNOSTIC,10,dev_val,digital_2,f259d5ed81392e03b7d5,french-114_03,iphone15pro,doe,64,train/attack/digital_2/iphone15pro/french-114_03.jpg,train/bonafide/iphone15pro/french-114_03.jpg,2072,1205,2584,1717,2235,1416,2420,1506,0,bonafide,0,data/processed/text_patch512/dev_val/digital_2/bonafide/f259d5ed81392e03b7d5.png,0.003780364990234375
POST_HOC_NATIVE_TEXT_PATCH512_DIAGNOSTIC,10,dev_val,digital_2,444c6523d61e74441680,french-114_03,iphone15pro,alternative,64,train/attack/digital_2/iphone15pro/french-114_03.jpg,train/bonafide/iphone15pro/french-114_03.jpg,944,1024,1456,1536,959,1235,1441,1325,0,attack,1,data/processed/text_patch512/dev_val/digital_2/attack/444c6523d61e74441680.png,1.0
POST_HOC_NATIVE_TEXT_PATCH512_DIAGNOSTIC,10,dev_val,digital_2,444c6523d61e74441680,french-114_03,iphone15pro,alternative,64,train/attack/digital_2/iphone15pro/french-114_03.jpg,train/bonafide/iphone15pro/french-114_03.jpg,944,1024,1456,1536,959,1235,1441,1325,0,bonafide,0,data/processed/text_patch512/dev_val/digital_2/bonafide/444c6523d61e74441680.png,0.0005583763122558594
POST_HOC_NATIVE_TEXT_PATCH512_DIAGNOSTIC,10,dev_val,digital_2,aa2fe56615ace9bee886,french-114_03,scan,dob,61,train/attack/digital_2/scan/french-114_03.jpg,train/bonafide/scan/french-114_03.jpg,1392,402,1904,914,1582,622,1715,693,0,attack,1,data/processed/text_patch512/dev_val/digital_2/attack/aa2fe56615ace9bee886.png,1.0
POST_HOC_NATIVE_TEXT_PATCH512_DIAGNOSTIC,10,dev_val,digital_2,aa2fe56615ace9bee886,french-114_03,scan,dob,61,train/attack/digital_2/scan/french-114_03.jpg,train/bonafide/scan/french-114_03.jpg,1392,402,1904,914,1582,622,1715,693,0,bonafide,0,data/processed/text_patch512/dev_val/digital_2/bonafide/aa2fe56615ace9bee886.png,0.00199127197265625
POST_HOC_NATIVE_TEXT_PATCH512_DIAGNOSTIC,10,dev_val,digital_2,e5e639542f4a2d33130e,french-114_03,scan,doe,61,train/attack/digital_2/scan/french-114_03.jpg,train/bonafide/scan/french-114_03.jpg,1384,738,1896,1250,1573,1010,1706,1081,0,attack,1,data/processed/text_patch512/dev_val/digital_2/attack/e5e639542f4a2d33130e.png,1.0
POST_HOC_NATIVE_TEXT_PATCH512_DIAGNOSTIC,10,dev_val,digital_2,e5e639542f4a2d33130e,french-114_03,scan,doe,61,train/attack/digital_2/scan/french-114_03.jpg,train/bonafide/scan/french-114_03.jpg,1384,738,1896,1250,1573,1010,1706,1081,0,bonafide,0,data/processed/text_patch512/dev_val/digital_2/bonafide/e5e639542f4a2d33130e.png,0.073974609375
POST_HOC_NATIVE_TEXT_PATCH512_DIAGNOSTIC,10,dev_val,digital_2,d4a2ac5f1c5a16bf7a87,french-114_03,scan,alternative,61,train/attack/digital_2/scan/french-114_03.jpg,train/bonafide/scan/french-114_03.jpg,651,644,1163,1156,671,863,1015,936,0,attack,1,data/processed/text_patch512/dev_val/digital_2/attack/d4a2ac5f1c5a16bf7a87.png,1.0
POST_HOC_NATIVE_TEXT_PATCH512_DIAGNOSTIC,10,dev_val,digital_2,d4a2ac5f1c5a16bf7a87,french-114_03,scan,alternative,61,train/attack/digital_2/scan/french-114_03.jpg,train/bonafide/scan/french-114_03.jpg,651,644,1163,1156,671,863,1015,936,0,bonafide,0,data/processed/text_patch512/dev_val/digital_2/bonafide/d4a2ac5f1c5a16bf7a87.png,0.00025272369384765625
POST_HOC_NATIVE_TEXT_PATCH512_DIAGNOSTIC,10,dev_val,digital_1,1af88d13c801f8710321,french-124_03,huawei,dob,87,train/attack/digital_1/huawei/french-124_03.jpg,train/bonafide/huawei/french-124_03.jpg,2392,788,2904,1300,2542,985,2754,1102,0,attack,1,data/processed/text_patch512/dev_val/digital_1/attack/1af88d13c801f8710321.png,1.0
POST_HOC_NATIVE_TEXT_PATCH512_DIAGNOSTIC,10,dev_val,digital_1,1af88d13c801f8710321,french-124_03,huawei,dob,87,train/attack/digital_1/huawei/french-124_03.jpg,train/bonafide/huawei/french-124_03.jpg,2392,788,2904,1300,2542,985,2754,1102,0,bonafide,0,data/processed/text_patch512/dev_val/digital_1/bonafide/1af88d13c801f8710321.png,0.0017747879028320312
POST_HOC_NATIVE_TEXT_PATCH512_DIAGNOSTIC,10,dev_val,digital_1,646cfc9315bc5006af1d,french-124_03,huawei,doe,87,train/attack/digital_1/huawei/french-124_03.jpg,train/bonafide/huawei/french-124_03.jpg,2375,1402,2887,1914,2525,1600,2737,1717,0,attack,1,data/processed/text_patch512/dev_val/digital_1/attack/646cfc9315bc5006af1d.png,1.0
POST_HOC_NATIVE_TEXT_PATCH512_DIAGNOSTIC,10,dev_val,digital_1,646cfc9315bc5006af1d,french-124_03,huawei,doe,87,train/attack/digital_1/huawei/french-124_03.jpg,train/bonafide/huawei/french-124_03.jpg,2375,1402,2887,1914,2525,1600,2737,1717,0,bonafide,0,data/processed/text_patch512/dev_val/digital_1/bonafide/646cfc9315bc5006af1d.png,0.0010318756103515625
POST_HOC_NATIVE_TEXT_PATCH512_DIAGNOSTIC,10,dev_val,digital_1,2f8587bc1e57199b0ca3,french-124_03,huawei,alternative,87,train/attack/digital_1/huawei/french-124_03.jpg,train/bonafide/huawei/french-124_03.jpg,1196,1167,1708,1679,1075,1363,1829,1483,0,attack,1,data/processed/text_patch512/dev_val/digital_1/attack/2f8587bc1e57199b0ca3.png,1.0
POST_HOC_NATIVE_TEXT_PATCH512_DIAGNOSTIC,10,dev_val,digital_1,2f8587bc1e57199b0ca3,french-124_03,huawei,alternative,87,train/attack/digital_1/huawei/french-124_03.jpg,train/bonafide/huawei/french-124_03.jpg,1196,1167,1708,1679,1075,1363,1829,1483,0,bonafide,0,data/processed/text_patch512/dev_val/digital_1/bonafide/2f8587bc1e57199b0ca3.png,0.0030345916748046875
POST_HOC_NATIVE_TEXT_PATCH512_DIAGNOSTIC,10,dev_val,digital_1,34d0b95a2f75ffce3573,french-124_03,iphone15pro,dob,76,train/attack/digital_1/iphone15pro/french-124_03.jpg,train/bonafide/iphone15pro/french-124_03.jpg,2058,658,2570,1170,2224,869,2405,958,0,attack,1,data/processed/text_patch512/dev_val/digital_1/attack/34d0b95a2f75ffce3573.png,1.0
POST_HOC_NATIVE_TEXT_PATCH512_DIAGNOSTIC,10,dev_val,digital_1,34d0b95a2f75ffce3573,french-124_03,iphone15pro,dob,76,train/attack/digital_1/iphone15pro/french-124_03.jpg,train/bonafide/iphone15pro/french-124_03.jpg,2058,658,2570,1170,2224,869,2405,958,0,bonafide,0,data/processed/text_patch512/dev_val/digital_1/bonafide/34d0b95a2f75ffce3573.png,0.0038700103759765625
POST_HOC_NATIVE_TEXT_PATCH512_DIAGNOSTIC,10,dev_val,digital_1,b0a0592b3c726d6c2f36,french-124_03,iphone15pro,doe,76,train/attack/digital_1/iphone15pro/french-124_03.jpg,train/bonafide/iphone15pro/french-124_03.jpg,2062,1202,2574,1714,2226,1414,2411,1503,0,attack,1,data/processed/text_patch512/dev_val/digital_1/attack/b0a0592b3c726d6c2f36.png,1.0
POST_HOC_NATIVE_TEXT_PATCH512_DIAGNOSTIC,10,dev_val,digital_1,b0a0592b3c726d6c2f36,french-124_03,iphone15pro,doe,76,train/attack/digital_1/iphone15pro/french-124_03.jpg,train/bonafide/iphone15pro/french-124_03.jpg,2062,1202,2574,1714,2226,1414,2411,1503,0,bonafide,0,data/processed/text_patch512/dev_val/digital_1/bonafide/b0a0592b3c726d6c2f36.png,0.0018138885498046875
POST_HOC_NATIVE_TEXT_PATCH512_DIAGNOSTIC,10,dev_val,digital_1,e76e52071505f1d938a1,french-124_03,iphone15pro,alternative,76,train/attack/digital_1/iphone15pro/french-124_03.jpg,train/bonafide/iphone15pro/french-124_03.jpg,1033,1025,1545,1537,960,1239,1618,1323,0,attack,1,data/processed/text_patch512/dev_val/digital_1/attack/e76e52071505f1d938a1.png,1.0
POST_HOC_NATIVE_TEXT_PATCH512_DIAGNOSTIC,10,dev_val,digital_1,e76e52071505f1d938a1,french-124_03,iphone15pro,alternative,76,train/attack/digital_1/iphone15pro/french-124_03.jpg,train/bonafide/iphone15pro/french-124_03.jpg,1033,1025,1545,1537,960,1239,1618,1323,0,bonafide,0,data/processed/text_patch512/dev_val/digital_1/bonafide/e76e52071505f1d938a1.png,0.025390625
POST_HOC_NATIVE_TEXT_PATCH512_DIAGNOSTIC,10,dev_val,digital_1,43d304199c714cd48d79,french-124_03,scan,dob,87,train/attack/digital_1/scan/french-124_03.jpg,train/bonafide/scan/french-124_03.jpg,1392,402,1904,914,1581,622,1714,693,0,attack,1,data/processed/text_patch512/dev_val/digital_1/attack/43d304199c714cd48d79.png,1.0
POST_HOC_NATIVE_TEXT_PATCH512_DIAGNOSTIC,10,dev_val,digital_1,43d304199c714cd48d79,french-124_03,scan,dob,87,train/attack/digital_1/scan/french-124_03.jpg,train/bonafide/scan/french-124_03.jpg,1392,402,1904,914,1581,622,1714,693,0,bonafide,0,data/processed/text_patch512/dev_val/digital_1/bonafide/43d304199c714cd48d79.png,0.0013647079467773438
POST_HOC_NATIVE_TEXT_PATCH512_DIAGNOSTIC,10,dev_val,digital_1,cdb60f8ee15673311ecc,french-124_03,scan,doe,87,train/attack/digital_1/scan/french-124_03.jpg,train/bonafide/scan/french-124_03.jpg,1382,737,1894,1249,1572,1010,1705,1081,0,attack,1,data/processed/text_patch512/dev_val/digital_1/attack/cdb60f8ee15673311ecc.png,1.0
POST_HOC_NATIVE_TEXT_PATCH512_DIAGNOSTIC,10,dev_val,digital_1,cdb60f8ee15673311ecc,french-124_03,scan,doe,87,train/attack/digital_1/scan/french-124_03.jpg,train/bonafide/scan/french-124_03.jpg,1382,737,1894,1249,1572,1010,1705,1081,0,bonafide,0,data/processed/text_patch512/dev_val/digital_1/bonafide/cdb60f8ee15673311ecc.png,0.01166534423828125
POST_HOC_NATIVE_TEXT_PATCH512_DIAGNOSTIC,10,dev_val,digital_1,90555e0dbe2a164f3a09,french-124_03,scan,alternative,87,train/attack/digital_1/scan/french-124_03.jpg,train/bonafide/scan/french-124_03.jpg,650,644,1162,1156,671,863,1140,938,0,attack,1,data/processed/text_patch512/dev_val/digital_1/attack/90555e0dbe2a164f3a09.png,1.0
POST_HOC_NATIVE_TEXT_PATCH512_DIAGNOSTIC,10,dev_val,digital_1,90555e0dbe2a164f3a09,french-124_03,scan,alternative,87,train/attack/digital_1/scan/french-124_03.jpg,train/bonafide/scan/french-124_03.jpg,650,644,1162,1156,671,863,1140,938,0,bonafide,0,data/processed/text_patch512/dev_val/digital_1/bonafide/90555e0dbe2a164f3a09.png,0.00046825408935546875
POST_HOC_NATIVE_TEXT_PATCH512_DIAGNOSTIC,10,dev_val,digital_2,e567fa54686683a05d91,french-124_03,huawei,dob,87,train/attack/digital_2/huawei/french-124_03.jpg,train/bonafide/huawei/french-124_03.jpg,2392,788,2904,1300,2542,985,2754,1102,0,attack,1,data/processed/text_patch512/dev_val/digital_2/attack/e567fa54686683a05d91.png,1.0
POST_HOC_NATIVE_TEXT_PATCH512_DIAGNOSTIC,10,dev_val,digital_2,e567fa54686683a05d91,french-124_03,huawei,dob,87,train/attack/digital_2/huawei/french-124_03.jpg,train/bonafide/huawei/french-124_03.jpg,2392,788,2904,1300,2542,985,2754,1102,0,bonafide,0,data/processed/text_patch512/dev_val/digital_2/bonafide/e567fa54686683a05d91.png,0.0017747879028320312
POST_HOC_NATIVE_TEXT_PATCH512_DIAGNOSTIC,10,dev_val,digital_2,fbf74e88754848b94a1d,french-124_03,huawei,doe,87,train/attack/digital_2/huawei/french-124_03.jpg,train/bonafide/huawei/french-124_03.jpg,2375,1402,2887,1914,2525,1600,2737,1717,0,attack,1,data/processed/text_patch512/dev_val/digital_2/attack/fbf74e88754848b94a1d.png,1.0
POST_HOC_NATIVE_TEXT_PATCH512_DIAGNOSTIC,10,dev_val,digital_2,fbf74e88754848b94a1d,french-124_03,huawei,doe,87,train/attack/digital_2/huawei/french-124_03.jpg,train/bonafide/huawei/french-124_03.jpg,2375,1402,2887,1914,2525,1600,2737,1717,0,bonafide,0,data/processed/text_patch512/dev_val/digital_2/bonafide/fbf74e88754848b94a1d.png,0.0010318756103515625
POST_HOC_NATIVE_TEXT_PATCH512_DIAGNOSTIC,10,dev_val,digital_2,af95cb6cedd6d8a3b18c,french-124_03,huawei,alternative,87,train/attack/digital_2/huawei/french-124_03.jpg,train/bonafide/huawei/french-124_03.jpg,1196,1167,1708,1679,1075,1363,1829,1483,0,attack,1,data/processed/text_patch512/dev_val/digital_2/attack/af95cb6cedd6d8a3b18c.png,1.0
POST_HOC_NATIVE_TEXT_PATCH512_DIAGNOSTIC,10,dev_val,digital_2,af95cb6cedd6d8a3b18c,french-124_03,huawei,alternative,87,train/attack/digital_2/huawei/french-124_03.jpg,train/bonafide/huawei/french-124_03.jpg,1196,1167,1708,1679,1075,1363,1829,1483,0,bonafide,0,data/processed/text_patch512/dev_val/digital_2/bonafide/af95cb6cedd6d8a3b18c.png,0.0030345916748046875
POST_HOC_NATIVE_TEXT_PATCH512_DIAGNOSTIC,10,dev_val,digital_2,92a9185956dabeba4a8c,french-124_03,iphone15pro,dob,76,train/attack/digital_2/iphone15pro/french-124_03.jpg,train/bonafide/iphone15pro/french-124_03.jpg,2058,658,2570,1170,2224,869,2405,958,0,attack,1,data/processed/text_patch512/dev_val/digital_2/attack/92a9185956dabeba4a8c.png,0.998046875
POST_HOC_NATIVE_TEXT_PATCH512_DIAGNOSTIC,10,dev_val,digital_2,92a9185956dabeba4a8c,french-124_03,iphone15pro,dob,76,train/attack/digital_2/iphone15pro/french-124_03.jpg,train/bonafide/iphone15pro/french-124_03.jpg,2058,658,2570,1170,2224,869,2405,958,0,bonafide,0,data/processed/text_patch512/dev_val/digital_2/bonafide/92a9185956dabeba4a8c.png,0.0038700103759765625
POST_HOC_NATIVE_TEXT_PATCH512_DIAGNOSTIC,10,dev_val,digital_2,bd9bf9db6d7b68cb79c2,french-124_03,iphone15pro,doe,76,train/attack/digital_2/iphone15pro/french-124_03.jpg,train/bonafide/iphone15pro/french-124_03.jpg,2062,1202,2574,1714,2226,1414,2411,1503,0,attack,1,data/processed/text_patch512/dev_val/digital_2/attack/bd9bf9db6d7b68cb79c2.png,0.99951171875
POST_HOC_NATIVE_TEXT_PATCH512_DIAGNOSTIC,10,dev_val,digital_2,bd9bf9db6d7b68cb79c2,french-124_03,iphone15pro,doe,76,train/attack/digital_2/iphone15pro/french-124_03.jpg,train/bonafide/iphone15pro/french-124_03.jpg,2062,1202,2574,1714,2226,1414,2411,1503,0,bonafide,0,data/processed/text_patch512/dev_val/digital_2/bonafide/bd9bf9db6d7b68cb79c2.png,0.0018138885498046875
POST_HOC_NATIVE_TEXT_PATCH512_DIAGNOSTIC,10,dev_val,digital_2,50db750de3c5e46645c9,french-124_03,iphone15pro,alternative,76,train/attack/digital_2/iphone15pro/french-124_03.jpg,train/bonafide/iphone15pro/french-124_03.jpg,1033,1025,1545,1537,960,1239,1618,1323,0,attack,1,data/processed/text_patch512/dev_val/digital_2/attack/50db750de3c5e46645c9.png,1.0
POST_HOC_NATIVE_TEXT_PATCH512_DIAGNOSTIC,10,dev_val,digital_2,50db750de3c5e46645c9,french-124_03,iphone15pro,alternative,76,train/attack/digital_2/iphone15pro/french-124_03.jpg,train/bonafide/iphone15pro/french-124_03.jpg,1033,1025,1545,1537,960,1239,1618,1323,0,bonafide,0,data/processed/text_patch512/dev_val/digital_2/bonafide/50db750de3c5e46645c9.png,0.025390625
POST_HOC_NATIVE_TEXT_PATCH512_DIAGNOSTIC,10,dev_val,digital_2,5f278fd32ed1b23a9340,french-124_03,scan,dob,87,train/attack/digital_2/scan/french-124_03.jpg,train/bonafide/scan/french-124_03.jpg,1392,402,1904,914,1581,622,1714,693,0,attack,1,data/processed/text_patch512/dev_val/digital_2/attack/5f278fd32ed1b23a9340.png,0.99853515625
POST_HOC_NATIVE_TEXT_PATCH512_DIAGNOSTIC,10,dev_val,digital_2,5f278fd32ed1b23a9340,french-124_03,scan,dob,87,train/attack/digital_2/scan/french-124_03.jpg,train/bonafide/scan/french-124_03.jpg,1392,402,1904,914,1581,622,1714,693,0,bonafide,0,data/processed/text_patch512/dev_val/digital_2/bonafide/5f278fd32ed1b23a9340.png,0.0013647079467773438
POST_HOC_NATIVE_TEXT_PATCH512_DIAGNOSTIC,10,dev_val,digital_2,3bb317632cc62df02add,french-124_03,scan,doe,87,train/attack/digital_2/scan/french-124_03.jpg,train/bonafide/scan/french-124_03.jpg,1382,737,1894,1249,1572,1010,1705,1081,0,attack,1,data/processed/text_patch512/dev_val/digital_2/attack/3bb317632cc62df02add.png,1.0
POST_HOC_NATIVE_TEXT_PATCH512_DIAGNOSTIC,10,dev_val,digital_2,3bb317632cc62df02add,french-124_03,scan,doe,87,train/attack/digital_2/scan/french-124_03.jpg,train/bonafide/scan/french-124_03.jpg,1382,737,1894,1249,1572,1010,1705,1081,0,bonafide,0,data/processed/text_patch512/dev_val/digital_2/bonafide/3bb317632cc62df02add.png,0.01166534423828125
POST_HOC_NATIVE_TEXT_PATCH512_DIAGNOSTIC,10,dev_val,digital_2,207bcbf9b79314ec1ca8,french-124_03,scan,alternative,87,train/attack/digital_2/scan/french-124_03.jpg,train/bonafide/scan/french-124_03.jpg,650,644,1162,1156,671,863,1140,938,0,attack,1,data/processed/text_patch512/dev_val/digital_2/attack/207bcbf9b79314ec1ca8.png,1.0
POST_HOC_NATIVE_TEXT_PATCH512_DIAGNOSTIC,10,dev_val,digital_2,207bcbf9b79314ec1ca8,french-124_03,scan,alternative,87,train/attack/digital_2/scan/french-124_03.jpg,train/bonafide/scan/french-124_03.jpg,650,644,1162,1156,671,863,1140,938,0,bonafide,0,data/processed/text_patch512/dev_val/digital_2/bonafide/207bcbf9b79314ec1ca8.png,0.00046825408935546875
POST_HOC_NATIVE_TEXT_PATCH512_DIAGNOSTIC,10,dev_val,digital_1,4665dc4f6b6b5a0cb12e,french-128_03,huawei,dob,89,train/attack/digital_1/huawei/french-128_03.jpg,train/bonafide/huawei/french-128_03.jpg,2388,790,2900,1302,2540,989,2748,1103,0,attack,1,data/processed/text_patch512/dev_val/digital_1/attack/4665dc4f6b6b5a0cb12e.png,1.0
POST_HOC_NATIVE_TEXT_PATCH512_DIAGNOSTIC,10,dev_val,digital_1,4665dc4f6b6b5a0cb12e,french-128_03,huawei,dob,89,train/attack/digital_1/huawei/french-128_03.jpg,train/bonafide/huawei/french-128_03.jpg,2388,790,2900,1302,2540,989,2748,1103,0,bonafide,0,data/processed/text_patch512/dev_val/digital_1/bonafide/4665dc4f6b6b5a0cb12e.png,0.0002551078796386719
POST_HOC_NATIVE_TEXT_PATCH512_DIAGNOSTIC,10,dev_val,digital_1,07b0081eaa96bf90a3d7,french-128_03,huawei,doe,89,train/attack/digital_1/huawei/french-128_03.jpg,train/bonafide/huawei/french-128_03.jpg,2374,1410,2886,1922,2526,1607,2734,1724,0,attack,1,data/processed/text_patch512/dev_val/digital_1/attack/07b0081eaa96bf90a3d7.png,1.0
POST_HOC_NATIVE_TEXT_PATCH512_DIAGNOSTIC,10,dev_val,digital_1,07b0081eaa96bf90a3d7,french-128_03,huawei,doe,89,train/attack/digital_1/huawei/french-128_03.jpg,train/bonafide/huawei/french-128_03.jpg,2374,1410,2886,1922,2526,1607,2734,1724,0,bonafide,0,data/processed/text_patch512/dev_val/digital_1/bonafide/07b0081eaa96bf90a3d7.png,0.00033283233642578125
POST_HOC_NATIVE_TEXT_PATCH512_DIAGNOSTIC,10,dev_val,digital_1,39fd1e65fcae7518369c,french-128_03,huawei,name,89,train/attack/digital_1/huawei/french-128_03.jpg,train/bonafide/huawei/french-128_03.jpg,1106,521,1618,1033,1068,720,1655,834,0,attack,1,data/processed/text_patch512/dev_val/digital_1/attack/39fd1e65fcae7518369c.png,1.0
POST_HOC_NATIVE_TEXT_PATCH512_DIAGNOSTIC,10,dev_val,digital_1,39fd1e65fcae7518369c,french-128_03,huawei,name,89,train/attack/digital_1/huawei/french-128_03.jpg,train/bonafide/huawei/french-128_03.jpg,1106,521,1618,1033,1068,720,1655,834,0,bonafide,0,data/processed/text_patch512/dev_val/digital_1/bonafide/39fd1e65fcae7518369c.png,0.00023877620697021484
POST_HOC_NATIVE_TEXT_PATCH512_DIAGNOSTIC,10,dev_val,digital_1,fd097d4781ece8b67e56,french-128_03,iphone15pro,dob,68,train/attack/digital_1/iphone15pro/french-128_03.jpg,train/bonafide/iphone15pro/french-128_03.jpg,2067,665,2579,1177,2230,876,2416,966,0,attack,1,data/processed/text_patch512/dev_val/digital_1/attack/fd097d4781ece8b67e56.png,1.0
POST_HOC_NATIVE_TEXT_PATCH512_DIAGNOSTIC,10,dev_val,digital_1,fd097d4781ece8b67e56,french-128_03,iphone15pro,dob,68,train/attack/digital_1/iphone15pro/french-128_03.jpg,train/bonafide/iphone15pro/french-128_03.jpg,2067,665,2579,1177,2230,876,2416,966,0,bonafide,0,data/processed/text_patch512/dev_val/digital_1/bonafide/fd097d4781ece8b67e56.png,0.0007901191711425781
POST_HOC_NATIVE_TEXT_PATCH512_DIAGNOSTIC,10,dev_val,digital_1,a7fb61f439bcaa9515e6,french-128_03,iphone15pro,doe,68,train/attack/digital_1/iphone15pro/french-128_03.jpg,train/bonafide/iphone15pro/french-128_03.jpg,2077,1210,2589,1722,2240,1422,2426,1509,0,attack,1,data/processed/text_patch512/dev_val/digital_1/attack/a7fb61f439bcaa9515e6.png,1.0
POST_HOC_NATIVE_TEXT_PATCH512_DIAGNOSTIC,10,dev_val,digital_1,a7fb61f439bcaa9515e6,french-128_03,iphone15pro,doe,68,train/attack/digital_1/iphone15pro/french-128_03.jpg,train/bonafide/iphone15pro/french-128_03.jpg,2077,1210,2589,1722,2240,1422,2426,1509,0,bonafide,0,data/processed/text_patch512/dev_val/digital_1/bonafide/a7fb61f439bcaa9515e6.png,0.00020825862884521484
POST_HOC_NATIVE_TEXT_PATCH512_DIAGNOSTIC,10,dev_val,digital_1,955be53761fde9735e76,french-128_03,iphone15pro,name,68,train/attack/digital_1/iphone15pro/french-128_03.jpg,train/bonafide/iphone15pro/french-128_03.jpg,950,450,1462,962,949,663,1464,750,0,attack,1,data/processed/text_patch512/dev_val/digital_1/attack/955be53761fde9735e76.png,1.0
POST_HOC_NATIVE_TEXT_PATCH512_DIAGNOSTIC,10,dev_val,digital_1,955be53761fde9735e76,french-128_03,iphone15pro,name,68,train/attack/digital_1/iphone15pro/french-128_03.jpg,train/bonafide/iphone15pro/french-128_03.jpg,950,450,1462,962,949,663,1464,750,0,bonafide,0,data/processed/text_patch512/dev_val/digital_1/bonafide/955be53761fde9735e76.png,0.0006918907165527344
POST_HOC_NATIVE_TEXT_PATCH512_DIAGNOSTIC,10,dev_val,digital_1,87222f75400da3af239a,french-128_03,scan,dob,56,train/attack/digital_1/scan/french-128_03.jpg,train/bonafide/scan/french-128_03.jpg,1390,408,1902,920,1579,627,1712,700,0,attack,1,data/processed/text_patch512/dev_val/digital_1/attack/87222f75400da3af239a.png,1.0
POST_HOC_NATIVE_TEXT_PATCH512_DIAGNOSTIC,10,dev_val,digital_1,87222f75400da3af239a,french-128_03,scan,dob,56,train/attack/digital_1/scan/french-128_03.jpg,train/bonafide/scan/french-128_03.jpg,1390,408,1902,920,1579,627,1712,700,0,bonafide,0,data/processed/text_patch512/dev_val/digital_1/bonafide/87222f75400da3af239a.png,0.00974273681640625
POST_HOC_NATIVE_TEXT_PATCH512_DIAGNOSTIC,10,dev_val,digital_1,4f94a4babde46a14fee9,french-128_03,scan,doe,56,train/attack/digital_1/scan/french-128_03.jpg,train/bonafide/scan/french-128_03.jpg,1380,735,1892,1247,1570,1013,1703,1084,0,attack,1,data/processed/text_patch512/dev_val/digital_1/attack/4f94a4babde46a14fee9.png,1.0
POST_HOC_NATIVE_TEXT_PATCH512_DIAGNOSTIC,10,dev_val,digital_1,4f94a4babde46a14fee9,french-128_03,scan,doe,56,train/attack/digital_1/scan/french-128_03.jpg,train/bonafide/scan/french-128_03.jpg,1380,735,1892,1247,1570,1013,1703,1084,0,bonafide,0,data/processed/text_patch512/dev_val/digital_1/bonafide/4f94a4babde46a14fee9.png,0.004375457763671875
POST_HOC_NATIVE_TEXT_PATCH512_DIAGNOSTIC,10,dev_val,digital_1,5a3414a9b6034f8a4fd3,french-128_03,scan,name,56,train/attack/digital_1/scan/french-128_03.jpg,train/bonafide/scan/french-128_03.jpg,632,236,1144,748,673,455,1039,528,0,attack,1,data/processed/text_patch512/dev_val/digital_1/attack/5a3414a9b6034f8a4fd3.png,1.0
POST_HOC_NATIVE_TEXT_PATCH512_DIAGNOSTIC,10,dev_val,digital_1,5a3414a9b6034f8a4fd3,french-128_03,scan,name,56,train/attack/digital_1/scan/french-128_03.jpg,train/bonafide/scan/french-128_03.jpg,632,236,1144,748,673,455,1039,528,0,bonafide,0,data/processed/text_patch512/dev_val/digital_1/bonafide/5a3414a9b6034f8a4fd3.png,0.0003452301025390625
POST_HOC_NATIVE_TEXT_PATCH512_DIAGNOSTIC,10,dev_val,digital_2,2df9a238dd5b95c62bb2,french-128_03,huawei,dob,89,train/attack/digital_2/huawei/french-128_03.jpg,train/bonafide/huawei/french-128_03.jpg,2388,790,2900,1302,2540,989,2748,1103,0,attack,1,data/processed/text_patch512/dev_val/digital_2/attack/2df9a238dd5b95c62bb2.png,1.0
POST_HOC_NATIVE_TEXT_PATCH512_DIAGNOSTIC,10,dev_val,digital_2,2df9a238dd5b95c62bb2,french-128_03,huawei,dob,89,train/attack/digital_2/huawei/french-128_03.jpg,train/bonafide/huawei/french-128_03.jpg,2388,790,2900,1302,2540,989,2748,1103,0,bonafide,0,data/processed/text_patch512/dev_val/digital_2/bonafide/2df9a238dd5b95c62bb2.png,0.0002551078796386719
POST_HOC_NATIVE_TEXT_PATCH512_DIAGNOSTIC,10,dev_val,digital_2,502c1cc41f2ada19b20c,french-128_03,huawei,doe,89,train/attack/digital_2/huawei/french-128_03.jpg,train/bonafide/huawei/french-128_03.jpg,2374,1410,2886,1922,2526,1607,2734,1724,0,attack,1,data/processed/text_patch512/dev_val/digital_2/attack/502c1cc41f2ada19b20c.png,1.0
POST_HOC_NATIVE_TEXT_PATCH512_DIAGNOSTIC,10,dev_val,digital_2,502c1cc41f2ada19b20c,french-128_03,huawei,doe,89,train/attack/digital_2/huawei/french-128_03.jpg,train/bonafide/huawei/french-128_03.jpg,2374,1410,2886,1922,2526,1607,2734,1724,0,bonafide,0,data/processed/text_patch512/dev_val/digital_2/bonafide/502c1cc41f2ada19b20c.png,0.00033283233642578125
POST_HOC_NATIVE_TEXT_PATCH512_DIAGNOSTIC,10,dev_val,digital_2,cf9404d8a0875e6f0115,french-128_03,huawei,name,89,train/attack/digital_2/huawei/french-128_03.jpg,train/bonafide/huawei/french-128_03.jpg,1106,521,1618,1033,1068,720,1655,834,0,attack,1,data/processed/text_patch512/dev_val/digital_2/attack/cf9404d8a0875e6f0115.png,1.0
POST_HOC_NATIVE_TEXT_PATCH512_DIAGNOSTIC,10,dev_val,digital_2,cf9404d8a0875e6f0115,french-128_03,huawei,name,89,train/attack/digital_2/huawei/french-128_03.jpg,train/bonafide/huawei/french-128_03.jpg,1106,521,1618,1033,1068,720,1655,834,0,bonafide,0,data/processed/text_patch512/dev_val/digital_2/bonafide/cf9404d8a0875e6f0115.png,0.00023877620697021484
POST_HOC_NATIVE_TEXT_PATCH512_DIAGNOSTIC,10,dev_val,digital_2,ba3229c3fe1d0223e335,french-128_03,iphone15pro,dob,68,train/attack/digital_2/iphone15pro/french-128_03.jpg,train/bonafide/iphone15pro/french-128_03.jpg,2067,665,2579,1177,2230,876,2416,966,0,attack,1,data/processed/text_patch512/dev_val/digital_2/attack/ba3229c3fe1d0223e335.png,1.0
POST_HOC_NATIVE_TEXT_PATCH512_DIAGNOSTIC,10,dev_val,digital_2,ba3229c3fe1d0223e335,french-128_03,iphone15pro,dob,68,train/attack/digital_2/iphone15pro/french-128_03.jpg,train/bonafide/iphone15pro/french-128_03.jpg,2067,665,2579,1177,2230,876,2416,966,0,bonafide,0,data/processed/text_patch512/dev_val/digital_2/bonafide/ba3229c3fe1d0223e335.png,0.0007901191711425781
POST_HOC_NATIVE_TEXT_PATCH512_DIAGNOSTIC,10,dev_val,digital_2,4f64664184ae025a7a3d,french-128_03,iphone15pro,doe,68,train/attack/digital_2/iphone15pro/french-128_03.jpg,train/bonafide/iphone15pro/french-128_03.jpg,2077,1210,2589,1722,2240,1422,2426,1509,0,attack,1,data/processed/text_patch512/dev_val/digital_2/attack/4f64664184ae025a7a3d.png,1.0
POST_HOC_NATIVE_TEXT_PATCH512_DIAGNOSTIC,10,dev_val,digital_2,4f64664184ae025a7a3d,french-128_03,iphone15pro,doe,68,train/attack/digital_2/iphone15pro/french-128_03.jpg,train/bonafide/iphone15pro/french-128_03.jpg,2077,1210,2589,1722,2240,1422,2426,1509,0,bonafide,0,data/processed/text_patch512/dev_val/digital_2/bonafide/4f64664184ae025a7a3d.png,0.00020825862884521484
POST_HOC_NATIVE_TEXT_PATCH512_DIAGNOSTIC,10,dev_val,digital_2,27883d36869ad020b1cc,french-128_03,iphone15pro,name,68,train/attack/digital_2/iphone15pro/french-128_03.jpg,train/bonafide/iphone15pro/french-128_03.jpg,950,450,1462,962,949,663,1464,750,0,attack,1,data/processed/text_patch512/dev_val/digital_2/attack/27883d36869ad020b1cc.png,1.0
POST_HOC_NATIVE_TEXT_PATCH512_DIAGNOSTIC,10,dev_val,digital_2,27883d36869ad020b1cc,french-128_03,iphone15pro,name,68,train/attack/digital_2/iphone15pro/french-128_03.jpg,train/bonafide/iphone15pro/french-128_03.jpg,950,450,1462,962,949,663,1464,750,0,bonafide,0,data/processed/text_patch512/dev_val/digital_2/bonafide/27883d36869ad020b1cc.png,0.0006918907165527344
POST_HOC_NATIVE_TEXT_PATCH512_DIAGNOSTIC,10,dev_val,digital_2,02d9f1a3ef35ea1ffedb,french-128_03,scan,dob,56,train/attack/digital_2/scan/french-128_03.jpg,train/bonafide/scan/french-128_03.jpg,1390,408,1902,920,1579,627,1712,700,0,attack,1,data/processed/text_patch512/dev_val/digital_2/attack/02d9f1a3ef35ea1ffedb.png,1.0
POST_HOC_NATIVE_TEXT_PATCH512_DIAGNOSTIC,10,dev_val,digital_2,02d9f1a3ef35ea1ffedb,french-128_03,scan,dob,56,train/attack/digital_2/scan/french-128_03.jpg,train/bonafide/scan/french-128_03.jpg,1390,408,1902,920,1579,627,1712,700,0,bonafide,0,data/processed/text_patch512/dev_val/digital_2/bonafide/02d9f1a3ef35ea1ffedb.png,0.00974273681640625
POST_HOC_NATIVE_TEXT_PATCH512_DIAGNOSTIC,10,dev_val,digital_2,5bc7d230a13211be1437,french-128_03,scan,doe,56,train/attack/digital_2/scan/french-128_03.jpg,train/bonafide/scan/french-128_03.jpg,1380,735,1892,1247,1570,1013,1703,1084,0,attack,1,data/processed/text_patch512/dev_val/digital_2/attack/5bc7d230a13211be1437.png,0.9990234375
POST_HOC_NATIVE_TEXT_PATCH512_DIAGNOSTIC,10,dev_val,digital_2,5bc7d230a13211be1437,french-128_03,scan,doe,56,train/attack/digital_2/scan/french-128_03.jpg,train/bonafide/scan/french-128_03.jpg,1380,735,1892,1247,1570,1013,1703,1084,0,bonafide,0,data/processed/text_patch512/dev_val/digital_2/bonafide/5bc7d230a13211be1437.png,0.004375457763671875
POST_HOC_NATIVE_TEXT_PATCH512_DIAGNOSTIC,10,dev_val,digital_2,9efcb8f06cf0613fc79f,french-128_03,scan,name,56,train/attack/digital_2/scan/french-128_03.jpg,train/bonafide/scan/french-128_03.jpg,632,236,1144,748,673,455,1039,528,0,attack,1,data/processed/text_patch512/dev_val/digital_2/attack/9efcb8f06cf0613fc79f.png,1.0
POST_HOC_NATIVE_TEXT_PATCH512_DIAGNOSTIC,10,dev_val,digital_2,9efcb8f06cf0613fc79f,french-128_03,scan,name,56,train/attack/digital_2/scan/french-128_03.jpg,train/bonafide/scan/french-128_03.jpg,632,236,1144,748,673,455,1039,528,0,bonafide,0,data/processed/text_patch512/dev_val/digital_2/bonafide/9efcb8f06cf0613fc79f.png,0.0003452301025390625
POST_HOC_NATIVE_TEXT_PATCH512_DIAGNOSTIC,10,dev_val,digital_1,7a2440aea1339bef6b86,french-NF-1047,huawei,dob,83,train/attack/digital_1/huawei/french-NF-1047.jpg,train/bonafide/huawei/french-NF-1047.jpg,2400,786,2912,1298,2551,984,2761,1101,0,attack,1,data/processed/text_patch512/dev_val/digital_1/attack/7a2440aea1339bef6b86.png,1.0
POST_HOC_NATIVE_TEXT_PATCH512_DIAGNOSTIC,10,dev_val,digital_1,7a2440aea1339bef6b86,french-NF-1047,huawei,dob,83,train/attack/digital_1/huawei/french-NF-1047.jpg,train/bonafide/huawei/french-NF-1047.jpg,2400,786,2912,1298,2551,984,2761,1101,0,bonafide,0,data/processed/text_patch512/dev_val/digital_1/bonafide/7a2440aea1339bef6b86.png,0.0007481575012207031
POST_HOC_NATIVE_TEXT_PATCH512_DIAGNOSTIC,10,dev_val,digital_1,0072845d2e53982293eb,french-NF-1047,huawei,doe,83,train/attack/digital_1/huawei/french-NF-1047.jpg,train/bonafide/huawei/french-NF-1047.jpg,2386,1404,2898,1916,2537,1602,2747,1719,0,attack,1,data/processed/text_patch512/dev_val/digital_1/attack/0072845d2e53982293eb.png,1.0
POST_HOC_NATIVE_TEXT_PATCH512_DIAGNOSTIC,10,dev_val,digital_1,0072845d2e53982293eb,french-NF-1047,huawei,doe,83,train/attack/digital_1/huawei/french-NF-1047.jpg,train/bonafide/huawei/french-NF-1047.jpg,2386,1404,2898,1916,2537,1602,2747,1719,0,bonafide,0,data/processed/text_patch512/dev_val/digital_1/bonafide/0072845d2e53982293eb.png,0.0009527206420898438
POST_HOC_NATIVE_TEXT_PATCH512_DIAGNOSTIC,10,dev_val,digital_1,5c1f9fc8cd36f38b3d60,french-NF-1047,huawei,alternative,83,train/attack/digital_1/huawei/french-NF-1047.jpg,train/bonafide/huawei/french-NF-1047.jpg,1123,1168,1635,1680,1079,1366,1679,1483,0,attack,1,data/processed/text_patch512/dev_val/digital_1/attack/5c1f9fc8cd36f38b3d60.png,1.0
POST_HOC_NATIVE_TEXT_PATCH512_DIAGNOSTIC,10,dev_val,digital_1,5c1f9fc8cd36f38b3d60,french-NF-1047,huawei,alternative,83,train/attack/digital_1/huawei/french-NF-1047.jpg,train/bonafide/huawei/french-NF-1047.jpg,1123,1168,1635,1680,1079,1366,1679,1483,0,bonafide,0,data/processed/text_patch512/dev_val/digital_1/bonafide/5c1f9fc8cd36f38b3d60.png,0.00034332275390625
POST_HOC_NATIVE_TEXT_PATCH512_DIAGNOSTIC,10,dev_val,digital_1,c485891b2be791f62d6e,french-NF-1047,iphone15pro,dob,83,train/attack/digital_1/iphone15pro/french-NF-1047.jpg,train/bonafide/iphone15pro/french-NF-1047.jpg,2060,664,2572,1176,2224,875,2409,965,0,attack,1,data/processed/text_patch512/dev_val/digital_1/attack/c485891b2be791f62d6e.png,0.99951171875
POST_HOC_NATIVE_TEXT_PATCH512_DIAGNOSTIC,10,dev_val,digital_1,c485891b2be791f62d6e,french-NF-1047,iphone15pro,dob,83,train/attack/digital_1/iphone15pro/french-NF-1047.jpg,train/bonafide/iphone15pro/french-NF-1047.jpg,2060,664,2572,1176,2224,875,2409,965,0,bonafide,0,data/processed/text_patch512/dev_val/digital_1/bonafide/c485891b2be791f62d6e.png,0.002986907958984375
POST_HOC_NATIVE_TEXT_PATCH512_DIAGNOSTIC,10,dev_val,digital_1,362a1c98a12639c9f705,french-NF-1047,iphone15pro,doe,83,train/attack/digital_1/iphone15pro/french-NF-1047.jpg,train/bonafide/iphone15pro/french-NF-1047.jpg,2070,1208,2582,1720,2234,1419,2419,1509,0,attack,1,data/processed/text_patch512/dev_val/digital_1/attack/362a1c98a12639c9f705.png,1.0
POST_HOC_NATIVE_TEXT_PATCH512_DIAGNOSTIC,10,dev_val,digital_1,362a1c98a12639c9f705,french-NF-1047,iphone15pro,doe,83,train/attack/digital_1/iphone15pro/french-NF-1047.jpg,train/bonafide/iphone15pro/french-NF-1047.jpg,2070,1208,2582,1720,2234,1419,2419,1509,0,bonafide,0,data/processed/text_patch512/dev_val/digital_1/bonafide/362a1c98a12639c9f705.png,0.0021915435791015625
POST_HOC_NATIVE_TEXT_PATCH512_DIAGNOSTIC,10,dev_val,digital_1,0647d0aaee1a54192513,french-NF-1047,iphone15pro,alternative,83,train/attack/digital_1/iphone15pro/french-NF-1047.jpg,train/bonafide/iphone15pro/french-NF-1047.jpg,973,1028,1485,1540,967,1241,1491,1328,0,attack,1,data/processed/text_patch512/dev_val/digital_1/attack/0647d0aaee1a54192513.png,1.0
POST_HOC_NATIVE_TEXT_PATCH512_DIAGNOSTIC,10,dev_val,digital_1,0647d0aaee1a54192513,french-NF-1047,iphone15pro,alternative,83,train/attack/digital_1/iphone15pro/french-NF-1047.jpg,train/bonafide/iphone15pro/french-NF-1047.jpg,973,1028,1485,1540,967,1241,1491,1328,0,bonafide,0,data/processed/text_patch512/dev_val/digital_1/bonafide/0647d0aaee1a54192513.png,0.0005955696105957031
POST_HOC_NATIVE_TEXT_PATCH512_DIAGNOSTIC,10,dev_val,digital_1,a8415c4e1a2e37dfa73e,french-NF-1047,scan,dob,74,train/attack/digital_1/scan/french-NF-1047.jpg,train/bonafide/scan/french-NF-1047.jpg,1397,404,1909,916,1587,624,1719,695,0,attack,1,data/processed/text_patch512/dev_val/digital_1/attack/a8415c4e1a2e37dfa73e.png,0.99951171875
POST_HOC_NATIVE_TEXT_PATCH512_DIAGNOSTIC,10,dev_val,digital_1,a8415c4e1a2e37dfa73e,french-NF-1047,scan,dob,74,train/attack/digital_1/scan/french-NF-1047.jpg,train/bonafide/scan/french-NF-1047.jpg,1397,404,1909,916,1587,624,1719,695,0,bonafide,0,data/processed/text_patch512/dev_val/digital_1/bonafide/a8415c4e1a2e37dfa73e.png,0.0070953369140625
POST_HOC_NATIVE_TEXT_PATCH512_DIAGNOSTIC,10,dev_val,digital_1,cc3c55c36f3668bbfccb,french-NF-1047,scan,doe,74,train/attack/digital_1/scan/french-NF-1047.jpg,train/bonafide/scan/french-NF-1047.jpg,1387,735,1899,1247,1577,1009,1709,1080,0,attack,1,data/processed/text_patch512/dev_val/digital_1/attack/cc3c55c36f3668bbfccb.png,1.0
POST_HOC_NATIVE_TEXT_PATCH512_DIAGNOSTIC,10,dev_val,digital_1,cc3c55c36f3668bbfccb,french-NF-1047,scan,doe,74,train/attack/digital_1/scan/french-NF-1047.jpg,train/bonafide/scan/french-NF-1047.jpg,1387,735,1899,1247,1577,1009,1709,1080,0,bonafide,0,data/processed/text_patch512/dev_val/digital_1/bonafide/cc3c55c36f3668bbfccb.png,0.00713348388671875
POST_HOC_NATIVE_TEXT_PATCH512_DIAGNOSTIC,10,dev_val,digital_1,a8b7576c71197d553c28,french-NF-1047,scan,alternative,74,train/attack/digital_1/scan/french-NF-1047.jpg,train/bonafide/scan/french-NF-1047.jpg,642,644,1154,1156,679,864,1052,937,0,attack,1,data/processed/text_patch512/dev_val/digital_1/attack/a8b7576c71197d553c28.png,1.0
POST_HOC_NATIVE_TEXT_PATCH512_DIAGNOSTIC,10,dev_val,digital_1,a8b7576c71197d553c28,french-NF-1047,scan,alternative,74,train/attack/digital_1/scan/french-NF-1047.jpg,train/bonafide/scan/french-NF-1047.jpg,642,644,1154,1156,679,864,1052,937,0,bonafide,0,data/processed/text_patch512/dev_val/digital_1/bonafide/a8b7576c71197d553c28.png,0.00025653839111328125
POST_HOC_NATIVE_TEXT_PATCH512_DIAGNOSTIC,10,dev_val,digital_2,6a9e68051b396dafb5ce,french-NF-1047,huawei,dob,83,train/attack/digital_2/huawei/french-NF-1047.jpg,train/bonafide/huawei/french-NF-1047.jpg,2400,786,2912,1298,2551,984,2761,1101,0,attack,1,data/processed/text_patch512/dev_val/digital_2/attack/6a9e68051b396dafb5ce.png,1.0
POST_HOC_NATIVE_TEXT_PATCH512_DIAGNOSTIC,10,dev_val,digital_2,6a9e68051b396dafb5ce,french-NF-1047,huawei,dob,83,train/attack/digital_2/huawei/french-NF-1047.jpg,train/bonafide/huawei/french-NF-1047.jpg,2400,786,2912,1298,2551,984,2761,1101,0,bonafide,0,data/processed/text_patch512/dev_val/digital_2/bonafide/6a9e68051b396dafb5ce.png,0.0007481575012207031
POST_HOC_NATIVE_TEXT_PATCH512_DIAGNOSTIC,10,dev_val,digital_2,b8393762992a0407e7f4,french-NF-1047,huawei,doe,83,train/attack/digital_2/huawei/french-NF-1047.jpg,train/bonafide/huawei/french-NF-1047.jpg,2386,1404,2898,1916,2537,1602,2747,1719,0,attack,1,data/processed/text_patch512/dev_val/digital_2/attack/b8393762992a0407e7f4.png,1.0
POST_HOC_NATIVE_TEXT_PATCH512_DIAGNOSTIC,10,dev_val,digital_2,b8393762992a0407e7f4,french-NF-1047,huawei,doe,83,train/attack/digital_2/huawei/french-NF-1047.jpg,train/bonafide/huawei/french-NF-1047.jpg,2386,1404,2898,1916,2537,1602,2747,1719,0,bonafide,0,data/processed/text_patch512/dev_val/digital_2/bonafide/b8393762992a0407e7f4.png,0.0009527206420898438
POST_HOC_NATIVE_TEXT_PATCH512_DIAGNOSTIC,10,dev_val,digital_2,81af79592f891ea41ac3,french-NF-1047,huawei,alternative,83,train/attack/digital_2/huawei/french-NF-1047.jpg,train/bonafide/huawei/french-NF-1047.jpg,1123,1168,1635,1680,1079,1366,1679,1483,0,attack,1,data/processed/text_patch512/dev_val/digital_2/attack/81af79592f891ea41ac3.png,1.0
POST_HOC_NATIVE_TEXT_PATCH512_DIAGNOSTIC,10,dev_val,digital_2,81af79592f891ea41ac3,french-NF-1047,huawei,alternative,83,train/attack/digital_2/huawei/french-NF-1047.jpg,train/bonafide/huawei/french-NF-1047.jpg,1123,1168,1635,1680,1079,1366,1679,1483,0,bonafide,0,data/processed/text_patch512/dev_val/digital_2/bonafide/81af79592f891ea41ac3.png,0.00034332275390625
POST_HOC_NATIVE_TEXT_PATCH512_DIAGNOSTIC,10,dev_val,digital_2,e5f51095969e7e81f156,french-NF-1047,iphone15pro,dob,83,train/attack/digital_2/iphone15pro/french-NF-1047.jpg,train/bonafide/iphone15pro/french-NF-1047.jpg,2060,664,2572,1176,2224,875,2409,965,0,attack,1,data/processed/text_patch512/dev_val/digital_2/attack/e5f51095969e7e81f156.png,1.0
POST_HOC_NATIVE_TEXT_PATCH512_DIAGNOSTIC,10,dev_val,digital_2,e5f51095969e7e81f156,french-NF-1047,iphone15pro,dob,83,train/attack/digital_2/iphone15pro/french-NF-1047.jpg,train/bonafide/iphone15pro/french-NF-1047.jpg,2060,664,2572,1176,2224,875,2409,965,0,bonafide,0,data/processed/text_patch512/dev_val/digital_2/bonafide/e5f51095969e7e81f156.png,0.002986907958984375
POST_HOC_NATIVE_TEXT_PATCH512_DIAGNOSTIC,10,dev_val,digital_2,f6772f822f750a0173e8,french-NF-1047,iphone15pro,doe,83,train/attack/digital_2/iphone15pro/french-NF-1047.jpg,train/bonafide/iphone15pro/french-NF-1047.jpg,2070,1208,2582,1720,2234,1419,2419,1509,0,attack,1,data/processed/text_patch512/dev_val/digital_2/attack/f6772f822f750a0173e8.png,0.99951171875
POST_HOC_NATIVE_TEXT_PATCH512_DIAGNOSTIC,10,dev_val,digital_2,f6772f822f750a0173e8,french-NF-1047,iphone15pro,doe,83,train/attack/digital_2/iphone15pro/french-NF-1047.jpg,train/bonafide/iphone15pro/french-NF-1047.jpg,2070,1208,2582,1720,2234,1419,2419,1509,0,bonafide,0,data/processed/text_patch512/dev_val/digital_2/bonafide/f6772f822f750a0173e8.png,0.0021915435791015625
POST_HOC_NATIVE_TEXT_PATCH512_DIAGNOSTIC,10,dev_val,digital_2,0c22d72a2f786faad933,french-NF-1047,iphone15pro,alternative,83,train/attack/digital_2/iphone15pro/french-NF-1047.jpg,train/bonafide/iphone15pro/french-NF-1047.jpg,973,1028,1485,1540,967,1241,1491,1328,0,attack,1,data/processed/text_patch512/dev_val/digital_2/attack/0c22d72a2f786faad933.png,1.0
POST_HOC_NATIVE_TEXT_PATCH512_DIAGNOSTIC,10,dev_val,digital_2,0c22d72a2f786faad933,french-NF-1047,iphone15pro,alternative,83,train/attack/digital_2/iphone15pro/french-NF-1047.jpg,train/bonafide/iphone15pro/french-NF-1047.jpg,973,1028,1485,1540,967,1241,1491,1328,0,bonafide,0,data/processed/text_patch512/dev_val/digital_2/bonafide/0c22d72a2f786faad933.png,0.0005955696105957031
POST_HOC_NATIVE_TEXT_PATCH512_DIAGNOSTIC,10,dev_val,digital_2,7345c3d5fdcedda927ce,french-NF-1047,scan,dob,74,train/attack/digital_2/scan/french-NF-1047.jpg,train/bonafide/scan/french-NF-1047.jpg,1397,404,1909,916,1587,624,1719,695,0,attack,1,data/processed/text_patch512/dev_val/digital_2/attack/7345c3d5fdcedda927ce.png,1.0
POST_HOC_NATIVE_TEXT_PATCH512_DIAGNOSTIC,10,dev_val,digital_2,7345c3d5fdcedda927ce,french-NF-1047,scan,dob,74,train/attack/digital_2/scan/french-NF-1047.jpg,train/bonafide/scan/french-NF-1047.jpg,1397,404,1909,916,1587,624,1719,695,0,bonafide,0,data/processed/text_patch512/dev_val/digital_2/bonafide/7345c3d5fdcedda927ce.png,0.0070953369140625
POST_HOC_NATIVE_TEXT_PATCH512_DIAGNOSTIC,10,dev_val,digital_2,af55e6c43675bf79d18d,french-NF-1047,scan,doe,74,train/attack/digital_2/scan/french-NF-1047.jpg,train/bonafide/scan/french-NF-1047.jpg,1387,735,1899,1247,1577,1009,1709,1080,0,attack,1,data/processed/text_patch512/dev_val/digital_2/attack/af55e6c43675bf79d18d.png,1.0
POST_HOC_NATIVE_TEXT_PATCH512_DIAGNOSTIC,10,dev_val,digital_2,af55e6c43675bf79d18d,french-NF-1047,scan,doe,74,train/attack/digital_2/scan/french-NF-1047.jpg,train/bonafide/scan/french-NF-1047.jpg,1387,735,1899,1247,1577,1009,1709,1080,0,bonafide,0,data/processed/text_patch512/dev_val/digital_2/bonafide/af55e6c43675bf79d18d.png,0.00713348388671875
POST_HOC_NATIVE_TEXT_PATCH512_DIAGNOSTIC,10,dev_val,digital_2,9d2699983090e50b2067,french-NF-1047,scan,alternative,74,train/attack/digital_2/scan/french-NF-1047.jpg,train/bonafide/scan/french-NF-1047.jpg,642,644,1154,1156,679,864,1052,937,0,attack,1,data/processed/text_patch512/dev_val/digital_2/attack/9d2699983090e50b2067.png,1.0
POST_HOC_NATIVE_TEXT_PATCH512_DIAGNOSTIC,10,dev_val,digital_2,9d2699983090e50b2067,french-NF-1047,scan,alternative,74,train/attack/digital_2/scan/french-NF-1047.jpg,train/bonafide/scan/french-NF-1047.jpg,642,644,1154,1156,679,864,1052,937,0,bonafide,0,data/processed/text_patch512/dev_val/digital_2/bonafide/9d2699983090e50b2067.png,0.00025653839111328125
POST_HOC_NATIVE_TEXT_PATCH512_DIAGNOSTIC,10,dev_val,digital_1,87ac6ed3cf18e242316e,french-NF-1082,huawei,dob,71,train/attack/digital_1/huawei/french-NF-1082.jpg,train/bonafide/huawei/french-NF-1082.jpg,2400,786,2912,1298,2550,985,2763,1099,0,attack,1,data/processed/text_patch512/dev_val/digital_1/attack/87ac6ed3cf18e242316e.png,1.0
POST_HOC_NATIVE_TEXT_PATCH512_DIAGNOSTIC,10,dev_val,digital_1,87ac6ed3cf18e242316e,french-NF-1082,huawei,dob,71,train/attack/digital_1/huawei/french-NF-1082.jpg,train/bonafide/huawei/french-NF-1082.jpg,2400,786,2912,1298,2550,985,2763,1099,0,bonafide,0,data/processed/text_patch512/dev_val/digital_1/bonafide/87ac6ed3cf18e242316e.png,0.0008692741394042969
POST_HOC_NATIVE_TEXT_PATCH512_DIAGNOSTIC,10,dev_val,digital_1,d75436461a25ecd1d228,french-NF-1082,huawei,doe,71,train/attack/digital_1/huawei/french-NF-1082.jpg,train/bonafide/huawei/french-NF-1082.jpg,2386,1401,2898,1913,2536,1600,2749,1714,0,attack,1,data/processed/text_patch512/dev_val/digital_1/attack/d75436461a25ecd1d228.png,1.0
POST_HOC_NATIVE_TEXT_PATCH512_DIAGNOSTIC,10,dev_val,digital_1,d75436461a25ecd1d228,french-NF-1082,huawei,doe,71,train/attack/digital_1/huawei/french-NF-1082.jpg,train/bonafide/huawei/french-NF-1082.jpg,2386,1401,2898,1913,2536,1600,2749,1714,0,bonafide,0,data/processed/text_patch512/dev_val/digital_1/bonafide/d75436461a25ecd1d228.png,0.00043392181396484375
POST_HOC_NATIVE_TEXT_PATCH512_DIAGNOSTIC,10,dev_val,digital_1,84a8803a7be785802135,french-NF-1082,huawei,name,71,train/attack/digital_1/huawei/french-NF-1082.jpg,train/bonafide/huawei/french-NF-1082.jpg,1085,516,1597,1028,1085,715,1597,829,0,attack,1,data/processed/text_patch512/dev_val/digital_1/attack/84a8803a7be785802135.png,1.0
POST_HOC_NATIVE_TEXT_PATCH512_DIAGNOSTIC,10,dev_val,digital_1,84a8803a7be785802135,french-NF-1082,huawei,name,71,train/attack/digital_1/huawei/french-NF-1082.jpg,train/bonafide/huawei/french-NF-1082.jpg,1085,516,1597,1028,1085,715,1597,829,0,bonafide,0,data/processed/text_patch512/dev_val/digital_1/bonafide/84a8803a7be785802135.png,0.00011867284774780273
POST_HOC_NATIVE_TEXT_PATCH512_DIAGNOSTIC,10,dev_val,digital_1,f7724252fedb70f80ac2,french-NF-1082,iphone15pro,dob,58,train/attack/digital_1/iphone15pro/french-NF-1082.jpg,train/bonafide/iphone15pro/french-NF-1082.jpg,2065,660,2577,1172,2228,873,2414,960,0,attack,1,data/processed/text_patch512/dev_val/digital_1/attack/f7724252fedb70f80ac2.png,1.0
POST_HOC_NATIVE_TEXT_PATCH512_DIAGNOSTIC,10,dev_val,digital_1,f7724252fedb70f80ac2,french-NF-1082,iphone15pro,dob,58,train/attack/digital_1/iphone15pro/french-NF-1082.jpg,train/bonafide/iphone15pro/french-NF-1082.jpg,2065,660,2577,1172,2228,873,2414,960,0,bonafide,0,data/processed/text_patch512/dev_val/digital_1/bonafide/f7724252fedb70f80ac2.png,0.0017309188842773438
POST_HOC_NATIVE_TEXT_PATCH512_DIAGNOSTIC,10,dev_val,digital_1,632b91b642e1eb63f116,french-NF-1082,iphone15pro,doe,58,train/attack/digital_1/iphone15pro/french-NF-1082.jpg,train/bonafide/iphone15pro/french-NF-1082.jpg,2070,1202,2582,1714,2235,1415,2418,1502,0,attack,1,data/processed/text_patch512/dev_val/digital_1/attack/632b91b642e1eb63f116.png,1.0
POST_HOC_NATIVE_TEXT_PATCH512_DIAGNOSTIC,10,dev_val,digital_1,632b91b642e1eb63f116,french-NF-1082,iphone15pro,doe,58,train/attack/digital_1/iphone15pro/french-NF-1082.jpg,train/bonafide/iphone15pro/french-NF-1082.jpg,2070,1202,2582,1714,2235,1415,2418,1502,0,bonafide,0,data/processed/text_patch512/dev_val/digital_1/bonafide/632b91b642e1eb63f116.png,0.00946807861328125
POST_HOC_NATIVE_TEXT_PATCH512_DIAGNOSTIC,10,dev_val,digital_1,15ca14b9ddfc0e7b0c50,french-NF-1082,iphone15pro,name,58,train/attack/digital_1/iphone15pro/french-NF-1082.jpg,train/bonafide/iphone15pro/french-NF-1082.jpg,948,450,1460,962,948,662,1397,749,0,attack,1,data/processed/text_patch512/dev_val/digital_1/attack/15ca14b9ddfc0e7b0c50.png,1.0
POST_HOC_NATIVE_TEXT_PATCH512_DIAGNOSTIC,10,dev_val,digital_1,15ca14b9ddfc0e7b0c50,french-NF-1082,iphone15pro,name,58,train/attack/digital_1/iphone15pro/french-NF-1082.jpg,train/bonafide/iphone15pro/french-NF-1082.jpg,948,450,1460,962,948,662,1397,749,0,bonafide,0,data/processed/text_patch512/dev_val/digital_1/bonafide/15ca14b9ddfc0e7b0c50.png,0.01084136962890625
POST_HOC_NATIVE_TEXT_PATCH512_DIAGNOSTIC,10,dev_val,digital_1,eb7d3a87e0e070e14a74,french-NF-1082,scan,dob,64,train/attack/digital_1/scan/french-NF-1082.jpg,train/bonafide/scan/french-NF-1082.jpg,1394,400,1906,912,1583,621,1716,692,0,attack,1,data/processed/text_patch512/dev_val/digital_1/attack/eb7d3a87e0e070e14a74.png,1.0
POST_HOC_NATIVE_TEXT_PATCH512_DIAGNOSTIC,10,dev_val,digital_1,eb7d3a87e0e070e14a74,french-NF-1082,scan,dob,64,train/attack/digital_1/scan/french-NF-1082.jpg,train/bonafide/scan/french-NF-1082.jpg,1394,400,1906,912,1583,621,1716,692,0,bonafide,0,data/processed/text_patch512/dev_val/digital_1/bonafide/eb7d3a87e0e070e14a74.png,0.002170562744140625
POST_HOC_NATIVE_TEXT_PATCH512_DIAGNOSTIC,10,dev_val,digital_1,fb0bf8866e9c8d6e15c4,french-NF-1082,scan,doe,64,train/attack/digital_1/scan/french-NF-1082.jpg,train/bonafide/scan/french-NF-1082.jpg,1382,733,1894,1245,1572,1007,1703,1078,0,attack,1,data/processed/text_patch512/dev_val/digital_1/attack/fb0bf8866e9c8d6e15c4.png,1.0
POST_HOC_NATIVE_TEXT_PATCH512_DIAGNOSTIC,10,dev_val,digital_1,fb0bf8866e9c8d6e15c4,french-NF-1082,scan,doe,64,train/attack/digital_1/scan/french-NF-1082.jpg,train/bonafide/scan/french-NF-1082.jpg,1382,733,1894,1245,1572,1007,1703,1078,0,bonafide,0,data/processed/text_patch512/dev_val/digital_1/bonafide/fb0bf8866e9c8d6e15c4.png,0.019439697265625
POST_HOC_NATIVE_TEXT_PATCH512_DIAGNOSTIC,10,dev_val,digital_1,36b6d244725f7d8bebbc,french-NF-1082,scan,name,64,train/attack/digital_1/scan/french-NF-1082.jpg,train/bonafide/scan/french-NF-1082.jpg,643,232,1155,744,676,452,994,525,0,attack,1,data/processed/text_patch512/dev_val/digital_1/attack/36b6d244725f7d8bebbc.png,1.0
POST_HOC_NATIVE_TEXT_PATCH512_DIAGNOSTIC,10,dev_val,digital_1,36b6d244725f7d8bebbc,french-NF-1082,scan,name,64,train/attack/digital_1/scan/french-NF-1082.jpg,train/bonafide/scan/french-NF-1082.jpg,643,232,1155,744,676,452,994,525,0,bonafide,0,data/processed/text_patch512/dev_val/digital_1/bonafide/36b6d244725f7d8bebbc.png,0.00047850608825683594
POST_HOC_NATIVE_TEXT_PATCH512_DIAGNOSTIC,10,dev_val,digital_2,cc6b9cd28edb52420a09,french-NF-1082,huawei,dob,71,train/attack/digital_2/huawei/french-NF-1082.jpg,train/bonafide/huawei/french-NF-1082.jpg,2400,786,2912,1298,2550,985,2763,1099,0,attack,1,data/processed/text_patch512/dev_val/digital_2/attack/cc6b9cd28edb52420a09.png,1.0
POST_HOC_NATIVE_TEXT_PATCH512_DIAGNOSTIC,10,dev_val,digital_2,cc6b9cd28edb52420a09,french-NF-1082,huawei,dob,71,train/attack/digital_2/huawei/french-NF-1082.jpg,train/bonafide/huawei/french-NF-1082.jpg,2400,786,2912,1298,2550,985,2763,1099,0,bonafide,0,data/processed/text_patch512/dev_val/digital_2/bonafide/cc6b9cd28edb52420a09.png,0.0008692741394042969
POST_HOC_NATIVE_TEXT_PATCH512_DIAGNOSTIC,10,dev_val,digital_2,6f993abebfd6c0cc5013,french-NF-1082,huawei,doe,71,train/attack/digital_2/huawei/french-NF-1082.jpg,train/bonafide/huawei/french-NF-1082.jpg,2386,1401,2898,1913,2536,1600,2749,1714,0,attack,1,data/processed/text_patch512/dev_val/digital_2/attack/6f993abebfd6c0cc5013.png,1.0
POST_HOC_NATIVE_TEXT_PATCH512_DIAGNOSTIC,10,dev_val,digital_2,6f993abebfd6c0cc5013,french-NF-1082,huawei,doe,71,train/attack/digital_2/huawei/french-NF-1082.jpg,train/bonafide/huawei/french-NF-1082.jpg,2386,1401,2898,1913,2536,1600,2749,1714,0,bonafide,0,data/processed/text_patch512/dev_val/digital_2/bonafide/6f993abebfd6c0cc5013.png,0.00043392181396484375
POST_HOC_NATIVE_TEXT_PATCH512_DIAGNOSTIC,10,dev_val,digital_2,5aa2669d63f9e9a333f4,french-NF-1082,huawei,name,71,train/attack/digital_2/huawei/french-NF-1082.jpg,train/bonafide/huawei/french-NF-1082.jpg,1085,516,1597,1028,1085,715,1597,829,0,attack,1,data/processed/text_patch512/dev_val/digital_2/attack/5aa2669d63f9e9a333f4.png,1.0
POST_HOC_NATIVE_TEXT_PATCH512_DIAGNOSTIC,10,dev_val,digital_2,5aa2669d63f9e9a333f4,french-NF-1082,huawei,name,71,train/attack/digital_2/huawei/french-NF-1082.jpg,train/bonafide/huawei/french-NF-1082.jpg,1085,516,1597,1028,1085,715,1597,829,0,bonafide,0,data/processed/text_patch512/dev_val/digital_2/bonafide/5aa2669d63f9e9a333f4.png,0.00011867284774780273
POST_HOC_NATIVE_TEXT_PATCH512_DIAGNOSTIC,10,dev_val,digital_2,6de99d0d6758f60b3510,french-NF-1082,iphone15pro,dob,58,train/attack/digital_2/iphone15pro/french-NF-1082.jpg,train/bonafide/iphone15pro/french-NF-1082.jpg,2065,660,2577,1172,2228,873,2414,960,0,attack,1,data/processed/text_patch512/dev_val/digital_2/attack/6de99d0d6758f60b3510.png,1.0
POST_HOC_NATIVE_TEXT_PATCH512_DIAGNOSTIC,10,dev_val,digital_2,6de99d0d6758f60b3510,french-NF-1082,iphone15pro,dob,58,train/attack/digital_2/iphone15pro/french-NF-1082.jpg,train/bonafide/iphone15pro/french-NF-1082.jpg,2065,660,2577,1172,2228,873,2414,960,0,bonafide,0,data/processed/text_patch512/dev_val/digital_2/bonafide/6de99d0d6758f60b3510.png,0.0017309188842773438
POST_HOC_NATIVE_TEXT_PATCH512_DIAGNOSTIC,10,dev_val,digital_2,c4acc79da68ca7784189,french-NF-1082,iphone15pro,doe,58,train/attack/digital_2/iphone15pro/french-NF-1082.jpg,train/bonafide/iphone15pro/french-NF-1082.jpg,2070,1202,2582,1714,2235,1415,2418,1502,0,attack,1,data/processed/text_patch512/dev_val/digital_2/attack/c4acc79da68ca7784189.png,1.0
POST_HOC_NATIVE_TEXT_PATCH512_DIAGNOSTIC,10,dev_val,digital_2,c4acc79da68ca7784189,french-NF-1082,iphone15pro,doe,58,train/attack/digital_2/iphone15pro/french-NF-1082.jpg,train/bonafide/iphone15pro/french-NF-1082.jpg,2070,1202,2582,1714,2235,1415,2418,1502,0,bonafide,0,data/processed/text_patch512/dev_val/digital_2/bonafide/c4acc79da68ca7784189.png,0.00946807861328125
POST_HOC_NATIVE_TEXT_PATCH512_DIAGNOSTIC,10,dev_val,digital_2,0ba25ca4e98b97642833,french-NF-1082,iphone15pro,name,58,train/attack/digital_2/iphone15pro/french-NF-1082.jpg,train/bonafide/iphone15pro/french-NF-1082.jpg,948,450,1460,962,948,662,1397,749,0,attack,1,data/processed/text_patch512/dev_val/digital_2/attack/0ba25ca4e98b97642833.png,1.0
POST_HOC_NATIVE_TEXT_PATCH512_DIAGNOSTIC,10,dev_val,digital_2,0ba25ca4e98b97642833,french-NF-1082,iphone15pro,name,58,train/attack/digital_2/iphone15pro/french-NF-1082.jpg,train/bonafide/iphone15pro/french-NF-1082.jpg,948,450,1460,962,948,662,1397,749,0,bonafide,0,data/processed/text_patch512/dev_val/digital_2/bonafide/0ba25ca4e98b97642833.png,0.01084136962890625
POST_HOC_NATIVE_TEXT_PATCH512_DIAGNOSTIC,10,dev_val,digital_2,74ff84e19413d95c0b84,french-NF-1082,scan,dob,64,train/attack/digital_2/scan/french-NF-1082.jpg,train/bonafide/scan/french-NF-1082.jpg,1394,400,1906,912,1583,621,1716,692,0,attack,1,data/processed/text_patch512/dev_val/digital_2/attack/74ff84e19413d95c0b84.png,1.0
POST_HOC_NATIVE_TEXT_PATCH512_DIAGNOSTIC,10,dev_val,digital_2,74ff84e19413d95c0b84,french-NF-1082,scan,dob,64,train/attack/digital_2/scan/french-NF-1082.jpg,train/bonafide/scan/french-NF-1082.jpg,1394,400,1906,912,1583,621,1716,692,0,bonafide,0,data/processed/text_patch512/dev_val/digital_2/bonafide/74ff84e19413d95c0b84.png,0.002170562744140625
POST_HOC_NATIVE_TEXT_PATCH512_DIAGNOSTIC,10,dev_val,digital_2,31a5373ce79fa7403d07,french-NF-1082,scan,doe,64,train/attack/digital_2/scan/french-NF-1082.jpg,train/bonafide/scan/french-NF-1082.jpg,1382,733,1894,1245,1572,1007,1703,1078,0,attack,1,data/processed/text_patch512/dev_val/digital_2/attack/31a5373ce79fa7403d07.png,0.99951171875
POST_HOC_NATIVE_TEXT_PATCH512_DIAGNOSTIC,10,dev_val,digital_2,31a5373ce79fa7403d07,french-NF-1082,scan,doe,64,train/attack/digital_2/scan/french-NF-1082.jpg,train/bonafide/scan/french-NF-1082.jpg,1382,733,1894,1245,1572,1007,1703,1078,0,bonafide,0,data/processed/text_patch512/dev_val/digital_2/bonafide/31a5373ce79fa7403d07.png,0.019439697265625
POST_HOC_NATIVE_TEXT_PATCH512_DIAGNOSTIC,10,dev_val,digital_2,62d657c15aa02d14e283,french-NF-1082,scan,name,64,train/attack/digital_2/scan/french-NF-1082.jpg,train/bonafide/scan/french-NF-1082.jpg,643,232,1155,744,676,452,994,525,0,attack,1,data/processed/text_patch512/dev_val/digital_2/attack/62d657c15aa02d14e283.png,1.0
POST_HOC_NATIVE_TEXT_PATCH512_DIAGNOSTIC,10,dev_val,digital_2,62d657c15aa02d14e283,french-NF-1082,scan,name,64,train/attack/digital_2/scan/french-NF-1082.jpg,train/bonafide/scan/french-NF-1082.jpg,643,232,1155,744,676,452,994,525,0,bonafide,0,data/processed/text_patch512/dev_val/digital_2/bonafide/62d657c15aa02d14e283.png,0.00047850608825683594
POST_HOC_NATIVE_TEXT_PATCH512_DIAGNOSTIC,10,dev_val,digital_1,4b817c32687117920e46,indian-014_03,huawei,dob,66,train/attack/digital_1/huawei/indian-014_03.jpg,train/bonafide/huawei/indian-014_03.jpg,1282,1033,1794,1545,1420,1227,1657,1351,0,attack,1,data/processed/text_patch512/dev_val/digital_1/attack/4b817c32687117920e46.png,1.0
POST_HOC_NATIVE_TEXT_PATCH512_DIAGNOSTIC,10,dev_val,digital_1,4b817c32687117920e46,indian-014_03,huawei,dob,66,train/attack/digital_1/huawei/indian-014_03.jpg,train/bonafide/huawei/indian-014_03.jpg,1282,1033,1794,1545,1420,1227,1657,1351,0,bonafide,0,data/processed/text_patch512/dev_val/digital_1/bonafide/4b817c32687117920e46.png,0.0002636909484863281
POST_HOC_NATIVE_TEXT_PATCH512_DIAGNOSTIC,10,dev_val,digital_1,539762534378a5ad6f4f,indian-014_03,huawei,doe,66,train/attack/digital_1/huawei/indian-014_03.jpg,train/bonafide/huawei/indian-014_03.jpg,2442,1492,2954,2004,2578,1715,2818,1839,0,attack,1,data/processed/text_patch512/dev_val/digital_1/attack/539762534378a5ad6f4f.png,1.0
POST_HOC_NATIVE_TEXT_PATCH512_DIAGNOSTIC,10,dev_val,digital_1,539762534378a5ad6f4f,indian-014_03,huawei,doe,66,train/attack/digital_1/huawei/indian-014_03.jpg,train/bonafide/huawei/indian-014_03.jpg,2442,1492,2954,2004,2578,1715,2818,1839,0,bonafide,0,data/processed/text_patch512/dev_val/digital_1/bonafide/539762534378a5ad6f4f.png,0.47216796875
POST_HOC_NATIVE_TEXT_PATCH512_DIAGNOSTIC,10,dev_val,digital_1,959315e61b43a806f7bc,indian-014_03,huawei,name,66,train/attack/digital_1/huawei/indian-014_03.jpg,train/bonafide/huawei/indian-014_03.jpg,1190,776,1702,1288,1166,970,1726,1094,0,attack,1,data/processed/text_patch512/dev_val/digital_1/attack/959315e61b43a806f7bc.png,1.0
POST_HOC_NATIVE_TEXT_PATCH512_DIAGNOSTIC,10,dev_val,digital_1,959315e61b43a806f7bc,indian-014_03,huawei,name,66,train/attack/digital_1/huawei/indian-014_03.jpg,train/bonafide/huawei/indian-014_03.jpg,1190,776,1702,1288,1166,970,1726,1094,0,bonafide,0,data/processed/text_patch512/dev_val/digital_1/bonafide/959315e61b43a806f7bc.png,0.0003180503845214844
POST_HOC_NATIVE_TEXT_PATCH512_DIAGNOSTIC,10,dev_val,digital_1,186e55ff82c96e545498,indian-014_03,iphone15pro,dob,53,train/attack/digital_1/iphone15pro/indian-014_03.jpg,train/bonafide/iphone15pro/indian-014_03.jpg,1093,884,1605,1396,1245,1093,1453,1188,0,attack,1,data/processed/text_patch512/dev_val/digital_1/attack/186e55ff82c96e545498.png,1.0
POST_HOC_NATIVE_TEXT_PATCH512_DIAGNOSTIC,10,dev_val,digital_1,186e55ff82c96e545498,indian-014_03,iphone15pro,dob,53,train/attack/digital_1/iphone15pro/indian-014_03.jpg,train/bonafide/iphone15pro/indian-014_03.jpg,1093,884,1605,1396,1245,1093,1453,1188,0,bonafide,0,data/processed/text_patch512/dev_val/digital_1/bonafide/186e55ff82c96e545498.png,0.0014553070068359375
POST_HOC_NATIVE_TEXT_PATCH512_DIAGNOSTIC,10,dev_val,digital_1,4cb7028bb536f6b709f1,indian-014_03,iphone15pro,doe,53,train/attack/digital_1/iphone15pro/indian-014_03.jpg,train/bonafide/iphone15pro/indian-014_03.jpg,2108,1266,2620,1778,2260,1496,2468,1591,0,attack,1,data/processed/text_patch512/dev_val/digital_1/attack/4cb7028bb536f6b709f1.png,1.0
POST_HOC_NATIVE_TEXT_PATCH512_DIAGNOSTIC,10,dev_val,digital_1,4cb7028bb536f6b709f1,indian-014_03,iphone15pro,doe,53,train/attack/digital_1/iphone15pro/indian-014_03.jpg,train/bonafide/iphone15pro/indian-014_03.jpg,2108,1266,2620,1778,2260,1496,2468,1591,0,bonafide,0,data/processed/text_patch512/dev_val/digital_1/bonafide/4cb7028bb536f6b709f1.png,0.0039005279541015625
POST_HOC_NATIVE_TEXT_PATCH512_DIAGNOSTIC,10,dev_val,digital_1,4e9afc7414649877302c,indian-014_03,iphone15pro,name,53,train/attack/digital_1/iphone15pro/indian-014_03.jpg,train/bonafide/iphone15pro/indian-014_03.jpg,1002,656,1514,1168,1016,864,1501,959,0,attack,1,data/processed/text_patch512/dev_val/digital_1/attack/4e9afc7414649877302c.png,1.0
POST_HOC_NATIVE_TEXT_PATCH512_DIAGNOSTIC,10,dev_val,digital_1,4e9afc7414649877302c,indian-014_03,iphone15pro,name,53,train/attack/digital_1/iphone15pro/indian-014_03.jpg,train/bonafide/iphone15pro/indian-014_03.jpg,1002,656,1514,1168,1016,864,1501,959,0,bonafide,0,data/processed/text_patch512/dev_val/digital_1/bonafide/4e9afc7414649877302c.png,0.0006155967712402344
POST_HOC_NATIVE_TEXT_PATCH512_DIAGNOSTIC,10,dev_val,digital_1,0bf01812dab77b8f088b,indian-014_03,scan,dob,63,train/attack/digital_1/scan/indian-014_03.jpg,train/bonafide/scan/indian-014_03.jpg,698,546,1210,1058,880,764,1028,839,0,attack,1,data/processed/text_patch512/dev_val/digital_1/attack/0bf01812dab77b8f088b.png,1.0
POST_HOC_NATIVE_TEXT_PATCH512_DIAGNOSTIC,10,dev_val,digital_1,0bf01812dab77b8f088b,indian-014_03,scan,dob,63,train/attack/digital_1/scan/indian-014_03.jpg,train/bonafide/scan/indian-014_03.jpg,698,546,1210,1058,880,764,1028,839,0,bonafide,0,data/processed/text_patch512/dev_val/digital_1/bonafide/0bf01812dab77b8f088b.png,8.58306884765625e-05
POST_HOC_NATIVE_TEXT_PATCH512_DIAGNOSTIC,10,dev_val,digital_1,21ed09c679898af890b5,indian-014_03,scan,name,63,train/attack/digital_1/scan/indian-014_03.jpg,train/bonafide/scan/indian-014_03.jpg,670,386,1182,898,721,604,1067,680,0,attack,1,data/processed/text_patch512/dev_val/digital_1/attack/21ed09c679898af890b5.png,1.0
POST_HOC_NATIVE_TEXT_PATCH512_DIAGNOSTIC,10,dev_val,digital_1,21ed09c679898af890b5,indian-014_03,scan,name,63,train/attack/digital_1/scan/indian-014_03.jpg,train/bonafide/scan/indian-014_03.jpg,670,386,1182,898,721,604,1067,680,0,bonafide,0,data/processed/text_patch512/dev_val/digital_1/bonafide/21ed09c679898af890b5.png,4.470348358154297e-06
POST_HOC_NATIVE_TEXT_PATCH512_DIAGNOSTIC,10,dev_val,digital_2,0de8c19b8880c57b95e9,indian-014_03,huawei,dob,66,train/attack/digital_2/huawei/indian-014_03.jpg,train/bonafide/huawei/indian-014_03.jpg,1282,1033,1794,1545,1420,1227,1657,1351,0,attack,1,data/processed/text_patch512/dev_val/digital_2/attack/0de8c19b8880c57b95e9.png,1.0
POST_HOC_NATIVE_TEXT_PATCH512_DIAGNOSTIC,10,dev_val,digital_2,0de8c19b8880c57b95e9,indian-014_03,huawei,dob,66,train/attack/digital_2/huawei/indian-014_03.jpg,train/bonafide/huawei/indian-014_03.jpg,1282,1033,1794,1545,1420,1227,1657,1351,0,bonafide,0,data/processed/text_patch512/dev_val/digital_2/bonafide/0de8c19b8880c57b95e9.png,0.0002636909484863281
POST_HOC_NATIVE_TEXT_PATCH512_DIAGNOSTIC,10,dev_val,digital_2,7d566fa977dc7375e13d,indian-014_03,huawei,doe,66,train/attack/digital_2/huawei/indian-014_03.jpg,train/bonafide/huawei/indian-014_03.jpg,2442,1492,2954,2004,2578,1715,2818,1839,0,attack,1,data/processed/text_patch512/dev_val/digital_2/attack/7d566fa977dc7375e13d.png,1.0
POST_HOC_NATIVE_TEXT_PATCH512_DIAGNOSTIC,10,dev_val,digital_2,7d566fa977dc7375e13d,indian-014_03,huawei,doe,66,train/attack/digital_2/huawei/indian-014_03.jpg,train/bonafide/huawei/indian-014_03.jpg,2442,1492,2954,2004,2578,1715,2818,1839,0,bonafide,0,data/processed/text_patch512/dev_val/digital_2/bonafide/7d566fa977dc7375e13d.png,0.47216796875
POST_HOC_NATIVE_TEXT_PATCH512_DIAGNOSTIC,10,dev_val,digital_2,f945a737635e5aba9c54,indian-014_03,huawei,name,66,train/attack/digital_2/huawei/indian-014_03.jpg,train/bonafide/huawei/indian-014_03.jpg,1190,776,1702,1288,1166,970,1726,1094,0,attack,1,data/processed/text_patch512/dev_val/digital_2/attack/f945a737635e5aba9c54.png,1.0
POST_HOC_NATIVE_TEXT_PATCH512_DIAGNOSTIC,10,dev_val,digital_2,f945a737635e5aba9c54,indian-014_03,huawei,name,66,train/attack/digital_2/huawei/indian-014_03.jpg,train/bonafide/huawei/indian-014_03.jpg,1190,776,1702,1288,1166,970,1726,1094,0,bonafide,0,data/processed/text_patch512/dev_val/digital_2/bonafide/f945a737635e5aba9c54.png,0.0003180503845214844
POST_HOC_NATIVE_TEXT_PATCH512_DIAGNOSTIC,10,dev_val,digital_2,46ae4c50162ca7ac11f0,indian-014_03,iphone15pro,dob,53,train/attack/digital_2/iphone15pro/indian-014_03.jpg,train/bonafide/iphone15pro/indian-014_03.jpg,1093,884,1605,1396,1245,1093,1453,1188,0,attack,1,data/processed/text_patch512/dev_val/digital_2/attack/46ae4c50162ca7ac11f0.png,0.99951171875
POST_HOC_NATIVE_TEXT_PATCH512_DIAGNOSTIC,10,dev_val,digital_2,46ae4c50162ca7ac11f0,indian-014_03,iphone15pro,dob,53,train/attack/digital_2/iphone15pro/indian-014_03.jpg,train/bonafide/iphone15pro/indian-014_03.jpg,1093,884,1605,1396,1245,1093,1453,1188,0,bonafide,0,data/processed/text_patch512/dev_val/digital_2/bonafide/46ae4c50162ca7ac11f0.png,0.0014553070068359375
POST_HOC_NATIVE_TEXT_PATCH512_DIAGNOSTIC,10,dev_val,digital_2,ccea70d0f13776d74891,indian-014_03,iphone15pro,doe,53,train/attack/digital_2/iphone15pro/indian-014_03.jpg,train/bonafide/iphone15pro/indian-014_03.jpg,2108,1266,2620,1778,2260,1496,2468,1591,0,attack,1,data/processed/text_patch512/dev_val/digital_2/attack/ccea70d0f13776d74891.png,1.0
POST_HOC_NATIVE_TEXT_PATCH512_DIAGNOSTIC,10,dev_val,digital_2,ccea70d0f13776d74891,indian-014_03,iphone15pro,doe,53,train/attack/digital_2/iphone15pro/indian-014_03.jpg,train/bonafide/iphone15pro/indian-014_03.jpg,2108,1266,2620,1778,2260,1496,2468,1591,0,bonafide,0,data/processed/text_patch512/dev_val/digital_2/bonafide/ccea70d0f13776d74891.png,0.0039005279541015625
POST_HOC_NATIVE_TEXT_PATCH512_DIAGNOSTIC,10,dev_val,digital_2,ca9568a3bf8afc37ca3f,indian-014_03,iphone15pro,name,53,train/attack/digital_2/iphone15pro/indian-014_03.jpg,train/bonafide/iphone15pro/indian-014_03.jpg,1002,656,1514,1168,1016,864,1501,959,0,attack,1,data/processed/text_patch512/dev_val/digital_2/attack/ca9568a3bf8afc37ca3f.png,1.0
POST_HOC_NATIVE_TEXT_PATCH512_DIAGNOSTIC,10,dev_val,digital_2,ca9568a3bf8afc37ca3f,indian-014_03,iphone15pro,name,53,train/attack/digital_2/iphone15pro/indian-014_03.jpg,train/bonafide/iphone15pro/indian-014_03.jpg,1002,656,1514,1168,1016,864,1501,959,0,bonafide,0,data/processed/text_patch512/dev_val/digital_2/bonafide/ca9568a3bf8afc37ca3f.png,0.0006155967712402344
POST_HOC_NATIVE_TEXT_PATCH512_DIAGNOSTIC,10,dev_val,digital_2,8245f9713d67cbf94206,indian-014_03,scan,dob,63,train/attack/digital_2/scan/indian-014_03.jpg,train/bonafide/scan/indian-014_03.jpg,698,546,1210,1058,880,764,1028,839,0,attack,1,data/processed/text_patch512/dev_val/digital_2/attack/8245f9713d67cbf94206.png,1.0
POST_HOC_NATIVE_TEXT_PATCH512_DIAGNOSTIC,10,dev_val,digital_2,8245f9713d67cbf94206,indian-014_03,scan,dob,63,train/attack/digital_2/scan/indian-014_03.jpg,train/bonafide/scan/indian-014_03.jpg,698,546,1210,1058,880,764,1028,839,0,bonafide,0,data/processed/text_patch512/dev_val/digital_2/bonafide/8245f9713d67cbf94206.png,8.58306884765625e-05
POST_HOC_NATIVE_TEXT_PATCH512_DIAGNOSTIC,10,dev_val,digital_2,5833438f9e8a440f1c5f,indian-014_03,scan,name,63,train/attack/digital_2/scan/indian-014_03.jpg,train/bonafide/scan/indian-014_03.jpg,670,386,1182,898,721,604,1067,680,0,attack,1,data/processed/text_patch512/dev_val/digital_2/attack/5833438f9e8a440f1c5f.png,1.0
POST_HOC_NATIVE_TEXT_PATCH512_DIAGNOSTIC,10,dev_val,digital_2,5833438f9e8a440f1c5f,indian-014_03,scan,name,63,train/attack/digital_2/scan/indian-014_03.jpg,train/bonafide/scan/indian-014_03.jpg,670,386,1182,898,721,604,1067,680,0,bonafide,0,data/processed/text_patch512/dev_val/digital_2/bonafide/5833438f9e8a440f1c5f.png,4.470348358154297e-06
POST_HOC_NATIVE_TEXT_PATCH512_DIAGNOSTIC,10,dev_val,digital_1,833ecba358f9b1944f9e,indian-021_03,huawei,dob,57,train/attack/digital_1/huawei/indian-021_03.jpg,train/bonafide/huawei/indian-021_03.jpg,1286,1014,1798,1526,1423,1209,1662,1332,0,attack,1,data/processed/text_patch512/dev_val/digital_1/attack/833ecba358f9b1944f9e.png,1.0
POST_HOC_NATIVE_TEXT_PATCH512_DIAGNOSTIC,10,dev_val,digital_1,833ecba358f9b1944f9e,indian-021_03,huawei,dob,57,train/attack/digital_1/huawei/indian-021_03.jpg,train/bonafide/huawei/indian-021_03.jpg,1286,1014,1798,1526,1423,1209,1662,1332,0,bonafide,0,data/processed/text_patch512/dev_val/digital_1/bonafide/833ecba358f9b1944f9e.png,0.0001971721649169922
POST_HOC_NATIVE_TEXT_PATCH512_DIAGNOSTIC,10,dev_val,digital_1,99a07a72bfd4ce91c54d,indian-021_03,huawei,doe,57,train/attack/digital_1/huawei/indian-021_03.jpg,train/bonafide/huawei/indian-021_03.jpg,2444,1466,2956,1978,2581,1699,2820,1822,0,attack,1,data/processed/text_patch512/dev_val/digital_1/attack/99a07a72bfd4ce91c54d.png,1.0
POST_HOC_NATIVE_TEXT_PATCH512_DIAGNOSTIC,10,dev_val,digital_1,99a07a72bfd4ce91c54d,indian-021_03,huawei,doe,57,train/attack/digital_1/huawei/indian-021_03.jpg,train/bonafide/huawei/indian-021_03.jpg,2444,1466,2956,1978,2581,1699,2820,1822,0,bonafide,0,data/processed/text_patch512/dev_val/digital_1/bonafide/99a07a72bfd4ce91c54d.png,0.0010042190551757812
POST_HOC_NATIVE_TEXT_PATCH512_DIAGNOSTIC,10,dev_val,digital_1,d9a8c433ecfc17e58ffc,indian-021_03,huawei,name,57,train/attack/digital_1/huawei/indian-021_03.jpg,train/bonafide/huawei/indian-021_03.jpg,1178,758,1690,1270,1166,953,1701,1076,0,attack,1,data/processed/text_patch512/dev_val/digital_1/attack/d9a8c433ecfc17e58ffc.png,1.0
POST_HOC_NATIVE_TEXT_PATCH512_DIAGNOSTIC,10,dev_val,digital_1,d9a8c433ecfc17e58ffc,indian-021_03,huawei,name,57,train/attack/digital_1/huawei/indian-021_03.jpg,train/bonafide/huawei/indian-021_03.jpg,1178,758,1690,1270,1166,953,1701,1076,0,bonafide,0,data/processed/text_patch512/dev_val/digital_1/bonafide/d9a8c433ecfc17e58ffc.png,0.0008559226989746094
POST_HOC_NATIVE_TEXT_PATCH512_DIAGNOSTIC,10,dev_val,digital_1,c0d400fa859e38756ec2,indian-021_03,iphone15pro,dob,64,train/attack/digital_1/iphone15pro/indian-021_03.jpg,train/bonafide/iphone15pro/indian-021_03.jpg,1092,880,1604,1392,1245,1088,1451,1183,0,attack,1,data/processed/text_patch512/dev_val/digital_1/attack/c0d400fa859e38756ec2.png,1.0
POST_HOC_NATIVE_TEXT_PATCH512_DIAGNOSTIC,10,dev_val,digital_1,c0d400fa859e38756ec2,indian-021_03,iphone15pro,dob,64,train/attack/digital_1/iphone15pro/indian-021_03.jpg,train/bonafide/iphone15pro/indian-021_03.jpg,1092,880,1604,1392,1245,1088,1451,1183,0,bonafide,0,data/processed/text_patch512/dev_val/digital_1/bonafide/c0d400fa859e38756ec2.png,0.0014925003051757812
POST_HOC_NATIVE_TEXT_PATCH512_DIAGNOSTIC,10,dev_val,digital_1,9822e62f0311fe3c67b5,indian-021_03,iphone15pro,doe,64,train/attack/digital_1/iphone15pro/indian-021_03.jpg,train/bonafide/iphone15pro/indian-021_03.jpg,2106,1263,2618,1775,2258,1494,2466,1591,0,attack,1,data/processed/text_patch512/dev_val/digital_1/attack/9822e62f0311fe3c67b5.png,1.0
POST_HOC_NATIVE_TEXT_PATCH512_DIAGNOSTIC,10,dev_val,digital_1,9822e62f0311fe3c67b5,indian-021_03,iphone15pro,doe,64,train/attack/digital_1/iphone15pro/indian-021_03.jpg,train/bonafide/iphone15pro/indian-021_03.jpg,2106,1263,2618,1775,2258,1494,2466,1591,0,bonafide,0,data/processed/text_patch512/dev_val/digital_1/bonafide/9822e62f0311fe3c67b5.png,0.0128936767578125
POST_HOC_NATIVE_TEXT_PATCH512_DIAGNOSTIC,10,dev_val,digital_1,0ef626b694c6e6e4cac3,indian-021_03,iphone15pro,name,64,train/attack/digital_1/iphone15pro/indian-021_03.jpg,train/bonafide/iphone15pro/indian-021_03.jpg,988,656,1500,1168,1013,864,1476,959,0,attack,1,data/processed/text_patch512/dev_val/digital_1/attack/0ef626b694c6e6e4cac3.png,1.0
POST_HOC_NATIVE_TEXT_PATCH512_DIAGNOSTIC,10,dev_val,digital_1,0ef626b694c6e6e4cac3,indian-021_03,iphone15pro,name,64,train/attack/digital_1/iphone15pro/indian-021_03.jpg,train/bonafide/iphone15pro/indian-021_03.jpg,988,656,1500,1168,1013,864,1476,959,0,bonafide,0,data/processed/text_patch512/dev_val/digital_1/bonafide/0ef626b694c6e6e4cac3.png,0.00370025634765625
POST_HOC_NATIVE_TEXT_PATCH512_DIAGNOSTIC,10,dev_val,digital_1,fc2537c00cbc8dd3bfd9,indian-021_03,scan,dob,76,train/attack/digital_1/scan/indian-021_03.jpg,train/bonafide/scan/indian-021_03.jpg,708,548,1220,1060,889,771,1040,838,0,attack,1,data/processed/text_patch512/dev_val/digital_1/attack/fc2537c00cbc8dd3bfd9.png,1.0
POST_HOC_NATIVE_TEXT_PATCH512_DIAGNOSTIC,10,dev_val,digital_1,fc2537c00cbc8dd3bfd9,indian-021_03,scan,dob,76,train/attack/digital_1/scan/indian-021_03.jpg,train/bonafide/scan/indian-021_03.jpg,708,548,1220,1060,889,771,1040,838,0,bonafide,0,data/processed/text_patch512/dev_val/digital_1/bonafide/fc2537c00cbc8dd3bfd9.png,0.0007734298706054688
POST_HOC_NATIVE_TEXT_PATCH512_DIAGNOSTIC,10,dev_val,digital_1,4ee3e4661d52a5153170,indian-021_03,scan,name,76,train/attack/digital_1/scan/indian-021_03.jpg,train/bonafide/scan/indian-021_03.jpg,698,387,1210,899,724,610,1057,676,0,attack,1,data/processed/text_patch512/dev_val/digital_1/attack/4ee3e4661d52a5153170.png,1.0
POST_HOC_NATIVE_TEXT_PATCH512_DIAGNOSTIC,10,dev_val,digital_1,4ee3e4661d52a5153170,indian-021_03,scan,name,76,train/attack/digital_1/scan/indian-021_03.jpg,train/bonafide/scan/indian-021_03.jpg,698,387,1210,899,724,610,1057,676,0,bonafide,0,data/processed/text_patch512/dev_val/digital_1/bonafide/4ee3e4661d52a5153170.png,0.00010973215103149414
POST_HOC_NATIVE_TEXT_PATCH512_DIAGNOSTIC,10,dev_val,digital_2,01dd46b139374417ddcf,indian-021_03,huawei,dob,57,train/attack/digital_2/huawei/indian-021_03.jpg,train/bonafide/huawei/indian-021_03.jpg,1286,1014,1798,1526,1423,1209,1662,1332,0,attack,1,data/processed/text_patch512/dev_val/digital_2/attack/01dd46b139374417ddcf.png,0.99951171875
POST_HOC_NATIVE_TEXT_PATCH512_DIAGNOSTIC,10,dev_val,digital_2,01dd46b139374417ddcf,indian-021_03,huawei,dob,57,train/attack/digital_2/huawei/indian-021_03.jpg,train/bonafide/huawei/indian-021_03.jpg,1286,1014,1798,1526,1423,1209,1662,1332,0,bonafide,0,data/processed/text_patch512/dev_val/digital_2/bonafide/01dd46b139374417ddcf.png,0.0001971721649169922
POST_HOC_NATIVE_TEXT_PATCH512_DIAGNOSTIC,10,dev_val,digital_2,619d2752f9fde8e8aa1e,indian-021_03,huawei,doe,57,train/attack/digital_2/huawei/indian-021_03.jpg,train/bonafide/huawei/indian-021_03.jpg,2444,1466,2956,1978,2581,1699,2820,1822,0,attack,1,data/processed/text_patch512/dev_val/digital_2/attack/619d2752f9fde8e8aa1e.png,0.99560546875
POST_HOC_NATIVE_TEXT_PATCH512_DIAGNOSTIC,10,dev_val,digital_2,619d2752f9fde8e8aa1e,indian-021_03,huawei,doe,57,train/attack/digital_2/huawei/indian-021_03.jpg,train/bonafide/huawei/indian-021_03.jpg,2444,1466,2956,1978,2581,1699,2820,1822,0,bonafide,0,data/processed/text_patch512/dev_val/digital_2/bonafide/619d2752f9fde8e8aa1e.png,0.0010042190551757812
POST_HOC_NATIVE_TEXT_PATCH512_DIAGNOSTIC,10,dev_val,digital_2,6f52f938e1806b294827,indian-021_03,huawei,name,57,train/attack/digital_2/huawei/indian-021_03.jpg,train/bonafide/huawei/indian-021_03.jpg,1178,758,1690,1270,1166,953,1701,1076,0,attack,1,data/processed/text_patch512/dev_val/digital_2/attack/6f52f938e1806b294827.png,1.0
POST_HOC_NATIVE_TEXT_PATCH512_DIAGNOSTIC,10,dev_val,digital_2,6f52f938e1806b294827,indian-021_03,huawei,name,57,train/attack/digital_2/huawei/indian-021_03.jpg,train/bonafide/huawei/indian-021_03.jpg,1178,758,1690,1270,1166,953,1701,1076,0,bonafide,0,data/processed/text_patch512/dev_val/digital_2/bonafide/6f52f938e1806b294827.png,0.0008559226989746094
POST_HOC_NATIVE_TEXT_PATCH512_DIAGNOSTIC,10,dev_val,digital_2,bdbde357ff0539ddb555,indian-021_03,iphone15pro,dob,64,train/attack/digital_2/iphone15pro/indian-021_03.jpg,train/bonafide/iphone15pro/indian-021_03.jpg,1092,880,1604,1392,1245,1088,1451,1183,0,attack,1,data/processed/text_patch512/dev_val/digital_2/attack/bdbde357ff0539ddb555.png,1.0
POST_HOC_NATIVE_TEXT_PATCH512_DIAGNOSTIC,10,dev_val,digital_2,bdbde357ff0539ddb555,indian-021_03,iphone15pro,dob,64,train/attack/digital_2/iphone15pro/indian-021_03.jpg,train/bonafide/iphone15pro/indian-021_03.jpg,1092,880,1604,1392,1245,1088,1451,1183,0,bonafide,0,data/processed/text_patch512/dev_val/digital_2/bonafide/bdbde357ff0539ddb555.png,0.0014925003051757812
POST_HOC_NATIVE_TEXT_PATCH512_DIAGNOSTIC,10,dev_val,digital_2,8af0f456483b20e85f10,indian-021_03,iphone15pro,doe,64,train/attack/digital_2/iphone15pro/indian-021_03.jpg,train/bonafide/iphone15pro/indian-021_03.jpg,2106,1263,2618,1775,2258,1494,2466,1591,0,attack,1,data/processed/text_patch512/dev_val/digital_2/attack/8af0f456483b20e85f10.png,1.0
POST_HOC_NATIVE_TEXT_PATCH512_DIAGNOSTIC,10,dev_val,digital_2,8af0f456483b20e85f10,indian-021_03,iphone15pro,doe,64,train/attack/digital_2/iphone15pro/indian-021_03.jpg,train/bonafide/iphone15pro/indian-021_03.jpg,2106,1263,2618,1775,2258,1494,2466,1591,0,bonafide,0,data/processed/text_patch512/dev_val/digital_2/bonafide/8af0f456483b20e85f10.png,0.0128936767578125
POST_HOC_NATIVE_TEXT_PATCH512_DIAGNOSTIC,10,dev_val,digital_2,f2a7241aff42b12157f8,indian-021_03,iphone15pro,name,64,train/attack/digital_2/iphone15pro/indian-021_03.jpg,train/bonafide/iphone15pro/indian-021_03.jpg,988,656,1500,1168,1013,864,1476,959,0,attack,1,data/processed/text_patch512/dev_val/digital_2/attack/f2a7241aff42b12157f8.png,1.0
POST_HOC_NATIVE_TEXT_PATCH512_DIAGNOSTIC,10,dev_val,digital_2,f2a7241aff42b12157f8,indian-021_03,iphone15pro,name,64,train/attack/digital_2/iphone15pro/indian-021_03.jpg,train/bonafide/iphone15pro/indian-021_03.jpg,988,656,1500,1168,1013,864,1476,959,0,bonafide,0,data/processed/text_patch512/dev_val/digital_2/bonafide/f2a7241aff42b12157f8.png,0.00370025634765625
POST_HOC_NATIVE_TEXT_PATCH512_DIAGNOSTIC,10,dev_val,digital_2,559bb495c6db7c905263,indian-021_03,scan,dob,76,train/attack/digital_2/scan/indian-021_03.jpg,train/bonafide/scan/indian-021_03.jpg,708,548,1220,1060,889,771,1040,838,0,attack,1,data/processed/text_patch512/dev_val/digital_2/attack/559bb495c6db7c905263.png,1.0
POST_HOC_NATIVE_TEXT_PATCH512_DIAGNOSTIC,10,dev_val,digital_2,559bb495c6db7c905263,indian-021_03,scan,dob,76,train/attack/digital_2/scan/indian-021_03.jpg,train/bonafide/scan/indian-021_03.jpg,708,548,1220,1060,889,771,1040,838,0,bonafide,0,data/processed/text_patch512/dev_val/digital_2/bonafide/559bb495c6db7c905263.png,0.0007734298706054688
POST_HOC_NATIVE_TEXT_PATCH512_DIAGNOSTIC,10,dev_val,digital_2,b90c976525e2912083cb,indian-021_03,scan,name,76,train/attack/digital_2/scan/indian-021_03.jpg,train/bonafide/scan/indian-021_03.jpg,698,387,1210,899,724,610,1057,676,0,attack,1,data/processed/text_patch512/dev_val/digital_2/attack/b90c976525e2912083cb.png,1.0
POST_HOC_NATIVE_TEXT_PATCH512_DIAGNOSTIC,10,dev_val,digital_2,b90c976525e2912083cb,indian-021_03,scan,name,76,train/attack/digital_2/scan/indian-021_03.jpg,train/bonafide/scan/indian-021_03.jpg,698,387,1210,899,724,610,1057,676,0,bonafide,0,data/processed/text_patch512/dev_val/digital_2/bonafide/b90c976525e2912083cb.png,0.00010973215103149414
POST_HOC_NATIVE_TEXT_PATCH512_DIAGNOSTIC,10,dev_val,digital_1,63e172d050446ad5426b,indian-NF-1061,huawei,dob,63,train/attack/digital_1/huawei/indian-NF-1061.jpg,train/bonafide/huawei/indian-NF-1061.jpg,1279,1022,1791,1534,1416,1217,1654,1340,0,attack,1,data/processed/text_patch512/dev_val/digital_1/attack/63e172d050446ad5426b.png,1.0
POST_HOC_NATIVE_TEXT_PATCH512_DIAGNOSTIC,10,dev_val,digital_1,63e172d050446ad5426b,indian-NF-1061,huawei,dob,63,train/attack/digital_1/huawei/indian-NF-1061.jpg,train/bonafide/huawei/indian-NF-1061.jpg,1279,1022,1791,1534,1416,1217,1654,1340,0,bonafide,0,data/processed/text_patch512/dev_val/digital_1/bonafide/63e172d050446ad5426b.png,0.00013136863708496094
POST_HOC_NATIVE_TEXT_PATCH512_DIAGNOSTIC,10,dev_val,digital_1,cb04923f5a90b82b1b33,indian-NF-1061,huawei,doe,63,train/attack/digital_1/huawei/indian-NF-1061.jpg,train/bonafide/huawei/indian-NF-1061.jpg,2437,1474,2949,1986,2574,1707,2812,1830,0,attack,1,data/processed/text_patch512/dev_val/digital_1/attack/cb04923f5a90b82b1b33.png,1.0
POST_HOC_NATIVE_TEXT_PATCH512_DIAGNOSTIC,10,dev_val,digital_1,cb04923f5a90b82b1b33,indian-NF-1061,huawei,doe,63,train/attack/digital_1/huawei/indian-NF-1061.jpg,train/bonafide/huawei/indian-NF-1061.jpg,2437,1474,2949,1986,2574,1707,2812,1830,0,bonafide,0,data/processed/text_patch512/dev_val/digital_1/bonafide/cb04923f5a90b82b1b33.png,0.0112457275390625
POST_HOC_NATIVE_TEXT_PATCH512_DIAGNOSTIC,10,dev_val,digital_1,ac6283ce81491adb47f6,indian-NF-1061,huawei,name,63,train/attack/digital_1/huawei/indian-NF-1061.jpg,train/bonafide/huawei/indian-NF-1061.jpg,1195,766,1707,1278,1164,961,1738,1084,0,attack,1,data/processed/text_patch512/dev_val/digital_1/attack/ac6283ce81491adb47f6.png,1.0
POST_HOC_NATIVE_TEXT_PATCH512_DIAGNOSTIC,10,dev_val,digital_1,ac6283ce81491adb47f6,indian-NF-1061,huawei,name,63,train/attack/digital_1/huawei/indian-NF-1061.jpg,train/bonafide/huawei/indian-NF-1061.jpg,1195,766,1707,1278,1164,961,1738,1084,0,bonafide,0,data/processed/text_patch512/dev_val/digital_1/bonafide/ac6283ce81491adb47f6.png,0.00033211708068847656
POST_HOC_NATIVE_TEXT_PATCH512_DIAGNOSTIC,10,dev_val,digital_1,c0700109652a17b76446,indian-NF-1061,iphone15pro,dob,50,train/attack/digital_1/iphone15pro/indian-NF-1061.jpg,train/bonafide/iphone15pro/indian-NF-1061.jpg,1105,889,1617,1401,1257,1099,1465,1191,0,attack,1,data/processed/text_patch512/dev_val/digital_1/attack/c0700109652a17b76446.png,1.0
POST_HOC_NATIVE_TEXT_PATCH512_DIAGNOSTIC,10,dev_val,digital_1,c0700109652a17b76446,indian-NF-1061,iphone15pro,dob,50,train/attack/digital_1/iphone15pro/indian-NF-1061.jpg,train/bonafide/iphone15pro/indian-NF-1061.jpg,1105,889,1617,1401,1257,1099,1465,1191,0,bonafide,0,data/processed/text_patch512/dev_val/digital_1/bonafide/c0700109652a17b76446.png,0.00981903076171875
POST_HOC_NATIVE_TEXT_PATCH512_DIAGNOSTIC,10,dev_val,digital_1,32b2160da4ced0cb6fbc,indian-NF-1061,iphone15pro,doe,50,train/attack/digital_1/iphone15pro/indian-NF-1061.jpg,train/bonafide/iphone15pro/indian-NF-1061.jpg,2116,1273,2628,1785,2268,1498,2477,1590,0,attack,1,data/processed/text_patch512/dev_val/digital_1/attack/32b2160da4ced0cb6fbc.png,1.0
POST_HOC_NATIVE_TEXT_PATCH512_DIAGNOSTIC,10,dev_val,digital_1,32b2160da4ced0cb6fbc,indian-NF-1061,iphone15pro,doe,50,train/attack/digital_1/iphone15pro/indian-NF-1061.jpg,train/bonafide/iphone15pro/indian-NF-1061.jpg,2116,1273,2628,1785,2268,1498,2477,1590,0,bonafide,0,data/processed/text_patch512/dev_val/digital_1/bonafide/32b2160da4ced0cb6fbc.png,0.003765106201171875
POST_HOC_NATIVE_TEXT_PATCH512_DIAGNOSTIC,10,dev_val,digital_1,f68f37de070547847794,indian-NF-1061,iphone15pro,name,50,train/attack/digital_1/iphone15pro/indian-NF-1061.jpg,train/bonafide/iphone15pro/indian-NF-1061.jpg,1022,661,1534,1173,1029,871,1528,963,0,attack,1,data/processed/text_patch512/dev_val/digital_1/attack/f68f37de070547847794.png,1.0
POST_HOC_NATIVE_TEXT_PATCH512_DIAGNOSTIC,10,dev_val,digital_1,f68f37de070547847794,indian-NF-1061,iphone15pro,name,50,train/attack/digital_1/iphone15pro/indian-NF-1061.jpg,train/bonafide/iphone15pro/indian-NF-1061.jpg,1022,661,1534,1173,1029,871,1528,963,0,bonafide,0,data/processed/text_patch512/dev_val/digital_1/bonafide/f68f37de070547847794.png,0.0011539459228515625
POST_HOC_NATIVE_TEXT_PATCH512_DIAGNOSTIC,10,dev_val,digital_1,14349178e1653db4d5ca,indian-NF-1061,scan,dob,77,train/attack/digital_1/scan/indian-NF-1061.jpg,train/bonafide/scan/indian-NF-1061.jpg,698,545,1210,1057,881,763,1027,839,0,attack,1,data/processed/text_patch512/dev_val/digital_1/attack/14349178e1653db4d5ca.png,1.0
POST_HOC_NATIVE_TEXT_PATCH512_DIAGNOSTIC,10,dev_val,digital_1,14349178e1653db4d5ca,indian-NF-1061,scan,dob,77,train/attack/digital_1/scan/indian-NF-1061.jpg,train/bonafide/scan/indian-NF-1061.jpg,698,545,1210,1057,881,763,1027,839,0,bonafide,0,data/processed/text_patch512/dev_val/digital_1/bonafide/14349178e1653db4d5ca.png,0.00033020973205566406
POST_HOC_NATIVE_TEXT_PATCH512_DIAGNOSTIC,10,dev_val,digital_1,f8e72f986cd6db46c190,indian-NF-1061,scan,name,77,train/attack/digital_1/scan/indian-NF-1061.jpg,train/bonafide/scan/indian-NF-1061.jpg,676,384,1188,896,723,602,1077,678,0,attack,1,data/processed/text_patch512/dev_val/digital_1/attack/f8e72f986cd6db46c190.png,1.0
POST_HOC_NATIVE_TEXT_PATCH512_DIAGNOSTIC,10,dev_val,digital_1,f8e72f986cd6db46c190,indian-NF-1061,scan,name,77,train/attack/digital_1/scan/indian-NF-1061.jpg,train/bonafide/scan/indian-NF-1061.jpg,676,384,1188,896,723,602,1077,678,0,bonafide,0,data/processed/text_patch512/dev_val/digital_1/bonafide/f8e72f986cd6db46c190.png,4.267692565917969e-05
POST_HOC_NATIVE_TEXT_PATCH512_DIAGNOSTIC,10,dev_val,digital_2,8502ceee6cecf955c489,indian-NF-1061,huawei,dob,63,train/attack/digital_2/huawei/indian-NF-1061.jpg,train/bonafide/huawei/indian-NF-1061.jpg,1279,1022,1791,1534,1416,1217,1654,1340,0,attack,1,data/processed/text_patch512/dev_val/digital_2/attack/8502ceee6cecf955c489.png,1.0
POST_HOC_NATIVE_TEXT_PATCH512_DIAGNOSTIC,10,dev_val,digital_2,8502ceee6cecf955c489,indian-NF-1061,huawei,dob,63,train/attack/digital_2/huawei/indian-NF-1061.jpg,train/bonafide/huawei/indian-NF-1061.jpg,1279,1022,1791,1534,1416,1217,1654,1340,0,bonafide,0,data/processed/text_patch512/dev_val/digital_2/bonafide/8502ceee6cecf955c489.png,0.00013136863708496094
POST_HOC_NATIVE_TEXT_PATCH512_DIAGNOSTIC,10,dev_val,digital_2,b56695dbd12ead0616a4,indian-NF-1061,huawei,doe,63,train/attack/digital_2/huawei/indian-NF-1061.jpg,train/bonafide/huawei/indian-NF-1061.jpg,2437,1474,2949,1986,2574,1707,2812,1830,0,attack,1,data/processed/text_patch512/dev_val/digital_2/attack/b56695dbd12ead0616a4.png,1.0
POST_HOC_NATIVE_TEXT_PATCH512_DIAGNOSTIC,10,dev_val,digital_2,b56695dbd12ead0616a4,indian-NF-1061,huawei,doe,63,train/attack/digital_2/huawei/indian-NF-1061.jpg,train/bonafide/huawei/indian-NF-1061.jpg,2437,1474,2949,1986,2574,1707,2812,1830,0,bonafide,0,data/processed/text_patch512/dev_val/digital_2/bonafide/b56695dbd12ead0616a4.png,0.0112457275390625
POST_HOC_NATIVE_TEXT_PATCH512_DIAGNOSTIC,10,dev_val,digital_2,6f25084174f3b7a41c5f,indian-NF-1061,huawei,name,63,train/attack/digital_2/huawei/indian-NF-1061.jpg,train/bonafide/huawei/indian-NF-1061.jpg,1195,766,1707,1278,1164,961,1738,1084,0,attack,1,data/processed/text_patch512/dev_val/digital_2/attack/6f25084174f3b7a41c5f.png,1.0
POST_HOC_NATIVE_TEXT_PATCH512_DIAGNOSTIC,10,dev_val,digital_2,6f25084174f3b7a41c5f,indian-NF-1061,huawei,name,63,train/attack/digital_2/huawei/indian-NF-1061.jpg,train/bonafide/huawei/indian-NF-1061.jpg,1195,766,1707,1278,1164,961,1738,1084,0,bonafide,0,data/processed/text_patch512/dev_val/digital_2/bonafide/6f25084174f3b7a41c5f.png,0.00033211708068847656
POST_HOC_NATIVE_TEXT_PATCH512_DIAGNOSTIC,10,dev_val,digital_2,d60cd08466977e561aa4,indian-NF-1061,iphone15pro,dob,50,train/attack/digital_2/iphone15pro/indian-NF-1061.jpg,train/bonafide/iphone15pro/indian-NF-1061.jpg,1105,889,1617,1401,1257,1099,1465,1191,0,attack,1,data/processed/text_patch512/dev_val/digital_2/attack/d60cd08466977e561aa4.png,1.0
POST_HOC_NATIVE_TEXT_PATCH512_DIAGNOSTIC,10,dev_val,digital_2,d60cd08466977e561aa4,indian-NF-1061,iphone15pro,dob,50,train/attack/digital_2/iphone15pro/indian-NF-1061.jpg,train/bonafide/iphone15pro/indian-NF-1061.jpg,1105,889,1617,1401,1257,1099,1465,1191,0,bonafide,0,data/processed/text_patch512/dev_val/digital_2/bonafide/d60cd08466977e561aa4.png,0.00981903076171875
POST_HOC_NATIVE_TEXT_PATCH512_DIAGNOSTIC,10,dev_val,digital_2,b8dcd4ed44360cde511e,indian-NF-1061,iphone15pro,doe,50,train/attack/digital_2/iphone15pro/indian-NF-1061.jpg,train/bonafide/iphone15pro/indian-NF-1061.jpg,2116,1273,2628,1785,2268,1498,2477,1590,0,attack,1,data/processed/text_patch512/dev_val/digital_2/attack/b8dcd4ed44360cde511e.png,1.0
POST_HOC_NATIVE_TEXT_PATCH512_DIAGNOSTIC,10,dev_val,digital_2,b8dcd4ed44360cde511e,indian-NF-1061,iphone15pro,doe,50,train/attack/digital_2/iphone15pro/indian-NF-1061.jpg,train/bonafide/iphone15pro/indian-NF-1061.jpg,2116,1273,2628,1785,2268,1498,2477,1590,0,bonafide,0,data/processed/text_patch512/dev_val/digital_2/bonafide/b8dcd4ed44360cde511e.png,0.003765106201171875
POST_HOC_NATIVE_TEXT_PATCH512_DIAGNOSTIC,10,dev_val,digital_2,eb4bae82fde4f78daa29,indian-NF-1061,iphone15pro,name,50,train/attack/digital_2/iphone15pro/indian-NF-1061.jpg,train/bonafide/iphone15pro/indian-NF-1061.jpg,1022,661,1534,1173,1029,871,1528,963,0,attack,1,data/processed/text_patch512/dev_val/digital_2/attack/eb4bae82fde4f78daa29.png,1.0
POST_HOC_NATIVE_TEXT_PATCH512_DIAGNOSTIC,10,dev_val,digital_2,eb4bae82fde4f78daa29,indian-NF-1061,iphone15pro,name,50,train/attack/digital_2/iphone15pro/indian-NF-1061.jpg,train/bonafide/iphone15pro/indian-NF-1061.jpg,1022,661,1534,1173,1029,871,1528,963,0,bonafide,0,data/processed/text_patch512/dev_val/digital_2/bonafide/eb4bae82fde4f78daa29.png,0.0011539459228515625
POST_HOC_NATIVE_TEXT_PATCH512_DIAGNOSTIC,10,dev_val,digital_2,f7d62c2c2f8cd0fc5136,indian-NF-1061,scan,dob,77,train/attack/digital_2/scan/indian-NF-1061.jpg,train/bonafide/scan/indian-NF-1061.jpg,698,545,1210,1057,881,763,1027,839,0,attack,1,data/processed/text_patch512/dev_val/digital_2/attack/f7d62c2c2f8cd0fc5136.png,1.0
POST_HOC_NATIVE_TEXT_PATCH512_DIAGNOSTIC,10,dev_val,digital_2,f7d62c2c2f8cd0fc5136,indian-NF-1061,scan,dob,77,train/attack/digital_2/scan/indian-NF-1061.jpg,train/bonafide/scan/indian-NF-1061.jpg,698,545,1210,1057,881,763,1027,839,0,bonafide,0,data/processed/text_patch512/dev_val/digital_2/bonafide/f7d62c2c2f8cd0fc5136.png,0.00033020973205566406
POST_HOC_NATIVE_TEXT_PATCH512_DIAGNOSTIC,10,dev_val,digital_2,4863af2d5dfbfc65bb0b,indian-NF-1061,scan,name,77,train/attack/digital_2/scan/indian-NF-1061.jpg,train/bonafide/scan/indian-NF-1061.jpg,676,384,1188,896,723,602,1077,678,0,attack,1,data/processed/text_patch512/dev_val/digital_2/attack/4863af2d5dfbfc65bb0b.png,1.0
POST_HOC_NATIVE_TEXT_PATCH512_DIAGNOSTIC,10,dev_val,digital_2,4863af2d5dfbfc65bb0b,indian-NF-1061,scan,name,77,train/attack/digital_2/scan/indian-NF-1061.jpg,train/bonafide/scan/indian-NF-1061.jpg,676,384,1188,896,723,602,1077,678,0,bonafide,0,data/processed/text_patch512/dev_val/digital_2/bonafide/4863af2d5dfbfc65bb0b.png,4.267692565917969e-05
POST_HOC_NATIVE_TEXT_PATCH512_DIAGNOSTIC,10,dev_val,digital_1,0ea3701eb8160d7d0b3e,persian-144_03,huawei,dob,50,train/attack/digital_1/huawei/persian-144_03.jpg,train/bonafide/huawei/persian-144_03.jpg,1248,672,1760,1184,1406,865,1601,990,0,attack,1,data/processed/text_patch512/dev_val/digital_1/attack/0ea3701eb8160d7d0b3e.png,1.0
POST_HOC_NATIVE_TEXT_PATCH512_DIAGNOSTIC,10,dev_val,digital_1,0ea3701eb8160d7d0b3e,persian-144_03,huawei,dob,50,train/attack/digital_1/huawei/persian-144_03.jpg,train/bonafide/huawei/persian-144_03.jpg,1248,672,1760,1184,1406,865,1601,990,0,bonafide,0,data/processed/text_patch512/dev_val/digital_1/bonafide/0ea3701eb8160d7d0b3e.png,0.000453948974609375
POST_HOC_NATIVE_TEXT_PATCH512_DIAGNOSTIC,10,dev_val,digital_1,8f1c34f41c3aa55d4975,persian-144_03,huawei,doe,50,train/attack/digital_1/huawei/persian-144_03.jpg,train/bonafide/huawei/persian-144_03.jpg,2134,1182,2646,1694,2291,1375,2488,1502,0,attack,1,data/processed/text_patch512/dev_val/digital_1/attack/8f1c34f41c3aa55d4975.png,1.0
POST_HOC_NATIVE_TEXT_PATCH512_DIAGNOSTIC,10,dev_val,digital_1,8f1c34f41c3aa55d4975,persian-144_03,huawei,doe,50,train/attack/digital_1/huawei/persian-144_03.jpg,train/bonafide/huawei/persian-144_03.jpg,2134,1182,2646,1694,2291,1375,2488,1502,0,bonafide,0,data/processed/text_patch512/dev_val/digital_1/bonafide/8f1c34f41c3aa55d4975.png,0.0018606185913085938
POST_HOC_NATIVE_TEXT_PATCH512_DIAGNOSTIC,10,dev_val,digital_1,ee8e5741f3c26f5c7e7a,persian-144_03,huawei,name,50,train/attack/digital_1/huawei/persian-144_03.jpg,train/bonafide/huawei/persian-144_03.jpg,1044,204,1556,716,1211,400,1388,519,0,attack,1,data/processed/text_patch512/dev_val/digital_1/attack/ee8e5741f3c26f5c7e7a.png,1.0
POST_HOC_NATIVE_TEXT_PATCH512_DIAGNOSTIC,10,dev_val,digital_1,ee8e5741f3c26f5c7e7a,persian-144_03,huawei,name,50,train/attack/digital_1/huawei/persian-144_03.jpg,train/bonafide/huawei/persian-144_03.jpg,1044,204,1556,716,1211,400,1388,519,0,bonafide,0,data/processed/text_patch512/dev_val/digital_1/bonafide/ee8e5741f3c26f5c7e7a.png,0.0005550384521484375
POST_HOC_NATIVE_TEXT_PATCH512_DIAGNOSTIC,10,dev_val,digital_1,d671798fa547374ed499,persian-144_03,iphone15pro,dob,88,train/attack/digital_1/iphone15pro/persian-144_03.jpg,train/bonafide/iphone15pro/persian-144_03.jpg,1038,530,1550,1042,1210,733,1379,839,0,attack,1,data/processed/text_patch512/dev_val/digital_1/attack/d671798fa547374ed499.png,1.0
POST_HOC_NATIVE_TEXT_PATCH512_DIAGNOSTIC,10,dev_val,digital_1,d671798fa547374ed499,persian-144_03,iphone15pro,dob,88,train/attack/digital_1/iphone15pro/persian-144_03.jpg,train/bonafide/iphone15pro/persian-144_03.jpg,1038,530,1550,1042,1210,733,1379,839,0,bonafide,0,data/processed/text_patch512/dev_val/digital_1/bonafide/d671798fa547374ed499.png,0.0195465087890625
POST_HOC_NATIVE_TEXT_PATCH512_DIAGNOSTIC,10,dev_val,digital_1,1d36ff5159ecc59a8f16,persian-144_03,iphone15pro,doe,88,train/attack/digital_1/iphone15pro/persian-144_03.jpg,train/bonafide/iphone15pro/persian-144_03.jpg,1802,965,2314,1477,1972,1167,2143,1275,0,attack,1,data/processed/text_patch512/dev_val/digital_1/attack/1d36ff5159ecc59a8f16.png,1.0
POST_HOC_NATIVE_TEXT_PATCH512_DIAGNOSTIC,10,dev_val,digital_1,1d36ff5159ecc59a8f16,persian-144_03,iphone15pro,doe,88,train/attack/digital_1/iphone15pro/persian-144_03.jpg,train/bonafide/iphone15pro/persian-144_03.jpg,1802,965,2314,1477,1972,1167,2143,1275,0,bonafide,0,data/processed/text_patch512/dev_val/digital_1/bonafide/1d36ff5159ecc59a8f16.png,0.0020465850830078125
POST_HOC_NATIVE_TEXT_PATCH512_DIAGNOSTIC,10,dev_val,digital_1,2b00bd2d0ba720d4acd6,persian-144_03,iphone15pro,name,88,train/attack/digital_1/iphone15pro/persian-144_03.jpg,train/bonafide/iphone15pro/persian-144_03.jpg,868,128,1380,640,1048,334,1199,435,0,attack,1,data/processed/text_patch512/dev_val/digital_1/attack/2b00bd2d0ba720d4acd6.png,1.0
POST_HOC_NATIVE_TEXT_PATCH512_DIAGNOSTIC,10,dev_val,digital_1,2b00bd2d0ba720d4acd6,persian-144_03,iphone15pro,name,88,train/attack/digital_1/iphone15pro/persian-144_03.jpg,train/bonafide/iphone15pro/persian-144_03.jpg,868,128,1380,640,1048,334,1199,435,0,bonafide,0,data/processed/text_patch512/dev_val/digital_1/bonafide/2b00bd2d0ba720d4acd6.png,0.003093719482421875
POST_HOC_NATIVE_TEXT_PATCH512_DIAGNOSTIC,10,dev_val,digital_1,6a020148fe30ae0f4b17,persian-144_03,scan,dob,72,train/attack/digital_1/scan/persian-144_03.jpg,train/bonafide/scan/persian-144_03.jpg,733,359,1245,871,923,574,1055,656,0,attack,1,data/processed/text_patch512/dev_val/digital_1/attack/6a020148fe30ae0f4b17.png,0.99853515625
POST_HOC_NATIVE_TEXT_PATCH512_DIAGNOSTIC,10,dev_val,digital_1,6a020148fe30ae0f4b17,persian-144_03,scan,dob,72,train/attack/digital_1/scan/persian-144_03.jpg,train/bonafide/scan/persian-144_03.jpg,733,359,1245,871,923,574,1055,656,0,bonafide,0,data/processed/text_patch512/dev_val/digital_1/bonafide/6a020148fe30ae0f4b17.png,0.00018596649169921875
POST_HOC_NATIVE_TEXT_PATCH512_DIAGNOSTIC,10,dev_val,digital_1,ee8784611067fc20b3b3,persian-144_03,scan,doe,72,train/attack/digital_1/scan/persian-144_03.jpg,train/bonafide/scan/persian-144_03.jpg,1312,694,1824,1206,1503,909,1633,991,0,attack,1,data/processed/text_patch512/dev_val/digital_1/attack/ee8784611067fc20b3b3.png,1.0
POST_HOC_NATIVE_TEXT_PATCH512_DIAGNOSTIC,10,dev_val,digital_1,ee8784611067fc20b3b3,persian-144_03,scan,doe,72,train/attack/digital_1/scan/persian-144_03.jpg,train/bonafide/scan/persian-144_03.jpg,1312,694,1824,1206,1503,909,1633,991,0,bonafide,0,data/processed/text_patch512/dev_val/digital_1/bonafide/ee8784611067fc20b3b3.png,0.0018568038940429688
POST_HOC_NATIVE_TEXT_PATCH512_DIAGNOSTIC,10,dev_val,digital_1,b8b0d45dcf4ae26ea31e,persian-144_03,scan,name,72,train/attack/digital_1/scan/persian-144_03.jpg,train/bonafide/scan/persian-144_03.jpg,669,47,1181,559,803,263,919,343,0,attack,1,data/processed/text_patch512/dev_val/digital_1/attack/b8b0d45dcf4ae26ea31e.png,1.0
POST_HOC_NATIVE_TEXT_PATCH512_DIAGNOSTIC,10,dev_val,digital_1,b8b0d45dcf4ae26ea31e,persian-144_03,scan,name,72,train/attack/digital_1/scan/persian-144_03.jpg,train/bonafide/scan/persian-144_03.jpg,669,47,1181,559,803,263,919,343,0,bonafide,0,data/processed/text_patch512/dev_val/digital_1/bonafide/b8b0d45dcf4ae26ea31e.png,0.00478363037109375
POST_HOC_NATIVE_TEXT_PATCH512_DIAGNOSTIC,10,dev_val,digital_2,b9d73a1a14637799e432,persian-144_03,huawei,dob,50,train/attack/digital_2/huawei/persian-144_03.jpg,train/bonafide/huawei/persian-144_03.jpg,1248,672,1760,1184,1406,865,1601,990,0,attack,1,data/processed/text_patch512/dev_val/digital_2/attack/b9d73a1a14637799e432.png,1.0
POST_HOC_NATIVE_TEXT_PATCH512_DIAGNOSTIC,10,dev_val,digital_2,b9d73a1a14637799e432,persian-144_03,huawei,dob,50,train/attack/digital_2/huawei/persian-144_03.jpg,train/bonafide/huawei/persian-144_03.jpg,1248,672,1760,1184,1406,865,1601,990,0,bonafide,0,data/processed/text_patch512/dev_val/digital_2/bonafide/b9d73a1a14637799e432.png,0.000453948974609375
POST_HOC_NATIVE_TEXT_PATCH512_DIAGNOSTIC,10,dev_val,digital_2,b205a0b45c0d0294be8b,persian-144_03,huawei,doe,50,train/attack/digital_2/huawei/persian-144_03.jpg,train/bonafide/huawei/persian-144_03.jpg,2134,1182,2646,1694,2291,1375,2488,1502,0,attack,1,data/processed/text_patch512/dev_val/digital_2/attack/b205a0b45c0d0294be8b.png,1.0
POST_HOC_NATIVE_TEXT_PATCH512_DIAGNOSTIC,10,dev_val,digital_2,b205a0b45c0d0294be8b,persian-144_03,huawei,doe,50,train/attack/digital_2/huawei/persian-144_03.jpg,train/bonafide/huawei/persian-144_03.jpg,2134,1182,2646,1694,2291,1375,2488,1502,0,bonafide,0,data/processed/text_patch512/dev_val/digital_2/bonafide/b205a0b45c0d0294be8b.png,0.0018606185913085938
POST_HOC_NATIVE_TEXT_PATCH512_DIAGNOSTIC,10,dev_val,digital_2,719b662862ced6e56969,persian-144_03,huawei,name,50,train/attack/digital_2/huawei/persian-144_03.jpg,train/bonafide/huawei/persian-144_03.jpg,1044,204,1556,716,1211,400,1388,519,0,attack,1,data/processed/text_patch512/dev_val/digital_2/attack/719b662862ced6e56969.png,1.0
POST_HOC_NATIVE_TEXT_PATCH512_DIAGNOSTIC,10,dev_val,digital_2,719b662862ced6e56969,persian-144_03,huawei,name,50,train/attack/digital_2/huawei/persian-144_03.jpg,train/bonafide/huawei/persian-144_03.jpg,1044,204,1556,716,1211,400,1388,519,0,bonafide,0,data/processed/text_patch512/dev_val/digital_2/bonafide/719b662862ced6e56969.png,0.0005550384521484375
POST_HOC_NATIVE_TEXT_PATCH512_DIAGNOSTIC,10,dev_val,digital_2,630d796e54f763af97b3,persian-144_03,iphone15pro,dob,88,train/attack/digital_2/iphone15pro/persian-144_03.jpg,train/bonafide/iphone15pro/persian-144_03.jpg,1038,530,1550,1042,1210,733,1379,839,0,attack,1,data/processed/text_patch512/dev_val/digital_2/attack/630d796e54f763af97b3.png,1.0
POST_HOC_NATIVE_TEXT_PATCH512_DIAGNOSTIC,10,dev_val,digital_2,630d796e54f763af97b3,persian-144_03,iphone15pro,dob,88,train/attack/digital_2/iphone15pro/persian-144_03.jpg,train/bonafide/iphone15pro/persian-144_03.jpg,1038,530,1550,1042,1210,733,1379,839,0,bonafide,0,data/processed/text_patch512/dev_val/digital_2/bonafide/630d796e54f763af97b3.png,0.0195465087890625
POST_HOC_NATIVE_TEXT_PATCH512_DIAGNOSTIC,10,dev_val,digital_2,2b6e78949a9d654134e5,persian-144_03,iphone15pro,doe,88,train/attack/digital_2/iphone15pro/persian-144_03.jpg,train/bonafide/iphone15pro/persian-144_03.jpg,1802,965,2314,1477,1972,1167,2143,1275,0,attack,1,data/processed/text_patch512/dev_val/digital_2/attack/2b6e78949a9d654134e5.png,1.0
POST_HOC_NATIVE_TEXT_PATCH512_DIAGNOSTIC,10,dev_val,digital_2,2b6e78949a9d654134e5,persian-144_03,iphone15pro,doe,88,train/attack/digital_2/iphone15pro/persian-144_03.jpg,train/bonafide/iphone15pro/persian-144_03.jpg,1802,965,2314,1477,1972,1167,2143,1275,0,bonafide,0,data/processed/text_patch512/dev_val/digital_2/bonafide/2b6e78949a9d654134e5.png,0.0020465850830078125
POST_HOC_NATIVE_TEXT_PATCH512_DIAGNOSTIC,10,dev_val,digital_2,d0fa9fc042a7e5c01976,persian-144_03,iphone15pro,name,88,train/attack/digital_2/iphone15pro/persian-144_03.jpg,train/bonafide/iphone15pro/persian-144_03.jpg,868,128,1380,640,1048,334,1199,435,0,attack,1,data/processed/text_patch512/dev_val/digital_2/attack/d0fa9fc042a7e5c01976.png,0.99853515625
POST_HOC_NATIVE_TEXT_PATCH512_DIAGNOSTIC,10,dev_val,digital_2,d0fa9fc042a7e5c01976,persian-144_03,iphone15pro,name,88,train/attack/digital_2/iphone15pro/persian-144_03.jpg,train/bonafide/iphone15pro/persian-144_03.jpg,868,128,1380,640,1048,334,1199,435,0,bonafide,0,data/processed/text_patch512/dev_val/digital_2/bonafide/d0fa9fc042a7e5c01976.png,0.003093719482421875
POST_HOC_NATIVE_TEXT_PATCH512_DIAGNOSTIC,10,dev_val,digital_2,5d08d91aa924b716421d,persian-144_03,scan,dob,72,train/attack/digital_2/scan/persian-144_03.jpg,train/bonafide/scan/persian-144_03.jpg,733,359,1245,871,923,574,1055,656,0,attack,1,data/processed/text_patch512/dev_val/digital_2/attack/5d08d91aa924b716421d.png,1.0
POST_HOC_NATIVE_TEXT_PATCH512_DIAGNOSTIC,10,dev_val,digital_2,5d08d91aa924b716421d,persian-144_03,scan,dob,72,train/attack/digital_2/scan/persian-144_03.jpg,train/bonafide/scan/persian-144_03.jpg,733,359,1245,871,923,574,1055,656,0,bonafide,0,data/processed/text_patch512/dev_val/digital_2/bonafide/5d08d91aa924b716421d.png,0.00018596649169921875
POST_HOC_NATIVE_TEXT_PATCH512_DIAGNOSTIC,10,dev_val,digital_2,bde06d4aea138c3c9e35,persian-144_03,scan,doe,72,train/attack/digital_2/scan/persian-144_03.jpg,train/bonafide/scan/persian-144_03.jpg,1312,694,1824,1206,1503,909,1633,991,0,attack,1,data/processed/text_patch512/dev_val/digital_2/attack/bde06d4aea138c3c9e35.png,0.99951171875
POST_HOC_NATIVE_TEXT_PATCH512_DIAGNOSTIC,10,dev_val,digital_2,bde06d4aea138c3c9e35,persian-144_03,scan,doe,72,train/attack/digital_2/scan/persian-144_03.jpg,train/bonafide/scan/persian-144_03.jpg,1312,694,1824,1206,1503,909,1633,991,0,bonafide,0,data/processed/text_patch512/dev_val/digital_2/bonafide/bde06d4aea138c3c9e35.png,0.0018568038940429688
POST_HOC_NATIVE_TEXT_PATCH512_DIAGNOSTIC,10,dev_val,digital_2,98bb4d104534d00828a5,persian-144_03,scan,name,72,train/attack/digital_2/scan/persian-144_03.jpg,train/bonafide/scan/persian-144_03.jpg,669,47,1181,559,803,263,919,343,0,attack,1,data/processed/text_patch512/dev_val/digital_2/attack/98bb4d104534d00828a5.png,1.0
POST_HOC_NATIVE_TEXT_PATCH512_DIAGNOSTIC,10,dev_val,digital_2,98bb4d104534d00828a5,persian-144_03,scan,name,72,train/attack/digital_2/scan/persian-144_03.jpg,train/bonafide/scan/persian-144_03.jpg,669,47,1181,559,803,263,919,343,0,bonafide,0,data/processed/text_patch512/dev_val/digital_2/bonafide/98bb4d104534d00828a5.png,0.00478363037109375
POST_HOC_NATIVE_TEXT_PATCH512_DIAGNOSTIC,10,dev_val,digital_1,6a105af69bb41df033ea,persian-NF-1018,huawei,dob,73,train/attack/digital_1/huawei/persian-NF-1018.jpg,train/bonafide/huawei/persian-NF-1018.jpg,1328,714,1840,1226,1479,904,1688,1035,0,attack,1,data/processed/text_patch512/dev_val/digital_1/attack/6a105af69bb41df033ea.png,1.0
POST_HOC_NATIVE_TEXT_PATCH512_DIAGNOSTIC,10,dev_val,digital_1,6a105af69bb41df033ea,persian-NF-1018,huawei,dob,73,train/attack/digital_1/huawei/persian-NF-1018.jpg,train/bonafide/huawei/persian-NF-1018.jpg,1328,714,1840,1226,1479,904,1688,1035,0,bonafide,0,data/processed/text_patch512/dev_val/digital_1/bonafide/6a105af69bb41df033ea.png,9.459257125854492e-05
POST_HOC_NATIVE_TEXT_PATCH512_DIAGNOSTIC,10,dev_val,digital_1,921a2f3b92f54b58f10f,persian-NF-1018,huawei,doe,73,train/attack/digital_1/huawei/persian-NF-1018.jpg,train/bonafide/huawei/persian-NF-1018.jpg,2262,1250,2774,1762,2412,1439,2623,1573,0,attack,1,data/processed/text_patch512/dev_val/digital_1/attack/921a2f3b92f54b58f10f.png,1.0
POST_HOC_NATIVE_TEXT_PATCH512_DIAGNOSTIC,10,dev_val,digital_1,921a2f3b92f54b58f10f,persian-NF-1018,huawei,doe,73,train/attack/digital_1/huawei/persian-NF-1018.jpg,train/bonafide/huawei/persian-NF-1018.jpg,2262,1250,2774,1762,2412,1439,2623,1573,0,bonafide,0,data/processed/text_patch512/dev_val/digital_1/bonafide/921a2f3b92f54b58f10f.png,0.00018596649169921875
POST_HOC_NATIVE_TEXT_PATCH512_DIAGNOSTIC,10,dev_val,digital_1,c4278dd58ceccc141e92,persian-NF-1018,huawei,name,73,train/attack/digital_1/huawei/persian-NF-1018.jpg,train/bonafide/huawei/persian-NF-1018.jpg,1135,218,1647,730,1277,412,1505,537,0,attack,1,data/processed/text_patch512/dev_val/digital_1/attack/c4278dd58ceccc141e92.png,1.0
POST_HOC_NATIVE_TEXT_PATCH512_DIAGNOSTIC,10,dev_val,digital_1,c4278dd58ceccc141e92,persian-NF-1018,huawei,name,73,train/attack/digital_1/huawei/persian-NF-1018.jpg,train/bonafide/huawei/persian-NF-1018.jpg,1135,218,1647,730,1277,412,1505,537,0,bonafide,0,data/processed/text_patch512/dev_val/digital_1/bonafide/c4278dd58ceccc141e92.png,0.00482940673828125
POST_HOC_NATIVE_TEXT_PATCH512_DIAGNOSTIC,10,dev_val,digital_1,847c9916782af0ebbc82,persian-NF-1018,iphone15pro,dob,50,train/attack/digital_1/iphone15pro/persian-NF-1018.jpg,train/bonafide/iphone15pro/persian-NF-1018.jpg,1146,616,1658,1128,1309,822,1494,922,0,attack,1,data/processed/text_patch512/dev_val/digital_1/attack/847c9916782af0ebbc82.png,1.0
POST_HOC_NATIVE_TEXT_PATCH512_DIAGNOSTIC,10,dev_val,digital_1,847c9916782af0ebbc82,persian-NF-1018,iphone15pro,dob,50,train/attack/digital_1/iphone15pro/persian-NF-1018.jpg,train/bonafide/iphone15pro/persian-NF-1018.jpg,1146,616,1658,1128,1309,822,1494,922,0,bonafide,0,data/processed/text_patch512/dev_val/digital_1/bonafide/847c9916782af0ebbc82.png,0.00040841102600097656
POST_HOC_NATIVE_TEXT_PATCH512_DIAGNOSTIC,10,dev_val,digital_1,ce9be3a8b91fbf707859,persian-NF-1018,iphone15pro,doe,50,train/attack/digital_1/iphone15pro/persian-NF-1018.jpg,train/bonafide/iphone15pro/persian-NF-1018.jpg,1974,1070,2486,1582,2138,1274,2323,1377,0,attack,1,data/processed/text_patch512/dev_val/digital_1/attack/ce9be3a8b91fbf707859.png,1.0
POST_HOC_NATIVE_TEXT_PATCH512_DIAGNOSTIC,10,dev_val,digital_1,ce9be3a8b91fbf707859,persian-NF-1018,iphone15pro,doe,50,train/attack/digital_1/iphone15pro/persian-NF-1018.jpg,train/bonafide/iphone15pro/persian-NF-1018.jpg,1974,1070,2486,1582,2138,1274,2323,1377,0,bonafide,0,data/processed/text_patch512/dev_val/digital_1/bonafide/ce9be3a8b91fbf707859.png,0.001461029052734375
POST_HOC_NATIVE_TEXT_PATCH512_DIAGNOSTIC,10,dev_val,digital_1,ec5a3650661cad7ff6ad,persian-NF-1018,iphone15pro,name,50,train/attack/digital_1/iphone15pro/persian-NF-1018.jpg,train/bonafide/iphone15pro/persian-NF-1018.jpg,962,178,1474,690,1117,382,1319,487,0,attack,1,data/processed/text_patch512/dev_val/digital_1/attack/ec5a3650661cad7ff6ad.png,1.0
POST_HOC_NATIVE_TEXT_PATCH512_DIAGNOSTIC,10,dev_val,digital_1,ec5a3650661cad7ff6ad,persian-NF-1018,iphone15pro,name,50,train/attack/digital_1/iphone15pro/persian-NF-1018.jpg,train/bonafide/iphone15pro/persian-NF-1018.jpg,962,178,1474,690,1117,382,1319,487,0,bonafide,0,data/processed/text_patch512/dev_val/digital_1/bonafide/ec5a3650661cad7ff6ad.png,0.005489349365234375
POST_HOC_NATIVE_TEXT_PATCH512_DIAGNOSTIC,10,dev_val,digital_1,568fd37312128ecef0e3,persian-NF-1018,scan,dob,73,train/attack/digital_1/scan/persian-NF-1018.jpg,train/bonafide/scan/persian-NF-1018.jpg,736,358,1248,870,925,578,1059,649,0,attack,1,data/processed/text_patch512/dev_val/digital_1/attack/568fd37312128ecef0e3.png,0.99951171875
POST_HOC_NATIVE_TEXT_PATCH512_DIAGNOSTIC,10,dev_val,digital_1,568fd37312128ecef0e3,persian-NF-1018,scan,dob,73,train/attack/digital_1/scan/persian-NF-1018.jpg,train/bonafide/scan/persian-NF-1018.jpg,736,358,1248,870,925,578,1059,649,0,bonafide,0,data/processed/text_patch512/dev_val/digital_1/bonafide/568fd37312128ecef0e3.png,0.00020623207092285156
POST_HOC_NATIVE_TEXT_PATCH512_DIAGNOSTIC,10,dev_val,digital_1,c6d7be301d3575382a25,persian-NF-1018,scan,doe,73,train/attack/digital_1/scan/persian-NF-1018.jpg,train/bonafide/scan/persian-NF-1018.jpg,1326,678,1838,1190,1516,898,1648,969,0,attack,1,data/processed/text_patch512/dev_val/digital_1/attack/c6d7be301d3575382a25.png,0.99951171875
POST_HOC_NATIVE_TEXT_PATCH512_DIAGNOSTIC,10,dev_val,digital_1,c6d7be301d3575382a25,persian-NF-1018,scan,doe,73,train/attack/digital_1/scan/persian-NF-1018.jpg,train/bonafide/scan/persian-NF-1018.jpg,1326,678,1838,1190,1516,898,1648,969,0,bonafide,0,data/processed/text_patch512/dev_val/digital_1/bonafide/c6d7be301d3575382a25.png,0.0006275177001953125
POST_HOC_NATIVE_TEXT_PATCH512_DIAGNOSTIC,10,dev_val,digital_1,cc715851397772f6090d,persian-NF-1018,scan,name,73,train/attack/digital_1/scan/persian-NF-1018.jpg,train/bonafide/scan/persian-NF-1018.jpg,703,50,1215,562,790,268,936,343,0,attack,1,data/processed/text_patch512/dev_val/digital_1/attack/cc715851397772f6090d.png,1.0
POST_HOC_NATIVE_TEXT_PATCH512_DIAGNOSTIC,10,dev_val,digital_1,cc715851397772f6090d,persian-NF-1018,scan,name,73,train/attack/digital_1/scan/persian-NF-1018.jpg,train/bonafide/scan/persian-NF-1018.jpg,703,50,1215,562,790,268,936,343,0,bonafide,0,data/processed/text_patch512/dev_val/digital_1/bonafide/cc715851397772f6090d.png,0.01322174072265625
POST_HOC_NATIVE_TEXT_PATCH512_DIAGNOSTIC,10,dev_val,digital_2,1ee188df4adb6d797751,persian-NF-1018,huawei,dob,73,train/attack/digital_2/huawei/persian-NF-1018.jpg,train/bonafide/huawei/persian-NF-1018.jpg,1328,714,1840,1226,1479,904,1688,1035,0,attack,1,data/processed/text_patch512/dev_val/digital_2/attack/1ee188df4adb6d797751.png,1.0
POST_HOC_NATIVE_TEXT_PATCH512_DIAGNOSTIC,10,dev_val,digital_2,1ee188df4adb6d797751,persian-NF-1018,huawei,dob,73,train/attack/digital_2/huawei/persian-NF-1018.jpg,train/bonafide/huawei/persian-NF-1018.jpg,1328,714,1840,1226,1479,904,1688,1035,0,bonafide,0,data/processed/text_patch512/dev_val/digital_2/bonafide/1ee188df4adb6d797751.png,9.459257125854492e-05
POST_HOC_NATIVE_TEXT_PATCH512_DIAGNOSTIC,10,dev_val,digital_2,77108bd42a7e4428e43d,persian-NF-1018,huawei,doe,73,train/attack/digital_2/huawei/persian-NF-1018.jpg,train/bonafide/huawei/persian-NF-1018.jpg,2262,1250,2774,1762,2412,1439,2623,1573,0,attack,1,data/processed/text_patch512/dev_val/digital_2/attack/77108bd42a7e4428e43d.png,1.0
POST_HOC_NATIVE_TEXT_PATCH512_DIAGNOSTIC,10,dev_val,digital_2,77108bd42a7e4428e43d,persian-NF-1018,huawei,doe,73,train/attack/digital_2/huawei/persian-NF-1018.jpg,train/bonafide/huawei/persian-NF-1018.jpg,2262,1250,2774,1762,2412,1439,2623,1573,0,bonafide,0,data/processed/text_patch512/dev_val/digital_2/bonafide/77108bd42a7e4428e43d.png,0.00018596649169921875
POST_HOC_NATIVE_TEXT_PATCH512_DIAGNOSTIC,10,dev_val,digital_2,6c09b507cb743e0791bc,persian-NF-1018,huawei,name,73,train/attack/digital_2/huawei/persian-NF-1018.jpg,train/bonafide/huawei/persian-NF-1018.jpg,1135,218,1647,730,1277,412,1505,537,0,attack,1,data/processed/text_patch512/dev_val/digital_2/attack/6c09b507cb743e0791bc.png,1.0
POST_HOC_NATIVE_TEXT_PATCH512_DIAGNOSTIC,10,dev_val,digital_2,6c09b507cb743e0791bc,persian-NF-1018,huawei,name,73,train/attack/digital_2/huawei/persian-NF-1018.jpg,train/bonafide/huawei/persian-NF-1018.jpg,1135,218,1647,730,1277,412,1505,537,0,bonafide,0,data/processed/text_patch512/dev_val/digital_2/bonafide/6c09b507cb743e0791bc.png,0.00482940673828125
POST_HOC_NATIVE_TEXT_PATCH512_DIAGNOSTIC,10,dev_val,digital_2,730428554f9b0028a299,persian-NF-1018,iphone15pro,dob,50,train/attack/digital_2/iphone15pro/persian-NF-1018.jpg,train/bonafide/iphone15pro/persian-NF-1018.jpg,1146,616,1658,1128,1309,822,1494,922,0,attack,1,data/processed/text_patch512/dev_val/digital_2/attack/730428554f9b0028a299.png,1.0
POST_HOC_NATIVE_TEXT_PATCH512_DIAGNOSTIC,10,dev_val,digital_2,730428554f9b0028a299,persian-NF-1018,iphone15pro,dob,50,train/attack/digital_2/iphone15pro/persian-NF-1018.jpg,train/bonafide/iphone15pro/persian-NF-1018.jpg,1146,616,1658,1128,1309,822,1494,922,0,bonafide,0,data/processed/text_patch512/dev_val/digital_2/bonafide/730428554f9b0028a299.png,0.00040841102600097656
POST_HOC_NATIVE_TEXT_PATCH512_DIAGNOSTIC,10,dev_val,digital_2,8c1747c0d06aa36cde90,persian-NF-1018,iphone15pro,doe,50,train/attack/digital_2/iphone15pro/persian-NF-1018.jpg,train/bonafide/iphone15pro/persian-NF-1018.jpg,1974,1070,2486,1582,2138,1274,2323,1377,0,attack,1,data/processed/text_patch512/dev_val/digital_2/attack/8c1747c0d06aa36cde90.png,1.0
POST_HOC_NATIVE_TEXT_PATCH512_DIAGNOSTIC,10,dev_val,digital_2,8c1747c0d06aa36cde90,persian-NF-1018,iphone15pro,doe,50,train/attack/digital_2/iphone15pro/persian-NF-1018.jpg,train/bonafide/iphone15pro/persian-NF-1018.jpg,1974,1070,2486,1582,2138,1274,2323,1377,0,bonafide,0,data/processed/text_patch512/dev_val/digital_2/bonafide/8c1747c0d06aa36cde90.png,0.001461029052734375
POST_HOC_NATIVE_TEXT_PATCH512_DIAGNOSTIC,10,dev_val,digital_2,2328224e32cb3f00fecc,persian-NF-1018,iphone15pro,name,50,train/attack/digital_2/iphone15pro/persian-NF-1018.jpg,train/bonafide/iphone15pro/persian-NF-1018.jpg,962,178,1474,690,1117,382,1319,487,0,attack,1,data/processed/text_patch512/dev_val/digital_2/attack/2328224e32cb3f00fecc.png,1.0
POST_HOC_NATIVE_TEXT_PATCH512_DIAGNOSTIC,10,dev_val,digital_2,2328224e32cb3f00fecc,persian-NF-1018,iphone15pro,name,50,train/attack/digital_2/iphone15pro/persian-NF-1018.jpg,train/bonafide/iphone15pro/persian-NF-1018.jpg,962,178,1474,690,1117,382,1319,487,0,bonafide,0,data/processed/text_patch512/dev_val/digital_2/bonafide/2328224e32cb3f00fecc.png,0.005489349365234375
POST_HOC_NATIVE_TEXT_PATCH512_DIAGNOSTIC,10,dev_val,digital_2,e2d1f06fbd230afd4902,persian-NF-1018,scan,dob,73,train/attack/digital_2/scan/persian-NF-1018.jpg,train/bonafide/scan/persian-NF-1018.jpg,736,358,1248,870,925,578,1059,649,0,attack,1,data/processed/text_patch512/dev_val/digital_2/attack/e2d1f06fbd230afd4902.png,0.99951171875
POST_HOC_NATIVE_TEXT_PATCH512_DIAGNOSTIC,10,dev_val,digital_2,e2d1f06fbd230afd4902,persian-NF-1018,scan,dob,73,train/attack/digital_2/scan/persian-NF-1018.jpg,train/bonafide/scan/persian-NF-1018.jpg,736,358,1248,870,925,578,1059,649,0,bonafide,0,data/processed/text_patch512/dev_val/digital_2/bonafide/e2d1f06fbd230afd4902.png,0.00020623207092285156
POST_HOC_NATIVE_TEXT_PATCH512_DIAGNOSTIC,10,dev_val,digital_2,25e423883984e5aee137,persian-NF-1018,scan,doe,73,train/attack/digital_2/scan/persian-NF-1018.jpg,train/bonafide/scan/persian-NF-1018.jpg,1326,678,1838,1190,1516,898,1648,969,0,attack,1,data/processed/text_patch512/dev_val/digital_2/attack/25e423883984e5aee137.png,0.99951171875
POST_HOC_NATIVE_TEXT_PATCH512_DIAGNOSTIC,10,dev_val,digital_2,25e423883984e5aee137,persian-NF-1018,scan,doe,73,train/attack/digital_2/scan/persian-NF-1018.jpg,train/bonafide/scan/persian-NF-1018.jpg,1326,678,1838,1190,1516,898,1648,969,0,bonafide,0,data/processed/text_patch512/dev_val/digital_2/bonafide/25e423883984e5aee137.png,0.0006275177001953125
POST_HOC_NATIVE_TEXT_PATCH512_DIAGNOSTIC,10,dev_val,digital_2,ec4358de6f152018ee61,persian-NF-1018,scan,name,73,train/attack/digital_2/scan/persian-NF-1018.jpg,train/bonafide/scan/persian-NF-1018.jpg,671,50,1183,562,790,268,936,343,0,attack,1,data/processed/text_patch512/dev_val/digital_2/attack/ec4358de6f152018ee61.png,1.0
POST_HOC_NATIVE_TEXT_PATCH512_DIAGNOSTIC,10,dev_val,digital_2,ec4358de6f152018ee61,persian-NF-1018,scan,name,73,train/attack/digital_2/scan/persian-NF-1018.jpg,train/bonafide/scan/persian-NF-1018.jpg,671,50,1183,562,790,268,936,343,0,bonafide,0,data/processed/text_patch512/dev_val/digital_2/bonafide/ec4358de6f152018ee61.png,0.01203155517578125
POST_HOC_NATIVE_TEXT_PATCH512_DIAGNOSTIC,10,dev_val,digital_1,2c65b6469bc60176158b,persian-NF-1097,huawei,dob,86,train/attack/digital_1/huawei/persian-NF-1097.jpg,train/bonafide/huawei/persian-NF-1097.jpg,1342,724,1854,1236,1492,924,1704,1036,0,attack,1,data/processed/text_patch512/dev_val/digital_1/attack/2c65b6469bc60176158b.png,1.0
POST_HOC_NATIVE_TEXT_PATCH512_DIAGNOSTIC,10,dev_val,digital_1,2c65b6469bc60176158b,persian-NF-1097,huawei,dob,86,train/attack/digital_1/huawei/persian-NF-1097.jpg,train/bonafide/huawei/persian-NF-1097.jpg,1342,724,1854,1236,1492,924,1704,1036,0,bonafide,0,data/processed/text_patch512/dev_val/digital_1/bonafide/2c65b6469bc60176158b.png,0.005229949951171875
POST_HOC_NATIVE_TEXT_PATCH512_DIAGNOSTIC,10,dev_val,digital_1,22b555f27d90c0cf05da,persian-NF-1097,huawei,doe,86,train/attack/digital_1/huawei/persian-NF-1097.jpg,train/bonafide/huawei/persian-NF-1097.jpg,2300,1232,2812,1744,2452,1431,2661,1546,0,attack,1,data/processed/text_patch512/dev_val/digital_1/attack/22b555f27d90c0cf05da.png,1.0
POST_HOC_NATIVE_TEXT_PATCH512_DIAGNOSTIC,10,dev_val,digital_1,22b555f27d90c0cf05da,persian-NF-1097,huawei,doe,86,train/attack/digital_1/huawei/persian-NF-1097.jpg,train/bonafide/huawei/persian-NF-1097.jpg,2300,1232,2812,1744,2452,1431,2661,1546,0,bonafide,0,data/processed/text_patch512/dev_val/digital_1/bonafide/22b555f27d90c0cf05da.png,0.00020182132720947266
POST_HOC_NATIVE_TEXT_PATCH512_DIAGNOSTIC,10,dev_val,digital_1,6283c5e4d019c00fe36e,persian-NF-1097,huawei,name,86,train/attack/digital_1/huawei/persian-NF-1097.jpg,train/bonafide/huawei/persian-NF-1097.jpg,1102,237,1614,749,1261,434,1454,552,0,attack,1,data/processed/text_patch512/dev_val/digital_1/attack/6283c5e4d019c00fe36e.png,1.0
POST_HOC_NATIVE_TEXT_PATCH512_DIAGNOSTIC,10,dev_val,digital_1,6283c5e4d019c00fe36e,persian-NF-1097,huawei,name,86,train/attack/digital_1/huawei/persian-NF-1097.jpg,train/bonafide/huawei/persian-NF-1097.jpg,1102,237,1614,749,1261,434,1454,552,0,bonafide,0,data/processed/text_patch512/dev_val/digital_1/bonafide/6283c5e4d019c00fe36e.png,0.90576171875
POST_HOC_NATIVE_TEXT_PATCH512_DIAGNOSTIC,10,dev_val,digital_1,a990ee7e1197e32c7181,persian-NF-1097,iphone15pro,dob,88,train/attack/digital_1/iphone15pro/persian-NF-1097.jpg,train/bonafide/iphone15pro/persian-NF-1097.jpg,1128,621,1640,1133,1294,827,1475,927,0,attack,1,data/processed/text_patch512/dev_val/digital_1/attack/a990ee7e1197e32c7181.png,1.0
POST_HOC_NATIVE_TEXT_PATCH512_DIAGNOSTIC,10,dev_val,digital_1,a990ee7e1197e32c7181,persian-NF-1097,iphone15pro,dob,88,train/attack/digital_1/iphone15pro/persian-NF-1097.jpg,train/bonafide/iphone15pro/persian-NF-1097.jpg,1128,621,1640,1133,1294,827,1475,927,0,bonafide,0,data/processed/text_patch512/dev_val/digital_1/bonafide/a990ee7e1197e32c7181.png,0.0003120899200439453
POST_HOC_NATIVE_TEXT_PATCH512_DIAGNOSTIC,10,dev_val,digital_1,af1453eb9934f3764dd7,persian-NF-1097,iphone15pro,doe,88,train/attack/digital_1/iphone15pro/persian-NF-1097.jpg,train/bonafide/iphone15pro/persian-NF-1097.jpg,1950,1074,2462,1586,2114,1279,2297,1381,0,attack,1,data/processed/text_patch512/dev_val/digital_1/attack/af1453eb9934f3764dd7.png,1.0
POST_HOC_NATIVE_TEXT_PATCH512_DIAGNOSTIC,10,dev_val,digital_1,af1453eb9934f3764dd7,persian-NF-1097,iphone15pro,doe,88,train/attack/digital_1/iphone15pro/persian-NF-1097.jpg,train/bonafide/iphone15pro/persian-NF-1097.jpg,1950,1074,2462,1586,2114,1279,2297,1381,0,bonafide,0,data/processed/text_patch512/dev_val/digital_1/bonafide/af1453eb9934f3764dd7.png,0.0007581710815429688
POST_HOC_NATIVE_TEXT_PATCH512_DIAGNOSTIC,10,dev_val,digital_1,1205e98e11dc92e899f1,persian-NF-1097,iphone15pro,name,88,train/attack/digital_1/iphone15pro/persian-NF-1097.jpg,train/bonafide/iphone15pro/persian-NF-1097.jpg,922,184,1434,696,1096,388,1261,493,0,attack,1,data/processed/text_patch512/dev_val/digital_1/attack/1205e98e11dc92e899f1.png,1.0
POST_HOC_NATIVE_TEXT_PATCH512_DIAGNOSTIC,10,dev_val,digital_1,1205e98e11dc92e899f1,persian-NF-1097,iphone15pro,name,88,train/attack/digital_1/iphone15pro/persian-NF-1097.jpg,train/bonafide/iphone15pro/persian-NF-1097.jpg,922,184,1434,696,1096,388,1261,493,0,bonafide,0,data/processed/text_patch512/dev_val/digital_1/bonafide/1205e98e11dc92e899f1.png,0.0011034011840820312
POST_HOC_NATIVE_TEXT_PATCH512_DIAGNOSTIC,10,dev_val,digital_1,a56a0789fb52f12de482,persian-NF-1097,scan,dob,89,train/attack/digital_1/scan/persian-NF-1097.jpg,train/bonafide/scan/persian-NF-1097.jpg,734,358,1246,870,924,573,1055,655,0,attack,1,data/processed/text_patch512/dev_val/digital_1/attack/a56a0789fb52f12de482.png,0.99951171875
POST_HOC_NATIVE_TEXT_PATCH512_DIAGNOSTIC,10,dev_val,digital_1,a56a0789fb52f12de482,persian-NF-1097,scan,dob,89,train/attack/digital_1/scan/persian-NF-1097.jpg,train/bonafide/scan/persian-NF-1097.jpg,734,358,1246,870,924,573,1055,655,0,bonafide,0,data/processed/text_patch512/dev_val/digital_1/bonafide/a56a0789fb52f12de482.png,0.00018596649169921875
POST_HOC_NATIVE_TEXT_PATCH512_DIAGNOSTIC,10,dev_val,digital_1,7c61f6dbcb6aca4940f0,persian-NF-1097,scan,doe,89,train/attack/digital_1/scan/persian-NF-1097.jpg,train/bonafide/scan/persian-NF-1097.jpg,1310,693,1822,1205,1500,908,1631,990,0,attack,1,data/processed/text_patch512/dev_val/digital_1/attack/7c61f6dbcb6aca4940f0.png,1.0
POST_HOC_NATIVE_TEXT_PATCH512_DIAGNOSTIC,10,dev_val,digital_1,7c61f6dbcb6aca4940f0,persian-NF-1097,scan,doe,89,train/attack/digital_1/scan/persian-NF-1097.jpg,train/bonafide/scan/persian-NF-1097.jpg,1310,693,1822,1205,1500,908,1631,990,0,bonafide,0,data/processed/text_patch512/dev_val/digital_1/bonafide/7c61f6dbcb6aca4940f0.png,0.014007568359375
POST_HOC_NATIVE_TEXT_PATCH512_DIAGNOSTIC,10,dev_val,digital_1,1b2fd77fe668531a34d3,persian-NF-1097,scan,name,89,train/attack/digital_1/scan/persian-NF-1097.jpg,train/bonafide/scan/persian-NF-1097.jpg,658,46,1170,558,792,263,909,341,0,attack,1,data/processed/text_patch512/dev_val/digital_1/attack/1b2fd77fe668531a34d3.png,1.0
POST_HOC_NATIVE_TEXT_PATCH512_DIAGNOSTIC,10,dev_val,digital_1,1b2fd77fe668531a34d3,persian-NF-1097,scan,name,89,train/attack/digital_1/scan/persian-NF-1097.jpg,train/bonafide/scan/persian-NF-1097.jpg,658,46,1170,558,792,263,909,341,0,bonafide,0,data/processed/text_patch512/dev_val/digital_1/bonafide/1b2fd77fe668531a34d3.png,0.031341552734375
POST_HOC_NATIVE_TEXT_PATCH512_DIAGNOSTIC,10,dev_val,digital_2,12a012e84c4356ae6cf0,persian-NF-1097,huawei,dob,86,train/attack/digital_2/huawei/persian-NF-1097.jpg,train/bonafide/huawei/persian-NF-1097.jpg,1342,724,1854,1236,1492,924,1704,1036,0,attack,1,data/processed/text_patch512/dev_val/digital_2/attack/12a012e84c4356ae6cf0.png,1.0
POST_HOC_NATIVE_TEXT_PATCH512_DIAGNOSTIC,10,dev_val,digital_2,12a012e84c4356ae6cf0,persian-NF-1097,huawei,dob,86,train/attack/digital_2/huawei/persian-NF-1097.jpg,train/bonafide/huawei/persian-NF-1097.jpg,1342,724,1854,1236,1492,924,1704,1036,0,bonafide,0,data/processed/text_patch512/dev_val/digital_2/bonafide/12a012e84c4356ae6cf0.png,0.005229949951171875
POST_HOC_NATIVE_TEXT_PATCH512_DIAGNOSTIC,10,dev_val,digital_2,26d7c774bd42e61eef1e,persian-NF-1097,huawei,doe,86,train/attack/digital_2/huawei/persian-NF-1097.jpg,train/bonafide/huawei/persian-NF-1097.jpg,2300,1232,2812,1744,2452,1431,2661,1546,0,attack,1,data/processed/text_patch512/dev_val/digital_2/attack/26d7c774bd42e61eef1e.png,1.0
POST_HOC_NATIVE_TEXT_PATCH512_DIAGNOSTIC,10,dev_val,digital_2,26d7c774bd42e61eef1e,persian-NF-1097,huawei,doe,86,train/attack/digital_2/huawei/persian-NF-1097.jpg,train/bonafide/huawei/persian-NF-1097.jpg,2300,1232,2812,1744,2452,1431,2661,1546,0,bonafide,0,data/processed/text_patch512/dev_val/digital_2/bonafide/26d7c774bd42e61eef1e.png,0.00020182132720947266
POST_HOC_NATIVE_TEXT_PATCH512_DIAGNOSTIC,10,dev_val,digital_2,60bb0b920da47cebd1bd,persian-NF-1097,huawei,name,86,train/attack/digital_2/huawei/persian-NF-1097.jpg,train/bonafide/huawei/persian-NF-1097.jpg,1102,237,1614,749,1261,434,1454,552,0,attack,1,data/processed/text_patch512/dev_val/digital_2/attack/60bb0b920da47cebd1bd.png,1.0
POST_HOC_NATIVE_TEXT_PATCH512_DIAGNOSTIC,10,dev_val,digital_2,60bb0b920da47cebd1bd,persian-NF-1097,huawei,name,86,train/attack/digital_2/huawei/persian-NF-1097.jpg,train/bonafide/huawei/persian-NF-1097.jpg,1102,237,1614,749,1261,434,1454,552,0,bonafide,0,data/processed/text_patch512/dev_val/digital_2/bonafide/60bb0b920da47cebd1bd.png,0.90576171875
POST_HOC_NATIVE_TEXT_PATCH512_DIAGNOSTIC,10,dev_val,digital_2,939bcbe847c93fa3329a,persian-NF-1097,iphone15pro,dob,88,train/attack/digital_2/iphone15pro/persian-NF-1097.jpg,train/bonafide/iphone15pro/persian-NF-1097.jpg,1128,621,1640,1133,1294,827,1475,927,0,attack,1,data/processed/text_patch512/dev_val/digital_2/attack/939bcbe847c93fa3329a.png,1.0
POST_HOC_NATIVE_TEXT_PATCH512_DIAGNOSTIC,10,dev_val,digital_2,939bcbe847c93fa3329a,persian-NF-1097,iphone15pro,dob,88,train/attack/digital_2/iphone15pro/persian-NF-1097.jpg,train/bonafide/iphone15pro/persian-NF-1097.jpg,1128,621,1640,1133,1294,827,1475,927,0,bonafide,0,data/processed/text_patch512/dev_val/digital_2/bonafide/939bcbe847c93fa3329a.png,0.0003120899200439453
POST_HOC_NATIVE_TEXT_PATCH512_DIAGNOSTIC,10,dev_val,digital_2,c3051b037a5c4e77b941,persian-NF-1097,iphone15pro,doe,88,train/attack/digital_2/iphone15pro/persian-NF-1097.jpg,train/bonafide/iphone15pro/persian-NF-1097.jpg,1950,1074,2462,1586,2114,1279,2297,1381,0,attack,1,data/processed/text_patch512/dev_val/digital_2/attack/c3051b037a5c4e77b941.png,1.0
POST_HOC_NATIVE_TEXT_PATCH512_DIAGNOSTIC,10,dev_val,digital_2,c3051b037a5c4e77b941,persian-NF-1097,iphone15pro,doe,88,train/attack/digital_2/iphone15pro/persian-NF-1097.jpg,train/bonafide/iphone15pro/persian-NF-1097.jpg,1950,1074,2462,1586,2114,1279,2297,1381,0,bonafide,0,data/processed/text_patch512/dev_val/digital_2/bonafide/c3051b037a5c4e77b941.png,0.0007581710815429688
POST_HOC_NATIVE_TEXT_PATCH512_DIAGNOSTIC,10,dev_val,digital_2,f3fe0b56b9afe9352b3f,persian-NF-1097,iphone15pro,name,88,train/attack/digital_2/iphone15pro/persian-NF-1097.jpg,train/bonafide/iphone15pro/persian-NF-1097.jpg,922,184,1434,696,1096,388,1261,493,0,attack,1,data/processed/text_patch512/dev_val/digital_2/attack/f3fe0b56b9afe9352b3f.png,1.0
POST_HOC_NATIVE_TEXT_PATCH512_DIAGNOSTIC,10,dev_val,digital_2,f3fe0b56b9afe9352b3f,persian-NF-1097,iphone15pro,name,88,train/attack/digital_2/iphone15pro/persian-NF-1097.jpg,train/bonafide/iphone15pro/persian-NF-1097.jpg,922,184,1434,696,1096,388,1261,493,0,bonafide,0,data/processed/text_patch512/dev_val/digital_2/bonafide/f3fe0b56b9afe9352b3f.png,0.0011034011840820312
POST_HOC_NATIVE_TEXT_PATCH512_DIAGNOSTIC,10,dev_val,digital_2,da1b04ef9512c84e75bf,persian-NF-1097,scan,dob,89,train/attack/digital_2/scan/persian-NF-1097.jpg,train/bonafide/scan/persian-NF-1097.jpg,734,358,1246,870,924,573,1055,655,0,attack,1,data/processed/text_patch512/dev_val/digital_2/attack/da1b04ef9512c84e75bf.png,0.9931640625
POST_HOC_NATIVE_TEXT_PATCH512_DIAGNOSTIC,10,dev_val,digital_2,da1b04ef9512c84e75bf,persian-NF-1097,scan,dob,89,train/attack/digital_2/scan/persian-NF-1097.jpg,train/bonafide/scan/persian-NF-1097.jpg,734,358,1246,870,924,573,1055,655,0,bonafide,0,data/processed/text_patch512/dev_val/digital_2/bonafide/da1b04ef9512c84e75bf.png,0.00018596649169921875
POST_HOC_NATIVE_TEXT_PATCH512_DIAGNOSTIC,10,dev_val,digital_2,a43f553134736d518707,persian-NF-1097,scan,doe,89,train/attack/digital_2/scan/persian-NF-1097.jpg,train/bonafide/scan/persian-NF-1097.jpg,1310,693,1822,1205,1500,908,1631,990,0,attack,1,data/processed/text_patch512/dev_val/digital_2/attack/a43f553134736d518707.png,1.0
POST_HOC_NATIVE_TEXT_PATCH512_DIAGNOSTIC,10,dev_val,digital_2,a43f553134736d518707,persian-NF-1097,scan,doe,89,train/attack/digital_2/scan/persian-NF-1097.jpg,train/bonafide/scan/persian-NF-1097.jpg,1310,693,1822,1205,1500,908,1631,990,0,bonafide,0,data/processed/text_patch512/dev_val/digital_2/bonafide/a43f553134736d518707.png,0.014007568359375
POST_HOC_NATIVE_TEXT_PATCH512_DIAGNOSTIC,10,dev_val,digital_2,350e2c014f3a3d04bce9,persian-NF-1097,scan,name,89,train/attack/digital_2/scan/persian-NF-1097.jpg,train/bonafide/scan/persian-NF-1097.jpg,658,46,1170,558,792,263,909,341,0,attack,1,data/processed/text_patch512/dev_val/digital_2/attack/350e2c014f3a3d04bce9.png,1.0
POST_HOC_NATIVE_TEXT_PATCH512_DIAGNOSTIC,10,dev_val,digital_2,350e2c014f3a3d04bce9,persian-NF-1097,scan,name,89,train/attack/digital_2/scan/persian-NF-1097.jpg,train/bonafide/scan/persian-NF-1097.jpg,658,46,1170,558,792,263,909,341,0,bonafide,0,data/processed/text_patch512/dev_val/digital_2/bonafide/350e2c014f3a3d04bce9.png,0.031341552734375
POST_HOC_NATIVE_TEXT_PATCH512_DIAGNOSTIC,10,dev_val,digital_1,6a0e68205b3d5b61bd0f,persian-NM-1035,huawei,dob,64,train/attack/digital_1/huawei/persian-NM-1035.jpg,train/bonafide/huawei/persian-NM-1035.jpg,1328,722,1840,1234,1481,912,1686,1043,0,attack,1,data/processed/text_patch512/dev_val/digital_1/attack/6a0e68205b3d5b61bd0f.png,1.0
POST_HOC_NATIVE_TEXT_PATCH512_DIAGNOSTIC,10,dev_val,digital_1,6a0e68205b3d5b61bd0f,persian-NM-1035,huawei,dob,64,train/attack/digital_1/huawei/persian-NM-1035.jpg,train/bonafide/huawei/persian-NM-1035.jpg,1328,722,1840,1234,1481,912,1686,1043,0,bonafide,0,data/processed/text_patch512/dev_val/digital_1/bonafide/6a0e68205b3d5b61bd0f.png,0.0297088623046875
POST_HOC_NATIVE_TEXT_PATCH512_DIAGNOSTIC,10,dev_val,digital_1,b22168a34191a8b88a9f,persian-NM-1035,huawei,doe,64,train/attack/digital_1/huawei/persian-NM-1035.jpg,train/bonafide/huawei/persian-NM-1035.jpg,2260,1256,2772,1768,2411,1447,2622,1578,0,attack,1,data/processed/text_patch512/dev_val/digital_1/attack/b22168a34191a8b88a9f.png,1.0
POST_HOC_NATIVE_TEXT_PATCH512_DIAGNOSTIC,10,dev_val,digital_1,b22168a34191a8b88a9f,persian-NM-1035,huawei,doe,64,train/attack/digital_1/huawei/persian-NM-1035.jpg,train/bonafide/huawei/persian-NM-1035.jpg,2260,1256,2772,1768,2411,1447,2622,1578,0,bonafide,0,data/processed/text_patch512/dev_val/digital_1/bonafide/b22168a34191a8b88a9f.png,0.0022735595703125
POST_HOC_NATIVE_TEXT_PATCH512_DIAGNOSTIC,10,dev_val,digital_1,c5053b6e4a7e21ddc3d6,persian-NM-1035,huawei,name,64,train/attack/digital_1/huawei/persian-NM-1035.jpg,train/bonafide/huawei/persian-NM-1035.jpg,1138,224,1650,736,1277,417,1512,542,0,attack,1,data/processed/text_patch512/dev_val/digital_1/attack/c5053b6e4a7e21ddc3d6.png,1.0
POST_HOC_NATIVE_TEXT_PATCH512_DIAGNOSTIC,10,dev_val,digital_1,c5053b6e4a7e21ddc3d6,persian-NM-1035,huawei,name,64,train/attack/digital_1/huawei/persian-NM-1035.jpg,train/bonafide/huawei/persian-NM-1035.jpg,1138,224,1650,736,1277,417,1512,542,0,bonafide,0,data/processed/text_patch512/dev_val/digital_1/bonafide/c5053b6e4a7e21ddc3d6.png,0.0005464553833007812
POST_HOC_NATIVE_TEXT_PATCH512_DIAGNOSTIC,10,dev_val,digital_1,2bf38aab7ea1df1c7ffd,persian-NM-1035,iphone15pro,dob,53,train/attack/digital_1/iphone15pro/persian-NM-1035.jpg,train/bonafide/iphone15pro/persian-NM-1035.jpg,1164,632,1676,1144,1328,838,1513,939,0,attack,1,data/processed/text_patch512/dev_val/digital_1/attack/2bf38aab7ea1df1c7ffd.png,1.0
POST_HOC_NATIVE_TEXT_PATCH512_DIAGNOSTIC,10,dev_val,digital_1,2bf38aab7ea1df1c7ffd,persian-NM-1035,iphone15pro,dob,53,train/attack/digital_1/iphone15pro/persian-NM-1035.jpg,train/bonafide/iphone15pro/persian-NM-1035.jpg,1164,632,1676,1144,1328,838,1513,939,0,bonafide,0,data/processed/text_patch512/dev_val/digital_1/bonafide/2bf38aab7ea1df1c7ffd.png,0.0008935928344726562
POST_HOC_NATIVE_TEXT_PATCH512_DIAGNOSTIC,10,dev_val,digital_1,a161001a0125f3919ecd,persian-NM-1035,iphone15pro,doe,53,train/attack/digital_1/iphone15pro/persian-NM-1035.jpg,train/bonafide/iphone15pro/persian-NM-1035.jpg,2006,1088,2518,1600,2169,1294,2354,1395,0,attack,1,data/processed/text_patch512/dev_val/digital_1/attack/a161001a0125f3919ecd.png,1.0
POST_HOC_NATIVE_TEXT_PATCH512_DIAGNOSTIC,10,dev_val,digital_1,a161001a0125f3919ecd,persian-NM-1035,iphone15pro,doe,53,train/attack/digital_1/iphone15pro/persian-NM-1035.jpg,train/bonafide/iphone15pro/persian-NM-1035.jpg,2006,1088,2518,1600,2169,1294,2354,1395,0,bonafide,0,data/processed/text_patch512/dev_val/digital_1/bonafide/a161001a0125f3919ecd.png,0.0033626556396484375
POST_HOC_NATIVE_TEXT_PATCH512_DIAGNOSTIC,10,dev_val,digital_1,05b8b4214dc039ced7dd,persian-NM-1035,iphone15pro,name,53,train/attack/digital_1/iphone15pro/persian-NM-1035.jpg,train/bonafide/iphone15pro/persian-NM-1035.jpg,1042,189,1554,701,1130,392,1339,498,0,attack,1,data/processed/text_patch512/dev_val/digital_1/attack/05b8b4214dc039ced7dd.png,1.0
POST_HOC_NATIVE_TEXT_PATCH512_DIAGNOSTIC,10,dev_val,digital_1,05b8b4214dc039ced7dd,persian-NM-1035,iphone15pro,name,53,train/attack/digital_1/iphone15pro/persian-NM-1035.jpg,train/bonafide/iphone15pro/persian-NM-1035.jpg,1042,189,1554,701,1130,392,1339,498,0,bonafide,0,data/processed/text_patch512/dev_val/digital_1/bonafide/05b8b4214dc039ced7dd.png,0.0015125274658203125
POST_HOC_NATIVE_TEXT_PATCH512_DIAGNOSTIC,10,dev_val,digital_1,fe794b9fcea65570f6d7,persian-NM-1035,scan,dob,59,train/attack/digital_1/scan/persian-NM-1035.jpg,train/bonafide/scan/persian-NM-1035.jpg,734,358,1246,870,925,573,1055,655,0,attack,1,data/processed/text_patch512/dev_val/digital_1/attack/fe794b9fcea65570f6d7.png,0.99951171875
POST_HOC_NATIVE_TEXT_PATCH512_DIAGNOSTIC,10,dev_val,digital_1,fe794b9fcea65570f6d7,persian-NM-1035,scan,dob,59,train/attack/digital_1/scan/persian-NM-1035.jpg,train/bonafide/scan/persian-NM-1035.jpg,734,358,1246,870,925,573,1055,655,0,bonafide,0,data/processed/text_patch512/dev_val/digital_1/bonafide/fe794b9fcea65570f6d7.png,0.00037932395935058594
POST_HOC_NATIVE_TEXT_PATCH512_DIAGNOSTIC,10,dev_val,digital_1,75d310050acb4e9d1ec4,persian-NM-1035,scan,doe,59,train/attack/digital_1/scan/persian-NM-1035.jpg,train/bonafide/scan/persian-NM-1035.jpg,1311,692,1823,1204,1502,907,1632,989,0,attack,1,data/processed/text_patch512/dev_val/digital_1/attack/75d310050acb4e9d1ec4.png,1.0
POST_HOC_NATIVE_TEXT_PATCH512_DIAGNOSTIC,10,dev_val,digital_1,75d310050acb4e9d1ec4,persian-NM-1035,scan,doe,59,train/attack/digital_1/scan/persian-NM-1035.jpg,train/bonafide/scan/persian-NM-1035.jpg,1311,692,1823,1204,1502,907,1632,989,0,bonafide,0,data/processed/text_patch512/dev_val/digital_1/bonafide/75d310050acb4e9d1ec4.png,0.0010709762573242188
POST_HOC_NATIVE_TEXT_PATCH512_DIAGNOSTIC,10,dev_val,digital_1,d3e66b6b6a98cae14aef,persian-NM-1035,scan,name,59,train/attack/digital_1/scan/persian-NM-1035.jpg,train/bonafide/scan/persian-NM-1035.jpg,714,47,1226,559,801,264,946,342,0,attack,1,data/processed/text_patch512/dev_val/digital_1/attack/d3e66b6b6a98cae14aef.png,1.0
POST_HOC_NATIVE_TEXT_PATCH512_DIAGNOSTIC,10,dev_val,digital_1,d3e66b6b6a98cae14aef,persian-NM-1035,scan,name,59,train/attack/digital_1/scan/persian-NM-1035.jpg,train/bonafide/scan/persian-NM-1035.jpg,714,47,1226,559,801,264,946,342,0,bonafide,0,data/processed/text_patch512/dev_val/digital_1/bonafide/d3e66b6b6a98cae14aef.png,0.0038166046142578125
POST_HOC_NATIVE_TEXT_PATCH512_DIAGNOSTIC,10,dev_val,digital_2,5704549a610b3a451f91,persian-NM-1035,huawei,dob,64,train/attack/digital_2/huawei/persian-NM-1035.jpg,train/bonafide/huawei/persian-NM-1035.jpg,1328,722,1840,1234,1481,912,1686,1043,0,attack,1,data/processed/text_patch512/dev_val/digital_2/attack/5704549a610b3a451f91.png,1.0
POST_HOC_NATIVE_TEXT_PATCH512_DIAGNOSTIC,10,dev_val,digital_2,5704549a610b3a451f91,persian-NM-1035,huawei,dob,64,train/attack/digital_2/huawei/persian-NM-1035.jpg,train/bonafide/huawei/persian-NM-1035.jpg,1328,722,1840,1234,1481,912,1686,1043,0,bonafide,0,data/processed/text_patch512/dev_val/digital_2/bonafide/5704549a610b3a451f91.png,0.0297088623046875
POST_HOC_NATIVE_TEXT_PATCH512_DIAGNOSTIC,10,dev_val,digital_2,b8bede5362f841df8ee9,persian-NM-1035,huawei,doe,64,train/attack/digital_2/huawei/persian-NM-1035.jpg,train/bonafide/huawei/persian-NM-1035.jpg,2260,1256,2772,1768,2411,1447,2622,1578,0,attack,1,data/processed/text_patch512/dev_val/digital_2/attack/b8bede5362f841df8ee9.png,1.0
POST_HOC_NATIVE_TEXT_PATCH512_DIAGNOSTIC,10,dev_val,digital_2,b8bede5362f841df8ee9,persian-NM-1035,huawei,doe,64,train/attack/digital_2/huawei/persian-NM-1035.jpg,train/bonafide/huawei/persian-NM-1035.jpg,2260,1256,2772,1768,2411,1447,2622,1578,0,bonafide,0,data/processed/text_patch512/dev_val/digital_2/bonafide/b8bede5362f841df8ee9.png,0.0022735595703125
POST_HOC_NATIVE_TEXT_PATCH512_DIAGNOSTIC,10,dev_val,digital_2,0bb536dae64ca1443eac,persian-NM-1035,huawei,name,64,train/attack/digital_2/huawei/persian-NM-1035.jpg,train/bonafide/huawei/persian-NM-1035.jpg,1138,224,1650,736,1277,417,1512,542,0,attack,1,data/processed/text_patch512/dev_val/digital_2/attack/0bb536dae64ca1443eac.png,1.0
POST_HOC_NATIVE_TEXT_PATCH512_DIAGNOSTIC,10,dev_val,digital_2,0bb536dae64ca1443eac,persian-NM-1035,huawei,name,64,train/attack/digital_2/huawei/persian-NM-1035.jpg,train/bonafide/huawei/persian-NM-1035.jpg,1138,224,1650,736,1277,417,1512,542,0,bonafide,0,data/processed/text_patch512/dev_val/digital_2/bonafide/0bb536dae64ca1443eac.png,0.0005464553833007812
POST_HOC_NATIVE_TEXT_PATCH512_DIAGNOSTIC,10,dev_val,digital_2,c750b1eba297a263177b,persian-NM-1035,iphone15pro,dob,53,train/attack/digital_2/iphone15pro/persian-NM-1035.jpg,train/bonafide/iphone15pro/persian-NM-1035.jpg,1164,632,1676,1144,1328,838,1513,939,0,attack,1,data/processed/text_patch512/dev_val/digital_2/attack/c750b1eba297a263177b.png,1.0
POST_HOC_NATIVE_TEXT_PATCH512_DIAGNOSTIC,10,dev_val,digital_2,c750b1eba297a263177b,persian-NM-1035,iphone15pro,dob,53,train/attack/digital_2/iphone15pro/persian-NM-1035.jpg,train/bonafide/iphone15pro/persian-NM-1035.jpg,1164,632,1676,1144,1328,838,1513,939,0,bonafide,0,data/processed/text_patch512/dev_val/digital_2/bonafide/c750b1eba297a263177b.png,0.0008935928344726562
POST_HOC_NATIVE_TEXT_PATCH512_DIAGNOSTIC,10,dev_val,digital_2,3b2b772d214121c47d0c,persian-NM-1035,iphone15pro,doe,53,train/attack/digital_2/iphone15pro/persian-NM-1035.jpg,train/bonafide/iphone15pro/persian-NM-1035.jpg,2006,1088,2518,1600,2169,1294,2354,1395,0,attack,1,data/processed/text_patch512/dev_val/digital_2/attack/3b2b772d214121c47d0c.png,1.0
POST_HOC_NATIVE_TEXT_PATCH512_DIAGNOSTIC,10,dev_val,digital_2,3b2b772d214121c47d0c,persian-NM-1035,iphone15pro,doe,53,train/attack/digital_2/iphone15pro/persian-NM-1035.jpg,train/bonafide/iphone15pro/persian-NM-1035.jpg,2006,1088,2518,1600,2169,1294,2354,1395,0,bonafide,0,data/processed/text_patch512/dev_val/digital_2/bonafide/3b2b772d214121c47d0c.png,0.0033626556396484375
POST_HOC_NATIVE_TEXT_PATCH512_DIAGNOSTIC,10,dev_val,digital_2,894548c9f9167a59bd27,persian-NM-1035,iphone15pro,name,53,train/attack/digital_2/iphone15pro/persian-NM-1035.jpg,train/bonafide/iphone15pro/persian-NM-1035.jpg,978,189,1490,701,1130,392,1339,498,0,attack,1,data/processed/text_patch512/dev_val/digital_2/attack/894548c9f9167a59bd27.png,1.0
POST_HOC_NATIVE_TEXT_PATCH512_DIAGNOSTIC,10,dev_val,digital_2,894548c9f9167a59bd27,persian-NM-1035,iphone15pro,name,53,train/attack/digital_2/iphone15pro/persian-NM-1035.jpg,train/bonafide/iphone15pro/persian-NM-1035.jpg,978,189,1490,701,1130,392,1339,498,0,bonafide,0,data/processed/text_patch512/dev_val/digital_2/bonafide/894548c9f9167a59bd27.png,0.0013780593872070312
POST_HOC_NATIVE_TEXT_PATCH512_DIAGNOSTIC,10,dev_val,digital_2,4250ed6b3466f7eb913f,persian-NM-1035,scan,dob,59,train/attack/digital_2/scan/persian-NM-1035.jpg,train/bonafide/scan/persian-NM-1035.jpg,734,358,1246,870,925,573,1055,655,0,attack,1,data/processed/text_patch512/dev_val/digital_2/attack/4250ed6b3466f7eb913f.png,1.0
POST_HOC_NATIVE_TEXT_PATCH512_DIAGNOSTIC,10,dev_val,digital_2,4250ed6b3466f7eb913f,persian-NM-1035,scan,dob,59,train/attack/digital_2/scan/persian-NM-1035.jpg,train/bonafide/scan/persian-NM-1035.jpg,734,358,1246,870,925,573,1055,655,0,bonafide,0,data/processed/text_patch512/dev_val/digital_2/bonafide/4250ed6b3466f7eb913f.png,0.00037932395935058594
POST_HOC_NATIVE_TEXT_PATCH512_DIAGNOSTIC,10,dev_val,digital_2,8227625dc8d433031090,persian-NM-1035,scan,doe,59,train/attack/digital_2/scan/persian-NM-1035.jpg,train/bonafide/scan/persian-NM-1035.jpg,1311,692,1823,1204,1502,907,1632,989,0,attack,1,data/processed/text_patch512/dev_val/digital_2/attack/8227625dc8d433031090.png,1.0
POST_HOC_NATIVE_TEXT_PATCH512_DIAGNOSTIC,10,dev_val,digital_2,8227625dc8d433031090,persian-NM-1035,scan,doe,59,train/attack/digital_2/scan/persian-NM-1035.jpg,train/bonafide/scan/persian-NM-1035.jpg,1311,692,1823,1204,1502,907,1632,989,0,bonafide,0,data/processed/text_patch512/dev_val/digital_2/bonafide/8227625dc8d433031090.png,0.0010709762573242188
POST_HOC_NATIVE_TEXT_PATCH512_DIAGNOSTIC,10,dev_val,digital_2,813377d16baa57524f15,persian-NM-1035,scan,name,59,train/attack/digital_2/scan/persian-NM-1035.jpg,train/bonafide/scan/persian-NM-1035.jpg,650,47,1162,559,801,264,946,342,0,attack,1,data/processed/text_patch512/dev_val/digital_2/attack/813377d16baa57524f15.png,1.0
POST_HOC_NATIVE_TEXT_PATCH512_DIAGNOSTIC,10,dev_val,digital_2,813377d16baa57524f15,persian-NM-1035,scan,name,59,train/attack/digital_2/scan/persian-NM-1035.jpg,train/bonafide/scan/persian-NM-1035.jpg,650,47,1162,559,801,264,946,342,0,bonafide,0,data/processed/text_patch512/dev_val/digital_2/bonafide/813377d16baa57524f15.png,0.00327301025390625
POST_HOC_NATIVE_TEXT_PATCH512_DIAGNOSTIC,10,dev_val,digital_1,9d171c098819a7e0bb36,portugal-013_03,huawei,dob,80,train/attack/digital_1/huawei/portugal-013_03.jpg,train/bonafide/huawei/portugal-013_03.jpg,2520,690,3032,1202,2850,888,3061,1004,0,attack,1,data/processed/text_patch512/dev_val/digital_1/attack/9d171c098819a7e0bb36.png,0.998046875
POST_HOC_NATIVE_TEXT_PATCH512_DIAGNOSTIC,10,dev_val,digital_1,9d171c098819a7e0bb36,portugal-013_03,huawei,dob,80,train/attack/digital_1/huawei/portugal-013_03.jpg,train/bonafide/huawei/portugal-013_03.jpg,2520,690,3032,1202,2850,888,3061,1004,0,bonafide,0,data/processed/text_patch512/dev_val/digital_1/bonafide/9d171c098819a7e0bb36.png,6.604194641113281e-05
POST_HOC_NATIVE_TEXT_PATCH512_DIAGNOSTIC,10,dev_val,digital_1,b65d8fbae099c3736544,portugal-013_03,huawei,doe,80,train/attack/digital_1/huawei/portugal-013_03.jpg,train/bonafide/huawei/portugal-013_03.jpg,2078,940,2590,1452,2230,1138,2438,1254,0,attack,1,data/processed/text_patch512/dev_val/digital_1/attack/b65d8fbae099c3736544.png,1.0
POST_HOC_NATIVE_TEXT_PATCH512_DIAGNOSTIC,10,dev_val,digital_1,b65d8fbae099c3736544,portugal-013_03,huawei,doe,80,train/attack/digital_1/huawei/portugal-013_03.jpg,train/bonafide/huawei/portugal-013_03.jpg,2078,940,2590,1452,2230,1138,2438,1254,0,bonafide,0,data/processed/text_patch512/dev_val/digital_1/bonafide/b65d8fbae099c3736544.png,1.4424324035644531e-05
POST_HOC_NATIVE_TEXT_PATCH512_DIAGNOSTIC,10,dev_val,digital_1,1a7d7c5d71e929f038a5,portugal-013_03,huawei,name,80,train/attack/digital_1/huawei/portugal-013_03.jpg,train/bonafide/huawei/portugal-013_03.jpg,1204,298,1716,810,1083,494,1836,613,0,attack,1,data/processed/text_patch512/dev_val/digital_1/attack/1a7d7c5d71e929f038a5.png,0.990234375
POST_HOC_NATIVE_TEXT_PATCH512_DIAGNOSTIC,10,dev_val,digital_1,1a7d7c5d71e929f038a5,portugal-013_03,huawei,name,80,train/attack/digital_1/huawei/portugal-013_03.jpg,train/bonafide/huawei/portugal-013_03.jpg,1204,298,1716,810,1083,494,1836,613,0,bonafide,0,data/processed/text_patch512/dev_val/digital_1/bonafide/1a7d7c5d71e929f038a5.png,4.5418739318847656e-05
POST_HOC_NATIVE_TEXT_PATCH512_DIAGNOSTIC,10,dev_val,digital_1,3c653a21b17181b18e39,portugal-013_03,iphone15pro,dob,58,train/attack/digital_1/iphone15pro/portugal-013_03.jpg,train/bonafide/iphone15pro/portugal-013_03.jpg,2129,550,2641,1062,2480,757,2664,856,0,attack,1,data/processed/text_patch512/dev_val/digital_1/attack/3c653a21b17181b18e39.png,1.0
POST_HOC_NATIVE_TEXT_PATCH512_DIAGNOSTIC,10,dev_val,digital_1,3c653a21b17181b18e39,portugal-013_03,iphone15pro,dob,58,train/attack/digital_1/iphone15pro/portugal-013_03.jpg,train/bonafide/iphone15pro/portugal-013_03.jpg,2129,550,2641,1062,2480,757,2664,856,0,bonafide,0,data/processed/text_patch512/dev_val/digital_1/bonafide/3c653a21b17181b18e39.png,0.00907135009765625
POST_HOC_NATIVE_TEXT_PATCH512_DIAGNOSTIC,10,dev_val,digital_1,8a71a99e07859dcf3302,portugal-013_03,iphone15pro,doe,58,train/attack/digital_1/iphone15pro/portugal-013_03.jpg,train/bonafide/iphone15pro/portugal-013_03.jpg,1775,768,2287,1280,1940,974,2122,1073,0,attack,1,data/processed/text_patch512/dev_val/digital_1/attack/8a71a99e07859dcf3302.png,1.0
POST_HOC_NATIVE_TEXT_PATCH512_DIAGNOSTIC,10,dev_val,digital_1,8a71a99e07859dcf3302,portugal-013_03,iphone15pro,doe,58,train/attack/digital_1/iphone15pro/portugal-013_03.jpg,train/bonafide/iphone15pro/portugal-013_03.jpg,1775,768,2287,1280,1940,974,2122,1073,0,bonafide,0,data/processed/text_patch512/dev_val/digital_1/bonafide/8a71a99e07859dcf3302.png,0.0189056396484375
POST_HOC_NATIVE_TEXT_PATCH512_DIAGNOSTIC,10,dev_val,digital_1,17112185072a00c1ef96,portugal-013_03,iphone15pro,name,58,train/attack/digital_1/iphone15pro/portugal-013_03.jpg,train/bonafide/iphone15pro/portugal-013_03.jpg,1018,217,1530,729,948,421,1601,525,0,attack,1,data/processed/text_patch512/dev_val/digital_1/attack/17112185072a00c1ef96.png,1.0
POST_HOC_NATIVE_TEXT_PATCH512_DIAGNOSTIC,10,dev_val,digital_1,17112185072a00c1ef96,portugal-013_03,iphone15pro,name,58,train/attack/digital_1/iphone15pro/portugal-013_03.jpg,train/bonafide/iphone15pro/portugal-013_03.jpg,1018,217,1530,729,948,421,1601,525,0,bonafide,0,data/processed/text_patch512/dev_val/digital_1/bonafide/17112185072a00c1ef96.png,0.0038852691650390625
POST_HOC_NATIVE_TEXT_PATCH512_DIAGNOSTIC,10,dev_val,digital_1,642ef5fc80371b8190db,portugal-013_03,scan,dob,57,train/attack/digital_1/scan/portugal-013_03.jpg,train/bonafide/scan/portugal-013_03.jpg,1486,364,1998,876,1879,583,2013,658,0,attack,1,data/processed/text_patch512/dev_val/digital_1/attack/642ef5fc80371b8190db.png,1.0
POST_HOC_NATIVE_TEXT_PATCH512_DIAGNOSTIC,10,dev_val,digital_1,642ef5fc80371b8190db,portugal-013_03,scan,dob,57,train/attack/digital_1/scan/portugal-013_03.jpg,train/bonafide/scan/portugal-013_03.jpg,1486,364,1998,876,1879,583,2013,658,0,bonafide,0,data/processed/text_patch512/dev_val/digital_1/bonafide/642ef5fc80371b8190db.png,0.016021728515625
POST_HOC_NATIVE_TEXT_PATCH512_DIAGNOSTIC,10,dev_val,digital_1,fa62728bc96c794184f0,portugal-013_03,scan,doe,57,train/attack/digital_1/scan/portugal-013_03.jpg,train/bonafide/scan/portugal-013_03.jpg,1284,532,1796,1044,1472,751,1608,826,0,attack,1,data/processed/text_patch512/dev_val/digital_1/attack/fa62728bc96c794184f0.png,1.0
POST_HOC_NATIVE_TEXT_PATCH512_DIAGNOSTIC,10,dev_val,digital_1,fa62728bc96c794184f0,portugal-013_03,scan,doe,57,train/attack/digital_1/scan/portugal-013_03.jpg,train/bonafide/scan/portugal-013_03.jpg,1284,532,1796,1044,1472,751,1608,826,0,bonafide,0,data/processed/text_patch512/dev_val/digital_1/bonafide/fa62728bc96c794184f0.png,0.0017824172973632812
POST_HOC_NATIVE_TEXT_PATCH512_DIAGNOSTIC,10,dev_val,digital_1,2d7f91791aba279f7ca4,portugal-013_03,scan,name,57,train/attack/digital_1/scan/portugal-013_03.jpg,train/bonafide/scan/portugal-013_03.jpg,712,107,1224,619,720,324,1215,402,0,attack,1,data/processed/text_patch512/dev_val/digital_1/attack/2d7f91791aba279f7ca4.png,1.0
POST_HOC_NATIVE_TEXT_PATCH512_DIAGNOSTIC,10,dev_val,digital_1,2d7f91791aba279f7ca4,portugal-013_03,scan,name,57,train/attack/digital_1/scan/portugal-013_03.jpg,train/bonafide/scan/portugal-013_03.jpg,712,107,1224,619,720,324,1215,402,0,bonafide,0,data/processed/text_patch512/dev_val/digital_1/bonafide/2d7f91791aba279f7ca4.png,0.004993438720703125
POST_HOC_NATIVE_TEXT_PATCH512_DIAGNOSTIC,10,dev_val,digital_2,f653db14f476166a3e89,portugal-013_03,huawei,doe,80,train/attack/digital_2/huawei/portugal-013_03.jpg,train/bonafide/huawei/portugal-013_03.jpg,2078,940,2590,1452,2230,1138,2438,1254,0,attack,1,data/processed/text_patch512/dev_val/digital_2/attack/f653db14f476166a3e89.png,1.0
POST_HOC_NATIVE_TEXT_PATCH512_DIAGNOSTIC,10,dev_val,digital_2,f653db14f476166a3e89,portugal-013_03,huawei,doe,80,train/attack/digital_2/huawei/portugal-013_03.jpg,train/bonafide/huawei/portugal-013_03.jpg,2078,940,2590,1452,2230,1138,2438,1254,0,bonafide,0,data/processed/text_patch512/dev_val/digital_2/bonafide/f653db14f476166a3e89.png,1.4424324035644531e-05
POST_HOC_NATIVE_TEXT_PATCH512_DIAGNOSTIC,10,dev_val,digital_2,c0c297f448612b5221d4,portugal-013_03,huawei,name,80,train/attack/digital_2/huawei/portugal-013_03.jpg,train/bonafide/huawei/portugal-013_03.jpg,1204,298,1716,810,1083,494,1836,613,0,attack,1,data/processed/text_patch512/dev_val/digital_2/attack/c0c297f448612b5221d4.png,0.99951171875
POST_HOC_NATIVE_TEXT_PATCH512_DIAGNOSTIC,10,dev_val,digital_2,c0c297f448612b5221d4,portugal-013_03,huawei,name,80,train/attack/digital_2/huawei/portugal-013_03.jpg,train/bonafide/huawei/portugal-013_03.jpg,1204,298,1716,810,1083,494,1836,613,0,bonafide,0,data/processed/text_patch512/dev_val/digital_2/bonafide/c0c297f448612b5221d4.png,4.5418739318847656e-05
POST_HOC_NATIVE_TEXT_PATCH512_DIAGNOSTIC,10,dev_val,digital_2,1abcae0a5a6ac454f844,portugal-013_03,iphone15pro,doe,58,train/attack/digital_2/iphone15pro/portugal-013_03.jpg,train/bonafide/iphone15pro/portugal-013_03.jpg,1775,768,2287,1280,1940,974,2122,1073,0,attack,1,data/processed/text_patch512/dev_val/digital_2/attack/1abcae0a5a6ac454f844.png,1.0
POST_HOC_NATIVE_TEXT_PATCH512_DIAGNOSTIC,10,dev_val,digital_2,1abcae0a5a6ac454f844,portugal-013_03,iphone15pro,doe,58,train/attack/digital_2/iphone15pro/portugal-013_03.jpg,train/bonafide/iphone15pro/portugal-013_03.jpg,1775,768,2287,1280,1940,974,2122,1073,0,bonafide,0,data/processed/text_patch512/dev_val/digital_2/bonafide/1abcae0a5a6ac454f844.png,0.0189056396484375
POST_HOC_NATIVE_TEXT_PATCH512_DIAGNOSTIC,10,dev_val,digital_2,b9994c885704c4e03321,portugal-013_03,iphone15pro,name,58,train/attack/digital_2/iphone15pro/portugal-013_03.jpg,train/bonafide/iphone15pro/portugal-013_03.jpg,1018,217,1530,729,948,421,1601,525,0,attack,1,data/processed/text_patch512/dev_val/digital_2/attack/b9994c885704c4e03321.png,1.0
POST_HOC_NATIVE_TEXT_PATCH512_DIAGNOSTIC,10,dev_val,digital_2,b9994c885704c4e03321,portugal-013_03,iphone15pro,name,58,train/attack/digital_2/iphone15pro/portugal-013_03.jpg,train/bonafide/iphone15pro/portugal-013_03.jpg,1018,217,1530,729,948,421,1601,525,0,bonafide,0,data/processed/text_patch512/dev_val/digital_2/bonafide/b9994c885704c4e03321.png,0.0038852691650390625
POST_HOC_NATIVE_TEXT_PATCH512_DIAGNOSTIC,10,dev_val,digital_2,a220fe1d3ff4d5abaf00,portugal-013_03,scan,doe,57,train/attack/digital_2/scan/portugal-013_03.jpg,train/bonafide/scan/portugal-013_03.jpg,1284,532,1796,1044,1472,751,1608,826,0,attack,1,data/processed/text_patch512/dev_val/digital_2/attack/a220fe1d3ff4d5abaf00.png,0.99951171875
POST_HOC_NATIVE_TEXT_PATCH512_DIAGNOSTIC,10,dev_val,digital_2,a220fe1d3ff4d5abaf00,portugal-013_03,scan,doe,57,train/attack/digital_2/scan/portugal-013_03.jpg,train/bonafide/scan/portugal-013_03.jpg,1284,532,1796,1044,1472,751,1608,826,0,bonafide,0,data/processed/text_patch512/dev_val/digital_2/bonafide/a220fe1d3ff4d5abaf00.png,0.0017824172973632812
POST_HOC_NATIVE_TEXT_PATCH512_DIAGNOSTIC,10,dev_val,digital_2,02c4deb5e5c1d43a0737,portugal-013_03,scan,name,57,train/attack/digital_2/scan/portugal-013_03.jpg,train/bonafide/scan/portugal-013_03.jpg,712,107,1224,619,720,324,1215,402,0,attack,1,data/processed/text_patch512/dev_val/digital_2/attack/02c4deb5e5c1d43a0737.png,1.0
POST_HOC_NATIVE_TEXT_PATCH512_DIAGNOSTIC,10,dev_val,digital_2,02c4deb5e5c1d43a0737,portugal-013_03,scan,name,57,train/attack/digital_2/scan/portugal-013_03.jpg,train/bonafide/scan/portugal-013_03.jpg,712,107,1224,619,720,324,1215,402,0,bonafide,0,data/processed/text_patch512/dev_val/digital_2/bonafide/02c4deb5e5c1d43a0737.png,0.004993438720703125
POST_HOC_NATIVE_TEXT_PATCH512_DIAGNOSTIC,10,dev_val,digital_1,6e3cead632003e16c5bd,portugal-017_03,huawei,dob,52,train/attack/digital_1/huawei/portugal-017_03.jpg,train/bonafide/huawei/portugal-017_03.jpg,2697,740,3209,1252,3027,934,3248,1057,0,attack,1,data/processed/text_patch512/dev_val/digital_1/attack/6e3cead632003e16c5bd.png,1.0
POST_HOC_NATIVE_TEXT_PATCH512_DIAGNOSTIC,10,dev_val,digital_1,6e3cead632003e16c5bd,portugal-017_03,huawei,dob,52,train/attack/digital_1/huawei/portugal-017_03.jpg,train/bonafide/huawei/portugal-017_03.jpg,2697,740,3209,1252,3027,934,3248,1057,0,bonafide,0,data/processed/text_patch512/dev_val/digital_1/bonafide/6e3cead632003e16c5bd.png,0.0095977783203125
POST_HOC_NATIVE_TEXT_PATCH512_DIAGNOSTIC,10,dev_val,digital_1,8613999219a20c9a0d59,portugal-017_03,huawei,doe,52,train/attack/digital_1/huawei/portugal-017_03.jpg,train/bonafide/huawei/portugal-017_03.jpg,2222,1010,2734,1522,2368,1204,2587,1327,0,attack,1,data/processed/text_patch512/dev_val/digital_1/attack/8613999219a20c9a0d59.png,1.0
POST_HOC_NATIVE_TEXT_PATCH512_DIAGNOSTIC,10,dev_val,digital_1,8613999219a20c9a0d59,portugal-017_03,huawei,doe,52,train/attack/digital_1/huawei/portugal-017_03.jpg,train/bonafide/huawei/portugal-017_03.jpg,2222,1010,2734,1522,2368,1204,2587,1327,0,bonafide,0,data/processed/text_patch512/dev_val/digital_1/bonafide/8613999219a20c9a0d59.png,5.370378494262695e-05
POST_HOC_NATIVE_TEXT_PATCH512_DIAGNOSTIC,10,dev_val,digital_1,1b3ba51a993ade907e9b,portugal-017_03,huawei,name,52,train/attack/digital_1/huawei/portugal-017_03.jpg,train/bonafide/huawei/portugal-017_03.jpg,1218,324,1730,836,1152,517,1796,643,0,attack,1,data/processed/text_patch512/dev_val/digital_1/attack/1b3ba51a993ade907e9b.png,0.99951171875
POST_HOC_NATIVE_TEXT_PATCH512_DIAGNOSTIC,10,dev_val,digital_1,1b3ba51a993ade907e9b,portugal-017_03,huawei,name,52,train/attack/digital_1/huawei/portugal-017_03.jpg,train/bonafide/huawei/portugal-017_03.jpg,1218,324,1730,836,1152,517,1796,643,0,bonafide,0,data/processed/text_patch512/dev_val/digital_1/bonafide/1b3ba51a993ade907e9b.png,0.00011771917343139648
POST_HOC_NATIVE_TEXT_PATCH512_DIAGNOSTIC,10,dev_val,digital_1,1c5077bd5b5582c14069,portugal-017_03,iphone15pro,dob,86,train/attack/digital_1/iphone15pro/portugal-017_03.jpg,train/bonafide/iphone15pro/portugal-017_03.jpg,2343,614,2855,1126,2683,823,2877,917,0,attack,1,data/processed/text_patch512/dev_val/digital_1/attack/1c5077bd5b5582c14069.png,1.0
POST_HOC_NATIVE_TEXT_PATCH512_DIAGNOSTIC,10,dev_val,digital_1,1c5077bd5b5582c14069,portugal-017_03,iphone15pro,dob,86,train/attack/digital_1/iphone15pro/portugal-017_03.jpg,train/bonafide/iphone15pro/portugal-017_03.jpg,2343,614,2855,1126,2683,823,2877,917,0,bonafide,0,data/processed/text_patch512/dev_val/digital_1/bonafide/1c5077bd5b5582c14069.png,0.0143890380859375
POST_HOC_NATIVE_TEXT_PATCH512_DIAGNOSTIC,10,dev_val,digital_1,43d24a475ae3945a13f0,portugal-017_03,iphone15pro,doe,86,train/attack/digital_1/iphone15pro/portugal-017_03.jpg,train/bonafide/iphone15pro/portugal-017_03.jpg,1960,870,2472,1382,2118,1079,2315,1173,0,attack,1,data/processed/text_patch512/dev_val/digital_1/attack/43d24a475ae3945a13f0.png,1.0
POST_HOC_NATIVE_TEXT_PATCH512_DIAGNOSTIC,10,dev_val,digital_1,43d24a475ae3945a13f0,portugal-017_03,iphone15pro,doe,86,train/attack/digital_1/iphone15pro/portugal-017_03.jpg,train/bonafide/iphone15pro/portugal-017_03.jpg,1960,870,2472,1382,2118,1079,2315,1173,0,bonafide,0,data/processed/text_patch512/dev_val/digital_1/bonafide/43d24a475ae3945a13f0.png,0.0005064010620117188
POST_HOC_NATIVE_TEXT_PATCH512_DIAGNOSTIC,10,dev_val,digital_1,ed9ab95258e3fbd2c10d,portugal-017_03,iphone15pro,name,86,train/attack/digital_1/iphone15pro/portugal-017_03.jpg,train/bonafide/iphone15pro/portugal-017_03.jpg,1054,282,1566,794,1023,491,1596,585,0,attack,1,data/processed/text_patch512/dev_val/digital_1/attack/ed9ab95258e3fbd2c10d.png,1.0
POST_HOC_NATIVE_TEXT_PATCH512_DIAGNOSTIC,10,dev_val,digital_1,ed9ab95258e3fbd2c10d,portugal-017_03,iphone15pro,name,86,train/attack/digital_1/iphone15pro/portugal-017_03.jpg,train/bonafide/iphone15pro/portugal-017_03.jpg,1054,282,1566,794,1023,491,1596,585,0,bonafide,0,data/processed/text_patch512/dev_val/digital_1/bonafide/ed9ab95258e3fbd2c10d.png,0.0154571533203125
POST_HOC_NATIVE_TEXT_PATCH512_DIAGNOSTIC,10,dev_val,digital_1,07b8635da0f5b9915d12,portugal-017_03,scan,dob,64,train/attack/digital_1/scan/portugal-017_03.jpg,train/bonafide/scan/portugal-017_03.jpg,1480,344,1992,856,1872,567,2011,634,0,attack,1,data/processed/text_patch512/dev_val/digital_1/attack/07b8635da0f5b9915d12.png,1.0
POST_HOC_NATIVE_TEXT_PATCH512_DIAGNOSTIC,10,dev_val,digital_1,07b8635da0f5b9915d12,portugal-017_03,scan,dob,64,train/attack/digital_1/scan/portugal-017_03.jpg,train/bonafide/scan/portugal-017_03.jpg,1480,344,1992,856,1872,567,2011,634,0,bonafide,0,data/processed/text_patch512/dev_val/digital_1/bonafide/07b8635da0f5b9915d12.png,0.00521087646484375
POST_HOC_NATIVE_TEXT_PATCH512_DIAGNOSTIC,10,dev_val,digital_1,4db9faeab6758b5bc5fc,portugal-017_03,scan,doe,64,train/attack/digital_1/scan/portugal-017_03.jpg,train/bonafide/scan/portugal-017_03.jpg,1286,524,1798,1036,1472,746,1611,813,0,attack,1,data/processed/text_patch512/dev_val/digital_1/attack/4db9faeab6758b5bc5fc.png,1.0
POST_HOC_NATIVE_TEXT_PATCH512_DIAGNOSTIC,10,dev_val,digital_1,4db9faeab6758b5bc5fc,portugal-017_03,scan,doe,64,train/attack/digital_1/scan/portugal-017_03.jpg,train/bonafide/scan/portugal-017_03.jpg,1286,524,1798,1036,1472,746,1611,813,0,bonafide,0,data/processed/text_patch512/dev_val/digital_1/bonafide/4db9faeab6758b5bc5fc.png,0.008270263671875
POST_HOC_NATIVE_TEXT_PATCH512_DIAGNOSTIC,10,dev_val,digital_1,8d6f591ed08056291202,portugal-017_03,scan,name,64,train/attack/digital_1/scan/portugal-017_03.jpg,train/bonafide/scan/portugal-017_03.jpg,681,112,1193,624,704,335,1106,401,0,attack,1,data/processed/text_patch512/dev_val/digital_1/attack/8d6f591ed08056291202.png,1.0
POST_HOC_NATIVE_TEXT_PATCH512_DIAGNOSTIC,10,dev_val,digital_1,8d6f591ed08056291202,portugal-017_03,scan,name,64,train/attack/digital_1/scan/portugal-017_03.jpg,train/bonafide/scan/portugal-017_03.jpg,681,112,1193,624,704,335,1106,401,0,bonafide,0,data/processed/text_patch512/dev_val/digital_1/bonafide/8d6f591ed08056291202.png,0.005523681640625
POST_HOC_NATIVE_TEXT_PATCH512_DIAGNOSTIC,10,dev_val,digital_2,c47dd889aab0497b687f,portugal-017_03,huawei,doe,52,train/attack/digital_2/huawei/portugal-017_03.jpg,train/bonafide/huawei/portugal-017_03.jpg,2222,1010,2734,1522,2368,1204,2587,1327,0,attack,1,data/processed/text_patch512/dev_val/digital_2/attack/c47dd889aab0497b687f.png,1.0
POST_HOC_NATIVE_TEXT_PATCH512_DIAGNOSTIC,10,dev_val,digital_2,c47dd889aab0497b687f,portugal-017_03,huawei,doe,52,train/attack/digital_2/huawei/portugal-017_03.jpg,train/bonafide/huawei/portugal-017_03.jpg,2222,1010,2734,1522,2368,1204,2587,1327,0,bonafide,0,data/processed/text_patch512/dev_val/digital_2/bonafide/c47dd889aab0497b687f.png,5.370378494262695e-05
POST_HOC_NATIVE_TEXT_PATCH512_DIAGNOSTIC,10,dev_val,digital_2,cff1d15b560f5dafe2c1,portugal-017_03,huawei,name,52,train/attack/digital_2/huawei/portugal-017_03.jpg,train/bonafide/huawei/portugal-017_03.jpg,1218,324,1730,836,1152,517,1796,643,0,attack,1,data/processed/text_patch512/dev_val/digital_2/attack/cff1d15b560f5dafe2c1.png,0.89404296875
POST_HOC_NATIVE_TEXT_PATCH512_DIAGNOSTIC,10,dev_val,digital_2,cff1d15b560f5dafe2c1,portugal-017_03,huawei,name,52,train/attack/digital_2/huawei/portugal-017_03.jpg,train/bonafide/huawei/portugal-017_03.jpg,1218,324,1730,836,1152,517,1796,643,0,bonafide,0,data/processed/text_patch512/dev_val/digital_2/bonafide/cff1d15b560f5dafe2c1.png,0.00011771917343139648
POST_HOC_NATIVE_TEXT_PATCH512_DIAGNOSTIC,10,dev_val,digital_2,55e258e33bcb7021c6ac,portugal-017_03,iphone15pro,doe,86,train/attack/digital_2/iphone15pro/portugal-017_03.jpg,train/bonafide/iphone15pro/portugal-017_03.jpg,1960,870,2472,1382,2118,1079,2315,1173,0,attack,1,data/processed/text_patch512/dev_val/digital_2/attack/55e258e33bcb7021c6ac.png,1.0
POST_HOC_NATIVE_TEXT_PATCH512_DIAGNOSTIC,10,dev_val,digital_2,55e258e33bcb7021c6ac,portugal-017_03,iphone15pro,doe,86,train/attack/digital_2/iphone15pro/portugal-017_03.jpg,train/bonafide/iphone15pro/portugal-017_03.jpg,1960,870,2472,1382,2118,1079,2315,1173,0,bonafide,0,data/processed/text_patch512/dev_val/digital_2/bonafide/55e258e33bcb7021c6ac.png,0.0005064010620117188
POST_HOC_NATIVE_TEXT_PATCH512_DIAGNOSTIC,10,dev_val,digital_2,3b6b93aea8649344aa3e,portugal-017_03,iphone15pro,name,86,train/attack/digital_2/iphone15pro/portugal-017_03.jpg,train/bonafide/iphone15pro/portugal-017_03.jpg,1054,282,1566,794,1023,491,1596,585,0,attack,1,data/processed/text_patch512/dev_val/digital_2/attack/3b6b93aea8649344aa3e.png,1.0
POST_HOC_NATIVE_TEXT_PATCH512_DIAGNOSTIC,10,dev_val,digital_2,3b6b93aea8649344aa3e,portugal-017_03,iphone15pro,name,86,train/attack/digital_2/iphone15pro/portugal-017_03.jpg,train/bonafide/iphone15pro/portugal-017_03.jpg,1054,282,1566,794,1023,491,1596,585,0,bonafide,0,data/processed/text_patch512/dev_val/digital_2/bonafide/3b6b93aea8649344aa3e.png,0.0154571533203125
POST_HOC_NATIVE_TEXT_PATCH512_DIAGNOSTIC,10,dev_val,digital_2,25e35914018c366a568c,portugal-017_03,scan,doe,64,train/attack/digital_2/scan/portugal-017_03.jpg,train/bonafide/scan/portugal-017_03.jpg,1286,524,1798,1036,1472,746,1611,813,0,attack,1,data/processed/text_patch512/dev_val/digital_2/attack/25e35914018c366a568c.png,0.9990234375
POST_HOC_NATIVE_TEXT_PATCH512_DIAGNOSTIC,10,dev_val,digital_2,25e35914018c366a568c,portugal-017_03,scan,doe,64,train/attack/digital_2/scan/portugal-017_03.jpg,train/bonafide/scan/portugal-017_03.jpg,1286,524,1798,1036,1472,746,1611,813,0,bonafide,0,data/processed/text_patch512/dev_val/digital_2/bonafide/25e35914018c366a568c.png,0.008270263671875
POST_HOC_NATIVE_TEXT_PATCH512_DIAGNOSTIC,10,dev_val,digital_2,8d3a03b074e3e8ba889d,portugal-017_03,scan,name,64,train/attack/digital_2/scan/portugal-017_03.jpg,train/bonafide/scan/portugal-017_03.jpg,681,112,1193,624,704,335,1106,401,0,attack,1,data/processed/text_patch512/dev_val/digital_2/attack/8d3a03b074e3e8ba889d.png,1.0
POST_HOC_NATIVE_TEXT_PATCH512_DIAGNOSTIC,10,dev_val,digital_2,8d3a03b074e3e8ba889d,portugal-017_03,scan,name,64,train/attack/digital_2/scan/portugal-017_03.jpg,train/bonafide/scan/portugal-017_03.jpg,681,112,1193,624,704,335,1106,401,0,bonafide,0,data/processed/text_patch512/dev_val/digital_2/bonafide/8d3a03b074e3e8ba889d.png,0.005523681640625
POST_HOC_NATIVE_TEXT_PATCH512_DIAGNOSTIC,10,dev_val,digital_1,ee1772c24df2ae978e4a,portugal-029_03,huawei,dob,59,train/attack/digital_1/huawei/portugal-029_03.jpg,train/bonafide/huawei/portugal-029_03.jpg,2698,732,3210,1244,3028,926,3253,1049,0,attack,1,data/processed/text_patch512/dev_val/digital_1/attack/ee1772c24df2ae978e4a.png,1.0
POST_HOC_NATIVE_TEXT_PATCH512_DIAGNOSTIC,10,dev_val,digital_1,ee1772c24df2ae978e4a,portugal-029_03,huawei,dob,59,train/attack/digital_1/huawei/portugal-029_03.jpg,train/bonafide/huawei/portugal-029_03.jpg,2698,732,3210,1244,3028,926,3253,1049,0,bonafide,0,data/processed/text_patch512/dev_val/digital_1/bonafide/ee1772c24df2ae978e4a.png,6.681680679321289e-05
POST_HOC_NATIVE_TEXT_PATCH512_DIAGNOSTIC,10,dev_val,digital_1,8e7ac4e3078460bf0e30,portugal-029_03,huawei,doe,59,train/attack/digital_1/huawei/portugal-029_03.jpg,train/bonafide/huawei/portugal-029_03.jpg,2221,998,2733,1510,2366,1193,2588,1316,0,attack,1,data/processed/text_patch512/dev_val/digital_1/attack/8e7ac4e3078460bf0e30.png,1.0
POST_HOC_NATIVE_TEXT_PATCH512_DIAGNOSTIC,10,dev_val,digital_1,8e7ac4e3078460bf0e30,portugal-029_03,huawei,doe,59,train/attack/digital_1/huawei/portugal-029_03.jpg,train/bonafide/huawei/portugal-029_03.jpg,2221,998,2733,1510,2366,1193,2588,1316,0,bonafide,0,data/processed/text_patch512/dev_val/digital_1/bonafide/8e7ac4e3078460bf0e30.png,0.0002918243408203125
POST_HOC_NATIVE_TEXT_PATCH512_DIAGNOSTIC,10,dev_val,digital_1,c255392f2ffa5bb02599,portugal-029_03,huawei,name,59,train/attack/digital_1/huawei/portugal-029_03.jpg,train/bonafide/huawei/portugal-029_03.jpg,1284,316,1796,828,1145,509,1935,635,0,attack,1,data/processed/text_patch512/dev_val/digital_1/attack/c255392f2ffa5bb02599.png,0.92138671875
POST_HOC_NATIVE_TEXT_PATCH512_DIAGNOSTIC,10,dev_val,digital_1,c255392f2ffa5bb02599,portugal-029_03,huawei,name,59,train/attack/digital_1/huawei/portugal-029_03.jpg,train/bonafide/huawei/portugal-029_03.jpg,1284,316,1796,828,1145,509,1935,635,0,bonafide,0,data/processed/text_patch512/dev_val/digital_1/bonafide/c255392f2ffa5bb02599.png,4.166364669799805e-05
POST_HOC_NATIVE_TEXT_PATCH512_DIAGNOSTIC,10,dev_val,digital_1,47c9f1ae2684442f1fec,portugal-029_03,iphone15pro,dob,78,train/attack/digital_1/iphone15pro/portugal-029_03.jpg,train/bonafide/iphone15pro/portugal-029_03.jpg,2323,602,2835,1114,2669,810,2864,906,0,attack,1,data/processed/text_patch512/dev_val/digital_1/attack/47c9f1ae2684442f1fec.png,0.99951171875
POST_HOC_NATIVE_TEXT_PATCH512_DIAGNOSTIC,10,dev_val,digital_1,47c9f1ae2684442f1fec,portugal-029_03,iphone15pro,dob,78,train/attack/digital_1/iphone15pro/portugal-029_03.jpg,train/bonafide/iphone15pro/portugal-029_03.jpg,2323,602,2835,1114,2669,810,2864,906,0,bonafide,0,data/processed/text_patch512/dev_val/digital_1/bonafide/47c9f1ae2684442f1fec.png,0.0019044876098632812
POST_HOC_NATIVE_TEXT_PATCH512_DIAGNOSTIC,10,dev_val,digital_1,d908a239b671fdcd2fbe,portugal-029_03,iphone15pro,doe,78,train/attack/digital_1/iphone15pro/portugal-029_03.jpg,train/bonafide/iphone15pro/portugal-029_03.jpg,1940,856,2452,1368,2098,1064,2293,1160,0,attack,1,data/processed/text_patch512/dev_val/digital_1/attack/d908a239b671fdcd2fbe.png,1.0
POST_HOC_NATIVE_TEXT_PATCH512_DIAGNOSTIC,10,dev_val,digital_1,d908a239b671fdcd2fbe,portugal-029_03,iphone15pro,doe,78,train/attack/digital_1/iphone15pro/portugal-029_03.jpg,train/bonafide/iphone15pro/portugal-029_03.jpg,1940,856,2452,1368,2098,1064,2293,1160,0,bonafide,0,data/processed/text_patch512/dev_val/digital_1/bonafide/d908a239b671fdcd2fbe.png,0.0021190643310546875
POST_HOC_NATIVE_TEXT_PATCH512_DIAGNOSTIC,10,dev_val,digital_1,6d9f1d8d49641b9a238c,portugal-029_03,iphone15pro,name,78,train/attack/digital_1/iphone15pro/portugal-029_03.jpg,train/bonafide/iphone15pro/portugal-029_03.jpg,1087,266,1599,778,993,477,1693,568,0,attack,1,data/processed/text_patch512/dev_val/digital_1/attack/6d9f1d8d49641b9a238c.png,1.0
POST_HOC_NATIVE_TEXT_PATCH512_DIAGNOSTIC,10,dev_val,digital_1,6d9f1d8d49641b9a238c,portugal-029_03,iphone15pro,name,78,train/attack/digital_1/iphone15pro/portugal-029_03.jpg,train/bonafide/iphone15pro/portugal-029_03.jpg,1087,266,1599,778,993,477,1693,568,0,bonafide,0,data/processed/text_patch512/dev_val/digital_1/bonafide/6d9f1d8d49641b9a238c.png,0.0012331008911132812
POST_HOC_NATIVE_TEXT_PATCH512_DIAGNOSTIC,10,dev_val,digital_1,d2bf3f292c64ac682694,portugal-029_03,scan,dob,71,train/attack/digital_1/scan/portugal-029_03.jpg,train/bonafide/scan/portugal-029_03.jpg,1480,371,1992,883,1874,589,2009,665,0,attack,1,data/processed/text_patch512/dev_val/digital_1/attack/d2bf3f292c64ac682694.png,1.0
POST_HOC_NATIVE_TEXT_PATCH512_DIAGNOSTIC,10,dev_val,digital_1,d2bf3f292c64ac682694,portugal-029_03,scan,dob,71,train/attack/digital_1/scan/portugal-029_03.jpg,train/bonafide/scan/portugal-029_03.jpg,1480,371,1992,883,1874,589,2009,665,0,bonafide,0,data/processed/text_patch512/dev_val/digital_1/bonafide/d2bf3f292c64ac682694.png,0.00196075439453125
POST_HOC_NATIVE_TEXT_PATCH512_DIAGNOSTIC,10,dev_val,digital_1,ee3e14976d8eb389fc92,portugal-029_03,scan,doe,71,train/attack/digital_1/scan/portugal-029_03.jpg,train/bonafide/scan/portugal-029_03.jpg,1276,538,1788,1050,1465,756,1600,832,0,attack,1,data/processed/text_patch512/dev_val/digital_1/attack/ee3e14976d8eb389fc92.png,1.0
POST_HOC_NATIVE_TEXT_PATCH512_DIAGNOSTIC,10,dev_val,digital_1,ee3e14976d8eb389fc92,portugal-029_03,scan,doe,71,train/attack/digital_1/scan/portugal-029_03.jpg,train/bonafide/scan/portugal-029_03.jpg,1276,538,1788,1050,1465,756,1600,832,0,bonafide,0,data/processed/text_patch512/dev_val/digital_1/bonafide/ee3e14976d8eb389fc92.png,0.002292633056640625
POST_HOC_NATIVE_TEXT_PATCH512_DIAGNOSTIC,10,dev_val,digital_1,d67fea461ff246821efe,portugal-029_03,scan,name,71,train/attack/digital_1/scan/portugal-029_03.jpg,train/bonafide/scan/portugal-029_03.jpg,702,110,1214,622,713,326,1202,406,0,attack,1,data/processed/text_patch512/dev_val/digital_1/attack/d67fea461ff246821efe.png,1.0
POST_HOC_NATIVE_TEXT_PATCH512_DIAGNOSTIC,10,dev_val,digital_1,d67fea461ff246821efe,portugal-029_03,scan,name,71,train/attack/digital_1/scan/portugal-029_03.jpg,train/bonafide/scan/portugal-029_03.jpg,702,110,1214,622,713,326,1202,406,0,bonafide,0,data/processed/text_patch512/dev_val/digital_1/bonafide/d67fea461ff246821efe.png,0.00045561790466308594
POST_HOC_NATIVE_TEXT_PATCH512_DIAGNOSTIC,10,dev_val,digital_2,da37d38df686b02a96bf,portugal-029_03,huawei,doe,59,train/attack/digital_2/huawei/portugal-029_03.jpg,train/bonafide/huawei/portugal-029_03.jpg,2221,998,2733,1510,2366,1193,2588,1316,0,attack,1,data/processed/text_patch512/dev_val/digital_2/attack/da37d38df686b02a96bf.png,1.0
POST_HOC_NATIVE_TEXT_PATCH512_DIAGNOSTIC,10,dev_val,digital_2,da37d38df686b02a96bf,portugal-029_03,huawei,doe,59,train/attack/digital_2/huawei/portugal-029_03.jpg,train/bonafide/huawei/portugal-029_03.jpg,2221,998,2733,1510,2366,1193,2588,1316,0,bonafide,0,data/processed/text_patch512/dev_val/digital_2/bonafide/da37d38df686b02a96bf.png,0.0002918243408203125
POST_HOC_NATIVE_TEXT_PATCH512_DIAGNOSTIC,10,dev_val,digital_2,1c82ecf41dc9275b176b,portugal-029_03,huawei,name,59,train/attack/digital_2/huawei/portugal-029_03.jpg,train/bonafide/huawei/portugal-029_03.jpg,1284,316,1796,828,1145,509,1935,635,0,attack,1,data/processed/text_patch512/dev_val/digital_2/attack/1c82ecf41dc9275b176b.png,0.99951171875
POST_HOC_NATIVE_TEXT_PATCH512_DIAGNOSTIC,10,dev_val,digital_2,1c82ecf41dc9275b176b,portugal-029_03,huawei,name,59,train/attack/digital_2/huawei/portugal-029_03.jpg,train/bonafide/huawei/portugal-029_03.jpg,1284,316,1796,828,1145,509,1935,635,0,bonafide,0,data/processed/text_patch512/dev_val/digital_2/bonafide/1c82ecf41dc9275b176b.png,4.166364669799805e-05
POST_HOC_NATIVE_TEXT_PATCH512_DIAGNOSTIC,10,dev_val,digital_2,c110e954841cda17e4c9,portugal-029_03,iphone15pro,doe,78,train/attack/digital_2/iphone15pro/portugal-029_03.jpg,train/bonafide/iphone15pro/portugal-029_03.jpg,1940,856,2452,1368,2098,1064,2293,1160,0,attack,1,data/processed/text_patch512/dev_val/digital_2/attack/c110e954841cda17e4c9.png,1.0
POST_HOC_NATIVE_TEXT_PATCH512_DIAGNOSTIC,10,dev_val,digital_2,c110e954841cda17e4c9,portugal-029_03,iphone15pro,doe,78,train/attack/digital_2/iphone15pro/portugal-029_03.jpg,train/bonafide/iphone15pro/portugal-029_03.jpg,1940,856,2452,1368,2098,1064,2293,1160,0,bonafide,0,data/processed/text_patch512/dev_val/digital_2/bonafide/c110e954841cda17e4c9.png,0.0021190643310546875
POST_HOC_NATIVE_TEXT_PATCH512_DIAGNOSTIC,10,dev_val,digital_2,fec354cd8629b9ea0fc4,portugal-029_03,iphone15pro,name,78,train/attack/digital_2/iphone15pro/portugal-029_03.jpg,train/bonafide/iphone15pro/portugal-029_03.jpg,1087,266,1599,778,993,477,1693,568,0,attack,1,data/processed/text_patch512/dev_val/digital_2/attack/fec354cd8629b9ea0fc4.png,1.0
POST_HOC_NATIVE_TEXT_PATCH512_DIAGNOSTIC,10,dev_val,digital_2,fec354cd8629b9ea0fc4,portugal-029_03,iphone15pro,name,78,train/attack/digital_2/iphone15pro/portugal-029_03.jpg,train/bonafide/iphone15pro/portugal-029_03.jpg,1087,266,1599,778,993,477,1693,568,0,bonafide,0,data/processed/text_patch512/dev_val/digital_2/bonafide/fec354cd8629b9ea0fc4.png,0.0012331008911132812
POST_HOC_NATIVE_TEXT_PATCH512_DIAGNOSTIC,10,dev_val,digital_2,b1a580d1016d4bd26246,portugal-029_03,scan,doe,71,train/attack/digital_2/scan/portugal-029_03.jpg,train/bonafide/scan/portugal-029_03.jpg,1276,538,1788,1050,1465,756,1600,832,0,attack,1,data/processed/text_patch512/dev_val/digital_2/attack/b1a580d1016d4bd26246.png,1.0
POST_HOC_NATIVE_TEXT_PATCH512_DIAGNOSTIC,10,dev_val,digital_2,b1a580d1016d4bd26246,portugal-029_03,scan,doe,71,train/attack/digital_2/scan/portugal-029_03.jpg,train/bonafide/scan/portugal-029_03.jpg,1276,538,1788,1050,1465,756,1600,832,0,bonafide,0,data/processed/text_patch512/dev_val/digital_2/bonafide/b1a580d1016d4bd26246.png,0.002292633056640625
POST_HOC_NATIVE_TEXT_PATCH512_DIAGNOSTIC,10,dev_val,digital_2,875a49834914851c37f5,portugal-029_03,scan,name,71,train/attack/digital_2/scan/portugal-029_03.jpg,train/bonafide/scan/portugal-029_03.jpg,702,110,1214,622,713,326,1202,406,0,attack,1,data/processed/text_patch512/dev_val/digital_2/attack/875a49834914851c37f5.png,1.0
POST_HOC_NATIVE_TEXT_PATCH512_DIAGNOSTIC,10,dev_val,digital_2,875a49834914851c37f5,portugal-029_03,scan,name,71,train/attack/digital_2/scan/portugal-029_03.jpg,train/bonafide/scan/portugal-029_03.jpg,702,110,1214,622,713,326,1202,406,0,bonafide,0,data/processed/text_patch512/dev_val/digital_2/bonafide/875a49834914851c37f5.png,0.00045561790466308594
POST_HOC_NATIVE_TEXT_PATCH512_DIAGNOSTIC,10,dev_val,digital_1,e61bad63e29e5367f745,portugal-119_03,huawei,dob,74,train/attack/digital_1/huawei/portugal-119_03.jpg,train/bonafide/huawei/portugal-119_03.jpg,2701,731,3213,1243,3030,927,3252,1047,0,attack,1,data/processed/text_patch512/dev_val/digital_1/attack/e61bad63e29e5367f745.png,1.0
POST_HOC_NATIVE_TEXT_PATCH512_DIAGNOSTIC,10,dev_val,digital_1,e61bad63e29e5367f745,portugal-119_03,huawei,dob,74,train/attack/digital_1/huawei/portugal-119_03.jpg,train/bonafide/huawei/portugal-119_03.jpg,2701,731,3213,1243,3030,927,3252,1047,0,bonafide,0,data/processed/text_patch512/dev_val/digital_1/bonafide/e61bad63e29e5367f745.png,4.1484832763671875e-05
POST_HOC_NATIVE_TEXT_PATCH512_DIAGNOSTIC,10,dev_val,digital_1,931f6d37344eeabc5b90,portugal-119_03,huawei,doe,74,train/attack/digital_1/huawei/portugal-119_03.jpg,train/bonafide/huawei/portugal-119_03.jpg,2224,1002,2736,1514,2371,1197,2590,1320,0,attack,1,data/processed/text_patch512/dev_val/digital_1/attack/931f6d37344eeabc5b90.png,1.0
POST_HOC_NATIVE_TEXT_PATCH512_DIAGNOSTIC,10,dev_val,digital_1,931f6d37344eeabc5b90,portugal-119_03,huawei,doe,74,train/attack/digital_1/huawei/portugal-119_03.jpg,train/bonafide/huawei/portugal-119_03.jpg,2224,1002,2736,1514,2371,1197,2590,1320,0,bonafide,0,data/processed/text_patch512/dev_val/digital_1/bonafide/931f6d37344eeabc5b90.png,0.00011235475540161133
POST_HOC_NATIVE_TEXT_PATCH512_DIAGNOSTIC,10,dev_val,digital_1,3714adffc4de773d1965,portugal-119_03,huawei,name,74,train/attack/digital_1/huawei/portugal-119_03.jpg,train/bonafide/huawei/portugal-119_03.jpg,1276,320,1788,832,1151,515,1914,638,0,attack,1,data/processed/text_patch512/dev_val/digital_1/attack/3714adffc4de773d1965.png,1.0
POST_HOC_NATIVE_TEXT_PATCH512_DIAGNOSTIC,10,dev_val,digital_1,3714adffc4de773d1965,portugal-119_03,huawei,name,74,train/attack/digital_1/huawei/portugal-119_03.jpg,train/bonafide/huawei/portugal-119_03.jpg,1276,320,1788,832,1151,515,1914,638,0,bonafide,0,data/processed/text_patch512/dev_val/digital_1/bonafide/3714adffc4de773d1965.png,2.86102294921875e-05
POST_HOC_NATIVE_TEXT_PATCH512_DIAGNOSTIC,10,dev_val,digital_1,e887cc4e4fd8cd6f27d7,portugal-119_03,iphone15pro,dob,81,train/attack/digital_1/iphone15pro/portugal-119_03.jpg,train/bonafide/iphone15pro/portugal-119_03.jpg,2349,603,2861,1115,2681,812,2875,906,0,attack,1,data/processed/text_patch512/dev_val/digital_1/attack/e887cc4e4fd8cd6f27d7.png,0.99853515625
POST_HOC_NATIVE_TEXT_PATCH512_DIAGNOSTIC,10,dev_val,digital_1,e887cc4e4fd8cd6f27d7,portugal-119_03,iphone15pro,dob,81,train/attack/digital_1/iphone15pro/portugal-119_03.jpg,train/bonafide/iphone15pro/portugal-119_03.jpg,2349,603,2861,1115,2681,812,2875,906,0,bonafide,0,data/processed/text_patch512/dev_val/digital_1/bonafide/e887cc4e4fd8cd6f27d7.png,0.00037932395935058594
POST_HOC_NATIVE_TEXT_PATCH512_DIAGNOSTIC,10,dev_val,digital_1,ae2574aa6b037b713c44,portugal-119_03,iphone15pro,doe,81,train/attack/digital_1/iphone15pro/portugal-119_03.jpg,train/bonafide/iphone15pro/portugal-119_03.jpg,1953,860,2465,1372,2112,1069,2306,1163,0,attack,1,data/processed/text_patch512/dev_val/digital_1/attack/ae2574aa6b037b713c44.png,1.0
POST_HOC_NATIVE_TEXT_PATCH512_DIAGNOSTIC,10,dev_val,digital_1,ae2574aa6b037b713c44,portugal-119_03,iphone15pro,doe,81,train/attack/digital_1/iphone15pro/portugal-119_03.jpg,train/bonafide/iphone15pro/portugal-119_03.jpg,1953,860,2465,1372,2112,1069,2306,1163,0,bonafide,0,data/processed/text_patch512/dev_val/digital_1/bonafide/ae2574aa6b037b713c44.png,0.0009198188781738281
POST_HOC_NATIVE_TEXT_PATCH512_DIAGNOSTIC,10,dev_val,digital_1,6f3c58a2693a25e933a2,portugal-119_03,iphone15pro,name,81,train/attack/digital_1/iphone15pro/portugal-119_03.jpg,train/bonafide/iphone15pro/portugal-119_03.jpg,1093,272,1605,784,1009,484,1689,573,0,attack,1,data/processed/text_patch512/dev_val/digital_1/attack/6f3c58a2693a25e933a2.png,1.0
POST_HOC_NATIVE_TEXT_PATCH512_DIAGNOSTIC,10,dev_val,digital_1,6f3c58a2693a25e933a2,portugal-119_03,iphone15pro,name,81,train/attack/digital_1/iphone15pro/portugal-119_03.jpg,train/bonafide/iphone15pro/portugal-119_03.jpg,1093,272,1605,784,1009,484,1689,573,0,bonafide,0,data/processed/text_patch512/dev_val/digital_1/bonafide/6f3c58a2693a25e933a2.png,0.00017058849334716797
POST_HOC_NATIVE_TEXT_PATCH512_DIAGNOSTIC,10,dev_val,digital_1,b397319c3bc7a535ad91,portugal-119_03,scan,dob,88,train/attack/digital_1/scan/portugal-119_03.jpg,train/bonafide/scan/portugal-119_03.jpg,1480,367,1992,879,1877,585,2010,661,0,attack,1,data/processed/text_patch512/dev_val/digital_1/attack/b397319c3bc7a535ad91.png,1.0
POST_HOC_NATIVE_TEXT_PATCH512_DIAGNOSTIC,10,dev_val,digital_1,b397319c3bc7a535ad91,portugal-119_03,scan,dob,88,train/attack/digital_1/scan/portugal-119_03.jpg,train/bonafide/scan/portugal-119_03.jpg,1480,367,1992,879,1877,585,2010,661,0,bonafide,0,data/processed/text_patch512/dev_val/digital_1/bonafide/b397319c3bc7a535ad91.png,0.000213623046875
POST_HOC_NATIVE_TEXT_PATCH512_DIAGNOSTIC,10,dev_val,digital_1,708a41d59b0d988a2bf3,portugal-119_03,scan,doe,88,train/attack/digital_1/scan/portugal-119_03.jpg,train/bonafide/scan/portugal-119_03.jpg,1284,535,1796,1047,1472,753,1607,829,0,attack,1,data/processed/text_patch512/dev_val/digital_1/attack/708a41d59b0d988a2bf3.png,0.99853515625
POST_HOC_NATIVE_TEXT_PATCH512_DIAGNOSTIC,10,dev_val,digital_1,708a41d59b0d988a2bf3,portugal-119_03,scan,doe,88,train/attack/digital_1/scan/portugal-119_03.jpg,train/bonafide/scan/portugal-119_03.jpg,1284,535,1796,1047,1472,753,1607,829,0,bonafide,0,data/processed/text_patch512/dev_val/digital_1/bonafide/708a41d59b0d988a2bf3.png,0.0002818107604980469
POST_HOC_NATIVE_TEXT_PATCH512_DIAGNOSTIC,10,dev_val,digital_1,25cbbdc271e296dfaad7,portugal-119_03,scan,name,88,train/attack/digital_1/scan/portugal-119_03.jpg,train/bonafide/scan/portugal-119_03.jpg,700,109,1212,621,720,326,1192,404,0,attack,1,data/processed/text_patch512/dev_val/digital_1/attack/25cbbdc271e296dfaad7.png,1.0
POST_HOC_NATIVE_TEXT_PATCH512_DIAGNOSTIC,10,dev_val,digital_1,25cbbdc271e296dfaad7,portugal-119_03,scan,name,88,train/attack/digital_1/scan/portugal-119_03.jpg,train/bonafide/scan/portugal-119_03.jpg,700,109,1212,621,720,326,1192,404,0,bonafide,0,data/processed/text_patch512/dev_val/digital_1/bonafide/25cbbdc271e296dfaad7.png,0.0002512931823730469
POST_HOC_NATIVE_TEXT_PATCH512_DIAGNOSTIC,10,dev_val,digital_2,1afc21684b21813482d5,portugal-119_03,huawei,doe,74,train/attack/digital_2/huawei/portugal-119_03.jpg,train/bonafide/huawei/portugal-119_03.jpg,2224,1002,2736,1514,2371,1197,2590,1320,0,attack,1,data/processed/text_patch512/dev_val/digital_2/attack/1afc21684b21813482d5.png,1.0
POST_HOC_NATIVE_TEXT_PATCH512_DIAGNOSTIC,10,dev_val,digital_2,1afc21684b21813482d5,portugal-119_03,huawei,doe,74,train/attack/digital_2/huawei/portugal-119_03.jpg,train/bonafide/huawei/portugal-119_03.jpg,2224,1002,2736,1514,2371,1197,2590,1320,0,bonafide,0,data/processed/text_patch512/dev_val/digital_2/bonafide/1afc21684b21813482d5.png,0.00011235475540161133
POST_HOC_NATIVE_TEXT_PATCH512_DIAGNOSTIC,10,dev_val,digital_2,b4f9dd0bbf38a8939740,portugal-119_03,huawei,name,74,train/attack/digital_2/huawei/portugal-119_03.jpg,train/bonafide/huawei/portugal-119_03.jpg,1276,320,1788,832,1151,515,1914,638,0,attack,1,data/processed/text_patch512/dev_val/digital_2/attack/b4f9dd0bbf38a8939740.png,1.0
POST_HOC_NATIVE_TEXT_PATCH512_DIAGNOSTIC,10,dev_val,digital_2,b4f9dd0bbf38a8939740,portugal-119_03,huawei,name,74,train/attack/digital_2/huawei/portugal-119_03.jpg,train/bonafide/huawei/portugal-119_03.jpg,1276,320,1788,832,1151,515,1914,638,0,bonafide,0,data/processed/text_patch512/dev_val/digital_2/bonafide/b4f9dd0bbf38a8939740.png,2.86102294921875e-05
POST_HOC_NATIVE_TEXT_PATCH512_DIAGNOSTIC,10,dev_val,digital_2,d5fc5c3c051e8fa3fad3,portugal-119_03,iphone15pro,doe,81,train/attack/digital_2/iphone15pro/portugal-119_03.jpg,train/bonafide/iphone15pro/portugal-119_03.jpg,1953,860,2465,1372,2112,1069,2306,1163,0,attack,1,data/processed/text_patch512/dev_val/digital_2/attack/d5fc5c3c051e8fa3fad3.png,1.0
POST_HOC_NATIVE_TEXT_PATCH512_DIAGNOSTIC,10,dev_val,digital_2,d5fc5c3c051e8fa3fad3,portugal-119_03,iphone15pro,doe,81,train/attack/digital_2/iphone15pro/portugal-119_03.jpg,train/bonafide/iphone15pro/portugal-119_03.jpg,1953,860,2465,1372,2112,1069,2306,1163,0,bonafide,0,data/processed/text_patch512/dev_val/digital_2/bonafide/d5fc5c3c051e8fa3fad3.png,0.0009198188781738281
POST_HOC_NATIVE_TEXT_PATCH512_DIAGNOSTIC,10,dev_val,digital_2,26876ec80c8dd27e3191,portugal-119_03,iphone15pro,name,81,train/attack/digital_2/iphone15pro/portugal-119_03.jpg,train/bonafide/iphone15pro/portugal-119_03.jpg,1093,272,1605,784,1009,484,1689,573,0,attack,1,data/processed/text_patch512/dev_val/digital_2/attack/26876ec80c8dd27e3191.png,1.0
POST_HOC_NATIVE_TEXT_PATCH512_DIAGNOSTIC,10,dev_val,digital_2,26876ec80c8dd27e3191,portugal-119_03,iphone15pro,name,81,train/attack/digital_2/iphone15pro/portugal-119_03.jpg,train/bonafide/iphone15pro/portugal-119_03.jpg,1093,272,1605,784,1009,484,1689,573,0,bonafide,0,data/processed/text_patch512/dev_val/digital_2/bonafide/26876ec80c8dd27e3191.png,0.00017058849334716797
POST_HOC_NATIVE_TEXT_PATCH512_DIAGNOSTIC,10,dev_val,digital_2,ff5097907dc4f574b2a3,portugal-119_03,scan,doe,88,train/attack/digital_2/scan/portugal-119_03.jpg,train/bonafide/scan/portugal-119_03.jpg,1284,535,1796,1047,1472,753,1607,829,0,attack,1,data/processed/text_patch512/dev_val/digital_2/attack/ff5097907dc4f574b2a3.png,1.0
POST_HOC_NATIVE_TEXT_PATCH512_DIAGNOSTIC,10,dev_val,digital_2,ff5097907dc4f574b2a3,portugal-119_03,scan,doe,88,train/attack/digital_2/scan/portugal-119_03.jpg,train/bonafide/scan/portugal-119_03.jpg,1284,535,1796,1047,1472,753,1607,829,0,bonafide,0,data/processed/text_patch512/dev_val/digital_2/bonafide/ff5097907dc4f574b2a3.png,0.0002818107604980469
POST_HOC_NATIVE_TEXT_PATCH512_DIAGNOSTIC,10,dev_val,digital_2,725e91a0abf7e53ba676,portugal-119_03,scan,name,88,train/attack/digital_2/scan/portugal-119_03.jpg,train/bonafide/scan/portugal-119_03.jpg,700,109,1212,621,720,326,1192,404,0,attack,1,data/processed/text_patch512/dev_val/digital_2/attack/725e91a0abf7e53ba676.png,1.0
POST_HOC_NATIVE_TEXT_PATCH512_DIAGNOSTIC,10,dev_val,digital_2,725e91a0abf7e53ba676,portugal-119_03,scan,name,88,train/attack/digital_2/scan/portugal-119_03.jpg,train/bonafide/scan/portugal-119_03.jpg,700,109,1212,621,720,326,1192,404,0,bonafide,0,data/processed/text_patch512/dev_val/digital_2/bonafide/725e91a0abf7e53ba676.png,0.0002512931823730469
POST_HOC_NATIVE_TEXT_PATCH512_DIAGNOSTIC,10,dev_val,digital_1,01d130d9ed5db4e79016,portugal-NF-1060,huawei,dob,89,train/attack/digital_1/huawei/portugal-NF-1060.jpg,train/bonafide/huawei/portugal-NF-1060.jpg,2693,742,3205,1254,3038,936,3259,1059,0,attack,1,data/processed/text_patch512/dev_val/digital_1/attack/01d130d9ed5db4e79016.png,0.99951171875
POST_HOC_NATIVE_TEXT_PATCH512_DIAGNOSTIC,10,dev_val,digital_1,01d130d9ed5db4e79016,portugal-NF-1060,huawei,dob,89,train/attack/digital_1/huawei/portugal-NF-1060.jpg,train/bonafide/huawei/portugal-NF-1060.jpg,2693,742,3205,1254,3038,936,3259,1059,0,bonafide,0,data/processed/text_patch512/dev_val/digital_1/bonafide/01d130d9ed5db4e79016.png,0.00014543533325195312
POST_HOC_NATIVE_TEXT_PATCH512_DIAGNOSTIC,10,dev_val,digital_1,5aaec5f0629ad99387c4,portugal-NF-1060,huawei,doe,89,train/attack/digital_1/huawei/portugal-NF-1060.jpg,train/bonafide/huawei/portugal-NF-1060.jpg,2225,1012,2737,1524,2369,1206,2593,1329,0,attack,1,data/processed/text_patch512/dev_val/digital_1/attack/5aaec5f0629ad99387c4.png,1.0
POST_HOC_NATIVE_TEXT_PATCH512_DIAGNOSTIC,10,dev_val,digital_1,5aaec5f0629ad99387c4,portugal-NF-1060,huawei,doe,89,train/attack/digital_1/huawei/portugal-NF-1060.jpg,train/bonafide/huawei/portugal-NF-1060.jpg,2225,1012,2737,1524,2369,1206,2593,1329,0,bonafide,0,data/processed/text_patch512/dev_val/digital_1/bonafide/5aaec5f0629ad99387c4.png,5.125999450683594e-05
POST_HOC_NATIVE_TEXT_PATCH512_DIAGNOSTIC,10,dev_val,digital_1,f98f3b89b40410924168,portugal-NF-1060,huawei,name,89,train/attack/digital_1/huawei/portugal-NF-1060.jpg,train/bonafide/huawei/portugal-NF-1060.jpg,1334,329,1846,841,1149,522,2032,648,0,attack,1,data/processed/text_patch512/dev_val/digital_1/attack/f98f3b89b40410924168.png,1.0
POST_HOC_NATIVE_TEXT_PATCH512_DIAGNOSTIC,10,dev_val,digital_1,f98f3b89b40410924168,portugal-NF-1060,huawei,name,89,train/attack/digital_1/huawei/portugal-NF-1060.jpg,train/bonafide/huawei/portugal-NF-1060.jpg,1334,329,1846,841,1149,522,2032,648,0,bonafide,0,data/processed/text_patch512/dev_val/digital_1/bonafide/f98f3b89b40410924168.png,2.2649765014648438e-06
POST_HOC_NATIVE_TEXT_PATCH512_DIAGNOSTIC,10,dev_val,digital_1,cc0710c66ded4f47c1d4,portugal-NF-1060,iphone15pro,dob,84,train/attack/digital_1/iphone15pro/portugal-NF-1060.jpg,train/bonafide/iphone15pro/portugal-NF-1060.jpg,2355,606,2867,1118,2685,814,2881,909,0,attack,1,data/processed/text_patch512/dev_val/digital_1/attack/cc0710c66ded4f47c1d4.png,1.0
POST_HOC_NATIVE_TEXT_PATCH512_DIAGNOSTIC,10,dev_val,digital_1,cc0710c66ded4f47c1d4,portugal-NF-1060,iphone15pro,dob,84,train/attack/digital_1/iphone15pro/portugal-NF-1060.jpg,train/bonafide/iphone15pro/portugal-NF-1060.jpg,2355,606,2867,1118,2685,814,2881,909,0,bonafide,0,data/processed/text_patch512/dev_val/digital_1/bonafide/cc0710c66ded4f47c1d4.png,0.00042629241943359375
POST_HOC_NATIVE_TEXT_PATCH512_DIAGNOSTIC,10,dev_val,digital_1,9b7ab898763d7571def0,portugal-NF-1060,iphone15pro,doe,84,train/attack/digital_1/iphone15pro/portugal-NF-1060.jpg,train/bonafide/iphone15pro/portugal-NF-1060.jpg,1964,862,2476,1374,2124,1071,2317,1166,0,attack,1,data/processed/text_patch512/dev_val/digital_1/attack/9b7ab898763d7571def0.png,1.0
POST_HOC_NATIVE_TEXT_PATCH512_DIAGNOSTIC,10,dev_val,digital_1,9b7ab898763d7571def0,portugal-NF-1060,iphone15pro,doe,84,train/attack/digital_1/iphone15pro/portugal-NF-1060.jpg,train/bonafide/iphone15pro/portugal-NF-1060.jpg,1964,862,2476,1374,2124,1071,2317,1166,0,bonafide,0,data/processed/text_patch512/dev_val/digital_1/bonafide/9b7ab898763d7571def0.png,0.0005917549133300781
POST_HOC_NATIVE_TEXT_PATCH512_DIAGNOSTIC,10,dev_val,digital_1,1a7cfb1b4c24dab79f99,portugal-NF-1060,iphone15pro,name,84,train/attack/digital_1/iphone15pro/portugal-NF-1060.jpg,train/bonafide/iphone15pro/portugal-NF-1060.jpg,1158,274,1670,786,1025,485,1803,574,0,attack,1,data/processed/text_patch512/dev_val/digital_1/attack/1a7cfb1b4c24dab79f99.png,1.0
POST_HOC_NATIVE_TEXT_PATCH512_DIAGNOSTIC,10,dev_val,digital_1,1a7cfb1b4c24dab79f99,portugal-NF-1060,iphone15pro,name,84,train/attack/digital_1/iphone15pro/portugal-NF-1060.jpg,train/bonafide/iphone15pro/portugal-NF-1060.jpg,1158,274,1670,786,1025,485,1803,574,0,bonafide,0,data/processed/text_patch512/dev_val/digital_1/bonafide/1a7cfb1b4c24dab79f99.png,4.6133995056152344e-05
POST_HOC_NATIVE_TEXT_PATCH512_DIAGNOSTIC,10,dev_val,digital_1,04192dd1d7a6ac64b250,portugal-NF-1060,scan,dob,73,train/attack/digital_1/scan/portugal-NF-1060.jpg,train/bonafide/scan/portugal-NF-1060.jpg,1483,346,1995,858,1878,568,2015,635,0,attack,1,data/processed/text_patch512/dev_val/digital_1/attack/04192dd1d7a6ac64b250.png,1.0
POST_HOC_NATIVE_TEXT_PATCH512_DIAGNOSTIC,10,dev_val,digital_1,04192dd1d7a6ac64b250,portugal-NF-1060,scan,dob,73,train/attack/digital_1/scan/portugal-NF-1060.jpg,train/bonafide/scan/portugal-NF-1060.jpg,1483,346,1995,858,1878,568,2015,635,0,bonafide,0,data/processed/text_patch512/dev_val/digital_1/bonafide/04192dd1d7a6ac64b250.png,0.0014162063598632812
POST_HOC_NATIVE_TEXT_PATCH512_DIAGNOSTIC,10,dev_val,digital_1,681e5ebbe97a3398fe2c,portugal-NF-1060,scan,doe,73,train/attack/digital_1/scan/portugal-NF-1060.jpg,train/bonafide/scan/portugal-NF-1060.jpg,1290,524,1802,1036,1478,747,1615,814,0,attack,1,data/processed/text_patch512/dev_val/digital_1/attack/681e5ebbe97a3398fe2c.png,0.99951171875
POST_HOC_NATIVE_TEXT_PATCH512_DIAGNOSTIC,10,dev_val,digital_1,681e5ebbe97a3398fe2c,portugal-NF-1060,scan,doe,73,train/attack/digital_1/scan/portugal-NF-1060.jpg,train/bonafide/scan/portugal-NF-1060.jpg,1290,524,1802,1036,1478,747,1615,814,0,bonafide,0,data/processed/text_patch512/dev_val/digital_1/bonafide/681e5ebbe97a3398fe2c.png,0.0036792755126953125
POST_HOC_NATIVE_TEXT_PATCH512_DIAGNOSTIC,10,dev_val,digital_1,9925fbef08e62e013c03,portugal-NF-1060,scan,name,73,train/attack/digital_1/scan/portugal-NF-1060.jpg,train/bonafide/scan/portugal-NF-1060.jpg,726,112,1238,624,709,336,1256,400,0,attack,1,data/processed/text_patch512/dev_val/digital_1/attack/9925fbef08e62e013c03.png,1.0
POST_HOC_NATIVE_TEXT_PATCH512_DIAGNOSTIC,10,dev_val,digital_1,9925fbef08e62e013c03,portugal-NF-1060,scan,name,73,train/attack/digital_1/scan/portugal-NF-1060.jpg,train/bonafide/scan/portugal-NF-1060.jpg,726,112,1238,624,709,336,1256,400,0,bonafide,0,data/processed/text_patch512/dev_val/digital_1/bonafide/9925fbef08e62e013c03.png,0.0001609325408935547
POST_HOC_NATIVE_TEXT_PATCH512_DIAGNOSTIC,10,dev_val,digital_2,c4120f1210a7db4c3db6,portugal-NF-1060,huawei,doe,89,train/attack/digital_2/huawei/portugal-NF-1060.jpg,train/bonafide/huawei/portugal-NF-1060.jpg,2225,1012,2737,1524,2369,1206,2593,1329,0,attack,1,data/processed/text_patch512/dev_val/digital_2/attack/c4120f1210a7db4c3db6.png,1.0
POST_HOC_NATIVE_TEXT_PATCH512_DIAGNOSTIC,10,dev_val,digital_2,c4120f1210a7db4c3db6,portugal-NF-1060,huawei,doe,89,train/attack/digital_2/huawei/portugal-NF-1060.jpg,train/bonafide/huawei/portugal-NF-1060.jpg,2225,1012,2737,1524,2369,1206,2593,1329,0,bonafide,0,data/processed/text_patch512/dev_val/digital_2/bonafide/c4120f1210a7db4c3db6.png,5.125999450683594e-05
POST_HOC_NATIVE_TEXT_PATCH512_DIAGNOSTIC,10,dev_val,digital_2,479e7dcb004c398b83a0,portugal-NF-1060,huawei,name,89,train/attack/digital_2/huawei/portugal-NF-1060.jpg,train/bonafide/huawei/portugal-NF-1060.jpg,1334,329,1846,841,1149,522,2032,648,0,attack,1,data/processed/text_patch512/dev_val/digital_2/attack/479e7dcb004c398b83a0.png,1.0
POST_HOC_NATIVE_TEXT_PATCH512_DIAGNOSTIC,10,dev_val,digital_2,479e7dcb004c398b83a0,portugal-NF-1060,huawei,name,89,train/attack/digital_2/huawei/portugal-NF-1060.jpg,train/bonafide/huawei/portugal-NF-1060.jpg,1334,329,1846,841,1149,522,2032,648,0,bonafide,0,data/processed/text_patch512/dev_val/digital_2/bonafide/479e7dcb004c398b83a0.png,2.2649765014648438e-06
POST_HOC_NATIVE_TEXT_PATCH512_DIAGNOSTIC,10,dev_val,digital_2,4fbc464e2936b8bdb053,portugal-NF-1060,iphone15pro,doe,84,train/attack/digital_2/iphone15pro/portugal-NF-1060.jpg,train/bonafide/iphone15pro/portugal-NF-1060.jpg,1964,862,2476,1374,2124,1071,2317,1166,0,attack,1,data/processed/text_patch512/dev_val/digital_2/attack/4fbc464e2936b8bdb053.png,1.0
POST_HOC_NATIVE_TEXT_PATCH512_DIAGNOSTIC,10,dev_val,digital_2,4fbc464e2936b8bdb053,portugal-NF-1060,iphone15pro,doe,84,train/attack/digital_2/iphone15pro/portugal-NF-1060.jpg,train/bonafide/iphone15pro/portugal-NF-1060.jpg,1964,862,2476,1374,2124,1071,2317,1166,0,bonafide,0,data/processed/text_patch512/dev_val/digital_2/bonafide/4fbc464e2936b8bdb053.png,0.0005917549133300781
POST_HOC_NATIVE_TEXT_PATCH512_DIAGNOSTIC,10,dev_val,digital_2,70199d502d158122ee59,portugal-NF-1060,iphone15pro,name,84,train/attack/digital_2/iphone15pro/portugal-NF-1060.jpg,train/bonafide/iphone15pro/portugal-NF-1060.jpg,1158,274,1670,786,1025,485,1803,574,0,attack,1,data/processed/text_patch512/dev_val/digital_2/attack/70199d502d158122ee59.png,1.0
POST_HOC_NATIVE_TEXT_PATCH512_DIAGNOSTIC,10,dev_val,digital_2,70199d502d158122ee59,portugal-NF-1060,iphone15pro,name,84,train/attack/digital_2/iphone15pro/portugal-NF-1060.jpg,train/bonafide/iphone15pro/portugal-NF-1060.jpg,1158,274,1670,786,1025,485,1803,574,0,bonafide,0,data/processed/text_patch512/dev_val/digital_2/bonafide/70199d502d158122ee59.png,4.6133995056152344e-05
POST_HOC_NATIVE_TEXT_PATCH512_DIAGNOSTIC,10,dev_val,digital_2,f1f6ae452e4ba927ae6a,portugal-NF-1060,scan,doe,73,train/attack/digital_2/scan/portugal-NF-1060.jpg,train/bonafide/scan/portugal-NF-1060.jpg,1290,524,1802,1036,1478,747,1615,814,0,attack,1,data/processed/text_patch512/dev_val/digital_2/attack/f1f6ae452e4ba927ae6a.png,1.0
POST_HOC_NATIVE_TEXT_PATCH512_DIAGNOSTIC,10,dev_val,digital_2,f1f6ae452e4ba927ae6a,portugal-NF-1060,scan,doe,73,train/attack/digital_2/scan/portugal-NF-1060.jpg,train/bonafide/scan/portugal-NF-1060.jpg,1290,524,1802,1036,1478,747,1615,814,0,bonafide,0,data/processed/text_patch512/dev_val/digital_2/bonafide/f1f6ae452e4ba927ae6a.png,0.0036792755126953125
POST_HOC_NATIVE_TEXT_PATCH512_DIAGNOSTIC,10,dev_val,digital_2,f9c29d62e2f087920753,portugal-NF-1060,scan,name,73,train/attack/digital_2/scan/portugal-NF-1060.jpg,train/bonafide/scan/portugal-NF-1060.jpg,726,112,1238,624,709,336,1256,400,0,attack,1,data/processed/text_patch512/dev_val/digital_2/attack/f9c29d62e2f087920753.png,1.0
POST_HOC_NATIVE_TEXT_PATCH512_DIAGNOSTIC,10,dev_val,digital_2,f9c29d62e2f087920753,portugal-NF-1060,scan,name,73,train/attack/digital_2/scan/portugal-NF-1060.jpg,train/bonafide/scan/portugal-NF-1060.jpg,726,112,1238,624,709,336,1256,400,0,bonafide,0,data/processed/text_patch512/dev_val/digital_2/bonafide/f9c29d62e2f087920753.png,0.0001609325408935547
POST_HOC_NATIVE_TEXT_PATCH512_DIAGNOSTIC,10,dev_val,digital_1,c0206019a4d3a1907e90,portugal-NF-1066,huawei,dob,51,train/attack/digital_1/huawei/portugal-NF-1066.jpg,train/bonafide/huawei/portugal-NF-1066.jpg,2525,650,3037,1162,2855,854,3064,957,0,attack,1,data/processed/text_patch512/dev_val/digital_1/attack/c0206019a4d3a1907e90.png,0.99951171875
POST_HOC_NATIVE_TEXT_PATCH512_DIAGNOSTIC,10,dev_val,digital_1,c0206019a4d3a1907e90,portugal-NF-1066,huawei,dob,51,train/attack/digital_1/huawei/portugal-NF-1066.jpg,train/bonafide/huawei/portugal-NF-1066.jpg,2525,650,3037,1162,2855,854,3064,957,0,bonafide,0,data/processed/text_patch512/dev_val/digital_1/bonafide/c0206019a4d3a1907e90.png,0.00023186206817626953
POST_HOC_NATIVE_TEXT_PATCH512_DIAGNOSTIC,10,dev_val,digital_1,34f54dbec449acef476c,portugal-NF-1066,huawei,doe,51,train/attack/digital_1/huawei/portugal-NF-1066.jpg,train/bonafide/huawei/portugal-NF-1066.jpg,2096,918,2608,1430,2248,1123,2457,1226,0,attack,1,data/processed/text_patch512/dev_val/digital_1/attack/34f54dbec449acef476c.png,1.0
POST_HOC_NATIVE_TEXT_PATCH512_DIAGNOSTIC,10,dev_val,digital_1,34f54dbec449acef476c,portugal-NF-1066,huawei,doe,51,train/attack/digital_1/huawei/portugal-NF-1066.jpg,train/bonafide/huawei/portugal-NF-1066.jpg,2096,918,2608,1430,2248,1123,2457,1226,0,bonafide,0,data/processed/text_patch512/dev_val/digital_1/bonafide/34f54dbec449acef476c.png,0.0001926422119140625
POST_HOC_NATIVE_TEXT_PATCH512_DIAGNOSTIC,10,dev_val,digital_1,4c0dcce8e674d7d338cd,portugal-NF-1066,huawei,name,51,train/attack/digital_1/huawei/portugal-NF-1066.jpg,train/bonafide/huawei/portugal-NF-1066.jpg,1194,296,1706,808,1063,503,1836,600,0,attack,1,data/processed/text_patch512/dev_val/digital_1/attack/4c0dcce8e674d7d338cd.png,0.98486328125
POST_HOC_NATIVE_TEXT_PATCH512_DIAGNOSTIC,10,dev_val,digital_1,4c0dcce8e674d7d338cd,portugal-NF-1066,huawei,name,51,train/attack/digital_1/huawei/portugal-NF-1066.jpg,train/bonafide/huawei/portugal-NF-1066.jpg,1194,296,1706,808,1063,503,1836,600,0,bonafide,0,data/processed/text_patch512/dev_val/digital_1/bonafide/4c0dcce8e674d7d338cd.png,6.580352783203125e-05
POST_HOC_NATIVE_TEXT_PATCH512_DIAGNOSTIC,10,dev_val,digital_1,1b9ad27c3f9fb2efab97,portugal-NF-1066,iphone15pro,dob,90,train/attack/digital_1/iphone15pro/portugal-NF-1066.jpg,train/bonafide/iphone15pro/portugal-NF-1066.jpg,2127,548,2639,1060,2473,754,2654,853,0,attack,1,data/processed/text_patch512/dev_val/digital_1/attack/1b9ad27c3f9fb2efab97.png,0.99951171875
POST_HOC_NATIVE_TEXT_PATCH512_DIAGNOSTIC,10,dev_val,digital_1,1b9ad27c3f9fb2efab97,portugal-NF-1066,iphone15pro,dob,90,train/attack/digital_1/iphone15pro/portugal-NF-1066.jpg,train/bonafide/iphone15pro/portugal-NF-1066.jpg,2127,548,2639,1060,2473,754,2654,853,0,bonafide,0,data/processed/text_patch512/dev_val/digital_1/bonafide/1b9ad27c3f9fb2efab97.png,0.00036978721618652344
POST_HOC_NATIVE_TEXT_PATCH512_DIAGNOSTIC,10,dev_val,digital_1,4c50b0fb3d0423c6bad1,portugal-NF-1066,iphone15pro,doe,90,train/attack/digital_1/iphone15pro/portugal-NF-1066.jpg,train/bonafide/iphone15pro/portugal-NF-1066.jpg,1772,762,2284,1274,1937,969,2118,1068,0,attack,1,data/processed/text_patch512/dev_val/digital_1/attack/4c50b0fb3d0423c6bad1.png,1.0
POST_HOC_NATIVE_TEXT_PATCH512_DIAGNOSTIC,10,dev_val,digital_1,4c50b0fb3d0423c6bad1,portugal-NF-1066,iphone15pro,doe,90,train/attack/digital_1/iphone15pro/portugal-NF-1066.jpg,train/bonafide/iphone15pro/portugal-NF-1066.jpg,1772,762,2284,1274,1937,969,2118,1068,0,bonafide,0,data/processed/text_patch512/dev_val/digital_1/bonafide/4c50b0fb3d0423c6bad1.png,0.00030231475830078125
POST_HOC_NATIVE_TEXT_PATCH512_DIAGNOSTIC,10,dev_val,digital_1,728967860db231413651,portugal-NF-1066,iphone15pro,name,90,train/attack/digital_1/iphone15pro/portugal-NF-1066.jpg,train/bonafide/iphone15pro/portugal-NF-1066.jpg,1018,212,1530,724,942,418,1607,519,0,attack,1,data/processed/text_patch512/dev_val/digital_1/attack/728967860db231413651.png,1.0
POST_HOC_NATIVE_TEXT_PATCH512_DIAGNOSTIC,10,dev_val,digital_1,728967860db231413651,portugal-NF-1066,iphone15pro,name,90,train/attack/digital_1/iphone15pro/portugal-NF-1066.jpg,train/bonafide/iphone15pro/portugal-NF-1066.jpg,1018,212,1530,724,942,418,1607,519,0,bonafide,0,data/processed/text_patch512/dev_val/digital_1/bonafide/728967860db231413651.png,0.0004916191101074219
POST_HOC_NATIVE_TEXT_PATCH512_DIAGNOSTIC,10,dev_val,digital_1,2e6a2841b0922c07ad77,portugal-NF-1066,scan,dob,80,train/attack/digital_1/scan/portugal-NF-1066.jpg,train/bonafide/scan/portugal-NF-1066.jpg,1483,368,1995,880,1874,586,2008,662,0,attack,1,data/processed/text_patch512/dev_val/digital_1/attack/2e6a2841b0922c07ad77.png,1.0
POST_HOC_NATIVE_TEXT_PATCH512_DIAGNOSTIC,10,dev_val,digital_1,2e6a2841b0922c07ad77,portugal-NF-1066,scan,dob,80,train/attack/digital_1/scan/portugal-NF-1066.jpg,train/bonafide/scan/portugal-NF-1066.jpg,1483,368,1995,880,1874,586,2008,662,0,bonafide,0,data/processed/text_patch512/dev_val/digital_1/bonafide/2e6a2841b0922c07ad77.png,0.0006203651428222656
POST_HOC_NATIVE_TEXT_PATCH512_DIAGNOSTIC,10,dev_val,digital_1,0d45dc2f96abb741f0ad,portugal-NF-1066,scan,doe,80,train/attack/digital_1/scan/portugal-NF-1066.jpg,train/bonafide/scan/portugal-NF-1066.jpg,1280,536,1792,1048,1469,754,1603,830,0,attack,1,data/processed/text_patch512/dev_val/digital_1/attack/0d45dc2f96abb741f0ad.png,1.0
POST_HOC_NATIVE_TEXT_PATCH512_DIAGNOSTIC,10,dev_val,digital_1,0d45dc2f96abb741f0ad,portugal-NF-1066,scan,doe,80,train/attack/digital_1/scan/portugal-NF-1066.jpg,train/bonafide/scan/portugal-NF-1066.jpg,1280,536,1792,1048,1469,754,1603,830,0,bonafide,0,data/processed/text_patch512/dev_val/digital_1/bonafide/0d45dc2f96abb741f0ad.png,0.0002429485321044922
POST_HOC_NATIVE_TEXT_PATCH512_DIAGNOSTIC,10,dev_val,digital_1,ac9d16bcd872c0e904b4,portugal-NF-1066,scan,name,80,train/attack/digital_1/scan/portugal-NF-1066.jpg,train/bonafide/scan/portugal-NF-1066.jpg,714,109,1226,621,717,325,1222,405,0,attack,1,data/processed/text_patch512/dev_val/digital_1/attack/ac9d16bcd872c0e904b4.png,1.0
POST_HOC_NATIVE_TEXT_PATCH512_DIAGNOSTIC,10,dev_val,digital_1,ac9d16bcd872c0e904b4,portugal-NF-1066,scan,name,80,train/attack/digital_1/scan/portugal-NF-1066.jpg,train/bonafide/scan/portugal-NF-1066.jpg,714,109,1226,621,717,325,1222,405,0,bonafide,0,data/processed/text_patch512/dev_val/digital_1/bonafide/ac9d16bcd872c0e904b4.png,0.0013093948364257812
POST_HOC_NATIVE_TEXT_PATCH512_DIAGNOSTIC,10,dev_val,digital_2,8e6cadccc6c5844ad3af,portugal-NF-1066,huawei,doe,51,train/attack/digital_2/huawei/portugal-NF-1066.jpg,train/bonafide/huawei/portugal-NF-1066.jpg,2096,918,2608,1430,2248,1123,2457,1226,0,attack,1,data/processed/text_patch512/dev_val/digital_2/attack/8e6cadccc6c5844ad3af.png,1.0
POST_HOC_NATIVE_TEXT_PATCH512_DIAGNOSTIC,10,dev_val,digital_2,8e6cadccc6c5844ad3af,portugal-NF-1066,huawei,doe,51,train/attack/digital_2/huawei/portugal-NF-1066.jpg,train/bonafide/huawei/portugal-NF-1066.jpg,2096,918,2608,1430,2248,1123,2457,1226,0,bonafide,0,data/processed/text_patch512/dev_val/digital_2/bonafide/8e6cadccc6c5844ad3af.png,0.0001926422119140625
POST_HOC_NATIVE_TEXT_PATCH512_DIAGNOSTIC,10,dev_val,digital_2,98856f4b7d18c367fa10,portugal-NF-1066,huawei,name,51,train/attack/digital_2/huawei/portugal-NF-1066.jpg,train/bonafide/huawei/portugal-NF-1066.jpg,1194,296,1706,808,1063,503,1836,600,0,attack,1,data/processed/text_patch512/dev_val/digital_2/attack/98856f4b7d18c367fa10.png,0.99951171875
POST_HOC_NATIVE_TEXT_PATCH512_DIAGNOSTIC,10,dev_val,digital_2,98856f4b7d18c367fa10,portugal-NF-1066,huawei,name,51,train/attack/digital_2/huawei/portugal-NF-1066.jpg,train/bonafide/huawei/portugal-NF-1066.jpg,1194,296,1706,808,1063,503,1836,600,0,bonafide,0,data/processed/text_patch512/dev_val/digital_2/bonafide/98856f4b7d18c367fa10.png,6.580352783203125e-05
POST_HOC_NATIVE_TEXT_PATCH512_DIAGNOSTIC,10,dev_val,digital_2,f34014d23c755310cc97,portugal-NF-1066,iphone15pro,doe,90,train/attack/digital_2/iphone15pro/portugal-NF-1066.jpg,train/bonafide/iphone15pro/portugal-NF-1066.jpg,1772,762,2284,1274,1937,969,2118,1068,0,attack,1,data/processed/text_patch512/dev_val/digital_2/attack/f34014d23c755310cc97.png,1.0
POST_HOC_NATIVE_TEXT_PATCH512_DIAGNOSTIC,10,dev_val,digital_2,f34014d23c755310cc97,portugal-NF-1066,iphone15pro,doe,90,train/attack/digital_2/iphone15pro/portugal-NF-1066.jpg,train/bonafide/iphone15pro/portugal-NF-1066.jpg,1772,762,2284,1274,1937,969,2118,1068,0,bonafide,0,data/processed/text_patch512/dev_val/digital_2/bonafide/f34014d23c755310cc97.png,0.00030231475830078125
POST_HOC_NATIVE_TEXT_PATCH512_DIAGNOSTIC,10,dev_val,digital_2,c7ba07a4643e0a52a4f2,portugal-NF-1066,iphone15pro,name,90,train/attack/digital_2/iphone15pro/portugal-NF-1066.jpg,train/bonafide/iphone15pro/portugal-NF-1066.jpg,1018,212,1530,724,942,418,1607,519,0,attack,1,data/processed/text_patch512/dev_val/digital_2/attack/c7ba07a4643e0a52a4f2.png,0.99951171875
POST_HOC_NATIVE_TEXT_PATCH512_DIAGNOSTIC,10,dev_val,digital_2,c7ba07a4643e0a52a4f2,portugal-NF-1066,iphone15pro,name,90,train/attack/digital_2/iphone15pro/portugal-NF-1066.jpg,train/bonafide/iphone15pro/portugal-NF-1066.jpg,1018,212,1530,724,942,418,1607,519,0,bonafide,0,data/processed/text_patch512/dev_val/digital_2/bonafide/c7ba07a4643e0a52a4f2.png,0.0004916191101074219
POST_HOC_NATIVE_TEXT_PATCH512_DIAGNOSTIC,10,dev_val,digital_2,276a097599df2773a634,portugal-NF-1066,scan,doe,80,train/attack/digital_2/scan/portugal-NF-1066.jpg,train/bonafide/scan/portugal-NF-1066.jpg,1280,536,1792,1048,1469,754,1603,830,0,attack,1,data/processed/text_patch512/dev_val/digital_2/attack/276a097599df2773a634.png,0.9990234375
POST_HOC_NATIVE_TEXT_PATCH512_DIAGNOSTIC,10,dev_val,digital_2,276a097599df2773a634,portugal-NF-1066,scan,doe,80,train/attack/digital_2/scan/portugal-NF-1066.jpg,train/bonafide/scan/portugal-NF-1066.jpg,1280,536,1792,1048,1469,754,1603,830,0,bonafide,0,data/processed/text_patch512/dev_val/digital_2/bonafide/276a097599df2773a634.png,0.0002429485321044922
POST_HOC_NATIVE_TEXT_PATCH512_DIAGNOSTIC,10,dev_val,digital_2,6b0e74574aa11d4568c3,portugal-NF-1066,scan,name,80,train/attack/digital_2/scan/portugal-NF-1066.jpg,train/bonafide/scan/portugal-NF-1066.jpg,714,109,1226,621,717,325,1222,405,0,attack,1,data/processed/text_patch512/dev_val/digital_2/attack/6b0e74574aa11d4568c3.png,1.0
POST_HOC_NATIVE_TEXT_PATCH512_DIAGNOSTIC,10,dev_val,digital_2,6b0e74574aa11d4568c3,portugal-NF-1066,scan,name,80,train/attack/digital_2/scan/portugal-NF-1066.jpg,train/bonafide/scan/portugal-NF-1066.jpg,714,109,1226,621,717,325,1222,405,0,bonafide,0,data/processed/text_patch512/dev_val/digital_2/bonafide/6b0e74574aa11d4568c3.png,0.0013093948364257812
POST_HOC_NATIVE_TEXT_PATCH512_DIAGNOSTIC,10,dev_val,digital_1,2f6fb64dbc45055c7655,portugal-NF-1109,huawei,dob,73,train/attack/digital_1/huawei/portugal-NF-1109.jpg,train/bonafide/huawei/portugal-NF-1109.jpg,2704,738,3216,1250,3036,933,3259,1056,0,attack,1,data/processed/text_patch512/dev_val/digital_1/attack/2f6fb64dbc45055c7655.png,0.9990234375
POST_HOC_NATIVE_TEXT_PATCH512_DIAGNOSTIC,10,dev_val,digital_1,2f6fb64dbc45055c7655,portugal-NF-1109,huawei,dob,73,train/attack/digital_1/huawei/portugal-NF-1109.jpg,train/bonafide/huawei/portugal-NF-1109.jpg,2704,738,3216,1250,3036,933,3259,1056,0,bonafide,0,data/processed/text_patch512/dev_val/digital_1/bonafide/2f6fb64dbc45055c7655.png,5.7637691497802734e-05
POST_HOC_NATIVE_TEXT_PATCH512_DIAGNOSTIC,10,dev_val,digital_1,f909b3e8ca48be4e172c,portugal-NF-1109,huawei,doe,73,train/attack/digital_1/huawei/portugal-NF-1109.jpg,train/bonafide/huawei/portugal-NF-1109.jpg,2227,1010,2739,1522,2373,1204,2593,1327,0,attack,1,data/processed/text_patch512/dev_val/digital_1/attack/f909b3e8ca48be4e172c.png,1.0
POST_HOC_NATIVE_TEXT_PATCH512_DIAGNOSTIC,10,dev_val,digital_1,f909b3e8ca48be4e172c,portugal-NF-1109,huawei,doe,73,train/attack/digital_1/huawei/portugal-NF-1109.jpg,train/bonafide/huawei/portugal-NF-1109.jpg,2227,1010,2739,1522,2373,1204,2593,1327,0,bonafide,0,data/processed/text_patch512/dev_val/digital_1/bonafide/f909b3e8ca48be4e172c.png,1.6510486602783203e-05
POST_HOC_NATIVE_TEXT_PATCH512_DIAGNOSTIC,10,dev_val,digital_1,e51e33263f89f3dd9807,portugal-NF-1109,huawei,name,73,train/attack/digital_1/huawei/portugal-NF-1109.jpg,train/bonafide/huawei/portugal-NF-1109.jpg,1210,324,1722,836,1154,518,1778,641,0,attack,1,data/processed/text_patch512/dev_val/digital_1/attack/e51e33263f89f3dd9807.png,1.0
POST_HOC_NATIVE_TEXT_PATCH512_DIAGNOSTIC,10,dev_val,digital_1,e51e33263f89f3dd9807,portugal-NF-1109,huawei,name,73,train/attack/digital_1/huawei/portugal-NF-1109.jpg,train/bonafide/huawei/portugal-NF-1109.jpg,1210,324,1722,836,1154,518,1778,641,0,bonafide,0,data/processed/text_patch512/dev_val/digital_1/bonafide/e51e33263f89f3dd9807.png,2.3126602172851562e-05
POST_HOC_NATIVE_TEXT_PATCH512_DIAGNOSTIC,10,dev_val,digital_1,3871db19785f27efc3e5,portugal-NF-1109,iphone15pro,dob,56,train/attack/digital_1/iphone15pro/portugal-NF-1109.jpg,train/bonafide/iphone15pro/portugal-NF-1109.jpg,2329,609,2841,1121,2667,817,2860,913,0,attack,1,data/processed/text_patch512/dev_val/digital_1/attack/3871db19785f27efc3e5.png,0.99951171875
POST_HOC_NATIVE_TEXT_PATCH512_DIAGNOSTIC,10,dev_val,digital_1,3871db19785f27efc3e5,portugal-NF-1109,iphone15pro,dob,56,train/attack/digital_1/iphone15pro/portugal-NF-1109.jpg,train/bonafide/iphone15pro/portugal-NF-1109.jpg,2329,609,2841,1121,2667,817,2860,913,0,bonafide,0,data/processed/text_patch512/dev_val/digital_1/bonafide/3871db19785f27efc3e5.png,0.0014781951904296875
POST_HOC_NATIVE_TEXT_PATCH512_DIAGNOSTIC,10,dev_val,digital_1,f7e7db03e547abad1e33,portugal-NF-1109,iphone15pro,doe,56,train/attack/digital_1/iphone15pro/portugal-NF-1109.jpg,train/bonafide/iphone15pro/portugal-NF-1109.jpg,1940,862,2452,1374,2099,1069,2292,1168,0,attack,1,data/processed/text_patch512/dev_val/digital_1/attack/f7e7db03e547abad1e33.png,1.0
POST_HOC_NATIVE_TEXT_PATCH512_DIAGNOSTIC,10,dev_val,digital_1,f7e7db03e547abad1e33,portugal-NF-1109,iphone15pro,doe,56,train/attack/digital_1/iphone15pro/portugal-NF-1109.jpg,train/bonafide/iphone15pro/portugal-NF-1109.jpg,1940,862,2452,1374,2099,1069,2292,1168,0,bonafide,0,data/processed/text_patch512/dev_val/digital_1/bonafide/f7e7db03e547abad1e33.png,0.00014090538024902344
POST_HOC_NATIVE_TEXT_PATCH512_DIAGNOSTIC,10,dev_val,digital_1,7a4bbec5d0c0d1c92088,portugal-NF-1109,iphone15pro,name,56,train/attack/digital_1/iphone15pro/portugal-NF-1109.jpg,train/bonafide/iphone15pro/portugal-NF-1109.jpg,1022,273,1534,785,1003,481,1552,577,0,attack,1,data/processed/text_patch512/dev_val/digital_1/attack/7a4bbec5d0c0d1c92088.png,1.0
POST_HOC_NATIVE_TEXT_PATCH512_DIAGNOSTIC,10,dev_val,digital_1,7a4bbec5d0c0d1c92088,portugal-NF-1109,iphone15pro,name,56,train/attack/digital_1/iphone15pro/portugal-NF-1109.jpg,train/bonafide/iphone15pro/portugal-NF-1109.jpg,1022,273,1534,785,1003,481,1552,577,0,bonafide,0,data/processed/text_patch512/dev_val/digital_1/bonafide/7a4bbec5d0c0d1c92088.png,0.00014770030975341797
POST_HOC_NATIVE_TEXT_PATCH512_DIAGNOSTIC,10,dev_val,digital_1,7742fdda3a0dea7f8b2f,portugal-NF-1109,scan,dob,87,train/attack/digital_1/scan/portugal-NF-1109.jpg,train/bonafide/scan/portugal-NF-1109.jpg,1483,346,1995,858,1874,568,2011,635,0,attack,1,data/processed/text_patch512/dev_val/digital_1/attack/7742fdda3a0dea7f8b2f.png,1.0
POST_HOC_NATIVE_TEXT_PATCH512_DIAGNOSTIC,10,dev_val,digital_1,7742fdda3a0dea7f8b2f,portugal-NF-1109,scan,dob,87,train/attack/digital_1/scan/portugal-NF-1109.jpg,train/bonafide/scan/portugal-NF-1109.jpg,1483,346,1995,858,1874,568,2011,635,0,bonafide,0,data/processed/text_patch512/dev_val/digital_1/bonafide/7742fdda3a0dea7f8b2f.png,0.0013227462768554688
POST_HOC_NATIVE_TEXT_PATCH512_DIAGNOSTIC,10,dev_val,digital_1,adedb8aa3cd7240ae6c3,portugal-NF-1109,scan,doe,87,train/attack/digital_1/scan/portugal-NF-1109.jpg,train/bonafide/scan/portugal-NF-1109.jpg,1290,524,1802,1036,1476,747,1615,814,0,attack,1,data/processed/text_patch512/dev_val/digital_1/attack/adedb8aa3cd7240ae6c3.png,1.0
POST_HOC_NATIVE_TEXT_PATCH512_DIAGNOSTIC,10,dev_val,digital_1,adedb8aa3cd7240ae6c3,portugal-NF-1109,scan,doe,87,train/attack/digital_1/scan/portugal-NF-1109.jpg,train/bonafide/scan/portugal-NF-1109.jpg,1290,524,1802,1036,1476,747,1615,814,0,bonafide,0,data/processed/text_patch512/dev_val/digital_1/bonafide/adedb8aa3cd7240ae6c3.png,0.001247406005859375
POST_HOC_NATIVE_TEXT_PATCH512_DIAGNOSTIC,10,dev_val,digital_1,c31e0b64882ad293723f,portugal-NF-1109,scan,name,87,train/attack/digital_1/scan/portugal-NF-1109.jpg,train/bonafide/scan/portugal-NF-1109.jpg,676,113,1188,625,706,336,1095,402,0,attack,1,data/processed/text_patch512/dev_val/digital_1/attack/c31e0b64882ad293723f.png,1.0
POST_HOC_NATIVE_TEXT_PATCH512_DIAGNOSTIC,10,dev_val,digital_1,c31e0b64882ad293723f,portugal-NF-1109,scan,name,87,train/attack/digital_1/scan/portugal-NF-1109.jpg,train/bonafide/scan/portugal-NF-1109.jpg,676,113,1188,625,706,336,1095,402,0,bonafide,0,data/processed/text_patch512/dev_val/digital_1/bonafide/c31e0b64882ad293723f.png,0.0013151168823242188
POST_HOC_NATIVE_TEXT_PATCH512_DIAGNOSTIC,10,dev_val,digital_2,b8a78cab277bdad4a975,portugal-NF-1109,huawei,doe,73,train/attack/digital_2/huawei/portugal-NF-1109.jpg,train/bonafide/huawei/portugal-NF-1109.jpg,2227,1010,2739,1522,2373,1204,2593,1327,0,attack,1,data/processed/text_patch512/dev_val/digital_2/attack/b8a78cab277bdad4a975.png,1.0
POST_HOC_NATIVE_TEXT_PATCH512_DIAGNOSTIC,10,dev_val,digital_2,b8a78cab277bdad4a975,portugal-NF-1109,huawei,doe,73,train/attack/digital_2/huawei/portugal-NF-1109.jpg,train/bonafide/huawei/portugal-NF-1109.jpg,2227,1010,2739,1522,2373,1204,2593,1327,0,bonafide,0,data/processed/text_patch512/dev_val/digital_2/bonafide/b8a78cab277bdad4a975.png,1.6510486602783203e-05
POST_HOC_NATIVE_TEXT_PATCH512_DIAGNOSTIC,10,dev_val,digital_2,94d0ffa969969d976b40,portugal-NF-1109,huawei,name,73,train/attack/digital_2/huawei/portugal-NF-1109.jpg,train/bonafide/huawei/portugal-NF-1109.jpg,1210,324,1722,836,1154,518,1778,641,0,attack,1,data/processed/text_patch512/dev_val/digital_2/attack/94d0ffa969969d976b40.png,1.0
POST_HOC_NATIVE_TEXT_PATCH512_DIAGNOSTIC,10,dev_val,digital_2,94d0ffa969969d976b40,portugal-NF-1109,huawei,name,73,train/attack/digital_2/huawei/portugal-NF-1109.jpg,train/bonafide/huawei/portugal-NF-1109.jpg,1210,324,1722,836,1154,518,1778,641,0,bonafide,0,data/processed/text_patch512/dev_val/digital_2/bonafide/94d0ffa969969d976b40.png,2.3126602172851562e-05
POST_HOC_NATIVE_TEXT_PATCH512_DIAGNOSTIC,10,dev_val,digital_2,53678beb1f2b8e89794b,portugal-NF-1109,iphone15pro,doe,56,train/attack/digital_2/iphone15pro/portugal-NF-1109.jpg,train/bonafide/iphone15pro/portugal-NF-1109.jpg,1940,862,2452,1374,2099,1069,2292,1168,0,attack,1,data/processed/text_patch512/dev_val/digital_2/attack/53678beb1f2b8e89794b.png,1.0
POST_HOC_NATIVE_TEXT_PATCH512_DIAGNOSTIC,10,dev_val,digital_2,53678beb1f2b8e89794b,portugal-NF-1109,iphone15pro,doe,56,train/attack/digital_2/iphone15pro/portugal-NF-1109.jpg,train/bonafide/iphone15pro/portugal-NF-1109.jpg,1940,862,2452,1374,2099,1069,2292,1168,0,bonafide,0,data/processed/text_patch512/dev_val/digital_2/bonafide/53678beb1f2b8e89794b.png,0.00014090538024902344
POST_HOC_NATIVE_TEXT_PATCH512_DIAGNOSTIC,10,dev_val,digital_2,039017b04539c528d951,portugal-NF-1109,iphone15pro,name,56,train/attack/digital_2/iphone15pro/portugal-NF-1109.jpg,train/bonafide/iphone15pro/portugal-NF-1109.jpg,1022,273,1534,785,1003,481,1552,577,0,attack,1,data/processed/text_patch512/dev_val/digital_2/attack/039017b04539c528d951.png,1.0
POST_HOC_NATIVE_TEXT_PATCH512_DIAGNOSTIC,10,dev_val,digital_2,039017b04539c528d951,portugal-NF-1109,iphone15pro,name,56,train/attack/digital_2/iphone15pro/portugal-NF-1109.jpg,train/bonafide/iphone15pro/portugal-NF-1109.jpg,1022,273,1534,785,1003,481,1552,577,0,bonafide,0,data/processed/text_patch512/dev_val/digital_2/bonafide/039017b04539c528d951.png,0.00014770030975341797
POST_HOC_NATIVE_TEXT_PATCH512_DIAGNOSTIC,10,dev_val,digital_2,bd18c30b7a28e7886b04,portugal-NF-1109,scan,doe,87,train/attack/digital_2/scan/portugal-NF-1109.jpg,train/bonafide/scan/portugal-NF-1109.jpg,1290,524,1802,1036,1476,747,1615,814,0,attack,1,data/processed/text_patch512/dev_val/digital_2/attack/bd18c30b7a28e7886b04.png,0.99853515625
POST_HOC_NATIVE_TEXT_PATCH512_DIAGNOSTIC,10,dev_val,digital_2,bd18c30b7a28e7886b04,portugal-NF-1109,scan,doe,87,train/attack/digital_2/scan/portugal-NF-1109.jpg,train/bonafide/scan/portugal-NF-1109.jpg,1290,524,1802,1036,1476,747,1615,814,0,bonafide,0,data/processed/text_patch512/dev_val/digital_2/bonafide/bd18c30b7a28e7886b04.png,0.001247406005859375
POST_HOC_NATIVE_TEXT_PATCH512_DIAGNOSTIC,10,dev_val,digital_2,c0a6957b599876c2599a,portugal-NF-1109,scan,name,87,train/attack/digital_2/scan/portugal-NF-1109.jpg,train/bonafide/scan/portugal-NF-1109.jpg,676,113,1188,625,706,336,1095,402,0,attack,1,data/processed/text_patch512/dev_val/digital_2/attack/c0a6957b599876c2599a.png,1.0
POST_HOC_NATIVE_TEXT_PATCH512_DIAGNOSTIC,10,dev_val,digital_2,c0a6957b599876c2599a,portugal-NF-1109,scan,name,87,train/attack/digital_2/scan/portugal-NF-1109.jpg,train/bonafide/scan/portugal-NF-1109.jpg,676,113,1188,625,706,336,1095,402,0,bonafide,0,data/processed/text_patch512/dev_val/digital_2/bonafide/c0a6957b599876c2599a.png,0.0013151168823242188
POST_HOC_NATIVE_TEXT_PATCH512_DIAGNOSTIC,10,dev_val,digital_1,70773b15ff97df5d3af1,russian-062_03,huawei,dob,52,train/attack/digital_1/huawei/russian-062_03.jpg,train/bonafide/huawei/russian-062_03.jpg,1220,854,1732,1366,1382,1056,1570,1165,0,attack,1,data/processed/text_patch512/dev_val/digital_1/attack/70773b15ff97df5d3af1.png,1.0
POST_HOC_NATIVE_TEXT_PATCH512_DIAGNOSTIC,10,dev_val,digital_1,70773b15ff97df5d3af1,russian-062_03,huawei,dob,52,train/attack/digital_1/huawei/russian-062_03.jpg,train/bonafide/huawei/russian-062_03.jpg,1220,854,1732,1366,1382,1056,1570,1165,0,bonafide,0,data/processed/text_patch512/dev_val/digital_1/bonafide/70773b15ff97df5d3af1.png,5.8531761169433594e-05
POST_HOC_NATIVE_TEXT_PATCH512_DIAGNOSTIC,10,dev_val,digital_1,9db4ea9efdfb8879dae8,russian-062_03,huawei,doe,52,train/attack/digital_1/huawei/russian-062_03.jpg,train/bonafide/huawei/russian-062_03.jpg,1203,1461,1715,1973,1365,1792,1553,1901,0,attack,1,data/processed/text_patch512/dev_val/digital_1/attack/9db4ea9efdfb8879dae8.png,1.0
POST_HOC_NATIVE_TEXT_PATCH512_DIAGNOSTIC,10,dev_val,digital_1,9db4ea9efdfb8879dae8,russian-062_03,huawei,doe,52,train/attack/digital_1/huawei/russian-062_03.jpg,train/bonafide/huawei/russian-062_03.jpg,1203,1461,1715,1973,1365,1792,1553,1901,0,bonafide,0,data/processed/text_patch512/dev_val/digital_1/bonafide/9db4ea9efdfb8879dae8.png,0.000396728515625
POST_HOC_NATIVE_TEXT_PATCH512_DIAGNOSTIC,10,dev_val,digital_1,a80ee2d8bde9dd38e2e2,russian-062_03,huawei,name_en,52,train/attack/digital_1/huawei/russian-062_03.jpg,train/bonafide/huawei/russian-062_03.jpg,1223,612,1735,1124,1187,812,1771,924,0,attack,1,data/processed/text_patch512/dev_val/digital_1/attack/a80ee2d8bde9dd38e2e2.png,1.0
POST_HOC_NATIVE_TEXT_PATCH512_DIAGNOSTIC,10,dev_val,digital_1,a80ee2d8bde9dd38e2e2,russian-062_03,huawei,name_en,52,train/attack/digital_1/huawei/russian-062_03.jpg,train/bonafide/huawei/russian-062_03.jpg,1223,612,1735,1124,1187,812,1771,924,0,bonafide,0,data/processed/text_patch512/dev_val/digital_1/bonafide/a80ee2d8bde9dd38e2e2.png,2.2470951080322266e-05
POST_HOC_NATIVE_TEXT_PATCH512_DIAGNOSTIC,10,dev_val,digital_1,4b196c1dc0806950db14,russian-062_03,iphone15pro,dob,62,train/attack/digital_1/iphone15pro/russian-062_03.jpg,train/bonafide/iphone15pro/russian-062_03.jpg,1051,754,1563,1266,1222,966,1392,1054,0,attack,1,data/processed/text_patch512/dev_val/digital_1/attack/4b196c1dc0806950db14.png,1.0
POST_HOC_NATIVE_TEXT_PATCH512_DIAGNOSTIC,10,dev_val,digital_1,4b196c1dc0806950db14,russian-062_03,iphone15pro,dob,62,train/attack/digital_1/iphone15pro/russian-062_03.jpg,train/bonafide/iphone15pro/russian-062_03.jpg,1051,754,1563,1266,1222,966,1392,1054,0,bonafide,0,data/processed/text_patch512/dev_val/digital_1/bonafide/4b196c1dc0806950db14.png,9.238719940185547e-06
POST_HOC_NATIVE_TEXT_PATCH512_DIAGNOSTIC,10,dev_val,digital_1,93837f8f164896da507a,russian-062_03,iphone15pro,doe,62,train/attack/digital_1/iphone15pro/russian-062_03.jpg,train/bonafide/iphone15pro/russian-062_03.jpg,1061,1291,1573,1803,1232,1627,1402,1715,0,attack,1,data/processed/text_patch512/dev_val/digital_1/attack/93837f8f164896da507a.png,1.0
POST_HOC_NATIVE_TEXT_PATCH512_DIAGNOSTIC,10,dev_val,digital_1,93837f8f164896da507a,russian-062_03,iphone15pro,doe,62,train/attack/digital_1/iphone15pro/russian-062_03.jpg,train/bonafide/iphone15pro/russian-062_03.jpg,1061,1291,1573,1803,1232,1627,1402,1715,0,bonafide,0,data/processed/text_patch512/dev_val/digital_1/bonafide/93837f8f164896da507a.png,0.0018568038940429688
POST_HOC_NATIVE_TEXT_PATCH512_DIAGNOSTIC,10,dev_val,digital_1,20dfe4b5ba6ed852be60,russian-062_03,iphone15pro,name_en,62,train/attack/digital_1/iphone15pro/russian-062_03.jpg,train/bonafide/iphone15pro/russian-062_03.jpg,1044,533,1556,1045,1043,746,1558,832,0,attack,1,data/processed/text_patch512/dev_val/digital_1/attack/20dfe4b5ba6ed852be60.png,1.0
POST_HOC_NATIVE_TEXT_PATCH512_DIAGNOSTIC,10,dev_val,digital_1,20dfe4b5ba6ed852be60,russian-062_03,iphone15pro,name_en,62,train/attack/digital_1/iphone15pro/russian-062_03.jpg,train/bonafide/iphone15pro/russian-062_03.jpg,1044,533,1556,1045,1043,746,1558,832,0,bonafide,0,data/processed/text_patch512/dev_val/digital_1/bonafide/20dfe4b5ba6ed852be60.png,0.00029659271240234375
POST_HOC_NATIVE_TEXT_PATCH512_DIAGNOSTIC,10,dev_val,digital_1,d665cfb1d0637604b6da,russian-062_03,scan,dob,69,train/attack/digital_1/scan/russian-062_03.jpg,train/bonafide/scan/russian-062_03.jpg,666,449,1178,961,862,675,981,735,0,attack,1,data/processed/text_patch512/dev_val/digital_1/attack/d665cfb1d0637604b6da.png,1.0
POST_HOC_NATIVE_TEXT_PATCH512_DIAGNOSTIC,10,dev_val,digital_1,d665cfb1d0637604b6da,russian-062_03,scan,dob,69,train/attack/digital_1/scan/russian-062_03.jpg,train/bonafide/scan/russian-062_03.jpg,666,449,1178,961,862,675,981,735,0,bonafide,0,data/processed/text_patch512/dev_val/digital_1/bonafide/d665cfb1d0637604b6da.png,0.0004172325134277344
POST_HOC_NATIVE_TEXT_PATCH512_DIAGNOSTIC,10,dev_val,digital_1,7a168513614bc2d89ed8,russian-062_03,scan,doe,69,train/attack/digital_1/scan/russian-062_03.jpg,train/bonafide/scan/russian-062_03.jpg,674,735,1186,1247,871,1136,990,1196,0,attack,1,data/processed/text_patch512/dev_val/digital_1/attack/7a168513614bc2d89ed8.png,0.99951171875
POST_HOC_NATIVE_TEXT_PATCH512_DIAGNOSTIC,10,dev_val,digital_1,7a168513614bc2d89ed8,russian-062_03,scan,doe,69,train/attack/digital_1/scan/russian-062_03.jpg,train/bonafide/scan/russian-062_03.jpg,674,735,1186,1247,871,1136,990,1196,0,bonafide,0,data/processed/text_patch512/dev_val/digital_1/bonafide/7a168513614bc2d89ed8.png,0.057861328125
POST_HOC_NATIVE_TEXT_PATCH512_DIAGNOSTIC,10,dev_val,digital_1,c666c18f7a6330b26de6,russian-062_03,scan,name_en,69,train/attack/digital_1/scan/russian-062_03.jpg,train/bonafide/scan/russian-062_03.jpg,661,294,1173,806,734,521,1100,579,0,attack,1,data/processed/text_patch512/dev_val/digital_1/attack/c666c18f7a6330b26de6.png,1.0
POST_HOC_NATIVE_TEXT_PATCH512_DIAGNOSTIC,10,dev_val,digital_1,c666c18f7a6330b26de6,russian-062_03,scan,name_en,69,train/attack/digital_1/scan/russian-062_03.jpg,train/bonafide/scan/russian-062_03.jpg,661,294,1173,806,734,521,1100,579,0,bonafide,0,data/processed/text_patch512/dev_val/digital_1/bonafide/c666c18f7a6330b26de6.png,0.00031447410583496094
POST_HOC_NATIVE_TEXT_PATCH512_DIAGNOSTIC,10,dev_val,digital_2,e3ec10df3a1c6f149dcb,russian-062_03,huawei,dob,52,train/attack/digital_2/huawei/russian-062_03.jpg,train/bonafide/huawei/russian-062_03.jpg,1220,854,1732,1366,1382,1056,1570,1165,0,attack,1,data/processed/text_patch512/dev_val/digital_2/attack/e3ec10df3a1c6f149dcb.png,1.0
POST_HOC_NATIVE_TEXT_PATCH512_DIAGNOSTIC,10,dev_val,digital_2,e3ec10df3a1c6f149dcb,russian-062_03,huawei,dob,52,train/attack/digital_2/huawei/russian-062_03.jpg,train/bonafide/huawei/russian-062_03.jpg,1220,854,1732,1366,1382,1056,1570,1165,0,bonafide,0,data/processed/text_patch512/dev_val/digital_2/bonafide/e3ec10df3a1c6f149dcb.png,5.8531761169433594e-05
POST_HOC_NATIVE_TEXT_PATCH512_DIAGNOSTIC,10,dev_val,digital_2,4162bfe5c3a4bc6bcd76,russian-062_03,huawei,doe,52,train/attack/digital_2/huawei/russian-062_03.jpg,train/bonafide/huawei/russian-062_03.jpg,1203,1461,1715,1973,1365,1792,1553,1901,0,attack,1,data/processed/text_patch512/dev_val/digital_2/attack/4162bfe5c3a4bc6bcd76.png,1.0
POST_HOC_NATIVE_TEXT_PATCH512_DIAGNOSTIC,10,dev_val,digital_2,4162bfe5c3a4bc6bcd76,russian-062_03,huawei,doe,52,train/attack/digital_2/huawei/russian-062_03.jpg,train/bonafide/huawei/russian-062_03.jpg,1203,1461,1715,1973,1365,1792,1553,1901,0,bonafide,0,data/processed/text_patch512/dev_val/digital_2/bonafide/4162bfe5c3a4bc6bcd76.png,0.000396728515625
POST_HOC_NATIVE_TEXT_PATCH512_DIAGNOSTIC,10,dev_val,digital_2,04e5e47a93fcb8964eed,russian-062_03,huawei,name_en,52,train/attack/digital_2/huawei/russian-062_03.jpg,train/bonafide/huawei/russian-062_03.jpg,1223,612,1735,1124,1187,812,1771,924,0,attack,1,data/processed/text_patch512/dev_val/digital_2/attack/04e5e47a93fcb8964eed.png,1.0
POST_HOC_NATIVE_TEXT_PATCH512_DIAGNOSTIC,10,dev_val,digital_2,04e5e47a93fcb8964eed,russian-062_03,huawei,name_en,52,train/attack/digital_2/huawei/russian-062_03.jpg,train/bonafide/huawei/russian-062_03.jpg,1223,612,1735,1124,1187,812,1771,924,0,bonafide,0,data/processed/text_patch512/dev_val/digital_2/bonafide/04e5e47a93fcb8964eed.png,2.2470951080322266e-05
POST_HOC_NATIVE_TEXT_PATCH512_DIAGNOSTIC,10,dev_val,digital_2,6f0477c6a17e20cb1110,russian-062_03,iphone15pro,dob,62,train/attack/digital_2/iphone15pro/russian-062_03.jpg,train/bonafide/iphone15pro/russian-062_03.jpg,1051,754,1563,1266,1222,966,1392,1054,0,attack,1,data/processed/text_patch512/dev_val/digital_2/attack/6f0477c6a17e20cb1110.png,1.0
POST_HOC_NATIVE_TEXT_PATCH512_DIAGNOSTIC,10,dev_val,digital_2,6f0477c6a17e20cb1110,russian-062_03,iphone15pro,dob,62,train/attack/digital_2/iphone15pro/russian-062_03.jpg,train/bonafide/iphone15pro/russian-062_03.jpg,1051,754,1563,1266,1222,966,1392,1054,0,bonafide,0,data/processed/text_patch512/dev_val/digital_2/bonafide/6f0477c6a17e20cb1110.png,9.238719940185547e-06
POST_HOC_NATIVE_TEXT_PATCH512_DIAGNOSTIC,10,dev_val,digital_2,12e01b716f122639ce9c,russian-062_03,iphone15pro,doe,62,train/attack/digital_2/iphone15pro/russian-062_03.jpg,train/bonafide/iphone15pro/russian-062_03.jpg,1061,1291,1573,1803,1232,1627,1402,1715,0,attack,1,data/processed/text_patch512/dev_val/digital_2/attack/12e01b716f122639ce9c.png,1.0
POST_HOC_NATIVE_TEXT_PATCH512_DIAGNOSTIC,10,dev_val,digital_2,12e01b716f122639ce9c,russian-062_03,iphone15pro,doe,62,train/attack/digital_2/iphone15pro/russian-062_03.jpg,train/bonafide/iphone15pro/russian-062_03.jpg,1061,1291,1573,1803,1232,1627,1402,1715,0,bonafide,0,data/processed/text_patch512/dev_val/digital_2/bonafide/12e01b716f122639ce9c.png,0.0018568038940429688
POST_HOC_NATIVE_TEXT_PATCH512_DIAGNOSTIC,10,dev_val,digital_2,af5ee8f77b5a76d80405,russian-062_03,iphone15pro,name_en,62,train/attack/digital_2/iphone15pro/russian-062_03.jpg,train/bonafide/iphone15pro/russian-062_03.jpg,1044,533,1556,1045,1043,746,1558,832,0,attack,1,data/processed/text_patch512/dev_val/digital_2/attack/af5ee8f77b5a76d80405.png,1.0
POST_HOC_NATIVE_TEXT_PATCH512_DIAGNOSTIC,10,dev_val,digital_2,af5ee8f77b5a76d80405,russian-062_03,iphone15pro,name_en,62,train/attack/digital_2/iphone15pro/russian-062_03.jpg,train/bonafide/iphone15pro/russian-062_03.jpg,1044,533,1556,1045,1043,746,1558,832,0,bonafide,0,data/processed/text_patch512/dev_val/digital_2/bonafide/af5ee8f77b5a76d80405.png,0.00029659271240234375
POST_HOC_NATIVE_TEXT_PATCH512_DIAGNOSTIC,10,dev_val,digital_2,d5f642bc7b889a386264,russian-062_03,scan,dob,69,train/attack/digital_2/scan/russian-062_03.jpg,train/bonafide/scan/russian-062_03.jpg,666,449,1178,961,862,675,981,735,0,attack,1,data/processed/text_patch512/dev_val/digital_2/attack/d5f642bc7b889a386264.png,1.0
POST_HOC_NATIVE_TEXT_PATCH512_DIAGNOSTIC,10,dev_val,digital_2,d5f642bc7b889a386264,russian-062_03,scan,dob,69,train/attack/digital_2/scan/russian-062_03.jpg,train/bonafide/scan/russian-062_03.jpg,666,449,1178,961,862,675,981,735,0,bonafide,0,data/processed/text_patch512/dev_val/digital_2/bonafide/d5f642bc7b889a386264.png,0.0004172325134277344
POST_HOC_NATIVE_TEXT_PATCH512_DIAGNOSTIC,10,dev_val,digital_2,350c28fdd9e9f7e04136,russian-062_03,scan,doe,69,train/attack/digital_2/scan/russian-062_03.jpg,train/bonafide/scan/russian-062_03.jpg,674,735,1186,1247,871,1136,990,1196,0,attack,1,data/processed/text_patch512/dev_val/digital_2/attack/350c28fdd9e9f7e04136.png,1.0
POST_HOC_NATIVE_TEXT_PATCH512_DIAGNOSTIC,10,dev_val,digital_2,350c28fdd9e9f7e04136,russian-062_03,scan,doe,69,train/attack/digital_2/scan/russian-062_03.jpg,train/bonafide/scan/russian-062_03.jpg,674,735,1186,1247,871,1136,990,1196,0,bonafide,0,data/processed/text_patch512/dev_val/digital_2/bonafide/350c28fdd9e9f7e04136.png,0.057861328125
POST_HOC_NATIVE_TEXT_PATCH512_DIAGNOSTIC,10,dev_val,digital_2,65a9cde386b38468813d,russian-062_03,scan,name_en,69,train/attack/digital_2/scan/russian-062_03.jpg,train/bonafide/scan/russian-062_03.jpg,661,294,1173,806,734,521,1100,579,0,attack,1,data/processed/text_patch512/dev_val/digital_2/attack/65a9cde386b38468813d.png,1.0
POST_HOC_NATIVE_TEXT_PATCH512_DIAGNOSTIC,10,dev_val,digital_2,65a9cde386b38468813d,russian-062_03,scan,name_en,69,train/attack/digital_2/scan/russian-062_03.jpg,train/bonafide/scan/russian-062_03.jpg,661,294,1173,806,734,521,1100,579,0,bonafide,0,data/processed/text_patch512/dev_val/digital_2/bonafide/65a9cde386b38468813d.png,0.00031447410583496094
POST_HOC_NATIVE_TEXT_PATCH512_DIAGNOSTIC,10,dev_val,digital_1,cbca422b25e5b1dfd5fd,russian-132_03,huawei,dob,69,train/attack/digital_1/huawei/russian-132_03.jpg,train/bonafide/huawei/russian-132_03.jpg,1216,860,1728,1372,1378,1061,1567,1172,0,attack,1,data/processed/text_patch512/dev_val/digital_1/attack/cbca422b25e5b1dfd5fd.png,1.0
POST_HOC_NATIVE_TEXT_PATCH512_DIAGNOSTIC,10,dev_val,digital_1,cbca422b25e5b1dfd5fd,russian-132_03,huawei,dob,69,train/attack/digital_1/huawei/russian-132_03.jpg,train/bonafide/huawei/russian-132_03.jpg,1216,860,1728,1372,1378,1061,1567,1172,0,bonafide,0,data/processed/text_patch512/dev_val/digital_1/bonafide/cbca422b25e5b1dfd5fd.png,0.00013768672943115234
POST_HOC_NATIVE_TEXT_PATCH512_DIAGNOSTIC,10,dev_val,digital_1,1118feac5918fae82a1a,russian-132_03,huawei,doe,69,train/attack/digital_1/huawei/russian-132_03.jpg,train/bonafide/huawei/russian-132_03.jpg,1196,1468,1708,1980,1358,1799,1547,1910,0,attack,1,data/processed/text_patch512/dev_val/digital_1/attack/1118feac5918fae82a1a.png,1.0
POST_HOC_NATIVE_TEXT_PATCH512_DIAGNOSTIC,10,dev_val,digital_1,1118feac5918fae82a1a,russian-132_03,huawei,doe,69,train/attack/digital_1/huawei/russian-132_03.jpg,train/bonafide/huawei/russian-132_03.jpg,1196,1468,1708,1980,1358,1799,1547,1910,0,bonafide,0,data/processed/text_patch512/dev_val/digital_1/bonafide/1118feac5918fae82a1a.png,3.451108932495117e-05
POST_HOC_NATIVE_TEXT_PATCH512_DIAGNOSTIC,10,dev_val,digital_1,9fa97835e8cab0854c05,russian-132_03,huawei,name_en,69,train/attack/digital_1/huawei/russian-132_03.jpg,train/bonafide/huawei/russian-132_03.jpg,1038,613,1550,1125,1180,815,1409,923,0,attack,1,data/processed/text_patch512/dev_val/digital_1/attack/9fa97835e8cab0854c05.png,1.0
POST_HOC_NATIVE_TEXT_PATCH512_DIAGNOSTIC,10,dev_val,digital_1,9fa97835e8cab0854c05,russian-132_03,huawei,name_en,69,train/attack/digital_1/huawei/russian-132_03.jpg,train/bonafide/huawei/russian-132_03.jpg,1038,613,1550,1125,1180,815,1409,923,0,bonafide,0,data/processed/text_patch512/dev_val/digital_1/bonafide/9fa97835e8cab0854c05.png,4.00543212890625e-05
POST_HOC_NATIVE_TEXT_PATCH512_DIAGNOSTIC,10,dev_val,digital_1,cd8aafb2edaab28df713,russian-132_03,iphone15pro,dob,85,train/attack/digital_1/iphone15pro/russian-132_03.jpg,train/bonafide/iphone15pro/russian-132_03.jpg,1046,747,1558,1259,1219,959,1385,1047,0,attack,1,data/processed/text_patch512/dev_val/digital_1/attack/cd8aafb2edaab28df713.png,1.0
POST_HOC_NATIVE_TEXT_PATCH512_DIAGNOSTIC,10,dev_val,digital_1,cd8aafb2edaab28df713,russian-132_03,iphone15pro,dob,85,train/attack/digital_1/iphone15pro/russian-132_03.jpg,train/bonafide/iphone15pro/russian-132_03.jpg,1046,747,1558,1259,1219,959,1385,1047,0,bonafide,0,data/processed/text_patch512/dev_val/digital_1/bonafide/cd8aafb2edaab28df713.png,0.0001493692398071289
POST_HOC_NATIVE_TEXT_PATCH512_DIAGNOSTIC,10,dev_val,digital_1,8e2cb431ee3f8cc148c0,russian-132_03,iphone15pro,doe,85,train/attack/digital_1/iphone15pro/russian-132_03.jpg,train/bonafide/iphone15pro/russian-132_03.jpg,1055,1285,1567,1797,1227,1618,1395,1706,0,attack,1,data/processed/text_patch512/dev_val/digital_1/attack/8e2cb431ee3f8cc148c0.png,1.0
POST_HOC_NATIVE_TEXT_PATCH512_DIAGNOSTIC,10,dev_val,digital_1,8e2cb431ee3f8cc148c0,russian-132_03,iphone15pro,doe,85,train/attack/digital_1/iphone15pro/russian-132_03.jpg,train/bonafide/iphone15pro/russian-132_03.jpg,1055,1285,1567,1797,1227,1618,1395,1706,0,bonafide,0,data/processed/text_patch512/dev_val/digital_1/bonafide/8e2cb431ee3f8cc148c0.png,0.00014543533325195312
POST_HOC_NATIVE_TEXT_PATCH512_DIAGNOSTIC,10,dev_val,digital_1,29076d4966c7765d9cac,russian-132_03,iphone15pro,name_en,85,train/attack/digital_1/iphone15pro/russian-132_03.jpg,train/bonafide/iphone15pro/russian-132_03.jpg,886,530,1398,1042,1041,742,1243,830,0,attack,1,data/processed/text_patch512/dev_val/digital_1/attack/29076d4966c7765d9cac.png,1.0
POST_HOC_NATIVE_TEXT_PATCH512_DIAGNOSTIC,10,dev_val,digital_1,29076d4966c7765d9cac,russian-132_03,iphone15pro,name_en,85,train/attack/digital_1/iphone15pro/russian-132_03.jpg,train/bonafide/iphone15pro/russian-132_03.jpg,886,530,1398,1042,1041,742,1243,830,0,bonafide,0,data/processed/text_patch512/dev_val/digital_1/bonafide/29076d4966c7765d9cac.png,0.0008087158203125
POST_HOC_NATIVE_TEXT_PATCH512_DIAGNOSTIC,10,dev_val,digital_1,e087724fa9aca336de50,russian-132_03,scan,dob,53,train/attack/digital_1/scan/russian-132_03.jpg,train/bonafide/scan/russian-132_03.jpg,670,447,1182,959,867,673,985,733,0,attack,1,data/processed/text_patch512/dev_val/digital_1/attack/e087724fa9aca336de50.png,1.0
POST_HOC_NATIVE_TEXT_PATCH512_DIAGNOSTIC,10,dev_val,digital_1,e087724fa9aca336de50,russian-132_03,scan,dob,53,train/attack/digital_1/scan/russian-132_03.jpg,train/bonafide/scan/russian-132_03.jpg,670,447,1182,959,867,673,985,733,0,bonafide,0,data/processed/text_patch512/dev_val/digital_1/bonafide/e087724fa9aca336de50.png,0.0018177032470703125
POST_HOC_NATIVE_TEXT_PATCH512_DIAGNOSTIC,10,dev_val,digital_1,7f993a3f711635d31982,russian-132_03,scan,doe,53,train/attack/digital_1/scan/russian-132_03.jpg,train/bonafide/scan/russian-132_03.jpg,677,735,1189,1247,874,1136,992,1196,0,attack,1,data/processed/text_patch512/dev_val/digital_1/attack/7f993a3f711635d31982.png,0.9990234375
POST_HOC_NATIVE_TEXT_PATCH512_DIAGNOSTIC,10,dev_val,digital_1,7f993a3f711635d31982,russian-132_03,scan,doe,53,train/attack/digital_1/scan/russian-132_03.jpg,train/bonafide/scan/russian-132_03.jpg,677,735,1189,1247,874,1136,992,1196,0,bonafide,0,data/processed/text_patch512/dev_val/digital_1/bonafide/7f993a3f711635d31982.png,0.0028896331787109375
POST_HOC_NATIVE_TEXT_PATCH512_DIAGNOSTIC,10,dev_val,digital_1,c24b502aadfad09094b2,russian-132_03,scan,name_en,53,train/attack/digital_1/scan/russian-132_03.jpg,train/bonafide/scan/russian-132_03.jpg,618,294,1130,806,738,519,883,581,0,attack,1,data/processed/text_patch512/dev_val/digital_1/attack/c24b502aadfad09094b2.png,1.0
POST_HOC_NATIVE_TEXT_PATCH512_DIAGNOSTIC,10,dev_val,digital_1,c24b502aadfad09094b2,russian-132_03,scan,name_en,53,train/attack/digital_1/scan/russian-132_03.jpg,train/bonafide/scan/russian-132_03.jpg,618,294,1130,806,738,519,883,581,0,bonafide,0,data/processed/text_patch512/dev_val/digital_1/bonafide/c24b502aadfad09094b2.png,0.0029354095458984375
POST_HOC_NATIVE_TEXT_PATCH512_DIAGNOSTIC,10,dev_val,digital_2,1fe107c7723e15ae3b30,russian-132_03,huawei,dob,69,train/attack/digital_2/huawei/russian-132_03.jpg,train/bonafide/huawei/russian-132_03.jpg,1216,860,1728,1372,1378,1061,1567,1172,0,attack,1,data/processed/text_patch512/dev_val/digital_2/attack/1fe107c7723e15ae3b30.png,1.0
POST_HOC_NATIVE_TEXT_PATCH512_DIAGNOSTIC,10,dev_val,digital_2,1fe107c7723e15ae3b30,russian-132_03,huawei,dob,69,train/attack/digital_2/huawei/russian-132_03.jpg,train/bonafide/huawei/russian-132_03.jpg,1216,860,1728,1372,1378,1061,1567,1172,0,bonafide,0,data/processed/text_patch512/dev_val/digital_2/bonafide/1fe107c7723e15ae3b30.png,0.00013768672943115234
POST_HOC_NATIVE_TEXT_PATCH512_DIAGNOSTIC,10,dev_val,digital_2,7dd84546aee2069aab4c,russian-132_03,huawei,doe,69,train/attack/digital_2/huawei/russian-132_03.jpg,train/bonafide/huawei/russian-132_03.jpg,1196,1468,1708,1980,1358,1799,1547,1910,0,attack,1,data/processed/text_patch512/dev_val/digital_2/attack/7dd84546aee2069aab4c.png,1.0
POST_HOC_NATIVE_TEXT_PATCH512_DIAGNOSTIC,10,dev_val,digital_2,7dd84546aee2069aab4c,russian-132_03,huawei,doe,69,train/attack/digital_2/huawei/russian-132_03.jpg,train/bonafide/huawei/russian-132_03.jpg,1196,1468,1708,1980,1358,1799,1547,1910,0,bonafide,0,data/processed/text_patch512/dev_val/digital_2/bonafide/7dd84546aee2069aab4c.png,3.451108932495117e-05
POST_HOC_NATIVE_TEXT_PATCH512_DIAGNOSTIC,10,dev_val,digital_2,69d7aa71014151cadd97,russian-132_03,huawei,name_en,69,train/attack/digital_2/huawei/russian-132_03.jpg,train/bonafide/huawei/russian-132_03.jpg,1038,613,1550,1125,1180,815,1409,923,0,attack,1,data/processed/text_patch512/dev_val/digital_2/attack/69d7aa71014151cadd97.png,1.0
POST_HOC_NATIVE_TEXT_PATCH512_DIAGNOSTIC,10,dev_val,digital_2,69d7aa71014151cadd97,russian-132_03,huawei,name_en,69,train/attack/digital_2/huawei/russian-132_03.jpg,train/bonafide/huawei/russian-132_03.jpg,1038,613,1550,1125,1180,815,1409,923,0,bonafide,0,data/processed/text_patch512/dev_val/digital_2/bonafide/69d7aa71014151cadd97.png,4.00543212890625e-05
POST_HOC_NATIVE_TEXT_PATCH512_DIAGNOSTIC,10,dev_val,digital_2,1d4056656cb0b0923850,russian-132_03,iphone15pro,dob,85,train/attack/digital_2/iphone15pro/russian-132_03.jpg,train/bonafide/iphone15pro/russian-132_03.jpg,1046,747,1558,1259,1219,959,1385,1047,0,attack,1,data/processed/text_patch512/dev_val/digital_2/attack/1d4056656cb0b0923850.png,1.0
POST_HOC_NATIVE_TEXT_PATCH512_DIAGNOSTIC,10,dev_val,digital_2,1d4056656cb0b0923850,russian-132_03,iphone15pro,dob,85,train/attack/digital_2/iphone15pro/russian-132_03.jpg,train/bonafide/iphone15pro/russian-132_03.jpg,1046,747,1558,1259,1219,959,1385,1047,0,bonafide,0,data/processed/text_patch512/dev_val/digital_2/bonafide/1d4056656cb0b0923850.png,0.0001493692398071289
POST_HOC_NATIVE_TEXT_PATCH512_DIAGNOSTIC,10,dev_val,digital_2,f4a944ee3935f7bc3059,russian-132_03,iphone15pro,doe,85,train/attack/digital_2/iphone15pro/russian-132_03.jpg,train/bonafide/iphone15pro/russian-132_03.jpg,1055,1285,1567,1797,1227,1618,1395,1706,0,attack,1,data/processed/text_patch512/dev_val/digital_2/attack/f4a944ee3935f7bc3059.png,0.99951171875
POST_HOC_NATIVE_TEXT_PATCH512_DIAGNOSTIC,10,dev_val,digital_2,f4a944ee3935f7bc3059,russian-132_03,iphone15pro,doe,85,train/attack/digital_2/iphone15pro/russian-132_03.jpg,train/bonafide/iphone15pro/russian-132_03.jpg,1055,1285,1567,1797,1227,1618,1395,1706,0,bonafide,0,data/processed/text_patch512/dev_val/digital_2/bonafide/f4a944ee3935f7bc3059.png,0.00014543533325195312
POST_HOC_NATIVE_TEXT_PATCH512_DIAGNOSTIC,10,dev_val,digital_2,d486ada33f5dfe115fe5,russian-132_03,iphone15pro,name_en,85,train/attack/digital_2/iphone15pro/russian-132_03.jpg,train/bonafide/iphone15pro/russian-132_03.jpg,886,530,1398,1042,1041,742,1243,830,0,attack,1,data/processed/text_patch512/dev_val/digital_2/attack/d486ada33f5dfe115fe5.png,1.0
POST_HOC_NATIVE_TEXT_PATCH512_DIAGNOSTIC,10,dev_val,digital_2,d486ada33f5dfe115fe5,russian-132_03,iphone15pro,name_en,85,train/attack/digital_2/iphone15pro/russian-132_03.jpg,train/bonafide/iphone15pro/russian-132_03.jpg,886,530,1398,1042,1041,742,1243,830,0,bonafide,0,data/processed/text_patch512/dev_val/digital_2/bonafide/d486ada33f5dfe115fe5.png,0.0008087158203125
POST_HOC_NATIVE_TEXT_PATCH512_DIAGNOSTIC,10,dev_val,digital_2,e4a671d270449406e397,russian-132_03,scan,dob,53,train/attack/digital_2/scan/russian-132_03.jpg,train/bonafide/scan/russian-132_03.jpg,670,447,1182,959,867,673,985,733,0,attack,1,data/processed/text_patch512/dev_val/digital_2/attack/e4a671d270449406e397.png,0.998046875
POST_HOC_NATIVE_TEXT_PATCH512_DIAGNOSTIC,10,dev_val,digital_2,e4a671d270449406e397,russian-132_03,scan,dob,53,train/attack/digital_2/scan/russian-132_03.jpg,train/bonafide/scan/russian-132_03.jpg,670,447,1182,959,867,673,985,733,0,bonafide,0,data/processed/text_patch512/dev_val/digital_2/bonafide/e4a671d270449406e397.png,0.0018177032470703125
POST_HOC_NATIVE_TEXT_PATCH512_DIAGNOSTIC,10,dev_val,digital_2,272768060bd3494d7a69,russian-132_03,scan,doe,53,train/attack/digital_2/scan/russian-132_03.jpg,train/bonafide/scan/russian-132_03.jpg,677,735,1189,1247,874,1136,992,1196,0,attack,1,data/processed/text_patch512/dev_val/digital_2/attack/272768060bd3494d7a69.png,0.97021484375
POST_HOC_NATIVE_TEXT_PATCH512_DIAGNOSTIC,10,dev_val,digital_2,272768060bd3494d7a69,russian-132_03,scan,doe,53,train/attack/digital_2/scan/russian-132_03.jpg,train/bonafide/scan/russian-132_03.jpg,677,735,1189,1247,874,1136,992,1196,0,bonafide,0,data/processed/text_patch512/dev_val/digital_2/bonafide/272768060bd3494d7a69.png,0.0028896331787109375
POST_HOC_NATIVE_TEXT_PATCH512_DIAGNOSTIC,10,dev_val,digital_2,3482c3367f66beb11a55,russian-132_03,scan,name_en,53,train/attack/digital_2/scan/russian-132_03.jpg,train/bonafide/scan/russian-132_03.jpg,618,294,1130,806,738,519,883,581,0,attack,1,data/processed/text_patch512/dev_val/digital_2/attack/3482c3367f66beb11a55.png,0.96337890625
POST_HOC_NATIVE_TEXT_PATCH512_DIAGNOSTIC,10,dev_val,digital_2,3482c3367f66beb11a55,russian-132_03,scan,name_en,53,train/attack/digital_2/scan/russian-132_03.jpg,train/bonafide/scan/russian-132_03.jpg,618,294,1130,806,738,519,883,581,0,bonafide,0,data/processed/text_patch512/dev_val/digital_2/bonafide/3482c3367f66beb11a55.png,0.0029354095458984375
POST_HOC_NATIVE_TEXT_PATCH512_DIAGNOSTIC,10,dev_val,digital_1,a665a71d7b1dbcc3b75d,russian-NF-1089,huawei,dob,72,train/attack/digital_1/huawei/russian-NF-1089.jpg,train/bonafide/huawei/russian-NF-1089.jpg,1232,874,1744,1386,1392,1075,1584,1185,0,attack,1,data/processed/text_patch512/dev_val/digital_1/attack/a665a71d7b1dbcc3b75d.png,1.0
POST_HOC_NATIVE_TEXT_PATCH512_DIAGNOSTIC,10,dev_val,digital_1,a665a71d7b1dbcc3b75d,russian-NF-1089,huawei,dob,72,train/attack/digital_1/huawei/russian-NF-1089.jpg,train/bonafide/huawei/russian-NF-1089.jpg,1232,874,1744,1386,1392,1075,1584,1185,0,bonafide,0,data/processed/text_patch512/dev_val/digital_1/bonafide/a665a71d7b1dbcc3b75d.png,0.0018672943115234375
POST_HOC_NATIVE_TEXT_PATCH512_DIAGNOSTIC,10,dev_val,digital_1,b2cc3ca44824432fc703,russian-NF-1089,huawei,doe,72,train/attack/digital_1/huawei/russian-NF-1089.jpg,train/bonafide/huawei/russian-NF-1089.jpg,1212,1494,1724,2006,1374,1816,1563,1929,0,attack,1,data/processed/text_patch512/dev_val/digital_1/attack/b2cc3ca44824432fc703.png,1.0
POST_HOC_NATIVE_TEXT_PATCH512_DIAGNOSTIC,10,dev_val,digital_1,b2cc3ca44824432fc703,russian-NF-1089,huawei,doe,72,train/attack/digital_1/huawei/russian-NF-1089.jpg,train/bonafide/huawei/russian-NF-1089.jpg,1212,1494,1724,2006,1374,1816,1563,1929,0,bonafide,0,data/processed/text_patch512/dev_val/digital_1/bonafide/b2cc3ca44824432fc703.png,0.00536346435546875
POST_HOC_NATIVE_TEXT_PATCH512_DIAGNOSTIC,10,dev_val,digital_1,41b48446c901e9c3f1f7,russian-NF-1089,huawei,name_en,72,train/attack/digital_1/huawei/russian-NF-1089.jpg,train/bonafide/huawei/russian-NF-1089.jpg,1088,627,1600,1139,1196,828,1492,938,0,attack,1,data/processed/text_patch512/dev_val/digital_1/attack/41b48446c901e9c3f1f7.png,1.0
POST_HOC_NATIVE_TEXT_PATCH512_DIAGNOSTIC,10,dev_val,digital_1,41b48446c901e9c3f1f7,russian-NF-1089,huawei,name_en,72,train/attack/digital_1/huawei/russian-NF-1089.jpg,train/bonafide/huawei/russian-NF-1089.jpg,1088,627,1600,1139,1196,828,1492,938,0,bonafide,0,data/processed/text_patch512/dev_val/digital_1/bonafide/41b48446c901e9c3f1f7.png,0.0002658367156982422
POST_HOC_NATIVE_TEXT_PATCH512_DIAGNOSTIC,10,dev_val,digital_1,5a1cb260ef43e315135d,russian-NF-1089,iphone15pro,dob,51,train/attack/digital_1/iphone15pro/russian-NF-1089.jpg,train/bonafide/iphone15pro/russian-NF-1089.jpg,1059,752,1571,1264,1230,965,1400,1051,0,attack,1,data/processed/text_patch512/dev_val/digital_1/attack/5a1cb260ef43e315135d.png,1.0
POST_HOC_NATIVE_TEXT_PATCH512_DIAGNOSTIC,10,dev_val,digital_1,5a1cb260ef43e315135d,russian-NF-1089,iphone15pro,dob,51,train/attack/digital_1/iphone15pro/russian-NF-1089.jpg,train/bonafide/iphone15pro/russian-NF-1089.jpg,1059,752,1571,1264,1230,965,1400,1051,0,bonafide,0,data/processed/text_patch512/dev_val/digital_1/bonafide/5a1cb260ef43e315135d.png,0.00022208690643310547
POST_HOC_NATIVE_TEXT_PATCH512_DIAGNOSTIC,10,dev_val,digital_1,9f0f260da4c4c260f8b5,russian-NF-1089,iphone15pro,doe,51,train/attack/digital_1/iphone15pro/russian-NF-1089.jpg,train/bonafide/iphone15pro/russian-NF-1089.jpg,1072,1286,1584,1798,1243,1629,1413,1715,0,attack,1,data/processed/text_patch512/dev_val/digital_1/attack/9f0f260da4c4c260f8b5.png,1.0
POST_HOC_NATIVE_TEXT_PATCH512_DIAGNOSTIC,10,dev_val,digital_1,9f0f260da4c4c260f8b5,russian-NF-1089,iphone15pro,doe,51,train/attack/digital_1/iphone15pro/russian-NF-1089.jpg,train/bonafide/iphone15pro/russian-NF-1089.jpg,1072,1286,1584,1798,1243,1629,1413,1715,0,bonafide,0,data/processed/text_patch512/dev_val/digital_1/bonafide/9f0f260da4c4c260f8b5.png,0.00021529197692871094
POST_HOC_NATIVE_TEXT_PATCH512_DIAGNOSTIC,10,dev_val,digital_1,a44ba108cd2ba837e72a,russian-NF-1089,iphone15pro,name_en,51,train/attack/digital_1/iphone15pro/russian-NF-1089.jpg,train/bonafide/iphone15pro/russian-NF-1089.jpg,990,535,1502,1047,1051,747,1312,835,0,attack,1,data/processed/text_patch512/dev_val/digital_1/attack/a44ba108cd2ba837e72a.png,1.0
POST_HOC_NATIVE_TEXT_PATCH512_DIAGNOSTIC,10,dev_val,digital_1,a44ba108cd2ba837e72a,russian-NF-1089,iphone15pro,name_en,51,train/attack/digital_1/iphone15pro/russian-NF-1089.jpg,train/bonafide/iphone15pro/russian-NF-1089.jpg,990,535,1502,1047,1051,747,1312,835,0,bonafide,0,data/processed/text_patch512/dev_val/digital_1/bonafide/a44ba108cd2ba837e72a.png,0.0025310516357421875
POST_HOC_NATIVE_TEXT_PATCH512_DIAGNOSTIC,10,dev_val,digital_1,9a915b056c2e82c12ad7,russian-NF-1089,scan,dob,80,train/attack/digital_1/scan/russian-NF-1089.jpg,train/bonafide/scan/russian-NF-1089.jpg,670,446,1182,958,866,672,986,732,0,attack,1,data/processed/text_patch512/dev_val/digital_1/attack/9a915b056c2e82c12ad7.png,0.99951171875
POST_HOC_NATIVE_TEXT_PATCH512_DIAGNOSTIC,10,dev_val,digital_1,9a915b056c2e82c12ad7,russian-NF-1089,scan,dob,80,train/attack/digital_1/scan/russian-NF-1089.jpg,train/bonafide/scan/russian-NF-1089.jpg,670,446,1182,958,866,672,986,732,0,bonafide,0,data/processed/text_patch512/dev_val/digital_1/bonafide/9a915b056c2e82c12ad7.png,0.189697265625
POST_HOC_NATIVE_TEXT_PATCH512_DIAGNOSTIC,10,dev_val,digital_1,17d75ed656ac8ac62d88,russian-NF-1089,scan,doe,80,train/attack/digital_1/scan/russian-NF-1089.jpg,train/bonafide/scan/russian-NF-1089.jpg,678,734,1190,1246,875,1137,993,1197,0,attack,1,data/processed/text_patch512/dev_val/digital_1/attack/17d75ed656ac8ac62d88.png,1.0
POST_HOC_NATIVE_TEXT_PATCH512_DIAGNOSTIC,10,dev_val,digital_1,17d75ed656ac8ac62d88,russian-NF-1089,scan,doe,80,train/attack/digital_1/scan/russian-NF-1089.jpg,train/bonafide/scan/russian-NF-1089.jpg,678,734,1190,1246,875,1137,993,1197,0,bonafide,0,data/processed/text_patch512/dev_val/digital_1/bonafide/17d75ed656ac8ac62d88.png,0.0259857177734375
POST_HOC_NATIVE_TEXT_PATCH512_DIAGNOSTIC,10,dev_val,digital_1,efe94c5f4fa3ddf438d2,russian-NF-1089,scan,name_en,80,train/attack/digital_1/scan/russian-NF-1089.jpg,train/bonafide/scan/russian-NF-1089.jpg,670,296,1182,808,737,521,922,583,0,attack,1,data/processed/text_patch512/dev_val/digital_1/attack/efe94c5f4fa3ddf438d2.png,0.99951171875
POST_HOC_NATIVE_TEXT_PATCH512_DIAGNOSTIC,10,dev_val,digital_1,efe94c5f4fa3ddf438d2,russian-NF-1089,scan,name_en,80,train/attack/digital_1/scan/russian-NF-1089.jpg,train/bonafide/scan/russian-NF-1089.jpg,670,296,1182,808,737,521,922,583,0,bonafide,0,data/processed/text_patch512/dev_val/digital_1/bonafide/efe94c5f4fa3ddf438d2.png,0.10418701171875
POST_HOC_NATIVE_TEXT_PATCH512_DIAGNOSTIC,10,dev_val,digital_2,58d0a2785b25c2cfbb58,russian-NF-1089,huawei,dob,72,train/attack/digital_2/huawei/russian-NF-1089.jpg,train/bonafide/huawei/russian-NF-1089.jpg,1232,874,1744,1386,1392,1075,1584,1185,0,attack,1,data/processed/text_patch512/dev_val/digital_2/attack/58d0a2785b25c2cfbb58.png,0.94140625
POST_HOC_NATIVE_TEXT_PATCH512_DIAGNOSTIC,10,dev_val,digital_2,58d0a2785b25c2cfbb58,russian-NF-1089,huawei,dob,72,train/attack/digital_2/huawei/russian-NF-1089.jpg,train/bonafide/huawei/russian-NF-1089.jpg,1232,874,1744,1386,1392,1075,1584,1185,0,bonafide,0,data/processed/text_patch512/dev_val/digital_2/bonafide/58d0a2785b25c2cfbb58.png,0.0018672943115234375
POST_HOC_NATIVE_TEXT_PATCH512_DIAGNOSTIC,10,dev_val,digital_2,166b8761b6e704e70a07,russian-NF-1089,huawei,doe,72,train/attack/digital_2/huawei/russian-NF-1089.jpg,train/bonafide/huawei/russian-NF-1089.jpg,1212,1494,1724,2006,1374,1816,1563,1929,0,attack,1,data/processed/text_patch512/dev_val/digital_2/attack/166b8761b6e704e70a07.png,1.0
POST_HOC_NATIVE_TEXT_PATCH512_DIAGNOSTIC,10,dev_val,digital_2,166b8761b6e704e70a07,russian-NF-1089,huawei,doe,72,train/attack/digital_2/huawei/russian-NF-1089.jpg,train/bonafide/huawei/russian-NF-1089.jpg,1212,1494,1724,2006,1374,1816,1563,1929,0,bonafide,0,data/processed/text_patch512/dev_val/digital_2/bonafide/166b8761b6e704e70a07.png,0.00536346435546875
POST_HOC_NATIVE_TEXT_PATCH512_DIAGNOSTIC,10,dev_val,digital_2,36d18211b63a843aec79,russian-NF-1089,huawei,name_en,72,train/attack/digital_2/huawei/russian-NF-1089.jpg,train/bonafide/huawei/russian-NF-1089.jpg,1088,627,1600,1139,1196,828,1492,938,0,attack,1,data/processed/text_patch512/dev_val/digital_2/attack/36d18211b63a843aec79.png,0.99853515625
POST_HOC_NATIVE_TEXT_PATCH512_DIAGNOSTIC,10,dev_val,digital_2,36d18211b63a843aec79,russian-NF-1089,huawei,name_en,72,train/attack/digital_2/huawei/russian-NF-1089.jpg,train/bonafide/huawei/russian-NF-1089.jpg,1088,627,1600,1139,1196,828,1492,938,0,bonafide,0,data/processed/text_patch512/dev_val/digital_2/bonafide/36d18211b63a843aec79.png,0.0002658367156982422
POST_HOC_NATIVE_TEXT_PATCH512_DIAGNOSTIC,10,dev_val,digital_2,48807b924bac6dee8954,russian-NF-1089,iphone15pro,dob,51,train/attack/digital_2/iphone15pro/russian-NF-1089.jpg,train/bonafide/iphone15pro/russian-NF-1089.jpg,1059,752,1571,1264,1230,965,1400,1051,0,attack,1,data/processed/text_patch512/dev_val/digital_2/attack/48807b924bac6dee8954.png,1.0
POST_HOC_NATIVE_TEXT_PATCH512_DIAGNOSTIC,10,dev_val,digital_2,48807b924bac6dee8954,russian-NF-1089,iphone15pro,dob,51,train/attack/digital_2/iphone15pro/russian-NF-1089.jpg,train/bonafide/iphone15pro/russian-NF-1089.jpg,1059,752,1571,1264,1230,965,1400,1051,0,bonafide,0,data/processed/text_patch512/dev_val/digital_2/bonafide/48807b924bac6dee8954.png,0.00022208690643310547
POST_HOC_NATIVE_TEXT_PATCH512_DIAGNOSTIC,10,dev_val,digital_2,089332c955b8509d8eaa,russian-NF-1089,iphone15pro,doe,51,train/attack/digital_2/iphone15pro/russian-NF-1089.jpg,train/bonafide/iphone15pro/russian-NF-1089.jpg,1072,1286,1584,1798,1243,1629,1413,1715,0,attack,1,data/processed/text_patch512/dev_val/digital_2/attack/089332c955b8509d8eaa.png,0.99951171875
POST_HOC_NATIVE_TEXT_PATCH512_DIAGNOSTIC,10,dev_val,digital_2,089332c955b8509d8eaa,russian-NF-1089,iphone15pro,doe,51,train/attack/digital_2/iphone15pro/russian-NF-1089.jpg,train/bonafide/iphone15pro/russian-NF-1089.jpg,1072,1286,1584,1798,1243,1629,1413,1715,0,bonafide,0,data/processed/text_patch512/dev_val/digital_2/bonafide/089332c955b8509d8eaa.png,0.00021529197692871094
POST_HOC_NATIVE_TEXT_PATCH512_DIAGNOSTIC,10,dev_val,digital_2,edefc283f219fea04991,russian-NF-1089,iphone15pro,name_en,51,train/attack/digital_2/iphone15pro/russian-NF-1089.jpg,train/bonafide/iphone15pro/russian-NF-1089.jpg,926,535,1438,1047,1051,747,1312,835,0,attack,1,data/processed/text_patch512/dev_val/digital_2/attack/edefc283f219fea04991.png,1.0
POST_HOC_NATIVE_TEXT_PATCH512_DIAGNOSTIC,10,dev_val,digital_2,edefc283f219fea04991,russian-NF-1089,iphone15pro,name_en,51,train/attack/digital_2/iphone15pro/russian-NF-1089.jpg,train/bonafide/iphone15pro/russian-NF-1089.jpg,926,535,1438,1047,1051,747,1312,835,0,bonafide,0,data/processed/text_patch512/dev_val/digital_2/bonafide/edefc283f219fea04991.png,0.00254058837890625
POST_HOC_NATIVE_TEXT_PATCH512_DIAGNOSTIC,10,dev_val,digital_2,983b4970c01acccf4be3,russian-NF-1089,scan,dob,80,train/attack/digital_2/scan/russian-NF-1089.jpg,train/bonafide/scan/russian-NF-1089.jpg,670,446,1182,958,866,672,986,732,0,attack,1,data/processed/text_patch512/dev_val/digital_2/attack/983b4970c01acccf4be3.png,1.0
POST_HOC_NATIVE_TEXT_PATCH512_DIAGNOSTIC,10,dev_val,digital_2,983b4970c01acccf4be3,russian-NF-1089,scan,dob,80,train/attack/digital_2/scan/russian-NF-1089.jpg,train/bonafide/scan/russian-NF-1089.jpg,670,446,1182,958,866,672,986,732,0,bonafide,0,data/processed/text_patch512/dev_val/digital_2/bonafide/983b4970c01acccf4be3.png,0.189697265625
POST_HOC_NATIVE_TEXT_PATCH512_DIAGNOSTIC,10,dev_val,digital_2,950c952023a968f39342,russian-NF-1089,scan,doe,80,train/attack/digital_2/scan/russian-NF-1089.jpg,train/bonafide/scan/russian-NF-1089.jpg,678,734,1190,1246,875,1137,993,1197,0,attack,1,data/processed/text_patch512/dev_val/digital_2/attack/950c952023a968f39342.png,0.9990234375
POST_HOC_NATIVE_TEXT_PATCH512_DIAGNOSTIC,10,dev_val,digital_2,950c952023a968f39342,russian-NF-1089,scan,doe,80,train/attack/digital_2/scan/russian-NF-1089.jpg,train/bonafide/scan/russian-NF-1089.jpg,678,734,1190,1246,875,1137,993,1197,0,bonafide,0,data/processed/text_patch512/dev_val/digital_2/bonafide/950c952023a968f39342.png,0.0259857177734375
POST_HOC_NATIVE_TEXT_PATCH512_DIAGNOSTIC,10,dev_val,digital_2,7300828a127a21a18c15,russian-NF-1089,scan,name_en,80,train/attack/digital_2/scan/russian-NF-1089.jpg,train/bonafide/scan/russian-NF-1089.jpg,606,296,1118,808,737,521,922,583,0,attack,1,data/processed/text_patch512/dev_val/digital_2/attack/7300828a127a21a18c15.png,1.0
POST_HOC_NATIVE_TEXT_PATCH512_DIAGNOSTIC,10,dev_val,digital_2,7300828a127a21a18c15,russian-NF-1089,scan,name_en,80,train/attack/digital_2/scan/russian-NF-1089.jpg,train/bonafide/scan/russian-NF-1089.jpg,606,296,1118,808,737,521,922,583,0,bonafide,0,data/processed/text_patch512/dev_val/digital_2/bonafide/7300828a127a21a18c15.png,0.14697265625
POST_HOC_NATIVE_TEXT_PATCH512_DIAGNOSTIC,10,dev_val,digital_1,cfeb274f07afd4717251,russian-NF-1099,huawei,dob,65,train/attack/digital_1/huawei/russian-NF-1099.jpg,train/bonafide/huawei/russian-NF-1099.jpg,1146,804,1658,1316,1310,1009,1494,1112,0,attack,1,data/processed/text_patch512/dev_val/digital_1/attack/cfeb274f07afd4717251.png,1.0
POST_HOC_NATIVE_TEXT_PATCH512_DIAGNOSTIC,10,dev_val,digital_1,cfeb274f07afd4717251,russian-NF-1099,huawei,dob,65,train/attack/digital_1/huawei/russian-NF-1099.jpg,train/bonafide/huawei/russian-NF-1099.jpg,1146,804,1658,1316,1310,1009,1494,1112,0,bonafide,0,data/processed/text_patch512/dev_val/digital_1/bonafide/cfeb274f07afd4717251.png,0.00021147727966308594
POST_HOC_NATIVE_TEXT_PATCH512_DIAGNOSTIC,10,dev_val,digital_1,7cff407dc09377fda769,russian-NF-1099,huawei,doe,65,train/attack/digital_1/huawei/russian-NF-1099.jpg,train/bonafide/huawei/russian-NF-1099.jpg,1135,1384,1647,1896,1299,1708,1483,1811,0,attack,1,data/processed/text_patch512/dev_val/digital_1/attack/7cff407dc09377fda769.png,1.0
POST_HOC_NATIVE_TEXT_PATCH512_DIAGNOSTIC,10,dev_val,digital_1,7cff407dc09377fda769,russian-NF-1099,huawei,doe,65,train/attack/digital_1/huawei/russian-NF-1099.jpg,train/bonafide/huawei/russian-NF-1099.jpg,1135,1384,1647,1896,1299,1708,1483,1811,0,bonafide,0,data/processed/text_patch512/dev_val/digital_1/bonafide/7cff407dc09377fda769.png,0.002986907958984375
POST_HOC_NATIVE_TEXT_PATCH512_DIAGNOSTIC,10,dev_val,digital_1,e88330fdf3bef8fd25ae,russian-NF-1099,huawei,name_en,65,train/attack/digital_1/huawei/russian-NF-1099.jpg,train/bonafide/huawei/russian-NF-1099.jpg,1200,576,1712,1088,1130,777,1782,886,0,attack,1,data/processed/text_patch512/dev_val/digital_1/attack/e88330fdf3bef8fd25ae.png,1.0
POST_HOC_NATIVE_TEXT_PATCH512_DIAGNOSTIC,10,dev_val,digital_1,e88330fdf3bef8fd25ae,russian-NF-1099,huawei,name_en,65,train/attack/digital_1/huawei/russian-NF-1099.jpg,train/bonafide/huawei/russian-NF-1099.jpg,1200,576,1712,1088,1130,777,1782,886,0,bonafide,0,data/processed/text_patch512/dev_val/digital_1/bonafide/e88330fdf3bef8fd25ae.png,0.00020182132720947266
POST_HOC_NATIVE_TEXT_PATCH512_DIAGNOSTIC,10,dev_val,digital_1,e050826097a6f705f456,russian-NF-1099,iphone15pro,dob,85,train/attack/digital_1/iphone15pro/russian-NF-1099.jpg,train/bonafide/iphone15pro/russian-NF-1099.jpg,955,650,1467,1162,1131,862,1291,949,0,attack,1,data/processed/text_patch512/dev_val/digital_1/attack/e050826097a6f705f456.png,1.0
POST_HOC_NATIVE_TEXT_PATCH512_DIAGNOSTIC,10,dev_val,digital_1,e050826097a6f705f456,russian-NF-1099,iphone15pro,dob,85,train/attack/digital_1/iphone15pro/russian-NF-1099.jpg,train/bonafide/iphone15pro/russian-NF-1099.jpg,955,650,1467,1162,1131,862,1291,949,0,bonafide,0,data/processed/text_patch512/dev_val/digital_1/bonafide/e050826097a6f705f456.png,0.00582122802734375
POST_HOC_NATIVE_TEXT_PATCH512_DIAGNOSTIC,10,dev_val,digital_1,6aa5e54a15487826e502,russian-NF-1099,iphone15pro,doe,85,train/attack/digital_1/iphone15pro/russian-NF-1099.jpg,train/bonafide/iphone15pro/russian-NF-1099.jpg,941,1108,1453,1620,1117,1459,1277,1546,0,attack,1,data/processed/text_patch512/dev_val/digital_1/attack/6aa5e54a15487826e502.png,1.0
POST_HOC_NATIVE_TEXT_PATCH512_DIAGNOSTIC,10,dev_val,digital_1,6aa5e54a15487826e502,russian-NF-1099,iphone15pro,doe,85,train/attack/digital_1/iphone15pro/russian-NF-1099.jpg,train/bonafide/iphone15pro/russian-NF-1099.jpg,941,1108,1453,1620,1117,1459,1277,1546,0,bonafide,0,data/processed/text_patch512/dev_val/digital_1/bonafide/6aa5e54a15487826e502.png,0.00183868408203125
POST_HOC_NATIVE_TEXT_PATCH512_DIAGNOSTIC,10,dev_val,digital_1,d7fc78d09979b000f4fb,russian-NF-1099,iphone15pro,name_en,85,train/attack/digital_1/iphone15pro/russian-NF-1099.jpg,train/bonafide/iphone15pro/russian-NF-1099.jpg,1001,453,1513,965,975,663,1539,755,0,attack,1,data/processed/text_patch512/dev_val/digital_1/attack/d7fc78d09979b000f4fb.png,1.0
POST_HOC_NATIVE_TEXT_PATCH512_DIAGNOSTIC,10,dev_val,digital_1,d7fc78d09979b000f4fb,russian-NF-1099,iphone15pro,name_en,85,train/attack/digital_1/iphone15pro/russian-NF-1099.jpg,train/bonafide/iphone15pro/russian-NF-1099.jpg,1001,453,1513,965,975,663,1539,755,0,bonafide,0,data/processed/text_patch512/dev_val/digital_1/bonafide/d7fc78d09979b000f4fb.png,6.681680679321289e-05
POST_HOC_NATIVE_TEXT_PATCH512_DIAGNOSTIC,10,dev_val,digital_1,8da84d408822a473d023,russian-NF-1099,scan,dob,53,train/attack/digital_1/scan/russian-NF-1099.jpg,train/bonafide/scan/russian-NF-1099.jpg,666,442,1178,954,864,665,981,732,0,attack,1,data/processed/text_patch512/dev_val/digital_1/attack/8da84d408822a473d023.png,1.0
POST_HOC_NATIVE_TEXT_PATCH512_DIAGNOSTIC,10,dev_val,digital_1,8da84d408822a473d023,russian-NF-1099,scan,dob,53,train/attack/digital_1/scan/russian-NF-1099.jpg,train/bonafide/scan/russian-NF-1099.jpg,666,442,1178,954,864,665,981,732,0,bonafide,0,data/processed/text_patch512/dev_val/digital_1/bonafide/8da84d408822a473d023.png,0.0016231536865234375
POST_HOC_NATIVE_TEXT_PATCH512_DIAGNOSTIC,10,dev_val,digital_1,b0916eacc92a3642d514,russian-NF-1099,scan,doe,53,train/attack/digital_1/scan/russian-NF-1099.jpg,train/bonafide/scan/russian-NF-1099.jpg,654,738,1166,1250,851,1129,968,1196,0,attack,1,data/processed/text_patch512/dev_val/digital_1/attack/b0916eacc92a3642d514.png,1.0
POST_HOC_NATIVE_TEXT_PATCH512_DIAGNOSTIC,10,dev_val,digital_1,b0916eacc92a3642d514,russian-NF-1099,scan,doe,53,train/attack/digital_1/scan/russian-NF-1099.jpg,train/bonafide/scan/russian-NF-1099.jpg,654,738,1166,1250,851,1129,968,1196,0,bonafide,0,data/processed/text_patch512/dev_val/digital_1/bonafide/b0916eacc92a3642d514.png,0.0014324188232421875
POST_HOC_NATIVE_TEXT_PATCH512_DIAGNOSTIC,10,dev_val,digital_1,a3231e5087e0172b2794,russian-NF-1099,scan,name_en,53,train/attack/digital_1/scan/russian-NF-1099.jpg,train/bonafide/scan/russian-NF-1099.jpg,698,292,1210,804,741,513,1168,584,0,attack,1,data/processed/text_patch512/dev_val/digital_1/attack/a3231e5087e0172b2794.png,1.0
POST_HOC_NATIVE_TEXT_PATCH512_DIAGNOSTIC,10,dev_val,digital_1,a3231e5087e0172b2794,russian-NF-1099,scan,name_en,53,train/attack/digital_1/scan/russian-NF-1099.jpg,train/bonafide/scan/russian-NF-1099.jpg,698,292,1210,804,741,513,1168,584,0,bonafide,0,data/processed/text_patch512/dev_val/digital_1/bonafide/a3231e5087e0172b2794.png,0.0013666152954101562
POST_HOC_NATIVE_TEXT_PATCH512_DIAGNOSTIC,10,dev_val,digital_2,d96949ca91db6cd5772d,russian-NF-1099,huawei,dob,65,train/attack/digital_2/huawei/russian-NF-1099.jpg,train/bonafide/huawei/russian-NF-1099.jpg,1146,804,1658,1316,1310,1009,1494,1112,0,attack,1,data/processed/text_patch512/dev_val/digital_2/attack/d96949ca91db6cd5772d.png,1.0
POST_HOC_NATIVE_TEXT_PATCH512_DIAGNOSTIC,10,dev_val,digital_2,d96949ca91db6cd5772d,russian-NF-1099,huawei,dob,65,train/attack/digital_2/huawei/russian-NF-1099.jpg,train/bonafide/huawei/russian-NF-1099.jpg,1146,804,1658,1316,1310,1009,1494,1112,0,bonafide,0,data/processed/text_patch512/dev_val/digital_2/bonafide/d96949ca91db6cd5772d.png,0.00021147727966308594
POST_HOC_NATIVE_TEXT_PATCH512_DIAGNOSTIC,10,dev_val,digital_2,3d730dc3d64bb7489c5c,russian-NF-1099,huawei,doe,65,train/attack/digital_2/huawei/russian-NF-1099.jpg,train/bonafide/huawei/russian-NF-1099.jpg,1135,1384,1647,1896,1299,1708,1483,1811,0,attack,1,data/processed/text_patch512/dev_val/digital_2/attack/3d730dc3d64bb7489c5c.png,1.0
POST_HOC_NATIVE_TEXT_PATCH512_DIAGNOSTIC,10,dev_val,digital_2,3d730dc3d64bb7489c5c,russian-NF-1099,huawei,doe,65,train/attack/digital_2/huawei/russian-NF-1099.jpg,train/bonafide/huawei/russian-NF-1099.jpg,1135,1384,1647,1896,1299,1708,1483,1811,0,bonafide,0,data/processed/text_patch512/dev_val/digital_2/bonafide/3d730dc3d64bb7489c5c.png,0.002986907958984375
POST_HOC_NATIVE_TEXT_PATCH512_DIAGNOSTIC,10,dev_val,digital_2,ca4b414a7c65da1f4dc6,russian-NF-1099,huawei,name_en,65,train/attack/digital_2/huawei/russian-NF-1099.jpg,train/bonafide/huawei/russian-NF-1099.jpg,1200,576,1712,1088,1130,777,1782,886,0,attack,1,data/processed/text_patch512/dev_val/digital_2/attack/ca4b414a7c65da1f4dc6.png,1.0
POST_HOC_NATIVE_TEXT_PATCH512_DIAGNOSTIC,10,dev_val,digital_2,ca4b414a7c65da1f4dc6,russian-NF-1099,huawei,name_en,65,train/attack/digital_2/huawei/russian-NF-1099.jpg,train/bonafide/huawei/russian-NF-1099.jpg,1200,576,1712,1088,1130,777,1782,886,0,bonafide,0,data/processed/text_patch512/dev_val/digital_2/bonafide/ca4b414a7c65da1f4dc6.png,0.00020182132720947266
POST_HOC_NATIVE_TEXT_PATCH512_DIAGNOSTIC,10,dev_val,digital_2,dad1914c5e2180b8fc9d,russian-NF-1099,iphone15pro,dob,85,train/attack/digital_2/iphone15pro/russian-NF-1099.jpg,train/bonafide/iphone15pro/russian-NF-1099.jpg,955,650,1467,1162,1131,862,1291,949,0,attack,1,data/processed/text_patch512/dev_val/digital_2/attack/dad1914c5e2180b8fc9d.png,1.0
POST_HOC_NATIVE_TEXT_PATCH512_DIAGNOSTIC,10,dev_val,digital_2,dad1914c5e2180b8fc9d,russian-NF-1099,iphone15pro,dob,85,train/attack/digital_2/iphone15pro/russian-NF-1099.jpg,train/bonafide/iphone15pro/russian-NF-1099.jpg,955,650,1467,1162,1131,862,1291,949,0,bonafide,0,data/processed/text_patch512/dev_val/digital_2/bonafide/dad1914c5e2180b8fc9d.png,0.00582122802734375
POST_HOC_NATIVE_TEXT_PATCH512_DIAGNOSTIC,10,dev_val,digital_2,c32248efeee87c7e1a4c,russian-NF-1099,iphone15pro,doe,85,train/attack/digital_2/iphone15pro/russian-NF-1099.jpg,train/bonafide/iphone15pro/russian-NF-1099.jpg,941,1108,1453,1620,1117,1459,1277,1546,0,attack,1,data/processed/text_patch512/dev_val/digital_2/attack/c32248efeee87c7e1a4c.png,0.99951171875
POST_HOC_NATIVE_TEXT_PATCH512_DIAGNOSTIC,10,dev_val,digital_2,c32248efeee87c7e1a4c,russian-NF-1099,iphone15pro,doe,85,train/attack/digital_2/iphone15pro/russian-NF-1099.jpg,train/bonafide/iphone15pro/russian-NF-1099.jpg,941,1108,1453,1620,1117,1459,1277,1546,0,bonafide,0,data/processed/text_patch512/dev_val/digital_2/bonafide/c32248efeee87c7e1a4c.png,0.00183868408203125
POST_HOC_NATIVE_TEXT_PATCH512_DIAGNOSTIC,10,dev_val,digital_2,88ae8dd48e5fe4a55451,russian-NF-1099,iphone15pro,name_en,85,train/attack/digital_2/iphone15pro/russian-NF-1099.jpg,train/bonafide/iphone15pro/russian-NF-1099.jpg,1001,453,1513,965,975,663,1539,755,0,attack,1,data/processed/text_patch512/dev_val/digital_2/attack/88ae8dd48e5fe4a55451.png,1.0
POST_HOC_NATIVE_TEXT_PATCH512_DIAGNOSTIC,10,dev_val,digital_2,88ae8dd48e5fe4a55451,russian-NF-1099,iphone15pro,name_en,85,train/attack/digital_2/iphone15pro/russian-NF-1099.jpg,train/bonafide/iphone15pro/russian-NF-1099.jpg,1001,453,1513,965,975,663,1539,755,0,bonafide,0,data/processed/text_patch512/dev_val/digital_2/bonafide/88ae8dd48e5fe4a55451.png,6.681680679321289e-05
POST_HOC_NATIVE_TEXT_PATCH512_DIAGNOSTIC,10,dev_val,digital_2,d9f1e554b9567e9c7955,russian-NF-1099,scan,dob,53,train/attack/digital_2/scan/russian-NF-1099.jpg,train/bonafide/scan/russian-NF-1099.jpg,666,442,1178,954,864,665,981,732,0,attack,1,data/processed/text_patch512/dev_val/digital_2/attack/d9f1e554b9567e9c7955.png,1.0
POST_HOC_NATIVE_TEXT_PATCH512_DIAGNOSTIC,10,dev_val,digital_2,d9f1e554b9567e9c7955,russian-NF-1099,scan,dob,53,train/attack/digital_2/scan/russian-NF-1099.jpg,train/bonafide/scan/russian-NF-1099.jpg,666,442,1178,954,864,665,981,732,0,bonafide,0,data/processed/text_patch512/dev_val/digital_2/bonafide/d9f1e554b9567e9c7955.png,0.0016231536865234375
POST_HOC_NATIVE_TEXT_PATCH512_DIAGNOSTIC,10,dev_val,digital_2,7d0b815d3120eac0154c,russian-NF-1099,scan,doe,53,train/attack/digital_2/scan/russian-NF-1099.jpg,train/bonafide/scan/russian-NF-1099.jpg,654,738,1166,1250,851,1129,968,1196,0,attack,1,data/processed/text_patch512/dev_val/digital_2/attack/7d0b815d3120eac0154c.png,0.99951171875
POST_HOC_NATIVE_TEXT_PATCH512_DIAGNOSTIC,10,dev_val,digital_2,7d0b815d3120eac0154c,russian-NF-1099,scan,doe,53,train/attack/digital_2/scan/russian-NF-1099.jpg,train/bonafide/scan/russian-NF-1099.jpg,654,738,1166,1250,851,1129,968,1196,0,bonafide,0,data/processed/text_patch512/dev_val/digital_2/bonafide/7d0b815d3120eac0154c.png,0.0014324188232421875
POST_HOC_NATIVE_TEXT_PATCH512_DIAGNOSTIC,10,dev_val,digital_2,f555fde396acbe394628,russian-NF-1099,scan,name_en,53,train/attack/digital_2/scan/russian-NF-1099.jpg,train/bonafide/scan/russian-NF-1099.jpg,698,292,1210,804,741,513,1168,584,0,attack,1,data/processed/text_patch512/dev_val/digital_2/attack/f555fde396acbe394628.png,1.0
POST_HOC_NATIVE_TEXT_PATCH512_DIAGNOSTIC,10,dev_val,digital_2,f555fde396acbe394628,russian-NF-1099,scan,name_en,53,train/attack/digital_2/scan/russian-NF-1099.jpg,train/bonafide/scan/russian-NF-1099.jpg,698,292,1210,804,741,513,1168,584,0,bonafide,0,data/processed/text_patch512/dev_val/digital_2/bonafide/f555fde396acbe394628.png,0.0013666152954101562
POST_HOC_NATIVE_TEXT_PATCH512_DIAGNOSTIC,10,dev_val,digital_1,66d00c9ec1076eee7019,turkiye-032_03,huawei,dob,62,train/attack/digital_1/huawei/turkiye-032_03.jpg,train/bonafide/huawei/turkiye-032_03.jpg,1160,1064,1672,1576,1305,1258,1527,1381,0,attack,1,data/processed/text_patch512/dev_val/digital_1/attack/66d00c9ec1076eee7019.png,1.0
POST_HOC_NATIVE_TEXT_PATCH512_DIAGNOSTIC,10,dev_val,digital_1,66d00c9ec1076eee7019,turkiye-032_03,huawei,dob,62,train/attack/digital_1/huawei/turkiye-032_03.jpg,train/bonafide/huawei/turkiye-032_03.jpg,1160,1064,1672,1576,1305,1258,1527,1381,0,bonafide,0,data/processed/text_patch512/dev_val/digital_1/bonafide/66d00c9ec1076eee7019.png,0.0294189453125
POST_HOC_NATIVE_TEXT_PATCH512_DIAGNOSTIC,10,dev_val,digital_1,4f307e3f55ca75eccd27,turkiye-032_03,huawei,doe,62,train/attack/digital_1/huawei/turkiye-032_03.jpg,train/bonafide/huawei/turkiye-032_03.jpg,1152,1467,1664,1979,1297,1756,1519,1881,0,attack,1,data/processed/text_patch512/dev_val/digital_1/attack/4f307e3f55ca75eccd27.png,1.0
POST_HOC_NATIVE_TEXT_PATCH512_DIAGNOSTIC,10,dev_val,digital_1,4f307e3f55ca75eccd27,turkiye-032_03,huawei,doe,62,train/attack/digital_1/huawei/turkiye-032_03.jpg,train/bonafide/huawei/turkiye-032_03.jpg,1152,1467,1664,1979,1297,1756,1519,1881,0,bonafide,0,data/processed/text_patch512/dev_val/digital_1/bonafide/4f307e3f55ca75eccd27.png,0.004528045654296875
POST_HOC_NATIVE_TEXT_PATCH512_DIAGNOSTIC,10,dev_val,digital_1,5932c72991140bb0fc44,turkiye-032_03,huawei,name_other,62,train/attack/digital_1/huawei/turkiye-032_03.jpg,train/bonafide/huawei/turkiye-032_03.jpg,926,813,1438,1325,1075,1009,1289,1129,0,attack,1,data/processed/text_patch512/dev_val/digital_1/attack/5932c72991140bb0fc44.png,1.0
POST_HOC_NATIVE_TEXT_PATCH512_DIAGNOSTIC,10,dev_val,digital_1,5932c72991140bb0fc44,turkiye-032_03,huawei,name_other,62,train/attack/digital_1/huawei/turkiye-032_03.jpg,train/bonafide/huawei/turkiye-032_03.jpg,926,813,1438,1325,1075,1009,1289,1129,0,bonafide,0,data/processed/text_patch512/dev_val/digital_1/bonafide/5932c72991140bb0fc44.png,0.07611083984375
POST_HOC_NATIVE_TEXT_PATCH512_DIAGNOSTIC,10,dev_val,digital_1,f893b58760e84ddea755,turkiye-032_03,iphone15pro,dob,55,train/attack/digital_1/iphone15pro/turkiye-032_03.jpg,train/bonafide/iphone15pro/turkiye-032_03.jpg,1016,933,1528,1445,1175,1141,1368,1237,0,attack,1,data/processed/text_patch512/dev_val/digital_1/attack/f893b58760e84ddea755.png,1.0
POST_HOC_NATIVE_TEXT_PATCH512_DIAGNOSTIC,10,dev_val,digital_1,f893b58760e84ddea755,turkiye-032_03,iphone15pro,dob,55,train/attack/digital_1/iphone15pro/turkiye-032_03.jpg,train/bonafide/iphone15pro/turkiye-032_03.jpg,1016,933,1528,1445,1175,1141,1368,1237,0,bonafide,0,data/processed/text_patch512/dev_val/digital_1/bonafide/f893b58760e84ddea755.png,0.020660400390625
POST_HOC_NATIVE_TEXT_PATCH512_DIAGNOSTIC,10,dev_val,digital_1,2cabd5b98fd028fe83bb,turkiye-032_03,iphone15pro,doe,55,train/attack/digital_1/iphone15pro/turkiye-032_03.jpg,train/bonafide/iphone15pro/turkiye-032_03.jpg,1024,1282,1536,1794,1183,1589,1376,1687,0,attack,1,data/processed/text_patch512/dev_val/digital_1/attack/2cabd5b98fd028fe83bb.png,1.0
POST_HOC_NATIVE_TEXT_PATCH512_DIAGNOSTIC,10,dev_val,digital_1,2cabd5b98fd028fe83bb,turkiye-032_03,iphone15pro,doe,55,train/attack/digital_1/iphone15pro/turkiye-032_03.jpg,train/bonafide/iphone15pro/turkiye-032_03.jpg,1024,1282,1536,1794,1183,1589,1376,1687,0,bonafide,0,data/processed/text_patch512/dev_val/digital_1/bonafide/2cabd5b98fd028fe83bb.png,0.0008215904235839844
POST_HOC_NATIVE_TEXT_PATCH512_DIAGNOSTIC,10,dev_val,digital_1,d83f9d1e87d308212bd5,turkiye-032_03,iphone15pro,name_other,55,train/attack/digital_1/iphone15pro/turkiye-032_03.jpg,train/bonafide/iphone15pro/turkiye-032_03.jpg,866,714,1378,1226,962,921,1154,1019,0,attack,1,data/processed/text_patch512/dev_val/digital_1/attack/d83f9d1e87d308212bd5.png,1.0
POST_HOC_NATIVE_TEXT_PATCH512_DIAGNOSTIC,10,dev_val,digital_1,d83f9d1e87d308212bd5,turkiye-032_03,iphone15pro,name_other,55,train/attack/digital_1/iphone15pro/turkiye-032_03.jpg,train/bonafide/iphone15pro/turkiye-032_03.jpg,866,714,1378,1226,962,921,1154,1019,0,bonafide,0,data/processed/text_patch512/dev_val/digital_1/bonafide/d83f9d1e87d308212bd5.png,0.0001767873764038086
POST_HOC_NATIVE_TEXT_PATCH512_DIAGNOSTIC,10,dev_val,digital_1,5556cc62b25052d19761,turkiye-032_03,scan,dob,53,train/attack/digital_1/scan/turkiye-032_03.jpg,train/bonafide/scan/turkiye-032_03.jpg,634,571,1146,1083,819,789,961,865,0,attack,1,data/processed/text_patch512/dev_val/digital_1/attack/5556cc62b25052d19761.png,1.0
POST_HOC_NATIVE_TEXT_PATCH512_DIAGNOSTIC,10,dev_val,digital_1,5556cc62b25052d19761,turkiye-032_03,scan,dob,53,train/attack/digital_1/scan/turkiye-032_03.jpg,train/bonafide/scan/turkiye-032_03.jpg,634,571,1146,1083,819,789,961,865,0,bonafide,0,data/processed/text_patch512/dev_val/digital_1/bonafide/5556cc62b25052d19761.png,0.0039215087890625
POST_HOC_NATIVE_TEXT_PATCH512_DIAGNOSTIC,10,dev_val,digital_1,5d735d9eb597974b8ea9,turkiye-032_03,scan,doe,53,train/attack/digital_1/scan/turkiye-032_03.jpg,train/bonafide/scan/turkiye-032_03.jpg,627,740,1139,1252,812,1104,954,1180,0,attack,1,data/processed/text_patch512/dev_val/digital_1/attack/5d735d9eb597974b8ea9.png,1.0
POST_HOC_NATIVE_TEXT_PATCH512_DIAGNOSTIC,10,dev_val,digital_1,5d735d9eb597974b8ea9,turkiye-032_03,scan,doe,53,train/attack/digital_1/scan/turkiye-032_03.jpg,train/bonafide/scan/turkiye-032_03.jpg,627,740,1139,1252,812,1104,954,1180,0,bonafide,0,data/processed/text_patch512/dev_val/digital_1/bonafide/5d735d9eb597974b8ea9.png,0.006500244140625
POST_HOC_NATIVE_TEXT_PATCH512_DIAGNOSTIC,10,dev_val,digital_1,b1e195170d2644119152,turkiye-032_03,scan,name_other,53,train/attack/digital_1/scan/turkiye-032_03.jpg,train/bonafide/scan/turkiye-032_03.jpg,585,414,1097,926,677,633,813,708,0,attack,1,data/processed/text_patch512/dev_val/digital_1/attack/b1e195170d2644119152.png,1.0
POST_HOC_NATIVE_TEXT_PATCH512_DIAGNOSTIC,10,dev_val,digital_1,b1e195170d2644119152,turkiye-032_03,scan,name_other,53,train/attack/digital_1/scan/turkiye-032_03.jpg,train/bonafide/scan/turkiye-032_03.jpg,585,414,1097,926,677,633,813,708,0,bonafide,0,data/processed/text_patch512/dev_val/digital_1/bonafide/b1e195170d2644119152.png,0.00981903076171875
POST_HOC_NATIVE_TEXT_PATCH512_DIAGNOSTIC,10,dev_val,digital_2,3a0dfebf290b89232140,turkiye-032_03,huawei,dob,62,train/attack/digital_2/huawei/turkiye-032_03.jpg,train/bonafide/huawei/turkiye-032_03.jpg,1160,1064,1672,1576,1305,1258,1527,1381,0,attack,1,data/processed/text_patch512/dev_val/digital_2/attack/3a0dfebf290b89232140.png,1.0
POST_HOC_NATIVE_TEXT_PATCH512_DIAGNOSTIC,10,dev_val,digital_2,3a0dfebf290b89232140,turkiye-032_03,huawei,dob,62,train/attack/digital_2/huawei/turkiye-032_03.jpg,train/bonafide/huawei/turkiye-032_03.jpg,1160,1064,1672,1576,1305,1258,1527,1381,0,bonafide,0,data/processed/text_patch512/dev_val/digital_2/bonafide/3a0dfebf290b89232140.png,0.0294189453125
POST_HOC_NATIVE_TEXT_PATCH512_DIAGNOSTIC,10,dev_val,digital_2,b76bf627d83a8095efae,turkiye-032_03,huawei,doe,62,train/attack/digital_2/huawei/turkiye-032_03.jpg,train/bonafide/huawei/turkiye-032_03.jpg,1152,1467,1664,1979,1297,1756,1519,1881,0,attack,1,data/processed/text_patch512/dev_val/digital_2/attack/b76bf627d83a8095efae.png,1.0
POST_HOC_NATIVE_TEXT_PATCH512_DIAGNOSTIC,10,dev_val,digital_2,b76bf627d83a8095efae,turkiye-032_03,huawei,doe,62,train/attack/digital_2/huawei/turkiye-032_03.jpg,train/bonafide/huawei/turkiye-032_03.jpg,1152,1467,1664,1979,1297,1756,1519,1881,0,bonafide,0,data/processed/text_patch512/dev_val/digital_2/bonafide/b76bf627d83a8095efae.png,0.004528045654296875
POST_HOC_NATIVE_TEXT_PATCH512_DIAGNOSTIC,10,dev_val,digital_2,4e923d43c3258646c119,turkiye-032_03,huawei,name_other,62,train/attack/digital_2/huawei/turkiye-032_03.jpg,train/bonafide/huawei/turkiye-032_03.jpg,926,813,1438,1325,1075,1009,1289,1129,0,attack,1,data/processed/text_patch512/dev_val/digital_2/attack/4e923d43c3258646c119.png,1.0
POST_HOC_NATIVE_TEXT_PATCH512_DIAGNOSTIC,10,dev_val,digital_2,4e923d43c3258646c119,turkiye-032_03,huawei,name_other,62,train/attack/digital_2/huawei/turkiye-032_03.jpg,train/bonafide/huawei/turkiye-032_03.jpg,926,813,1438,1325,1075,1009,1289,1129,0,bonafide,0,data/processed/text_patch512/dev_val/digital_2/bonafide/4e923d43c3258646c119.png,0.07611083984375
POST_HOC_NATIVE_TEXT_PATCH512_DIAGNOSTIC,10,dev_val,digital_2,a5b7a007008de8bd9230,turkiye-032_03,iphone15pro,dob,55,train/attack/digital_2/iphone15pro/turkiye-032_03.jpg,train/bonafide/iphone15pro/turkiye-032_03.jpg,1016,933,1528,1445,1175,1141,1368,1237,0,attack,1,data/processed/text_patch512/dev_val/digital_2/attack/a5b7a007008de8bd9230.png,1.0
POST_HOC_NATIVE_TEXT_PATCH512_DIAGNOSTIC,10,dev_val,digital_2,a5b7a007008de8bd9230,turkiye-032_03,iphone15pro,dob,55,train/attack/digital_2/iphone15pro/turkiye-032_03.jpg,train/bonafide/iphone15pro/turkiye-032_03.jpg,1016,933,1528,1445,1175,1141,1368,1237,0,bonafide,0,data/processed/text_patch512/dev_val/digital_2/bonafide/a5b7a007008de8bd9230.png,0.020660400390625
POST_HOC_NATIVE_TEXT_PATCH512_DIAGNOSTIC,10,dev_val,digital_2,5b6ca6a3e35a983bf039,turkiye-032_03,iphone15pro,doe,55,train/attack/digital_2/iphone15pro/turkiye-032_03.jpg,train/bonafide/iphone15pro/turkiye-032_03.jpg,1024,1282,1536,1794,1183,1589,1376,1687,0,attack,1,data/processed/text_patch512/dev_val/digital_2/attack/5b6ca6a3e35a983bf039.png,1.0
POST_HOC_NATIVE_TEXT_PATCH512_DIAGNOSTIC,10,dev_val,digital_2,5b6ca6a3e35a983bf039,turkiye-032_03,iphone15pro,doe,55,train/attack/digital_2/iphone15pro/turkiye-032_03.jpg,train/bonafide/iphone15pro/turkiye-032_03.jpg,1024,1282,1536,1794,1183,1589,1376,1687,0,bonafide,0,data/processed/text_patch512/dev_val/digital_2/bonafide/5b6ca6a3e35a983bf039.png,0.0008215904235839844
POST_HOC_NATIVE_TEXT_PATCH512_DIAGNOSTIC,10,dev_val,digital_2,cfe59f93860d58408a96,turkiye-032_03,iphone15pro,name_other,55,train/attack/digital_2/iphone15pro/turkiye-032_03.jpg,train/bonafide/iphone15pro/turkiye-032_03.jpg,866,714,1378,1226,962,921,1154,1019,0,attack,1,data/processed/text_patch512/dev_val/digital_2/attack/cfe59f93860d58408a96.png,1.0
POST_HOC_NATIVE_TEXT_PATCH512_DIAGNOSTIC,10,dev_val,digital_2,cfe59f93860d58408a96,turkiye-032_03,iphone15pro,name_other,55,train/attack/digital_2/iphone15pro/turkiye-032_03.jpg,train/bonafide/iphone15pro/turkiye-032_03.jpg,866,714,1378,1226,962,921,1154,1019,0,bonafide,0,data/processed/text_patch512/dev_val/digital_2/bonafide/cfe59f93860d58408a96.png,0.0001767873764038086
POST_HOC_NATIVE_TEXT_PATCH512_DIAGNOSTIC,10,dev_val,digital_2,c96bf302eaa2b629042f,turkiye-032_03,scan,dob,53,train/attack/digital_2/scan/turkiye-032_03.jpg,train/bonafide/scan/turkiye-032_03.jpg,634,571,1146,1083,819,789,961,865,0,attack,1,data/processed/text_patch512/dev_val/digital_2/attack/c96bf302eaa2b629042f.png,1.0
POST_HOC_NATIVE_TEXT_PATCH512_DIAGNOSTIC,10,dev_val,digital_2,c96bf302eaa2b629042f,turkiye-032_03,scan,dob,53,train/attack/digital_2/scan/turkiye-032_03.jpg,train/bonafide/scan/turkiye-032_03.jpg,634,571,1146,1083,819,789,961,865,0,bonafide,0,data/processed/text_patch512/dev_val/digital_2/bonafide/c96bf302eaa2b629042f.png,0.0039215087890625
POST_HOC_NATIVE_TEXT_PATCH512_DIAGNOSTIC,10,dev_val,digital_2,6d5dcb8c05f45e59f082,turkiye-032_03,scan,doe,53,train/attack/digital_2/scan/turkiye-032_03.jpg,train/bonafide/scan/turkiye-032_03.jpg,627,740,1139,1252,812,1104,954,1180,0,attack,1,data/processed/text_patch512/dev_val/digital_2/attack/6d5dcb8c05f45e59f082.png,1.0
POST_HOC_NATIVE_TEXT_PATCH512_DIAGNOSTIC,10,dev_val,digital_2,6d5dcb8c05f45e59f082,turkiye-032_03,scan,doe,53,train/attack/digital_2/scan/turkiye-032_03.jpg,train/bonafide/scan/turkiye-032_03.jpg,627,740,1139,1252,812,1104,954,1180,0,bonafide,0,data/processed/text_patch512/dev_val/digital_2/bonafide/6d5dcb8c05f45e59f082.png,0.006500244140625
POST_HOC_NATIVE_TEXT_PATCH512_DIAGNOSTIC,10,dev_val,digital_2,da0e838e14eb55195d78,turkiye-032_03,scan,name_other,53,train/attack/digital_2/scan/turkiye-032_03.jpg,train/bonafide/scan/turkiye-032_03.jpg,585,414,1097,926,677,633,813,708,0,attack,1,data/processed/text_patch512/dev_val/digital_2/attack/da0e838e14eb55195d78.png,1.0
POST_HOC_NATIVE_TEXT_PATCH512_DIAGNOSTIC,10,dev_val,digital_2,da0e838e14eb55195d78,turkiye-032_03,scan,name_other,53,train/attack/digital_2/scan/turkiye-032_03.jpg,train/bonafide/scan/turkiye-032_03.jpg,585,414,1097,926,677,633,813,708,0,bonafide,0,data/processed/text_patch512/dev_val/digital_2/bonafide/da0e838e14eb55195d78.png,0.00981903076171875
POST_HOC_NATIVE_TEXT_PATCH512_DIAGNOSTIC,10,dev_val,digital_1,9828d6d0469b88b940ab,turkiye-101_03,huawei,dob,57,train/attack/digital_1/huawei/turkiye-101_03.jpg,train/bonafide/huawei/turkiye-101_03.jpg,1176,1066,1688,1578,1319,1260,1544,1383,0,attack,1,data/processed/text_patch512/dev_val/digital_1/attack/9828d6d0469b88b940ab.png,1.0
POST_HOC_NATIVE_TEXT_PATCH512_DIAGNOSTIC,10,dev_val,digital_1,9828d6d0469b88b940ab,turkiye-101_03,huawei,dob,57,train/attack/digital_1/huawei/turkiye-101_03.jpg,train/bonafide/huawei/turkiye-101_03.jpg,1176,1066,1688,1578,1319,1260,1544,1383,0,bonafide,0,data/processed/text_patch512/dev_val/digital_1/bonafide/9828d6d0469b88b940ab.png,7.05718994140625e-05
POST_HOC_NATIVE_TEXT_PATCH512_DIAGNOSTIC,10,dev_val,digital_1,bedfe9a795a17cd38352,turkiye-101_03,huawei,doe,57,train/attack/digital_1/huawei/turkiye-101_03.jpg,train/bonafide/huawei/turkiye-101_03.jpg,1164,1470,1676,1982,1308,1763,1533,1889,0,attack,1,data/processed/text_patch512/dev_val/digital_1/attack/bedfe9a795a17cd38352.png,1.0
POST_HOC_NATIVE_TEXT_PATCH512_DIAGNOSTIC,10,dev_val,digital_1,bedfe9a795a17cd38352,turkiye-101_03,huawei,doe,57,train/attack/digital_1/huawei/turkiye-101_03.jpg,train/bonafide/huawei/turkiye-101_03.jpg,1164,1470,1676,1982,1308,1763,1533,1889,0,bonafide,0,data/processed/text_patch512/dev_val/digital_1/bonafide/bedfe9a795a17cd38352.png,0.0136260986328125
POST_HOC_NATIVE_TEXT_PATCH512_DIAGNOSTIC,10,dev_val,digital_1,b9743fc9087697bab17b,turkiye-101_03,huawei,name,57,train/attack/digital_1/huawei/turkiye-101_03.jpg,train/bonafide/huawei/turkiye-101_03.jpg,931,816,1443,1328,1095,1012,1279,1132,0,attack,1,data/processed/text_patch512/dev_val/digital_1/attack/b9743fc9087697bab17b.png,1.0
POST_HOC_NATIVE_TEXT_PATCH512_DIAGNOSTIC,10,dev_val,digital_1,b9743fc9087697bab17b,turkiye-101_03,huawei,name,57,train/attack/digital_1/huawei/turkiye-101_03.jpg,train/bonafide/huawei/turkiye-101_03.jpg,931,816,1443,1328,1095,1012,1279,1132,0,bonafide,0,data/processed/text_patch512/dev_val/digital_1/bonafide/b9743fc9087697bab17b.png,0.007080078125
POST_HOC_NATIVE_TEXT_PATCH512_DIAGNOSTIC,10,dev_val,digital_1,64d12bb835a5c29c7051,turkiye-101_03,iphone15pro,dob,52,train/attack/digital_1/iphone15pro/turkiye-101_03.jpg,train/bonafide/iphone15pro/turkiye-101_03.jpg,1024,938,1536,1450,1183,1146,1378,1241,0,attack,1,data/processed/text_patch512/dev_val/digital_1/attack/64d12bb835a5c29c7051.png,1.0
POST_HOC_NATIVE_TEXT_PATCH512_DIAGNOSTIC,10,dev_val,digital_1,64d12bb835a5c29c7051,turkiye-101_03,iphone15pro,dob,52,train/attack/digital_1/iphone15pro/turkiye-101_03.jpg,train/bonafide/iphone15pro/turkiye-101_03.jpg,1024,938,1536,1450,1183,1146,1378,1241,0,bonafide,0,data/processed/text_patch512/dev_val/digital_1/bonafide/64d12bb835a5c29c7051.png,0.002178192138671875
POST_HOC_NATIVE_TEXT_PATCH512_DIAGNOSTIC,10,dev_val,digital_1,d5c9be908ee975913c63,turkiye-101_03,iphone15pro,doe,52,train/attack/digital_1/iphone15pro/turkiye-101_03.jpg,train/bonafide/iphone15pro/turkiye-101_03.jpg,1034,1278,1546,1790,1191,1598,1388,1693,0,attack,1,data/processed/text_patch512/dev_val/digital_1/attack/d5c9be908ee975913c63.png,1.0
POST_HOC_NATIVE_TEXT_PATCH512_DIAGNOSTIC,10,dev_val,digital_1,d5c9be908ee975913c63,turkiye-101_03,iphone15pro,doe,52,train/attack/digital_1/iphone15pro/turkiye-101_03.jpg,train/bonafide/iphone15pro/turkiye-101_03.jpg,1034,1278,1546,1790,1191,1598,1388,1693,0,bonafide,0,data/processed/text_patch512/dev_val/digital_1/bonafide/d5c9be908ee975913c63.png,0.0006322860717773438
POST_HOC_NATIVE_TEXT_PATCH512_DIAGNOSTIC,10,dev_val,digital_1,db6a429b880b75a15e7b,turkiye-101_03,iphone15pro,name,52,train/attack/digital_1/iphone15pro/turkiye-101_03.jpg,train/bonafide/iphone15pro/turkiye-101_03.jpg,863,718,1375,1230,972,924,1138,1025,0,attack,1,data/processed/text_patch512/dev_val/digital_1/attack/db6a429b880b75a15e7b.png,1.0
POST_HOC_NATIVE_TEXT_PATCH512_DIAGNOSTIC,10,dev_val,digital_1,db6a429b880b75a15e7b,turkiye-101_03,iphone15pro,name,52,train/attack/digital_1/iphone15pro/turkiye-101_03.jpg,train/bonafide/iphone15pro/turkiye-101_03.jpg,863,718,1375,1230,972,924,1138,1025,0,bonafide,0,data/processed/text_patch512/dev_val/digital_1/bonafide/db6a429b880b75a15e7b.png,0.0010862350463867188
POST_HOC_NATIVE_TEXT_PATCH512_DIAGNOSTIC,10,dev_val,digital_1,98e5c0fca9e3676d9d41,turkiye-101_03,scan,dob,76,train/attack/digital_1/scan/turkiye-101_03.jpg,train/bonafide/scan/turkiye-101_03.jpg,636,578,1148,1090,822,796,962,871,0,attack,1,data/processed/text_patch512/dev_val/digital_1/attack/98e5c0fca9e3676d9d41.png,1.0
POST_HOC_NATIVE_TEXT_PATCH512_DIAGNOSTIC,10,dev_val,digital_1,98e5c0fca9e3676d9d41,turkiye-101_03,scan,dob,76,train/attack/digital_1/scan/turkiye-101_03.jpg,train/bonafide/scan/turkiye-101_03.jpg,636,578,1148,1090,822,796,962,871,0,bonafide,0,data/processed/text_patch512/dev_val/digital_1/bonafide/98e5c0fca9e3676d9d41.png,0.0002090930938720703
POST_HOC_NATIVE_TEXT_PATCH512_DIAGNOSTIC,10,dev_val,digital_1,812f087b207c7c265c7c,turkiye-101_03,scan,doe,76,train/attack/digital_1/scan/turkiye-101_03.jpg,train/bonafide/scan/turkiye-101_03.jpg,631,740,1143,1252,817,1109,957,1184,0,attack,1,data/processed/text_patch512/dev_val/digital_1/attack/812f087b207c7c265c7c.png,1.0
POST_HOC_NATIVE_TEXT_PATCH512_DIAGNOSTIC,10,dev_val,digital_1,812f087b207c7c265c7c,turkiye-101_03,scan,doe,76,train/attack/digital_1/scan/turkiye-101_03.jpg,train/bonafide/scan/turkiye-101_03.jpg,631,740,1143,1252,817,1109,957,1184,0,bonafide,0,data/processed/text_patch512/dev_val/digital_1/bonafide/812f087b207c7c265c7c.png,0.00010311603546142578
POST_HOC_NATIVE_TEXT_PATCH512_DIAGNOSTIC,10,dev_val,digital_1,267cdee3ce37675c06c7,turkiye-101_03,scan,name,76,train/attack/digital_1/scan/turkiye-101_03.jpg,train/bonafide/scan/turkiye-101_03.jpg,582,420,1094,932,684,640,799,713,0,attack,1,data/processed/text_patch512/dev_val/digital_1/attack/267cdee3ce37675c06c7.png,1.0
POST_HOC_NATIVE_TEXT_PATCH512_DIAGNOSTIC,10,dev_val,digital_1,267cdee3ce37675c06c7,turkiye-101_03,scan,name,76,train/attack/digital_1/scan/turkiye-101_03.jpg,train/bonafide/scan/turkiye-101_03.jpg,582,420,1094,932,684,640,799,713,0,bonafide,0,data/processed/text_patch512/dev_val/digital_1/bonafide/267cdee3ce37675c06c7.png,0.001247406005859375
POST_HOC_NATIVE_TEXT_PATCH512_DIAGNOSTIC,10,dev_val,digital_2,fc35c901ee6583f7dc19,turkiye-101_03,huawei,dob,57,train/attack/digital_2/huawei/turkiye-101_03.jpg,train/bonafide/huawei/turkiye-101_03.jpg,1176,1066,1688,1578,1319,1260,1544,1383,0,attack,1,data/processed/text_patch512/dev_val/digital_2/attack/fc35c901ee6583f7dc19.png,1.0
POST_HOC_NATIVE_TEXT_PATCH512_DIAGNOSTIC,10,dev_val,digital_2,fc35c901ee6583f7dc19,turkiye-101_03,huawei,dob,57,train/attack/digital_2/huawei/turkiye-101_03.jpg,train/bonafide/huawei/turkiye-101_03.jpg,1176,1066,1688,1578,1319,1260,1544,1383,0,bonafide,0,data/processed/text_patch512/dev_val/digital_2/bonafide/fc35c901ee6583f7dc19.png,7.05718994140625e-05
POST_HOC_NATIVE_TEXT_PATCH512_DIAGNOSTIC,10,dev_val,digital_2,2883566e2c4959b1b782,turkiye-101_03,huawei,doe,57,train/attack/digital_2/huawei/turkiye-101_03.jpg,train/bonafide/huawei/turkiye-101_03.jpg,1164,1470,1676,1982,1308,1763,1533,1889,0,attack,1,data/processed/text_patch512/dev_val/digital_2/attack/2883566e2c4959b1b782.png,1.0
POST_HOC_NATIVE_TEXT_PATCH512_DIAGNOSTIC,10,dev_val,digital_2,2883566e2c4959b1b782,turkiye-101_03,huawei,doe,57,train/attack/digital_2/huawei/turkiye-101_03.jpg,train/bonafide/huawei/turkiye-101_03.jpg,1164,1470,1676,1982,1308,1763,1533,1889,0,bonafide,0,data/processed/text_patch512/dev_val/digital_2/bonafide/2883566e2c4959b1b782.png,0.0136260986328125
POST_HOC_NATIVE_TEXT_PATCH512_DIAGNOSTIC,10,dev_val,digital_2,fd9a752b8bbcc59fbda9,turkiye-101_03,huawei,name,57,train/attack/digital_2/huawei/turkiye-101_03.jpg,train/bonafide/huawei/turkiye-101_03.jpg,931,816,1443,1328,1095,1012,1279,1132,0,attack,1,data/processed/text_patch512/dev_val/digital_2/attack/fd9a752b8bbcc59fbda9.png,1.0
POST_HOC_NATIVE_TEXT_PATCH512_DIAGNOSTIC,10,dev_val,digital_2,fd9a752b8bbcc59fbda9,turkiye-101_03,huawei,name,57,train/attack/digital_2/huawei/turkiye-101_03.jpg,train/bonafide/huawei/turkiye-101_03.jpg,931,816,1443,1328,1095,1012,1279,1132,0,bonafide,0,data/processed/text_patch512/dev_val/digital_2/bonafide/fd9a752b8bbcc59fbda9.png,0.007080078125
POST_HOC_NATIVE_TEXT_PATCH512_DIAGNOSTIC,10,dev_val,digital_2,2e10183f100031a1829f,turkiye-101_03,iphone15pro,dob,52,train/attack/digital_2/iphone15pro/turkiye-101_03.jpg,train/bonafide/iphone15pro/turkiye-101_03.jpg,1024,938,1536,1450,1183,1146,1378,1241,0,attack,1,data/processed/text_patch512/dev_val/digital_2/attack/2e10183f100031a1829f.png,1.0
POST_HOC_NATIVE_TEXT_PATCH512_DIAGNOSTIC,10,dev_val,digital_2,2e10183f100031a1829f,turkiye-101_03,iphone15pro,dob,52,train/attack/digital_2/iphone15pro/turkiye-101_03.jpg,train/bonafide/iphone15pro/turkiye-101_03.jpg,1024,938,1536,1450,1183,1146,1378,1241,0,bonafide,0,data/processed/text_patch512/dev_val/digital_2/bonafide/2e10183f100031a1829f.png,0.002178192138671875
POST_HOC_NATIVE_TEXT_PATCH512_DIAGNOSTIC,10,dev_val,digital_2,c11e5c5f576158bf428e,turkiye-101_03,iphone15pro,doe,52,train/attack/digital_2/iphone15pro/turkiye-101_03.jpg,train/bonafide/iphone15pro/turkiye-101_03.jpg,1034,1278,1546,1790,1191,1598,1388,1693,0,attack,1,data/processed/text_patch512/dev_val/digital_2/attack/c11e5c5f576158bf428e.png,1.0
POST_HOC_NATIVE_TEXT_PATCH512_DIAGNOSTIC,10,dev_val,digital_2,c11e5c5f576158bf428e,turkiye-101_03,iphone15pro,doe,52,train/attack/digital_2/iphone15pro/turkiye-101_03.jpg,train/bonafide/iphone15pro/turkiye-101_03.jpg,1034,1278,1546,1790,1191,1598,1388,1693,0,bonafide,0,data/processed/text_patch512/dev_val/digital_2/bonafide/c11e5c5f576158bf428e.png,0.0006322860717773438
POST_HOC_NATIVE_TEXT_PATCH512_DIAGNOSTIC,10,dev_val,digital_2,0c8e37b2e725b534391d,turkiye-101_03,iphone15pro,name,52,train/attack/digital_2/iphone15pro/turkiye-101_03.jpg,train/bonafide/iphone15pro/turkiye-101_03.jpg,863,718,1375,1230,972,924,1138,1025,0,attack,1,data/processed/text_patch512/dev_val/digital_2/attack/0c8e37b2e725b534391d.png,1.0
POST_HOC_NATIVE_TEXT_PATCH512_DIAGNOSTIC,10,dev_val,digital_2,0c8e37b2e725b534391d,turkiye-101_03,iphone15pro,name,52,train/attack/digital_2/iphone15pro/turkiye-101_03.jpg,train/bonafide/iphone15pro/turkiye-101_03.jpg,863,718,1375,1230,972,924,1138,1025,0,bonafide,0,data/processed/text_patch512/dev_val/digital_2/bonafide/0c8e37b2e725b534391d.png,0.0010862350463867188
POST_HOC_NATIVE_TEXT_PATCH512_DIAGNOSTIC,10,dev_val,digital_2,037fdb785a655197a54c,turkiye-101_03,scan,dob,76,train/attack/digital_2/scan/turkiye-101_03.jpg,train/bonafide/scan/turkiye-101_03.jpg,636,578,1148,1090,822,796,962,871,0,attack,1,data/processed/text_patch512/dev_val/digital_2/attack/037fdb785a655197a54c.png,1.0
POST_HOC_NATIVE_TEXT_PATCH512_DIAGNOSTIC,10,dev_val,digital_2,037fdb785a655197a54c,turkiye-101_03,scan,dob,76,train/attack/digital_2/scan/turkiye-101_03.jpg,train/bonafide/scan/turkiye-101_03.jpg,636,578,1148,1090,822,796,962,871,0,bonafide,0,data/processed/text_patch512/dev_val/digital_2/bonafide/037fdb785a655197a54c.png,0.0002090930938720703
POST_HOC_NATIVE_TEXT_PATCH512_DIAGNOSTIC,10,dev_val,digital_2,998f000b62f99da57d89,turkiye-101_03,scan,doe,76,train/attack/digital_2/scan/turkiye-101_03.jpg,train/bonafide/scan/turkiye-101_03.jpg,631,740,1143,1252,817,1109,957,1184,0,attack,1,data/processed/text_patch512/dev_val/digital_2/attack/998f000b62f99da57d89.png,1.0
POST_HOC_NATIVE_TEXT_PATCH512_DIAGNOSTIC,10,dev_val,digital_2,998f000b62f99da57d89,turkiye-101_03,scan,doe,76,train/attack/digital_2/scan/turkiye-101_03.jpg,train/bonafide/scan/turkiye-101_03.jpg,631,740,1143,1252,817,1109,957,1184,0,bonafide,0,data/processed/text_patch512/dev_val/digital_2/bonafide/998f000b62f99da57d89.png,0.00010311603546142578
POST_HOC_NATIVE_TEXT_PATCH512_DIAGNOSTIC,10,dev_val,digital_2,17ccd5746e4654f4506f,turkiye-101_03,scan,name,76,train/attack/digital_2/scan/turkiye-101_03.jpg,train/bonafide/scan/turkiye-101_03.jpg,582,420,1094,932,684,640,799,713,0,attack,1,data/processed/text_patch512/dev_val/digital_2/attack/17ccd5746e4654f4506f.png,1.0
POST_HOC_NATIVE_TEXT_PATCH512_DIAGNOSTIC,10,dev_val,digital_2,17ccd5746e4654f4506f,turkiye-101_03,scan,name,76,train/attack/digital_2/scan/turkiye-101_03.jpg,train/bonafide/scan/turkiye-101_03.jpg,582,420,1094,932,684,640,799,713,0,bonafide,0,data/processed/text_patch512/dev_val/digital_2/bonafide/17ccd5746e4654f4506f.png,0.001247406005859375
POST_HOC_NATIVE_TEXT_PATCH512_DIAGNOSTIC,10,dev_val,digital_1,d4f26f005d43ee0fb7d3,turkiye-104_03,huawei,dob,74,train/attack/digital_1/huawei/turkiye-104_03.jpg,train/bonafide/huawei/turkiye-104_03.jpg,1170,1064,1682,1576,1314,1259,1537,1382,0,attack,1,data/processed/text_patch512/dev_val/digital_1/attack/d4f26f005d43ee0fb7d3.png,1.0
POST_HOC_NATIVE_TEXT_PATCH512_DIAGNOSTIC,10,dev_val,digital_1,d4f26f005d43ee0fb7d3,turkiye-104_03,huawei,dob,74,train/attack/digital_1/huawei/turkiye-104_03.jpg,train/bonafide/huawei/turkiye-104_03.jpg,1170,1064,1682,1576,1314,1259,1537,1382,0,bonafide,0,data/processed/text_patch512/dev_val/digital_1/bonafide/d4f26f005d43ee0fb7d3.png,7.003545761108398e-05
POST_HOC_NATIVE_TEXT_PATCH512_DIAGNOSTIC,10,dev_val,digital_1,ce8905498ae10d9a600d,turkiye-104_03,huawei,doe,74,train/attack/digital_1/huawei/turkiye-104_03.jpg,train/bonafide/huawei/turkiye-104_03.jpg,1158,1469,1670,1981,1302,1761,1525,1884,0,attack,1,data/processed/text_patch512/dev_val/digital_1/attack/ce8905498ae10d9a600d.png,1.0
POST_HOC_NATIVE_TEXT_PATCH512_DIAGNOSTIC,10,dev_val,digital_1,ce8905498ae10d9a600d,turkiye-104_03,huawei,doe,74,train/attack/digital_1/huawei/turkiye-104_03.jpg,train/bonafide/huawei/turkiye-104_03.jpg,1158,1469,1670,1981,1302,1761,1525,1884,0,bonafide,0,data/processed/text_patch512/dev_val/digital_1/bonafide/ce8905498ae10d9a600d.png,2.008676528930664e-05
POST_HOC_NATIVE_TEXT_PATCH512_DIAGNOSTIC,10,dev_val,digital_1,c02d3a006086816ae8c5,turkiye-104_03,huawei,name,74,train/attack/digital_1/huawei/turkiye-104_03.jpg,train/bonafide/huawei/turkiye-104_03.jpg,940,816,1452,1328,1085,1012,1307,1132,0,attack,1,data/processed/text_patch512/dev_val/digital_1/attack/c02d3a006086816ae8c5.png,1.0
POST_HOC_NATIVE_TEXT_PATCH512_DIAGNOSTIC,10,dev_val,digital_1,c02d3a006086816ae8c5,turkiye-104_03,huawei,name,74,train/attack/digital_1/huawei/turkiye-104_03.jpg,train/bonafide/huawei/turkiye-104_03.jpg,940,816,1452,1328,1085,1012,1307,1132,0,bonafide,0,data/processed/text_patch512/dev_val/digital_1/bonafide/c02d3a006086816ae8c5.png,0.00359344482421875
POST_HOC_NATIVE_TEXT_PATCH512_DIAGNOSTIC,10,dev_val,digital_1,45f5d40d02ca9defa988,turkiye-104_03,iphone15pro,dob,66,train/attack/digital_1/iphone15pro/turkiye-104_03.jpg,train/bonafide/iphone15pro/turkiye-104_03.jpg,1025,934,1537,1446,1183,1141,1379,1239,0,attack,1,data/processed/text_patch512/dev_val/digital_1/attack/45f5d40d02ca9defa988.png,1.0
POST_HOC_NATIVE_TEXT_PATCH512_DIAGNOSTIC,10,dev_val,digital_1,45f5d40d02ca9defa988,turkiye-104_03,iphone15pro,dob,66,train/attack/digital_1/iphone15pro/turkiye-104_03.jpg,train/bonafide/iphone15pro/turkiye-104_03.jpg,1025,934,1537,1446,1183,1141,1379,1239,0,bonafide,0,data/processed/text_patch512/dev_val/digital_1/bonafide/45f5d40d02ca9defa988.png,0.0108184814453125
POST_HOC_NATIVE_TEXT_PATCH512_DIAGNOSTIC,10,dev_val,digital_1,04749621a4548796a20c,turkiye-104_03,iphone15pro,doe,66,train/attack/digital_1/iphone15pro/turkiye-104_03.jpg,train/bonafide/iphone15pro/turkiye-104_03.jpg,1033,1275,1545,1787,1191,1594,1387,1689,0,attack,1,data/processed/text_patch512/dev_val/digital_1/attack/04749621a4548796a20c.png,1.0
POST_HOC_NATIVE_TEXT_PATCH512_DIAGNOSTIC,10,dev_val,digital_1,04749621a4548796a20c,turkiye-104_03,iphone15pro,doe,66,train/attack/digital_1/iphone15pro/turkiye-104_03.jpg,train/bonafide/iphone15pro/turkiye-104_03.jpg,1033,1275,1545,1787,1191,1594,1387,1689,0,bonafide,0,data/processed/text_patch512/dev_val/digital_1/bonafide/04749621a4548796a20c.png,0.0004494190216064453
POST_HOC_NATIVE_TEXT_PATCH512_DIAGNOSTIC,10,dev_val,digital_1,9e02a628afed719bdb37,turkiye-104_03,iphone15pro,name,66,train/attack/digital_1/iphone15pro/turkiye-104_03.jpg,train/bonafide/iphone15pro/turkiye-104_03.jpg,874,713,1386,1225,968,919,1165,1019,0,attack,1,data/processed/text_patch512/dev_val/digital_1/attack/9e02a628afed719bdb37.png,1.0
POST_HOC_NATIVE_TEXT_PATCH512_DIAGNOSTIC,10,dev_val,digital_1,9e02a628afed719bdb37,turkiye-104_03,iphone15pro,name,66,train/attack/digital_1/iphone15pro/turkiye-104_03.jpg,train/bonafide/iphone15pro/turkiye-104_03.jpg,874,713,1386,1225,968,919,1165,1019,0,bonafide,0,data/processed/text_patch512/dev_val/digital_1/bonafide/9e02a628afed719bdb37.png,0.0016584396362304688
POST_HOC_NATIVE_TEXT_PATCH512_DIAGNOSTIC,10,dev_val,digital_1,a982f792fea845390993,turkiye-104_03,scan,dob,57,train/attack/digital_1/scan/turkiye-104_03.jpg,train/bonafide/scan/turkiye-104_03.jpg,650,576,1162,1088,837,799,974,866,0,attack,1,data/processed/text_patch512/dev_val/digital_1/attack/a982f792fea845390993.png,1.0
POST_HOC_NATIVE_TEXT_PATCH512_DIAGNOSTIC,10,dev_val,digital_1,a982f792fea845390993,turkiye-104_03,scan,dob,57,train/attack/digital_1/scan/turkiye-104_03.jpg,train/bonafide/scan/turkiye-104_03.jpg,650,576,1162,1088,837,799,974,866,0,bonafide,0,data/processed/text_patch512/dev_val/digital_1/bonafide/a982f792fea845390993.png,0.0011606216430664062
POST_HOC_NATIVE_TEXT_PATCH512_DIAGNOSTIC,10,dev_val,digital_1,a7718a86ca8c50ab94eb,turkiye-104_03,scan,doe,57,train/attack/digital_1/scan/turkiye-104_03.jpg,train/bonafide/scan/turkiye-104_03.jpg,654,738,1166,1250,842,1114,979,1181,0,attack,1,data/processed/text_patch512/dev_val/digital_1/attack/a7718a86ca8c50ab94eb.png,1.0
POST_HOC_NATIVE_TEXT_PATCH512_DIAGNOSTIC,10,dev_val,digital_1,a7718a86ca8c50ab94eb,turkiye-104_03,scan,doe,57,train/attack/digital_1/scan/turkiye-104_03.jpg,train/bonafide/scan/turkiye-104_03.jpg,654,738,1166,1250,842,1114,979,1181,0,bonafide,0,data/processed/text_patch512/dev_val/digital_1/bonafide/a7718a86ca8c50ab94eb.png,0.00013399124145507812
POST_HOC_NATIVE_TEXT_PATCH512_DIAGNOSTIC,10,dev_val,digital_1,066d2f24173e4518ea09,turkiye-104_03,scan,name,57,train/attack/digital_1/scan/turkiye-104_03.jpg,train/bonafide/scan/turkiye-104_03.jpg,626,422,1138,934,684,644,824,713,0,attack,1,data/processed/text_patch512/dev_val/digital_1/attack/066d2f24173e4518ea09.png,1.0
POST_HOC_NATIVE_TEXT_PATCH512_DIAGNOSTIC,10,dev_val,digital_1,066d2f24173e4518ea09,turkiye-104_03,scan,name,57,train/attack/digital_1/scan/turkiye-104_03.jpg,train/bonafide/scan/turkiye-104_03.jpg,626,422,1138,934,684,644,824,713,0,bonafide,0,data/processed/text_patch512/dev_val/digital_1/bonafide/066d2f24173e4518ea09.png,0.0078887939453125
POST_HOC_NATIVE_TEXT_PATCH512_DIAGNOSTIC,10,dev_val,digital_2,959d2d57d38df1afff60,turkiye-104_03,huawei,dob,74,train/attack/digital_2/huawei/turkiye-104_03.jpg,train/bonafide/huawei/turkiye-104_03.jpg,1170,1064,1682,1576,1314,1259,1537,1382,0,attack,1,data/processed/text_patch512/dev_val/digital_2/attack/959d2d57d38df1afff60.png,1.0
POST_HOC_NATIVE_TEXT_PATCH512_DIAGNOSTIC,10,dev_val,digital_2,959d2d57d38df1afff60,turkiye-104_03,huawei,dob,74,train/attack/digital_2/huawei/turkiye-104_03.jpg,train/bonafide/huawei/turkiye-104_03.jpg,1170,1064,1682,1576,1314,1259,1537,1382,0,bonafide,0,data/processed/text_patch512/dev_val/digital_2/bonafide/959d2d57d38df1afff60.png,7.003545761108398e-05
POST_HOC_NATIVE_TEXT_PATCH512_DIAGNOSTIC,10,dev_val,digital_2,f0d558ba3324226c64ed,turkiye-104_03,huawei,doe,74,train/attack/digital_2/huawei/turkiye-104_03.jpg,train/bonafide/huawei/turkiye-104_03.jpg,1158,1469,1670,1981,1302,1761,1525,1884,0,attack,1,data/processed/text_patch512/dev_val/digital_2/attack/f0d558ba3324226c64ed.png,1.0
POST_HOC_NATIVE_TEXT_PATCH512_DIAGNOSTIC,10,dev_val,digital_2,f0d558ba3324226c64ed,turkiye-104_03,huawei,doe,74,train/attack/digital_2/huawei/turkiye-104_03.jpg,train/bonafide/huawei/turkiye-104_03.jpg,1158,1469,1670,1981,1302,1761,1525,1884,0,bonafide,0,data/processed/text_patch512/dev_val/digital_2/bonafide/f0d558ba3324226c64ed.png,2.008676528930664e-05
POST_HOC_NATIVE_TEXT_PATCH512_DIAGNOSTIC,10,dev_val,digital_2,55115737a19c12d65dfd,turkiye-104_03,huawei,name,74,train/attack/digital_2/huawei/turkiye-104_03.jpg,train/bonafide/huawei/turkiye-104_03.jpg,940,816,1452,1328,1085,1012,1307,1132,0,attack,1,data/processed/text_patch512/dev_val/digital_2/attack/55115737a19c12d65dfd.png,1.0
POST_HOC_NATIVE_TEXT_PATCH512_DIAGNOSTIC,10,dev_val,digital_2,55115737a19c12d65dfd,turkiye-104_03,huawei,name,74,train/attack/digital_2/huawei/turkiye-104_03.jpg,train/bonafide/huawei/turkiye-104_03.jpg,940,816,1452,1328,1085,1012,1307,1132,0,bonafide,0,data/processed/text_patch512/dev_val/digital_2/bonafide/55115737a19c12d65dfd.png,0.00359344482421875
POST_HOC_NATIVE_TEXT_PATCH512_DIAGNOSTIC,10,dev_val,digital_2,591dcee5323f2350ed77,turkiye-104_03,iphone15pro,dob,66,train/attack/digital_2/iphone15pro/turkiye-104_03.jpg,train/bonafide/iphone15pro/turkiye-104_03.jpg,1025,934,1537,1446,1183,1141,1379,1239,0,attack,1,data/processed/text_patch512/dev_val/digital_2/attack/591dcee5323f2350ed77.png,1.0
POST_HOC_NATIVE_TEXT_PATCH512_DIAGNOSTIC,10,dev_val,digital_2,591dcee5323f2350ed77,turkiye-104_03,iphone15pro,dob,66,train/attack/digital_2/iphone15pro/turkiye-104_03.jpg,train/bonafide/iphone15pro/turkiye-104_03.jpg,1025,934,1537,1446,1183,1141,1379,1239,0,bonafide,0,data/processed/text_patch512/dev_val/digital_2/bonafide/591dcee5323f2350ed77.png,0.0108184814453125
POST_HOC_NATIVE_TEXT_PATCH512_DIAGNOSTIC,10,dev_val,digital_2,40effbd6fa5caa86f3f6,turkiye-104_03,iphone15pro,doe,66,train/attack/digital_2/iphone15pro/turkiye-104_03.jpg,train/bonafide/iphone15pro/turkiye-104_03.jpg,1033,1275,1545,1787,1191,1594,1387,1689,0,attack,1,data/processed/text_patch512/dev_val/digital_2/attack/40effbd6fa5caa86f3f6.png,1.0
POST_HOC_NATIVE_TEXT_PATCH512_DIAGNOSTIC,10,dev_val,digital_2,40effbd6fa5caa86f3f6,turkiye-104_03,iphone15pro,doe,66,train/attack/digital_2/iphone15pro/turkiye-104_03.jpg,train/bonafide/iphone15pro/turkiye-104_03.jpg,1033,1275,1545,1787,1191,1594,1387,1689,0,bonafide,0,data/processed/text_patch512/dev_val/digital_2/bonafide/40effbd6fa5caa86f3f6.png,0.0004494190216064453
POST_HOC_NATIVE_TEXT_PATCH512_DIAGNOSTIC,10,dev_val,digital_2,3754792677fee537a10b,turkiye-104_03,iphone15pro,name,66,train/attack/digital_2/iphone15pro/turkiye-104_03.jpg,train/bonafide/iphone15pro/turkiye-104_03.jpg,874,713,1386,1225,968,919,1165,1019,0,attack,1,data/processed/text_patch512/dev_val/digital_2/attack/3754792677fee537a10b.png,1.0
POST_HOC_NATIVE_TEXT_PATCH512_DIAGNOSTIC,10,dev_val,digital_2,3754792677fee537a10b,turkiye-104_03,iphone15pro,name,66,train/attack/digital_2/iphone15pro/turkiye-104_03.jpg,train/bonafide/iphone15pro/turkiye-104_03.jpg,874,713,1386,1225,968,919,1165,1019,0,bonafide,0,data/processed/text_patch512/dev_val/digital_2/bonafide/3754792677fee537a10b.png,0.0016584396362304688
POST_HOC_NATIVE_TEXT_PATCH512_DIAGNOSTIC,10,dev_val,digital_2,cb548f2650211c5e9ad0,turkiye-104_03,scan,dob,57,train/attack/digital_2/scan/turkiye-104_03.jpg,train/bonafide/scan/turkiye-104_03.jpg,650,576,1162,1088,837,799,974,866,0,attack,1,data/processed/text_patch512/dev_val/digital_2/attack/cb548f2650211c5e9ad0.png,1.0
POST_HOC_NATIVE_TEXT_PATCH512_DIAGNOSTIC,10,dev_val,digital_2,cb548f2650211c5e9ad0,turkiye-104_03,scan,dob,57,train/attack/digital_2/scan/turkiye-104_03.jpg,train/bonafide/scan/turkiye-104_03.jpg,650,576,1162,1088,837,799,974,866,0,bonafide,0,data/processed/text_patch512/dev_val/digital_2/bonafide/cb548f2650211c5e9ad0.png,0.0011606216430664062
POST_HOC_NATIVE_TEXT_PATCH512_DIAGNOSTIC,10,dev_val,digital_2,9864700457fd76b26400,turkiye-104_03,scan,doe,57,train/attack/digital_2/scan/turkiye-104_03.jpg,train/bonafide/scan/turkiye-104_03.jpg,654,738,1166,1250,842,1114,979,1181,0,attack,1,data/processed/text_patch512/dev_val/digital_2/attack/9864700457fd76b26400.png,1.0
POST_HOC_NATIVE_TEXT_PATCH512_DIAGNOSTIC,10,dev_val,digital_2,9864700457fd76b26400,turkiye-104_03,scan,doe,57,train/attack/digital_2/scan/turkiye-104_03.jpg,train/bonafide/scan/turkiye-104_03.jpg,654,738,1166,1250,842,1114,979,1181,0,bonafide,0,data/processed/text_patch512/dev_val/digital_2/bonafide/9864700457fd76b26400.png,0.00013399124145507812
POST_HOC_NATIVE_TEXT_PATCH512_DIAGNOSTIC,10,dev_val,digital_2,b3a0996300f99a7a7769,turkiye-104_03,scan,name,57,train/attack/digital_2/scan/turkiye-104_03.jpg,train/bonafide/scan/turkiye-104_03.jpg,626,422,1138,934,684,644,824,713,0,attack,1,data/processed/text_patch512/dev_val/digital_2/attack/b3a0996300f99a7a7769.png,1.0
POST_HOC_NATIVE_TEXT_PATCH512_DIAGNOSTIC,10,dev_val,digital_2,b3a0996300f99a7a7769,turkiye-104_03,scan,name,57,train/attack/digital_2/scan/turkiye-104_03.jpg,train/bonafide/scan/turkiye-104_03.jpg,626,422,1138,934,684,644,824,713,0,bonafide,0,data/processed/text_patch512/dev_val/digital_2/bonafide/b3a0996300f99a7a7769.png,0.0078887939453125
POST_HOC_NATIVE_TEXT_PATCH512_DIAGNOSTIC,10,dev_val,digital_1,5ccc0d2bebb544c406db,turkiye-115_03,huawei,dob,59,train/attack/digital_1/huawei/turkiye-115_03.jpg,train/bonafide/huawei/turkiye-115_03.jpg,1190,1081,1702,1593,1333,1275,1559,1399,0,attack,1,data/processed/text_patch512/dev_val/digital_1/attack/5ccc0d2bebb544c406db.png,1.0
POST_HOC_NATIVE_TEXT_PATCH512_DIAGNOSTIC,10,dev_val,digital_1,5ccc0d2bebb544c406db,turkiye-115_03,huawei,dob,59,train/attack/digital_1/huawei/turkiye-115_03.jpg,train/bonafide/huawei/turkiye-115_03.jpg,1190,1081,1702,1593,1333,1275,1559,1399,0,bonafide,0,data/processed/text_patch512/dev_val/digital_1/bonafide/5ccc0d2bebb544c406db.png,0.0003066062927246094
POST_HOC_NATIVE_TEXT_PATCH512_DIAGNOSTIC,10,dev_val,digital_1,43bcc3f81812e81d9199,turkiye-115_03,huawei,doe,59,train/attack/digital_1/huawei/turkiye-115_03.jpg,train/bonafide/huawei/turkiye-115_03.jpg,1178,1490,1690,2002,1321,1774,1547,1898,0,attack,1,data/processed/text_patch512/dev_val/digital_1/attack/43bcc3f81812e81d9199.png,1.0
POST_HOC_NATIVE_TEXT_PATCH512_DIAGNOSTIC,10,dev_val,digital_1,43bcc3f81812e81d9199,turkiye-115_03,huawei,doe,59,train/attack/digital_1/huawei/turkiye-115_03.jpg,train/bonafide/huawei/turkiye-115_03.jpg,1178,1490,1690,2002,1321,1774,1547,1898,0,bonafide,0,data/processed/text_patch512/dev_val/digital_1/bonafide/43bcc3f81812e81d9199.png,0.14599609375
POST_HOC_NATIVE_TEXT_PATCH512_DIAGNOSTIC,10,dev_val,digital_1,f35a9f333fb82a91f2a8,turkiye-115_03,huawei,name,59,train/attack/digital_1/huawei/turkiye-115_03.jpg,train/bonafide/huawei/turkiye-115_03.jpg,936,828,1448,1340,1105,1025,1280,1144,0,attack,1,data/processed/text_patch512/dev_val/digital_1/attack/f35a9f333fb82a91f2a8.png,1.0
POST_HOC_NATIVE_TEXT_PATCH512_DIAGNOSTIC,10,dev_val,digital_1,f35a9f333fb82a91f2a8,turkiye-115_03,huawei,name,59,train/attack/digital_1/huawei/turkiye-115_03.jpg,train/bonafide/huawei/turkiye-115_03.jpg,936,828,1448,1340,1105,1025,1280,1144,0,bonafide,0,data/processed/text_patch512/dev_val/digital_1/bonafide/f35a9f333fb82a91f2a8.png,0.94140625
POST_HOC_NATIVE_TEXT_PATCH512_DIAGNOSTIC,10,dev_val,digital_1,a5630699f21137f85f9f,turkiye-115_03,iphone15pro,dob,68,train/attack/digital_1/iphone15pro/turkiye-115_03.jpg,train/bonafide/iphone15pro/turkiye-115_03.jpg,1018,928,1530,1440,1177,1136,1370,1231,0,attack,1,data/processed/text_patch512/dev_val/digital_1/attack/a5630699f21137f85f9f.png,1.0
POST_HOC_NATIVE_TEXT_PATCH512_DIAGNOSTIC,10,dev_val,digital_1,a5630699f21137f85f9f,turkiye-115_03,iphone15pro,dob,68,train/attack/digital_1/iphone15pro/turkiye-115_03.jpg,train/bonafide/iphone15pro/turkiye-115_03.jpg,1018,928,1530,1440,1177,1136,1370,1231,0,bonafide,0,data/processed/text_patch512/dev_val/digital_1/bonafide/a5630699f21137f85f9f.png,0.003429412841796875
POST_HOC_NATIVE_TEXT_PATCH512_DIAGNOSTIC,10,dev_val,digital_1,05c10a9452bad36c14d2,turkiye-115_03,iphone15pro,doe,68,train/attack/digital_1/iphone15pro/turkiye-115_03.jpg,train/bonafide/iphone15pro/turkiye-115_03.jpg,1024,1268,1536,1780,1184,1587,1377,1685,0,attack,1,data/processed/text_patch512/dev_val/digital_1/attack/05c10a9452bad36c14d2.png,1.0
POST_HOC_NATIVE_TEXT_PATCH512_DIAGNOSTIC,10,dev_val,digital_1,05c10a9452bad36c14d2,turkiye-115_03,iphone15pro,doe,68,train/attack/digital_1/iphone15pro/turkiye-115_03.jpg,train/bonafide/iphone15pro/turkiye-115_03.jpg,1024,1268,1536,1780,1184,1587,1377,1685,0,bonafide,0,data/processed/text_patch512/dev_val/digital_1/bonafide/05c10a9452bad36c14d2.png,0.0007643699645996094
POST_HOC_NATIVE_TEXT_PATCH512_DIAGNOSTIC,10,dev_val,digital_1,27be0e161d77c4437b02,turkiye-115_03,iphone15pro,name,68,train/attack/digital_1/iphone15pro/turkiye-115_03.jpg,train/bonafide/iphone15pro/turkiye-115_03.jpg,848,709,1360,1221,963,915,1118,1015,0,attack,1,data/processed/text_patch512/dev_val/digital_1/attack/27be0e161d77c4437b02.png,1.0
POST_HOC_NATIVE_TEXT_PATCH512_DIAGNOSTIC,10,dev_val,digital_1,27be0e161d77c4437b02,turkiye-115_03,iphone15pro,name,68,train/attack/digital_1/iphone15pro/turkiye-115_03.jpg,train/bonafide/iphone15pro/turkiye-115_03.jpg,848,709,1360,1221,963,915,1118,1015,0,bonafide,0,data/processed/text_patch512/dev_val/digital_1/bonafide/27be0e161d77c4437b02.png,0.01255035400390625
POST_HOC_NATIVE_TEXT_PATCH512_DIAGNOSTIC,10,dev_val,digital_1,00f90170e4d326dfd114,turkiye-115_03,scan,dob,87,train/attack/digital_1/scan/turkiye-115_03.jpg,train/bonafide/scan/turkiye-115_03.jpg,650,576,1162,1088,837,798,976,866,0,attack,1,data/processed/text_patch512/dev_val/digital_1/attack/00f90170e4d326dfd114.png,1.0
POST_HOC_NATIVE_TEXT_PATCH512_DIAGNOSTIC,10,dev_val,digital_1,00f90170e4d326dfd114,turkiye-115_03,scan,dob,87,train/attack/digital_1/scan/turkiye-115_03.jpg,train/bonafide/scan/turkiye-115_03.jpg,650,576,1162,1088,837,798,976,866,0,bonafide,0,data/processed/text_patch512/dev_val/digital_1/bonafide/00f90170e4d326dfd114.png,0.0001628398895263672
POST_HOC_NATIVE_TEXT_PATCH512_DIAGNOSTIC,10,dev_val,digital_1,ac5480fe0bd57e5f48a4,turkiye-115_03,scan,doe,87,train/attack/digital_1/scan/turkiye-115_03.jpg,train/bonafide/scan/turkiye-115_03.jpg,656,736,1168,1248,843,1113,982,1181,0,attack,1,data/processed/text_patch512/dev_val/digital_1/attack/ac5480fe0bd57e5f48a4.png,1.0
POST_HOC_NATIVE_TEXT_PATCH512_DIAGNOSTIC,10,dev_val,digital_1,ac5480fe0bd57e5f48a4,turkiye-115_03,scan,doe,87,train/attack/digital_1/scan/turkiye-115_03.jpg,train/bonafide/scan/turkiye-115_03.jpg,656,736,1168,1248,843,1113,982,1181,0,bonafide,0,data/processed/text_patch512/dev_val/digital_1/bonafide/ac5480fe0bd57e5f48a4.png,4.3332576751708984e-05
POST_HOC_NATIVE_TEXT_PATCH512_DIAGNOSTIC,10,dev_val,digital_1,45a0592c503cbda9e558,turkiye-115_03,scan,name,87,train/attack/digital_1/scan/turkiye-115_03.jpg,train/bonafide/scan/turkiye-115_03.jpg,612,420,1124,932,685,642,796,711,0,attack,1,data/processed/text_patch512/dev_val/digital_1/attack/45a0592c503cbda9e558.png,1.0
POST_HOC_NATIVE_TEXT_PATCH512_DIAGNOSTIC,10,dev_val,digital_1,45a0592c503cbda9e558,turkiye-115_03,scan,name,87,train/attack/digital_1/scan/turkiye-115_03.jpg,train/bonafide/scan/turkiye-115_03.jpg,612,420,1124,932,685,642,796,711,0,bonafide,0,data/processed/text_patch512/dev_val/digital_1/bonafide/45a0592c503cbda9e558.png,0.0023593902587890625
POST_HOC_NATIVE_TEXT_PATCH512_DIAGNOSTIC,10,dev_val,digital_2,db8f8055ef07f12b312a,turkiye-115_03,huawei,dob,59,train/attack/digital_2/huawei/turkiye-115_03.jpg,train/bonafide/huawei/turkiye-115_03.jpg,1190,1081,1702,1593,1333,1275,1559,1399,0,attack,1,data/processed/text_patch512/dev_val/digital_2/attack/db8f8055ef07f12b312a.png,1.0
POST_HOC_NATIVE_TEXT_PATCH512_DIAGNOSTIC,10,dev_val,digital_2,db8f8055ef07f12b312a,turkiye-115_03,huawei,dob,59,train/attack/digital_2/huawei/turkiye-115_03.jpg,train/bonafide/huawei/turkiye-115_03.jpg,1190,1081,1702,1593,1333,1275,1559,1399,0,bonafide,0,data/processed/text_patch512/dev_val/digital_2/bonafide/db8f8055ef07f12b312a.png,0.0003066062927246094
POST_HOC_NATIVE_TEXT_PATCH512_DIAGNOSTIC,10,dev_val,digital_2,0c296f3d628050c65bb8,turkiye-115_03,huawei,doe,59,train/attack/digital_2/huawei/turkiye-115_03.jpg,train/bonafide/huawei/turkiye-115_03.jpg,1178,1490,1690,2002,1321,1774,1547,1898,0,attack,1,data/processed/text_patch512/dev_val/digital_2/attack/0c296f3d628050c65bb8.png,0.99951171875
POST_HOC_NATIVE_TEXT_PATCH512_DIAGNOSTIC,10,dev_val,digital_2,0c296f3d628050c65bb8,turkiye-115_03,huawei,doe,59,train/attack/digital_2/huawei/turkiye-115_03.jpg,train/bonafide/huawei/turkiye-115_03.jpg,1178,1490,1690,2002,1321,1774,1547,1898,0,bonafide,0,data/processed/text_patch512/dev_val/digital_2/bonafide/0c296f3d628050c65bb8.png,0.14599609375
POST_HOC_NATIVE_TEXT_PATCH512_DIAGNOSTIC,10,dev_val,digital_2,bb3b1cee7a392d12155d,turkiye-115_03,huawei,name,59,train/attack/digital_2/huawei/turkiye-115_03.jpg,train/bonafide/huawei/turkiye-115_03.jpg,936,828,1448,1340,1105,1025,1280,1144,0,attack,1,data/processed/text_patch512/dev_val/digital_2/attack/bb3b1cee7a392d12155d.png,1.0
POST_HOC_NATIVE_TEXT_PATCH512_DIAGNOSTIC,10,dev_val,digital_2,bb3b1cee7a392d12155d,turkiye-115_03,huawei,name,59,train/attack/digital_2/huawei/turkiye-115_03.jpg,train/bonafide/huawei/turkiye-115_03.jpg,936,828,1448,1340,1105,1025,1280,1144,0,bonafide,0,data/processed/text_patch512/dev_val/digital_2/bonafide/bb3b1cee7a392d12155d.png,0.94140625
POST_HOC_NATIVE_TEXT_PATCH512_DIAGNOSTIC,10,dev_val,digital_2,16488f50573069f4ed73,turkiye-115_03,iphone15pro,dob,68,train/attack/digital_2/iphone15pro/turkiye-115_03.jpg,train/bonafide/iphone15pro/turkiye-115_03.jpg,1018,928,1530,1440,1177,1136,1370,1231,0,attack,1,data/processed/text_patch512/dev_val/digital_2/attack/16488f50573069f4ed73.png,1.0
POST_HOC_NATIVE_TEXT_PATCH512_DIAGNOSTIC,10,dev_val,digital_2,16488f50573069f4ed73,turkiye-115_03,iphone15pro,dob,68,train/attack/digital_2/iphone15pro/turkiye-115_03.jpg,train/bonafide/iphone15pro/turkiye-115_03.jpg,1018,928,1530,1440,1177,1136,1370,1231,0,bonafide,0,data/processed/text_patch512/dev_val/digital_2/bonafide/16488f50573069f4ed73.png,0.003429412841796875
POST_HOC_NATIVE_TEXT_PATCH512_DIAGNOSTIC,10,dev_val,digital_2,aa1373d6b9394ca114a3,turkiye-115_03,iphone15pro,doe,68,train/attack/digital_2/iphone15pro/turkiye-115_03.jpg,train/bonafide/iphone15pro/turkiye-115_03.jpg,1024,1268,1536,1780,1184,1587,1377,1685,0,attack,1,data/processed/text_patch512/dev_val/digital_2/attack/aa1373d6b9394ca114a3.png,1.0
POST_HOC_NATIVE_TEXT_PATCH512_DIAGNOSTIC,10,dev_val,digital_2,aa1373d6b9394ca114a3,turkiye-115_03,iphone15pro,doe,68,train/attack/digital_2/iphone15pro/turkiye-115_03.jpg,train/bonafide/iphone15pro/turkiye-115_03.jpg,1024,1268,1536,1780,1184,1587,1377,1685,0,bonafide,0,data/processed/text_patch512/dev_val/digital_2/bonafide/aa1373d6b9394ca114a3.png,0.0007643699645996094
POST_HOC_NATIVE_TEXT_PATCH512_DIAGNOSTIC,10,dev_val,digital_2,a4a441f5f575c92b7eab,turkiye-115_03,iphone15pro,name,68,train/attack/digital_2/iphone15pro/turkiye-115_03.jpg,train/bonafide/iphone15pro/turkiye-115_03.jpg,848,709,1360,1221,963,915,1118,1015,0,attack,1,data/processed/text_patch512/dev_val/digital_2/attack/a4a441f5f575c92b7eab.png,1.0
POST_HOC_NATIVE_TEXT_PATCH512_DIAGNOSTIC,10,dev_val,digital_2,a4a441f5f575c92b7eab,turkiye-115_03,iphone15pro,name,68,train/attack/digital_2/iphone15pro/turkiye-115_03.jpg,train/bonafide/iphone15pro/turkiye-115_03.jpg,848,709,1360,1221,963,915,1118,1015,0,bonafide,0,data/processed/text_patch512/dev_val/digital_2/bonafide/a4a441f5f575c92b7eab.png,0.01255035400390625
POST_HOC_NATIVE_TEXT_PATCH512_DIAGNOSTIC,10,dev_val,digital_2,058e0816405b3067b3a2,turkiye-115_03,scan,dob,87,train/attack/digital_2/scan/turkiye-115_03.jpg,train/bonafide/scan/turkiye-115_03.jpg,650,576,1162,1088,837,798,976,866,0,attack,1,data/processed/text_patch512/dev_val/digital_2/attack/058e0816405b3067b3a2.png,1.0
POST_HOC_NATIVE_TEXT_PATCH512_DIAGNOSTIC,10,dev_val,digital_2,058e0816405b3067b3a2,turkiye-115_03,scan,dob,87,train/attack/digital_2/scan/turkiye-115_03.jpg,train/bonafide/scan/turkiye-115_03.jpg,650,576,1162,1088,837,798,976,866,0,bonafide,0,data/processed/text_patch512/dev_val/digital_2/bonafide/058e0816405b3067b3a2.png,0.0001628398895263672
POST_HOC_NATIVE_TEXT_PATCH512_DIAGNOSTIC,10,dev_val,digital_2,ab6952f381c6c488965c,turkiye-115_03,scan,doe,87,train/attack/digital_2/scan/turkiye-115_03.jpg,train/bonafide/scan/turkiye-115_03.jpg,656,736,1168,1248,843,1113,982,1181,0,attack,1,data/processed/text_patch512/dev_val/digital_2/attack/ab6952f381c6c488965c.png,1.0
POST_HOC_NATIVE_TEXT_PATCH512_DIAGNOSTIC,10,dev_val,digital_2,ab6952f381c6c488965c,turkiye-115_03,scan,doe,87,train/attack/digital_2/scan/turkiye-115_03.jpg,train/bonafide/scan/turkiye-115_03.jpg,656,736,1168,1248,843,1113,982,1181,0,bonafide,0,data/processed/text_patch512/dev_val/digital_2/bonafide/ab6952f381c6c488965c.png,4.3332576751708984e-05
POST_HOC_NATIVE_TEXT_PATCH512_DIAGNOSTIC,10,dev_val,digital_2,c93d587e64aadc210f9d,turkiye-115_03,scan,name,87,train/attack/digital_2/scan/turkiye-115_03.jpg,train/bonafide/scan/turkiye-115_03.jpg,612,420,1124,932,685,642,796,711,0,attack,1,data/processed/text_patch512/dev_val/digital_2/attack/c93d587e64aadc210f9d.png,1.0
POST_HOC_NATIVE_TEXT_PATCH512_DIAGNOSTIC,10,dev_val,digital_2,c93d587e64aadc210f9d,turkiye-115_03,scan,name,87,train/attack/digital_2/scan/turkiye-115_03.jpg,train/bonafide/scan/turkiye-115_03.jpg,612,420,1124,932,685,642,796,711,0,bonafide,0,data/processed/text_patch512/dev_val/digital_2/bonafide/c93d587e64aadc210f9d.png,0.0023593902587890625
POST_HOC_NATIVE_TEXT_PATCH512_DIAGNOSTIC,10,dev_val,digital_1,12c828d6281e533b907a,turkiye-NF-1002,huawei,dob,53,train/attack/digital_1/huawei/turkiye-NF-1002.jpg,train/bonafide/huawei/turkiye-NF-1002.jpg,1178,1060,1690,1572,1322,1255,1545,1378,0,attack,1,data/processed/text_patch512/dev_val/digital_1/attack/12c828d6281e533b907a.png,1.0
POST_HOC_NATIVE_TEXT_PATCH512_DIAGNOSTIC,10,dev_val,digital_1,12c828d6281e533b907a,turkiye-NF-1002,huawei,dob,53,train/attack/digital_1/huawei/turkiye-NF-1002.jpg,train/bonafide/huawei/turkiye-NF-1002.jpg,1178,1060,1690,1572,1322,1255,1545,1378,0,bonafide,0,data/processed/text_patch512/dev_val/digital_1/bonafide/12c828d6281e533b907a.png,0.0009074211120605469
POST_HOC_NATIVE_TEXT_PATCH512_DIAGNOSTIC,10,dev_val,digital_1,7e121f329efbb1e9d4de,turkiye-NF-1002,huawei,doe,53,train/attack/digital_1/huawei/turkiye-NF-1002.jpg,train/bonafide/huawei/turkiye-NF-1002.jpg,1166,1458,1678,1970,1310,1754,1533,1877,0,attack,1,data/processed/text_patch512/dev_val/digital_1/attack/7e121f329efbb1e9d4de.png,1.0
POST_HOC_NATIVE_TEXT_PATCH512_DIAGNOSTIC,10,dev_val,digital_1,7e121f329efbb1e9d4de,turkiye-NF-1002,huawei,doe,53,train/attack/digital_1/huawei/turkiye-NF-1002.jpg,train/bonafide/huawei/turkiye-NF-1002.jpg,1166,1458,1678,1970,1310,1754,1533,1877,0,bonafide,0,data/processed/text_patch512/dev_val/digital_1/bonafide/7e121f329efbb1e9d4de.png,0.00032448768615722656
POST_HOC_NATIVE_TEXT_PATCH512_DIAGNOSTIC,10,dev_val,digital_1,4cba4fdce6f70082b075,turkiye-NF-1002,huawei,name,53,train/attack/digital_1/huawei/turkiye-NF-1002.jpg,train/bonafide/huawei/turkiye-NF-1002.jpg,1007,808,1519,1320,1087,1006,1247,1123,0,attack,1,data/processed/text_patch512/dev_val/digital_1/attack/4cba4fdce6f70082b075.png,1.0
POST_HOC_NATIVE_TEXT_PATCH512_DIAGNOSTIC,10,dev_val,digital_1,4cba4fdce6f70082b075,turkiye-NF-1002,huawei,name,53,train/attack/digital_1/huawei/turkiye-NF-1002.jpg,train/bonafide/huawei/turkiye-NF-1002.jpg,1007,808,1519,1320,1087,1006,1247,1123,0,bonafide,0,data/processed/text_patch512/dev_val/digital_1/bonafide/4cba4fdce6f70082b075.png,0.003063201904296875
POST_HOC_NATIVE_TEXT_PATCH512_DIAGNOSTIC,10,dev_val,digital_1,f6a3e6faa13acdbcfc74,turkiye-NF-1002,iphone15pro,dob,84,train/attack/digital_1/iphone15pro/turkiye-NF-1002.jpg,train/bonafide/iphone15pro/turkiye-NF-1002.jpg,1017,932,1529,1444,1174,1140,1372,1235,0,attack,1,data/processed/text_patch512/dev_val/digital_1/attack/f6a3e6faa13acdbcfc74.png,1.0
POST_HOC_NATIVE_TEXT_PATCH512_DIAGNOSTIC,10,dev_val,digital_1,f6a3e6faa13acdbcfc74,turkiye-NF-1002,iphone15pro,dob,84,train/attack/digital_1/iphone15pro/turkiye-NF-1002.jpg,train/bonafide/iphone15pro/turkiye-NF-1002.jpg,1017,932,1529,1444,1174,1140,1372,1235,0,bonafide,0,data/processed/text_patch512/dev_val/digital_1/bonafide/f6a3e6faa13acdbcfc74.png,0.001140594482421875
POST_HOC_NATIVE_TEXT_PATCH512_DIAGNOSTIC,10,dev_val,digital_1,5dea7c39e0c60dea1fc9,turkiye-NF-1002,iphone15pro,doe,84,train/attack/digital_1/iphone15pro/turkiye-NF-1002.jpg,train/bonafide/iphone15pro/turkiye-NF-1002.jpg,1024,1281,1536,1793,1181,1589,1379,1684,0,attack,1,data/processed/text_patch512/dev_val/digital_1/attack/5dea7c39e0c60dea1fc9.png,1.0
POST_HOC_NATIVE_TEXT_PATCH512_DIAGNOSTIC,10,dev_val,digital_1,5dea7c39e0c60dea1fc9,turkiye-NF-1002,iphone15pro,doe,84,train/attack/digital_1/iphone15pro/turkiye-NF-1002.jpg,train/bonafide/iphone15pro/turkiye-NF-1002.jpg,1024,1281,1536,1793,1181,1589,1379,1684,0,bonafide,0,data/processed/text_patch512/dev_val/digital_1/bonafide/5dea7c39e0c60dea1fc9.png,0.00038909912109375
POST_HOC_NATIVE_TEXT_PATCH512_DIAGNOSTIC,10,dev_val,digital_1,65379418c7b01a6bc75a,turkiye-NF-1002,iphone15pro,name,84,train/attack/digital_1/iphone15pro/turkiye-NF-1002.jpg,train/bonafide/iphone15pro/turkiye-NF-1002.jpg,904,714,1416,1226,961,920,1103,1020,0,attack,1,data/processed/text_patch512/dev_val/digital_1/attack/65379418c7b01a6bc75a.png,1.0
POST_HOC_NATIVE_TEXT_PATCH512_DIAGNOSTIC,10,dev_val,digital_1,65379418c7b01a6bc75a,turkiye-NF-1002,iphone15pro,name,84,train/attack/digital_1/iphone15pro/turkiye-NF-1002.jpg,train/bonafide/iphone15pro/turkiye-NF-1002.jpg,904,714,1416,1226,961,920,1103,1020,0,bonafide,0,data/processed/text_patch512/dev_val/digital_1/bonafide/65379418c7b01a6bc75a.png,0.00494384765625
POST_HOC_NATIVE_TEXT_PATCH512_DIAGNOSTIC,10,dev_val,digital_1,aec06e2f77935af50433,turkiye-NF-1002,scan,dob,88,train/attack/digital_1/scan/turkiye-NF-1002.jpg,train/bonafide/scan/turkiye-NF-1002.jpg,639,578,1151,1090,824,801,966,868,0,attack,1,data/processed/text_patch512/dev_val/digital_1/attack/aec06e2f77935af50433.png,1.0
POST_HOC_NATIVE_TEXT_PATCH512_DIAGNOSTIC,10,dev_val,digital_1,aec06e2f77935af50433,turkiye-NF-1002,scan,dob,88,train/attack/digital_1/scan/turkiye-NF-1002.jpg,train/bonafide/scan/turkiye-NF-1002.jpg,639,578,1151,1090,824,801,966,868,0,bonafide,0,data/processed/text_patch512/dev_val/digital_1/bonafide/aec06e2f77935af50433.png,0.00010389089584350586
POST_HOC_NATIVE_TEXT_PATCH512_DIAGNOSTIC,10,dev_val,digital_1,70ec76e5bc00bf86d933,turkiye-NF-1002,scan,doe,88,train/attack/digital_1/scan/turkiye-NF-1002.jpg,train/bonafide/scan/turkiye-NF-1002.jpg,647,738,1159,1250,832,1114,974,1181,0,attack,1,data/processed/text_patch512/dev_val/digital_1/attack/70ec76e5bc00bf86d933.png,1.0
POST_HOC_NATIVE_TEXT_PATCH512_DIAGNOSTIC,10,dev_val,digital_1,70ec76e5bc00bf86d933,turkiye-NF-1002,scan,doe,88,train/attack/digital_1/scan/turkiye-NF-1002.jpg,train/bonafide/scan/turkiye-NF-1002.jpg,647,738,1159,1250,832,1114,974,1181,0,bonafide,0,data/processed/text_patch512/dev_val/digital_1/bonafide/70ec76e5bc00bf86d933.png,1.5914440155029297e-05
POST_HOC_NATIVE_TEXT_PATCH512_DIAGNOSTIC,10,dev_val,digital_1,b2babbe45773408235fc,turkiye-NF-1002,scan,name,88,train/attack/digital_1/scan/turkiye-NF-1002.jpg,train/bonafide/scan/turkiye-NF-1002.jpg,632,424,1144,936,677,646,778,715,0,attack,1,data/processed/text_patch512/dev_val/digital_1/attack/b2babbe45773408235fc.png,1.0
POST_HOC_NATIVE_TEXT_PATCH512_DIAGNOSTIC,10,dev_val,digital_1,b2babbe45773408235fc,turkiye-NF-1002,scan,name,88,train/attack/digital_1/scan/turkiye-NF-1002.jpg,train/bonafide/scan/turkiye-NF-1002.jpg,632,424,1144,936,677,646,778,715,0,bonafide,0,data/processed/text_patch512/dev_val/digital_1/bonafide/b2babbe45773408235fc.png,0.009246826171875
POST_HOC_NATIVE_TEXT_PATCH512_DIAGNOSTIC,10,dev_val,digital_2,8779b33b7be8bcddd8ff,turkiye-NF-1002,huawei,dob,53,train/attack/digital_2/huawei/turkiye-NF-1002.jpg,train/bonafide/huawei/turkiye-NF-1002.jpg,1178,1060,1690,1572,1322,1255,1545,1378,0,attack,1,data/processed/text_patch512/dev_val/digital_2/attack/8779b33b7be8bcddd8ff.png,1.0
POST_HOC_NATIVE_TEXT_PATCH512_DIAGNOSTIC,10,dev_val,digital_2,8779b33b7be8bcddd8ff,turkiye-NF-1002,huawei,dob,53,train/attack/digital_2/huawei/turkiye-NF-1002.jpg,train/bonafide/huawei/turkiye-NF-1002.jpg,1178,1060,1690,1572,1322,1255,1545,1378,0,bonafide,0,data/processed/text_patch512/dev_val/digital_2/bonafide/8779b33b7be8bcddd8ff.png,0.0009074211120605469
POST_HOC_NATIVE_TEXT_PATCH512_DIAGNOSTIC,10,dev_val,digital_2,c10f25b13a361ca7a17e,turkiye-NF-1002,huawei,doe,53,train/attack/digital_2/huawei/turkiye-NF-1002.jpg,train/bonafide/huawei/turkiye-NF-1002.jpg,1166,1458,1678,1970,1310,1754,1533,1877,0,attack,1,data/processed/text_patch512/dev_val/digital_2/attack/c10f25b13a361ca7a17e.png,1.0
POST_HOC_NATIVE_TEXT_PATCH512_DIAGNOSTIC,10,dev_val,digital_2,c10f25b13a361ca7a17e,turkiye-NF-1002,huawei,doe,53,train/attack/digital_2/huawei/turkiye-NF-1002.jpg,train/bonafide/huawei/turkiye-NF-1002.jpg,1166,1458,1678,1970,1310,1754,1533,1877,0,bonafide,0,data/processed/text_patch512/dev_val/digital_2/bonafide/c10f25b13a361ca7a17e.png,0.00032448768615722656
POST_HOC_NATIVE_TEXT_PATCH512_DIAGNOSTIC,10,dev_val,digital_2,8ccd080bf862cbc531c5,turkiye-NF-1002,huawei,name,53,train/attack/digital_2/huawei/turkiye-NF-1002.jpg,train/bonafide/huawei/turkiye-NF-1002.jpg,943,808,1455,1320,1087,1006,1247,1123,0,attack,1,data/processed/text_patch512/dev_val/digital_2/attack/8ccd080bf862cbc531c5.png,1.0
POST_HOC_NATIVE_TEXT_PATCH512_DIAGNOSTIC,10,dev_val,digital_2,8ccd080bf862cbc531c5,turkiye-NF-1002,huawei,name,53,train/attack/digital_2/huawei/turkiye-NF-1002.jpg,train/bonafide/huawei/turkiye-NF-1002.jpg,943,808,1455,1320,1087,1006,1247,1123,0,bonafide,0,data/processed/text_patch512/dev_val/digital_2/bonafide/8ccd080bf862cbc531c5.png,0.0030517578125
POST_HOC_NATIVE_TEXT_PATCH512_DIAGNOSTIC,10,dev_val,digital_2,6a83adf83210cfab08ad,turkiye-NF-1002,iphone15pro,dob,84,train/attack/digital_2/iphone15pro/turkiye-NF-1002.jpg,train/bonafide/iphone15pro/turkiye-NF-1002.jpg,1017,932,1529,1444,1174,1140,1372,1235,0,attack,1,data/processed/text_patch512/dev_val/digital_2/attack/6a83adf83210cfab08ad.png,1.0
POST_HOC_NATIVE_TEXT_PATCH512_DIAGNOSTIC,10,dev_val,digital_2,6a83adf83210cfab08ad,turkiye-NF-1002,iphone15pro,dob,84,train/attack/digital_2/iphone15pro/turkiye-NF-1002.jpg,train/bonafide/iphone15pro/turkiye-NF-1002.jpg,1017,932,1529,1444,1174,1140,1372,1235,0,bonafide,0,data/processed/text_patch512/dev_val/digital_2/bonafide/6a83adf83210cfab08ad.png,0.001140594482421875
POST_HOC_NATIVE_TEXT_PATCH512_DIAGNOSTIC,10,dev_val,digital_2,518880701215089aa7cb,turkiye-NF-1002,iphone15pro,doe,84,train/attack/digital_2/iphone15pro/turkiye-NF-1002.jpg,train/bonafide/iphone15pro/turkiye-NF-1002.jpg,1024,1281,1536,1793,1181,1589,1379,1684,0,attack,1,data/processed/text_patch512/dev_val/digital_2/attack/518880701215089aa7cb.png,1.0
POST_HOC_NATIVE_TEXT_PATCH512_DIAGNOSTIC,10,dev_val,digital_2,518880701215089aa7cb,turkiye-NF-1002,iphone15pro,doe,84,train/attack/digital_2/iphone15pro/turkiye-NF-1002.jpg,train/bonafide/iphone15pro/turkiye-NF-1002.jpg,1024,1281,1536,1793,1181,1589,1379,1684,0,bonafide,0,data/processed/text_patch512/dev_val/digital_2/bonafide/518880701215089aa7cb.png,0.00038909912109375
POST_HOC_NATIVE_TEXT_PATCH512_DIAGNOSTIC,10,dev_val,digital_2,6fd46fd6663cbe1877dd,turkiye-NF-1002,iphone15pro,name,84,train/attack/digital_2/iphone15pro/turkiye-NF-1002.jpg,train/bonafide/iphone15pro/turkiye-NF-1002.jpg,872,714,1384,1226,961,920,1103,1020,0,attack,1,data/processed/text_patch512/dev_val/digital_2/attack/6fd46fd6663cbe1877dd.png,1.0
POST_HOC_NATIVE_TEXT_PATCH512_DIAGNOSTIC,10,dev_val,digital_2,6fd46fd6663cbe1877dd,turkiye-NF-1002,iphone15pro,name,84,train/attack/digital_2/iphone15pro/turkiye-NF-1002.jpg,train/bonafide/iphone15pro/turkiye-NF-1002.jpg,872,714,1384,1226,961,920,1103,1020,0,bonafide,0,data/processed/text_patch512/dev_val/digital_2/bonafide/6fd46fd6663cbe1877dd.png,0.005374908447265625
POST_HOC_NATIVE_TEXT_PATCH512_DIAGNOSTIC,10,dev_val,digital_2,29ec42af93e3b8be2c61,turkiye-NF-1002,scan,dob,88,train/attack/digital_2/scan/turkiye-NF-1002.jpg,train/bonafide/scan/turkiye-NF-1002.jpg,639,578,1151,1090,824,801,966,868,0,attack,1,data/processed/text_patch512/dev_val/digital_2/attack/29ec42af93e3b8be2c61.png,1.0
POST_HOC_NATIVE_TEXT_PATCH512_DIAGNOSTIC,10,dev_val,digital_2,29ec42af93e3b8be2c61,turkiye-NF-1002,scan,dob,88,train/attack/digital_2/scan/turkiye-NF-1002.jpg,train/bonafide/scan/turkiye-NF-1002.jpg,639,578,1151,1090,824,801,966,868,0,bonafide,0,data/processed/text_patch512/dev_val/digital_2/bonafide/29ec42af93e3b8be2c61.png,0.00010389089584350586
POST_HOC_NATIVE_TEXT_PATCH512_DIAGNOSTIC,10,dev_val,digital_2,ffe5dfffb10ca976ffa6,turkiye-NF-1002,scan,doe,88,train/attack/digital_2/scan/turkiye-NF-1002.jpg,train/bonafide/scan/turkiye-NF-1002.jpg,647,738,1159,1250,832,1114,974,1181,0,attack,1,data/processed/text_patch512/dev_val/digital_2/attack/ffe5dfffb10ca976ffa6.png,1.0
POST_HOC_NATIVE_TEXT_PATCH512_DIAGNOSTIC,10,dev_val,digital_2,ffe5dfffb10ca976ffa6,turkiye-NF-1002,scan,doe,88,train/attack/digital_2/scan/turkiye-NF-1002.jpg,train/bonafide/scan/turkiye-NF-1002.jpg,647,738,1159,1250,832,1114,974,1181,0,bonafide,0,data/processed/text_patch512/dev_val/digital_2/bonafide/ffe5dfffb10ca976ffa6.png,1.5914440155029297e-05
POST_HOC_NATIVE_TEXT_PATCH512_DIAGNOSTIC,10,dev_val,digital_2,db90db056ab5d2e35521,turkiye-NF-1002,scan,name,88,train/attack/digital_2/scan/turkiye-NF-1002.jpg,train/bonafide/scan/turkiye-NF-1002.jpg,600,424,1112,936,677,646,778,715,0,attack,1,data/processed/text_patch512/dev_val/digital_2/attack/db90db056ab5d2e35521.png,1.0
POST_HOC_NATIVE_TEXT_PATCH512_DIAGNOSTIC,10,dev_val,digital_2,db90db056ab5d2e35521,turkiye-NF-1002,scan,name,88,train/attack/digital_2/scan/turkiye-NF-1002.jpg,train/bonafide/scan/turkiye-NF-1002.jpg,600,424,1112,936,677,646,778,715,0,bonafide,0,data/processed/text_patch512/dev_val/digital_2/bonafide/db90db056ab5d2e35521.png,0.00360107421875
POST_HOC_NATIVE_TEXT_PATCH512_DIAGNOSTIC,10,dev_val,digital_1,d3e54642e63bb488f490,turkiye-NM-1055,huawei,dob,60,train/attack/digital_1/huawei/turkiye-NM-1055.jpg,train/bonafide/huawei/turkiye-NM-1055.jpg,1172,1070,1684,1582,1316,1264,1540,1387,0,attack,1,data/processed/text_patch512/dev_val/digital_1/attack/d3e54642e63bb488f490.png,1.0
POST_HOC_NATIVE_TEXT_PATCH512_DIAGNOSTIC,10,dev_val,digital_1,d3e54642e63bb488f490,turkiye-NM-1055,huawei,dob,60,train/attack/digital_1/huawei/turkiye-NM-1055.jpg,train/bonafide/huawei/turkiye-NM-1055.jpg,1172,1070,1684,1582,1316,1264,1540,1387,0,bonafide,0,data/processed/text_patch512/dev_val/digital_1/bonafide/d3e54642e63bb488f490.png,6.014108657836914e-05
POST_HOC_NATIVE_TEXT_PATCH512_DIAGNOSTIC,10,dev_val,digital_1,1ac3debeeed025eae8fe,turkiye-NM-1055,huawei,doe,60,train/attack/digital_1/huawei/turkiye-NM-1055.jpg,train/bonafide/huawei/turkiye-NM-1055.jpg,1163,1476,1675,1988,1307,1764,1531,1887,0,attack,1,data/processed/text_patch512/dev_val/digital_1/attack/1ac3debeeed025eae8fe.png,1.0
POST_HOC_NATIVE_TEXT_PATCH512_DIAGNOSTIC,10,dev_val,digital_1,1ac3debeeed025eae8fe,turkiye-NM-1055,huawei,doe,60,train/attack/digital_1/huawei/turkiye-NM-1055.jpg,train/bonafide/huawei/turkiye-NM-1055.jpg,1163,1476,1675,1988,1307,1764,1531,1887,0,bonafide,0,data/processed/text_patch512/dev_val/digital_1/bonafide/1ac3debeeed025eae8fe.png,6.020069122314453e-06
POST_HOC_NATIVE_TEXT_PATCH512_DIAGNOSTIC,10,dev_val,digital_1,c69f719c151cb3726eaa,turkiye-NM-1055,huawei,name,60,train/attack/digital_1/huawei/turkiye-NM-1055.jpg,train/bonafide/huawei/turkiye-NM-1055.jpg,942,818,1454,1330,1087,1014,1309,1134,0,attack,1,data/processed/text_patch512/dev_val/digital_1/attack/c69f719c151cb3726eaa.png,1.0
POST_HOC_NATIVE_TEXT_PATCH512_DIAGNOSTIC,10,dev_val,digital_1,c69f719c151cb3726eaa,turkiye-NM-1055,huawei,name,60,train/attack/digital_1/huawei/turkiye-NM-1055.jpg,train/bonafide/huawei/turkiye-NM-1055.jpg,942,818,1454,1330,1087,1014,1309,1134,0,bonafide,0,data/processed/text_patch512/dev_val/digital_1/bonafide/c69f719c151cb3726eaa.png,0.0009055137634277344
POST_HOC_NATIVE_TEXT_PATCH512_DIAGNOSTIC,10,dev_val,digital_1,a549334bd1e0c629cf2f,turkiye-NM-1055,iphone15pro,dob,62,train/attack/digital_1/iphone15pro/turkiye-NM-1055.jpg,train/bonafide/iphone15pro/turkiye-NM-1055.jpg,1018,937,1530,1449,1175,1144,1373,1242,0,attack,1,data/processed/text_patch512/dev_val/digital_1/attack/a549334bd1e0c629cf2f.png,1.0
POST_HOC_NATIVE_TEXT_PATCH512_DIAGNOSTIC,10,dev_val,digital_1,a549334bd1e0c629cf2f,turkiye-NM-1055,iphone15pro,dob,62,train/attack/digital_1/iphone15pro/turkiye-NM-1055.jpg,train/bonafide/iphone15pro/turkiye-NM-1055.jpg,1018,937,1530,1449,1175,1144,1373,1242,0,bonafide,0,data/processed/text_patch512/dev_val/digital_1/bonafide/a549334bd1e0c629cf2f.png,0.0020580291748046875
POST_HOC_NATIVE_TEXT_PATCH512_DIAGNOSTIC,10,dev_val,digital_1,b5a42c1254140010a891,turkiye-NM-1055,iphone15pro,doe,62,train/attack/digital_1/iphone15pro/turkiye-NM-1055.jpg,train/bonafide/iphone15pro/turkiye-NM-1055.jpg,1030,1287,1542,1799,1188,1593,1383,1691,0,attack,1,data/processed/text_patch512/dev_val/digital_1/attack/b5a42c1254140010a891.png,1.0
POST_HOC_NATIVE_TEXT_PATCH512_DIAGNOSTIC,10,dev_val,digital_1,b5a42c1254140010a891,turkiye-NM-1055,iphone15pro,doe,62,train/attack/digital_1/iphone15pro/turkiye-NM-1055.jpg,train/bonafide/iphone15pro/turkiye-NM-1055.jpg,1030,1287,1542,1799,1188,1593,1383,1691,0,bonafide,0,data/processed/text_patch512/dev_val/digital_1/bonafide/b5a42c1254140010a891.png,0.0004718303680419922
POST_HOC_NATIVE_TEXT_PATCH512_DIAGNOSTIC,10,dev_val,digital_1,d050f76e5c3464a2521c,turkiye-NM-1055,iphone15pro,name,62,train/attack/digital_1/iphone15pro/turkiye-NM-1055.jpg,train/bonafide/iphone15pro/turkiye-NM-1055.jpg,874,714,1386,1226,967,921,1164,1019,0,attack,1,data/processed/text_patch512/dev_val/digital_1/attack/d050f76e5c3464a2521c.png,1.0
POST_HOC_NATIVE_TEXT_PATCH512_DIAGNOSTIC,10,dev_val,digital_1,d050f76e5c3464a2521c,turkiye-NM-1055,iphone15pro,name,62,train/attack/digital_1/iphone15pro/turkiye-NM-1055.jpg,train/bonafide/iphone15pro/turkiye-NM-1055.jpg,874,714,1386,1226,967,921,1164,1019,0,bonafide,0,data/processed/text_patch512/dev_val/digital_1/bonafide/d050f76e5c3464a2521c.png,0.0008106231689453125
POST_HOC_NATIVE_TEXT_PATCH512_DIAGNOSTIC,10,dev_val,digital_1,b90d7c611ce33c02cc20,turkiye-NM-1055,scan,dob,74,train/attack/digital_1/scan/turkiye-NM-1055.jpg,train/bonafide/scan/turkiye-NM-1055.jpg,636,572,1148,1084,821,790,962,866,0,attack,1,data/processed/text_patch512/dev_val/digital_1/attack/b90d7c611ce33c02cc20.png,1.0
POST_HOC_NATIVE_TEXT_PATCH512_DIAGNOSTIC,10,dev_val,digital_1,b90d7c611ce33c02cc20,turkiye-NM-1055,scan,dob,74,train/attack/digital_1/scan/turkiye-NM-1055.jpg,train/bonafide/scan/turkiye-NM-1055.jpg,636,572,1148,1084,821,790,962,866,0,bonafide,0,data/processed/text_patch512/dev_val/digital_1/bonafide/b90d7c611ce33c02cc20.png,0.0002732276916503906
POST_HOC_NATIVE_TEXT_PATCH512_DIAGNOSTIC,10,dev_val,digital_1,6c69d9f1b1bc79ff7b24,turkiye-NM-1055,scan,doe,74,train/attack/digital_1/scan/turkiye-NM-1055.jpg,train/bonafide/scan/turkiye-NM-1055.jpg,630,737,1142,1249,815,1104,956,1180,0,attack,1,data/processed/text_patch512/dev_val/digital_1/attack/6c69d9f1b1bc79ff7b24.png,1.0
POST_HOC_NATIVE_TEXT_PATCH512_DIAGNOSTIC,10,dev_val,digital_1,6c69d9f1b1bc79ff7b24,turkiye-NM-1055,scan,doe,74,train/attack/digital_1/scan/turkiye-NM-1055.jpg,train/bonafide/scan/turkiye-NM-1055.jpg,630,737,1142,1249,815,1104,956,1180,0,bonafide,0,data/processed/text_patch512/dev_val/digital_1/bonafide/6c69d9f1b1bc79ff7b24.png,0.0003800392150878906
POST_HOC_NATIVE_TEXT_PATCH512_DIAGNOSTIC,10,dev_val,digital_1,dfc2433a9b8034c88e17,turkiye-NM-1055,scan,name,74,train/attack/digital_1/scan/turkiye-NM-1055.jpg,train/bonafide/scan/turkiye-NM-1055.jpg,590,416,1102,928,680,635,820,709,0,attack,1,data/processed/text_patch512/dev_val/digital_1/attack/dfc2433a9b8034c88e17.png,1.0
POST_HOC_NATIVE_TEXT_PATCH512_DIAGNOSTIC,10,dev_val,digital_1,dfc2433a9b8034c88e17,turkiye-NM-1055,scan,name,74,train/attack/digital_1/scan/turkiye-NM-1055.jpg,train/bonafide/scan/turkiye-NM-1055.jpg,590,416,1102,928,680,635,820,709,0,bonafide,0,data/processed/text_patch512/dev_val/digital_1/bonafide/dfc2433a9b8034c88e17.png,0.0005192756652832031
POST_HOC_NATIVE_TEXT_PATCH512_DIAGNOSTIC,10,dev_val,digital_2,d9ed8ccd841748790945,turkiye-NM-1055,huawei,dob,60,train/attack/digital_2/huawei/turkiye-NM-1055.jpg,train/bonafide/huawei/turkiye-NM-1055.jpg,1172,1070,1684,1582,1316,1264,1540,1387,0,attack,1,data/processed/text_patch512/dev_val/digital_2/attack/d9ed8ccd841748790945.png,1.0
POST_HOC_NATIVE_TEXT_PATCH512_DIAGNOSTIC,10,dev_val,digital_2,d9ed8ccd841748790945,turkiye-NM-1055,huawei,dob,60,train/attack/digital_2/huawei/turkiye-NM-1055.jpg,train/bonafide/huawei/turkiye-NM-1055.jpg,1172,1070,1684,1582,1316,1264,1540,1387,0,bonafide,0,data/processed/text_patch512/dev_val/digital_2/bonafide/d9ed8ccd841748790945.png,6.014108657836914e-05
POST_HOC_NATIVE_TEXT_PATCH512_DIAGNOSTIC,10,dev_val,digital_2,3894eb468171227dbb6b,turkiye-NM-1055,huawei,doe,60,train/attack/digital_2/huawei/turkiye-NM-1055.jpg,train/bonafide/huawei/turkiye-NM-1055.jpg,1163,1476,1675,1988,1307,1764,1531,1887,0,attack,1,data/processed/text_patch512/dev_val/digital_2/attack/3894eb468171227dbb6b.png,0.99609375
POST_HOC_NATIVE_TEXT_PATCH512_DIAGNOSTIC,10,dev_val,digital_2,3894eb468171227dbb6b,turkiye-NM-1055,huawei,doe,60,train/attack/digital_2/huawei/turkiye-NM-1055.jpg,train/bonafide/huawei/turkiye-NM-1055.jpg,1163,1476,1675,1988,1307,1764,1531,1887,0,bonafide,0,data/processed/text_patch512/dev_val/digital_2/bonafide/3894eb468171227dbb6b.png,6.020069122314453e-06
POST_HOC_NATIVE_TEXT_PATCH512_DIAGNOSTIC,10,dev_val,digital_2,b566fd5ec0c4cc1e41d8,turkiye-NM-1055,huawei,name,60,train/attack/digital_2/huawei/turkiye-NM-1055.jpg,train/bonafide/huawei/turkiye-NM-1055.jpg,942,818,1454,1330,1087,1014,1309,1134,0,attack,1,data/processed/text_patch512/dev_val/digital_2/attack/b566fd5ec0c4cc1e41d8.png,0.99951171875
POST_HOC_NATIVE_TEXT_PATCH512_DIAGNOSTIC,10,dev_val,digital_2,b566fd5ec0c4cc1e41d8,turkiye-NM-1055,huawei,name,60,train/attack/digital_2/huawei/turkiye-NM-1055.jpg,train/bonafide/huawei/turkiye-NM-1055.jpg,942,818,1454,1330,1087,1014,1309,1134,0,bonafide,0,data/processed/text_patch512/dev_val/digital_2/bonafide/b566fd5ec0c4cc1e41d8.png,0.0009055137634277344
POST_HOC_NATIVE_TEXT_PATCH512_DIAGNOSTIC,10,dev_val,digital_2,a7d32f1f7b530e86d0d0,turkiye-NM-1055,iphone15pro,dob,62,train/attack/digital_2/iphone15pro/turkiye-NM-1055.jpg,train/bonafide/iphone15pro/turkiye-NM-1055.jpg,1018,937,1530,1449,1175,1144,1373,1242,0,attack,1,data/processed/text_patch512/dev_val/digital_2/attack/a7d32f1f7b530e86d0d0.png,1.0
POST_HOC_NATIVE_TEXT_PATCH512_DIAGNOSTIC,10,dev_val,digital_2,a7d32f1f7b530e86d0d0,turkiye-NM-1055,iphone15pro,dob,62,train/attack/digital_2/iphone15pro/turkiye-NM-1055.jpg,train/bonafide/iphone15pro/turkiye-NM-1055.jpg,1018,937,1530,1449,1175,1144,1373,1242,0,bonafide,0,data/processed/text_patch512/dev_val/digital_2/bonafide/a7d32f1f7b530e86d0d0.png,0.0020580291748046875
POST_HOC_NATIVE_TEXT_PATCH512_DIAGNOSTIC,10,dev_val,digital_2,65c699d687d64adc0916,turkiye-NM-1055,iphone15pro,doe,62,train/attack/digital_2/iphone15pro/turkiye-NM-1055.jpg,train/bonafide/iphone15pro/turkiye-NM-1055.jpg,1030,1287,1542,1799,1188,1593,1383,1691,0,attack,1,data/processed/text_patch512/dev_val/digital_2/attack/65c699d687d64adc0916.png,1.0
POST_HOC_NATIVE_TEXT_PATCH512_DIAGNOSTIC,10,dev_val,digital_2,65c699d687d64adc0916,turkiye-NM-1055,iphone15pro,doe,62,train/attack/digital_2/iphone15pro/turkiye-NM-1055.jpg,train/bonafide/iphone15pro/turkiye-NM-1055.jpg,1030,1287,1542,1799,1188,1593,1383,1691,0,bonafide,0,data/processed/text_patch512/dev_val/digital_2/bonafide/65c699d687d64adc0916.png,0.0004718303680419922
POST_HOC_NATIVE_TEXT_PATCH512_DIAGNOSTIC,10,dev_val,digital_2,1e8c792e1c3c76ecb978,turkiye-NM-1055,iphone15pro,name,62,train/attack/digital_2/iphone15pro/turkiye-NM-1055.jpg,train/bonafide/iphone15pro/turkiye-NM-1055.jpg,874,714,1386,1226,967,921,1164,1019,0,attack,1,data/processed/text_patch512/dev_val/digital_2/attack/1e8c792e1c3c76ecb978.png,1.0
POST_HOC_NATIVE_TEXT_PATCH512_DIAGNOSTIC,10,dev_val,digital_2,1e8c792e1c3c76ecb978,turkiye-NM-1055,iphone15pro,name,62,train/attack/digital_2/iphone15pro/turkiye-NM-1055.jpg,train/bonafide/iphone15pro/turkiye-NM-1055.jpg,874,714,1386,1226,967,921,1164,1019,0,bonafide,0,data/processed/text_patch512/dev_val/digital_2/bonafide/1e8c792e1c3c76ecb978.png,0.0008106231689453125
POST_HOC_NATIVE_TEXT_PATCH512_DIAGNOSTIC,10,dev_val,digital_2,27e41dcafbd1bf35eba4,turkiye-NM-1055,scan,dob,74,train/attack/digital_2/scan/turkiye-NM-1055.jpg,train/bonafide/scan/turkiye-NM-1055.jpg,636,572,1148,1084,821,790,962,866,0,attack,1,data/processed/text_patch512/dev_val/digital_2/attack/27e41dcafbd1bf35eba4.png,1.0
POST_HOC_NATIVE_TEXT_PATCH512_DIAGNOSTIC,10,dev_val,digital_2,27e41dcafbd1bf35eba4,turkiye-NM-1055,scan,dob,74,train/attack/digital_2/scan/turkiye-NM-1055.jpg,train/bonafide/scan/turkiye-NM-1055.jpg,636,572,1148,1084,821,790,962,866,0,bonafide,0,data/processed/text_patch512/dev_val/digital_2/bonafide/27e41dcafbd1bf35eba4.png,0.0002732276916503906
POST_HOC_NATIVE_TEXT_PATCH512_DIAGNOSTIC,10,dev_val,digital_2,07c10b45456c95aa2169,turkiye-NM-1055,scan,doe,74,train/attack/digital_2/scan/turkiye-NM-1055.jpg,train/bonafide/scan/turkiye-NM-1055.jpg,630,737,1142,1249,815,1104,956,1180,0,attack,1,data/processed/text_patch512/dev_val/digital_2/attack/07c10b45456c95aa2169.png,1.0
POST_HOC_NATIVE_TEXT_PATCH512_DIAGNOSTIC,10,dev_val,digital_2,07c10b45456c95aa2169,turkiye-NM-1055,scan,doe,74,train/attack/digital_2/scan/turkiye-NM-1055.jpg,train/bonafide/scan/turkiye-NM-1055.jpg,630,737,1142,1249,815,1104,956,1180,0,bonafide,0,data/processed/text_patch512/dev_val/digital_2/bonafide/07c10b45456c95aa2169.png,0.0003800392150878906
POST_HOC_NATIVE_TEXT_PATCH512_DIAGNOSTIC,10,dev_val,digital_2,1b6d74f322f6f61428ab,turkiye-NM-1055,scan,name,74,train/attack/digital_2/scan/turkiye-NM-1055.jpg,train/bonafide/scan/turkiye-NM-1055.jpg,590,416,1102,928,680,635,820,709,0,attack,1,data/processed/text_patch512/dev_val/digital_2/attack/1b6d74f322f6f61428ab.png,1.0
POST_HOC_NATIVE_TEXT_PATCH512_DIAGNOSTIC,10,dev_val,digital_2,1b6d74f322f6f61428ab,turkiye-NM-1055,scan,name,74,train/attack/digital_2/scan/turkiye-NM-1055.jpg,train/bonafide/scan/turkiye-NM-1055.jpg,590,416,1102,928,680,635,820,709,0,bonafide,0,data/processed/text_patch512/dev_val/digital_2/bonafide/1b6d74f322f6f61428ab.png,0.0005192756652832031
POST_HOC_NATIVE_TEXT_PATCH512_DIAGNOSTIC,10,dev_val,digital_1,a597f3e3f9b80c24a9a3,ukraine-025_03,huawei,dob,69,train/attack/digital_1/huawei/ukraine-025_03.jpg,train/bonafide/huawei/ukraine-025_03.jpg,1151,870,1663,1382,1303,1068,1511,1183,0,attack,1,data/processed/text_patch512/dev_val/digital_1/attack/a597f3e3f9b80c24a9a3.png,1.0
POST_HOC_NATIVE_TEXT_PATCH512_DIAGNOSTIC,10,dev_val,digital_1,a597f3e3f9b80c24a9a3,ukraine-025_03,huawei,dob,69,train/attack/digital_1/huawei/ukraine-025_03.jpg,train/bonafide/huawei/ukraine-025_03.jpg,1151,870,1663,1382,1303,1068,1511,1183,0,bonafide,0,data/processed/text_patch512/dev_val/digital_1/bonafide/a597f3e3f9b80c24a9a3.png,0.00027632713317871094
POST_HOC_NATIVE_TEXT_PATCH512_DIAGNOSTIC,10,dev_val,digital_1,b144e4bfe28f72aa6770,ukraine-025_03,huawei,doe,69,train/attack/digital_1/huawei/ukraine-025_03.jpg,train/bonafide/huawei/ukraine-025_03.jpg,1136,1490,1648,2002,1288,1827,1496,1945,0,attack,1,data/processed/text_patch512/dev_val/digital_1/attack/b144e4bfe28f72aa6770.png,1.0
POST_HOC_NATIVE_TEXT_PATCH512_DIAGNOSTIC,10,dev_val,digital_1,b144e4bfe28f72aa6770,ukraine-025_03,huawei,doe,69,train/attack/digital_1/huawei/ukraine-025_03.jpg,train/bonafide/huawei/ukraine-025_03.jpg,1136,1490,1648,2002,1288,1827,1496,1945,0,bonafide,0,data/processed/text_patch512/dev_val/digital_1/bonafide/b144e4bfe28f72aa6770.png,0.001750946044921875
POST_HOC_NATIVE_TEXT_PATCH512_DIAGNOSTIC,10,dev_val,digital_1,0fb3ed41cea3aadb7fbb,ukraine-025_03,huawei,name_en,69,train/attack/digital_1/huawei/ukraine-025_03.jpg,train/bonafide/huawei/ukraine-025_03.jpg,938,631,1450,1143,1079,831,1309,943,0,attack,1,data/processed/text_patch512/dev_val/digital_1/attack/0fb3ed41cea3aadb7fbb.png,1.0
POST_HOC_NATIVE_TEXT_PATCH512_DIAGNOSTIC,10,dev_val,digital_1,0fb3ed41cea3aadb7fbb,ukraine-025_03,huawei,name_en,69,train/attack/digital_1/huawei/ukraine-025_03.jpg,train/bonafide/huawei/ukraine-025_03.jpg,938,631,1450,1143,1079,831,1309,943,0,bonafide,0,data/processed/text_patch512/dev_val/digital_1/bonafide/0fb3ed41cea3aadb7fbb.png,0.00019943714141845703
POST_HOC_NATIVE_TEXT_PATCH512_DIAGNOSTIC,10,dev_val,digital_1,2c0f07deadeddc805559,ukraine-025_03,iphone15pro,dob,81,train/attack/digital_1/iphone15pro/ukraine-025_03.jpg,train/bonafide/iphone15pro/ukraine-025_03.jpg,980,746,1492,1258,1145,957,1328,1047,0,attack,1,data/processed/text_patch512/dev_val/digital_1/attack/2c0f07deadeddc805559.png,1.0
POST_HOC_NATIVE_TEXT_PATCH512_DIAGNOSTIC,10,dev_val,digital_1,2c0f07deadeddc805559,ukraine-025_03,iphone15pro,dob,81,train/attack/digital_1/iphone15pro/ukraine-025_03.jpg,train/bonafide/iphone15pro/ukraine-025_03.jpg,980,746,1492,1258,1145,957,1328,1047,0,bonafide,0,data/processed/text_patch512/dev_val/digital_1/bonafide/2c0f07deadeddc805559.png,0.0001647472381591797
POST_HOC_NATIVE_TEXT_PATCH512_DIAGNOSTIC,10,dev_val,digital_1,8fb2b17003ccc3ac29f6,ukraine-025_03,iphone15pro,doe,81,train/attack/digital_1/iphone15pro/ukraine-025_03.jpg,train/bonafide/iphone15pro/ukraine-025_03.jpg,992,1279,1504,1791,1156,1629,1341,1722,0,attack,1,data/processed/text_patch512/dev_val/digital_1/attack/8fb2b17003ccc3ac29f6.png,1.0
POST_HOC_NATIVE_TEXT_PATCH512_DIAGNOSTIC,10,dev_val,digital_1,8fb2b17003ccc3ac29f6,ukraine-025_03,iphone15pro,doe,81,train/attack/digital_1/iphone15pro/ukraine-025_03.jpg,train/bonafide/iphone15pro/ukraine-025_03.jpg,992,1279,1504,1791,1156,1629,1341,1722,0,bonafide,0,data/processed/text_patch512/dev_val/digital_1/bonafide/8fb2b17003ccc3ac29f6.png,0.00013554096221923828
POST_HOC_NATIVE_TEXT_PATCH512_DIAGNOSTIC,10,dev_val,digital_1,de129a89ddd9db2a4830,ukraine-025_03,iphone15pro,name_en,81,train/attack/digital_1/iphone15pro/ukraine-025_03.jpg,train/bonafide/iphone15pro/ukraine-025_03.jpg,850,538,1362,1050,941,747,1143,840,0,attack,1,data/processed/text_patch512/dev_val/digital_1/attack/de129a89ddd9db2a4830.png,1.0
POST_HOC_NATIVE_TEXT_PATCH512_DIAGNOSTIC,10,dev_val,digital_1,de129a89ddd9db2a4830,ukraine-025_03,iphone15pro,name_en,81,train/attack/digital_1/iphone15pro/ukraine-025_03.jpg,train/bonafide/iphone15pro/ukraine-025_03.jpg,850,538,1362,1050,941,747,1143,840,0,bonafide,0,data/processed/text_patch512/dev_val/digital_1/bonafide/de129a89ddd9db2a4830.png,0.0004215240478515625
POST_HOC_NATIVE_TEXT_PATCH512_DIAGNOSTIC,10,dev_val,digital_1,cf0a6083c0228306e33b,ukraine-025_03,scan,dob,57,train/attack/digital_1/scan/ukraine-025_03.jpg,train/bonafide/scan/ukraine-025_03.jpg,612,444,1124,956,802,665,935,736,0,attack,1,data/processed/text_patch512/dev_val/digital_1/attack/cf0a6083c0228306e33b.png,1.0
POST_HOC_NATIVE_TEXT_PATCH512_DIAGNOSTIC,10,dev_val,digital_1,cf0a6083c0228306e33b,ukraine-025_03,scan,dob,57,train/attack/digital_1/scan/ukraine-025_03.jpg,train/bonafide/scan/ukraine-025_03.jpg,612,444,1124,956,802,665,935,736,0,bonafide,0,data/processed/text_patch512/dev_val/digital_1/bonafide/cf0a6083c0228306e33b.png,0.004238128662109375
POST_HOC_NATIVE_TEXT_PATCH512_DIAGNOSTIC,10,dev_val,digital_1,d012869831a835f1a9d5,ukraine-025_03,scan,doe,57,train/attack/digital_1/scan/ukraine-025_03.jpg,train/bonafide/scan/ukraine-025_03.jpg,604,739,1116,1251,793,1136,926,1207,0,attack,1,data/processed/text_patch512/dev_val/digital_1/attack/d012869831a835f1a9d5.png,0.99951171875
POST_HOC_NATIVE_TEXT_PATCH512_DIAGNOSTIC,10,dev_val,digital_1,d012869831a835f1a9d5,ukraine-025_03,scan,doe,57,train/attack/digital_1/scan/ukraine-025_03.jpg,train/bonafide/scan/ukraine-025_03.jpg,604,739,1116,1251,793,1136,926,1207,0,bonafide,0,data/processed/text_patch512/dev_val/digital_1/bonafide/d012869831a835f1a9d5.png,0.0104522705078125
POST_HOC_NATIVE_TEXT_PATCH512_DIAGNOSTIC,10,dev_val,digital_1,41a665160efe97bb7886,ukraine-025_03,scan,name_en,57,train/attack/digital_1/scan/ukraine-025_03.jpg,train/bonafide/scan/ukraine-025_03.jpg,580,296,1092,808,669,516,811,587,0,attack,1,data/processed/text_patch512/dev_val/digital_1/attack/41a665160efe97bb7886.png,1.0
POST_HOC_NATIVE_TEXT_PATCH512_DIAGNOSTIC,10,dev_val,digital_1,41a665160efe97bb7886,ukraine-025_03,scan,name_en,57,train/attack/digital_1/scan/ukraine-025_03.jpg,train/bonafide/scan/ukraine-025_03.jpg,580,296,1092,808,669,516,811,587,0,bonafide,0,data/processed/text_patch512/dev_val/digital_1/bonafide/41a665160efe97bb7886.png,0.006587982177734375
POST_HOC_NATIVE_TEXT_PATCH512_DIAGNOSTIC,10,dev_val,digital_2,dcb9c668f6f11178e0c6,ukraine-025_03,huawei,dob,69,train/attack/digital_2/huawei/ukraine-025_03.jpg,train/bonafide/huawei/ukraine-025_03.jpg,1151,870,1663,1382,1303,1068,1511,1183,0,attack,1,data/processed/text_patch512/dev_val/digital_2/attack/dcb9c668f6f11178e0c6.png,1.0
POST_HOC_NATIVE_TEXT_PATCH512_DIAGNOSTIC,10,dev_val,digital_2,dcb9c668f6f11178e0c6,ukraine-025_03,huawei,dob,69,train/attack/digital_2/huawei/ukraine-025_03.jpg,train/bonafide/huawei/ukraine-025_03.jpg,1151,870,1663,1382,1303,1068,1511,1183,0,bonafide,0,data/processed/text_patch512/dev_val/digital_2/bonafide/dcb9c668f6f11178e0c6.png,0.00027632713317871094
POST_HOC_NATIVE_TEXT_PATCH512_DIAGNOSTIC,10,dev_val,digital_2,a3e926bff77dcdeac9ac,ukraine-025_03,huawei,doe,69,train/attack/digital_2/huawei/ukraine-025_03.jpg,train/bonafide/huawei/ukraine-025_03.jpg,1136,1490,1648,2002,1288,1827,1496,1945,0,attack,1,data/processed/text_patch512/dev_val/digital_2/attack/a3e926bff77dcdeac9ac.png,1.0
POST_HOC_NATIVE_TEXT_PATCH512_DIAGNOSTIC,10,dev_val,digital_2,a3e926bff77dcdeac9ac,ukraine-025_03,huawei,doe,69,train/attack/digital_2/huawei/ukraine-025_03.jpg,train/bonafide/huawei/ukraine-025_03.jpg,1136,1490,1648,2002,1288,1827,1496,1945,0,bonafide,0,data/processed/text_patch512/dev_val/digital_2/bonafide/a3e926bff77dcdeac9ac.png,0.001750946044921875
POST_HOC_NATIVE_TEXT_PATCH512_DIAGNOSTIC,10,dev_val,digital_2,7b2534ca6630952dd35f,ukraine-025_03,huawei,name_en,69,train/attack/digital_2/huawei/ukraine-025_03.jpg,train/bonafide/huawei/ukraine-025_03.jpg,938,631,1450,1143,1079,831,1309,943,0,attack,1,data/processed/text_patch512/dev_val/digital_2/attack/7b2534ca6630952dd35f.png,1.0
POST_HOC_NATIVE_TEXT_PATCH512_DIAGNOSTIC,10,dev_val,digital_2,7b2534ca6630952dd35f,ukraine-025_03,huawei,name_en,69,train/attack/digital_2/huawei/ukraine-025_03.jpg,train/bonafide/huawei/ukraine-025_03.jpg,938,631,1450,1143,1079,831,1309,943,0,bonafide,0,data/processed/text_patch512/dev_val/digital_2/bonafide/7b2534ca6630952dd35f.png,0.00019943714141845703
POST_HOC_NATIVE_TEXT_PATCH512_DIAGNOSTIC,10,dev_val,digital_2,f48bd9260a53b2b8e5ce,ukraine-025_03,iphone15pro,dob,81,train/attack/digital_2/iphone15pro/ukraine-025_03.jpg,train/bonafide/iphone15pro/ukraine-025_03.jpg,980,746,1492,1258,1145,957,1328,1047,0,attack,1,data/processed/text_patch512/dev_val/digital_2/attack/f48bd9260a53b2b8e5ce.png,1.0
POST_HOC_NATIVE_TEXT_PATCH512_DIAGNOSTIC,10,dev_val,digital_2,f48bd9260a53b2b8e5ce,ukraine-025_03,iphone15pro,dob,81,train/attack/digital_2/iphone15pro/ukraine-025_03.jpg,train/bonafide/iphone15pro/ukraine-025_03.jpg,980,746,1492,1258,1145,957,1328,1047,0,bonafide,0,data/processed/text_patch512/dev_val/digital_2/bonafide/f48bd9260a53b2b8e5ce.png,0.0001647472381591797
POST_HOC_NATIVE_TEXT_PATCH512_DIAGNOSTIC,10,dev_val,digital_2,9944a4e63842e1d93ad0,ukraine-025_03,iphone15pro,doe,81,train/attack/digital_2/iphone15pro/ukraine-025_03.jpg,train/bonafide/iphone15pro/ukraine-025_03.jpg,992,1279,1504,1791,1156,1629,1341,1722,0,attack,1,data/processed/text_patch512/dev_val/digital_2/attack/9944a4e63842e1d93ad0.png,1.0
POST_HOC_NATIVE_TEXT_PATCH512_DIAGNOSTIC,10,dev_val,digital_2,9944a4e63842e1d93ad0,ukraine-025_03,iphone15pro,doe,81,train/attack/digital_2/iphone15pro/ukraine-025_03.jpg,train/bonafide/iphone15pro/ukraine-025_03.jpg,992,1279,1504,1791,1156,1629,1341,1722,0,bonafide,0,data/processed/text_patch512/dev_val/digital_2/bonafide/9944a4e63842e1d93ad0.png,0.00013554096221923828
POST_HOC_NATIVE_TEXT_PATCH512_DIAGNOSTIC,10,dev_val,digital_2,2472debb726d4ea11c92,ukraine-025_03,iphone15pro,name_en,81,train/attack/digital_2/iphone15pro/ukraine-025_03.jpg,train/bonafide/iphone15pro/ukraine-025_03.jpg,850,538,1362,1050,941,747,1143,840,0,attack,1,data/processed/text_patch512/dev_val/digital_2/attack/2472debb726d4ea11c92.png,1.0
POST_HOC_NATIVE_TEXT_PATCH512_DIAGNOSTIC,10,dev_val,digital_2,2472debb726d4ea11c92,ukraine-025_03,iphone15pro,name_en,81,train/attack/digital_2/iphone15pro/ukraine-025_03.jpg,train/bonafide/iphone15pro/ukraine-025_03.jpg,850,538,1362,1050,941,747,1143,840,0,bonafide,0,data/processed/text_patch512/dev_val/digital_2/bonafide/2472debb726d4ea11c92.png,0.0004215240478515625
POST_HOC_NATIVE_TEXT_PATCH512_DIAGNOSTIC,10,dev_val,digital_2,42c37554f4c99aac58bd,ukraine-025_03,scan,dob,57,train/attack/digital_2/scan/ukraine-025_03.jpg,train/bonafide/scan/ukraine-025_03.jpg,612,444,1124,956,802,665,935,736,0,attack,1,data/processed/text_patch512/dev_val/digital_2/attack/42c37554f4c99aac58bd.png,1.0
POST_HOC_NATIVE_TEXT_PATCH512_DIAGNOSTIC,10,dev_val,digital_2,42c37554f4c99aac58bd,ukraine-025_03,scan,dob,57,train/attack/digital_2/scan/ukraine-025_03.jpg,train/bonafide/scan/ukraine-025_03.jpg,612,444,1124,956,802,665,935,736,0,bonafide,0,data/processed/text_patch512/dev_val/digital_2/bonafide/42c37554f4c99aac58bd.png,0.004238128662109375
POST_HOC_NATIVE_TEXT_PATCH512_DIAGNOSTIC,10,dev_val,digital_2,21a073b6ba3ae1abc1c6,ukraine-025_03,scan,doe,57,train/attack/digital_2/scan/ukraine-025_03.jpg,train/bonafide/scan/ukraine-025_03.jpg,604,739,1116,1251,793,1136,926,1207,0,attack,1,data/processed/text_patch512/dev_val/digital_2/attack/21a073b6ba3ae1abc1c6.png,1.0
POST_HOC_NATIVE_TEXT_PATCH512_DIAGNOSTIC,10,dev_val,digital_2,21a073b6ba3ae1abc1c6,ukraine-025_03,scan,doe,57,train/attack/digital_2/scan/ukraine-025_03.jpg,train/bonafide/scan/ukraine-025_03.jpg,604,739,1116,1251,793,1136,926,1207,0,bonafide,0,data/processed/text_patch512/dev_val/digital_2/bonafide/21a073b6ba3ae1abc1c6.png,0.0104522705078125
POST_HOC_NATIVE_TEXT_PATCH512_DIAGNOSTIC,10,dev_val,digital_2,c783d60d42a707585cfd,ukraine-025_03,scan,name_en,57,train/attack/digital_2/scan/ukraine-025_03.jpg,train/bonafide/scan/ukraine-025_03.jpg,580,296,1092,808,669,516,811,587,0,attack,1,data/processed/text_patch512/dev_val/digital_2/attack/c783d60d42a707585cfd.png,1.0
POST_HOC_NATIVE_TEXT_PATCH512_DIAGNOSTIC,10,dev_val,digital_2,c783d60d42a707585cfd,ukraine-025_03,scan,name_en,57,train/attack/digital_2/scan/ukraine-025_03.jpg,train/bonafide/scan/ukraine-025_03.jpg,580,296,1092,808,669,516,811,587,0,bonafide,0,data/processed/text_patch512/dev_val/digital_2/bonafide/c783d60d42a707585cfd.png,0.006587982177734375
POST_HOC_NATIVE_TEXT_PATCH512_DIAGNOSTIC,10,dev_val,digital_1,b642a4d6dae57ead348d,ukraine-NF-1068,huawei,dob,50,train/attack/digital_1/huawei/ukraine-NF-1068.jpg,train/bonafide/huawei/ukraine-NF-1068.jpg,1146,860,1658,1372,1298,1058,1506,1173,0,attack,1,data/processed/text_patch512/dev_val/digital_1/attack/b642a4d6dae57ead348d.png,1.0
POST_HOC_NATIVE_TEXT_PATCH512_DIAGNOSTIC,10,dev_val,digital_1,b642a4d6dae57ead348d,ukraine-NF-1068,huawei,dob,50,train/attack/digital_1/huawei/ukraine-NF-1068.jpg,train/bonafide/huawei/ukraine-NF-1068.jpg,1146,860,1658,1372,1298,1058,1506,1173,0,bonafide,0,data/processed/text_patch512/dev_val/digital_1/bonafide/b642a4d6dae57ead348d.png,0.02740478515625
POST_HOC_NATIVE_TEXT_PATCH512_DIAGNOSTIC,10,dev_val,digital_1,095927f6f2ad443e9d3a,ukraine-NF-1068,huawei,doe,50,train/attack/digital_1/huawei/ukraine-NF-1068.jpg,train/bonafide/huawei/ukraine-NF-1068.jpg,1132,1468,1644,1980,1284,1812,1492,1929,0,attack,1,data/processed/text_patch512/dev_val/digital_1/attack/095927f6f2ad443e9d3a.png,1.0
POST_HOC_NATIVE_TEXT_PATCH512_DIAGNOSTIC,10,dev_val,digital_1,095927f6f2ad443e9d3a,ukraine-NF-1068,huawei,doe,50,train/attack/digital_1/huawei/ukraine-NF-1068.jpg,train/bonafide/huawei/ukraine-NF-1068.jpg,1132,1468,1644,1980,1284,1812,1492,1929,0,bonafide,0,data/processed/text_patch512/dev_val/digital_1/bonafide/095927f6f2ad443e9d3a.png,0.0004165172576904297
POST_HOC_NATIVE_TEXT_PATCH512_DIAGNOSTIC,10,dev_val,digital_1,db1817b37ebabaa42ac0,ukraine-NF-1068,huawei,name_en,50,train/attack/digital_1/huawei/ukraine-NF-1068.jpg,train/bonafide/huawei/ukraine-NF-1068.jpg,956,622,1468,1134,1076,822,1284,934,0,attack,1,data/processed/text_patch512/dev_val/digital_1/attack/db1817b37ebabaa42ac0.png,0.9990234375
POST_HOC_NATIVE_TEXT_PATCH512_DIAGNOSTIC,10,dev_val,digital_1,db1817b37ebabaa42ac0,ukraine-NF-1068,huawei,name_en,50,train/attack/digital_1/huawei/ukraine-NF-1068.jpg,train/bonafide/huawei/ukraine-NF-1068.jpg,956,622,1468,1134,1076,822,1284,934,0,bonafide,0,data/processed/text_patch512/dev_val/digital_1/bonafide/db1817b37ebabaa42ac0.png,1.2934207916259766e-05
POST_HOC_NATIVE_TEXT_PATCH512_DIAGNOSTIC,10,dev_val,digital_1,be74d43594c7b8bcb7df,ukraine-NF-1068,iphone15pro,dob,79,train/attack/digital_1/iphone15pro/ukraine-NF-1068.jpg,train/bonafide/iphone15pro/ukraine-NF-1068.jpg,990,758,1502,1270,1153,968,1339,1059,0,attack,1,data/processed/text_patch512/dev_val/digital_1/attack/be74d43594c7b8bcb7df.png,1.0
POST_HOC_NATIVE_TEXT_PATCH512_DIAGNOSTIC,10,dev_val,digital_1,be74d43594c7b8bcb7df,ukraine-NF-1068,iphone15pro,dob,79,train/attack/digital_1/iphone15pro/ukraine-NF-1068.jpg,train/bonafide/iphone15pro/ukraine-NF-1068.jpg,990,758,1502,1270,1153,968,1339,1059,0,bonafide,0,data/processed/text_patch512/dev_val/digital_1/bonafide/be74d43594c7b8bcb7df.png,0.0009717941284179688
POST_HOC_NATIVE_TEXT_PATCH512_DIAGNOSTIC,10,dev_val,digital_1,aee739b0cf427f3ecd77,ukraine-NF-1068,iphone15pro,doe,79,train/attack/digital_1/iphone15pro/ukraine-NF-1068.jpg,train/bonafide/iphone15pro/ukraine-NF-1068.jpg,999,1287,1511,1799,1163,1642,1347,1733,0,attack,1,data/processed/text_patch512/dev_val/digital_1/attack/aee739b0cf427f3ecd77.png,1.0
POST_HOC_NATIVE_TEXT_PATCH512_DIAGNOSTIC,10,dev_val,digital_1,aee739b0cf427f3ecd77,ukraine-NF-1068,iphone15pro,doe,79,train/attack/digital_1/iphone15pro/ukraine-NF-1068.jpg,train/bonafide/iphone15pro/ukraine-NF-1068.jpg,999,1287,1511,1799,1163,1642,1347,1733,0,bonafide,0,data/processed/text_patch512/dev_val/digital_1/bonafide/aee739b0cf427f3ecd77.png,0.00019073486328125
POST_HOC_NATIVE_TEXT_PATCH512_DIAGNOSTIC,10,dev_val,digital_1,521dabfa9a459867c3ad,ukraine-NF-1068,iphone15pro,name_en,79,train/attack/digital_1/iphone15pro/ukraine-NF-1068.jpg,train/bonafide/iphone15pro/ukraine-NF-1068.jpg,855,548,1367,1060,955,757,1139,850,0,attack,1,data/processed/text_patch512/dev_val/digital_1/attack/521dabfa9a459867c3ad.png,1.0
POST_HOC_NATIVE_TEXT_PATCH512_DIAGNOSTIC,10,dev_val,digital_1,521dabfa9a459867c3ad,ukraine-NF-1068,iphone15pro,name_en,79,train/attack/digital_1/iphone15pro/ukraine-NF-1068.jpg,train/bonafide/iphone15pro/ukraine-NF-1068.jpg,855,548,1367,1060,955,757,1139,850,0,bonafide,0,data/processed/text_patch512/dev_val/digital_1/bonafide/521dabfa9a459867c3ad.png,0.001018524169921875
POST_HOC_NATIVE_TEXT_PATCH512_DIAGNOSTIC,10,dev_val,digital_1,337b0cc088d46dec7445,ukraine-NF-1068,scan,dob,77,train/attack/digital_1/scan/ukraine-NF-1068.jpg,train/bonafide/scan/ukraine-NF-1068.jpg,622,450,1134,962,812,674,943,738,0,attack,1,data/processed/text_patch512/dev_val/digital_1/attack/337b0cc088d46dec7445.png,1.0
POST_HOC_NATIVE_TEXT_PATCH512_DIAGNOSTIC,10,dev_val,digital_1,337b0cc088d46dec7445,ukraine-NF-1068,scan,dob,77,train/attack/digital_1/scan/ukraine-NF-1068.jpg,train/bonafide/scan/ukraine-NF-1068.jpg,622,450,1134,962,812,674,943,738,0,bonafide,0,data/processed/text_patch512/dev_val/digital_1/bonafide/337b0cc088d46dec7445.png,0.0154571533203125
POST_HOC_NATIVE_TEXT_PATCH512_DIAGNOSTIC,10,dev_val,digital_1,b5d160433803cd494b8d,ukraine-NF-1068,scan,doe,77,train/attack/digital_1/scan/ukraine-NF-1068.jpg,train/bonafide/scan/ukraine-NF-1068.jpg,630,736,1142,1248,821,1144,952,1208,0,attack,1,data/processed/text_patch512/dev_val/digital_1/attack/b5d160433803cd494b8d.png,1.0
POST_HOC_NATIVE_TEXT_PATCH512_DIAGNOSTIC,10,dev_val,digital_1,b5d160433803cd494b8d,ukraine-NF-1068,scan,doe,77,train/attack/digital_1/scan/ukraine-NF-1068.jpg,train/bonafide/scan/ukraine-NF-1068.jpg,630,736,1142,1248,821,1144,952,1208,0,bonafide,0,data/processed/text_patch512/dev_val/digital_1/bonafide/b5d160433803cd494b8d.png,0.0068511962890625
POST_HOC_NATIVE_TEXT_PATCH512_DIAGNOSTIC,10,dev_val,digital_1,0cbfee766dfb62e6cff5,ukraine-NF-1068,scan,name_en,77,train/attack/digital_1/scan/ukraine-NF-1068.jpg,train/bonafide/scan/ukraine-NF-1068.jpg,607,302,1119,814,669,525,801,591,0,attack,1,data/processed/text_patch512/dev_val/digital_1/attack/0cbfee766dfb62e6cff5.png,0.99560546875
POST_HOC_NATIVE_TEXT_PATCH512_DIAGNOSTIC,10,dev_val,digital_1,0cbfee766dfb62e6cff5,ukraine-NF-1068,scan,name_en,77,train/attack/digital_1/scan/ukraine-NF-1068.jpg,train/bonafide/scan/ukraine-NF-1068.jpg,607,302,1119,814,669,525,801,591,0,bonafide,0,data/processed/text_patch512/dev_val/digital_1/bonafide/0cbfee766dfb62e6cff5.png,0.05535888671875
POST_HOC_NATIVE_TEXT_PATCH512_DIAGNOSTIC,10,dev_val,digital_2,5677b8f5675d100b4276,ukraine-NF-1068,huawei,dob,50,train/attack/digital_2/huawei/ukraine-NF-1068.jpg,train/bonafide/huawei/ukraine-NF-1068.jpg,1146,860,1658,1372,1298,1058,1506,1173,0,attack,1,data/processed/text_patch512/dev_val/digital_2/attack/5677b8f5675d100b4276.png,1.0
POST_HOC_NATIVE_TEXT_PATCH512_DIAGNOSTIC,10,dev_val,digital_2,5677b8f5675d100b4276,ukraine-NF-1068,huawei,dob,50,train/attack/digital_2/huawei/ukraine-NF-1068.jpg,train/bonafide/huawei/ukraine-NF-1068.jpg,1146,860,1658,1372,1298,1058,1506,1173,0,bonafide,0,data/processed/text_patch512/dev_val/digital_2/bonafide/5677b8f5675d100b4276.png,0.02740478515625
POST_HOC_NATIVE_TEXT_PATCH512_DIAGNOSTIC,10,dev_val,digital_2,e47d29372bfcc2f55cbc,ukraine-NF-1068,huawei,doe,50,train/attack/digital_2/huawei/ukraine-NF-1068.jpg,train/bonafide/huawei/ukraine-NF-1068.jpg,1132,1468,1644,1980,1284,1812,1492,1929,0,attack,1,data/processed/text_patch512/dev_val/digital_2/attack/e47d29372bfcc2f55cbc.png,1.0
POST_HOC_NATIVE_TEXT_PATCH512_DIAGNOSTIC,10,dev_val,digital_2,e47d29372bfcc2f55cbc,ukraine-NF-1068,huawei,doe,50,train/attack/digital_2/huawei/ukraine-NF-1068.jpg,train/bonafide/huawei/ukraine-NF-1068.jpg,1132,1468,1644,1980,1284,1812,1492,1929,0,bonafide,0,data/processed/text_patch512/dev_val/digital_2/bonafide/e47d29372bfcc2f55cbc.png,0.0004165172576904297
POST_HOC_NATIVE_TEXT_PATCH512_DIAGNOSTIC,10,dev_val,digital_2,d0112de70cebd300612f,ukraine-NF-1068,huawei,name_en,50,train/attack/digital_2/huawei/ukraine-NF-1068.jpg,train/bonafide/huawei/ukraine-NF-1068.jpg,924,622,1436,1134,1076,822,1284,934,0,attack,1,data/processed/text_patch512/dev_val/digital_2/attack/d0112de70cebd300612f.png,0.99853515625
POST_HOC_NATIVE_TEXT_PATCH512_DIAGNOSTIC,10,dev_val,digital_2,d0112de70cebd300612f,ukraine-NF-1068,huawei,name_en,50,train/attack/digital_2/huawei/ukraine-NF-1068.jpg,train/bonafide/huawei/ukraine-NF-1068.jpg,924,622,1436,1134,1076,822,1284,934,0,bonafide,0,data/processed/text_patch512/dev_val/digital_2/bonafide/d0112de70cebd300612f.png,1.2159347534179688e-05
POST_HOC_NATIVE_TEXT_PATCH512_DIAGNOSTIC,10,dev_val,digital_2,69496accdb93a7c3444e,ukraine-NF-1068,iphone15pro,dob,79,train/attack/digital_2/iphone15pro/ukraine-NF-1068.jpg,train/bonafide/iphone15pro/ukraine-NF-1068.jpg,990,758,1502,1270,1153,968,1339,1059,0,attack,1,data/processed/text_patch512/dev_val/digital_2/attack/69496accdb93a7c3444e.png,1.0
POST_HOC_NATIVE_TEXT_PATCH512_DIAGNOSTIC,10,dev_val,digital_2,69496accdb93a7c3444e,ukraine-NF-1068,iphone15pro,dob,79,train/attack/digital_2/iphone15pro/ukraine-NF-1068.jpg,train/bonafide/iphone15pro/ukraine-NF-1068.jpg,990,758,1502,1270,1153,968,1339,1059,0,bonafide,0,data/processed/text_patch512/dev_val/digital_2/bonafide/69496accdb93a7c3444e.png,0.0009717941284179688
POST_HOC_NATIVE_TEXT_PATCH512_DIAGNOSTIC,10,dev_val,digital_2,8dbffd5f03fc6989b6e4,ukraine-NF-1068,iphone15pro,doe,79,train/attack/digital_2/iphone15pro/ukraine-NF-1068.jpg,train/bonafide/iphone15pro/ukraine-NF-1068.jpg,999,1287,1511,1799,1163,1642,1347,1733,0,attack,1,data/processed/text_patch512/dev_val/digital_2/attack/8dbffd5f03fc6989b6e4.png,1.0
POST_HOC_NATIVE_TEXT_PATCH512_DIAGNOSTIC,10,dev_val,digital_2,8dbffd5f03fc6989b6e4,ukraine-NF-1068,iphone15pro,doe,79,train/attack/digital_2/iphone15pro/ukraine-NF-1068.jpg,train/bonafide/iphone15pro/ukraine-NF-1068.jpg,999,1287,1511,1799,1163,1642,1347,1733,0,bonafide,0,data/processed/text_patch512/dev_val/digital_2/bonafide/8dbffd5f03fc6989b6e4.png,0.00019073486328125
POST_HOC_NATIVE_TEXT_PATCH512_DIAGNOSTIC,10,dev_val,digital_2,2ef4fbb0578d727e7bf1,ukraine-NF-1068,iphone15pro,name_en,79,train/attack/digital_2/iphone15pro/ukraine-NF-1068.jpg,train/bonafide/iphone15pro/ukraine-NF-1068.jpg,855,548,1367,1060,955,757,1139,850,0,attack,1,data/processed/text_patch512/dev_val/digital_2/attack/2ef4fbb0578d727e7bf1.png,1.0
POST_HOC_NATIVE_TEXT_PATCH512_DIAGNOSTIC,10,dev_val,digital_2,2ef4fbb0578d727e7bf1,ukraine-NF-1068,iphone15pro,name_en,79,train/attack/digital_2/iphone15pro/ukraine-NF-1068.jpg,train/bonafide/iphone15pro/ukraine-NF-1068.jpg,855,548,1367,1060,955,757,1139,850,0,bonafide,0,data/processed/text_patch512/dev_val/digital_2/bonafide/2ef4fbb0578d727e7bf1.png,0.001018524169921875
POST_HOC_NATIVE_TEXT_PATCH512_DIAGNOSTIC,10,dev_val,digital_2,377c818c3e73a9390d28,ukraine-NF-1068,scan,dob,77,train/attack/digital_2/scan/ukraine-NF-1068.jpg,train/bonafide/scan/ukraine-NF-1068.jpg,622,450,1134,962,812,674,943,738,0,attack,1,data/processed/text_patch512/dev_val/digital_2/attack/377c818c3e73a9390d28.png,1.0
POST_HOC_NATIVE_TEXT_PATCH512_DIAGNOSTIC,10,dev_val,digital_2,377c818c3e73a9390d28,ukraine-NF-1068,scan,dob,77,train/attack/digital_2/scan/ukraine-NF-1068.jpg,train/bonafide/scan/ukraine-NF-1068.jpg,622,450,1134,962,812,674,943,738,0,bonafide,0,data/processed/text_patch512/dev_val/digital_2/bonafide/377c818c3e73a9390d28.png,0.0154571533203125
POST_HOC_NATIVE_TEXT_PATCH512_DIAGNOSTIC,10,dev_val,digital_2,86b431522c6695025bd1,ukraine-NF-1068,scan,doe,77,train/attack/digital_2/scan/ukraine-NF-1068.jpg,train/bonafide/scan/ukraine-NF-1068.jpg,630,736,1142,1248,821,1144,952,1208,0,attack,1,data/processed/text_patch512/dev_val/digital_2/attack/86b431522c6695025bd1.png,0.99951171875
POST_HOC_NATIVE_TEXT_PATCH512_DIAGNOSTIC,10,dev_val,digital_2,86b431522c6695025bd1,ukraine-NF-1068,scan,doe,77,train/attack/digital_2/scan/ukraine-NF-1068.jpg,train/bonafide/scan/ukraine-NF-1068.jpg,630,736,1142,1248,821,1144,952,1208,0,bonafide,0,data/processed/text_patch512/dev_val/digital_2/bonafide/86b431522c6695025bd1.png,0.0068511962890625
POST_HOC_NATIVE_TEXT_PATCH512_DIAGNOSTIC,10,dev_val,digital_2,bee9c2f23d3b10a558b1,ukraine-NF-1068,scan,name_en,77,train/attack/digital_2/scan/ukraine-NF-1068.jpg,train/bonafide/scan/ukraine-NF-1068.jpg,607,302,1119,814,669,525,801,591,0,attack,1,data/processed/text_patch512/dev_val/digital_2/attack/bee9c2f23d3b10a558b1.png,0.99951171875
POST_HOC_NATIVE_TEXT_PATCH512_DIAGNOSTIC,10,dev_val,digital_2,bee9c2f23d3b10a558b1,ukraine-NF-1068,scan,name_en,77,train/attack/digital_2/scan/ukraine-NF-1068.jpg,train/bonafide/scan/ukraine-NF-1068.jpg,607,302,1119,814,669,525,801,591,0,bonafide,0,data/processed/text_patch512/dev_val/digital_2/bonafide/bee9c2f23d3b10a558b1.png,0.05535888671875
POST_HOC_NATIVE_TEXT_PATCH512_DIAGNOSTIC,10,dev_val,digital_1,70587bee7eb47fede672,ukraine-NF-1073,huawei,dob,66,train/attack/digital_1/huawei/ukraine-NF-1073.jpg,train/bonafide/huawei/ukraine-NF-1073.jpg,1132,852,1644,1364,1283,1051,1494,1165,0,attack,1,data/processed/text_patch512/dev_val/digital_1/attack/70587bee7eb47fede672.png,1.0
POST_HOC_NATIVE_TEXT_PATCH512_DIAGNOSTIC,10,dev_val,digital_1,70587bee7eb47fede672,ukraine-NF-1073,huawei,dob,66,train/attack/digital_1/huawei/ukraine-NF-1073.jpg,train/bonafide/huawei/ukraine-NF-1073.jpg,1132,852,1644,1364,1283,1051,1494,1165,0,bonafide,0,data/processed/text_patch512/dev_val/digital_1/bonafide/70587bee7eb47fede672.png,0.00011414289474487305
POST_HOC_NATIVE_TEXT_PATCH512_DIAGNOSTIC,10,dev_val,digital_1,21e10d69de91910cd6fd,ukraine-NF-1073,huawei,doe,66,train/attack/digital_1/huawei/ukraine-NF-1073.jpg,train/bonafide/huawei/ukraine-NF-1073.jpg,1117,1450,1629,1962,1269,1797,1477,1914,0,attack,1,data/processed/text_patch512/dev_val/digital_1/attack/21e10d69de91910cd6fd.png,1.0
POST_HOC_NATIVE_TEXT_PATCH512_DIAGNOSTIC,10,dev_val,digital_1,21e10d69de91910cd6fd,ukraine-NF-1073,huawei,doe,66,train/attack/digital_1/huawei/ukraine-NF-1073.jpg,train/bonafide/huawei/ukraine-NF-1073.jpg,1117,1450,1629,1962,1269,1797,1477,1914,0,bonafide,0,data/processed/text_patch512/dev_val/digital_1/bonafide/21e10d69de91910cd6fd.png,0.00015842914581298828
POST_HOC_NATIVE_TEXT_PATCH512_DIAGNOSTIC,10,dev_val,digital_1,4ee481d045f0f2bf6a7c,ukraine-NF-1073,huawei,name_en,66,train/attack/digital_1/huawei/ukraine-NF-1073.jpg,train/bonafide/huawei/ukraine-NF-1073.jpg,1072,616,1584,1128,1072,817,1251,928,0,attack,1,data/processed/text_patch512/dev_val/digital_1/attack/4ee481d045f0f2bf6a7c.png,1.0
POST_HOC_NATIVE_TEXT_PATCH512_DIAGNOSTIC,10,dev_val,digital_1,4ee481d045f0f2bf6a7c,ukraine-NF-1073,huawei,name_en,66,train/attack/digital_1/huawei/ukraine-NF-1073.jpg,train/bonafide/huawei/ukraine-NF-1073.jpg,1072,616,1584,1128,1072,817,1251,928,0,bonafide,0,data/processed/text_patch512/dev_val/digital_1/bonafide/4ee481d045f0f2bf6a7c.png,0.00042891502380371094
POST_HOC_NATIVE_TEXT_PATCH512_DIAGNOSTIC,10,dev_val,digital_1,b22eb04e06b8fea379ec,ukraine-NF-1073,iphone15pro,dob,57,train/attack/digital_1/iphone15pro/ukraine-NF-1073.jpg,train/bonafide/iphone15pro/ukraine-NF-1073.jpg,1012,754,1524,1266,1143,965,1328,1056,0,attack,1,data/processed/text_patch512/dev_val/digital_1/attack/b22eb04e06b8fea379ec.png,1.0
POST_HOC_NATIVE_TEXT_PATCH512_DIAGNOSTIC,10,dev_val,digital_1,b22eb04e06b8fea379ec,ukraine-NF-1073,iphone15pro,dob,57,train/attack/digital_1/iphone15pro/ukraine-NF-1073.jpg,train/bonafide/iphone15pro/ukraine-NF-1073.jpg,1012,754,1524,1266,1143,965,1328,1056,0,bonafide,0,data/processed/text_patch512/dev_val/digital_1/bonafide/b22eb04e06b8fea379ec.png,0.0001055598258972168
POST_HOC_NATIVE_TEXT_PATCH512_DIAGNOSTIC,10,dev_val,digital_1,ee10a9643e9dd290efce,ukraine-NF-1073,iphone15pro,doe,57,train/attack/digital_1/iphone15pro/ukraine-NF-1073.jpg,train/bonafide/iphone15pro/ukraine-NF-1073.jpg,992,1283,1504,1795,1156,1640,1341,1731,0,attack,1,data/processed/text_patch512/dev_val/digital_1/attack/ee10a9643e9dd290efce.png,1.0
POST_HOC_NATIVE_TEXT_PATCH512_DIAGNOSTIC,10,dev_val,digital_1,ee10a9643e9dd290efce,ukraine-NF-1073,iphone15pro,doe,57,train/attack/digital_1/iphone15pro/ukraine-NF-1073.jpg,train/bonafide/iphone15pro/ukraine-NF-1073.jpg,992,1283,1504,1795,1156,1640,1341,1731,0,bonafide,0,data/processed/text_patch512/dev_val/digital_1/bonafide/ee10a9643e9dd290efce.png,0.0005173683166503906
POST_HOC_NATIVE_TEXT_PATCH512_DIAGNOSTIC,10,dev_val,digital_1,45eabd33efd51bf42dae,ukraine-NF-1073,iphone15pro,name_en,57,train/attack/digital_1/iphone15pro/ukraine-NF-1073.jpg,train/bonafide/iphone15pro/ukraine-NF-1073.jpg,1000,546,1512,1058,952,755,1112,848,0,attack,1,data/processed/text_patch512/dev_val/digital_1/attack/45eabd33efd51bf42dae.png,1.0
POST_HOC_NATIVE_TEXT_PATCH512_DIAGNOSTIC,10,dev_val,digital_1,45eabd33efd51bf42dae,ukraine-NF-1073,iphone15pro,name_en,57,train/attack/digital_1/iphone15pro/ukraine-NF-1073.jpg,train/bonafide/iphone15pro/ukraine-NF-1073.jpg,1000,546,1512,1058,952,755,1112,848,0,bonafide,0,data/processed/text_patch512/dev_val/digital_1/bonafide/45eabd33efd51bf42dae.png,0.0005254745483398438
POST_HOC_NATIVE_TEXT_PATCH512_DIAGNOSTIC,10,dev_val,digital_1,cefc64f7297a59be768b,ukraine-NF-1073,scan,dob,64,train/attack/digital_1/scan/ukraine-NF-1073.jpg,train/bonafide/scan/ukraine-NF-1073.jpg,708,444,1220,956,801,665,934,736,0,attack,1,data/processed/text_patch512/dev_val/digital_1/attack/cefc64f7297a59be768b.png,0.99951171875
POST_HOC_NATIVE_TEXT_PATCH512_DIAGNOSTIC,10,dev_val,digital_1,cefc64f7297a59be768b,ukraine-NF-1073,scan,dob,64,train/attack/digital_1/scan/ukraine-NF-1073.jpg,train/bonafide/scan/ukraine-NF-1073.jpg,708,444,1220,956,801,665,934,736,0,bonafide,0,data/processed/text_patch512/dev_val/digital_1/bonafide/cefc64f7297a59be768b.png,0.0006613731384277344
POST_HOC_NATIVE_TEXT_PATCH512_DIAGNOSTIC,10,dev_val,digital_1,9a3d11fcd5628e9149f3,ukraine-NF-1073,scan,doe,64,train/attack/digital_1/scan/ukraine-NF-1073.jpg,train/bonafide/scan/ukraine-NF-1073.jpg,698,737,1210,1249,792,1137,925,1208,0,attack,1,data/processed/text_patch512/dev_val/digital_1/attack/9a3d11fcd5628e9149f3.png,1.0
POST_HOC_NATIVE_TEXT_PATCH512_DIAGNOSTIC,10,dev_val,digital_1,9a3d11fcd5628e9149f3,ukraine-NF-1073,scan,doe,64,train/attack/digital_1/scan/ukraine-NF-1073.jpg,train/bonafide/scan/ukraine-NF-1073.jpg,698,737,1210,1249,792,1137,925,1208,0,bonafide,0,data/processed/text_patch512/dev_val/digital_1/bonafide/9a3d11fcd5628e9149f3.png,0.0233154296875
POST_HOC_NATIVE_TEXT_PATCH512_DIAGNOSTIC,10,dev_val,digital_1,e91ecbcc9b9c6f8a2334,ukraine-NF-1073,scan,name_en,64,train/attack/digital_1/scan/ukraine-NF-1073.jpg,train/bonafide/scan/ukraine-NF-1073.jpg,696,294,1208,806,672,516,784,585,0,attack,1,data/processed/text_patch512/dev_val/digital_1/attack/e91ecbcc9b9c6f8a2334.png,0.99658203125
POST_HOC_NATIVE_TEXT_PATCH512_DIAGNOSTIC,10,dev_val,digital_1,e91ecbcc9b9c6f8a2334,ukraine-NF-1073,scan,name_en,64,train/attack/digital_1/scan/ukraine-NF-1073.jpg,train/bonafide/scan/ukraine-NF-1073.jpg,696,294,1208,806,672,516,784,585,0,bonafide,0,data/processed/text_patch512/dev_val/digital_1/bonafide/e91ecbcc9b9c6f8a2334.png,0.0015306472778320312
POST_HOC_NATIVE_TEXT_PATCH512_DIAGNOSTIC,10,dev_val,digital_2,d606d51a6dabfffd798a,ukraine-NF-1073,huawei,dob,66,train/attack/digital_2/huawei/ukraine-NF-1073.jpg,train/bonafide/huawei/ukraine-NF-1073.jpg,1132,852,1644,1364,1283,1051,1494,1165,0,attack,1,data/processed/text_patch512/dev_val/digital_2/attack/d606d51a6dabfffd798a.png,1.0
POST_HOC_NATIVE_TEXT_PATCH512_DIAGNOSTIC,10,dev_val,digital_2,d606d51a6dabfffd798a,ukraine-NF-1073,huawei,dob,66,train/attack/digital_2/huawei/ukraine-NF-1073.jpg,train/bonafide/huawei/ukraine-NF-1073.jpg,1132,852,1644,1364,1283,1051,1494,1165,0,bonafide,0,data/processed/text_patch512/dev_val/digital_2/bonafide/d606d51a6dabfffd798a.png,0.00011414289474487305
POST_HOC_NATIVE_TEXT_PATCH512_DIAGNOSTIC,10,dev_val,digital_2,b5dbf1cd2ddbbe2cbceb,ukraine-NF-1073,huawei,doe,66,train/attack/digital_2/huawei/ukraine-NF-1073.jpg,train/bonafide/huawei/ukraine-NF-1073.jpg,1117,1450,1629,1962,1269,1797,1477,1914,0,attack,1,data/processed/text_patch512/dev_val/digital_2/attack/b5dbf1cd2ddbbe2cbceb.png,1.0
POST_HOC_NATIVE_TEXT_PATCH512_DIAGNOSTIC,10,dev_val,digital_2,b5dbf1cd2ddbbe2cbceb,ukraine-NF-1073,huawei,doe,66,train/attack/digital_2/huawei/ukraine-NF-1073.jpg,train/bonafide/huawei/ukraine-NF-1073.jpg,1117,1450,1629,1962,1269,1797,1477,1914,0,bonafide,0,data/processed/text_patch512/dev_val/digital_2/bonafide/b5dbf1cd2ddbbe2cbceb.png,0.00015842914581298828
POST_HOC_NATIVE_TEXT_PATCH512_DIAGNOSTIC,10,dev_val,digital_2,aee36eaae87c6728a82e,ukraine-NF-1073,huawei,name_en,66,train/attack/digital_2/huawei/ukraine-NF-1073.jpg,train/bonafide/huawei/ukraine-NF-1073.jpg,970,616,1482,1128,1072,817,1251,928,0,attack,1,data/processed/text_patch512/dev_val/digital_2/attack/aee36eaae87c6728a82e.png,1.0
POST_HOC_NATIVE_TEXT_PATCH512_DIAGNOSTIC,10,dev_val,digital_2,aee36eaae87c6728a82e,ukraine-NF-1073,huawei,name_en,66,train/attack/digital_2/huawei/ukraine-NF-1073.jpg,train/bonafide/huawei/ukraine-NF-1073.jpg,970,616,1482,1128,1072,817,1251,928,0,bonafide,0,data/processed/text_patch512/dev_val/digital_2/bonafide/aee36eaae87c6728a82e.png,0.0006947517395019531
POST_HOC_NATIVE_TEXT_PATCH512_DIAGNOSTIC,10,dev_val,digital_2,3b0b21d3dca440b875a9,ukraine-NF-1073,iphone15pro,dob,57,train/attack/digital_2/iphone15pro/ukraine-NF-1073.jpg,train/bonafide/iphone15pro/ukraine-NF-1073.jpg,980,754,1492,1266,1143,965,1328,1056,0,attack,1,data/processed/text_patch512/dev_val/digital_2/attack/3b0b21d3dca440b875a9.png,1.0
POST_HOC_NATIVE_TEXT_PATCH512_DIAGNOSTIC,10,dev_val,digital_2,3b0b21d3dca440b875a9,ukraine-NF-1073,iphone15pro,dob,57,train/attack/digital_2/iphone15pro/ukraine-NF-1073.jpg,train/bonafide/iphone15pro/ukraine-NF-1073.jpg,980,754,1492,1266,1143,965,1328,1056,0,bonafide,0,data/processed/text_patch512/dev_val/digital_2/bonafide/3b0b21d3dca440b875a9.png,0.0001093149185180664
POST_HOC_NATIVE_TEXT_PATCH512_DIAGNOSTIC,10,dev_val,digital_2,576bb55d9732ef78fb6d,ukraine-NF-1073,iphone15pro,doe,57,train/attack/digital_2/iphone15pro/ukraine-NF-1073.jpg,train/bonafide/iphone15pro/ukraine-NF-1073.jpg,992,1283,1504,1795,1156,1640,1341,1731,0,attack,1,data/processed/text_patch512/dev_val/digital_2/attack/576bb55d9732ef78fb6d.png,0.99951171875
POST_HOC_NATIVE_TEXT_PATCH512_DIAGNOSTIC,10,dev_val,digital_2,576bb55d9732ef78fb6d,ukraine-NF-1073,iphone15pro,doe,57,train/attack/digital_2/iphone15pro/ukraine-NF-1073.jpg,train/bonafide/iphone15pro/ukraine-NF-1073.jpg,992,1283,1504,1795,1156,1640,1341,1731,0,bonafide,0,data/processed/text_patch512/dev_val/digital_2/bonafide/576bb55d9732ef78fb6d.png,0.0005173683166503906
POST_HOC_NATIVE_TEXT_PATCH512_DIAGNOSTIC,10,dev_val,digital_2,0a0a8c8aee7dca2e2a69,ukraine-NF-1073,iphone15pro,name_en,57,train/attack/digital_2/iphone15pro/ukraine-NF-1073.jpg,train/bonafide/iphone15pro/ukraine-NF-1073.jpg,904,546,1416,1058,952,755,1112,848,0,attack,1,data/processed/text_patch512/dev_val/digital_2/attack/0a0a8c8aee7dca2e2a69.png,1.0
POST_HOC_NATIVE_TEXT_PATCH512_DIAGNOSTIC,10,dev_val,digital_2,0a0a8c8aee7dca2e2a69,ukraine-NF-1073,iphone15pro,name_en,57,train/attack/digital_2/iphone15pro/ukraine-NF-1073.jpg,train/bonafide/iphone15pro/ukraine-NF-1073.jpg,904,546,1416,1058,952,755,1112,848,0,bonafide,0,data/processed/text_patch512/dev_val/digital_2/bonafide/0a0a8c8aee7dca2e2a69.png,0.00020265579223632812
POST_HOC_NATIVE_TEXT_PATCH512_DIAGNOSTIC,10,dev_val,digital_2,6ff330d317465cd359ef,ukraine-NF-1073,scan,dob,64,train/attack/digital_2/scan/ukraine-NF-1073.jpg,train/bonafide/scan/ukraine-NF-1073.jpg,612,444,1124,956,801,665,934,736,0,attack,1,data/processed/text_patch512/dev_val/digital_2/attack/6ff330d317465cd359ef.png,1.0
POST_HOC_NATIVE_TEXT_PATCH512_DIAGNOSTIC,10,dev_val,digital_2,6ff330d317465cd359ef,ukraine-NF-1073,scan,dob,64,train/attack/digital_2/scan/ukraine-NF-1073.jpg,train/bonafide/scan/ukraine-NF-1073.jpg,612,444,1124,956,801,665,934,736,0,bonafide,0,data/processed/text_patch512/dev_val/digital_2/bonafide/6ff330d317465cd359ef.png,0.0004811286926269531
POST_HOC_NATIVE_TEXT_PATCH512_DIAGNOSTIC,10,dev_val,digital_2,edbf4b8e9f62a63ea98f,ukraine-NF-1073,scan,doe,64,train/attack/digital_2/scan/ukraine-NF-1073.jpg,train/bonafide/scan/ukraine-NF-1073.jpg,634,737,1146,1249,792,1137,925,1208,0,attack,1,data/processed/text_patch512/dev_val/digital_2/attack/edbf4b8e9f62a63ea98f.png,1.0
POST_HOC_NATIVE_TEXT_PATCH512_DIAGNOSTIC,10,dev_val,digital_2,edbf4b8e9f62a63ea98f,ukraine-NF-1073,scan,doe,64,train/attack/digital_2/scan/ukraine-NF-1073.jpg,train/bonafide/scan/ukraine-NF-1073.jpg,634,737,1146,1249,792,1137,925,1208,0,bonafide,0,data/processed/text_patch512/dev_val/digital_2/bonafide/edbf4b8e9f62a63ea98f.png,0.022979736328125
POST_HOC_NATIVE_TEXT_PATCH512_DIAGNOSTIC,10,dev_val,digital_2,6cf461863b3253d83ddc,ukraine-NF-1073,scan,name_en,64,train/attack/digital_2/scan/ukraine-NF-1073.jpg,train/bonafide/scan/ukraine-NF-1073.jpg,632,294,1144,806,672,516,784,585,0,attack,1,data/processed/text_patch512/dev_val/digital_2/attack/6cf461863b3253d83ddc.png,1.0
POST_HOC_NATIVE_TEXT_PATCH512_DIAGNOSTIC,10,dev_val,digital_2,6cf461863b3253d83ddc,ukraine-NF-1073,scan,name_en,64,train/attack/digital_2/scan/ukraine-NF-1073.jpg,train/bonafide/scan/ukraine-NF-1073.jpg,632,294,1144,806,672,516,784,585,0,bonafide,0,data/processed/text_patch512/dev_val/digital_2/bonafide/6cf461863b3253d83ddc.png,0.0009183883666992188
POST_HOC_NATIVE_TEXT_PATCH512_DIAGNOSTIC,10,dev_val,digital_1,ee6c5f19c8f1d288a6d6,ukraine-NF-1106,huawei,dob,82,train/attack/digital_1/huawei/ukraine-NF-1106.jpg,train/bonafide/huawei/ukraine-NF-1106.jpg,1140,850,1652,1362,1292,1049,1501,1163,0,attack,1,data/processed/text_patch512/dev_val/digital_1/attack/ee6c5f19c8f1d288a6d6.png,1.0
POST_HOC_NATIVE_TEXT_PATCH512_DIAGNOSTIC,10,dev_val,digital_1,ee6c5f19c8f1d288a6d6,ukraine-NF-1106,huawei,dob,82,train/attack/digital_1/huawei/ukraine-NF-1106.jpg,train/bonafide/huawei/ukraine-NF-1106.jpg,1140,850,1652,1362,1292,1049,1501,1163,0,bonafide,0,data/processed/text_patch512/dev_val/digital_1/bonafide/ee6c5f19c8f1d288a6d6.png,6.22868537902832e-05
POST_HOC_NATIVE_TEXT_PATCH512_DIAGNOSTIC,10,dev_val,digital_1,1e4879f5f0827dfe6a15,ukraine-NF-1106,huawei,doe,82,train/attack/digital_1/huawei/ukraine-NF-1106.jpg,train/bonafide/huawei/ukraine-NF-1106.jpg,1120,1450,1632,1962,1272,1797,1481,1911,0,attack,1,data/processed/text_patch512/dev_val/digital_1/attack/1e4879f5f0827dfe6a15.png,1.0
POST_HOC_NATIVE_TEXT_PATCH512_DIAGNOSTIC,10,dev_val,digital_1,1e4879f5f0827dfe6a15,ukraine-NF-1106,huawei,doe,82,train/attack/digital_1/huawei/ukraine-NF-1106.jpg,train/bonafide/huawei/ukraine-NF-1106.jpg,1120,1450,1632,1962,1272,1797,1481,1911,0,bonafide,0,data/processed/text_patch512/dev_val/digital_1/bonafide/1e4879f5f0827dfe6a15.png,4.756450653076172e-05
POST_HOC_NATIVE_TEXT_PATCH512_DIAGNOSTIC,10,dev_val,digital_1,3b8403cd099a525e1fcb,ukraine-NF-1106,huawei,name_en,82,train/attack/digital_1/huawei/ukraine-NF-1106.jpg,train/bonafide/huawei/ukraine-NF-1106.jpg,914,614,1426,1126,1070,814,1269,925,0,attack,1,data/processed/text_patch512/dev_val/digital_1/attack/3b8403cd099a525e1fcb.png,1.0
POST_HOC_NATIVE_TEXT_PATCH512_DIAGNOSTIC,10,dev_val,digital_1,3b8403cd099a525e1fcb,ukraine-NF-1106,huawei,name_en,82,train/attack/digital_1/huawei/ukraine-NF-1106.jpg,train/bonafide/huawei/ukraine-NF-1106.jpg,914,614,1426,1126,1070,814,1269,925,0,bonafide,0,data/processed/text_patch512/dev_val/digital_1/bonafide/3b8403cd099a525e1fcb.png,8.481740951538086e-05
POST_HOC_NATIVE_TEXT_PATCH512_DIAGNOSTIC,10,dev_val,digital_1,760307f7a6a45c2c5a19,ukraine-NF-1106,iphone15pro,dob,74,train/attack/digital_1/iphone15pro/ukraine-NF-1106.jpg,train/bonafide/iphone15pro/ukraine-NF-1106.jpg,988,754,1500,1266,1152,964,1337,1055,0,attack,1,data/processed/text_patch512/dev_val/digital_1/attack/760307f7a6a45c2c5a19.png,1.0
POST_HOC_NATIVE_TEXT_PATCH512_DIAGNOSTIC,10,dev_val,digital_1,760307f7a6a45c2c5a19,ukraine-NF-1106,iphone15pro,dob,74,train/attack/digital_1/iphone15pro/ukraine-NF-1106.jpg,train/bonafide/iphone15pro/ukraine-NF-1106.jpg,988,754,1500,1266,1152,964,1337,1055,0,bonafide,0,data/processed/text_patch512/dev_val/digital_1/bonafide/760307f7a6a45c2c5a19.png,0.00010192394256591797
POST_HOC_NATIVE_TEXT_PATCH512_DIAGNOSTIC,10,dev_val,digital_1,ca9e3f9ec8b31e38571e,ukraine-NF-1106,iphone15pro,doe,74,train/attack/digital_1/iphone15pro/ukraine-NF-1106.jpg,train/bonafide/iphone15pro/ukraine-NF-1106.jpg,1000,1264,1512,1776,1164,1634,1349,1722,0,attack,1,data/processed/text_patch512/dev_val/digital_1/attack/ca9e3f9ec8b31e38571e.png,1.0
POST_HOC_NATIVE_TEXT_PATCH512_DIAGNOSTIC,10,dev_val,digital_1,ca9e3f9ec8b31e38571e,ukraine-NF-1106,iphone15pro,doe,74,train/attack/digital_1/iphone15pro/ukraine-NF-1106.jpg,train/bonafide/iphone15pro/ukraine-NF-1106.jpg,1000,1264,1512,1776,1164,1634,1349,1722,0,bonafide,0,data/processed/text_patch512/dev_val/digital_1/bonafide/ca9e3f9ec8b31e38571e.png,7.927417755126953e-06
POST_HOC_NATIVE_TEXT_PATCH512_DIAGNOSTIC,10,dev_val,digital_1,1fc5a69b96bd245fb37a,ukraine-NF-1106,iphone15pro,name_en,74,train/attack/digital_1/iphone15pro/ukraine-NF-1106.jpg,train/bonafide/iphone15pro/ukraine-NF-1106.jpg,880,544,1392,1056,952,753,1128,846,0,attack,1,data/processed/text_patch512/dev_val/digital_1/attack/1fc5a69b96bd245fb37a.png,1.0
POST_HOC_NATIVE_TEXT_PATCH512_DIAGNOSTIC,10,dev_val,digital_1,1fc5a69b96bd245fb37a,ukraine-NF-1106,iphone15pro,name_en,74,train/attack/digital_1/iphone15pro/ukraine-NF-1106.jpg,train/bonafide/iphone15pro/ukraine-NF-1106.jpg,880,544,1392,1056,952,753,1128,846,0,bonafide,0,data/processed/text_patch512/dev_val/digital_1/bonafide/1fc5a69b96bd245fb37a.png,0.00012433528900146484
POST_HOC_NATIVE_TEXT_PATCH512_DIAGNOSTIC,10,dev_val,digital_1,6a3a1d0136d77909c778,ukraine-NF-1106,scan,dob,88,train/attack/digital_1/scan/ukraine-NF-1106.jpg,train/bonafide/scan/ukraine-NF-1106.jpg,614,448,1126,960,804,667,937,740,0,attack,1,data/processed/text_patch512/dev_val/digital_1/attack/6a3a1d0136d77909c778.png,1.0
POST_HOC_NATIVE_TEXT_PATCH512_DIAGNOSTIC,10,dev_val,digital_1,6a3a1d0136d77909c778,ukraine-NF-1106,scan,dob,88,train/attack/digital_1/scan/ukraine-NF-1106.jpg,train/bonafide/scan/ukraine-NF-1106.jpg,614,448,1126,960,804,667,937,740,0,bonafide,0,data/processed/text_patch512/dev_val/digital_1/bonafide/6a3a1d0136d77909c778.png,0.0017547607421875
POST_HOC_NATIVE_TEXT_PATCH512_DIAGNOSTIC,10,dev_val,digital_1,b597047929da06d220cd,ukraine-NF-1106,scan,doe,88,train/attack/digital_1/scan/ukraine-NF-1106.jpg,train/bonafide/scan/ukraine-NF-1106.jpg,604,735,1116,1247,794,1137,927,1208,0,attack,1,data/processed/text_patch512/dev_val/digital_1/attack/b597047929da06d220cd.png,0.99951171875
POST_HOC_NATIVE_TEXT_PATCH512_DIAGNOSTIC,10,dev_val,digital_1,b597047929da06d220cd,ukraine-NF-1106,scan,doe,88,train/attack/digital_1/scan/ukraine-NF-1106.jpg,train/bonafide/scan/ukraine-NF-1106.jpg,604,735,1116,1247,794,1137,927,1208,0,bonafide,0,data/processed/text_patch512/dev_val/digital_1/bonafide/b597047929da06d220cd.png,0.0042724609375
POST_HOC_NATIVE_TEXT_PATCH512_DIAGNOSTIC,10,dev_val,digital_1,c3b8966ca3965ec5651a,ukraine-NF-1106,scan,name_en,88,train/attack/digital_1/scan/ukraine-NF-1106.jpg,train/bonafide/scan/ukraine-NF-1106.jpg,606,296,1118,808,672,518,795,587,0,attack,1,data/processed/text_patch512/dev_val/digital_1/attack/c3b8966ca3965ec5651a.png,1.0
POST_HOC_NATIVE_TEXT_PATCH512_DIAGNOSTIC,10,dev_val,digital_1,c3b8966ca3965ec5651a,ukraine-NF-1106,scan,name_en,88,train/attack/digital_1/scan/ukraine-NF-1106.jpg,train/bonafide/scan/ukraine-NF-1106.jpg,606,296,1118,808,672,518,795,587,0,bonafide,0,data/processed/text_patch512/dev_val/digital_1/bonafide/c3b8966ca3965ec5651a.png,0.0012998580932617188
POST_HOC_NATIVE_TEXT_PATCH512_DIAGNOSTIC,10,dev_val,digital_2,40a40b4c86fb7a31e361,ukraine-NF-1106,huawei,dob,82,train/attack/digital_2/huawei/ukraine-NF-1106.jpg,train/bonafide/huawei/ukraine-NF-1106.jpg,1140,850,1652,1362,1292,1049,1501,1163,0,attack,1,data/processed/text_patch512/dev_val/digital_2/attack/40a40b4c86fb7a31e361.png,1.0
POST_HOC_NATIVE_TEXT_PATCH512_DIAGNOSTIC,10,dev_val,digital_2,40a40b4c86fb7a31e361,ukraine-NF-1106,huawei,dob,82,train/attack/digital_2/huawei/ukraine-NF-1106.jpg,train/bonafide/huawei/ukraine-NF-1106.jpg,1140,850,1652,1362,1292,1049,1501,1163,0,bonafide,0,data/processed/text_patch512/dev_val/digital_2/bonafide/40a40b4c86fb7a31e361.png,6.22868537902832e-05
POST_HOC_NATIVE_TEXT_PATCH512_DIAGNOSTIC,10,dev_val,digital_2,9cc2a6db2474635b54c5,ukraine-NF-1106,huawei,doe,82,train/attack/digital_2/huawei/ukraine-NF-1106.jpg,train/bonafide/huawei/ukraine-NF-1106.jpg,1120,1450,1632,1962,1272,1797,1481,1911,0,attack,1,data/processed/text_patch512/dev_val/digital_2/attack/9cc2a6db2474635b54c5.png,1.0
POST_HOC_NATIVE_TEXT_PATCH512_DIAGNOSTIC,10,dev_val,digital_2,9cc2a6db2474635b54c5,ukraine-NF-1106,huawei,doe,82,train/attack/digital_2/huawei/ukraine-NF-1106.jpg,train/bonafide/huawei/ukraine-NF-1106.jpg,1120,1450,1632,1962,1272,1797,1481,1911,0,bonafide,0,data/processed/text_patch512/dev_val/digital_2/bonafide/9cc2a6db2474635b54c5.png,4.756450653076172e-05
POST_HOC_NATIVE_TEXT_PATCH512_DIAGNOSTIC,10,dev_val,digital_2,2d0fd5c3775fabc5fe74,ukraine-NF-1106,huawei,name_en,82,train/attack/digital_2/huawei/ukraine-NF-1106.jpg,train/bonafide/huawei/ukraine-NF-1106.jpg,914,614,1426,1126,1070,814,1269,925,0,attack,1,data/processed/text_patch512/dev_val/digital_2/attack/2d0fd5c3775fabc5fe74.png,0.99951171875
POST_HOC_NATIVE_TEXT_PATCH512_DIAGNOSTIC,10,dev_val,digital_2,2d0fd5c3775fabc5fe74,ukraine-NF-1106,huawei,name_en,82,train/attack/digital_2/huawei/ukraine-NF-1106.jpg,train/bonafide/huawei/ukraine-NF-1106.jpg,914,614,1426,1126,1070,814,1269,925,0,bonafide,0,data/processed/text_patch512/dev_val/digital_2/bonafide/2d0fd5c3775fabc5fe74.png,8.481740951538086e-05
POST_HOC_NATIVE_TEXT_PATCH512_DIAGNOSTIC,10,dev_val,digital_2,bed34fbfc7a79015c433,ukraine-NF-1106,iphone15pro,dob,74,train/attack/digital_2/iphone15pro/ukraine-NF-1106.jpg,train/bonafide/iphone15pro/ukraine-NF-1106.jpg,988,754,1500,1266,1152,964,1337,1055,0,attack,1,data/processed/text_patch512/dev_val/digital_2/attack/bed34fbfc7a79015c433.png,1.0
POST_HOC_NATIVE_TEXT_PATCH512_DIAGNOSTIC,10,dev_val,digital_2,bed34fbfc7a79015c433,ukraine-NF-1106,iphone15pro,dob,74,train/attack/digital_2/iphone15pro/ukraine-NF-1106.jpg,train/bonafide/iphone15pro/ukraine-NF-1106.jpg,988,754,1500,1266,1152,964,1337,1055,0,bonafide,0,data/processed/text_patch512/dev_val/digital_2/bonafide/bed34fbfc7a79015c433.png,0.00010192394256591797
POST_HOC_NATIVE_TEXT_PATCH512_DIAGNOSTIC,10,dev_val,digital_2,4bafff835fd34941c251,ukraine-NF-1106,iphone15pro,doe,74,train/attack/digital_2/iphone15pro/ukraine-NF-1106.jpg,train/bonafide/iphone15pro/ukraine-NF-1106.jpg,1000,1264,1512,1776,1164,1634,1349,1722,0,attack,1,data/processed/text_patch512/dev_val/digital_2/attack/4bafff835fd34941c251.png,1.0
POST_HOC_NATIVE_TEXT_PATCH512_DIAGNOSTIC,10,dev_val,digital_2,4bafff835fd34941c251,ukraine-NF-1106,iphone15pro,doe,74,train/attack/digital_2/iphone15pro/ukraine-NF-1106.jpg,train/bonafide/iphone15pro/ukraine-NF-1106.jpg,1000,1264,1512,1776,1164,1634,1349,1722,0,bonafide,0,data/processed/text_patch512/dev_val/digital_2/bonafide/4bafff835fd34941c251.png,7.927417755126953e-06
POST_HOC_NATIVE_TEXT_PATCH512_DIAGNOSTIC,10,dev_val,digital_2,bedf051914ca033597ba,ukraine-NF-1106,iphone15pro,name_en,74,train/attack/digital_2/iphone15pro/ukraine-NF-1106.jpg,train/bonafide/iphone15pro/ukraine-NF-1106.jpg,880,544,1392,1056,952,753,1128,846,0,attack,1,data/processed/text_patch512/dev_val/digital_2/attack/bedf051914ca033597ba.png,1.0
POST_HOC_NATIVE_TEXT_PATCH512_DIAGNOSTIC,10,dev_val,digital_2,bedf051914ca033597ba,ukraine-NF-1106,iphone15pro,name_en,74,train/attack/digital_2/iphone15pro/ukraine-NF-1106.jpg,train/bonafide/iphone15pro/ukraine-NF-1106.jpg,880,544,1392,1056,952,753,1128,846,0,bonafide,0,data/processed/text_patch512/dev_val/digital_2/bonafide/bedf051914ca033597ba.png,0.00012433528900146484
POST_HOC_NATIVE_TEXT_PATCH512_DIAGNOSTIC,10,dev_val,digital_2,e0d352a8e1b9d801267e,ukraine-NF-1106,scan,dob,88,train/attack/digital_2/scan/ukraine-NF-1106.jpg,train/bonafide/scan/ukraine-NF-1106.jpg,614,448,1126,960,804,667,937,740,0,attack,1,data/processed/text_patch512/dev_val/digital_2/attack/e0d352a8e1b9d801267e.png,1.0
POST_HOC_NATIVE_TEXT_PATCH512_DIAGNOSTIC,10,dev_val,digital_2,e0d352a8e1b9d801267e,ukraine-NF-1106,scan,dob,88,train/attack/digital_2/scan/ukraine-NF-1106.jpg,train/bonafide/scan/ukraine-NF-1106.jpg,614,448,1126,960,804,667,937,740,0,bonafide,0,data/processed/text_patch512/dev_val/digital_2/bonafide/e0d352a8e1b9d801267e.png,0.0017547607421875
POST_HOC_NATIVE_TEXT_PATCH512_DIAGNOSTIC,10,dev_val,digital_2,ac028005b580c514ce57,ukraine-NF-1106,scan,doe,88,train/attack/digital_2/scan/ukraine-NF-1106.jpg,train/bonafide/scan/ukraine-NF-1106.jpg,604,735,1116,1247,794,1137,927,1208,0,attack,1,data/processed/text_patch512/dev_val/digital_2/attack/ac028005b580c514ce57.png,0.99951171875
POST_HOC_NATIVE_TEXT_PATCH512_DIAGNOSTIC,10,dev_val,digital_2,ac028005b580c514ce57,ukraine-NF-1106,scan,doe,88,train/attack/digital_2/scan/ukraine-NF-1106.jpg,train/bonafide/scan/ukraine-NF-1106.jpg,604,735,1116,1247,794,1137,927,1208,0,bonafide,0,data/processed/text_patch512/dev_val/digital_2/bonafide/ac028005b580c514ce57.png,0.0042724609375
POST_HOC_NATIVE_TEXT_PATCH512_DIAGNOSTIC,10,dev_val,digital_2,d1f549fa7cad7ee8571b,ukraine-NF-1106,scan,name_en,88,train/attack/digital_2/scan/ukraine-NF-1106.jpg,train/bonafide/scan/ukraine-NF-1106.jpg,606,296,1118,808,672,518,795,587,0,attack,1,data/processed/text_patch512/dev_val/digital_2/attack/d1f549fa7cad7ee8571b.png,1.0
POST_HOC_NATIVE_TEXT_PATCH512_DIAGNOSTIC,10,dev_val,digital_2,d1f549fa7cad7ee8571b,ukraine-NF-1106,scan,name_en,88,train/attack/digital_2/scan/ukraine-NF-1106.jpg,train/bonafide/scan/ukraine-NF-1106.jpg,606,296,1118,808,672,518,795,587,0,bonafide,0,data/processed/text_patch512/dev_val/digital_2/bonafide/d1f549fa7cad7ee8571b.png,0.0012998580932617188
POST_HOC_NATIVE_TEXT_PATCH512_DIAGNOSTIC,10,dev_val,digital_1,10ade4f6899ff53af5ff,usa-034_03,huawei,dob,50,train/attack/digital_1/huawei/usa-034_03.jpg,train/bonafide/huawei/usa-034_03.jpg,2687,1249,3199,1761,2935,1221,3063,1341,0,attack,1,data/processed/text_patch512/dev_val/digital_1/attack/10ade4f6899ff53af5ff.png,0.99755859375
POST_HOC_NATIVE_TEXT_PATCH512_DIAGNOSTIC,10,dev_val,digital_1,10ade4f6899ff53af5ff,usa-034_03,huawei,dob,50,train/attack/digital_1/huawei/usa-034_03.jpg,train/bonafide/huawei/usa-034_03.jpg,2687,1249,3199,1761,2935,1221,3063,1341,0,bonafide,0,data/processed/text_patch512/dev_val/digital_1/bonafide/10ade4f6899ff53af5ff.png,0.0197906494140625
POST_HOC_NATIVE_TEXT_PATCH512_DIAGNOSTIC,10,dev_val,digital_1,d6a2314dd4b4fd8218f5,usa-034_03,huawei,doe,50,train/attack/digital_1/huawei/usa-034_03.jpg,train/bonafide/huawei/usa-034_03.jpg,600,33,1112,545,791,389,922,509,0,attack,1,data/processed/text_patch512/dev_val/digital_1/attack/d6a2314dd4b4fd8218f5.png,1.0
POST_HOC_NATIVE_TEXT_PATCH512_DIAGNOSTIC,10,dev_val,digital_1,d6a2314dd4b4fd8218f5,usa-034_03,huawei,doe,50,train/attack/digital_1/huawei/usa-034_03.jpg,train/bonafide/huawei/usa-034_03.jpg,600,33,1112,545,791,389,922,509,0,bonafide,0,data/processed/text_patch512/dev_val/digital_1/bonafide/d6a2314dd4b4fd8218f5.png,0.0028839111328125
POST_HOC_NATIVE_TEXT_PATCH512_DIAGNOSTIC,10,dev_val,digital_1,a2db0de2e3455e73d4fd,usa-034_03,huawei,name,50,train/attack/digital_1/huawei/usa-034_03.jpg,train/bonafide/huawei/usa-034_03.jpg,1078,524,1590,1036,1084,719,1584,842,0,attack,1,data/processed/text_patch512/dev_val/digital_1/attack/a2db0de2e3455e73d4fd.png,1.0
POST_HOC_NATIVE_TEXT_PATCH512_DIAGNOSTIC,10,dev_val,digital_1,a2db0de2e3455e73d4fd,usa-034_03,huawei,name,50,train/attack/digital_1/huawei/usa-034_03.jpg,train/bonafide/huawei/usa-034_03.jpg,1078,524,1590,1036,1084,719,1584,842,0,bonafide,0,data/processed/text_patch512/dev_val/digital_1/bonafide/a2db0de2e3455e73d4fd.png,0.0038852691650390625
POST_HOC_NATIVE_TEXT_PATCH512_DIAGNOSTIC,10,dev_val,digital_1,10ff9a5aed0a7d01704f,usa-034_03,iphone15pro,dob,77,train/attack/digital_1/iphone15pro/usa-034_03.jpg,train/bonafide/iphone15pro/usa-034_03.jpg,2298,1072,2810,1584,2580,1072,2693,1170,0,attack,1,data/processed/text_patch512/dev_val/digital_1/attack/10ff9a5aed0a7d01704f.png,0.99951171875
POST_HOC_NATIVE_TEXT_PATCH512_DIAGNOSTIC,10,dev_val,digital_1,10ff9a5aed0a7d01704f,usa-034_03,iphone15pro,dob,77,train/attack/digital_1/iphone15pro/usa-034_03.jpg,train/bonafide/iphone15pro/usa-034_03.jpg,2298,1072,2810,1584,2580,1072,2693,1170,0,bonafide,0,data/processed/text_patch512/dev_val/digital_1/bonafide/10ff9a5aed0a7d01704f.png,0.016632080078125
POST_HOC_NATIVE_TEXT_PATCH512_DIAGNOSTIC,10,dev_val,digital_1,b8af06f13073046bf648,usa-034_03,iphone15pro,doe,77,train/attack/digital_1/iphone15pro/usa-034_03.jpg,train/bonafide/iphone15pro/usa-034_03.jpg,484,15,996,527,682,382,797,480,0,attack,1,data/processed/text_patch512/dev_val/digital_1/attack/b8af06f13073046bf648.png,1.0
POST_HOC_NATIVE_TEXT_PATCH512_DIAGNOSTIC,10,dev_val,digital_1,b8af06f13073046bf648,usa-034_03,iphone15pro,doe,77,train/attack/digital_1/iphone15pro/usa-034_03.jpg,train/bonafide/iphone15pro/usa-034_03.jpg,484,15,996,527,682,382,797,480,0,bonafide,0,data/processed/text_patch512/dev_val/digital_1/bonafide/b8af06f13073046bf648.png,0.0070953369140625
POST_HOC_NATIVE_TEXT_PATCH512_DIAGNOSTIC,10,dev_val,digital_1,40243b20af88f545ce7c,usa-034_03,iphone15pro,name,77,train/attack/digital_1/iphone15pro/usa-034_03.jpg,train/bonafide/iphone15pro/usa-034_03.jpg,944,454,1456,966,948,662,1387,757,0,attack,1,data/processed/text_patch512/dev_val/digital_1/attack/40243b20af88f545ce7c.png,1.0
POST_HOC_NATIVE_TEXT_PATCH512_DIAGNOSTIC,10,dev_val,digital_1,40243b20af88f545ce7c,usa-034_03,iphone15pro,name,77,train/attack/digital_1/iphone15pro/usa-034_03.jpg,train/bonafide/iphone15pro/usa-034_03.jpg,944,454,1456,966,948,662,1387,757,0,bonafide,0,data/processed/text_patch512/dev_val/digital_1/bonafide/40243b20af88f545ce7c.png,0.0008344650268554688
POST_HOC_NATIVE_TEXT_PATCH512_DIAGNOSTIC,10,dev_val,digital_1,cd7fd50a610e79fb4e00,usa-034_03,scan,name,69,train/attack/digital_1/scan/usa-034_03.jpg,train/bonafide/scan/usa-034_03.jpg,662,242,1174,754,666,464,978,531,0,attack,1,data/processed/text_patch512/dev_val/digital_1/attack/cd7fd50a610e79fb4e00.png,1.0
POST_HOC_NATIVE_TEXT_PATCH512_DIAGNOSTIC,10,dev_val,digital_1,cd7fd50a610e79fb4e00,usa-034_03,scan,name,69,train/attack/digital_1/scan/usa-034_03.jpg,train/bonafide/scan/usa-034_03.jpg,662,242,1174,754,666,464,978,531,0,bonafide,0,data/processed/text_patch512/dev_val/digital_1/bonafide/cd7fd50a610e79fb4e00.png,0.029083251953125
POST_HOC_NATIVE_TEXT_PATCH512_DIAGNOSTIC,10,dev_val,digital_2,4a92e2fec4be9b9b286e,usa-034_03,huawei,dob,50,train/attack/digital_2/huawei/usa-034_03.jpg,train/bonafide/huawei/usa-034_03.jpg,2687,1249,3199,1761,2935,1221,3063,1341,0,attack,1,data/processed/text_patch512/dev_val/digital_2/attack/4a92e2fec4be9b9b286e.png,0.9951171875
POST_HOC_NATIVE_TEXT_PATCH512_DIAGNOSTIC,10,dev_val,digital_2,4a92e2fec4be9b9b286e,usa-034_03,huawei,dob,50,train/attack/digital_2/huawei/usa-034_03.jpg,train/bonafide/huawei/usa-034_03.jpg,2687,1249,3199,1761,2935,1221,3063,1341,0,bonafide,0,data/processed/text_patch512/dev_val/digital_2/bonafide/4a92e2fec4be9b9b286e.png,0.0197906494140625
POST_HOC_NATIVE_TEXT_PATCH512_DIAGNOSTIC,10,dev_val,digital_2,693bcaa4c3c90243f736,usa-034_03,huawei,doe,50,train/attack/digital_2/huawei/usa-034_03.jpg,train/bonafide/huawei/usa-034_03.jpg,600,33,1112,545,791,389,922,509,0,attack,1,data/processed/text_patch512/dev_val/digital_2/attack/693bcaa4c3c90243f736.png,1.0
POST_HOC_NATIVE_TEXT_PATCH512_DIAGNOSTIC,10,dev_val,digital_2,693bcaa4c3c90243f736,usa-034_03,huawei,doe,50,train/attack/digital_2/huawei/usa-034_03.jpg,train/bonafide/huawei/usa-034_03.jpg,600,33,1112,545,791,389,922,509,0,bonafide,0,data/processed/text_patch512/dev_val/digital_2/bonafide/693bcaa4c3c90243f736.png,0.0028839111328125
POST_HOC_NATIVE_TEXT_PATCH512_DIAGNOSTIC,10,dev_val,digital_2,befde7a27885a63c5b7e,usa-034_03,huawei,name,50,train/attack/digital_2/huawei/usa-034_03.jpg,train/bonafide/huawei/usa-034_03.jpg,1078,524,1590,1036,1084,719,1584,842,0,attack,1,data/processed/text_patch512/dev_val/digital_2/attack/befde7a27885a63c5b7e.png,1.0
POST_HOC_NATIVE_TEXT_PATCH512_DIAGNOSTIC,10,dev_val,digital_2,befde7a27885a63c5b7e,usa-034_03,huawei,name,50,train/attack/digital_2/huawei/usa-034_03.jpg,train/bonafide/huawei/usa-034_03.jpg,1078,524,1590,1036,1084,719,1584,842,0,bonafide,0,data/processed/text_patch512/dev_val/digital_2/bonafide/befde7a27885a63c5b7e.png,0.0038852691650390625
POST_HOC_NATIVE_TEXT_PATCH512_DIAGNOSTIC,10,dev_val,digital_2,ade05a5ad7618b7bd35e,usa-034_03,iphone15pro,dob,77,train/attack/digital_2/iphone15pro/usa-034_03.jpg,train/bonafide/iphone15pro/usa-034_03.jpg,2298,1072,2810,1584,2580,1072,2693,1170,0,attack,1,data/processed/text_patch512/dev_val/digital_2/attack/ade05a5ad7618b7bd35e.png,1.0
POST_HOC_NATIVE_TEXT_PATCH512_DIAGNOSTIC,10,dev_val,digital_2,ade05a5ad7618b7bd35e,usa-034_03,iphone15pro,dob,77,train/attack/digital_2/iphone15pro/usa-034_03.jpg,train/bonafide/iphone15pro/usa-034_03.jpg,2298,1072,2810,1584,2580,1072,2693,1170,0,bonafide,0,data/processed/text_patch512/dev_val/digital_2/bonafide/ade05a5ad7618b7bd35e.png,0.016632080078125
POST_HOC_NATIVE_TEXT_PATCH512_DIAGNOSTIC,10,dev_val,digital_2,648d87f639dc1ebbe60f,usa-034_03,iphone15pro,doe,77,train/attack/digital_2/iphone15pro/usa-034_03.jpg,train/bonafide/iphone15pro/usa-034_03.jpg,484,15,996,527,682,382,797,480,0,attack,1,data/processed/text_patch512/dev_val/digital_2/attack/648d87f639dc1ebbe60f.png,0.9990234375
POST_HOC_NATIVE_TEXT_PATCH512_DIAGNOSTIC,10,dev_val,digital_2,648d87f639dc1ebbe60f,usa-034_03,iphone15pro,doe,77,train/attack/digital_2/iphone15pro/usa-034_03.jpg,train/bonafide/iphone15pro/usa-034_03.jpg,484,15,996,527,682,382,797,480,0,bonafide,0,data/processed/text_patch512/dev_val/digital_2/bonafide/648d87f639dc1ebbe60f.png,0.0070953369140625
POST_HOC_NATIVE_TEXT_PATCH512_DIAGNOSTIC,10,dev_val,digital_2,2f21a840a02b855a45bf,usa-034_03,iphone15pro,name,77,train/attack/digital_2/iphone15pro/usa-034_03.jpg,train/bonafide/iphone15pro/usa-034_03.jpg,944,454,1456,966,948,662,1387,757,0,attack,1,data/processed/text_patch512/dev_val/digital_2/attack/2f21a840a02b855a45bf.png,1.0
POST_HOC_NATIVE_TEXT_PATCH512_DIAGNOSTIC,10,dev_val,digital_2,2f21a840a02b855a45bf,usa-034_03,iphone15pro,name,77,train/attack/digital_2/iphone15pro/usa-034_03.jpg,train/bonafide/iphone15pro/usa-034_03.jpg,944,454,1456,966,948,662,1387,757,0,bonafide,0,data/processed/text_patch512/dev_val/digital_2/bonafide/2f21a840a02b855a45bf.png,0.0008344650268554688
POST_HOC_NATIVE_TEXT_PATCH512_DIAGNOSTIC,10,dev_val,digital_2,6ae9d9d99493e7977dcd,usa-034_03,scan,name,69,train/attack/digital_2/scan/usa-034_03.jpg,train/bonafide/scan/usa-034_03.jpg,662,242,1174,754,666,464,978,531,0,attack,1,data/processed/text_patch512/dev_val/digital_2/attack/6ae9d9d99493e7977dcd.png,1.0
POST_HOC_NATIVE_TEXT_PATCH512_DIAGNOSTIC,10,dev_val,digital_2,6ae9d9d99493e7977dcd,usa-034_03,scan,name,69,train/attack/digital_2/scan/usa-034_03.jpg,train/bonafide/scan/usa-034_03.jpg,662,242,1174,754,666,464,978,531,0,bonafide,0,data/processed/text_patch512/dev_val/digital_2/bonafide/6ae9d9d99493e7977dcd.png,0.029083251953125
POST_HOC_NATIVE_TEXT_PATCH512_DIAGNOSTIC,10,dev_val,digital_1,0d013b26cbf63124285d,usa-067_03,huawei,dob,65,train/attack/digital_1/huawei/usa-067_03.jpg,train/bonafide/huawei/usa-067_03.jpg,2535,1149,3047,1661,2804,1149,2926,1255,0,attack,1,data/processed/text_patch512/dev_val/digital_1/attack/0d013b26cbf63124285d.png,0.99951171875
POST_HOC_NATIVE_TEXT_PATCH512_DIAGNOSTIC,10,dev_val,digital_1,0d013b26cbf63124285d,usa-067_03,huawei,dob,65,train/attack/digital_1/huawei/usa-067_03.jpg,train/bonafide/huawei/usa-067_03.jpg,2535,1149,3047,1661,2804,1149,2926,1255,0,bonafide,0,data/processed/text_patch512/dev_val/digital_1/bonafide/0d013b26cbf63124285d.png,0.034454345703125
POST_HOC_NATIVE_TEXT_PATCH512_DIAGNOSTIC,10,dev_val,digital_1,854513a04c9149da8df1,usa-067_03,huawei,doe,65,train/attack/digital_1/huawei/usa-067_03.jpg,train/bonafide/huawei/usa-067_03.jpg,531,74,1043,586,726,406,848,509,0,attack,1,data/processed/text_patch512/dev_val/digital_1/attack/854513a04c9149da8df1.png,0.99951171875
POST_HOC_NATIVE_TEXT_PATCH512_DIAGNOSTIC,10,dev_val,digital_1,854513a04c9149da8df1,usa-067_03,huawei,doe,65,train/attack/digital_1/huawei/usa-067_03.jpg,train/bonafide/huawei/usa-067_03.jpg,531,74,1043,586,726,406,848,509,0,bonafide,0,data/processed/text_patch512/dev_val/digital_1/bonafide/854513a04c9149da8df1.png,0.00010764598846435547
POST_HOC_NATIVE_TEXT_PATCH512_DIAGNOSTIC,10,dev_val,digital_1,64b135adef3324280d0c,usa-067_03,huawei,name,65,train/attack/digital_1/huawei/usa-067_03.jpg,train/bonafide/huawei/usa-067_03.jpg,1021,502,1533,1014,1018,707,1536,810,0,attack,1,data/processed/text_patch512/dev_val/digital_1/attack/64b135adef3324280d0c.png,1.0
POST_HOC_NATIVE_TEXT_PATCH512_DIAGNOSTIC,10,dev_val,digital_1,64b135adef3324280d0c,usa-067_03,huawei,name,65,train/attack/digital_1/huawei/usa-067_03.jpg,train/bonafide/huawei/usa-067_03.jpg,1021,502,1533,1014,1018,707,1536,810,0,bonafide,0,data/processed/text_patch512/dev_val/digital_1/bonafide/64b135adef3324280d0c.png,0.0001615285873413086
POST_HOC_NATIVE_TEXT_PATCH512_DIAGNOSTIC,10,dev_val,digital_1,0efaf86b9c1f4459a02a,usa-067_03,iphone15pro,dob,90,train/attack/digital_1/iphone15pro/usa-067_03.jpg,train/bonafide/iphone15pro/usa-067_03.jpg,2121,1004,2633,1516,2403,988,2509,1084,0,attack,1,data/processed/text_patch512/dev_val/digital_1/attack/0efaf86b9c1f4459a02a.png,0.99267578125
POST_HOC_NATIVE_TEXT_PATCH512_DIAGNOSTIC,10,dev_val,digital_1,0efaf86b9c1f4459a02a,usa-067_03,iphone15pro,dob,90,train/attack/digital_1/iphone15pro/usa-067_03.jpg,train/bonafide/iphone15pro/usa-067_03.jpg,2121,1004,2633,1516,2403,988,2509,1084,0,bonafide,0,data/processed/text_patch512/dev_val/digital_1/bonafide/0efaf86b9c1f4459a02a.png,0.0367431640625
POST_HOC_NATIVE_TEXT_PATCH512_DIAGNOSTIC,10,dev_val,digital_1,a9596d9956d468cf288e,usa-067_03,iphone15pro,name,90,train/attack/digital_1/iphone15pro/usa-067_03.jpg,train/bonafide/iphone15pro/usa-067_03.jpg,860,378,1372,890,893,585,1339,684,0,attack,1,data/processed/text_patch512/dev_val/digital_1/attack/a9596d9956d468cf288e.png,1.0
POST_HOC_NATIVE_TEXT_PATCH512_DIAGNOSTIC,10,dev_val,digital_1,a9596d9956d468cf288e,usa-067_03,iphone15pro,name,90,train/attack/digital_1/iphone15pro/usa-067_03.jpg,train/bonafide/iphone15pro/usa-067_03.jpg,860,378,1372,890,893,585,1339,684,0,bonafide,0,data/processed/text_patch512/dev_val/digital_1/bonafide/a9596d9956d468cf288e.png,0.003337860107421875
POST_HOC_NATIVE_TEXT_PATCH512_DIAGNOSTIC,10,dev_val,digital_1,f987b8492a861cb79695,usa-067_03,scan,name,84,train/attack/digital_1/scan/usa-067_03.jpg,train/bonafide/scan/usa-067_03.jpg,626,234,1138,746,681,452,1019,528,0,attack,1,data/processed/text_patch512/dev_val/digital_1/attack/f987b8492a861cb79695.png,1.0
POST_HOC_NATIVE_TEXT_PATCH512_DIAGNOSTIC,10,dev_val,digital_1,f987b8492a861cb79695,usa-067_03,scan,name,84,train/attack/digital_1/scan/usa-067_03.jpg,train/bonafide/scan/usa-067_03.jpg,626,234,1138,746,681,452,1019,528,0,bonafide,0,data/processed/text_patch512/dev_val/digital_1/bonafide/f987b8492a861cb79695.png,0.02777099609375
POST_HOC_NATIVE_TEXT_PATCH512_DIAGNOSTIC,10,dev_val,digital_2,96ba4f5ae8846920ca0d,usa-067_03,huawei,dob,65,train/attack/digital_2/huawei/usa-067_03.jpg,train/bonafide/huawei/usa-067_03.jpg,2535,1149,3047,1661,2804,1149,2926,1255,0,attack,1,data/processed/text_patch512/dev_val/digital_2/attack/96ba4f5ae8846920ca0d.png,0.9990234375
POST_HOC_NATIVE_TEXT_PATCH512_DIAGNOSTIC,10,dev_val,digital_2,96ba4f5ae8846920ca0d,usa-067_03,huawei,dob,65,train/attack/digital_2/huawei/usa-067_03.jpg,train/bonafide/huawei/usa-067_03.jpg,2535,1149,3047,1661,2804,1149,2926,1255,0,bonafide,0,data/processed/text_patch512/dev_val/digital_2/bonafide/96ba4f5ae8846920ca0d.png,0.034454345703125
POST_HOC_NATIVE_TEXT_PATCH512_DIAGNOSTIC,10,dev_val,digital_2,30e18e93f4366eda1a65,usa-067_03,huawei,doe,65,train/attack/digital_2/huawei/usa-067_03.jpg,train/bonafide/huawei/usa-067_03.jpg,531,74,1043,586,726,406,848,509,0,attack,1,data/processed/text_patch512/dev_val/digital_2/attack/30e18e93f4366eda1a65.png,1.0
POST_HOC_NATIVE_TEXT_PATCH512_DIAGNOSTIC,10,dev_val,digital_2,30e18e93f4366eda1a65,usa-067_03,huawei,doe,65,train/attack/digital_2/huawei/usa-067_03.jpg,train/bonafide/huawei/usa-067_03.jpg,531,74,1043,586,726,406,848,509,0,bonafide,0,data/processed/text_patch512/dev_val/digital_2/bonafide/30e18e93f4366eda1a65.png,0.00010764598846435547
POST_HOC_NATIVE_TEXT_PATCH512_DIAGNOSTIC,10,dev_val,digital_2,b1b4f4fa3f7c42a551f3,usa-067_03,huawei,name,65,train/attack/digital_2/huawei/usa-067_03.jpg,train/bonafide/huawei/usa-067_03.jpg,1021,502,1533,1014,1018,707,1536,810,0,attack,1,data/processed/text_patch512/dev_val/digital_2/attack/b1b4f4fa3f7c42a551f3.png,1.0
POST_HOC_NATIVE_TEXT_PATCH512_DIAGNOSTIC,10,dev_val,digital_2,b1b4f4fa3f7c42a551f3,usa-067_03,huawei,name,65,train/attack/digital_2/huawei/usa-067_03.jpg,train/bonafide/huawei/usa-067_03.jpg,1021,502,1533,1014,1018,707,1536,810,0,bonafide,0,data/processed/text_patch512/dev_val/digital_2/bonafide/b1b4f4fa3f7c42a551f3.png,0.0001615285873413086
POST_HOC_NATIVE_TEXT_PATCH512_DIAGNOSTIC,10,dev_val,digital_2,3cb1541664f6580062ee,usa-067_03,iphone15pro,dob,90,train/attack/digital_2/iphone15pro/usa-067_03.jpg,train/bonafide/iphone15pro/usa-067_03.jpg,2121,1004,2633,1516,2403,988,2509,1084,0,attack,1,data/processed/text_patch512/dev_val/digital_2/attack/3cb1541664f6580062ee.png,0.99072265625
POST_HOC_NATIVE_TEXT_PATCH512_DIAGNOSTIC,10,dev_val,digital_2,3cb1541664f6580062ee,usa-067_03,iphone15pro,dob,90,train/attack/digital_2/iphone15pro/usa-067_03.jpg,train/bonafide/iphone15pro/usa-067_03.jpg,2121,1004,2633,1516,2403,988,2509,1084,0,bonafide,0,data/processed/text_patch512/dev_val/digital_2/bonafide/3cb1541664f6580062ee.png,0.0367431640625
POST_HOC_NATIVE_TEXT_PATCH512_DIAGNOSTIC,10,dev_val,digital_2,3b99d4e4635f97ec55c6,usa-067_03,iphone15pro,name,90,train/attack/digital_2/iphone15pro/usa-067_03.jpg,train/bonafide/iphone15pro/usa-067_03.jpg,860,378,1372,890,893,585,1339,684,0,attack,1,data/processed/text_patch512/dev_val/digital_2/attack/3b99d4e4635f97ec55c6.png,1.0
POST_HOC_NATIVE_TEXT_PATCH512_DIAGNOSTIC,10,dev_val,digital_2,3b99d4e4635f97ec55c6,usa-067_03,iphone15pro,name,90,train/attack/digital_2/iphone15pro/usa-067_03.jpg,train/bonafide/iphone15pro/usa-067_03.jpg,860,378,1372,890,893,585,1339,684,0,bonafide,0,data/processed/text_patch512/dev_val/digital_2/bonafide/3b99d4e4635f97ec55c6.png,0.003337860107421875
POST_HOC_NATIVE_TEXT_PATCH512_DIAGNOSTIC,10,dev_val,digital_2,85e28db6087c4e9fdddc,usa-067_03,scan,name,84,train/attack/digital_2/scan/usa-067_03.jpg,train/bonafide/scan/usa-067_03.jpg,626,234,1138,746,681,452,1019,528,0,attack,1,data/processed/text_patch512/dev_val/digital_2/attack/85e28db6087c4e9fdddc.png,1.0
POST_HOC_NATIVE_TEXT_PATCH512_DIAGNOSTIC,10,dev_val,digital_2,85e28db6087c4e9fdddc,usa-067_03,scan,name,84,train/attack/digital_2/scan/usa-067_03.jpg,train/bonafide/scan/usa-067_03.jpg,626,234,1138,746,681,452,1019,528,0,bonafide,0,data/processed/text_patch512/dev_val/digital_2/bonafide/85e28db6087c4e9fdddc.png,0.02777099609375
POST_HOC_NATIVE_TEXT_PATCH512_DIAGNOSTIC,10,dev_val,digital_1,f5a242f15e73a4a2ef5e,usa-NF-1036,huawei,dob,69,train/attack/digital_1/huawei/usa-NF-1036.jpg,train/bonafide/huawei/usa-NF-1036.jpg,2699,1260,3211,1772,2954,1231,3080,1354,0,attack,1,data/processed/text_patch512/dev_val/digital_1/attack/f5a242f15e73a4a2ef5e.png,0.96826171875
POST_HOC_NATIVE_TEXT_PATCH512_DIAGNOSTIC,10,dev_val,digital_1,f5a242f15e73a4a2ef5e,usa-NF-1036,huawei,dob,69,train/attack/digital_1/huawei/usa-NF-1036.jpg,train/bonafide/huawei/usa-NF-1036.jpg,2699,1260,3211,1772,2954,1231,3080,1354,0,bonafide,0,data/processed/text_patch512/dev_val/digital_1/bonafide/f5a242f15e73a4a2ef5e.png,0.1578369140625
POST_HOC_NATIVE_TEXT_PATCH512_DIAGNOSTIC,10,dev_val,digital_1,ad00b6ca5fe60ef414fc,usa-NF-1036,huawei,doe,69,train/attack/digital_1/huawei/usa-NF-1036.jpg,train/bonafide/huawei/usa-NF-1036.jpg,598,41,1110,553,790,397,919,517,0,attack,1,data/processed/text_patch512/dev_val/digital_1/attack/ad00b6ca5fe60ef414fc.png,0.99853515625
POST_HOC_NATIVE_TEXT_PATCH512_DIAGNOSTIC,10,dev_val,digital_1,ad00b6ca5fe60ef414fc,usa-NF-1036,huawei,doe,69,train/attack/digital_1/huawei/usa-NF-1036.jpg,train/bonafide/huawei/usa-NF-1036.jpg,598,41,1110,553,790,397,919,517,0,bonafide,0,data/processed/text_patch512/dev_val/digital_1/bonafide/ad00b6ca5fe60ef414fc.png,0.0011806488037109375
POST_HOC_NATIVE_TEXT_PATCH512_DIAGNOSTIC,10,dev_val,digital_1,5f3294b3d4f11c7857ec,usa-NF-1036,huawei,name,69,train/attack/digital_1/huawei/usa-NF-1036.jpg,train/bonafide/huawei/usa-NF-1036.jpg,1166,534,1678,1046,1091,727,1754,853,0,attack,1,data/processed/text_patch512/dev_val/digital_1/attack/5f3294b3d4f11c7857ec.png,1.0
POST_HOC_NATIVE_TEXT_PATCH512_DIAGNOSTIC,10,dev_val,digital_1,5f3294b3d4f11c7857ec,usa-NF-1036,huawei,name,69,train/attack/digital_1/huawei/usa-NF-1036.jpg,train/bonafide/huawei/usa-NF-1036.jpg,1166,534,1678,1046,1091,727,1754,853,0,bonafide,0,data/processed/text_patch512/dev_val/digital_1/bonafide/5f3294b3d4f11c7857ec.png,0.0009198188781738281
POST_HOC_NATIVE_TEXT_PATCH512_DIAGNOSTIC,10,dev_val,digital_1,4e7367c98b733a35a598,usa-NF-1036,iphone15pro,dob,62,train/attack/digital_1/iphone15pro/usa-NF-1036.jpg,train/bonafide/iphone15pro/usa-NF-1036.jpg,2295,1074,2807,1586,2585,1074,2695,1169,0,attack,1,data/processed/text_patch512/dev_val/digital_1/attack/4e7367c98b733a35a598.png,0.99755859375
POST_HOC_NATIVE_TEXT_PATCH512_DIAGNOSTIC,10,dev_val,digital_1,4e7367c98b733a35a598,usa-NF-1036,iphone15pro,dob,62,train/attack/digital_1/iphone15pro/usa-NF-1036.jpg,train/bonafide/iphone15pro/usa-NF-1036.jpg,2295,1074,2807,1586,2585,1074,2695,1169,0,bonafide,0,data/processed/text_patch512/dev_val/digital_1/bonafide/4e7367c98b733a35a598.png,0.06024169921875
POST_HOC_NATIVE_TEXT_PATCH512_DIAGNOSTIC,10,dev_val,digital_1,0c073a7ca6e1bb5b443a,usa-NF-1036,iphone15pro,doe,62,train/attack/digital_1/iphone15pro/usa-NF-1036.jpg,train/bonafide/iphone15pro/usa-NF-1036.jpg,494,52,1006,564,695,387,806,485,0,attack,1,data/processed/text_patch512/dev_val/digital_1/attack/0c073a7ca6e1bb5b443a.png,1.0
POST_HOC_NATIVE_TEXT_PATCH512_DIAGNOSTIC,10,dev_val,digital_1,0c073a7ca6e1bb5b443a,usa-NF-1036,iphone15pro,doe,62,train/attack/digital_1/iphone15pro/usa-NF-1036.jpg,train/bonafide/iphone15pro/usa-NF-1036.jpg,494,52,1006,564,695,387,806,485,0,bonafide,0,data/processed/text_patch512/dev_val/digital_1/bonafide/0c073a7ca6e1bb5b443a.png,0.0050506591796875
POST_HOC_NATIVE_TEXT_PATCH512_DIAGNOSTIC,10,dev_val,digital_1,4005fc1c16ef3149d43c,usa-NF-1036,iphone15pro,name,62,train/attack/digital_1/iphone15pro/usa-NF-1036.jpg,train/bonafide/iphone15pro/usa-NF-1036.jpg,996,460,1508,972,964,669,1540,762,0,attack,1,data/processed/text_patch512/dev_val/digital_1/attack/4005fc1c16ef3149d43c.png,1.0
POST_HOC_NATIVE_TEXT_PATCH512_DIAGNOSTIC,10,dev_val,digital_1,4005fc1c16ef3149d43c,usa-NF-1036,iphone15pro,name,62,train/attack/digital_1/iphone15pro/usa-NF-1036.jpg,train/bonafide/iphone15pro/usa-NF-1036.jpg,996,460,1508,972,964,669,1540,762,0,bonafide,0,data/processed/text_patch512/dev_val/digital_1/bonafide/4005fc1c16ef3149d43c.png,0.00017404556274414062
POST_HOC_NATIVE_TEXT_PATCH512_DIAGNOSTIC,10,dev_val,digital_1,6fa57e068d97d07fa346,usa-NF-1036,scan,name,72,train/attack/digital_1/scan/usa-NF-1036.jpg,train/bonafide/scan/usa-NF-1036.jpg,662,237,1174,749,682,454,1091,532,0,attack,1,data/processed/text_patch512/dev_val/digital_1/attack/6fa57e068d97d07fa346.png,1.0
POST_HOC_NATIVE_TEXT_PATCH512_DIAGNOSTIC,10,dev_val,digital_1,6fa57e068d97d07fa346,usa-NF-1036,scan,name,72,train/attack/digital_1/scan/usa-NF-1036.jpg,train/bonafide/scan/usa-NF-1036.jpg,662,237,1174,749,682,454,1091,532,0,bonafide,0,data/processed/text_patch512/dev_val/digital_1/bonafide/6fa57e068d97d07fa346.png,0.007678985595703125
POST_HOC_NATIVE_TEXT_PATCH512_DIAGNOSTIC,10,dev_val,digital_2,1c796dc2cdcc0d4f0c54,usa-NF-1036,huawei,dob,69,train/attack/digital_2/huawei/usa-NF-1036.jpg,train/bonafide/huawei/usa-NF-1036.jpg,2699,1260,3211,1772,2954,1231,3080,1354,0,attack,1,data/processed/text_patch512/dev_val/digital_2/attack/1c796dc2cdcc0d4f0c54.png,0.9755859375
POST_HOC_NATIVE_TEXT_PATCH512_DIAGNOSTIC,10,dev_val,digital_2,1c796dc2cdcc0d4f0c54,usa-NF-1036,huawei,dob,69,train/attack/digital_2/huawei/usa-NF-1036.jpg,train/bonafide/huawei/usa-NF-1036.jpg,2699,1260,3211,1772,2954,1231,3080,1354,0,bonafide,0,data/processed/text_patch512/dev_val/digital_2/bonafide/1c796dc2cdcc0d4f0c54.png,0.1578369140625
POST_HOC_NATIVE_TEXT_PATCH512_DIAGNOSTIC,10,dev_val,digital_2,276c5a08fffd73ac87a5,usa-NF-1036,huawei,doe,69,train/attack/digital_2/huawei/usa-NF-1036.jpg,train/bonafide/huawei/usa-NF-1036.jpg,598,41,1110,553,790,397,919,517,0,attack,1,data/processed/text_patch512/dev_val/digital_2/attack/276c5a08fffd73ac87a5.png,0.9990234375
POST_HOC_NATIVE_TEXT_PATCH512_DIAGNOSTIC,10,dev_val,digital_2,276c5a08fffd73ac87a5,usa-NF-1036,huawei,doe,69,train/attack/digital_2/huawei/usa-NF-1036.jpg,train/bonafide/huawei/usa-NF-1036.jpg,598,41,1110,553,790,397,919,517,0,bonafide,0,data/processed/text_patch512/dev_val/digital_2/bonafide/276c5a08fffd73ac87a5.png,0.0011806488037109375
POST_HOC_NATIVE_TEXT_PATCH512_DIAGNOSTIC,10,dev_val,digital_2,d9b018379b76b8e84ef7,usa-NF-1036,huawei,name,69,train/attack/digital_2/huawei/usa-NF-1036.jpg,train/bonafide/huawei/usa-NF-1036.jpg,1166,534,1678,1046,1091,727,1754,853,0,attack,1,data/processed/text_patch512/dev_val/digital_2/attack/d9b018379b76b8e84ef7.png,1.0
POST_HOC_NATIVE_TEXT_PATCH512_DIAGNOSTIC,10,dev_val,digital_2,d9b018379b76b8e84ef7,usa-NF-1036,huawei,name,69,train/attack/digital_2/huawei/usa-NF-1036.jpg,train/bonafide/huawei/usa-NF-1036.jpg,1166,534,1678,1046,1091,727,1754,853,0,bonafide,0,data/processed/text_patch512/dev_val/digital_2/bonafide/d9b018379b76b8e84ef7.png,0.0009198188781738281
POST_HOC_NATIVE_TEXT_PATCH512_DIAGNOSTIC,10,dev_val,digital_2,c38944892e0997f6e224,usa-NF-1036,iphone15pro,dob,62,train/attack/digital_2/iphone15pro/usa-NF-1036.jpg,train/bonafide/iphone15pro/usa-NF-1036.jpg,2295,1074,2807,1586,2585,1074,2695,1169,0,attack,1,data/processed/text_patch512/dev_val/digital_2/attack/c38944892e0997f6e224.png,0.99755859375
POST_HOC_NATIVE_TEXT_PATCH512_DIAGNOSTIC,10,dev_val,digital_2,c38944892e0997f6e224,usa-NF-1036,iphone15pro,dob,62,train/attack/digital_2/iphone15pro/usa-NF-1036.jpg,train/bonafide/iphone15pro/usa-NF-1036.jpg,2295,1074,2807,1586,2585,1074,2695,1169,0,bonafide,0,data/processed/text_patch512/dev_val/digital_2/bonafide/c38944892e0997f6e224.png,0.06024169921875
POST_HOC_NATIVE_TEXT_PATCH512_DIAGNOSTIC,10,dev_val,digital_2,20e57a20fcf2916af4e0,usa-NF-1036,iphone15pro,doe,62,train/attack/digital_2/iphone15pro/usa-NF-1036.jpg,train/bonafide/iphone15pro/usa-NF-1036.jpg,494,52,1006,564,695,387,806,485,0,attack,1,data/processed/text_patch512/dev_val/digital_2/attack/20e57a20fcf2916af4e0.png,0.99609375
POST_HOC_NATIVE_TEXT_PATCH512_DIAGNOSTIC,10,dev_val,digital_2,20e57a20fcf2916af4e0,usa-NF-1036,iphone15pro,doe,62,train/attack/digital_2/iphone15pro/usa-NF-1036.jpg,train/bonafide/iphone15pro/usa-NF-1036.jpg,494,52,1006,564,695,387,806,485,0,bonafide,0,data/processed/text_patch512/dev_val/digital_2/bonafide/20e57a20fcf2916af4e0.png,0.0050506591796875
POST_HOC_NATIVE_TEXT_PATCH512_DIAGNOSTIC,10,dev_val,digital_2,59b0be844d4cad2e3e91,usa-NF-1036,iphone15pro,name,62,train/attack/digital_2/iphone15pro/usa-NF-1036.jpg,train/bonafide/iphone15pro/usa-NF-1036.jpg,996,460,1508,972,964,669,1540,762,0,attack,1,data/processed/text_patch512/dev_val/digital_2/attack/59b0be844d4cad2e3e91.png,1.0
POST_HOC_NATIVE_TEXT_PATCH512_DIAGNOSTIC,10,dev_val,digital_2,59b0be844d4cad2e3e91,usa-NF-1036,iphone15pro,name,62,train/attack/digital_2/iphone15pro/usa-NF-1036.jpg,train/bonafide/iphone15pro/usa-NF-1036.jpg,996,460,1508,972,964,669,1540,762,0,bonafide,0,data/processed/text_patch512/dev_val/digital_2/bonafide/59b0be844d4cad2e3e91.png,0.00017404556274414062
POST_HOC_NATIVE_TEXT_PATCH512_DIAGNOSTIC,10,dev_val,digital_2,fe82df3548992727f67a,usa-NF-1036,scan,name,72,train/attack/digital_2/scan/usa-NF-1036.jpg,train/bonafide/scan/usa-NF-1036.jpg,630,237,1142,749,682,454,1091,532,0,attack,1,data/processed/text_patch512/dev_val/digital_2/attack/fe82df3548992727f67a.png,1.0
POST_HOC_NATIVE_TEXT_PATCH512_DIAGNOSTIC,10,dev_val,digital_2,fe82df3548992727f67a,usa-NF-1036,scan,name,72,train/attack/digital_2/scan/usa-NF-1036.jpg,train/bonafide/scan/usa-NF-1036.jpg,630,237,1142,749,682,454,1091,532,0,bonafide,0,data/processed/text_patch512/dev_val/digital_2/bonafide/fe82df3548992727f67a.png,0.00997161865234375
POST_HOC_NATIVE_TEXT_PATCH512_DIAGNOSTIC,10,dev_val,digital_1,c92c248340fef4d03aa8,usa-NF-1065,huawei,dob,60,train/attack/digital_1/huawei/usa-NF-1065.jpg,train/bonafide/huawei/usa-NF-1065.jpg,2540,1140,3052,1652,2808,1140,2934,1243,0,attack,1,data/processed/text_patch512/dev_val/digital_1/attack/c92c248340fef4d03aa8.png,0.99951171875
POST_HOC_NATIVE_TEXT_PATCH512_DIAGNOSTIC,10,dev_val,digital_1,c92c248340fef4d03aa8,usa-NF-1065,huawei,dob,60,train/attack/digital_1/huawei/usa-NF-1065.jpg,train/bonafide/huawei/usa-NF-1065.jpg,2540,1140,3052,1652,2808,1140,2934,1243,0,bonafide,0,data/processed/text_patch512/dev_val/digital_1/bonafide/c92c248340fef4d03aa8.png,0.01287078857421875
POST_HOC_NATIVE_TEXT_PATCH512_DIAGNOSTIC,10,dev_val,digital_1,d968c776778412a3c839,usa-NF-1065,huawei,doe,60,train/attack/digital_1/huawei/usa-NF-1065.jpg,train/bonafide/huawei/usa-NF-1065.jpg,538,72,1050,584,732,404,855,507,0,attack,1,data/processed/text_patch512/dev_val/digital_1/attack/d968c776778412a3c839.png,0.99951171875
POST_HOC_NATIVE_TEXT_PATCH512_DIAGNOSTIC,10,dev_val,digital_1,d968c776778412a3c839,usa-NF-1065,huawei,doe,60,train/attack/digital_1/huawei/usa-NF-1065.jpg,train/bonafide/huawei/usa-NF-1065.jpg,538,72,1050,584,732,404,855,507,0,bonafide,0,data/processed/text_patch512/dev_val/digital_1/bonafide/d968c776778412a3c839.png,0.0005011558532714844
POST_HOC_NATIVE_TEXT_PATCH512_DIAGNOSTIC,10,dev_val,digital_1,a93a2274f6c67f199362,usa-NF-1065,huawei,name,60,train/attack/digital_1/huawei/usa-NF-1065.jpg,train/bonafide/huawei/usa-NF-1065.jpg,1068,498,1580,1010,1027,702,1493,805,0,attack,1,data/processed/text_patch512/dev_val/digital_1/attack/a93a2274f6c67f199362.png,1.0
POST_HOC_NATIVE_TEXT_PATCH512_DIAGNOSTIC,10,dev_val,digital_1,a93a2274f6c67f199362,usa-NF-1065,huawei,name,60,train/attack/digital_1/huawei/usa-NF-1065.jpg,train/bonafide/huawei/usa-NF-1065.jpg,1068,498,1580,1010,1027,702,1493,805,0,bonafide,0,data/processed/text_patch512/dev_val/digital_1/bonafide/a93a2274f6c67f199362.png,0.0004897117614746094
POST_HOC_NATIVE_TEXT_PATCH512_DIAGNOSTIC,10,dev_val,digital_1,19454fe6034ec7b791fe,usa-NF-1065,iphone15pro,dob,56,train/attack/digital_1/iphone15pro/usa-NF-1065.jpg,train/bonafide/iphone15pro/usa-NF-1065.jpg,2135,970,2647,1482,2433,970,2540,1057,0,attack,1,data/processed/text_patch512/dev_val/digital_1/attack/19454fe6034ec7b791fe.png,0.99853515625
POST_HOC_NATIVE_TEXT_PATCH512_DIAGNOSTIC,10,dev_val,digital_1,19454fe6034ec7b791fe,usa-NF-1065,iphone15pro,dob,56,train/attack/digital_1/iphone15pro/usa-NF-1065.jpg,train/bonafide/iphone15pro/usa-NF-1065.jpg,2135,970,2647,1482,2433,970,2540,1057,0,bonafide,0,data/processed/text_patch512/dev_val/digital_1/bonafide/19454fe6034ec7b791fe.png,0.018310546875
POST_HOC_NATIVE_TEXT_PATCH512_DIAGNOSTIC,10,dev_val,digital_1,416ecafb61afe3081ebd,usa-NF-1065,iphone15pro,name,56,train/attack/digital_1/iphone15pro/usa-NF-1065.jpg,train/bonafide/iphone15pro/usa-NF-1065.jpg,932,384,1444,896,891,597,1294,684,0,attack,1,data/processed/text_patch512/dev_val/digital_1/attack/416ecafb61afe3081ebd.png,1.0
POST_HOC_NATIVE_TEXT_PATCH512_DIAGNOSTIC,10,dev_val,digital_1,416ecafb61afe3081ebd,usa-NF-1065,iphone15pro,name,56,train/attack/digital_1/iphone15pro/usa-NF-1065.jpg,train/bonafide/iphone15pro/usa-NF-1065.jpg,932,384,1444,896,891,597,1294,684,0,bonafide,0,data/processed/text_patch512/dev_val/digital_1/bonafide/416ecafb61afe3081ebd.png,0.006439208984375
POST_HOC_NATIVE_TEXT_PATCH512_DIAGNOSTIC,10,dev_val,digital_1,cb20abc87ecd1a059a4b,usa-NF-1065,scan,name,54,train/attack/digital_1/scan/usa-NF-1065.jpg,train/bonafide/scan/usa-NF-1065.jpg,704,234,1216,746,681,452,982,528,0,attack,1,data/processed/text_patch512/dev_val/digital_1/attack/cb20abc87ecd1a059a4b.png,1.0
POST_HOC_NATIVE_TEXT_PATCH512_DIAGNOSTIC,10,dev_val,digital_1,cb20abc87ecd1a059a4b,usa-NF-1065,scan,name,54,train/attack/digital_1/scan/usa-NF-1065.jpg,train/bonafide/scan/usa-NF-1065.jpg,704,234,1216,746,681,452,982,528,0,bonafide,0,data/processed/text_patch512/dev_val/digital_1/bonafide/cb20abc87ecd1a059a4b.png,0.1602783203125
POST_HOC_NATIVE_TEXT_PATCH512_DIAGNOSTIC,10,dev_val,digital_2,1faa27ee82f47029dd10,usa-NF-1065,huawei,dob,60,train/attack/digital_2/huawei/usa-NF-1065.jpg,train/bonafide/huawei/usa-NF-1065.jpg,2540,1140,3052,1652,2808,1140,2934,1243,0,attack,1,data/processed/text_patch512/dev_val/digital_2/attack/1faa27ee82f47029dd10.png,0.998046875
POST_HOC_NATIVE_TEXT_PATCH512_DIAGNOSTIC,10,dev_val,digital_2,1faa27ee82f47029dd10,usa-NF-1065,huawei,dob,60,train/attack/digital_2/huawei/usa-NF-1065.jpg,train/bonafide/huawei/usa-NF-1065.jpg,2540,1140,3052,1652,2808,1140,2934,1243,0,bonafide,0,data/processed/text_patch512/dev_val/digital_2/bonafide/1faa27ee82f47029dd10.png,0.01287078857421875
POST_HOC_NATIVE_TEXT_PATCH512_DIAGNOSTIC,10,dev_val,digital_2,59ea088a0fd261f1d91b,usa-NF-1065,huawei,doe,60,train/attack/digital_2/huawei/usa-NF-1065.jpg,train/bonafide/huawei/usa-NF-1065.jpg,538,72,1050,584,732,404,855,507,0,attack,1,data/processed/text_patch512/dev_val/digital_2/attack/59ea088a0fd261f1d91b.png,1.0
POST_HOC_NATIVE_TEXT_PATCH512_DIAGNOSTIC,10,dev_val,digital_2,59ea088a0fd261f1d91b,usa-NF-1065,huawei,doe,60,train/attack/digital_2/huawei/usa-NF-1065.jpg,train/bonafide/huawei/usa-NF-1065.jpg,538,72,1050,584,732,404,855,507,0,bonafide,0,data/processed/text_patch512/dev_val/digital_2/bonafide/59ea088a0fd261f1d91b.png,0.0005011558532714844
POST_HOC_NATIVE_TEXT_PATCH512_DIAGNOSTIC,10,dev_val,digital_2,b006d2c0fa0ddb8ccb04,usa-NF-1065,huawei,name,60,train/attack/digital_2/huawei/usa-NF-1065.jpg,train/bonafide/huawei/usa-NF-1065.jpg,1027,498,1539,1010,1027,702,1493,805,0,attack,1,data/processed/text_patch512/dev_val/digital_2/attack/b006d2c0fa0ddb8ccb04.png,1.0
POST_HOC_NATIVE_TEXT_PATCH512_DIAGNOSTIC,10,dev_val,digital_2,b006d2c0fa0ddb8ccb04,usa-NF-1065,huawei,name,60,train/attack/digital_2/huawei/usa-NF-1065.jpg,train/bonafide/huawei/usa-NF-1065.jpg,1027,498,1539,1010,1027,702,1493,805,0,bonafide,0,data/processed/text_patch512/dev_val/digital_2/bonafide/b006d2c0fa0ddb8ccb04.png,0.0008058547973632812
POST_HOC_NATIVE_TEXT_PATCH512_DIAGNOSTIC,10,dev_val,digital_2,e536c25463dc2ef6d7ff,usa-NF-1065,iphone15pro,dob,56,train/attack/digital_2/iphone15pro/usa-NF-1065.jpg,train/bonafide/iphone15pro/usa-NF-1065.jpg,2135,970,2647,1482,2433,970,2540,1057,0,attack,1,data/processed/text_patch512/dev_val/digital_2/attack/e536c25463dc2ef6d7ff.png,0.99951171875
POST_HOC_NATIVE_TEXT_PATCH512_DIAGNOSTIC,10,dev_val,digital_2,e536c25463dc2ef6d7ff,usa-NF-1065,iphone15pro,dob,56,train/attack/digital_2/iphone15pro/usa-NF-1065.jpg,train/bonafide/iphone15pro/usa-NF-1065.jpg,2135,970,2647,1482,2433,970,2540,1057,0,bonafide,0,data/processed/text_patch512/dev_val/digital_2/bonafide/e536c25463dc2ef6d7ff.png,0.018310546875
POST_HOC_NATIVE_TEXT_PATCH512_DIAGNOSTIC,10,dev_val,digital_2,65534c4c98fc1a57fdbe,usa-NF-1065,iphone15pro,name,56,train/attack/digital_2/iphone15pro/usa-NF-1065.jpg,train/bonafide/iphone15pro/usa-NF-1065.jpg,891,384,1403,896,891,597,1294,684,0,attack,1,data/processed/text_patch512/dev_val/digital_2/attack/65534c4c98fc1a57fdbe.png,1.0
POST_HOC_NATIVE_TEXT_PATCH512_DIAGNOSTIC,10,dev_val,digital_2,65534c4c98fc1a57fdbe,usa-NF-1065,iphone15pro,name,56,train/attack/digital_2/iphone15pro/usa-NF-1065.jpg,train/bonafide/iphone15pro/usa-NF-1065.jpg,891,384,1403,896,891,597,1294,684,0,bonafide,0,data/processed/text_patch512/dev_val/digital_2/bonafide/65534c4c98fc1a57fdbe.png,0.00839996337890625
POST_HOC_NATIVE_TEXT_PATCH512_DIAGNOSTIC,10,dev_val,digital_2,19a5b5d9c48afa2c210c,usa-NF-1065,scan,name,54,train/attack/digital_2/scan/usa-NF-1065.jpg,train/bonafide/scan/usa-NF-1065.jpg,640,234,1152,746,681,452,982,528,0,attack,1,data/processed/text_patch512/dev_val/digital_2/attack/19a5b5d9c48afa2c210c.png,1.0
POST_HOC_NATIVE_TEXT_PATCH512_DIAGNOSTIC,10,dev_val,digital_2,19a5b5d9c48afa2c210c,usa-NF-1065,scan,name,54,train/attack/digital_2/scan/usa-NF-1065.jpg,train/bonafide/scan/usa-NF-1065.jpg,640,234,1152,746,681,452,982,528,0,bonafide,0,data/processed/text_patch512/dev_val/digital_2/bonafide/19a5b5d9c48afa2c210c.png,0.0718994140625
POST_HOC_NATIVE_TEXT_PATCH512_DIAGNOSTIC,10,dev_val,digital_1,48edc4fdea0a9f126170,usa-NF-1076,huawei,doe,74,train/attack/digital_1/huawei/usa-NF-1076.jpg,train/bonafide/huawei/usa-NF-1076.jpg,597,31,1109,543,789,387,917,507,0,attack,1,data/processed/text_patch512/dev_val/digital_1/attack/48edc4fdea0a9f126170.png,1.0
POST_HOC_NATIVE_TEXT_PATCH512_DIAGNOSTIC,10,dev_val,digital_1,48edc4fdea0a9f126170,usa-NF-1076,huawei,doe,74,train/attack/digital_1/huawei/usa-NF-1076.jpg,train/bonafide/huawei/usa-NF-1076.jpg,597,31,1109,543,789,387,917,507,0,bonafide,0,data/processed/text_patch512/dev_val/digital_1/bonafide/48edc4fdea0a9f126170.png,0.00023281574249267578
POST_HOC_NATIVE_TEXT_PATCH512_DIAGNOSTIC,10,dev_val,digital_1,5a9f6fa5ee62e881c9fe,usa-NF-1076,huawei,name,74,train/attack/digital_1/huawei/usa-NF-1076.jpg,train/bonafide/huawei/usa-NF-1076.jpg,1184,521,1696,1033,1082,714,1798,840,0,attack,1,data/processed/text_patch512/dev_val/digital_1/attack/5a9f6fa5ee62e881c9fe.png,1.0
POST_HOC_NATIVE_TEXT_PATCH512_DIAGNOSTIC,10,dev_val,digital_1,5a9f6fa5ee62e881c9fe,usa-NF-1076,huawei,name,74,train/attack/digital_1/huawei/usa-NF-1076.jpg,train/bonafide/huawei/usa-NF-1076.jpg,1184,521,1696,1033,1082,714,1798,840,0,bonafide,0,data/processed/text_patch512/dev_val/digital_1/bonafide/5a9f6fa5ee62e881c9fe.png,0.0009055137634277344
POST_HOC_NATIVE_TEXT_PATCH512_DIAGNOSTIC,10,dev_val,digital_1,73c6a97013c229981b7e,usa-NF-1076,iphone15pro,doe,83,train/attack/digital_1/iphone15pro/usa-NF-1076.jpg,train/bonafide/iphone15pro/usa-NF-1076.jpg,490,20,1002,532,690,387,801,485,0,attack,1,data/processed/text_patch512/dev_val/digital_1/attack/73c6a97013c229981b7e.png,0.9990234375
POST_HOC_NATIVE_TEXT_PATCH512_DIAGNOSTIC,10,dev_val,digital_1,73c6a97013c229981b7e,usa-NF-1076,iphone15pro,doe,83,train/attack/digital_1/iphone15pro/usa-NF-1076.jpg,train/bonafide/iphone15pro/usa-NF-1076.jpg,490,20,1002,532,690,387,801,485,0,bonafide,0,data/processed/text_patch512/dev_val/digital_1/bonafide/73c6a97013c229981b7e.png,0.0012969970703125
POST_HOC_NATIVE_TEXT_PATCH512_DIAGNOSTIC,10,dev_val,digital_1,2af5f3a07e0e2f7becc9,usa-NF-1076,iphone15pro,name,83,train/attack/digital_1/iphone15pro/usa-NF-1076.jpg,train/bonafide/iphone15pro/usa-NF-1076.jpg,1076,458,1588,970,952,668,1583,761,0,attack,1,data/processed/text_patch512/dev_val/digital_1/attack/2af5f3a07e0e2f7becc9.png,1.0
POST_HOC_NATIVE_TEXT_PATCH512_DIAGNOSTIC,10,dev_val,digital_1,2af5f3a07e0e2f7becc9,usa-NF-1076,iphone15pro,name,83,train/attack/digital_1/iphone15pro/usa-NF-1076.jpg,train/bonafide/iphone15pro/usa-NF-1076.jpg,1076,458,1588,970,952,668,1583,761,0,bonafide,0,data/processed/text_patch512/dev_val/digital_1/bonafide/2af5f3a07e0e2f7becc9.png,0.0001493692398071289
POST_HOC_NATIVE_TEXT_PATCH512_DIAGNOSTIC,10,dev_val,digital_1,c4a2182ed6715013935f,usa-NF-1076,scan,name,62,train/attack/digital_1/scan/usa-NF-1076.jpg,train/bonafide/scan/usa-NF-1076.jpg,741,238,1253,750,678,455,1124,533,0,attack,1,data/processed/text_patch512/dev_val/digital_1/attack/c4a2182ed6715013935f.png,1.0
POST_HOC_NATIVE_TEXT_PATCH512_DIAGNOSTIC,10,dev_val,digital_1,c4a2182ed6715013935f,usa-NF-1076,scan,name,62,train/attack/digital_1/scan/usa-NF-1076.jpg,train/bonafide/scan/usa-NF-1076.jpg,741,238,1253,750,678,455,1124,533,0,bonafide,0,data/processed/text_patch512/dev_val/digital_1/bonafide/c4a2182ed6715013935f.png,0.005687713623046875
POST_HOC_NATIVE_TEXT_PATCH512_DIAGNOSTIC,10,dev_val,digital_2,7fa3dc8c8784237b1623,usa-NF-1076,huawei,dob,74,train/attack/digital_2/huawei/usa-NF-1076.jpg,train/bonafide/huawei/usa-NF-1076.jpg,2690,1241,3202,1753,2938,1213,3069,1333,0,attack,1,data/processed/text_patch512/dev_val/digital_2/attack/7fa3dc8c8784237b1623.png,0.98974609375
POST_HOC_NATIVE_TEXT_PATCH512_DIAGNOSTIC,10,dev_val,digital_2,7fa3dc8c8784237b1623,usa-NF-1076,huawei,dob,74,train/attack/digital_2/huawei/usa-NF-1076.jpg,train/bonafide/huawei/usa-NF-1076.jpg,2690,1241,3202,1753,2938,1213,3069,1333,0,bonafide,0,data/processed/text_patch512/dev_val/digital_2/bonafide/7fa3dc8c8784237b1623.png,0.017730712890625
POST_HOC_NATIVE_TEXT_PATCH512_DIAGNOSTIC,10,dev_val,digital_2,190c0c91290ecb4df108,usa-NF-1076,huawei,doe,74,train/attack/digital_2/huawei/usa-NF-1076.jpg,train/bonafide/huawei/usa-NF-1076.jpg,597,31,1109,543,789,387,917,507,0,attack,1,data/processed/text_patch512/dev_val/digital_2/attack/190c0c91290ecb4df108.png,1.0
POST_HOC_NATIVE_TEXT_PATCH512_DIAGNOSTIC,10,dev_val,digital_2,190c0c91290ecb4df108,usa-NF-1076,huawei,doe,74,train/attack/digital_2/huawei/usa-NF-1076.jpg,train/bonafide/huawei/usa-NF-1076.jpg,597,31,1109,543,789,387,917,507,0,bonafide,0,data/processed/text_patch512/dev_val/digital_2/bonafide/190c0c91290ecb4df108.png,0.00023281574249267578
POST_HOC_NATIVE_TEXT_PATCH512_DIAGNOSTIC,10,dev_val,digital_2,96bd510b175a1a9da46b,usa-NF-1076,huawei,name,74,train/attack/digital_2/huawei/usa-NF-1076.jpg,train/bonafide/huawei/usa-NF-1076.jpg,1184,521,1696,1033,1082,714,1798,840,0,attack,1,data/processed/text_patch512/dev_val/digital_2/attack/96bd510b175a1a9da46b.png,1.0
POST_HOC_NATIVE_TEXT_PATCH512_DIAGNOSTIC,10,dev_val,digital_2,96bd510b175a1a9da46b,usa-NF-1076,huawei,name,74,train/attack/digital_2/huawei/usa-NF-1076.jpg,train/bonafide/huawei/usa-NF-1076.jpg,1184,521,1696,1033,1082,714,1798,840,0,bonafide,0,data/processed/text_patch512/dev_val/digital_2/bonafide/96bd510b175a1a9da46b.png,0.0009055137634277344
POST_HOC_NATIVE_TEXT_PATCH512_DIAGNOSTIC,10,dev_val,digital_2,5b60dd16194ef5c11b0e,usa-NF-1076,iphone15pro,dob,83,train/attack/digital_2/iphone15pro/usa-NF-1076.jpg,train/bonafide/iphone15pro/usa-NF-1076.jpg,2312,1097,2824,1609,2598,1080,2709,1178,0,attack,1,data/processed/text_patch512/dev_val/digital_2/attack/5b60dd16194ef5c11b0e.png,0.2327880859375
POST_HOC_NATIVE_TEXT_PATCH512_DIAGNOSTIC,10,dev_val,digital_2,5b60dd16194ef5c11b0e,usa-NF-1076,iphone15pro,dob,83,train/attack/digital_2/iphone15pro/usa-NF-1076.jpg,train/bonafide/iphone15pro/usa-NF-1076.jpg,2312,1097,2824,1609,2598,1080,2709,1178,0,bonafide,0,data/processed/text_patch512/dev_val/digital_2/bonafide/5b60dd16194ef5c11b0e.png,0.0328369140625
POST_HOC_NATIVE_TEXT_PATCH512_DIAGNOSTIC,10,dev_val,digital_2,c715dc3c4bf2e0a62a03,usa-NF-1076,iphone15pro,doe,83,train/attack/digital_2/iphone15pro/usa-NF-1076.jpg,train/bonafide/iphone15pro/usa-NF-1076.jpg,490,20,1002,532,690,387,801,485,0,attack,1,data/processed/text_patch512/dev_val/digital_2/attack/c715dc3c4bf2e0a62a03.png,0.9892578125
POST_HOC_NATIVE_TEXT_PATCH512_DIAGNOSTIC,10,dev_val,digital_2,c715dc3c4bf2e0a62a03,usa-NF-1076,iphone15pro,doe,83,train/attack/digital_2/iphone15pro/usa-NF-1076.jpg,train/bonafide/iphone15pro/usa-NF-1076.jpg,490,20,1002,532,690,387,801,485,0,bonafide,0,data/processed/text_patch512/dev_val/digital_2/bonafide/c715dc3c4bf2e0a62a03.png,0.0012969970703125
POST_HOC_NATIVE_TEXT_PATCH512_DIAGNOSTIC,10,dev_val,digital_2,b766dd4498741a698dc5,usa-NF-1076,iphone15pro,name,83,train/attack/digital_2/iphone15pro/usa-NF-1076.jpg,train/bonafide/iphone15pro/usa-NF-1076.jpg,1012,458,1524,970,952,668,1583,761,0,attack,1,data/processed/text_patch512/dev_val/digital_2/attack/b766dd4498741a698dc5.png,1.0
POST_HOC_NATIVE_TEXT_PATCH512_DIAGNOSTIC,10,dev_val,digital_2,b766dd4498741a698dc5,usa-NF-1076,iphone15pro,name,83,train/attack/digital_2/iphone15pro/usa-NF-1076.jpg,train/bonafide/iphone15pro/usa-NF-1076.jpg,1012,458,1524,970,952,668,1583,761,0,bonafide,0,data/processed/text_patch512/dev_val/digital_2/bonafide/b766dd4498741a698dc5.png,0.0003066062927246094
POST_HOC_NATIVE_TEXT_PATCH512_DIAGNOSTIC,10,dev_val,digital_2,ac77b61b094f9a54435f,usa-NF-1076,scan,name,62,train/attack/digital_2/scan/usa-NF-1076.jpg,train/bonafide/scan/usa-NF-1076.jpg,677,238,1189,750,678,455,1124,533,0,attack,1,data/processed/text_patch512/dev_val/digital_2/attack/ac77b61b094f9a54435f.png,1.0
POST_HOC_NATIVE_TEXT_PATCH512_DIAGNOSTIC,10,dev_val,digital_2,ac77b61b094f9a54435f,usa-NF-1076,scan,name,62,train/attack/digital_2/scan/usa-NF-1076.jpg,train/bonafide/scan/usa-NF-1076.jpg,677,238,1189,750,678,455,1124,533,0,bonafide,0,data/processed/text_patch512/dev_val/digital_2/bonafide/ac77b61b094f9a54435f.png,0.008758544921875
POST_HOC_NATIVE_TEXT_PATCH512_DIAGNOSTIC,10,dev_val,digital_1,6af4640b7f4f5300f3bd,usa-NM-1038,huawei,dob,71,train/attack/digital_1/huawei/usa-NM-1038.jpg,train/bonafide/huawei/usa-NM-1038.jpg,2531,1183,3043,1695,2787,1158,2906,1272,0,attack,1,data/processed/text_patch512/dev_val/digital_1/attack/6af4640b7f4f5300f3bd.png,0.9150390625
POST_HOC_NATIVE_TEXT_PATCH512_DIAGNOSTIC,10,dev_val,digital_1,6af4640b7f4f5300f3bd,usa-NM-1038,huawei,dob,71,train/attack/digital_1/huawei/usa-NM-1038.jpg,train/bonafide/huawei/usa-NM-1038.jpg,2531,1183,3043,1695,2787,1158,2906,1272,0,bonafide,0,data/processed/text_patch512/dev_val/digital_1/bonafide/6af4640b7f4f5300f3bd.png,0.0159454345703125
POST_HOC_NATIVE_TEXT_PATCH512_DIAGNOSTIC,10,dev_val,digital_1,09c459894b5ae173b65e,usa-NM-1038,huawei,doe,71,train/attack/digital_1/huawei/usa-NM-1038.jpg,train/bonafide/huawei/usa-NM-1038.jpg,554,11,1066,523,750,370,869,484,0,attack,1,data/processed/text_patch512/dev_val/digital_1/attack/09c459894b5ae173b65e.png,1.0
POST_HOC_NATIVE_TEXT_PATCH512_DIAGNOSTIC,10,dev_val,digital_1,09c459894b5ae173b65e,usa-NM-1038,huawei,doe,71,train/attack/digital_1/huawei/usa-NM-1038.jpg,train/bonafide/huawei/usa-NM-1038.jpg,554,11,1066,523,750,370,869,484,0,bonafide,0,data/processed/text_patch512/dev_val/digital_1/bonafide/09c459894b5ae173b65e.png,0.00033545494079589844
POST_HOC_NATIVE_TEXT_PATCH512_DIAGNOSTIC,10,dev_val,digital_1,320e759b1d73df05ba27,usa-NM-1038,huawei,name,71,train/attack/digital_1/huawei/usa-NM-1038.jpg,train/bonafide/huawei/usa-NM-1038.jpg,1034,484,1546,996,1027,681,1553,798,0,attack,1,data/processed/text_patch512/dev_val/digital_1/attack/320e759b1d73df05ba27.png,1.0
POST_HOC_NATIVE_TEXT_PATCH512_DIAGNOSTIC,10,dev_val,digital_1,320e759b1d73df05ba27,usa-NM-1038,huawei,name,71,train/attack/digital_1/huawei/usa-NM-1038.jpg,train/bonafide/huawei/usa-NM-1038.jpg,1034,484,1546,996,1027,681,1553,798,0,bonafide,0,data/processed/text_patch512/dev_val/digital_1/bonafide/320e759b1d73df05ba27.png,0.0008120536804199219
POST_HOC_NATIVE_TEXT_PATCH512_DIAGNOSTIC,10,dev_val,digital_1,50fed165fa351cb758e1,usa-NM-1038,iphone15pro,dob,78,train/attack/digital_1/iphone15pro/usa-NM-1038.jpg,train/bonafide/iphone15pro/usa-NM-1038.jpg,2138,1008,2650,1520,2420,992,2528,1089,0,attack,1,data/processed/text_patch512/dev_val/digital_1/attack/50fed165fa351cb758e1.png,0.9609375
POST_HOC_NATIVE_TEXT_PATCH512_DIAGNOSTIC,10,dev_val,digital_1,50fed165fa351cb758e1,usa-NM-1038,iphone15pro,dob,78,train/attack/digital_1/iphone15pro/usa-NM-1038.jpg,train/bonafide/iphone15pro/usa-NM-1038.jpg,2138,1008,2650,1520,2420,992,2528,1089,0,bonafide,0,data/processed/text_patch512/dev_val/digital_1/bonafide/50fed165fa351cb758e1.png,0.01194000244140625
POST_HOC_NATIVE_TEXT_PATCH512_DIAGNOSTIC,10,dev_val,digital_1,ee2e207f9c44ffefc7b5,usa-NM-1038,iphone15pro,name,78,train/attack/digital_1/iphone15pro/usa-NM-1038.jpg,train/bonafide/iphone15pro/usa-NM-1038.jpg,872,382,1384,894,899,588,1357,687,0,attack,1,data/processed/text_patch512/dev_val/digital_1/attack/ee2e207f9c44ffefc7b5.png,1.0
POST_HOC_NATIVE_TEXT_PATCH512_DIAGNOSTIC,10,dev_val,digital_1,ee2e207f9c44ffefc7b5,usa-NM-1038,iphone15pro,name,78,train/attack/digital_1/iphone15pro/usa-NM-1038.jpg,train/bonafide/iphone15pro/usa-NM-1038.jpg,872,382,1384,894,899,588,1357,687,0,bonafide,0,data/processed/text_patch512/dev_val/digital_1/bonafide/ee2e207f9c44ffefc7b5.png,0.0016908645629882812
POST_HOC_NATIVE_TEXT_PATCH512_DIAGNOSTIC,10,dev_val,digital_1,e0eede5e25c721e403ac,usa-NM-1038,scan,name,63,train/attack/digital_1/scan/usa-NM-1038.jpg,train/bonafide/scan/usa-NM-1038.jpg,667,242,1179,754,667,464,1015,531,0,attack,1,data/processed/text_patch512/dev_val/digital_1/attack/e0eede5e25c721e403ac.png,1.0
POST_HOC_NATIVE_TEXT_PATCH512_DIAGNOSTIC,10,dev_val,digital_1,e0eede5e25c721e403ac,usa-NM-1038,scan,name,63,train/attack/digital_1/scan/usa-NM-1038.jpg,train/bonafide/scan/usa-NM-1038.jpg,667,242,1179,754,667,464,1015,531,0,bonafide,0,data/processed/text_patch512/dev_val/digital_1/bonafide/e0eede5e25c721e403ac.png,0.012969970703125
POST_HOC_NATIVE_TEXT_PATCH512_DIAGNOSTIC,10,dev_val,digital_2,0d541a1c51bfd69f7309,usa-NM-1038,huawei,dob,71,train/attack/digital_2/huawei/usa-NM-1038.jpg,train/bonafide/huawei/usa-NM-1038.jpg,2531,1183,3043,1695,2787,1158,2906,1272,0,attack,1,data/processed/text_patch512/dev_val/digital_2/attack/0d541a1c51bfd69f7309.png,0.9794921875
POST_HOC_NATIVE_TEXT_PATCH512_DIAGNOSTIC,10,dev_val,digital_2,0d541a1c51bfd69f7309,usa-NM-1038,huawei,dob,71,train/attack/digital_2/huawei/usa-NM-1038.jpg,train/bonafide/huawei/usa-NM-1038.jpg,2531,1183,3043,1695,2787,1158,2906,1272,0,bonafide,0,data/processed/text_patch512/dev_val/digital_2/bonafide/0d541a1c51bfd69f7309.png,0.0159454345703125
POST_HOC_NATIVE_TEXT_PATCH512_DIAGNOSTIC,10,dev_val,digital_2,656d4e90db341e0486d1,usa-NM-1038,huawei,doe,71,train/attack/digital_2/huawei/usa-NM-1038.jpg,train/bonafide/huawei/usa-NM-1038.jpg,554,11,1066,523,750,370,869,484,0,attack,1,data/processed/text_patch512/dev_val/digital_2/attack/656d4e90db341e0486d1.png,0.9990234375
POST_HOC_NATIVE_TEXT_PATCH512_DIAGNOSTIC,10,dev_val,digital_2,656d4e90db341e0486d1,usa-NM-1038,huawei,doe,71,train/attack/digital_2/huawei/usa-NM-1038.jpg,train/bonafide/huawei/usa-NM-1038.jpg,554,11,1066,523,750,370,869,484,0,bonafide,0,data/processed/text_patch512/dev_val/digital_2/bonafide/656d4e90db341e0486d1.png,0.00033545494079589844
POST_HOC_NATIVE_TEXT_PATCH512_DIAGNOSTIC,10,dev_val,digital_2,ab2e59e1d9a4b1a35a22,usa-NM-1038,huawei,name,71,train/attack/digital_2/huawei/usa-NM-1038.jpg,train/bonafide/huawei/usa-NM-1038.jpg,1034,484,1546,996,1027,681,1553,798,0,attack,1,data/processed/text_patch512/dev_val/digital_2/attack/ab2e59e1d9a4b1a35a22.png,1.0
POST_HOC_NATIVE_TEXT_PATCH512_DIAGNOSTIC,10,dev_val,digital_2,ab2e59e1d9a4b1a35a22,usa-NM-1038,huawei,name,71,train/attack/digital_2/huawei/usa-NM-1038.jpg,train/bonafide/huawei/usa-NM-1038.jpg,1034,484,1546,996,1027,681,1553,798,0,bonafide,0,data/processed/text_patch512/dev_val/digital_2/bonafide/ab2e59e1d9a4b1a35a22.png,0.0008120536804199219
POST_HOC_NATIVE_TEXT_PATCH512_DIAGNOSTIC,10,dev_val,digital_2,f11b8dd8bc94bbdef548,usa-NM-1038,iphone15pro,dob,78,train/attack/digital_2/iphone15pro/usa-NM-1038.jpg,train/bonafide/iphone15pro/usa-NM-1038.jpg,2138,1008,2650,1520,2420,992,2528,1089,0,attack,1,data/processed/text_patch512/dev_val/digital_2/attack/f11b8dd8bc94bbdef548.png,0.966796875
POST_HOC_NATIVE_TEXT_PATCH512_DIAGNOSTIC,10,dev_val,digital_2,f11b8dd8bc94bbdef548,usa-NM-1038,iphone15pro,dob,78,train/attack/digital_2/iphone15pro/usa-NM-1038.jpg,train/bonafide/iphone15pro/usa-NM-1038.jpg,2138,1008,2650,1520,2420,992,2528,1089,0,bonafide,0,data/processed/text_patch512/dev_val/digital_2/bonafide/f11b8dd8bc94bbdef548.png,0.01194000244140625
POST_HOC_NATIVE_TEXT_PATCH512_DIAGNOSTIC,10,dev_val,digital_2,6910faf40ff0f5542a56,usa-NM-1038,iphone15pro,name,78,train/attack/digital_2/iphone15pro/usa-NM-1038.jpg,train/bonafide/iphone15pro/usa-NM-1038.jpg,872,382,1384,894,899,588,1357,687,0,attack,1,data/processed/text_patch512/dev_val/digital_2/attack/6910faf40ff0f5542a56.png,1.0
POST_HOC_NATIVE_TEXT_PATCH512_DIAGNOSTIC,10,dev_val,digital_2,6910faf40ff0f5542a56,usa-NM-1038,iphone15pro,name,78,train/attack/digital_2/iphone15pro/usa-NM-1038.jpg,train/bonafide/iphone15pro/usa-NM-1038.jpg,872,382,1384,894,899,588,1357,687,0,bonafide,0,data/processed/text_patch512/dev_val/digital_2/bonafide/6910faf40ff0f5542a56.png,0.0016908645629882812
POST_HOC_NATIVE_TEXT_PATCH512_DIAGNOSTIC,10,dev_val,digital_2,15a2f9cd5f46b9d6450e,usa-NM-1038,scan,name,63,train/attack/digital_2/scan/usa-NM-1038.jpg,train/bonafide/scan/usa-NM-1038.jpg,667,242,1179,754,667,464,1015,531,0,attack,1,data/processed/text_patch512/dev_val/digital_2/attack/15a2f9cd5f46b9d6450e.png,1.0
POST_HOC_NATIVE_TEXT_PATCH512_DIAGNOSTIC,10,dev_val,digital_2,15a2f9cd5f46b9d6450e,usa-NM-1038,scan,name,63,train/attack/digital_2/scan/usa-NM-1038.jpg,train/bonafide/scan/usa-NM-1038.jpg,667,242,1179,754,667,464,1015,531,0,bonafide,0,data/processed/text_patch512/dev_val/digital_2/bonafide/15a2f9cd5f46b9d6450e.png,0.012969970703125
POST_HOC_NATIVE_TEXT_PATCH512_DIAGNOSTIC,10,digital3_dev,digital_3,4064b9228ecb2167ddd4,arabic-024_03,huawei,dob,78,test/attack/digital_3/huawei/arabic-024_03.jpg,train/bonafide/huawei/arabic-024_03.jpg,1202,1036,1714,1548,1148,1219,1769,1365,0,attack,1,data/processed/text_patch512/digital3_dev/digital_3/attack/4064b9228ecb2167ddd4.png,0.7060546875
POST_HOC_NATIVE_TEXT_PATCH512_DIAGNOSTIC,10,digital3_dev,digital_3,4064b9228ecb2167ddd4,arabic-024_03,huawei,dob,78,test/attack/digital_3/huawei/arabic-024_03.jpg,train/bonafide/huawei/arabic-024_03.jpg,1202,1036,1714,1548,1148,1219,1769,1365,0,bonafide,0,data/processed/text_patch512/digital3_dev/digital_3/bonafide/4064b9228ecb2167ddd4.png,0.0004546642303466797
POST_HOC_NATIVE_TEXT_PATCH512_DIAGNOSTIC,10,digital3_dev,digital_3,d4ef2c84a49d32fcac85,arabic-024_03,huawei,doe,78,test/attack/digital_3/huawei/arabic-024_03.jpg,train/bonafide/huawei/arabic-024_03.jpg,1194,1459,1706,1971,1136,1752,1763,1904,0,attack,1,data/processed/text_patch512/digital3_dev/digital_3/attack/d4ef2c84a49d32fcac85.png,0.64404296875
POST_HOC_NATIVE_TEXT_PATCH512_DIAGNOSTIC,10,digital3_dev,digital_3,d4ef2c84a49d32fcac85,arabic-024_03,huawei,doe,78,test/attack/digital_3/huawei/arabic-024_03.jpg,train/bonafide/huawei/arabic-024_03.jpg,1194,1459,1706,1971,1136,1752,1763,1904,0,bonafide,0,data/processed/text_patch512/digital3_dev/digital_3/bonafide/d4ef2c84a49d32fcac85.png,0.0017271041870117188
POST_HOC_NATIVE_TEXT_PATCH512_DIAGNOSTIC,10,digital3_dev,digital_3,f897f842c8f333fed774,arabic-024_03,huawei,name,78,test/attack/digital_3/huawei/arabic-024_03.jpg,train/bonafide/huawei/arabic-024_03.jpg,1288,533,1800,1045,1156,719,1932,859,0,attack,1,data/processed/text_patch512/digital3_dev/digital_3/attack/f897f842c8f333fed774.png,0.9189453125
POST_HOC_NATIVE_TEXT_PATCH512_DIAGNOSTIC,10,digital3_dev,digital_3,f897f842c8f333fed774,arabic-024_03,huawei,name,78,test/attack/digital_3/huawei/arabic-024_03.jpg,train/bonafide/huawei/arabic-024_03.jpg,1288,533,1800,1045,1156,719,1932,859,0,bonafide,0,data/processed/text_patch512/digital3_dev/digital_3/bonafide/f897f842c8f333fed774.png,9.316205978393555e-05
POST_HOC_NATIVE_TEXT_PATCH512_DIAGNOSTIC,10,digital3_dev,digital_3,75b4c12b36cf09c7bf4f,arabic-120_03,huawei,dob,67,test/attack/digital_3/huawei/arabic-120_03.jpg,train/bonafide/huawei/arabic-120_03.jpg,1208,1029,1720,1541,1154,1217,1775,1353,0,attack,1,data/processed/text_patch512/digital3_dev/digital_3/attack/75b4c12b36cf09c7bf4f.png,0.990234375
POST_HOC_NATIVE_TEXT_PATCH512_DIAGNOSTIC,10,digital3_dev,digital_3,75b4c12b36cf09c7bf4f,arabic-120_03,huawei,dob,67,test/attack/digital_3/huawei/arabic-120_03.jpg,train/bonafide/huawei/arabic-120_03.jpg,1208,1029,1720,1541,1154,1217,1775,1353,0,bonafide,0,data/processed/text_patch512/digital3_dev/digital_3/bonafide/75b4c12b36cf09c7bf4f.png,0.0002269744873046875
POST_HOC_NATIVE_TEXT_PATCH512_DIAGNOSTIC,10,digital3_dev,digital_3,dc78db1e89f8d5e8acb0,arabic-120_03,huawei,doe,67,test/attack/digital_3/huawei/arabic-120_03.jpg,train/bonafide/huawei/arabic-120_03.jpg,1194,1452,1706,1964,1142,1735,1757,1871,0,attack,1,data/processed/text_patch512/digital3_dev/digital_3/attack/dc78db1e89f8d5e8acb0.png,0.470703125
POST_HOC_NATIVE_TEXT_PATCH512_DIAGNOSTIC,10,digital3_dev,digital_3,dc78db1e89f8d5e8acb0,arabic-120_03,huawei,doe,67,test/attack/digital_3/huawei/arabic-120_03.jpg,train/bonafide/huawei/arabic-120_03.jpg,1194,1452,1706,1964,1142,1735,1757,1871,0,bonafide,0,data/processed/text_patch512/digital3_dev/digital_3/bonafide/dc78db1e89f8d5e8acb0.png,0.0016813278198242188
POST_HOC_NATIVE_TEXT_PATCH512_DIAGNOSTIC,10,digital3_dev,digital_3,01c3cc6f4e47b9a2a3e8,arabic-120_03,huawei,name,67,test/attack/digital_3/huawei/arabic-120_03.jpg,train/bonafide/huawei/arabic-120_03.jpg,1276,536,1788,1048,1162,723,1903,862,0,attack,1,data/processed/text_patch512/digital3_dev/digital_3/attack/01c3cc6f4e47b9a2a3e8.png,1.0
POST_HOC_NATIVE_TEXT_PATCH512_DIAGNOSTIC,10,digital3_dev,digital_3,01c3cc6f4e47b9a2a3e8,arabic-120_03,huawei,name,67,test/attack/digital_3/huawei/arabic-120_03.jpg,train/bonafide/huawei/arabic-120_03.jpg,1276,536,1788,1048,1162,723,1903,862,0,bonafide,0,data/processed/text_patch512/digital3_dev/digital_3/bonafide/01c3cc6f4e47b9a2a3e8.png,0.00024068355560302734
POST_HOC_NATIVE_TEXT_PATCH512_DIAGNOSTIC,10,digital3_dev,digital_3,c71215662df835aef004,arabic-NF-1048,huawei,dob,55,test/attack/digital_3/huawei/arabic-NF-1048.jpg,train/bonafide/huawei/arabic-NF-1048.jpg,1161,966,1673,1478,1121,1165,1713,1279,0,attack,1,data/processed/text_patch512/digital3_dev/digital_3/attack/c71215662df835aef004.png,0.9638671875
POST_HOC_NATIVE_TEXT_PATCH512_DIAGNOSTIC,10,digital3_dev,digital_3,c71215662df835aef004,arabic-NF-1048,huawei,dob,55,test/attack/digital_3/huawei/arabic-NF-1048.jpg,train/bonafide/huawei/arabic-NF-1048.jpg,1161,966,1673,1478,1121,1165,1713,1279,0,bonafide,0,data/processed/text_patch512/digital3_dev/digital_3/bonafide/c71215662df835aef004.png,0.0035381317138671875
POST_HOC_NATIVE_TEXT_PATCH512_DIAGNOSTIC,10,digital3_dev,digital_3,3869b93531b6fd11ecb5,arabic-NF-1048,huawei,doe,55,test/attack/digital_3/huawei/arabic-NF-1048.jpg,train/bonafide/huawei/arabic-NF-1048.jpg,1170,1379,1682,1891,1132,1658,1721,1772,0,attack,1,data/processed/text_patch512/digital3_dev/digital_3/attack/3869b93531b6fd11ecb5.png,0.11279296875
POST_HOC_NATIVE_TEXT_PATCH512_DIAGNOSTIC,10,digital3_dev,digital_3,3869b93531b6fd11ecb5,arabic-NF-1048,huawei,doe,55,test/attack/digital_3/huawei/arabic-NF-1048.jpg,train/bonafide/huawei/arabic-NF-1048.jpg,1170,1379,1682,1891,1132,1658,1721,1772,0,bonafide,0,data/processed/text_patch512/digital3_dev/digital_3/bonafide/3869b93531b6fd11ecb5.png,0.0006165504455566406
POST_HOC_NATIVE_TEXT_PATCH512_DIAGNOSTIC,10,digital3_dev,digital_3,77cd54df6527543101a4,arabic-NF-1048,huawei,name,55,test/attack/digital_3/huawei/arabic-NF-1048.jpg,train/bonafide/huawei/arabic-NF-1048.jpg,1176,499,1688,1011,1110,698,1753,812,0,attack,1,data/processed/text_patch512/digital3_dev/digital_3/attack/77cd54df6527543101a4.png,0.9931640625
POST_HOC_NATIVE_TEXT_PATCH512_DIAGNOSTIC,10,digital3_dev,digital_3,77cd54df6527543101a4,arabic-NF-1048,huawei,name,55,test/attack/digital_3/huawei/arabic-NF-1048.jpg,train/bonafide/huawei/arabic-NF-1048.jpg,1176,499,1688,1011,1110,698,1753,812,0,bonafide,0,data/processed/text_patch512/digital3_dev/digital_3/bonafide/77cd54df6527543101a4.png,0.0008058547973632812
POST_HOC_NATIVE_TEXT_PATCH512_DIAGNOSTIC,10,digital3_dev,digital_3,3246f780272547751fd9,arabic-NF-1098,huawei,dob,68,test/attack/digital_3/huawei/arabic-NF-1098.jpg,train/bonafide/huawei/arabic-NF-1098.jpg,1158,963,1670,1475,1121,1162,1706,1276,0,attack,1,data/processed/text_patch512/digital3_dev/digital_3/attack/3246f780272547751fd9.png,0.81103515625
POST_HOC_NATIVE_TEXT_PATCH512_DIAGNOSTIC,10,digital3_dev,digital_3,3246f780272547751fd9,arabic-NF-1098,huawei,dob,68,test/attack/digital_3/huawei/arabic-NF-1098.jpg,train/bonafide/huawei/arabic-NF-1098.jpg,1158,963,1670,1475,1121,1162,1706,1276,0,bonafide,0,data/processed/text_patch512/digital3_dev/digital_3/bonafide/3246f780272547751fd9.png,8.821487426757812e-05
POST_HOC_NATIVE_TEXT_PATCH512_DIAGNOSTIC,10,digital3_dev,digital_3,35797aa8b35ed2ace05b,arabic-NF-1098,huawei,doe,68,test/attack/digital_3/huawei/arabic-NF-1098.jpg,train/bonafide/huawei/arabic-NF-1098.jpg,1169,1382,1681,1894,1134,1654,1716,1768,0,attack,1,data/processed/text_patch512/digital3_dev/digital_3/attack/35797aa8b35ed2ace05b.png,0.48095703125
POST_HOC_NATIVE_TEXT_PATCH512_DIAGNOSTIC,10,digital3_dev,digital_3,35797aa8b35ed2ace05b,arabic-NF-1098,huawei,doe,68,test/attack/digital_3/huawei/arabic-NF-1098.jpg,train/bonafide/huawei/arabic-NF-1098.jpg,1169,1382,1681,1894,1134,1654,1716,1768,0,bonafide,0,data/processed/text_patch512/digital3_dev/digital_3/bonafide/35797aa8b35ed2ace05b.png,0.0004794597625732422
POST_HOC_NATIVE_TEXT_PATCH512_DIAGNOSTIC,10,digital3_dev,digital_3,7b609d3a15d59d6b0ba0,arabic-NF-1098,huawei,name,68,test/attack/digital_3/huawei/arabic-NF-1098.jpg,train/bonafide/huawei/arabic-NF-1098.jpg,1104,500,1616,1012,1107,699,1550,813,0,attack,1,data/processed/text_patch512/digital3_dev/digital_3/attack/7b609d3a15d59d6b0ba0.png,0.024749755859375
POST_HOC_NATIVE_TEXT_PATCH512_DIAGNOSTIC,10,digital3_dev,digital_3,7b609d3a15d59d6b0ba0,arabic-NF-1098,huawei,name,68,test/attack/digital_3/huawei/arabic-NF-1098.jpg,train/bonafide/huawei/arabic-NF-1098.jpg,1104,500,1616,1012,1107,699,1550,813,0,bonafide,0,data/processed/text_patch512/digital3_dev/digital_3/bonafide/7b609d3a15d59d6b0ba0.png,0.0013647079467773438
POST_HOC_NATIVE_TEXT_PATCH512_DIAGNOSTIC,10,digital3_dev,digital_3,1bec2087940b0ebb63e8,arabic-NM-1090,huawei,dob,55,test/attack/digital_3/huawei/arabic-NM-1090.jpg,train/bonafide/huawei/arabic-NM-1090.jpg,1212,1026,1724,1538,1148,1214,1788,1351,0,attack,1,data/processed/text_patch512/digital3_dev/digital_3/attack/1bec2087940b0ebb63e8.png,0.9365234375
POST_HOC_NATIVE_TEXT_PATCH512_DIAGNOSTIC,10,digital3_dev,digital_3,1bec2087940b0ebb63e8,arabic-NM-1090,huawei,dob,55,test/attack/digital_3/huawei/arabic-NM-1090.jpg,train/bonafide/huawei/arabic-NM-1090.jpg,1212,1026,1724,1538,1148,1214,1788,1351,0,bonafide,0,data/processed/text_patch512/digital3_dev/digital_3/bonafide/1bec2087940b0ebb63e8.png,0.0008492469787597656
POST_HOC_NATIVE_TEXT_PATCH512_DIAGNOSTIC,10,digital3_dev,digital_3,bea4a983bbb80bbca0e1,arabic-NM-1090,huawei,doe,55,test/attack/digital_3/huawei/arabic-NM-1090.jpg,train/bonafide/huawei/arabic-NM-1090.jpg,1176,1461,1688,1973,1140,1737,1725,1874,0,attack,1,data/processed/text_patch512/digital3_dev/digital_3/attack/bea4a983bbb80bbca0e1.png,0.1407470703125
POST_HOC_NATIVE_TEXT_PATCH512_DIAGNOSTIC,10,digital3_dev,digital_3,bea4a983bbb80bbca0e1,arabic-NM-1090,huawei,doe,55,test/attack/digital_3/huawei/arabic-NM-1090.jpg,train/bonafide/huawei/arabic-NM-1090.jpg,1176,1461,1688,1973,1140,1737,1725,1874,0,bonafide,0,data/processed/text_patch512/digital3_dev/digital_3/bonafide/bea4a983bbb80bbca0e1.png,0.004451751708984375
POST_HOC_NATIVE_TEXT_PATCH512_DIAGNOSTIC,10,digital3_dev,digital_3,0e698cfa9e9f08bfbd31,arabic-NM-1090,huawei,name,55,test/attack/digital_3/huawei/arabic-NM-1090.jpg,train/bonafide/huawei/arabic-NM-1090.jpg,1172,531,1684,1043,1160,720,1697,854,0,attack,1,data/processed/text_patch512/digital3_dev/digital_3/attack/0e698cfa9e9f08bfbd31.png,0.009765625
POST_HOC_NATIVE_TEXT_PATCH512_DIAGNOSTIC,10,digital3_dev,digital_3,0e698cfa9e9f08bfbd31,arabic-NM-1090,huawei,name,55,test/attack/digital_3/huawei/arabic-NM-1090.jpg,train/bonafide/huawei/arabic-NM-1090.jpg,1172,531,1684,1043,1160,720,1697,854,0,bonafide,0,data/processed/text_patch512/digital3_dev/digital_3/bonafide/0e698cfa9e9f08bfbd31.png,0.0030155181884765625
POST_HOC_NATIVE_TEXT_PATCH512_DIAGNOSTIC,10,digital3_dev,digital_3,5dbda0fdeabb69a21530,chinese-001_03,huawei,dob,77,test/attack/digital_3/huawei/chinese-001_03.jpg,train/bonafide/huawei/chinese-001_03.jpg,1976,910,2488,1422,1948,1104,2517,1227,0,attack,1,data/processed/text_patch512/digital3_dev/digital_3/attack/5dbda0fdeabb69a21530.png,0.018585205078125
POST_HOC_NATIVE_TEXT_PATCH512_DIAGNOSTIC,10,digital3_dev,digital_3,5dbda0fdeabb69a21530,chinese-001_03,huawei,dob,77,test/attack/digital_3/huawei/chinese-001_03.jpg,train/bonafide/huawei/chinese-001_03.jpg,1976,910,2488,1422,1948,1104,2517,1227,0,bonafide,0,data/processed/text_patch512/digital3_dev/digital_3/bonafide/5dbda0fdeabb69a21530.png,0.00011146068572998047
POST_HOC_NATIVE_TEXT_PATCH512_DIAGNOSTIC,10,digital3_dev,digital_3,2af1a6c7b8a806271081,chinese-001_03,huawei,doe,77,test/attack/digital_3/huawei/chinese-001_03.jpg,train/bonafide/huawei/chinese-001_03.jpg,1050,1450,1562,1962,1038,1682,1575,1805,0,attack,1,data/processed/text_patch512/digital3_dev/digital_3/attack/2af1a6c7b8a806271081.png,0.005001068115234375
POST_HOC_NATIVE_TEXT_PATCH512_DIAGNOSTIC,10,digital3_dev,digital_3,2af1a6c7b8a806271081,chinese-001_03,huawei,doe,77,test/attack/digital_3/huawei/chinese-001_03.jpg,train/bonafide/huawei/chinese-001_03.jpg,1050,1450,1562,1962,1038,1682,1575,1805,0,bonafide,0,data/processed/text_patch512/digital3_dev/digital_3/bonafide/2af1a6c7b8a806271081.png,0.0002753734588623047
POST_HOC_NATIVE_TEXT_PATCH512_DIAGNOSTIC,10,digital3_dev,digital_3,36f88f4d43cad178c371,chinese-001_03,huawei,name_en,77,test/attack/digital_3/huawei/chinese-001_03.jpg,train/bonafide/huawei/chinese-001_03.jpg,1035,556,1547,1068,1058,752,1524,872,0,attack,1,data/processed/text_patch512/digital3_dev/digital_3/attack/36f88f4d43cad178c371.png,0.00447845458984375
POST_HOC_NATIVE_TEXT_PATCH512_DIAGNOSTIC,10,digital3_dev,digital_3,36f88f4d43cad178c371,chinese-001_03,huawei,name_en,77,test/attack/digital_3/huawei/chinese-001_03.jpg,train/bonafide/huawei/chinese-001_03.jpg,1035,556,1547,1068,1058,752,1524,872,0,bonafide,0,data/processed/text_patch512/digital3_dev/digital_3/bonafide/36f88f4d43cad178c371.png,0.0001323223114013672
POST_HOC_NATIVE_TEXT_PATCH512_DIAGNOSTIC,10,digital3_dev,digital_3,d38b6da11759f845c689,chinese-113_03,huawei,dob,85,test/attack/digital_3/huawei/chinese-113_03.jpg,train/bonafide/huawei/chinese-113_03.jpg,1963,922,2475,1434,1936,1116,2502,1241,0,attack,1,data/processed/text_patch512/digital3_dev/digital_3/attack/d38b6da11759f845c689.png,0.7216796875
POST_HOC_NATIVE_TEXT_PATCH512_DIAGNOSTIC,10,digital3_dev,digital_3,d38b6da11759f845c689,chinese-113_03,huawei,dob,85,test/attack/digital_3/huawei/chinese-113_03.jpg,train/bonafide/huawei/chinese-113_03.jpg,1963,922,2475,1434,1936,1116,2502,1241,0,bonafide,0,data/processed/text_patch512/digital3_dev/digital_3/bonafide/d38b6da11759f845c689.png,0.0001366138458251953
POST_HOC_NATIVE_TEXT_PATCH512_DIAGNOSTIC,10,digital3_dev,digital_3,dbd0379f653baabc911f,chinese-113_03,huawei,doe,85,test/attack/digital_3/huawei/chinese-113_03.jpg,train/bonafide/huawei/chinese-113_03.jpg,1060,1461,1572,1973,1030,1694,1602,1819,0,attack,1,data/processed/text_patch512/digital3_dev/digital_3/attack/dbd0379f653baabc911f.png,0.017913818359375
POST_HOC_NATIVE_TEXT_PATCH512_DIAGNOSTIC,10,digital3_dev,digital_3,dbd0379f653baabc911f,chinese-113_03,huawei,doe,85,test/attack/digital_3/huawei/chinese-113_03.jpg,train/bonafide/huawei/chinese-113_03.jpg,1060,1461,1572,1973,1030,1694,1602,1819,0,bonafide,0,data/processed/text_patch512/digital3_dev/digital_3/bonafide/dbd0379f653baabc911f.png,3.74913215637207e-05
POST_HOC_NATIVE_TEXT_PATCH512_DIAGNOSTIC,10,digital3_dev,digital_3,235da597212e91c2085c,chinese-113_03,huawei,name_en,85,test/attack/digital_3/huawei/chinese-113_03.jpg,train/bonafide/huawei/chinese-113_03.jpg,998,564,1510,1076,1050,760,1457,879,0,attack,1,data/processed/text_patch512/digital3_dev/digital_3/attack/235da597212e91c2085c.png,0.0001634359359741211
POST_HOC_NATIVE_TEXT_PATCH512_DIAGNOSTIC,10,digital3_dev,digital_3,235da597212e91c2085c,chinese-113_03,huawei,name_en,85,test/attack/digital_3/huawei/chinese-113_03.jpg,train/bonafide/huawei/chinese-113_03.jpg,998,564,1510,1076,1050,760,1457,879,0,bonafide,0,data/processed/text_patch512/digital3_dev/digital_3/bonafide/235da597212e91c2085c.png,0.00013184547424316406
POST_HOC_NATIVE_TEXT_PATCH512_DIAGNOSTIC,10,digital3_dev,digital_3,17cc7d8c0a9a884f62a4,chinese-142_03,huawei,dob,60,test/attack/digital_3/huawei/chinese-142_03.jpg,train/bonafide/huawei/chinese-142_03.jpg,1978,912,2490,1424,1949,1107,2518,1230,0,attack,1,data/processed/text_patch512/digital3_dev/digital_3/attack/17cc7d8c0a9a884f62a4.png,0.5234375
POST_HOC_NATIVE_TEXT_PATCH512_DIAGNOSTIC,10,digital3_dev,digital_3,17cc7d8c0a9a884f62a4,chinese-142_03,huawei,dob,60,test/attack/digital_3/huawei/chinese-142_03.jpg,train/bonafide/huawei/chinese-142_03.jpg,1978,912,2490,1424,1949,1107,2518,1230,0,bonafide,0,data/processed/text_patch512/digital3_dev/digital_3/bonafide/17cc7d8c0a9a884f62a4.png,9.763240814208984e-05
POST_HOC_NATIVE_TEXT_PATCH512_DIAGNOSTIC,10,digital3_dev,digital_3,8781d6e614c958fc2d2a,chinese-142_03,huawei,doe,60,test/attack/digital_3/huawei/chinese-142_03.jpg,train/bonafide/huawei/chinese-142_03.jpg,1070,1455,1582,1967,1042,1689,1611,1814,0,attack,1,data/processed/text_patch512/digital3_dev/digital_3/attack/8781d6e614c958fc2d2a.png,0.413330078125
POST_HOC_NATIVE_TEXT_PATCH512_DIAGNOSTIC,10,digital3_dev,digital_3,8781d6e614c958fc2d2a,chinese-142_03,huawei,doe,60,test/attack/digital_3/huawei/chinese-142_03.jpg,train/bonafide/huawei/chinese-142_03.jpg,1070,1455,1582,1967,1042,1689,1611,1814,0,bonafide,0,data/processed/text_patch512/digital3_dev/digital_3/bonafide/8781d6e614c958fc2d2a.png,0.00015807151794433594
POST_HOC_NATIVE_TEXT_PATCH512_DIAGNOSTIC,10,digital3_dev,digital_3,451d8dd29ba77bff432c,chinese-142_03,huawei,name_en,60,test/attack/digital_3/huawei/chinese-142_03.jpg,train/bonafide/huawei/chinese-142_03.jpg,1026,556,1538,1068,1062,752,1502,872,0,attack,1,data/processed/text_patch512/digital3_dev/digital_3/attack/451d8dd29ba77bff432c.png,0.042816162109375
POST_HOC_NATIVE_TEXT_PATCH512_DIAGNOSTIC,10,digital3_dev,digital_3,451d8dd29ba77bff432c,chinese-142_03,huawei,name_en,60,test/attack/digital_3/huawei/chinese-142_03.jpg,train/bonafide/huawei/chinese-142_03.jpg,1026,556,1538,1068,1062,752,1502,872,0,bonafide,0,data/processed/text_patch512/digital3_dev/digital_3/bonafide/451d8dd29ba77bff432c.png,0.00038743019104003906
POST_HOC_NATIVE_TEXT_PATCH512_DIAGNOSTIC,10,digital3_dev,digital_3,da43f626b3a5f190c7aa,chinese-NF-1050,huawei,dob,58,test/attack/digital_3/huawei/chinese-NF-1050.jpg,train/bonafide/huawei/chinese-NF-1050.jpg,1968,912,2480,1424,1954,1106,2495,1229,0,attack,1,data/processed/text_patch512/digital3_dev/digital_3/attack/da43f626b3a5f190c7aa.png,0.043609619140625
POST_HOC_NATIVE_TEXT_PATCH512_DIAGNOSTIC,10,digital3_dev,digital_3,da43f626b3a5f190c7aa,chinese-NF-1050,huawei,dob,58,test/attack/digital_3/huawei/chinese-NF-1050.jpg,train/bonafide/huawei/chinese-NF-1050.jpg,1968,912,2480,1424,1954,1106,2495,1229,0,bonafide,0,data/processed/text_patch512/digital3_dev/digital_3/bonafide/da43f626b3a5f190c7aa.png,0.0002856254577636719
POST_HOC_NATIVE_TEXT_PATCH512_DIAGNOSTIC,10,digital3_dev,digital_3,9d2adae79b50f8558da7,chinese-NF-1050,huawei,doe,58,test/attack/digital_3/huawei/chinese-NF-1050.jpg,train/bonafide/huawei/chinese-NF-1050.jpg,1082,1456,1594,1968,1043,1684,1633,1810,0,attack,1,data/processed/text_patch512/digital3_dev/digital_3/attack/9d2adae79b50f8558da7.png,0.430908203125
POST_HOC_NATIVE_TEXT_PATCH512_DIAGNOSTIC,10,digital3_dev,digital_3,9d2adae79b50f8558da7,chinese-NF-1050,huawei,doe,58,test/attack/digital_3/huawei/chinese-NF-1050.jpg,train/bonafide/huawei/chinese-NF-1050.jpg,1082,1456,1594,1968,1043,1684,1633,1810,0,bonafide,0,data/processed/text_patch512/digital3_dev/digital_3/bonafide/9d2adae79b50f8558da7.png,6.109476089477539e-05
POST_HOC_NATIVE_TEXT_PATCH512_DIAGNOSTIC,10,digital3_dev,digital_3,f41431647af8559bf11c,chinese-NF-1050,huawei,name_en,58,test/attack/digital_3/huawei/chinese-NF-1050.jpg,train/bonafide/huawei/chinese-NF-1050.jpg,1068,554,1580,1066,1063,750,1584,870,0,attack,1,data/processed/text_patch512/digital3_dev/digital_3/attack/f41431647af8559bf11c.png,0.421875
POST_HOC_NATIVE_TEXT_PATCH512_DIAGNOSTIC,10,digital3_dev,digital_3,f41431647af8559bf11c,chinese-NF-1050,huawei,name_en,58,test/attack/digital_3/huawei/chinese-NF-1050.jpg,train/bonafide/huawei/chinese-NF-1050.jpg,1068,554,1580,1066,1063,750,1584,870,0,bonafide,0,data/processed/text_patch512/digital3_dev/digital_3/bonafide/f41431647af8559bf11c.png,4.279613494873047e-05
POST_HOC_NATIVE_TEXT_PATCH512_DIAGNOSTIC,10,digital3_dev,digital_3,3add77bdd4e2e0f10214,chinese-NF-1085,huawei,dob,76,test/attack/digital_3/huawei/chinese-NF-1085.jpg,train/bonafide/huawei/chinese-NF-1085.jpg,2019,920,2531,1432,1968,1114,2582,1238,0,attack,1,data/processed/text_patch512/digital3_dev/digital_3/attack/3add77bdd4e2e0f10214.png,0.08642578125
POST_HOC_NATIVE_TEXT_PATCH512_DIAGNOSTIC,10,digital3_dev,digital_3,3add77bdd4e2e0f10214,chinese-NF-1085,huawei,dob,76,test/attack/digital_3/huawei/chinese-NF-1085.jpg,train/bonafide/huawei/chinese-NF-1085.jpg,2019,920,2531,1432,1968,1114,2582,1238,0,bonafide,0,data/processed/text_patch512/digital3_dev/digital_3/bonafide/3add77bdd4e2e0f10214.png,0.00157928466796875
POST_HOC_NATIVE_TEXT_PATCH512_DIAGNOSTIC,10,digital3_dev,digital_3,ad1fcf31d2d9cfdc41a0,chinese-NF-1085,huawei,doe,76,test/attack/digital_3/huawei/chinese-NF-1085.jpg,train/bonafide/huawei/chinese-NF-1085.jpg,1092,1473,1604,1985,1053,1700,1644,1824,0,attack,1,data/processed/text_patch512/digital3_dev/digital_3/attack/ad1fcf31d2d9cfdc41a0.png,0.85791015625
POST_HOC_NATIVE_TEXT_PATCH512_DIAGNOSTIC,10,digital3_dev,digital_3,ad1fcf31d2d9cfdc41a0,chinese-NF-1085,huawei,doe,76,test/attack/digital_3/huawei/chinese-NF-1085.jpg,train/bonafide/huawei/chinese-NF-1085.jpg,1092,1473,1604,1985,1053,1700,1644,1824,0,bonafide,0,data/processed/text_patch512/digital3_dev/digital_3/bonafide/ad1fcf31d2d9cfdc41a0.png,0.0005965232849121094
POST_HOC_NATIVE_TEXT_PATCH512_DIAGNOSTIC,10,digital3_dev,digital_3,ac4169c7c86442de6561,chinese-NF-1085,huawei,name_en,76,test/attack/digital_3/huawei/chinese-NF-1085.jpg,train/bonafide/huawei/chinese-NF-1085.jpg,1030,560,1542,1072,1074,756,1498,877,0,attack,1,data/processed/text_patch512/digital3_dev/digital_3/attack/ac4169c7c86442de6561.png,0.00018703937530517578
POST_HOC_NATIVE_TEXT_PATCH512_DIAGNOSTIC,10,digital3_dev,digital_3,ac4169c7c86442de6561,chinese-NF-1085,huawei,name_en,76,test/attack/digital_3/huawei/chinese-NF-1085.jpg,train/bonafide/huawei/chinese-NF-1085.jpg,1030,560,1542,1072,1074,756,1498,877,0,bonafide,0,data/processed/text_patch512/digital3_dev/digital_3/bonafide/ac4169c7c86442de6561.png,7.367134094238281e-05
POST_HOC_NATIVE_TEXT_PATCH512_DIAGNOSTIC,10,digital3_dev,digital_3,a2b988a1dafb568556e2,chinese-NM-1092,huawei,dob,61,test/attack/digital_3/huawei/chinese-NM-1092.jpg,train/bonafide/huawei/chinese-NM-1092.jpg,2022,921,2534,1433,1981,1115,2576,1239,0,attack,1,data/processed/text_patch512/digital3_dev/digital_3/attack/a2b988a1dafb568556e2.png,0.9423828125
POST_HOC_NATIVE_TEXT_PATCH512_DIAGNOSTIC,10,digital3_dev,digital_3,a2b988a1dafb568556e2,chinese-NM-1092,huawei,dob,61,test/attack/digital_3/huawei/chinese-NM-1092.jpg,train/bonafide/huawei/chinese-NM-1092.jpg,2022,921,2534,1433,1981,1115,2576,1239,0,bonafide,0,data/processed/text_patch512/digital3_dev/digital_3/bonafide/a2b988a1dafb568556e2.png,0.00033664703369140625
POST_HOC_NATIVE_TEXT_PATCH512_DIAGNOSTIC,10,digital3_dev,digital_3,2ba33ae2e603d1a57d66,chinese-NM-1092,huawei,doe,61,test/attack/digital_3/huawei/chinese-NM-1092.jpg,train/bonafide/huawei/chinese-NM-1092.jpg,1110,1473,1622,1985,1069,1696,1664,1820,0,attack,1,data/processed/text_patch512/digital3_dev/digital_3/attack/2ba33ae2e603d1a57d66.png,0.9970703125
POST_HOC_NATIVE_TEXT_PATCH512_DIAGNOSTIC,10,digital3_dev,digital_3,2ba33ae2e603d1a57d66,chinese-NM-1092,huawei,doe,61,test/attack/digital_3/huawei/chinese-NM-1092.jpg,train/bonafide/huawei/chinese-NM-1092.jpg,1110,1473,1622,1985,1069,1696,1664,1820,0,bonafide,0,data/processed/text_patch512/digital3_dev/digital_3/bonafide/2ba33ae2e603d1a57d66.png,8.851289749145508e-05
POST_HOC_NATIVE_TEXT_PATCH512_DIAGNOSTIC,10,digital3_dev,digital_3,46f0c072cfc1bf4f7a19,chinese-NM-1092,huawei,name_en,61,test/attack/digital_3/huawei/chinese-NM-1092.jpg,train/bonafide/huawei/chinese-NM-1092.jpg,1064,566,1576,1078,1083,761,1492,883,0,attack,1,data/processed/text_patch512/digital3_dev/digital_3/attack/46f0c072cfc1bf4f7a19.png,0.0032596588134765625
POST_HOC_NATIVE_TEXT_PATCH512_DIAGNOSTIC,10,digital3_dev,digital_3,46f0c072cfc1bf4f7a19,chinese-NM-1092,huawei,name_en,61,test/attack/digital_3/huawei/chinese-NM-1092.jpg,train/bonafide/huawei/chinese-NM-1092.jpg,1064,566,1576,1078,1083,761,1492,883,0,bonafide,0,data/processed/text_patch512/digital3_dev/digital_3/bonafide/46f0c072cfc1bf4f7a19.png,0.3935546875
POST_HOC_NATIVE_TEXT_PATCH512_DIAGNOSTIC,10,digital3_dev,digital_3,307cbcd1e00c93a910d3,french-019_03,huawei,dob,77,test/attack/digital_3/huawei/french-019_03.jpg,train/bonafide/huawei/french-019_03.jpg,2263,792,2775,1304,2265,991,2773,1106,0,attack,1,data/processed/text_patch512/digital3_dev/digital_3/attack/307cbcd1e00c93a910d3.png,0.049774169921875
POST_HOC_NATIVE_TEXT_PATCH512_DIAGNOSTIC,10,digital3_dev,digital_3,307cbcd1e00c93a910d3,french-019_03,huawei,dob,77,test/attack/digital_3/huawei/french-019_03.jpg,train/bonafide/huawei/french-019_03.jpg,2263,792,2775,1304,2265,991,2773,1106,0,bonafide,0,data/processed/text_patch512/digital3_dev/digital_3/bonafide/307cbcd1e00c93a910d3.png,0.001934051513671875
POST_HOC_NATIVE_TEXT_PATCH512_DIAGNOSTIC,10,digital3_dev,digital_3,a1057bb768b22077e8da,french-019_03,huawei,doe,77,test/attack/digital_3/huawei/french-019_03.jpg,train/bonafide/huawei/french-019_03.jpg,2252,1410,2764,1922,2254,1609,2762,1724,0,attack,1,data/processed/text_patch512/digital3_dev/digital_3/attack/a1057bb768b22077e8da.png,0.058837890625
POST_HOC_NATIVE_TEXT_PATCH512_DIAGNOSTIC,10,digital3_dev,digital_3,a1057bb768b22077e8da,french-019_03,huawei,doe,77,test/attack/digital_3/huawei/french-019_03.jpg,train/bonafide/huawei/french-019_03.jpg,2252,1410,2764,1922,2254,1609,2762,1724,0,bonafide,0,data/processed/text_patch512/digital3_dev/digital_3/bonafide/a1057bb768b22077e8da.png,0.0002613067626953125
POST_HOC_NATIVE_TEXT_PATCH512_DIAGNOSTIC,10,digital3_dev,digital_3,2139ebcd8d137d18d51d,french-019_03,huawei,name,77,test/attack/digital_3/huawei/french-019_03.jpg,train/bonafide/huawei/french-019_03.jpg,1120,522,1632,1034,1020,719,1733,837,0,attack,1,data/processed/text_patch512/digital3_dev/digital_3/attack/2139ebcd8d137d18d51d.png,0.99951171875
POST_HOC_NATIVE_TEXT_PATCH512_DIAGNOSTIC,10,digital3_dev,digital_3,2139ebcd8d137d18d51d,french-019_03,huawei,name,77,test/attack/digital_3/huawei/french-019_03.jpg,train/bonafide/huawei/french-019_03.jpg,1120,522,1632,1034,1020,719,1733,837,0,bonafide,0,data/processed/text_patch512/digital3_dev/digital_3/bonafide/2139ebcd8d137d18d51d.png,0.0003006458282470703
POST_HOC_NATIVE_TEXT_PATCH512_DIAGNOSTIC,10,digital3_dev,digital_3,b96e875c38f7a412e183,french-114_03,huawei,dob,75,test/attack/digital_3/huawei/french-114_03.jpg,train/bonafide/huawei/french-114_03.jpg,2248,792,2760,1304,2250,989,2757,1106,0,attack,1,data/processed/text_patch512/digital3_dev/digital_3/attack/b96e875c38f7a412e183.png,0.023468017578125
POST_HOC_NATIVE_TEXT_PATCH512_DIAGNOSTIC,10,digital3_dev,digital_3,b96e875c38f7a412e183,french-114_03,huawei,dob,75,test/attack/digital_3/huawei/french-114_03.jpg,train/bonafide/huawei/french-114_03.jpg,2248,792,2760,1304,2250,989,2757,1106,0,bonafide,0,data/processed/text_patch512/digital3_dev/digital_3/bonafide/b96e875c38f7a412e183.png,0.0007777214050292969
POST_HOC_NATIVE_TEXT_PATCH512_DIAGNOSTIC,10,digital3_dev,digital_3,77fcdfaff4c7c0f26563,french-114_03,huawei,doe,75,test/attack/digital_3/huawei/french-114_03.jpg,train/bonafide/huawei/french-114_03.jpg,2234,1410,2746,1922,2236,1608,2743,1725,0,attack,1,data/processed/text_patch512/digital3_dev/digital_3/attack/77fcdfaff4c7c0f26563.png,0.03460693359375
POST_HOC_NATIVE_TEXT_PATCH512_DIAGNOSTIC,10,digital3_dev,digital_3,77fcdfaff4c7c0f26563,french-114_03,huawei,doe,75,test/attack/digital_3/huawei/french-114_03.jpg,train/bonafide/huawei/french-114_03.jpg,2234,1410,2746,1922,2236,1608,2743,1725,0,bonafide,0,data/processed/text_patch512/digital3_dev/digital_3/bonafide/77fcdfaff4c7c0f26563.png,0.00022518634796142578
POST_HOC_NATIVE_TEXT_PATCH512_DIAGNOSTIC,10,digital3_dev,digital_3,621a4a4ca13948caa122,french-114_03,huawei,alternative,75,test/attack/digital_3/huawei/french-114_03.jpg,train/bonafide/huawei/french-114_03.jpg,1053,1174,1565,1686,994,1370,1624,1490,0,attack,1,data/processed/text_patch512/digital3_dev/digital_3/attack/621a4a4ca13948caa122.png,0.406982421875
POST_HOC_NATIVE_TEXT_PATCH512_DIAGNOSTIC,10,digital3_dev,digital_3,621a4a4ca13948caa122,french-114_03,huawei,alternative,75,test/attack/digital_3/huawei/french-114_03.jpg,train/bonafide/huawei/french-114_03.jpg,1053,1174,1565,1686,994,1370,1624,1490,0,bonafide,0,data/processed/text_patch512/digital3_dev/digital_3/bonafide/621a4a4ca13948caa122.png,0.0001634359359741211
POST_HOC_NATIVE_TEXT_PATCH512_DIAGNOSTIC,10,digital3_dev,digital_3,5ca0f48922a23291dc0c,french-124_03,huawei,dob,87,test/attack/digital_3/huawei/french-124_03.jpg,train/bonafide/huawei/french-124_03.jpg,2246,788,2758,1300,2250,985,2754,1102,0,attack,1,data/processed/text_patch512/digital3_dev/digital_3/attack/5ca0f48922a23291dc0c.png,0.005565643310546875
POST_HOC_NATIVE_TEXT_PATCH512_DIAGNOSTIC,10,digital3_dev,digital_3,5ca0f48922a23291dc0c,french-124_03,huawei,dob,87,test/attack/digital_3/huawei/french-124_03.jpg,train/bonafide/huawei/french-124_03.jpg,2246,788,2758,1300,2250,985,2754,1102,0,bonafide,0,data/processed/text_patch512/digital3_dev/digital_3/bonafide/5ca0f48922a23291dc0c.png,0.0009717941284179688
POST_HOC_NATIVE_TEXT_PATCH512_DIAGNOSTIC,10,digital3_dev,digital_3,55c703901d68e81542aa,french-124_03,huawei,doe,87,test/attack/digital_3/huawei/french-124_03.jpg,train/bonafide/huawei/french-124_03.jpg,2229,1402,2741,1914,2233,1600,2737,1717,0,attack,1,data/processed/text_patch512/digital3_dev/digital_3/attack/55c703901d68e81542aa.png,0.046722412109375
POST_HOC_NATIVE_TEXT_PATCH512_DIAGNOSTIC,10,digital3_dev,digital_3,55c703901d68e81542aa,french-124_03,huawei,doe,87,test/attack/digital_3/huawei/french-124_03.jpg,train/bonafide/huawei/french-124_03.jpg,2229,1402,2741,1914,2233,1600,2737,1717,0,bonafide,0,data/processed/text_patch512/digital3_dev/digital_3/bonafide/55c703901d68e81542aa.png,0.0008182525634765625
POST_HOC_NATIVE_TEXT_PATCH512_DIAGNOSTIC,10,digital3_dev,digital_3,bfb65b2ee16f8322c828,french-124_03,huawei,alternative,87,test/attack/digital_3/huawei/french-124_03.jpg,train/bonafide/huawei/french-124_03.jpg,1158,1167,1670,1679,999,1363,1829,1483,0,attack,1,data/processed/text_patch512/digital3_dev/digital_3/attack/bfb65b2ee16f8322c828.png,1.0
POST_HOC_NATIVE_TEXT_PATCH512_DIAGNOSTIC,10,digital3_dev,digital_3,bfb65b2ee16f8322c828,french-124_03,huawei,alternative,87,test/attack/digital_3/huawei/french-124_03.jpg,train/bonafide/huawei/french-124_03.jpg,1158,1167,1670,1679,999,1363,1829,1483,0,bonafide,0,data/processed/text_patch512/digital3_dev/digital_3/bonafide/bfb65b2ee16f8322c828.png,0.0036067962646484375
POST_HOC_NATIVE_TEXT_PATCH512_DIAGNOSTIC,10,digital3_dev,digital_3,22deeefeefafeabc015c,french-128_03,huawei,dob,89,test/attack/digital_3/huawei/french-128_03.jpg,train/bonafide/huawei/french-128_03.jpg,2239,790,2751,1302,2242,989,2748,1103,0,attack,1,data/processed/text_patch512/digital3_dev/digital_3/attack/22deeefeefafeabc015c.png,0.017120361328125
POST_HOC_NATIVE_TEXT_PATCH512_DIAGNOSTIC,10,digital3_dev,digital_3,22deeefeefafeabc015c,french-128_03,huawei,dob,89,test/attack/digital_3/huawei/french-128_03.jpg,train/bonafide/huawei/french-128_03.jpg,2239,790,2751,1302,2242,989,2748,1103,0,bonafide,0,data/processed/text_patch512/digital3_dev/digital_3/bonafide/22deeefeefafeabc015c.png,9.423494338989258e-05
POST_HOC_NATIVE_TEXT_PATCH512_DIAGNOSTIC,10,digital3_dev,digital_3,b84003b969b8778deed2,french-128_03,huawei,doe,89,test/attack/digital_3/huawei/french-128_03.jpg,train/bonafide/huawei/french-128_03.jpg,2225,1410,2737,1922,2228,1607,2734,1724,0,attack,1,data/processed/text_patch512/digital3_dev/digital_3/attack/b84003b969b8778deed2.png,0.00974273681640625
POST_HOC_NATIVE_TEXT_PATCH512_DIAGNOSTIC,10,digital3_dev,digital_3,b84003b969b8778deed2,french-128_03,huawei,doe,89,test/attack/digital_3/huawei/french-128_03.jpg,train/bonafide/huawei/french-128_03.jpg,2225,1410,2737,1922,2228,1607,2734,1724,0,bonafide,0,data/processed/text_patch512/digital3_dev/digital_3/bonafide/b84003b969b8778deed2.png,0.00029468536376953125
POST_HOC_NATIVE_TEXT_PATCH512_DIAGNOSTIC,10,digital3_dev,digital_3,2fbf3231d1dedbbebfdb,french-128_03,huawei,name,89,test/attack/digital_3/huawei/french-128_03.jpg,train/bonafide/huawei/french-128_03.jpg,1072,521,1584,1033,1001,720,1655,834,0,attack,1,data/processed/text_patch512/digital3_dev/digital_3/attack/2fbf3231d1dedbbebfdb.png,0.98486328125
POST_HOC_NATIVE_TEXT_PATCH512_DIAGNOSTIC,10,digital3_dev,digital_3,2fbf3231d1dedbbebfdb,french-128_03,huawei,name,89,test/attack/digital_3/huawei/french-128_03.jpg,train/bonafide/huawei/french-128_03.jpg,1072,521,1584,1033,1001,720,1655,834,0,bonafide,0,data/processed/text_patch512/digital3_dev/digital_3/bonafide/2fbf3231d1dedbbebfdb.png,0.0004878044128417969
POST_HOC_NATIVE_TEXT_PATCH512_DIAGNOSTIC,10,digital3_dev,digital_3,d0721a118d2474335e1c,french-NF-1047,huawei,dob,83,test/attack/digital_3/huawei/french-NF-1047.jpg,train/bonafide/huawei/french-NF-1047.jpg,2251,786,2763,1298,2253,984,2761,1101,0,attack,1,data/processed/text_patch512/digital3_dev/digital_3/attack/d0721a118d2474335e1c.png,0.0150909423828125
POST_HOC_NATIVE_TEXT_PATCH512_DIAGNOSTIC,10,digital3_dev,digital_3,d0721a118d2474335e1c,french-NF-1047,huawei,dob,83,test/attack/digital_3/huawei/french-NF-1047.jpg,train/bonafide/huawei/french-NF-1047.jpg,2251,786,2763,1298,2253,984,2761,1101,0,bonafide,0,data/processed/text_patch512/digital3_dev/digital_3/bonafide/d0721a118d2474335e1c.png,0.00036907196044921875
POST_HOC_NATIVE_TEXT_PATCH512_DIAGNOSTIC,10,digital3_dev,digital_3,bb06c39476f1ca78faf6,french-NF-1047,huawei,doe,83,test/attack/digital_3/huawei/french-NF-1047.jpg,train/bonafide/huawei/french-NF-1047.jpg,2237,1404,2749,1916,2239,1602,2747,1719,0,attack,1,data/processed/text_patch512/digital3_dev/digital_3/attack/bb06c39476f1ca78faf6.png,0.0023193359375
POST_HOC_NATIVE_TEXT_PATCH512_DIAGNOSTIC,10,digital3_dev,digital_3,bb06c39476f1ca78faf6,french-NF-1047,huawei,doe,83,test/attack/digital_3/huawei/french-NF-1047.jpg,train/bonafide/huawei/french-NF-1047.jpg,2237,1404,2749,1916,2239,1602,2747,1719,0,bonafide,0,data/processed/text_patch512/digital3_dev/digital_3/bonafide/bb06c39476f1ca78faf6.png,0.0005283355712890625
POST_HOC_NATIVE_TEXT_PATCH512_DIAGNOSTIC,10,digital3_dev,digital_3,12803d7fe4d099111fda,french-NF-1047,huawei,alternative,83,test/attack/digital_3/huawei/french-NF-1047.jpg,train/bonafide/huawei/french-NF-1047.jpg,1083,1168,1595,1680,999,1366,1679,1483,0,attack,1,data/processed/text_patch512/digital3_dev/digital_3/attack/12803d7fe4d099111fda.png,0.7275390625
POST_HOC_NATIVE_TEXT_PATCH512_DIAGNOSTIC,10,digital3_dev,digital_3,12803d7fe4d099111fda,french-NF-1047,huawei,alternative,83,test/attack/digital_3/huawei/french-NF-1047.jpg,train/bonafide/huawei/french-NF-1047.jpg,1083,1168,1595,1680,999,1366,1679,1483,0,bonafide,0,data/processed/text_patch512/digital3_dev/digital_3/bonafide/12803d7fe4d099111fda.png,0.0001773834228515625
POST_HOC_NATIVE_TEXT_PATCH512_DIAGNOSTIC,10,digital3_dev,digital_3,5dcfbd7baf1cc7e78dd5,french-NF-1082,huawei,dob,71,test/attack/digital_3/huawei/french-NF-1082.jpg,train/bonafide/huawei/french-NF-1082.jpg,2254,786,2766,1298,2258,985,2763,1099,0,attack,1,data/processed/text_patch512/digital3_dev/digital_3/attack/5dcfbd7baf1cc7e78dd5.png,0.22607421875
POST_HOC_NATIVE_TEXT_PATCH512_DIAGNOSTIC,10,digital3_dev,digital_3,5dcfbd7baf1cc7e78dd5,french-NF-1082,huawei,dob,71,test/attack/digital_3/huawei/french-NF-1082.jpg,train/bonafide/huawei/french-NF-1082.jpg,2254,786,2766,1298,2258,985,2763,1099,0,bonafide,0,data/processed/text_patch512/digital3_dev/digital_3/bonafide/5dcfbd7baf1cc7e78dd5.png,0.0010814666748046875
POST_HOC_NATIVE_TEXT_PATCH512_DIAGNOSTIC,10,digital3_dev,digital_3,2b9a10d052804d97eac1,french-NF-1082,huawei,doe,71,test/attack/digital_3/huawei/french-NF-1082.jpg,train/bonafide/huawei/french-NF-1082.jpg,2240,1401,2752,1913,2244,1600,2749,1714,0,attack,1,data/processed/text_patch512/digital3_dev/digital_3/attack/2b9a10d052804d97eac1.png,0.00183868408203125
POST_HOC_NATIVE_TEXT_PATCH512_DIAGNOSTIC,10,digital3_dev,digital_3,2b9a10d052804d97eac1,french-NF-1082,huawei,doe,71,test/attack/digital_3/huawei/french-NF-1082.jpg,train/bonafide/huawei/french-NF-1082.jpg,2240,1401,2752,1913,2244,1600,2749,1714,0,bonafide,0,data/processed/text_patch512/digital3_dev/digital_3/bonafide/2b9a10d052804d97eac1.png,0.0006036758422851562
POST_HOC_NATIVE_TEXT_PATCH512_DIAGNOSTIC,10,digital3_dev,digital_3,0db1e824fb4c8850659e,french-NF-1082,huawei,name,71,test/attack/digital_3/huawei/french-NF-1082.jpg,train/bonafide/huawei/french-NF-1082.jpg,1051,516,1563,1028,1017,715,1597,829,0,attack,1,data/processed/text_patch512/digital3_dev/digital_3/attack/0db1e824fb4c8850659e.png,0.88623046875
POST_HOC_NATIVE_TEXT_PATCH512_DIAGNOSTIC,10,digital3_dev,digital_3,0db1e824fb4c8850659e,french-NF-1082,huawei,name,71,test/attack/digital_3/huawei/french-NF-1082.jpg,train/bonafide/huawei/french-NF-1082.jpg,1051,516,1563,1028,1017,715,1597,829,0,bonafide,0,data/processed/text_patch512/digital3_dev/digital_3/bonafide/0db1e824fb4c8850659e.png,0.0005826950073242188
POST_HOC_NATIVE_TEXT_PATCH512_DIAGNOSTIC,10,digital3_dev,digital_3,1753a059eb2caa511850,indian-014_03,huawei,dob,66,test/attack/digital_3/huawei/indian-014_03.jpg,train/bonafide/huawei/indian-014_03.jpg,1112,1033,1624,1545,1080,1227,1657,1351,0,attack,1,data/processed/text_patch512/digital3_dev/digital_3/attack/1753a059eb2caa511850.png,0.0066680908203125
POST_HOC_NATIVE_TEXT_PATCH512_DIAGNOSTIC,10,digital3_dev,digital_3,1753a059eb2caa511850,indian-014_03,huawei,dob,66,test/attack/digital_3/huawei/indian-014_03.jpg,train/bonafide/huawei/indian-014_03.jpg,1112,1033,1624,1545,1080,1227,1657,1351,0,bonafide,0,data/processed/text_patch512/digital3_dev/digital_3/bonafide/1753a059eb2caa511850.png,7.808208465576172e-06
POST_HOC_NATIVE_TEXT_PATCH512_DIAGNOSTIC,10,digital3_dev,digital_3,5eaaf651a8dc07c09b2f,indian-014_03,huawei,doe,66,test/attack/digital_3/huawei/indian-014_03.jpg,train/bonafide/huawei/indian-014_03.jpg,2272,1492,2784,2004,2238,1715,2818,1839,0,attack,1,data/processed/text_patch512/digital3_dev/digital_3/attack/5eaaf651a8dc07c09b2f.png,0.36181640625
POST_HOC_NATIVE_TEXT_PATCH512_DIAGNOSTIC,10,digital3_dev,digital_3,5eaaf651a8dc07c09b2f,indian-014_03,huawei,doe,66,test/attack/digital_3/huawei/indian-014_03.jpg,train/bonafide/huawei/indian-014_03.jpg,2272,1492,2784,2004,2238,1715,2818,1839,0,bonafide,0,data/processed/text_patch512/digital3_dev/digital_3/bonafide/5eaaf651a8dc07c09b2f.png,0.007965087890625
POST_HOC_NATIVE_TEXT_PATCH512_DIAGNOSTIC,10,digital3_dev,digital_3,563684001241ef181bab,indian-014_03,huawei,name,66,test/attack/digital_3/huawei/indian-014_03.jpg,train/bonafide/huawei/indian-014_03.jpg,1150,776,1662,1288,1085,970,1726,1094,0,attack,1,data/processed/text_patch512/digital3_dev/digital_3/attack/563684001241ef181bab.png,0.5859375
POST_HOC_NATIVE_TEXT_PATCH512_DIAGNOSTIC,10,digital3_dev,digital_3,563684001241ef181bab,indian-014_03,huawei,name,66,test/attack/digital_3/huawei/indian-014_03.jpg,train/bonafide/huawei/indian-014_03.jpg,1150,776,1662,1288,1085,970,1726,1094,0,bonafide,0,data/processed/text_patch512/digital3_dev/digital_3/bonafide/563684001241ef181bab.png,0.0002111196517944336
POST_HOC_NATIVE_TEXT_PATCH512_DIAGNOSTIC,10,digital3_dev,digital_3,7757956f5fad585f3228,indian-021_03,huawei,dob,57,test/attack/digital_3/huawei/indian-021_03.jpg,train/bonafide/huawei/indian-021_03.jpg,1116,1014,1628,1526,1083,1209,1662,1332,0,attack,1,data/processed/text_patch512/digital3_dev/digital_3/attack/7757956f5fad585f3228.png,0.00043129920959472656
POST_HOC_NATIVE_TEXT_PATCH512_DIAGNOSTIC,10,digital3_dev,digital_3,7757956f5fad585f3228,indian-021_03,huawei,dob,57,test/attack/digital_3/huawei/indian-021_03.jpg,train/bonafide/huawei/indian-021_03.jpg,1116,1014,1628,1526,1083,1209,1662,1332,0,bonafide,0,data/processed/text_patch512/digital3_dev/digital_3/bonafide/7757956f5fad585f3228.png,2.4139881134033203e-05
POST_HOC_NATIVE_TEXT_PATCH512_DIAGNOSTIC,10,digital3_dev,digital_3,afde4bb0f3be3ce2b58f,indian-021_03,huawei,doe,57,test/attack/digital_3/huawei/indian-021_03.jpg,train/bonafide/huawei/indian-021_03.jpg,2274,1466,2786,1978,2241,1699,2820,1822,0,attack,1,data/processed/text_patch512/digital3_dev/digital_3/attack/afde4bb0f3be3ce2b58f.png,0.09918212890625
POST_HOC_NATIVE_TEXT_PATCH512_DIAGNOSTIC,10,digital3_dev,digital_3,afde4bb0f3be3ce2b58f,indian-021_03,huawei,doe,57,test/attack/digital_3/huawei/indian-021_03.jpg,train/bonafide/huawei/indian-021_03.jpg,2274,1466,2786,1978,2241,1699,2820,1822,0,bonafide,0,data/processed/text_patch512/digital3_dev/digital_3/bonafide/afde4bb0f3be3ce2b58f.png,0.0034961700439453125
POST_HOC_NATIVE_TEXT_PATCH512_DIAGNOSTIC,10,digital3_dev,digital_3,b185bdb0499e849f9cd1,indian-021_03,huawei,name,57,test/attack/digital_3/huawei/indian-021_03.jpg,train/bonafide/huawei/indian-021_03.jpg,1138,758,1650,1270,1088,953,1701,1076,0,attack,1,data/processed/text_patch512/digital3_dev/digital_3/attack/b185bdb0499e849f9cd1.png,0.15234375
POST_HOC_NATIVE_TEXT_PATCH512_DIAGNOSTIC,10,digital3_dev,digital_3,b185bdb0499e849f9cd1,indian-021_03,huawei,name,57,test/attack/digital_3/huawei/indian-021_03.jpg,train/bonafide/huawei/indian-021_03.jpg,1138,758,1650,1270,1088,953,1701,1076,0,bonafide,0,data/processed/text_patch512/digital3_dev/digital_3/bonafide/b185bdb0499e849f9cd1.png,0.00107574462890625
POST_HOC_NATIVE_TEXT_PATCH512_DIAGNOSTIC,10,digital3_dev,digital_3,046c32534cd5e2090219,indian-NF-1061,huawei,dob,63,test/attack/digital_3/huawei/indian-NF-1061.jpg,train/bonafide/huawei/indian-NF-1061.jpg,1109,1022,1621,1534,1076,1217,1654,1340,0,attack,1,data/processed/text_patch512/digital3_dev/digital_3/attack/046c32534cd5e2090219.png,0.01255035400390625
POST_HOC_NATIVE_TEXT_PATCH512_DIAGNOSTIC,10,digital3_dev,digital_3,046c32534cd5e2090219,indian-NF-1061,huawei,dob,63,test/attack/digital_3/huawei/indian-NF-1061.jpg,train/bonafide/huawei/indian-NF-1061.jpg,1109,1022,1621,1534,1076,1217,1654,1340,0,bonafide,0,data/processed/text_patch512/digital3_dev/digital_3/bonafide/046c32534cd5e2090219.png,4.6133995056152344e-05
POST_HOC_NATIVE_TEXT_PATCH512_DIAGNOSTIC,10,digital3_dev,digital_3,2812018cea17c05a8179,indian-NF-1061,huawei,doe,63,test/attack/digital_3/huawei/indian-NF-1061.jpg,train/bonafide/huawei/indian-NF-1061.jpg,2267,1474,2779,1986,2234,1707,2812,1830,0,attack,1,data/processed/text_patch512/digital3_dev/digital_3/attack/2812018cea17c05a8179.png,0.1766357421875
POST_HOC_NATIVE_TEXT_PATCH512_DIAGNOSTIC,10,digital3_dev,digital_3,2812018cea17c05a8179,indian-NF-1061,huawei,doe,63,test/attack/digital_3/huawei/indian-NF-1061.jpg,train/bonafide/huawei/indian-NF-1061.jpg,2267,1474,2779,1986,2234,1707,2812,1830,0,bonafide,0,data/processed/text_patch512/digital3_dev/digital_3/bonafide/2812018cea17c05a8179.png,0.00995635986328125
POST_HOC_NATIVE_TEXT_PATCH512_DIAGNOSTIC,10,digital3_dev,digital_3,ce0bd00c5ede224c9990,indian-NF-1061,huawei,name,63,test/attack/digital_3/huawei/indian-NF-1061.jpg,train/bonafide/huawei/indian-NF-1061.jpg,1154,766,1666,1278,1082,961,1738,1084,0,attack,1,data/processed/text_patch512/digital3_dev/digital_3/attack/ce0bd00c5ede224c9990.png,0.04693603515625
POST_HOC_NATIVE_TEXT_PATCH512_DIAGNOSTIC,10,digital3_dev,digital_3,ce0bd00c5ede224c9990,indian-NF-1061,huawei,name,63,test/attack/digital_3/huawei/indian-NF-1061.jpg,train/bonafide/huawei/indian-NF-1061.jpg,1154,766,1666,1278,1082,961,1738,1084,0,bonafide,0,data/processed/text_patch512/digital3_dev/digital_3/bonafide/ce0bd00c5ede224c9990.png,0.0002727508544921875
POST_HOC_NATIVE_TEXT_PATCH512_DIAGNOSTIC,10,digital3_dev,digital_3,a75e9d7205014898865d,persian-144_03,huawei,dob,50,test/attack/digital_3/huawei/persian-144_03.jpg,train/bonafide/huawei/persian-144_03.jpg,1108,672,1620,1184,1127,865,1601,990,0,attack,1,data/processed/text_patch512/digital3_dev/digital_3/attack/a75e9d7205014898865d.png,0.0182647705078125
POST_HOC_NATIVE_TEXT_PATCH512_DIAGNOSTIC,10,digital3_dev,digital_3,a75e9d7205014898865d,persian-144_03,huawei,dob,50,test/attack/digital_3/huawei/persian-144_03.jpg,train/bonafide/huawei/persian-144_03.jpg,1108,672,1620,1184,1127,865,1601,990,0,bonafide,0,data/processed/text_patch512/digital3_dev/digital_3/bonafide/a75e9d7205014898865d.png,0.0005793571472167969
POST_HOC_NATIVE_TEXT_PATCH512_DIAGNOSTIC,10,digital3_dev,digital_3,3749c728bbb3d15f34d2,persian-144_03,huawei,doe,50,test/attack/digital_3/huawei/persian-144_03.jpg,train/bonafide/huawei/persian-144_03.jpg,1994,1182,2506,1694,2012,1375,2488,1502,0,attack,1,data/processed/text_patch512/digital3_dev/digital_3/attack/3749c728bbb3d15f34d2.png,0.1007080078125
POST_HOC_NATIVE_TEXT_PATCH512_DIAGNOSTIC,10,digital3_dev,digital_3,3749c728bbb3d15f34d2,persian-144_03,huawei,doe,50,test/attack/digital_3/huawei/persian-144_03.jpg,train/bonafide/huawei/persian-144_03.jpg,1994,1182,2506,1694,2012,1375,2488,1502,0,bonafide,0,data/processed/text_patch512/digital3_dev/digital_3/bonafide/3749c728bbb3d15f34d2.png,0.0004012584686279297
POST_HOC_NATIVE_TEXT_PATCH512_DIAGNOSTIC,10,digital3_dev,digital_3,9bd23125622d5ff6d504,persian-144_03,huawei,name,50,test/attack/digital_3/huawei/persian-144_03.jpg,train/bonafide/huawei/persian-144_03.jpg,1006,204,1518,716,1135,400,1388,519,0,attack,1,data/processed/text_patch512/digital3_dev/digital_3/attack/9bd23125622d5ff6d504.png,0.005229949951171875
POST_HOC_NATIVE_TEXT_PATCH512_DIAGNOSTIC,10,digital3_dev,digital_3,9bd23125622d5ff6d504,persian-144_03,huawei,name,50,test/attack/digital_3/huawei/persian-144_03.jpg,train/bonafide/huawei/persian-144_03.jpg,1006,204,1518,716,1135,400,1388,519,0,bonafide,0,data/processed/text_patch512/digital3_dev/digital_3/bonafide/9bd23125622d5ff6d504.png,0.0008592605590820312
POST_HOC_NATIVE_TEXT_PATCH512_DIAGNOSTIC,10,digital3_dev,digital_3,d5f1a07cf9e4d4ffe16b,persian-NF-1018,huawei,dob,73,test/attack/digital_3/huawei/persian-NF-1018.jpg,train/bonafide/huawei/persian-NF-1018.jpg,1182,714,1694,1226,1187,904,1688,1035,0,attack,1,data/processed/text_patch512/digital3_dev/digital_3/attack/d5f1a07cf9e4d4ffe16b.png,0.0012521743774414062
POST_HOC_NATIVE_TEXT_PATCH512_DIAGNOSTIC,10,digital3_dev,digital_3,d5f1a07cf9e4d4ffe16b,persian-NF-1018,huawei,dob,73,test/attack/digital_3/huawei/persian-NF-1018.jpg,train/bonafide/huawei/persian-NF-1018.jpg,1182,714,1694,1226,1187,904,1688,1035,0,bonafide,0,data/processed/text_patch512/digital3_dev/digital_3/bonafide/d5f1a07cf9e4d4ffe16b.png,1.6391277313232422e-05
POST_HOC_NATIVE_TEXT_PATCH512_DIAGNOSTIC,10,digital3_dev,digital_3,8a926417111aede75ca6,persian-NF-1018,huawei,doe,73,test/attack/digital_3/huawei/persian-NF-1018.jpg,train/bonafide/huawei/persian-NF-1018.jpg,2116,1250,2628,1762,2120,1439,2623,1573,0,attack,1,data/processed/text_patch512/digital3_dev/digital_3/attack/8a926417111aede75ca6.png,0.0859375
POST_HOC_NATIVE_TEXT_PATCH512_DIAGNOSTIC,10,digital3_dev,digital_3,8a926417111aede75ca6,persian-NF-1018,huawei,doe,73,test/attack/digital_3/huawei/persian-NF-1018.jpg,train/bonafide/huawei/persian-NF-1018.jpg,2116,1250,2628,1762,2120,1439,2623,1573,0,bonafide,0,data/processed/text_patch512/digital3_dev/digital_3/bonafide/8a926417111aede75ca6.png,4.6133995056152344e-05
POST_HOC_NATIVE_TEXT_PATCH512_DIAGNOSTIC,10,digital3_dev,digital_3,e0e823a800486b188782,persian-NF-1018,huawei,name,73,test/attack/digital_3/huawei/persian-NF-1018.jpg,train/bonafide/huawei/persian-NF-1018.jpg,1096,218,1608,730,1199,412,1505,537,0,attack,1,data/processed/text_patch512/digital3_dev/digital_3/attack/e0e823a800486b188782.png,0.002300262451171875
POST_HOC_NATIVE_TEXT_PATCH512_DIAGNOSTIC,10,digital3_dev,digital_3,e0e823a800486b188782,persian-NF-1018,huawei,name,73,test/attack/digital_3/huawei/persian-NF-1018.jpg,train/bonafide/huawei/persian-NF-1018.jpg,1096,218,1608,730,1199,412,1505,537,0,bonafide,0,data/processed/text_patch512/digital3_dev/digital_3/bonafide/e0e823a800486b188782.png,0.0026569366455078125
POST_HOC_NATIVE_TEXT_PATCH512_DIAGNOSTIC,10,digital3_dev,digital_3,33a9e86530e2da432f62,persian-NF-1097,huawei,dob,86,test/attack/digital_3/huawei/persian-NF-1097.jpg,train/bonafide/huawei/persian-NF-1097.jpg,1196,724,1708,1236,1200,924,1704,1036,0,attack,1,data/processed/text_patch512/digital3_dev/digital_3/attack/33a9e86530e2da432f62.png,0.00044345855712890625
POST_HOC_NATIVE_TEXT_PATCH512_DIAGNOSTIC,10,digital3_dev,digital_3,33a9e86530e2da432f62,persian-NF-1097,huawei,dob,86,test/attack/digital_3/huawei/persian-NF-1097.jpg,train/bonafide/huawei/persian-NF-1097.jpg,1196,724,1708,1236,1200,924,1704,1036,0,bonafide,0,data/processed/text_patch512/digital3_dev/digital_3/bonafide/33a9e86530e2da432f62.png,0.0015363693237304688
POST_HOC_NATIVE_TEXT_PATCH512_DIAGNOSTIC,10,digital3_dev,digital_3,b4e099c756410485c159,persian-NF-1097,huawei,doe,86,test/attack/digital_3/huawei/persian-NF-1097.jpg,train/bonafide/huawei/persian-NF-1097.jpg,2152,1232,2664,1744,2154,1431,2661,1546,0,attack,1,data/processed/text_patch512/digital3_dev/digital_3/attack/b4e099c756410485c159.png,0.001956939697265625
POST_HOC_NATIVE_TEXT_PATCH512_DIAGNOSTIC,10,digital3_dev,digital_3,b4e099c756410485c159,persian-NF-1097,huawei,doe,86,test/attack/digital_3/huawei/persian-NF-1097.jpg,train/bonafide/huawei/persian-NF-1097.jpg,2152,1232,2664,1744,2154,1431,2661,1546,0,bonafide,0,data/processed/text_patch512/digital3_dev/digital_3/bonafide/b4e099c756410485c159.png,8.153915405273438e-05
POST_HOC_NATIVE_TEXT_PATCH512_DIAGNOSTIC,10,digital3_dev,digital_3,e9b9830afaf164626431,persian-NF-1097,huawei,name,86,test/attack/digital_3/huawei/persian-NF-1097.jpg,train/bonafide/huawei/persian-NF-1097.jpg,1099,237,1611,749,1192,434,1454,552,0,attack,1,data/processed/text_patch512/digital3_dev/digital_3/attack/e9b9830afaf164626431.png,0.00351715087890625
POST_HOC_NATIVE_TEXT_PATCH512_DIAGNOSTIC,10,digital3_dev,digital_3,e9b9830afaf164626431,persian-NF-1097,huawei,name,86,test/attack/digital_3/huawei/persian-NF-1097.jpg,train/bonafide/huawei/persian-NF-1097.jpg,1099,237,1611,749,1192,434,1454,552,0,bonafide,0,data/processed/text_patch512/digital3_dev/digital_3/bonafide/e9b9830afaf164626431.png,0.11334228515625
POST_HOC_NATIVE_TEXT_PATCH512_DIAGNOSTIC,10,digital3_dev,digital_3,02b1e966f183e884704c,persian-NM-1035,huawei,dob,64,test/attack/digital_3/huawei/persian-NM-1035.jpg,train/bonafide/huawei/persian-NM-1035.jpg,1182,722,1694,1234,1189,912,1686,1043,0,attack,1,data/processed/text_patch512/digital3_dev/digital_3/attack/02b1e966f183e884704c.png,0.021453857421875
POST_HOC_NATIVE_TEXT_PATCH512_DIAGNOSTIC,10,digital3_dev,digital_3,02b1e966f183e884704c,persian-NM-1035,huawei,dob,64,test/attack/digital_3/huawei/persian-NM-1035.jpg,train/bonafide/huawei/persian-NM-1035.jpg,1182,722,1694,1234,1189,912,1686,1043,0,bonafide,0,data/processed/text_patch512/digital3_dev/digital_3/bonafide/02b1e966f183e884704c.png,0.00647735595703125
POST_HOC_NATIVE_TEXT_PATCH512_DIAGNOSTIC,10,digital3_dev,digital_3,997d8cd0404f37680e2c,persian-NM-1035,huawei,doe,64,test/attack/digital_3/huawei/persian-NM-1035.jpg,train/bonafide/huawei/persian-NM-1035.jpg,2114,1256,2626,1768,2119,1447,2622,1578,0,attack,1,data/processed/text_patch512/digital3_dev/digital_3/attack/997d8cd0404f37680e2c.png,0.032989501953125
POST_HOC_NATIVE_TEXT_PATCH512_DIAGNOSTIC,10,digital3_dev,digital_3,997d8cd0404f37680e2c,persian-NM-1035,huawei,doe,64,test/attack/digital_3/huawei/persian-NM-1035.jpg,train/bonafide/huawei/persian-NM-1035.jpg,2114,1256,2626,1768,2119,1447,2622,1578,0,bonafide,0,data/processed/text_patch512/digital3_dev/digital_3/bonafide/997d8cd0404f37680e2c.png,0.0004820823669433594
POST_HOC_NATIVE_TEXT_PATCH512_DIAGNOSTIC,10,digital3_dev,digital_3,409f9ee0db2407fadb41,persian-NM-1035,huawei,name,64,test/attack/digital_3/huawei/persian-NM-1035.jpg,train/bonafide/huawei/persian-NM-1035.jpg,1099,224,1611,736,1198,417,1512,542,0,attack,1,data/processed/text_patch512/digital3_dev/digital_3/attack/409f9ee0db2407fadb41.png,0.0006213188171386719
POST_HOC_NATIVE_TEXT_PATCH512_DIAGNOSTIC,10,digital3_dev,digital_3,409f9ee0db2407fadb41,persian-NM-1035,huawei,name,64,test/attack/digital_3/huawei/persian-NM-1035.jpg,train/bonafide/huawei/persian-NM-1035.jpg,1099,224,1611,736,1198,417,1512,542,0,bonafide,0,data/processed/text_patch512/digital3_dev/digital_3/bonafide/409f9ee0db2407fadb41.png,0.0009307861328125
POST_HOC_NATIVE_TEXT_PATCH512_DIAGNOSTIC,10,digital3_dev,digital_3,5e547b1debeab0d893a4,portugal-013_03,huawei,dob,80,test/attack/digital_3/huawei/portugal-013_03.jpg,train/bonafide/huawei/portugal-013_03.jpg,2520,690,3032,1202,2559,888,3061,1004,0,attack,1,data/processed/text_patch512/digital3_dev/digital_3/attack/5e547b1debeab0d893a4.png,0.00010889768600463867
POST_HOC_NATIVE_TEXT_PATCH512_DIAGNOSTIC,10,digital3_dev,digital_3,5e547b1debeab0d893a4,portugal-013_03,huawei,dob,80,test/attack/digital_3/huawei/portugal-013_03.jpg,train/bonafide/huawei/portugal-013_03.jpg,2520,690,3032,1202,2559,888,3061,1004,0,bonafide,0,data/processed/text_patch512/digital3_dev/digital_3/bonafide/5e547b1debeab0d893a4.png,6.604194641113281e-05
POST_HOC_NATIVE_TEXT_PATCH512_DIAGNOSTIC,10,digital3_dev,digital_3,5840ad5b00029247228c,portugal-013_03,huawei,doe,80,test/attack/digital_3/huawei/portugal-013_03.jpg,train/bonafide/huawei/portugal-013_03.jpg,1932,940,2444,1452,1939,1138,2438,1254,0,attack,1,data/processed/text_patch512/digital3_dev/digital_3/attack/5840ad5b00029247228c.png,0.00836181640625
POST_HOC_NATIVE_TEXT_PATCH512_DIAGNOSTIC,10,digital3_dev,digital_3,5840ad5b00029247228c,portugal-013_03,huawei,doe,80,test/attack/digital_3/huawei/portugal-013_03.jpg,train/bonafide/huawei/portugal-013_03.jpg,1932,940,2444,1452,1939,1138,2438,1254,0,bonafide,0,data/processed/text_patch512/digital3_dev/digital_3/bonafide/5840ad5b00029247228c.png,2.110004425048828e-05
POST_HOC_NATIVE_TEXT_PATCH512_DIAGNOSTIC,10,digital3_dev,digital_3,12504f3e80fc4127a623,portugal-013_03,huawei,name,80,test/attack/digital_3/huawei/portugal-013_03.jpg,train/bonafide/huawei/portugal-013_03.jpg,1164,298,1676,810,1005,494,1836,613,0,attack,1,data/processed/text_patch512/digital3_dev/digital_3/attack/12504f3e80fc4127a623.png,0.98681640625
POST_HOC_NATIVE_TEXT_PATCH512_DIAGNOSTIC,10,digital3_dev,digital_3,12504f3e80fc4127a623,portugal-013_03,huawei,name,80,test/attack/digital_3/huawei/portugal-013_03.jpg,train/bonafide/huawei/portugal-013_03.jpg,1164,298,1676,810,1005,494,1836,613,0,bonafide,0,data/processed/text_patch512/digital3_dev/digital_3/bonafide/12504f3e80fc4127a623.png,4.184246063232422e-05
POST_HOC_NATIVE_TEXT_PATCH512_DIAGNOSTIC,10,digital3_dev,digital_3,3df0e07829f4c51faa44,portugal-017_03,huawei,dob,52,test/attack/digital_3/huawei/portugal-017_03.jpg,train/bonafide/huawei/portugal-017_03.jpg,2697,740,3209,1252,2717,934,3248,1057,0,attack,1,data/processed/text_patch512/digital3_dev/digital_3/attack/3df0e07829f4c51faa44.png,0.0006918907165527344
POST_HOC_NATIVE_TEXT_PATCH512_DIAGNOSTIC,10,digital3_dev,digital_3,3df0e07829f4c51faa44,portugal-017_03,huawei,dob,52,test/attack/digital_3/huawei/portugal-017_03.jpg,train/bonafide/huawei/portugal-017_03.jpg,2697,740,3209,1252,2717,934,3248,1057,0,bonafide,0,data/processed/text_patch512/digital3_dev/digital_3/bonafide/3df0e07829f4c51faa44.png,0.0095977783203125
POST_HOC_NATIVE_TEXT_PATCH512_DIAGNOSTIC,10,digital3_dev,digital_3,7b8c42f0c221e399ad74,portugal-017_03,huawei,doe,52,test/attack/digital_3/huawei/portugal-017_03.jpg,train/bonafide/huawei/portugal-017_03.jpg,2066,1010,2578,1522,2058,1204,2587,1327,0,attack,1,data/processed/text_patch512/digital3_dev/digital_3/attack/7b8c42f0c221e399ad74.png,0.06658935546875
POST_HOC_NATIVE_TEXT_PATCH512_DIAGNOSTIC,10,digital3_dev,digital_3,7b8c42f0c221e399ad74,portugal-017_03,huawei,doe,52,test/attack/digital_3/huawei/portugal-017_03.jpg,train/bonafide/huawei/portugal-017_03.jpg,2066,1010,2578,1522,2058,1204,2587,1327,0,bonafide,0,data/processed/text_patch512/digital3_dev/digital_3/bonafide/7b8c42f0c221e399ad74.png,0.00029778480529785156
POST_HOC_NATIVE_TEXT_PATCH512_DIAGNOSTIC,10,digital3_dev,digital_3,9eafd58a9536f40f1d26,portugal-017_03,huawei,name,52,test/attack/digital_3/huawei/portugal-017_03.jpg,train/bonafide/huawei/portugal-017_03.jpg,1176,324,1688,836,1069,517,1796,643,0,attack,1,data/processed/text_patch512/digital3_dev/digital_3/attack/9eafd58a9536f40f1d26.png,0.9111328125
POST_HOC_NATIVE_TEXT_PATCH512_DIAGNOSTIC,10,digital3_dev,digital_3,9eafd58a9536f40f1d26,portugal-017_03,huawei,name,52,test/attack/digital_3/huawei/portugal-017_03.jpg,train/bonafide/huawei/portugal-017_03.jpg,1176,324,1688,836,1069,517,1796,643,0,bonafide,0,data/processed/text_patch512/digital3_dev/digital_3/bonafide/9eafd58a9536f40f1d26.png,0.00011593103408813477
POST_HOC_NATIVE_TEXT_PATCH512_DIAGNOSTIC,10,digital3_dev,digital_3,3742aa5f429059bf147d,portugal-029_03,huawei,dob,59,test/attack/digital_3/huawei/portugal-029_03.jpg,train/bonafide/huawei/portugal-029_03.jpg,2698,732,3210,1244,2718,926,3253,1049,0,attack,1,data/processed/text_patch512/digital3_dev/digital_3/attack/3742aa5f429059bf147d.png,0.00229644775390625
POST_HOC_NATIVE_TEXT_PATCH512_DIAGNOSTIC,10,digital3_dev,digital_3,3742aa5f429059bf147d,portugal-029_03,huawei,dob,59,test/attack/digital_3/huawei/portugal-029_03.jpg,train/bonafide/huawei/portugal-029_03.jpg,2698,732,3210,1244,2718,926,3253,1049,0,bonafide,0,data/processed/text_patch512/digital3_dev/digital_3/bonafide/3742aa5f429059bf147d.png,6.681680679321289e-05
POST_HOC_NATIVE_TEXT_PATCH512_DIAGNOSTIC,10,digital3_dev,digital_3,58b6fb70e8bd9d4099b4,portugal-029_03,huawei,doe,59,test/attack/digital_3/huawei/portugal-029_03.jpg,train/bonafide/huawei/portugal-029_03.jpg,2066,998,2578,1510,2056,1193,2588,1316,0,attack,1,data/processed/text_patch512/digital3_dev/digital_3/attack/58b6fb70e8bd9d4099b4.png,0.0013885498046875
POST_HOC_NATIVE_TEXT_PATCH512_DIAGNOSTIC,10,digital3_dev,digital_3,58b6fb70e8bd9d4099b4,portugal-029_03,huawei,doe,59,test/attack/digital_3/huawei/portugal-029_03.jpg,train/bonafide/huawei/portugal-029_03.jpg,2066,998,2578,1510,2056,1193,2588,1316,0,bonafide,0,data/processed/text_patch512/digital3_dev/digital_3/bonafide/58b6fb70e8bd9d4099b4.png,0.00016605854034423828
POST_HOC_NATIVE_TEXT_PATCH512_DIAGNOSTIC,10,digital3_dev,digital_3,9f760d293d8546930c00,portugal-029_03,huawei,name,59,test/attack/digital_3/huawei/portugal-029_03.jpg,train/bonafide/huawei/portugal-029_03.jpg,1245,316,1757,828,1067,509,1935,635,0,attack,1,data/processed/text_patch512/digital3_dev/digital_3/attack/9f760d293d8546930c00.png,0.99951171875
POST_HOC_NATIVE_TEXT_PATCH512_DIAGNOSTIC,10,digital3_dev,digital_3,9f760d293d8546930c00,portugal-029_03,huawei,name,59,test/attack/digital_3/huawei/portugal-029_03.jpg,train/bonafide/huawei/portugal-029_03.jpg,1245,316,1757,828,1067,509,1935,635,0,bonafide,0,data/processed/text_patch512/digital3_dev/digital_3/bonafide/9f760d293d8546930c00.png,1.5437602996826172e-05
POST_HOC_NATIVE_TEXT_PATCH512_DIAGNOSTIC,10,digital3_dev,digital_3,2eb87f45ebd31b3d3a03,portugal-119_03,huawei,dob,74,test/attack/digital_3/huawei/portugal-119_03.jpg,train/bonafide/huawei/portugal-119_03.jpg,2701,731,3213,1243,2720,927,3252,1047,0,attack,1,data/processed/text_patch512/digital3_dev/digital_3/attack/2eb87f45ebd31b3d3a03.png,6.401538848876953e-05
POST_HOC_NATIVE_TEXT_PATCH512_DIAGNOSTIC,10,digital3_dev,digital_3,2eb87f45ebd31b3d3a03,portugal-119_03,huawei,dob,74,test/attack/digital_3/huawei/portugal-119_03.jpg,train/bonafide/huawei/portugal-119_03.jpg,2701,731,3213,1243,2720,927,3252,1047,0,bonafide,0,data/processed/text_patch512/digital3_dev/digital_3/bonafide/2eb87f45ebd31b3d3a03.png,4.1484832763671875e-05
POST_HOC_NATIVE_TEXT_PATCH512_DIAGNOSTIC,10,digital3_dev,digital_3,7ff896a7688686c86ea8,portugal-119_03,huawei,doe,74,test/attack/digital_3/huawei/portugal-119_03.jpg,train/bonafide/huawei/portugal-119_03.jpg,2070,1002,2582,1514,2061,1197,2590,1320,0,attack,1,data/processed/text_patch512/digital3_dev/digital_3/attack/7ff896a7688686c86ea8.png,0.004207611083984375
POST_HOC_NATIVE_TEXT_PATCH512_DIAGNOSTIC,10,digital3_dev,digital_3,7ff896a7688686c86ea8,portugal-119_03,huawei,doe,74,test/attack/digital_3/huawei/portugal-119_03.jpg,train/bonafide/huawei/portugal-119_03.jpg,2070,1002,2582,1514,2061,1197,2590,1320,0,bonafide,0,data/processed/text_patch512/digital3_dev/digital_3/bonafide/7ff896a7688686c86ea8.png,3.719329833984375e-05
POST_HOC_NATIVE_TEXT_PATCH512_DIAGNOSTIC,10,digital3_dev,digital_3,224cb090e9c31b272dd9,portugal-119_03,huawei,name,74,test/attack/digital_3/huawei/portugal-119_03.jpg,train/bonafide/huawei/portugal-119_03.jpg,1236,320,1748,832,1071,515,1914,638,0,attack,1,data/processed/text_patch512/digital3_dev/digital_3/attack/224cb090e9c31b272dd9.png,1.0
POST_HOC_NATIVE_TEXT_PATCH512_DIAGNOSTIC,10,digital3_dev,digital_3,224cb090e9c31b272dd9,portugal-119_03,huawei,name,74,test/attack/digital_3/huawei/portugal-119_03.jpg,train/bonafide/huawei/portugal-119_03.jpg,1236,320,1748,832,1071,515,1914,638,0,bonafide,0,data/processed/text_patch512/digital3_dev/digital_3/bonafide/224cb090e9c31b272dd9.png,1.615285873413086e-05
POST_HOC_NATIVE_TEXT_PATCH512_DIAGNOSTIC,10,digital3_dev,digital_3,c20f9b258637cae4c1ab,portugal-NF-1060,huawei,dob,89,test/attack/digital_3/huawei/portugal-NF-1060.jpg,train/bonafide/huawei/portugal-NF-1060.jpg,2693,742,3205,1254,2722,936,3259,1059,0,attack,1,data/processed/text_patch512/digital3_dev/digital_3/attack/c20f9b258637cae4c1ab.png,1.4901161193847656e-05
POST_HOC_NATIVE_TEXT_PATCH512_DIAGNOSTIC,10,digital3_dev,digital_3,c20f9b258637cae4c1ab,portugal-NF-1060,huawei,dob,89,test/attack/digital_3/huawei/portugal-NF-1060.jpg,train/bonafide/huawei/portugal-NF-1060.jpg,2693,742,3205,1254,2722,936,3259,1059,0,bonafide,0,data/processed/text_patch512/digital3_dev/digital_3/bonafide/c20f9b258637cae4c1ab.png,0.00014543533325195312
POST_HOC_NATIVE_TEXT_PATCH512_DIAGNOSTIC,10,digital3_dev,digital_3,88b781a32dbe28d23fe8,portugal-NF-1060,huawei,doe,89,test/attack/digital_3/huawei/portugal-NF-1060.jpg,train/bonafide/huawei/portugal-NF-1060.jpg,2070,1012,2582,1524,2059,1206,2593,1329,0,attack,1,data/processed/text_patch512/digital3_dev/digital_3/attack/88b781a32dbe28d23fe8.png,0.001983642578125
POST_HOC_NATIVE_TEXT_PATCH512_DIAGNOSTIC,10,digital3_dev,digital_3,88b781a32dbe28d23fe8,portugal-NF-1060,huawei,doe,89,test/attack/digital_3/huawei/portugal-NF-1060.jpg,train/bonafide/huawei/portugal-NF-1060.jpg,2070,1012,2582,1524,2059,1206,2593,1329,0,bonafide,0,data/processed/text_patch512/digital3_dev/digital_3/bonafide/88b781a32dbe28d23fe8.png,0.00010150671005249023
POST_HOC_NATIVE_TEXT_PATCH512_DIAGNOSTIC,10,digital3_dev,digital_3,99cce97f860a46900a85,portugal-NF-1060,huawei,name,89,test/attack/digital_3/huawei/portugal-NF-1060.jpg,train/bonafide/huawei/portugal-NF-1060.jpg,1294,329,1806,841,1068,522,2032,648,0,attack,1,data/processed/text_patch512/digital3_dev/digital_3/attack/99cce97f860a46900a85.png,1.0
POST_HOC_NATIVE_TEXT_PATCH512_DIAGNOSTIC,10,digital3_dev,digital_3,99cce97f860a46900a85,portugal-NF-1060,huawei,name,89,test/attack/digital_3/huawei/portugal-NF-1060.jpg,train/bonafide/huawei/portugal-NF-1060.jpg,1294,329,1806,841,1068,522,2032,648,0,bonafide,0,data/processed/text_patch512/digital3_dev/digital_3/bonafide/99cce97f860a46900a85.png,4.351139068603516e-06
POST_HOC_NATIVE_TEXT_PATCH512_DIAGNOSTIC,10,digital3_dev,digital_3,43e7d7a7ddd317bc49c3,portugal-NF-1066,huawei,dob,51,test/attack/digital_3/huawei/portugal-NF-1066.jpg,train/bonafide/huawei/portugal-NF-1066.jpg,2525,650,3037,1162,2558,854,3064,957,0,attack,1,data/processed/text_patch512/digital3_dev/digital_3/attack/43e7d7a7ddd317bc49c3.png,0.0007266998291015625
POST_HOC_NATIVE_TEXT_PATCH512_DIAGNOSTIC,10,digital3_dev,digital_3,43e7d7a7ddd317bc49c3,portugal-NF-1066,huawei,dob,51,test/attack/digital_3/huawei/portugal-NF-1066.jpg,train/bonafide/huawei/portugal-NF-1066.jpg,2525,650,3037,1162,2558,854,3064,957,0,bonafide,0,data/processed/text_patch512/digital3_dev/digital_3/bonafide/43e7d7a7ddd317bc49c3.png,0.00023186206817626953
POST_HOC_NATIVE_TEXT_PATCH512_DIAGNOSTIC,10,digital3_dev,digital_3,daeec016457e965e0dfe,portugal-NF-1066,huawei,doe,51,test/attack/digital_3/huawei/portugal-NF-1066.jpg,train/bonafide/huawei/portugal-NF-1066.jpg,1948,918,2460,1430,1951,1123,2457,1226,0,attack,1,data/processed/text_patch512/digital3_dev/digital_3/attack/daeec016457e965e0dfe.png,0.006877899169921875
POST_HOC_NATIVE_TEXT_PATCH512_DIAGNOSTIC,10,digital3_dev,digital_3,daeec016457e965e0dfe,portugal-NF-1066,huawei,doe,51,test/attack/digital_3/huawei/portugal-NF-1066.jpg,train/bonafide/huawei/portugal-NF-1066.jpg,1948,918,2460,1430,1951,1123,2457,1226,0,bonafide,0,data/processed/text_patch512/digital3_dev/digital_3/bonafide/daeec016457e965e0dfe.png,0.0004830360412597656
POST_HOC_NATIVE_TEXT_PATCH512_DIAGNOSTIC,10,digital3_dev,digital_3,0346b32f5954098ce832,portugal-NF-1066,huawei,name,51,test/attack/digital_3/huawei/portugal-NF-1066.jpg,train/bonafide/huawei/portugal-NF-1066.jpg,1156,296,1668,808,987,503,1836,600,0,attack,1,data/processed/text_patch512/digital3_dev/digital_3/attack/0346b32f5954098ce832.png,0.9970703125
POST_HOC_NATIVE_TEXT_PATCH512_DIAGNOSTIC,10,digital3_dev,digital_3,0346b32f5954098ce832,portugal-NF-1066,huawei,name,51,test/attack/digital_3/huawei/portugal-NF-1066.jpg,train/bonafide/huawei/portugal-NF-1066.jpg,1156,296,1668,808,987,503,1836,600,0,bonafide,0,data/processed/text_patch512/digital3_dev/digital_3/bonafide/0346b32f5954098ce832.png,6.681680679321289e-05
POST_HOC_NATIVE_TEXT_PATCH512_DIAGNOSTIC,10,digital3_dev,digital_3,a39d6a4e7abfbecec946,portugal-NF-1109,huawei,dob,73,test/attack/digital_3/huawei/portugal-NF-1109.jpg,train/bonafide/huawei/portugal-NF-1109.jpg,2704,738,3216,1250,2726,933,3259,1056,0,attack,1,data/processed/text_patch512/digital3_dev/digital_3/attack/a39d6a4e7abfbecec946.png,0.00017535686492919922
POST_HOC_NATIVE_TEXT_PATCH512_DIAGNOSTIC,10,digital3_dev,digital_3,a39d6a4e7abfbecec946,portugal-NF-1109,huawei,dob,73,test/attack/digital_3/huawei/portugal-NF-1109.jpg,train/bonafide/huawei/portugal-NF-1109.jpg,2704,738,3216,1250,2726,933,3259,1056,0,bonafide,0,data/processed/text_patch512/digital3_dev/digital_3/bonafide/a39d6a4e7abfbecec946.png,5.7637691497802734e-05
POST_HOC_NATIVE_TEXT_PATCH512_DIAGNOSTIC,10,digital3_dev,digital_3,aa3120fbd6b81d4988c7,portugal-NF-1109,huawei,doe,73,test/attack/digital_3/huawei/portugal-NF-1109.jpg,train/bonafide/huawei/portugal-NF-1109.jpg,2072,1010,2584,1522,2063,1204,2593,1327,0,attack,1,data/processed/text_patch512/digital3_dev/digital_3/attack/aa3120fbd6b81d4988c7.png,0.006122589111328125
POST_HOC_NATIVE_TEXT_PATCH512_DIAGNOSTIC,10,digital3_dev,digital_3,aa3120fbd6b81d4988c7,portugal-NF-1109,huawei,doe,73,test/attack/digital_3/huawei/portugal-NF-1109.jpg,train/bonafide/huawei/portugal-NF-1109.jpg,2072,1010,2584,1522,2063,1204,2593,1327,0,bonafide,0,data/processed/text_patch512/digital3_dev/digital_3/bonafide/aa3120fbd6b81d4988c7.png,0.00010848045349121094
POST_HOC_NATIVE_TEXT_PATCH512_DIAGNOSTIC,10,digital3_dev,digital_3,e8157f10e8b5ef804c83,portugal-NF-1109,huawei,name,73,test/attack/digital_3/huawei/portugal-NF-1109.jpg,train/bonafide/huawei/portugal-NF-1109.jpg,1169,324,1681,836,1072,518,1778,641,0,attack,1,data/processed/text_patch512/digital3_dev/digital_3/attack/e8157f10e8b5ef804c83.png,0.98193359375
POST_HOC_NATIVE_TEXT_PATCH512_DIAGNOSTIC,10,digital3_dev,digital_3,e8157f10e8b5ef804c83,portugal-NF-1109,huawei,name,73,test/attack/digital_3/huawei/portugal-NF-1109.jpg,train/bonafide/huawei/portugal-NF-1109.jpg,1169,324,1681,836,1072,518,1778,641,0,bonafide,0,data/processed/text_patch512/digital3_dev/digital_3/bonafide/e8157f10e8b5ef804c83.png,6.854534149169922e-06
POST_HOC_NATIVE_TEXT_PATCH512_DIAGNOSTIC,10,digital3_dev,digital_3,b6b2abb5fad6d8fa40fc,russian-062_03,huawei,dob,52,test/attack/digital_3/huawei/russian-062_03.jpg,train/bonafide/huawei/russian-062_03.jpg,1086,854,1598,1366,1114,1056,1570,1165,0,attack,1,data/processed/text_patch512/digital3_dev/digital_3/attack/b6b2abb5fad6d8fa40fc.png,0.0007238388061523438
POST_HOC_NATIVE_TEXT_PATCH512_DIAGNOSTIC,10,digital3_dev,digital_3,b6b2abb5fad6d8fa40fc,russian-062_03,huawei,dob,52,test/attack/digital_3/huawei/russian-062_03.jpg,train/bonafide/huawei/russian-062_03.jpg,1086,854,1598,1366,1114,1056,1570,1165,0,bonafide,0,data/processed/text_patch512/digital3_dev/digital_3/bonafide/b6b2abb5fad6d8fa40fc.png,0.00011682510375976562
POST_HOC_NATIVE_TEXT_PATCH512_DIAGNOSTIC,10,digital3_dev,digital_3,251d5edc9b31ab7091e0,russian-062_03,huawei,doe,52,test/attack/digital_3/huawei/russian-062_03.jpg,train/bonafide/huawei/russian-062_03.jpg,1069,1461,1581,1973,1097,1792,1553,1901,0,attack,1,data/processed/text_patch512/digital3_dev/digital_3/attack/251d5edc9b31ab7091e0.png,0.001129150390625
POST_HOC_NATIVE_TEXT_PATCH512_DIAGNOSTIC,10,digital3_dev,digital_3,251d5edc9b31ab7091e0,russian-062_03,huawei,doe,52,test/attack/digital_3/huawei/russian-062_03.jpg,train/bonafide/huawei/russian-062_03.jpg,1069,1461,1581,1973,1097,1792,1553,1901,0,bonafide,0,data/processed/text_patch512/digital3_dev/digital_3/bonafide/251d5edc9b31ab7091e0.png,0.00159454345703125
POST_HOC_NATIVE_TEXT_PATCH512_DIAGNOSTIC,10,digital3_dev,digital_3,5e58df7ef251ca037bee,russian-062_03,huawei,name_en,52,test/attack/digital_3/huawei/russian-062_03.jpg,train/bonafide/huawei/russian-062_03.jpg,1190,612,1702,1124,1120,812,1771,924,0,attack,1,data/processed/text_patch512/digital3_dev/digital_3/attack/5e58df7ef251ca037bee.png,0.0171966552734375
POST_HOC_NATIVE_TEXT_PATCH512_DIAGNOSTIC,10,digital3_dev,digital_3,5e58df7ef251ca037bee,russian-062_03,huawei,name_en,52,test/attack/digital_3/huawei/russian-062_03.jpg,train/bonafide/huawei/russian-062_03.jpg,1190,612,1702,1124,1120,812,1771,924,0,bonafide,0,data/processed/text_patch512/digital3_dev/digital_3/bonafide/5e58df7ef251ca037bee.png,3.069639205932617e-05
POST_HOC_NATIVE_TEXT_PATCH512_DIAGNOSTIC,10,digital3_dev,digital_3,1c8bccd76056e7e54b44,russian-132_03,huawei,dob,69,test/attack/digital_3/huawei/russian-132_03.jpg,train/bonafide/huawei/russian-132_03.jpg,1082,860,1594,1372,1110,1061,1567,1172,0,attack,1,data/processed/text_patch512/digital3_dev/digital_3/attack/1c8bccd76056e7e54b44.png,0.0006375312805175781
POST_HOC_NATIVE_TEXT_PATCH512_DIAGNOSTIC,10,digital3_dev,digital_3,1c8bccd76056e7e54b44,russian-132_03,huawei,dob,69,test/attack/digital_3/huawei/russian-132_03.jpg,train/bonafide/huawei/russian-132_03.jpg,1082,860,1594,1372,1110,1061,1567,1172,0,bonafide,0,data/processed/text_patch512/digital3_dev/digital_3/bonafide/1c8bccd76056e7e54b44.png,0.0002238750457763672
POST_HOC_NATIVE_TEXT_PATCH512_DIAGNOSTIC,10,digital3_dev,digital_3,8593145681b02ba4849b,russian-132_03,huawei,doe,69,test/attack/digital_3/huawei/russian-132_03.jpg,train/bonafide/huawei/russian-132_03.jpg,1062,1468,1574,1980,1090,1799,1547,1910,0,attack,1,data/processed/text_patch512/digital3_dev/digital_3/attack/8593145681b02ba4849b.png,0.0002186298370361328
POST_HOC_NATIVE_TEXT_PATCH512_DIAGNOSTIC,10,digital3_dev,digital_3,8593145681b02ba4849b,russian-132_03,huawei,doe,69,test/attack/digital_3/huawei/russian-132_03.jpg,train/bonafide/huawei/russian-132_03.jpg,1062,1468,1574,1980,1090,1799,1547,1910,0,bonafide,0,data/processed/text_patch512/digital3_dev/digital_3/bonafide/8593145681b02ba4849b.png,7.05718994140625e-05
POST_HOC_NATIVE_TEXT_PATCH512_DIAGNOSTIC,10,digital3_dev,digital_3,46995d98b84d5269160b,russian-132_03,huawei,name_en,69,test/attack/digital_3/huawei/russian-132_03.jpg,train/bonafide/huawei/russian-132_03.jpg,1004,613,1516,1125,1112,815,1409,923,0,attack,1,data/processed/text_patch512/digital3_dev/digital_3/attack/46995d98b84d5269160b.png,0.00012826919555664062
POST_HOC_NATIVE_TEXT_PATCH512_DIAGNOSTIC,10,digital3_dev,digital_3,46995d98b84d5269160b,russian-132_03,huawei,name_en,69,test/attack/digital_3/huawei/russian-132_03.jpg,train/bonafide/huawei/russian-132_03.jpg,1004,613,1516,1125,1112,815,1409,923,0,bonafide,0,data/processed/text_patch512/digital3_dev/digital_3/bonafide/46995d98b84d5269160b.png,0.0001308917999267578
POST_HOC_NATIVE_TEXT_PATCH512_DIAGNOSTIC,10,digital3_dev,digital_3,ad06b0ca81f0235892db,russian-NF-1089,huawei,dob,72,test/attack/digital_3/huawei/russian-NF-1089.jpg,train/bonafide/huawei/russian-NF-1089.jpg,1098,874,1610,1386,1124,1075,1584,1185,0,attack,1,data/processed/text_patch512/digital3_dev/digital_3/attack/ad06b0ca81f0235892db.png,0.00036334991455078125
POST_HOC_NATIVE_TEXT_PATCH512_DIAGNOSTIC,10,digital3_dev,digital_3,ad06b0ca81f0235892db,russian-NF-1089,huawei,dob,72,test/attack/digital_3/huawei/russian-NF-1089.jpg,train/bonafide/huawei/russian-NF-1089.jpg,1098,874,1610,1386,1124,1075,1584,1185,0,bonafide,0,data/processed/text_patch512/digital3_dev/digital_3/bonafide/ad06b0ca81f0235892db.png,0.0010547637939453125
POST_HOC_NATIVE_TEXT_PATCH512_DIAGNOSTIC,10,digital3_dev,digital_3,149928c23cd946818351,russian-NF-1089,huawei,doe,72,test/attack/digital_3/huawei/russian-NF-1089.jpg,train/bonafide/huawei/russian-NF-1089.jpg,1078,1494,1590,2006,1106,1816,1563,1929,0,attack,1,data/processed/text_patch512/digital3_dev/digital_3/attack/149928c23cd946818351.png,0.0036563873291015625
POST_HOC_NATIVE_TEXT_PATCH512_DIAGNOSTIC,10,digital3_dev,digital_3,149928c23cd946818351,russian-NF-1089,huawei,doe,72,test/attack/digital_3/huawei/russian-NF-1089.jpg,train/bonafide/huawei/russian-NF-1089.jpg,1078,1494,1590,2006,1106,1816,1563,1929,0,bonafide,0,data/processed/text_patch512/digital3_dev/digital_3/bonafide/149928c23cd946818351.png,0.004962921142578125
POST_HOC_NATIVE_TEXT_PATCH512_DIAGNOSTIC,10,digital3_dev,digital_3,e7d0210384c909db9240,russian-NF-1089,huawei,name_en,72,test/attack/digital_3/huawei/russian-NF-1089.jpg,train/bonafide/huawei/russian-NF-1089.jpg,1055,627,1567,1139,1130,828,1492,938,0,attack,1,data/processed/text_patch512/digital3_dev/digital_3/attack/e7d0210384c909db9240.png,0.0013484954833984375
POST_HOC_NATIVE_TEXT_PATCH512_DIAGNOSTIC,10,digital3_dev,digital_3,e7d0210384c909db9240,russian-NF-1089,huawei,name_en,72,test/attack/digital_3/huawei/russian-NF-1089.jpg,train/bonafide/huawei/russian-NF-1089.jpg,1055,627,1567,1139,1130,828,1492,938,0,bonafide,0,data/processed/text_patch512/digital3_dev/digital_3/bonafide/e7d0210384c909db9240.png,0.0005092620849609375
POST_HOC_NATIVE_TEXT_PATCH512_DIAGNOSTIC,10,digital3_dev,digital_3,6e771d759e36853a96d7,russian-NF-1099,huawei,dob,65,test/attack/digital_3/huawei/russian-NF-1099.jpg,train/bonafide/huawei/russian-NF-1099.jpg,1022,804,1534,1316,1061,1009,1494,1112,0,attack,1,data/processed/text_patch512/digital3_dev/digital_3/attack/6e771d759e36853a96d7.png,0.265625
POST_HOC_NATIVE_TEXT_PATCH512_DIAGNOSTIC,10,digital3_dev,digital_3,6e771d759e36853a96d7,russian-NF-1099,huawei,dob,65,test/attack/digital_3/huawei/russian-NF-1099.jpg,train/bonafide/huawei/russian-NF-1099.jpg,1022,804,1534,1316,1061,1009,1494,1112,0,bonafide,0,data/processed/text_patch512/digital3_dev/digital_3/bonafide/6e771d759e36853a96d7.png,0.0007481575012207031
POST_HOC_NATIVE_TEXT_PATCH512_DIAGNOSTIC,10,digital3_dev,digital_3,6a2ac5aa8b5116dc27ad,russian-NF-1099,huawei,doe,65,test/attack/digital_3/huawei/russian-NF-1099.jpg,train/bonafide/huawei/russian-NF-1099.jpg,1010,1384,1522,1896,1050,1708,1483,1811,0,attack,1,data/processed/text_patch512/digital3_dev/digital_3/attack/6a2ac5aa8b5116dc27ad.png,0.01116943359375
POST_HOC_NATIVE_TEXT_PATCH512_DIAGNOSTIC,10,digital3_dev,digital_3,6a2ac5aa8b5116dc27ad,russian-NF-1099,huawei,doe,65,test/attack/digital_3/huawei/russian-NF-1099.jpg,train/bonafide/huawei/russian-NF-1099.jpg,1010,1384,1522,1896,1050,1708,1483,1811,0,bonafide,0,data/processed/text_patch512/digital3_dev/digital_3/bonafide/6a2ac5aa8b5116dc27ad.png,0.001361846923828125
POST_HOC_NATIVE_TEXT_PATCH512_DIAGNOSTIC,10,digital3_dev,digital_3,84597a41a1db6999bcff,russian-NF-1099,huawei,name_en,65,test/attack/digital_3/huawei/russian-NF-1099.jpg,train/bonafide/huawei/russian-NF-1099.jpg,1168,576,1680,1088,1067,777,1782,886,0,attack,1,data/processed/text_patch512/digital3_dev/digital_3/attack/84597a41a1db6999bcff.png,1.0
POST_HOC_NATIVE_TEXT_PATCH512_DIAGNOSTIC,10,digital3_dev,digital_3,84597a41a1db6999bcff,russian-NF-1099,huawei,name_en,65,test/attack/digital_3/huawei/russian-NF-1099.jpg,train/bonafide/huawei/russian-NF-1099.jpg,1168,576,1680,1088,1067,777,1782,886,0,bonafide,0,data/processed/text_patch512/digital3_dev/digital_3/bonafide/84597a41a1db6999bcff.png,0.00010889768600463867
POST_HOC_NATIVE_TEXT_PATCH512_DIAGNOSTIC,10,digital3_dev,digital_3,1201deeb19afc1c8b8ba,turkiye-032_03,huawei,dob,62,test/attack/digital_3/huawei/turkiye-032_03.jpg,train/bonafide/huawei/turkiye-032_03.jpg,1005,1064,1517,1576,995,1258,1527,1381,0,attack,1,data/processed/text_patch512/digital3_dev/digital_3/attack/1201deeb19afc1c8b8ba.png,0.720703125
POST_HOC_NATIVE_TEXT_PATCH512_DIAGNOSTIC,10,digital3_dev,digital_3,1201deeb19afc1c8b8ba,turkiye-032_03,huawei,dob,62,test/attack/digital_3/huawei/turkiye-032_03.jpg,train/bonafide/huawei/turkiye-032_03.jpg,1005,1064,1517,1576,995,1258,1527,1381,0,bonafide,0,data/processed/text_patch512/digital3_dev/digital_3/bonafide/1201deeb19afc1c8b8ba.png,0.0131683349609375
POST_HOC_NATIVE_TEXT_PATCH512_DIAGNOSTIC,10,digital3_dev,digital_3,be6c2641bd0293ce712f,turkiye-032_03,huawei,doe,62,test/attack/digital_3/huawei/turkiye-032_03.jpg,train/bonafide/huawei/turkiye-032_03.jpg,997,1467,1509,1979,987,1756,1519,1881,0,attack,1,data/processed/text_patch512/digital3_dev/digital_3/attack/be6c2641bd0293ce712f.png,0.0016546249389648438
POST_HOC_NATIVE_TEXT_PATCH512_DIAGNOSTIC,10,digital3_dev,digital_3,be6c2641bd0293ce712f,turkiye-032_03,huawei,doe,62,test/attack/digital_3/huawei/turkiye-032_03.jpg,train/bonafide/huawei/turkiye-032_03.jpg,997,1467,1509,1979,987,1756,1519,1881,0,bonafide,0,data/processed/text_patch512/digital3_dev/digital_3/bonafide/be6c2641bd0293ce712f.png,0.0004906654357910156
POST_HOC_NATIVE_TEXT_PATCH512_DIAGNOSTIC,10,digital3_dev,digital_3,fb7a52eff44e0ca65423,turkiye-032_03,huawei,name_other,62,test/attack/digital_3/huawei/turkiye-032_03.jpg,train/bonafide/huawei/turkiye-032_03.jpg,921,813,1433,1325,1001,1009,1289,1129,0,attack,1,data/processed/text_patch512/digital3_dev/digital_3/attack/fb7a52eff44e0ca65423.png,0.0126495361328125
POST_HOC_NATIVE_TEXT_PATCH512_DIAGNOSTIC,10,digital3_dev,digital_3,fb7a52eff44e0ca65423,turkiye-032_03,huawei,name_other,62,test/attack/digital_3/huawei/turkiye-032_03.jpg,train/bonafide/huawei/turkiye-032_03.jpg,921,813,1433,1325,1001,1009,1289,1129,0,bonafide,0,data/processed/text_patch512/digital3_dev/digital_3/bonafide/fb7a52eff44e0ca65423.png,0.00801849365234375
POST_HOC_NATIVE_TEXT_PATCH512_DIAGNOSTIC,10,digital3_dev,digital_3,23428f4ea86d48db89dd,turkiye-101_03,huawei,dob,57,test/attack/digital_3/huawei/turkiye-101_03.jpg,train/bonafide/huawei/turkiye-101_03.jpg,1020,1066,1532,1578,1009,1260,1544,1383,0,attack,1,data/processed/text_patch512/digital3_dev/digital_3/attack/23428f4ea86d48db89dd.png,0.38720703125
POST_HOC_NATIVE_TEXT_PATCH512_DIAGNOSTIC,10,digital3_dev,digital_3,23428f4ea86d48db89dd,turkiye-101_03,huawei,dob,57,test/attack/digital_3/huawei/turkiye-101_03.jpg,train/bonafide/huawei/turkiye-101_03.jpg,1020,1066,1532,1578,1009,1260,1544,1383,0,bonafide,0,data/processed/text_patch512/digital3_dev/digital_3/bonafide/23428f4ea86d48db89dd.png,0.00018024444580078125
POST_HOC_NATIVE_TEXT_PATCH512_DIAGNOSTIC,10,digital3_dev,digital_3,d5a6accd0748b259b807,turkiye-101_03,huawei,doe,57,test/attack/digital_3/huawei/turkiye-101_03.jpg,train/bonafide/huawei/turkiye-101_03.jpg,1010,1470,1522,1982,998,1763,1533,1889,0,attack,1,data/processed/text_patch512/digital3_dev/digital_3/attack/d5a6accd0748b259b807.png,0.007389068603515625
POST_HOC_NATIVE_TEXT_PATCH512_DIAGNOSTIC,10,digital3_dev,digital_3,d5a6accd0748b259b807,turkiye-101_03,huawei,doe,57,test/attack/digital_3/huawei/turkiye-101_03.jpg,train/bonafide/huawei/turkiye-101_03.jpg,1010,1470,1522,1982,998,1763,1533,1889,0,bonafide,0,data/processed/text_patch512/digital3_dev/digital_3/bonafide/d5a6accd0748b259b807.png,0.0010833740234375
POST_HOC_NATIVE_TEXT_PATCH512_DIAGNOSTIC,10,digital3_dev,digital_3,33091f7c0dea5679c4b5,turkiye-101_03,huawei,name,57,test/attack/digital_3/huawei/turkiye-101_03.jpg,train/bonafide/huawei/turkiye-101_03.jpg,923,816,1435,1328,1015,1012,1279,1132,0,attack,1,data/processed/text_patch512/digital3_dev/digital_3/attack/33091f7c0dea5679c4b5.png,0.0258026123046875
POST_HOC_NATIVE_TEXT_PATCH512_DIAGNOSTIC,10,digital3_dev,digital_3,33091f7c0dea5679c4b5,turkiye-101_03,huawei,name,57,test/attack/digital_3/huawei/turkiye-101_03.jpg,train/bonafide/huawei/turkiye-101_03.jpg,923,816,1435,1328,1015,1012,1279,1132,0,bonafide,0,data/processed/text_patch512/digital3_dev/digital_3/bonafide/33091f7c0dea5679c4b5.png,0.007843017578125
POST_HOC_NATIVE_TEXT_PATCH512_DIAGNOSTIC,10,digital3_dev,digital_3,a97890ea7bd507db6e87,turkiye-104_03,huawei,dob,74,test/attack/digital_3/huawei/turkiye-104_03.jpg,train/bonafide/huawei/turkiye-104_03.jpg,1014,1064,1526,1576,1004,1259,1537,1382,0,attack,1,data/processed/text_patch512/digital3_dev/digital_3/attack/a97890ea7bd507db6e87.png,0.0438232421875
POST_HOC_NATIVE_TEXT_PATCH512_DIAGNOSTIC,10,digital3_dev,digital_3,a97890ea7bd507db6e87,turkiye-104_03,huawei,dob,74,test/attack/digital_3/huawei/turkiye-104_03.jpg,train/bonafide/huawei/turkiye-104_03.jpg,1014,1064,1526,1576,1004,1259,1537,1382,0,bonafide,0,data/processed/text_patch512/digital3_dev/digital_3/bonafide/a97890ea7bd507db6e87.png,8.416175842285156e-05
POST_HOC_NATIVE_TEXT_PATCH512_DIAGNOSTIC,10,digital3_dev,digital_3,5a239a3047a118b82932,turkiye-104_03,huawei,doe,74,test/attack/digital_3/huawei/turkiye-104_03.jpg,train/bonafide/huawei/turkiye-104_03.jpg,1002,1469,1514,1981,992,1761,1525,1884,0,attack,1,data/processed/text_patch512/digital3_dev/digital_3/attack/5a239a3047a118b82932.png,8.749961853027344e-05
POST_HOC_NATIVE_TEXT_PATCH512_DIAGNOSTIC,10,digital3_dev,digital_3,5a239a3047a118b82932,turkiye-104_03,huawei,doe,74,test/attack/digital_3/huawei/turkiye-104_03.jpg,train/bonafide/huawei/turkiye-104_03.jpg,1002,1469,1514,1981,992,1761,1525,1884,0,bonafide,0,data/processed/text_patch512/digital3_dev/digital_3/bonafide/5a239a3047a118b82932.png,1.3887882232666016e-05
POST_HOC_NATIVE_TEXT_PATCH512_DIAGNOSTIC,10,digital3_dev,digital_3,7f108393decc63cee17e,turkiye-104_03,huawei,name,74,test/attack/digital_3/huawei/turkiye-104_03.jpg,train/bonafide/huawei/turkiye-104_03.jpg,934,816,1446,1328,1009,1012,1307,1132,0,attack,1,data/processed/text_patch512/digital3_dev/digital_3/attack/7f108393decc63cee17e.png,0.000453948974609375
POST_HOC_NATIVE_TEXT_PATCH512_DIAGNOSTIC,10,digital3_dev,digital_3,7f108393decc63cee17e,turkiye-104_03,huawei,name,74,test/attack/digital_3/huawei/turkiye-104_03.jpg,train/bonafide/huawei/turkiye-104_03.jpg,934,816,1446,1328,1009,1012,1307,1132,0,bonafide,0,data/processed/text_patch512/digital3_dev/digital_3/bonafide/7f108393decc63cee17e.png,0.0031909942626953125
POST_HOC_NATIVE_TEXT_PATCH512_DIAGNOSTIC,10,digital3_dev,digital_3,8d74498becbd1d962c47,turkiye-115_03,huawei,dob,59,test/attack/digital_3/huawei/turkiye-115_03.jpg,train/bonafide/huawei/turkiye-115_03.jpg,1034,1081,1546,1593,1022,1275,1559,1399,0,attack,1,data/processed/text_patch512/digital3_dev/digital_3/attack/8d74498becbd1d962c47.png,0.3515625
POST_HOC_NATIVE_TEXT_PATCH512_DIAGNOSTIC,10,digital3_dev,digital_3,8d74498becbd1d962c47,turkiye-115_03,huawei,dob,59,test/attack/digital_3/huawei/turkiye-115_03.jpg,train/bonafide/huawei/turkiye-115_03.jpg,1034,1081,1546,1593,1022,1275,1559,1399,0,bonafide,0,data/processed/text_patch512/digital3_dev/digital_3/bonafide/8d74498becbd1d962c47.png,0.0006551742553710938
POST_HOC_NATIVE_TEXT_PATCH512_DIAGNOSTIC,10,digital3_dev,digital_3,e730dfe7b3e8fa3933d5,turkiye-115_03,huawei,doe,59,test/attack/digital_3/huawei/turkiye-115_03.jpg,train/bonafide/huawei/turkiye-115_03.jpg,1022,1490,1534,2002,1010,1774,1547,1898,0,attack,1,data/processed/text_patch512/digital3_dev/digital_3/attack/e730dfe7b3e8fa3933d5.png,0.15966796875
POST_HOC_NATIVE_TEXT_PATCH512_DIAGNOSTIC,10,digital3_dev,digital_3,e730dfe7b3e8fa3933d5,turkiye-115_03,huawei,doe,59,test/attack/digital_3/huawei/turkiye-115_03.jpg,train/bonafide/huawei/turkiye-115_03.jpg,1022,1490,1534,2002,1010,1774,1547,1898,0,bonafide,0,data/processed/text_patch512/digital3_dev/digital_3/bonafide/e730dfe7b3e8fa3933d5.png,0.1153564453125
POST_HOC_NATIVE_TEXT_PATCH512_DIAGNOSTIC,10,digital3_dev,digital_3,ba5209cf8d4ada4f9900,turkiye-115_03,huawei,name,59,test/attack/digital_3/huawei/turkiye-115_03.jpg,train/bonafide/huawei/turkiye-115_03.jpg,962,828,1474,1340,1028,1025,1280,1144,0,attack,1,data/processed/text_patch512/digital3_dev/digital_3/attack/ba5209cf8d4ada4f9900.png,0.159423828125
POST_HOC_NATIVE_TEXT_PATCH512_DIAGNOSTIC,10,digital3_dev,digital_3,ba5209cf8d4ada4f9900,turkiye-115_03,huawei,name,59,test/attack/digital_3/huawei/turkiye-115_03.jpg,train/bonafide/huawei/turkiye-115_03.jpg,962,828,1474,1340,1028,1025,1280,1144,0,bonafide,0,data/processed/text_patch512/digital3_dev/digital_3/bonafide/ba5209cf8d4ada4f9900.png,0.59912109375
POST_HOC_NATIVE_TEXT_PATCH512_DIAGNOSTIC,10,digital3_dev,digital_3,fb4edd98990e6672d5f1,turkiye-NF-1002,huawei,dob,53,test/attack/digital_3/huawei/turkiye-NF-1002.jpg,train/bonafide/huawei/turkiye-NF-1002.jpg,1022,1060,1534,1572,1012,1255,1545,1378,0,attack,1,data/processed/text_patch512/digital3_dev/digital_3/attack/fb4edd98990e6672d5f1.png,0.5517578125
POST_HOC_NATIVE_TEXT_PATCH512_DIAGNOSTIC,10,digital3_dev,digital_3,fb4edd98990e6672d5f1,turkiye-NF-1002,huawei,dob,53,test/attack/digital_3/huawei/turkiye-NF-1002.jpg,train/bonafide/huawei/turkiye-NF-1002.jpg,1022,1060,1534,1572,1012,1255,1545,1378,0,bonafide,0,data/processed/text_patch512/digital3_dev/digital_3/bonafide/fb4edd98990e6672d5f1.png,0.0004737377166748047
POST_HOC_NATIVE_TEXT_PATCH512_DIAGNOSTIC,10,digital3_dev,digital_3,7b47ec5a9f8f743d464f,turkiye-NF-1002,huawei,doe,53,test/attack/digital_3/huawei/turkiye-NF-1002.jpg,train/bonafide/huawei/turkiye-NF-1002.jpg,1010,1458,1522,1970,1000,1754,1533,1877,0,attack,1,data/processed/text_patch512/digital3_dev/digital_3/attack/7b47ec5a9f8f743d464f.png,0.0355224609375
POST_HOC_NATIVE_TEXT_PATCH512_DIAGNOSTIC,10,digital3_dev,digital_3,7b47ec5a9f8f743d464f,turkiye-NF-1002,huawei,doe,53,test/attack/digital_3/huawei/turkiye-NF-1002.jpg,train/bonafide/huawei/turkiye-NF-1002.jpg,1010,1458,1522,1970,1000,1754,1533,1877,0,bonafide,0,data/processed/text_patch512/digital3_dev/digital_3/bonafide/7b47ec5a9f8f743d464f.png,0.0002453327178955078
POST_HOC_NATIVE_TEXT_PATCH512_DIAGNOSTIC,10,digital3_dev,digital_3,ead6003e6a7873b4ad35,turkiye-NF-1002,huawei,name,53,test/attack/digital_3/huawei/turkiye-NF-1002.jpg,train/bonafide/huawei/turkiye-NF-1002.jpg,939,808,1451,1320,1015,1006,1247,1123,0,attack,1,data/processed/text_patch512/digital3_dev/digital_3/attack/ead6003e6a7873b4ad35.png,0.063232421875
POST_HOC_NATIVE_TEXT_PATCH512_DIAGNOSTIC,10,digital3_dev,digital_3,ead6003e6a7873b4ad35,turkiye-NF-1002,huawei,name,53,test/attack/digital_3/huawei/turkiye-NF-1002.jpg,train/bonafide/huawei/turkiye-NF-1002.jpg,939,808,1451,1320,1015,1006,1247,1123,0,bonafide,0,data/processed/text_patch512/digital3_dev/digital_3/bonafide/ead6003e6a7873b4ad35.png,0.0009984970092773438
POST_HOC_NATIVE_TEXT_PATCH512_DIAGNOSTIC,10,digital3_dev,digital_3,625ca23332a2dca7ed9d,turkiye-NM-1055,huawei,dob,60,test/attack/digital_3/huawei/turkiye-NM-1055.jpg,train/bonafide/huawei/turkiye-NM-1055.jpg,1017,1070,1529,1582,1006,1264,1540,1387,0,attack,1,data/processed/text_patch512/digital3_dev/digital_3/attack/625ca23332a2dca7ed9d.png,0.007904052734375
POST_HOC_NATIVE_TEXT_PATCH512_DIAGNOSTIC,10,digital3_dev,digital_3,625ca23332a2dca7ed9d,turkiye-NM-1055,huawei,dob,60,test/attack/digital_3/huawei/turkiye-NM-1055.jpg,train/bonafide/huawei/turkiye-NM-1055.jpg,1017,1070,1529,1582,1006,1264,1540,1387,0,bonafide,0,data/processed/text_patch512/digital3_dev/digital_3/bonafide/625ca23332a2dca7ed9d.png,1.9431114196777344e-05
POST_HOC_NATIVE_TEXT_PATCH512_DIAGNOSTIC,10,digital3_dev,digital_3,22007e0bc11a84114954,turkiye-NM-1055,huawei,doe,60,test/attack/digital_3/huawei/turkiye-NM-1055.jpg,train/bonafide/huawei/turkiye-NM-1055.jpg,1008,1476,1520,1988,997,1764,1531,1887,0,attack,1,data/processed/text_patch512/digital3_dev/digital_3/attack/22007e0bc11a84114954.png,0.0004718303680419922
POST_HOC_NATIVE_TEXT_PATCH512_DIAGNOSTIC,10,digital3_dev,digital_3,22007e0bc11a84114954,turkiye-NM-1055,huawei,doe,60,test/attack/digital_3/huawei/turkiye-NM-1055.jpg,train/bonafide/huawei/turkiye-NM-1055.jpg,1008,1476,1520,1988,997,1764,1531,1887,0,bonafide,0,data/processed/text_patch512/digital3_dev/digital_3/bonafide/22007e0bc11a84114954.png,5.9604644775390625e-06
POST_HOC_NATIVE_TEXT_PATCH512_DIAGNOSTIC,10,digital3_dev,digital_3,d893ea8a8d79b342504d,turkiye-NM-1055,huawei,name,60,test/attack/digital_3/huawei/turkiye-NM-1055.jpg,train/bonafide/huawei/turkiye-NM-1055.jpg,936,818,1448,1330,1011,1014,1309,1134,0,attack,1,data/processed/text_patch512/digital3_dev/digital_3/attack/d893ea8a8d79b342504d.png,0.075439453125
POST_HOC_NATIVE_TEXT_PATCH512_DIAGNOSTIC,10,digital3_dev,digital_3,d893ea8a8d79b342504d,turkiye-NM-1055,huawei,name,60,test/attack/digital_3/huawei/turkiye-NM-1055.jpg,train/bonafide/huawei/turkiye-NM-1055.jpg,936,818,1448,1330,1011,1014,1309,1134,0,bonafide,0,data/processed/text_patch512/digital3_dev/digital_3/bonafide/d893ea8a8d79b342504d.png,0.0016613006591796875
POST_HOC_NATIVE_TEXT_PATCH512_DIAGNOSTIC,10,digital3_dev,digital_3,0aba767baaf6394ab8a3,ukraine-025_03,huawei,dob,69,test/attack/digital_3/huawei/ukraine-025_03.jpg,train/bonafide/huawei/ukraine-025_03.jpg,1002,870,1514,1382,1005,1068,1511,1183,0,attack,1,data/processed/text_patch512/digital3_dev/digital_3/attack/0aba767baaf6394ab8a3.png,0.0023975372314453125
POST_HOC_NATIVE_TEXT_PATCH512_DIAGNOSTIC,10,digital3_dev,digital_3,0aba767baaf6394ab8a3,ukraine-025_03,huawei,dob,69,test/attack/digital_3/huawei/ukraine-025_03.jpg,train/bonafide/huawei/ukraine-025_03.jpg,1002,870,1514,1382,1005,1068,1511,1183,0,bonafide,0,data/processed/text_patch512/digital3_dev/digital_3/bonafide/0aba767baaf6394ab8a3.png,8.153915405273438e-05
POST_HOC_NATIVE_TEXT_PATCH512_DIAGNOSTIC,10,digital3_dev,digital_3,7c1e4b854bb13690acd4,ukraine-025_03,huawei,doe,69,test/attack/digital_3/huawei/ukraine-025_03.jpg,train/bonafide/huawei/ukraine-025_03.jpg,987,1490,1499,2002,990,1827,1496,1945,0,attack,1,data/processed/text_patch512/digital3_dev/digital_3/attack/7c1e4b854bb13690acd4.png,0.0007991790771484375
POST_HOC_NATIVE_TEXT_PATCH512_DIAGNOSTIC,10,digital3_dev,digital_3,7c1e4b854bb13690acd4,ukraine-025_03,huawei,doe,69,test/attack/digital_3/huawei/ukraine-025_03.jpg,train/bonafide/huawei/ukraine-025_03.jpg,987,1490,1499,2002,990,1827,1496,1945,0,bonafide,0,data/processed/text_patch512/digital3_dev/digital_3/bonafide/7c1e4b854bb13690acd4.png,0.0017375946044921875
POST_HOC_NATIVE_TEXT_PATCH512_DIAGNOSTIC,10,digital3_dev,digital_3,6c66f1e0d04cb43cedb3,ukraine-025_03,huawei,name_en,69,test/attack/digital_3/huawei/ukraine-025_03.jpg,train/bonafide/huawei/ukraine-025_03.jpg,936,631,1448,1143,1011,831,1309,943,0,attack,1,data/processed/text_patch512/digital3_dev/digital_3/attack/6c66f1e0d04cb43cedb3.png,0.00015354156494140625
POST_HOC_NATIVE_TEXT_PATCH512_DIAGNOSTIC,10,digital3_dev,digital_3,6c66f1e0d04cb43cedb3,ukraine-025_03,huawei,name_en,69,test/attack/digital_3/huawei/ukraine-025_03.jpg,train/bonafide/huawei/ukraine-025_03.jpg,936,631,1448,1143,1011,831,1309,943,0,bonafide,0,data/processed/text_patch512/digital3_dev/digital_3/bonafide/6c66f1e0d04cb43cedb3.png,0.00011771917343139648
POST_HOC_NATIVE_TEXT_PATCH512_DIAGNOSTIC,10,digital3_dev,digital_3,f964a4cbb989dab59903,ukraine-NF-1068,huawei,dob,50,test/attack/digital_3/huawei/ukraine-NF-1068.jpg,train/bonafide/huawei/ukraine-NF-1068.jpg,997,860,1509,1372,1000,1058,1506,1173,0,attack,1,data/processed/text_patch512/digital3_dev/digital_3/attack/f964a4cbb989dab59903.png,0.045196533203125
POST_HOC_NATIVE_TEXT_PATCH512_DIAGNOSTIC,10,digital3_dev,digital_3,f964a4cbb989dab59903,ukraine-NF-1068,huawei,dob,50,test/attack/digital_3/huawei/ukraine-NF-1068.jpg,train/bonafide/huawei/ukraine-NF-1068.jpg,997,860,1509,1372,1000,1058,1506,1173,0,bonafide,0,data/processed/text_patch512/digital3_dev/digital_3/bonafide/f964a4cbb989dab59903.png,0.001056671142578125
POST_HOC_NATIVE_TEXT_PATCH512_DIAGNOSTIC,10,digital3_dev,digital_3,35289fd9c74ef05395d3,ukraine-NF-1068,huawei,doe,50,test/attack/digital_3/huawei/ukraine-NF-1068.jpg,train/bonafide/huawei/ukraine-NF-1068.jpg,983,1468,1495,1980,986,1812,1492,1929,0,attack,1,data/processed/text_patch512/digital3_dev/digital_3/attack/35289fd9c74ef05395d3.png,0.0016193389892578125
POST_HOC_NATIVE_TEXT_PATCH512_DIAGNOSTIC,10,digital3_dev,digital_3,35289fd9c74ef05395d3,ukraine-NF-1068,huawei,doe,50,test/attack/digital_3/huawei/ukraine-NF-1068.jpg,train/bonafide/huawei/ukraine-NF-1068.jpg,983,1468,1495,1980,986,1812,1492,1929,0,bonafide,0,data/processed/text_patch512/digital3_dev/digital_3/bonafide/35289fd9c74ef05395d3.png,0.00013875961303710938
POST_HOC_NATIVE_TEXT_PATCH512_DIAGNOSTIC,10,digital3_dev,digital_3,489a146c74ad05ce8c6d,ukraine-NF-1068,huawei,name_en,50,test/attack/digital_3/huawei/ukraine-NF-1068.jpg,train/bonafide/huawei/ukraine-NF-1068.jpg,952,622,1464,1134,1003,822,1284,934,0,attack,1,data/processed/text_patch512/digital3_dev/digital_3/attack/489a146c74ad05ce8c6d.png,0.0207061767578125
POST_HOC_NATIVE_TEXT_PATCH512_DIAGNOSTIC,10,digital3_dev,digital_3,489a146c74ad05ce8c6d,ukraine-NF-1068,huawei,name_en,50,test/attack/digital_3/huawei/ukraine-NF-1068.jpg,train/bonafide/huawei/ukraine-NF-1068.jpg,952,622,1464,1134,1003,822,1284,934,0,bonafide,0,data/processed/text_patch512/digital3_dev/digital_3/bonafide/489a146c74ad05ce8c6d.png,1.0907649993896484e-05
POST_HOC_NATIVE_TEXT_PATCH512_DIAGNOSTIC,10,digital3_dev,digital_3,8d9483db002ba9bc2038,ukraine-NF-1073,huawei,dob,66,test/attack/digital_3/huawei/ukraine-NF-1073.jpg,train/bonafide/huawei/ukraine-NF-1073.jpg,986,852,1498,1364,991,1051,1494,1165,0,attack,1,data/processed/text_patch512/digital3_dev/digital_3/attack/8d9483db002ba9bc2038.png,3.9577484130859375e-05
POST_HOC_NATIVE_TEXT_PATCH512_DIAGNOSTIC,10,digital3_dev,digital_3,8d9483db002ba9bc2038,ukraine-NF-1073,huawei,dob,66,test/attack/digital_3/huawei/ukraine-NF-1073.jpg,train/bonafide/huawei/ukraine-NF-1073.jpg,986,852,1498,1364,991,1051,1494,1165,0,bonafide,0,data/processed/text_patch512/digital3_dev/digital_3/bonafide/8d9483db002ba9bc2038.png,0.0002532005310058594
POST_HOC_NATIVE_TEXT_PATCH512_DIAGNOSTIC,10,digital3_dev,digital_3,29285c588fe5b68ddd59,ukraine-NF-1073,huawei,doe,66,test/attack/digital_3/huawei/ukraine-NF-1073.jpg,train/bonafide/huawei/ukraine-NF-1073.jpg,971,1450,1483,1962,977,1797,1477,1914,0,attack,1,data/processed/text_patch512/digital3_dev/digital_3/attack/29285c588fe5b68ddd59.png,0.00027489662170410156
POST_HOC_NATIVE_TEXT_PATCH512_DIAGNOSTIC,10,digital3_dev,digital_3,29285c588fe5b68ddd59,ukraine-NF-1073,huawei,doe,66,test/attack/digital_3/huawei/ukraine-NF-1073.jpg,train/bonafide/huawei/ukraine-NF-1073.jpg,971,1450,1483,1962,977,1797,1477,1914,0,bonafide,0,data/processed/text_patch512/digital3_dev/digital_3/bonafide/29285c588fe5b68ddd59.png,0.00013136863708496094
POST_HOC_NATIVE_TEXT_PATCH512_DIAGNOSTIC,10,digital3_dev,digital_3,f15c2a14a3dd64cb3131,ukraine-NF-1073,huawei,name_en,66,test/attack/digital_3/huawei/ukraine-NF-1073.jpg,train/bonafide/huawei/ukraine-NF-1073.jpg,930,616,1442,1128,994,817,1251,928,0,attack,1,data/processed/text_patch512/digital3_dev/digital_3/attack/f15c2a14a3dd64cb3131.png,4.851818084716797e-05
POST_HOC_NATIVE_TEXT_PATCH512_DIAGNOSTIC,10,digital3_dev,digital_3,f15c2a14a3dd64cb3131,ukraine-NF-1073,huawei,name_en,66,test/attack/digital_3/huawei/ukraine-NF-1073.jpg,train/bonafide/huawei/ukraine-NF-1073.jpg,930,616,1442,1128,994,817,1251,928,0,bonafide,0,data/processed/text_patch512/digital3_dev/digital_3/bonafide/f15c2a14a3dd64cb3131.png,0.0027256011962890625
POST_HOC_NATIVE_TEXT_PATCH512_DIAGNOSTIC,10,digital3_dev,digital_3,5bbac91863585a96d34f,ukraine-NF-1106,huawei,dob,82,test/attack/digital_3/huawei/ukraine-NF-1106.jpg,train/bonafide/huawei/ukraine-NF-1106.jpg,992,850,1504,1362,994,1049,1501,1163,0,attack,1,data/processed/text_patch512/digital3_dev/digital_3/attack/5bbac91863585a96d34f.png,0.0012922286987304688
POST_HOC_NATIVE_TEXT_PATCH512_DIAGNOSTIC,10,digital3_dev,digital_3,5bbac91863585a96d34f,ukraine-NF-1106,huawei,dob,82,test/attack/digital_3/huawei/ukraine-NF-1106.jpg,train/bonafide/huawei/ukraine-NF-1106.jpg,992,850,1504,1362,994,1049,1501,1163,0,bonafide,0,data/processed/text_patch512/digital3_dev/digital_3/bonafide/5bbac91863585a96d34f.png,5.650520324707031e-05
POST_HOC_NATIVE_TEXT_PATCH512_DIAGNOSTIC,10,digital3_dev,digital_3,e53f07ea6975c6220322,ukraine-NF-1106,huawei,doe,82,test/attack/digital_3/huawei/ukraine-NF-1106.jpg,train/bonafide/huawei/ukraine-NF-1106.jpg,972,1450,1484,1962,974,1797,1481,1911,0,attack,1,data/processed/text_patch512/digital3_dev/digital_3/attack/e53f07ea6975c6220322.png,0.0001729726791381836
POST_HOC_NATIVE_TEXT_PATCH512_DIAGNOSTIC,10,digital3_dev,digital_3,e53f07ea6975c6220322,ukraine-NF-1106,huawei,doe,82,test/attack/digital_3/huawei/ukraine-NF-1106.jpg,train/bonafide/huawei/ukraine-NF-1106.jpg,972,1450,1484,1962,974,1797,1481,1911,0,bonafide,0,data/processed/text_patch512/digital3_dev/digital_3/bonafide/e53f07ea6975c6220322.png,8.71419906616211e-05
POST_HOC_NATIVE_TEXT_PATCH512_DIAGNOSTIC,10,digital3_dev,digital_3,7a99e2dd636e03557529,ukraine-NF-1106,huawei,name_en,82,test/attack/digital_3/huawei/ukraine-NF-1106.jpg,train/bonafide/huawei/ukraine-NF-1106.jpg,942,614,1454,1126,1000,814,1269,925,0,attack,1,data/processed/text_patch512/digital3_dev/digital_3/attack/7a99e2dd636e03557529.png,6.896257400512695e-05
POST_HOC_NATIVE_TEXT_PATCH512_DIAGNOSTIC,10,digital3_dev,digital_3,7a99e2dd636e03557529,ukraine-NF-1106,huawei,name_en,82,test/attack/digital_3/huawei/ukraine-NF-1106.jpg,train/bonafide/huawei/ukraine-NF-1106.jpg,942,614,1454,1126,1000,814,1269,925,0,bonafide,0,data/processed/text_patch512/digital3_dev/digital_3/bonafide/7a99e2dd636e03557529.png,9.763240814208984e-05
POST_HOC_NATIVE_TEXT_PATCH512_DIAGNOSTIC,10,digital3_dev,digital_3,4b2dddd4edb344072d3f,usa-034_03,huawei,dob,50,test/attack/digital_3/huawei/usa-034_03.jpg,train/bonafide/huawei/usa-034_03.jpg,2585,1249,3097,1761,2619,1221,3063,1341,0,attack,1,data/processed/text_patch512/digital3_dev/digital_3/attack/4b2dddd4edb344072d3f.png,0.0760498046875
POST_HOC_NATIVE_TEXT_PATCH512_DIAGNOSTIC,10,digital3_dev,digital_3,4b2dddd4edb344072d3f,usa-034_03,huawei,dob,50,test/attack/digital_3/huawei/usa-034_03.jpg,train/bonafide/huawei/usa-034_03.jpg,2585,1249,3097,1761,2619,1221,3063,1341,0,bonafide,0,data/processed/text_patch512/digital3_dev/digital_3/bonafide/4b2dddd4edb344072d3f.png,0.06427001953125
POST_HOC_NATIVE_TEXT_PATCH512_DIAGNOSTIC,10,digital3_dev,digital_3,a665aaf385000c54bf8f,usa-034_03,huawei,doe,50,test/attack/digital_3/huawei/usa-034_03.jpg,train/bonafide/huawei/usa-034_03.jpg,442,33,954,545,475,389,922,509,0,attack,1,data/processed/text_patch512/digital3_dev/digital_3/attack/a665aaf385000c54bf8f.png,0.0011625289916992188
POST_HOC_NATIVE_TEXT_PATCH512_DIAGNOSTIC,10,digital3_dev,digital_3,a665aaf385000c54bf8f,usa-034_03,huawei,doe,50,test/attack/digital_3/huawei/usa-034_03.jpg,train/bonafide/huawei/usa-034_03.jpg,442,33,954,545,475,389,922,509,0,bonafide,0,data/processed/text_patch512/digital3_dev/digital_3/bonafide/a665aaf385000c54bf8f.png,0.001155853271484375
POST_HOC_NATIVE_TEXT_PATCH512_DIAGNOSTIC,10,digital3_dev,digital_3,a76ac984109945f0ec0a,usa-034_03,huawei,name,50,test/attack/digital_3/huawei/usa-034_03.jpg,train/bonafide/huawei/usa-034_03.jpg,1043,524,1555,1036,1014,719,1584,842,0,attack,1,data/processed/text_patch512/digital3_dev/digital_3/attack/a76ac984109945f0ec0a.png,0.99072265625
POST_HOC_NATIVE_TEXT_PATCH512_DIAGNOSTIC,10,digital3_dev,digital_3,a76ac984109945f0ec0a,usa-034_03,huawei,name,50,test/attack/digital_3/huawei/usa-034_03.jpg,train/bonafide/huawei/usa-034_03.jpg,1043,524,1555,1036,1014,719,1584,842,0,bonafide,0,data/processed/text_patch512/digital3_dev/digital_3/bonafide/a76ac984109945f0ec0a.png,0.00759124755859375
POST_HOC_NATIVE_TEXT_PATCH512_DIAGNOSTIC,10,digital3_dev,digital_3,a83f81ab344eab21574a,usa-067_03,huawei,dob,65,test/attack/digital_3/huawei/usa-067_03.jpg,train/bonafide/huawei/usa-067_03.jpg,2454,1149,2966,1661,2495,1149,2926,1255,0,attack,1,data/processed/text_patch512/digital3_dev/digital_3/attack/a83f81ab344eab21574a.png,0.2073974609375
POST_HOC_NATIVE_TEXT_PATCH512_DIAGNOSTIC,10,digital3_dev,digital_3,a83f81ab344eab21574a,usa-067_03,huawei,dob,65,test/attack/digital_3/huawei/usa-067_03.jpg,train/bonafide/huawei/usa-067_03.jpg,2454,1149,2966,1661,2495,1149,2926,1255,0,bonafide,0,data/processed/text_patch512/digital3_dev/digital_3/bonafide/a83f81ab344eab21574a.png,0.0421142578125
POST_HOC_NATIVE_TEXT_PATCH512_DIAGNOSTIC,10,digital3_dev,digital_3,c65facb9f922927c821d,usa-067_03,huawei,doe,65,test/attack/digital_3/huawei/usa-067_03.jpg,train/bonafide/huawei/usa-067_03.jpg,380,74,892,586,423,406,848,509,0,attack,1,data/processed/text_patch512/digital3_dev/digital_3/attack/c65facb9f922927c821d.png,0.004150390625
POST_HOC_NATIVE_TEXT_PATCH512_DIAGNOSTIC,10,digital3_dev,digital_3,c65facb9f922927c821d,usa-067_03,huawei,doe,65,test/attack/digital_3/huawei/usa-067_03.jpg,train/bonafide/huawei/usa-067_03.jpg,380,74,892,586,423,406,848,509,0,bonafide,0,data/processed/text_patch512/digital3_dev/digital_3/bonafide/c65facb9f922927c821d.png,5.4955482482910156e-05
POST_HOC_NATIVE_TEXT_PATCH512_DIAGNOSTIC,10,digital3_dev,digital_3,fab4f1ca8c383c623b60,usa-067_03,huawei,name,65,test/attack/digital_3/huawei/usa-067_03.jpg,train/bonafide/huawei/usa-067_03.jpg,1018,502,1530,1014,947,707,1536,810,0,attack,1,data/processed/text_patch512/digital3_dev/digital_3/attack/fab4f1ca8c383c623b60.png,0.98583984375
POST_HOC_NATIVE_TEXT_PATCH512_DIAGNOSTIC,10,digital3_dev,digital_3,fab4f1ca8c383c623b60,usa-067_03,huawei,name,65,test/attack/digital_3/huawei/usa-067_03.jpg,train/bonafide/huawei/usa-067_03.jpg,1018,502,1530,1014,947,707,1536,810,0,bonafide,0,data/processed/text_patch512/digital3_dev/digital_3/bonafide/fab4f1ca8c383c623b60.png,0.00033593177795410156
POST_HOC_NATIVE_TEXT_PATCH512_DIAGNOSTIC,10,digital3_dev,digital_3,580a6b5bd4bd5b3aa37b,usa-NF-1036,huawei,dob,69,test/attack/digital_3/huawei/usa-NF-1036.jpg,train/bonafide/huawei/usa-NF-1036.jpg,2600,1260,3112,1772,2632,1231,3080,1354,0,attack,1,data/processed/text_patch512/digital3_dev/digital_3/attack/580a6b5bd4bd5b3aa37b.png,0.089599609375
POST_HOC_NATIVE_TEXT_PATCH512_DIAGNOSTIC,10,digital3_dev,digital_3,580a6b5bd4bd5b3aa37b,usa-NF-1036,huawei,dob,69,test/attack/digital_3/huawei/usa-NF-1036.jpg,train/bonafide/huawei/usa-NF-1036.jpg,2600,1260,3112,1772,2632,1231,3080,1354,0,bonafide,0,data/processed/text_patch512/digital3_dev/digital_3/bonafide/580a6b5bd4bd5b3aa37b.png,0.1741943359375
POST_HOC_NATIVE_TEXT_PATCH512_DIAGNOSTIC,10,digital3_dev,digital_3,cafd2ec61e9ce1a9a173,usa-NF-1036,huawei,doe,69,test/attack/digital_3/huawei/usa-NF-1036.jpg,train/bonafide/huawei/usa-NF-1036.jpg,440,41,952,553,474,397,919,517,0,attack,1,data/processed/text_patch512/digital3_dev/digital_3/attack/cafd2ec61e9ce1a9a173.png,0.01436614990234375
POST_HOC_NATIVE_TEXT_PATCH512_DIAGNOSTIC,10,digital3_dev,digital_3,cafd2ec61e9ce1a9a173,usa-NF-1036,huawei,doe,69,test/attack/digital_3/huawei/usa-NF-1036.jpg,train/bonafide/huawei/usa-NF-1036.jpg,440,41,952,553,474,397,919,517,0,bonafide,0,data/processed/text_patch512/digital3_dev/digital_3/bonafide/cafd2ec61e9ce1a9a173.png,0.0006036758422851562
POST_HOC_NATIVE_TEXT_PATCH512_DIAGNOSTIC,10,digital3_dev,digital_3,0eb55ddddc192c1df6cd,usa-NF-1036,huawei,name,69,test/attack/digital_3/huawei/usa-NF-1036.jpg,train/bonafide/huawei/usa-NF-1036.jpg,1128,534,1640,1046,1015,727,1754,853,0,attack,1,data/processed/text_patch512/digital3_dev/digital_3/attack/0eb55ddddc192c1df6cd.png,1.0
POST_HOC_NATIVE_TEXT_PATCH512_DIAGNOSTIC,10,digital3_dev,digital_3,0eb55ddddc192c1df6cd,usa-NF-1036,huawei,name,69,test/attack/digital_3/huawei/usa-NF-1036.jpg,train/bonafide/huawei/usa-NF-1036.jpg,1128,534,1640,1046,1015,727,1754,853,0,bonafide,0,data/processed/text_patch512/digital3_dev/digital_3/bonafide/0eb55ddddc192c1df6cd.png,0.0033111572265625
POST_HOC_NATIVE_TEXT_PATCH512_DIAGNOSTIC,10,digital3_dev,digital_3,7eeed5470f935c5c6a6d,usa-NF-1065,huawei,dob,60,test/attack/digital_3/huawei/usa-NF-1065.jpg,train/bonafide/huawei/usa-NF-1065.jpg,2464,1140,2976,1652,2505,1140,2934,1243,0,attack,1,data/processed/text_patch512/digital3_dev/digital_3/attack/7eeed5470f935c5c6a6d.png,0.06182861328125
POST_HOC_NATIVE_TEXT_PATCH512_DIAGNOSTIC,10,digital3_dev,digital_3,7eeed5470f935c5c6a6d,usa-NF-1065,huawei,dob,60,test/attack/digital_3/huawei/usa-NF-1065.jpg,train/bonafide/huawei/usa-NF-1065.jpg,2464,1140,2976,1652,2505,1140,2934,1243,0,bonafide,0,data/processed/text_patch512/digital3_dev/digital_3/bonafide/7eeed5470f935c5c6a6d.png,0.021636962890625
POST_HOC_NATIVE_TEXT_PATCH512_DIAGNOSTIC,10,digital3_dev,digital_3,3553023a31e6180fc638,usa-NF-1065,huawei,doe,60,test/attack/digital_3/huawei/usa-NF-1065.jpg,train/bonafide/huawei/usa-NF-1065.jpg,386,72,898,584,429,404,855,507,0,attack,1,data/processed/text_patch512/digital3_dev/digital_3/attack/3553023a31e6180fc638.png,0.003429412841796875
POST_HOC_NATIVE_TEXT_PATCH512_DIAGNOSTIC,10,digital3_dev,digital_3,3553023a31e6180fc638,usa-NF-1065,huawei,doe,60,test/attack/digital_3/huawei/usa-NF-1065.jpg,train/bonafide/huawei/usa-NF-1065.jpg,386,72,898,584,429,404,855,507,0,bonafide,0,data/processed/text_patch512/digital3_dev/digital_3/bonafide/3553023a31e6180fc638.png,0.00016868114471435547
POST_HOC_NATIVE_TEXT_PATCH512_DIAGNOSTIC,10,digital3_dev,digital_3,e4fc8f41f7a29d656ff5,usa-NF-1065,huawei,name,60,test/attack/digital_3/huawei/usa-NF-1065.jpg,train/bonafide/huawei/usa-NF-1065.jpg,1033,498,1545,1010,957,702,1493,805,0,attack,1,data/processed/text_patch512/digital3_dev/digital_3/attack/e4fc8f41f7a29d656ff5.png,0.08831787109375
POST_HOC_NATIVE_TEXT_PATCH512_DIAGNOSTIC,10,digital3_dev,digital_3,e4fc8f41f7a29d656ff5,usa-NF-1065,huawei,name,60,test/attack/digital_3/huawei/usa-NF-1065.jpg,train/bonafide/huawei/usa-NF-1065.jpg,1033,498,1545,1010,957,702,1493,805,0,bonafide,0,data/processed/text_patch512/digital3_dev/digital_3/bonafide/e4fc8f41f7a29d656ff5.png,0.0004467964172363281
POST_HOC_NATIVE_TEXT_PATCH512_DIAGNOSTIC,10,digital3_dev,digital_3,11b2ee497b31bfbabb16,usa-NF-1076,huawei,dob,74,test/attack/digital_3/huawei/usa-NF-1076.jpg,train/bonafide/huawei/usa-NF-1076.jpg,2590,1241,3102,1753,2622,1213,3069,1333,0,attack,1,data/processed/text_patch512/digital3_dev/digital_3/attack/11b2ee497b31bfbabb16.png,0.3525390625
POST_HOC_NATIVE_TEXT_PATCH512_DIAGNOSTIC,10,digital3_dev,digital_3,11b2ee497b31bfbabb16,usa-NF-1076,huawei,dob,74,test/attack/digital_3/huawei/usa-NF-1076.jpg,train/bonafide/huawei/usa-NF-1076.jpg,2590,1241,3102,1753,2622,1213,3069,1333,0,bonafide,0,data/processed/text_patch512/digital3_dev/digital_3/bonafide/11b2ee497b31bfbabb16.png,0.03424072265625
POST_HOC_NATIVE_TEXT_PATCH512_DIAGNOSTIC,10,digital3_dev,digital_3,467b7fced39c406c1cda,usa-NF-1076,huawei,doe,74,test/attack/digital_3/huawei/usa-NF-1076.jpg,train/bonafide/huawei/usa-NF-1076.jpg,439,31,951,543,473,387,917,507,0,attack,1,data/processed/text_patch512/digital3_dev/digital_3/attack/467b7fced39c406c1cda.png,0.0013484954833984375
POST_HOC_NATIVE_TEXT_PATCH512_DIAGNOSTIC,10,digital3_dev,digital_3,467b7fced39c406c1cda,usa-NF-1076,huawei,doe,74,test/attack/digital_3/huawei/usa-NF-1076.jpg,train/bonafide/huawei/usa-NF-1076.jpg,439,31,951,543,473,387,917,507,0,bonafide,0,data/processed/text_patch512/digital3_dev/digital_3/bonafide/467b7fced39c406c1cda.png,8.380413055419922e-05
POST_HOC_NATIVE_TEXT_PATCH512_DIAGNOSTIC,10,digital3_dev,digital_3,cfffdd8ac8333d95c829,usa-NF-1076,huawei,name,74,test/attack/digital_3/huawei/usa-NF-1076.jpg,train/bonafide/huawei/usa-NF-1076.jpg,1149,521,1661,1033,1012,714,1798,840,0,attack,1,data/processed/text_patch512/digital3_dev/digital_3/attack/cfffdd8ac8333d95c829.png,1.0
POST_HOC_NATIVE_TEXT_PATCH512_DIAGNOSTIC,10,digital3_dev,digital_3,cfffdd8ac8333d95c829,usa-NF-1076,huawei,name,74,test/attack/digital_3/huawei/usa-NF-1076.jpg,train/bonafide/huawei/usa-NF-1076.jpg,1149,521,1661,1033,1012,714,1798,840,0,bonafide,0,data/processed/text_patch512/digital3_dev/digital_3/bonafide/cfffdd8ac8333d95c829.png,0.0018205642700195312
POST_HOC_NATIVE_TEXT_PATCH512_DIAGNOSTIC,10,digital3_dev,digital_3,bc457ee1a8d97b508458,usa-NM-1038,huawei,dob,71,test/attack/digital_3/huawei/usa-NM-1038.jpg,train/bonafide/huawei/usa-NM-1038.jpg,2439,1183,2951,1695,2484,1158,2906,1272,0,attack,1,data/processed/text_patch512/digital3_dev/digital_3/attack/bc457ee1a8d97b508458.png,0.14306640625
POST_HOC_NATIVE_TEXT_PATCH512_DIAGNOSTIC,10,digital3_dev,digital_3,bc457ee1a8d97b508458,usa-NM-1038,huawei,dob,71,test/attack/digital_3/huawei/usa-NM-1038.jpg,train/bonafide/huawei/usa-NM-1038.jpg,2439,1183,2951,1695,2484,1158,2906,1272,0,bonafide,0,data/processed/text_patch512/digital3_dev/digital_3/bonafide/bc457ee1a8d97b508458.png,0.0186309814453125
POST_HOC_NATIVE_TEXT_PATCH512_DIAGNOSTIC,10,digital3_dev,digital_3,5385bd00bb702fedfe78,usa-NM-1038,huawei,doe,71,test/attack/digital_3/huawei/usa-NM-1038.jpg,train/bonafide/huawei/usa-NM-1038.jpg,402,11,914,523,447,370,869,484,0,attack,1,data/processed/text_patch512/digital3_dev/digital_3/attack/5385bd00bb702fedfe78.png,0.00615692138671875
POST_HOC_NATIVE_TEXT_PATCH512_DIAGNOSTIC,10,digital3_dev,digital_3,5385bd00bb702fedfe78,usa-NM-1038,huawei,doe,71,test/attack/digital_3/huawei/usa-NM-1038.jpg,train/bonafide/huawei/usa-NM-1038.jpg,402,11,914,523,447,370,869,484,0,bonafide,0,data/processed/text_patch512/digital3_dev/digital_3/bonafide/5385bd00bb702fedfe78.png,0.0004305839538574219
POST_HOC_NATIVE_TEXT_PATCH512_DIAGNOSTIC,10,digital3_dev,digital_3,b737ab8a732a4b0664d6,usa-NM-1038,huawei,name,71,test/attack/digital_3/huawei/usa-NM-1038.jpg,train/bonafide/huawei/usa-NM-1038.jpg,1000,484,1512,996,959,681,1553,798,0,attack,1,data/processed/text_patch512/digital3_dev/digital_3/attack/b737ab8a732a4b0664d6.png,0.998046875
POST_HOC_NATIVE_TEXT_PATCH512_DIAGNOSTIC,10,digital3_dev,digital_3,b737ab8a732a4b0664d6,usa-NM-1038,huawei,name,71,test/attack/digital_3/huawei/usa-NM-1038.jpg,train/bonafide/huawei/usa-NM-1038.jpg,1000,484,1512,996,959,681,1553,798,0,bonafide,0,data/processed/text_patch512/digital3_dev/digital_3/bonafide/b737ab8a732a4b0664d6.png,0.002178192138671875
POST_HOC_NATIVE_TEXT_PATCH512_DIAGNOSTIC,10,digital3_dev,digital_3,173c29e8a6e9404b6049,arabic-024_03,iphone15pro,dob,79,test/attack/digital_3/iphone15pro/arabic-024_03.jpg,train/bonafide/iphone15pro/arabic-024_03.jpg,1020,882,1532,1394,1009,1086,1542,1190,0,attack,1,data/processed/text_patch512/digital3_dev/digital_3/attack/173c29e8a6e9404b6049.png,0.354736328125
POST_HOC_NATIVE_TEXT_PATCH512_DIAGNOSTIC,10,digital3_dev,digital_3,173c29e8a6e9404b6049,arabic-024_03,iphone15pro,dob,79,test/attack/digital_3/iphone15pro/arabic-024_03.jpg,train/bonafide/iphone15pro/arabic-024_03.jpg,1020,882,1532,1394,1009,1086,1542,1190,0,bonafide,0,data/processed/text_patch512/digital3_dev/digital_3/bonafide/173c29e8a6e9404b6049.png,0.0004775524139404297
POST_HOC_NATIVE_TEXT_PATCH512_DIAGNOSTIC,10,digital3_dev,digital_3,abd80b37883af78975db,arabic-024_03,iphone15pro,doe,79,test/attack/digital_3/iphone15pro/arabic-024_03.jpg,train/bonafide/iphone15pro/arabic-024_03.jpg,1028,1236,1540,1748,1017,1548,1552,1654,0,attack,1,data/processed/text_patch512/digital3_dev/digital_3/attack/abd80b37883af78975db.png,0.056976318359375
POST_HOC_NATIVE_TEXT_PATCH512_DIAGNOSTIC,10,digital3_dev,digital_3,abd80b37883af78975db,arabic-024_03,iphone15pro,doe,79,test/attack/digital_3/iphone15pro/arabic-024_03.jpg,train/bonafide/iphone15pro/arabic-024_03.jpg,1028,1236,1540,1748,1017,1548,1552,1654,0,bonafide,0,data/processed/text_patch512/digital3_dev/digital_3/bonafide/abd80b37883af78975db.png,0.01273345947265625
POST_HOC_NATIVE_TEXT_PATCH512_DIAGNOSTIC,10,digital3_dev,digital_3,b23ee7bb429bda951714,arabic-024_03,iphone15pro,name,79,test/attack/digital_3/iphone15pro/arabic-024_03.jpg,train/bonafide/iphone15pro/arabic-024_03.jpg,1075,444,1587,956,999,650,1663,751,0,attack,1,data/processed/text_patch512/digital3_dev/digital_3/attack/b23ee7bb429bda951714.png,0.90966796875
POST_HOC_NATIVE_TEXT_PATCH512_DIAGNOSTIC,10,digital3_dev,digital_3,b23ee7bb429bda951714,arabic-024_03,iphone15pro,name,79,test/attack/digital_3/iphone15pro/arabic-024_03.jpg,train/bonafide/iphone15pro/arabic-024_03.jpg,1075,444,1587,956,999,650,1663,751,0,bonafide,0,data/processed/text_patch512/digital3_dev/digital_3/bonafide/b23ee7bb429bda951714.png,0.0006275177001953125
POST_HOC_NATIVE_TEXT_PATCH512_DIAGNOSTIC,10,digital3_dev,digital_3,02b13e65bec2561fb247,arabic-120_03,iphone15pro,dob,65,test/attack/digital_3/iphone15pro/arabic-120_03.jpg,train/bonafide/iphone15pro/arabic-120_03.jpg,1010,869,1522,1381,997,1073,1535,1177,0,attack,1,data/processed/text_patch512/digital3_dev/digital_3/attack/02b13e65bec2561fb247.png,0.223876953125
POST_HOC_NATIVE_TEXT_PATCH512_DIAGNOSTIC,10,digital3_dev,digital_3,02b13e65bec2561fb247,arabic-120_03,iphone15pro,dob,65,test/attack/digital_3/iphone15pro/arabic-120_03.jpg,train/bonafide/iphone15pro/arabic-120_03.jpg,1010,869,1522,1381,997,1073,1535,1177,0,bonafide,0,data/processed/text_patch512/digital3_dev/digital_3/bonafide/02b13e65bec2561fb247.png,8.71419906616211e-05
POST_HOC_NATIVE_TEXT_PATCH512_DIAGNOSTIC,10,digital3_dev,digital_3,14672d20c2f8509fe123,arabic-120_03,iphone15pro,doe,65,test/attack/digital_3/iphone15pro/arabic-120_03.jpg,train/bonafide/iphone15pro/arabic-120_03.jpg,1016,1225,1528,1737,1006,1527,1539,1633,0,attack,1,data/processed/text_patch512/digital3_dev/digital_3/attack/14672d20c2f8509fe123.png,0.7724609375
POST_HOC_NATIVE_TEXT_PATCH512_DIAGNOSTIC,10,digital3_dev,digital_3,14672d20c2f8509fe123,arabic-120_03,iphone15pro,doe,65,test/attack/digital_3/iphone15pro/arabic-120_03.jpg,train/bonafide/iphone15pro/arabic-120_03.jpg,1016,1225,1528,1737,1006,1527,1539,1633,0,bonafide,0,data/processed/text_patch512/digital3_dev/digital_3/bonafide/14672d20c2f8509fe123.png,0.00015056133270263672
POST_HOC_NATIVE_TEXT_PATCH512_DIAGNOSTIC,10,digital3_dev,digital_3,4902357c273463d59190,arabic-120_03,iphone15pro,name,65,test/attack/digital_3/iphone15pro/arabic-120_03.jpg,train/bonafide/iphone15pro/arabic-120_03.jpg,1055,436,1567,948,989,642,1633,743,0,attack,1,data/processed/text_patch512/digital3_dev/digital_3/attack/4902357c273463d59190.png,0.92724609375
POST_HOC_NATIVE_TEXT_PATCH512_DIAGNOSTIC,10,digital3_dev,digital_3,4902357c273463d59190,arabic-120_03,iphone15pro,name,65,test/attack/digital_3/iphone15pro/arabic-120_03.jpg,train/bonafide/iphone15pro/arabic-120_03.jpg,1055,436,1567,948,989,642,1633,743,0,bonafide,0,data/processed/text_patch512/digital3_dev/digital_3/bonafide/4902357c273463d59190.png,0.0016679763793945312
POST_HOC_NATIVE_TEXT_PATCH512_DIAGNOSTIC,10,digital3_dev,digital_3,83177ad5f85c37a3f1db,arabic-NF-1048,iphone15pro,dob,57,test/attack/digital_3/iphone15pro/arabic-NF-1048.jpg,train/bonafide/iphone15pro/arabic-NF-1048.jpg,954,779,1466,1291,954,982,1465,1088,0,attack,1,data/processed/text_patch512/digital3_dev/digital_3/attack/83177ad5f85c37a3f1db.png,0.006313323974609375
POST_HOC_NATIVE_TEXT_PATCH512_DIAGNOSTIC,10,digital3_dev,digital_3,83177ad5f85c37a3f1db,arabic-NF-1048,iphone15pro,dob,57,test/attack/digital_3/iphone15pro/arabic-NF-1048.jpg,train/bonafide/iphone15pro/arabic-NF-1048.jpg,954,779,1466,1291,954,982,1465,1088,0,bonafide,0,data/processed/text_patch512/digital3_dev/digital_3/bonafide/83177ad5f85c37a3f1db.png,0.00020301342010498047
POST_HOC_NATIVE_TEXT_PATCH512_DIAGNOSTIC,10,digital3_dev,digital_3,bcd42eef63cba2b49e22,arabic-NF-1048,iphone15pro,doe,57,test/attack/digital_3/iphone15pro/arabic-NF-1048.jpg,train/bonafide/iphone15pro/arabic-NF-1048.jpg,938,1093,1450,1605,942,1404,1446,1510,0,attack,1,data/processed/text_patch512/digital3_dev/digital_3/attack/bcd42eef63cba2b49e22.png,0.004039764404296875
POST_HOC_NATIVE_TEXT_PATCH512_DIAGNOSTIC,10,digital3_dev,digital_3,bcd42eef63cba2b49e22,arabic-NF-1048,iphone15pro,doe,57,test/attack/digital_3/iphone15pro/arabic-NF-1048.jpg,train/bonafide/iphone15pro/arabic-NF-1048.jpg,938,1093,1450,1605,942,1404,1446,1510,0,bonafide,0,data/processed/text_patch512/digital3_dev/digital_3/bonafide/bcd42eef63cba2b49e22.png,0.0002346038818359375
POST_HOC_NATIVE_TEXT_PATCH512_DIAGNOSTIC,10,digital3_dev,digital_3,72feab8ad6ca098abbd5,arabic-NF-1048,iphone15pro,name,57,test/attack/digital_3/iphone15pro/arabic-NF-1048.jpg,train/bonafide/iphone15pro/arabic-NF-1048.jpg,986,382,1498,894,963,584,1521,692,0,attack,1,data/processed/text_patch512/digital3_dev/digital_3/attack/72feab8ad6ca098abbd5.png,0.01117706298828125
POST_HOC_NATIVE_TEXT_PATCH512_DIAGNOSTIC,10,digital3_dev,digital_3,72feab8ad6ca098abbd5,arabic-NF-1048,iphone15pro,name,57,test/attack/digital_3/iphone15pro/arabic-NF-1048.jpg,train/bonafide/iphone15pro/arabic-NF-1048.jpg,986,382,1498,894,963,584,1521,692,0,bonafide,0,data/processed/text_patch512/digital3_dev/digital_3/bonafide/72feab8ad6ca098abbd5.png,0.000194549560546875
POST_HOC_NATIVE_TEXT_PATCH512_DIAGNOSTIC,10,digital3_dev,digital_3,7598d12f1f0a79339401,arabic-NF-1098,iphone15pro,dob,57,test/attack/digital_3/iphone15pro/arabic-NF-1098.jpg,train/bonafide/iphone15pro/arabic-NF-1098.jpg,948,783,1460,1295,954,985,1454,1093,0,attack,1,data/processed/text_patch512/digital3_dev/digital_3/attack/7598d12f1f0a79339401.png,0.0023555755615234375
POST_HOC_NATIVE_TEXT_PATCH512_DIAGNOSTIC,10,digital3_dev,digital_3,7598d12f1f0a79339401,arabic-NF-1098,iphone15pro,dob,57,test/attack/digital_3/iphone15pro/arabic-NF-1098.jpg,train/bonafide/iphone15pro/arabic-NF-1098.jpg,948,783,1460,1295,954,985,1454,1093,0,bonafide,0,data/processed/text_patch512/digital3_dev/digital_3/bonafide/7598d12f1f0a79339401.png,0.00023639202117919922
POST_HOC_NATIVE_TEXT_PATCH512_DIAGNOSTIC,10,digital3_dev,digital_3,51088627aa320749dd7b,arabic-NF-1098,iphone15pro,doe,57,test/attack/digital_3/iphone15pro/arabic-NF-1098.jpg,train/bonafide/iphone15pro/arabic-NF-1098.jpg,938,1096,1450,1608,945,1406,1443,1514,0,attack,1,data/processed/text_patch512/digital3_dev/digital_3/attack/51088627aa320749dd7b.png,0.0005793571472167969
POST_HOC_NATIVE_TEXT_PATCH512_DIAGNOSTIC,10,digital3_dev,digital_3,51088627aa320749dd7b,arabic-NF-1098,iphone15pro,doe,57,test/attack/digital_3/iphone15pro/arabic-NF-1098.jpg,train/bonafide/iphone15pro/arabic-NF-1098.jpg,938,1096,1450,1608,945,1406,1443,1514,0,bonafide,0,data/processed/text_patch512/digital3_dev/digital_3/bonafide/51088627aa320749dd7b.png,0.00039577484130859375
POST_HOC_NATIVE_TEXT_PATCH512_DIAGNOSTIC,10,digital3_dev,digital_3,6d6d3c9f447580b5f717,arabic-NF-1098,iphone15pro,name,57,test/attack/digital_3/iphone15pro/arabic-NF-1098.jpg,train/bonafide/iphone15pro/arabic-NF-1098.jpg,926,384,1438,896,961,587,1339,692,0,attack,1,data/processed/text_patch512/digital3_dev/digital_3/attack/6d6d3c9f447580b5f717.png,0.0009813308715820312
POST_HOC_NATIVE_TEXT_PATCH512_DIAGNOSTIC,10,digital3_dev,digital_3,6d6d3c9f447580b5f717,arabic-NF-1098,iphone15pro,name,57,test/attack/digital_3/iphone15pro/arabic-NF-1098.jpg,train/bonafide/iphone15pro/arabic-NF-1098.jpg,926,384,1438,896,961,587,1339,692,0,bonafide,0,data/processed/text_patch512/digital3_dev/digital_3/bonafide/6d6d3c9f447580b5f717.png,0.0006651878356933594
POST_HOC_NATIVE_TEXT_PATCH512_DIAGNOSTIC,10,digital3_dev,digital_3,617e83a27b5e64720edf,arabic-NM-1090,iphone15pro,dob,63,test/attack/digital_3/iphone15pro/arabic-NM-1090.jpg,train/bonafide/iphone15pro/arabic-NM-1090.jpg,1036,889,1548,1401,1013,1093,1570,1197,0,attack,1,data/processed/text_patch512/digital3_dev/digital_3/attack/617e83a27b5e64720edf.png,0.578125
POST_HOC_NATIVE_TEXT_PATCH512_DIAGNOSTIC,10,digital3_dev,digital_3,617e83a27b5e64720edf,arabic-NM-1090,iphone15pro,dob,63,test/attack/digital_3/iphone15pro/arabic-NM-1090.jpg,train/bonafide/iphone15pro/arabic-NM-1090.jpg,1036,889,1548,1401,1013,1093,1570,1197,0,bonafide,0,data/processed/text_patch512/digital3_dev/digital_3/bonafide/617e83a27b5e64720edf.png,0.0002846717834472656
POST_HOC_NATIVE_TEXT_PATCH512_DIAGNOSTIC,10,digital3_dev,digital_3,2595ff200411b4c786b6,arabic-NM-1090,iphone15pro,doe,63,test/attack/digital_3/iphone15pro/arabic-NM-1090.jpg,train/bonafide/iphone15pro/arabic-NM-1090.jpg,1022,1255,1534,1767,1023,1556,1533,1660,0,attack,1,data/processed/text_patch512/digital3_dev/digital_3/attack/2595ff200411b4c786b6.png,0.0017824172973632812
POST_HOC_NATIVE_TEXT_PATCH512_DIAGNOSTIC,10,digital3_dev,digital_3,2595ff200411b4c786b6,arabic-NM-1090,iphone15pro,doe,63,test/attack/digital_3/iphone15pro/arabic-NM-1090.jpg,train/bonafide/iphone15pro/arabic-NM-1090.jpg,1022,1255,1534,1767,1023,1556,1533,1660,0,bonafide,0,data/processed/text_patch512/digital3_dev/digital_3/bonafide/2595ff200411b4c786b6.png,0.00043392181396484375
POST_HOC_NATIVE_TEXT_PATCH512_DIAGNOSTIC,10,digital3_dev,digital_3,04580ea1e0136865cbaa,arabic-NM-1090,iphone15pro,name,63,test/attack/digital_3/iphone15pro/arabic-NM-1090.jpg,train/bonafide/iphone15pro/arabic-NM-1090.jpg,979,452,1491,964,1001,656,1469,760,0,attack,1,data/processed/text_patch512/digital3_dev/digital_3/attack/04580ea1e0136865cbaa.png,0.0083770751953125
POST_HOC_NATIVE_TEXT_PATCH512_DIAGNOSTIC,10,digital3_dev,digital_3,04580ea1e0136865cbaa,arabic-NM-1090,iphone15pro,name,63,test/attack/digital_3/iphone15pro/arabic-NM-1090.jpg,train/bonafide/iphone15pro/arabic-NM-1090.jpg,979,452,1491,964,1001,656,1469,760,0,bonafide,0,data/processed/text_patch512/digital3_dev/digital_3/bonafide/04580ea1e0136865cbaa.png,0.0002720355987548828
POST_HOC_NATIVE_TEXT_PATCH512_DIAGNOSTIC,10,digital3_dev,digital_3,d92dfca84a2b76c72558,chinese-001_03,iphone15pro,dob,70,test/attack/digital_3/iphone15pro/chinese-001_03.jpg,train/bonafide/iphone15pro/chinese-001_03.jpg,1696,764,2208,1276,1705,973,2200,1067,0,attack,1,data/processed/text_patch512/digital3_dev/digital_3/attack/d92dfca84a2b76c72558.png,0.0041656494140625
POST_HOC_NATIVE_TEXT_PATCH512_DIAGNOSTIC,10,digital3_dev,digital_3,d92dfca84a2b76c72558,chinese-001_03,iphone15pro,dob,70,test/attack/digital_3/iphone15pro/chinese-001_03.jpg,train/bonafide/iphone15pro/chinese-001_03.jpg,1696,764,2208,1276,1705,973,2200,1067,0,bonafide,0,data/processed/text_patch512/digital3_dev/digital_3/bonafide/d92dfca84a2b76c72558.png,0.00015056133270263672
POST_HOC_NATIVE_TEXT_PATCH512_DIAGNOSTIC,10,digital3_dev,digital_3,a1ec88ac873a617de2b7,chinese-001_03,iphone15pro,doe,70,test/attack/digital_3/iphone15pro/chinese-001_03.jpg,train/bonafide/iphone15pro/chinese-001_03.jpg,935,1253,1447,1765,935,1513,1407,1607,0,attack,1,data/processed/text_patch512/digital3_dev/digital_3/attack/a1ec88ac873a617de2b7.png,2.7298927307128906e-05
POST_HOC_NATIVE_TEXT_PATCH512_DIAGNOSTIC,10,digital3_dev,digital_3,a1ec88ac873a617de2b7,chinese-001_03,iphone15pro,doe,70,test/attack/digital_3/iphone15pro/chinese-001_03.jpg,train/bonafide/iphone15pro/chinese-001_03.jpg,935,1253,1447,1765,935,1513,1407,1607,0,bonafide,0,data/processed/text_patch512/digital3_dev/digital_3/bonafide/a1ec88ac873a617de2b7.png,6.633996963500977e-05
POST_HOC_NATIVE_TEXT_PATCH512_DIAGNOSTIC,10,digital3_dev,digital_3,7f18dd0d5cbcf9634628,chinese-001_03,iphone15pro,name_en,70,test/attack/digital_3/iphone15pro/chinese-001_03.jpg,train/bonafide/iphone15pro/chinese-001_03.jpg,921,474,1433,986,921,682,1329,779,0,attack,1,data/processed/text_patch512/digital3_dev/digital_3/attack/7f18dd0d5cbcf9634628.png,0.0003769397735595703
POST_HOC_NATIVE_TEXT_PATCH512_DIAGNOSTIC,10,digital3_dev,digital_3,7f18dd0d5cbcf9634628,chinese-001_03,iphone15pro,name_en,70,test/attack/digital_3/iphone15pro/chinese-001_03.jpg,train/bonafide/iphone15pro/chinese-001_03.jpg,921,474,1433,986,921,682,1329,779,0,bonafide,0,data/processed/text_patch512/digital3_dev/digital_3/bonafide/7f18dd0d5cbcf9634628.png,0.0004239082336425781
POST_HOC_NATIVE_TEXT_PATCH512_DIAGNOSTIC,10,digital3_dev,digital_3,11d9d38e83731f0fa28a,chinese-113_03,iphone15pro,dob,72,test/attack/digital_3/iphone15pro/chinese-113_03.jpg,train/bonafide/iphone15pro/chinese-113_03.jpg,1700,766,2212,1278,1708,975,2205,1070,0,attack,1,data/processed/text_patch512/digital3_dev/digital_3/attack/11d9d38e83731f0fa28a.png,0.0009365081787109375
POST_HOC_NATIVE_TEXT_PATCH512_DIAGNOSTIC,10,digital3_dev,digital_3,11d9d38e83731f0fa28a,chinese-113_03,iphone15pro,dob,72,test/attack/digital_3/iphone15pro/chinese-113_03.jpg,train/bonafide/iphone15pro/chinese-113_03.jpg,1700,766,2212,1278,1708,975,2205,1070,0,bonafide,0,data/processed/text_patch512/digital3_dev/digital_3/bonafide/11d9d38e83731f0fa28a.png,9.918212890625e-05
POST_HOC_NATIVE_TEXT_PATCH512_DIAGNOSTIC,10,digital3_dev,digital_3,79c5c3154db0c9f2b83f,chinese-113_03,iphone15pro,doe,72,test/attack/digital_3/iphone15pro/chinese-113_03.jpg,train/bonafide/iphone15pro/chinese-113_03.jpg,934,1258,1446,1770,937,1515,1444,1610,0,attack,1,data/processed/text_patch512/digital3_dev/digital_3/attack/79c5c3154db0c9f2b83f.png,0.00034928321838378906
POST_HOC_NATIVE_TEXT_PATCH512_DIAGNOSTIC,10,digital3_dev,digital_3,79c5c3154db0c9f2b83f,chinese-113_03,iphone15pro,doe,72,test/attack/digital_3/iphone15pro/chinese-113_03.jpg,train/bonafide/iphone15pro/chinese-113_03.jpg,934,1258,1446,1770,937,1515,1444,1610,0,bonafide,0,data/processed/text_patch512/digital3_dev/digital_3/bonafide/79c5c3154db0c9f2b83f.png,2.3186206817626953e-05
POST_HOC_NATIVE_TEXT_PATCH512_DIAGNOSTIC,10,digital3_dev,digital_3,ca26a85e761b1021bd6b,chinese-113_03,iphone15pro,name_en,72,test/attack/digital_3/iphone15pro/chinese-113_03.jpg,train/bonafide/iphone15pro/chinese-113_03.jpg,922,474,1434,986,922,682,1282,779,0,attack,1,data/processed/text_patch512/digital3_dev/digital_3/attack/ca26a85e761b1021bd6b.png,0.000354766845703125
POST_HOC_NATIVE_TEXT_PATCH512_DIAGNOSTIC,10,digital3_dev,digital_3,ca26a85e761b1021bd6b,chinese-113_03,iphone15pro,name_en,72,test/attack/digital_3/iphone15pro/chinese-113_03.jpg,train/bonafide/iphone15pro/chinese-113_03.jpg,922,474,1434,986,922,682,1282,779,0,bonafide,0,data/processed/text_patch512/digital3_dev/digital_3/bonafide/ca26a85e761b1021bd6b.png,0.0005130767822265625
POST_HOC_NATIVE_TEXT_PATCH512_DIAGNOSTIC,10,digital3_dev,digital_3,2a4adf8e1cb004f9ad9d,chinese-142_03,iphone15pro,dob,56,test/attack/digital_3/iphone15pro/chinese-142_03.jpg,train/bonafide/iphone15pro/chinese-142_03.jpg,1696,768,2208,1280,1706,975,2199,1072,0,attack,1,data/processed/text_patch512/digital3_dev/digital_3/attack/2a4adf8e1cb004f9ad9d.png,0.000705718994140625
POST_HOC_NATIVE_TEXT_PATCH512_DIAGNOSTIC,10,digital3_dev,digital_3,2a4adf8e1cb004f9ad9d,chinese-142_03,iphone15pro,dob,56,test/attack/digital_3/iphone15pro/chinese-142_03.jpg,train/bonafide/iphone15pro/chinese-142_03.jpg,1696,768,2208,1280,1706,975,2199,1072,0,bonafide,0,data/processed/text_patch512/digital3_dev/digital_3/bonafide/2a4adf8e1cb004f9ad9d.png,0.0006361007690429688
POST_HOC_NATIVE_TEXT_PATCH512_DIAGNOSTIC,10,digital3_dev,digital_3,c79ffe407540a8fe7009,chinese-142_03,iphone15pro,doe,56,test/attack/digital_3/iphone15pro/chinese-142_03.jpg,train/bonafide/iphone15pro/chinese-142_03.jpg,930,1250,1442,1762,937,1511,1435,1608,0,attack,1,data/processed/text_patch512/digital3_dev/digital_3/attack/c79ffe407540a8fe7009.png,0.00013709068298339844
POST_HOC_NATIVE_TEXT_PATCH512_DIAGNOSTIC,10,digital3_dev,digital_3,c79ffe407540a8fe7009,chinese-142_03,iphone15pro,doe,56,test/attack/digital_3/iphone15pro/chinese-142_03.jpg,train/bonafide/iphone15pro/chinese-142_03.jpg,930,1250,1442,1762,937,1511,1435,1608,0,bonafide,0,data/processed/text_patch512/digital3_dev/digital_3/bonafide/c79ffe407540a8fe7009.png,0.00011104345321655273
POST_HOC_NATIVE_TEXT_PATCH512_DIAGNOSTIC,10,digital3_dev,digital_3,0faa73c270d9bc2a4bde,chinese-142_03,iphone15pro,name_en,56,test/attack/digital_3/iphone15pro/chinese-142_03.jpg,train/bonafide/iphone15pro/chinese-142_03.jpg,923,474,1435,986,923,681,1309,778,0,attack,1,data/processed/text_patch512/digital3_dev/digital_3/attack/0faa73c270d9bc2a4bde.png,0.004116058349609375
POST_HOC_NATIVE_TEXT_PATCH512_DIAGNOSTIC,10,digital3_dev,digital_3,0faa73c270d9bc2a4bde,chinese-142_03,iphone15pro,name_en,56,test/attack/digital_3/iphone15pro/chinese-142_03.jpg,train/bonafide/iphone15pro/chinese-142_03.jpg,923,474,1435,986,923,681,1309,778,0,bonafide,0,data/processed/text_patch512/digital3_dev/digital_3/bonafide/0faa73c270d9bc2a4bde.png,0.00201416015625
POST_HOC_NATIVE_TEXT_PATCH512_DIAGNOSTIC,10,digital3_dev,digital_3,29f97fda1cfc00771300,chinese-NF-1050,iphone15pro,dob,72,test/attack/digital_3/iphone15pro/chinese-NF-1050.jpg,train/bonafide/iphone15pro/chinese-NF-1050.jpg,1690,772,2202,1284,1709,981,2182,1075,0,attack,1,data/processed/text_patch512/digital3_dev/digital_3/attack/29f97fda1cfc00771300.png,0.001312255859375
POST_HOC_NATIVE_TEXT_PATCH512_DIAGNOSTIC,10,digital3_dev,digital_3,29f97fda1cfc00771300,chinese-NF-1050,iphone15pro,dob,72,test/attack/digital_3/iphone15pro/chinese-NF-1050.jpg,train/bonafide/iphone15pro/chinese-NF-1050.jpg,1690,772,2202,1284,1709,981,2182,1075,0,bonafide,0,data/processed/text_patch512/digital3_dev/digital_3/bonafide/29f97fda1cfc00771300.png,0.0003981590270996094
POST_HOC_NATIVE_TEXT_PATCH512_DIAGNOSTIC,10,digital3_dev,digital_3,b16eb30dda08c49f1b5a,chinese-NF-1050,iphone15pro,doe,72,test/attack/digital_3/iphone15pro/chinese-NF-1050.jpg,train/bonafide/iphone15pro/chinese-NF-1050.jpg,944,1264,1456,1776,941,1520,1459,1614,0,attack,1,data/processed/text_patch512/digital3_dev/digital_3/attack/b16eb30dda08c49f1b5a.png,0.00026726722717285156
POST_HOC_NATIVE_TEXT_PATCH512_DIAGNOSTIC,10,digital3_dev,digital_3,b16eb30dda08c49f1b5a,chinese-NF-1050,iphone15pro,doe,72,test/attack/digital_3/iphone15pro/chinese-NF-1050.jpg,train/bonafide/iphone15pro/chinese-NF-1050.jpg,944,1264,1456,1776,941,1520,1459,1614,0,bonafide,0,data/processed/text_patch512/digital3_dev/digital_3/bonafide/b16eb30dda08c49f1b5a.png,1.817941665649414e-05
POST_HOC_NATIVE_TEXT_PATCH512_DIAGNOSTIC,10,digital3_dev,digital_3,10ef68c1090cc5ca255a,chinese-NF-1050,iphone15pro,name_en,72,test/attack/digital_3/iphone15pro/chinese-NF-1050.jpg,train/bonafide/iphone15pro/chinese-NF-1050.jpg,924,478,1436,990,924,687,1380,781,0,attack,1,data/processed/text_patch512/digital3_dev/digital_3/attack/10ef68c1090cc5ca255a.png,0.0011034011840820312
POST_HOC_NATIVE_TEXT_PATCH512_DIAGNOSTIC,10,digital3_dev,digital_3,10ef68c1090cc5ca255a,chinese-NF-1050,iphone15pro,name_en,72,test/attack/digital_3/iphone15pro/chinese-NF-1050.jpg,train/bonafide/iphone15pro/chinese-NF-1050.jpg,924,478,1436,990,924,687,1380,781,0,bonafide,0,data/processed/text_patch512/digital3_dev/digital_3/bonafide/10ef68c1090cc5ca255a.png,0.00010192394256591797
POST_HOC_NATIVE_TEXT_PATCH512_DIAGNOSTIC,10,digital3_dev,digital_3,09ddeade6f0222a1b05e,chinese-NF-1085,iphone15pro,dob,58,test/attack/digital_3/iphone15pro/chinese-NF-1085.jpg,train/bonafide/iphone15pro/chinese-NF-1085.jpg,1714,767,2226,1279,1705,976,2236,1070,0,attack,1,data/processed/text_patch512/digital3_dev/digital_3/attack/09ddeade6f0222a1b05e.png,0.0015916824340820312
POST_HOC_NATIVE_TEXT_PATCH512_DIAGNOSTIC,10,digital3_dev,digital_3,09ddeade6f0222a1b05e,chinese-NF-1085,iphone15pro,dob,58,test/attack/digital_3/iphone15pro/chinese-NF-1085.jpg,train/bonafide/iphone15pro/chinese-NF-1085.jpg,1714,767,2226,1279,1705,976,2236,1070,0,bonafide,0,data/processed/text_patch512/digital3_dev/digital_3/bonafide/09ddeade6f0222a1b05e.png,0.0007810592651367188
POST_HOC_NATIVE_TEXT_PATCH512_DIAGNOSTIC,10,digital3_dev,digital_3,297ef19cd897555d05e9,chinese-NF-1085,iphone15pro,doe,58,test/attack/digital_3/iphone15pro/chinese-NF-1085.jpg,train/bonafide/iphone15pro/chinese-NF-1085.jpg,939,1251,1451,1763,938,1513,1452,1607,0,attack,1,data/processed/text_patch512/digital3_dev/digital_3/attack/297ef19cd897555d05e9.png,0.0005726814270019531
POST_HOC_NATIVE_TEXT_PATCH512_DIAGNOSTIC,10,digital3_dev,digital_3,297ef19cd897555d05e9,chinese-NF-1085,iphone15pro,doe,58,test/attack/digital_3/iphone15pro/chinese-NF-1085.jpg,train/bonafide/iphone15pro/chinese-NF-1085.jpg,939,1251,1451,1763,938,1513,1452,1607,0,bonafide,0,data/processed/text_patch512/digital3_dev/digital_3/bonafide/297ef19cd897555d05e9.png,2.5391578674316406e-05
POST_HOC_NATIVE_TEXT_PATCH512_DIAGNOSTIC,10,digital3_dev,digital_3,17e16d8f0a5f697329c2,chinese-NF-1085,iphone15pro,name_en,58,test/attack/digital_3/iphone15pro/chinese-NF-1085.jpg,train/bonafide/iphone15pro/chinese-NF-1085.jpg,921,476,1433,988,921,684,1290,781,0,attack,1,data/processed/text_patch512/digital3_dev/digital_3/attack/17e16d8f0a5f697329c2.png,0.0303802490234375
POST_HOC_NATIVE_TEXT_PATCH512_DIAGNOSTIC,10,digital3_dev,digital_3,17e16d8f0a5f697329c2,chinese-NF-1085,iphone15pro,name_en,58,test/attack/digital_3/iphone15pro/chinese-NF-1085.jpg,train/bonafide/iphone15pro/chinese-NF-1085.jpg,921,476,1433,988,921,684,1290,781,0,bonafide,0,data/processed/text_patch512/digital3_dev/digital_3/bonafide/17e16d8f0a5f697329c2.png,9.101629257202148e-05
POST_HOC_NATIVE_TEXT_PATCH512_DIAGNOSTIC,10,digital3_dev,digital_3,63e58845c8e12d350776,chinese-NM-1092,iphone15pro,dob,64,test/attack/digital_3/iphone15pro/chinese-NM-1092.jpg,train/bonafide/iphone15pro/chinese-NM-1092.jpg,1720,772,2232,1284,1717,980,2234,1075,0,attack,1,data/processed/text_patch512/digital3_dev/digital_3/attack/63e58845c8e12d350776.png,0.003009796142578125
POST_HOC_NATIVE_TEXT_PATCH512_DIAGNOSTIC,10,digital3_dev,digital_3,63e58845c8e12d350776,chinese-NM-1092,iphone15pro,dob,64,test/attack/digital_3/iphone15pro/chinese-NM-1092.jpg,train/bonafide/iphone15pro/chinese-NM-1092.jpg,1720,772,2232,1284,1717,980,2234,1075,0,bonafide,0,data/processed/text_patch512/digital3_dev/digital_3/bonafide/63e58845c8e12d350776.png,0.001079559326171875
POST_HOC_NATIVE_TEXT_PATCH512_DIAGNOSTIC,10,digital3_dev,digital_3,0cd4753ea428a18a2746,chinese-NM-1092,iphone15pro,doe,64,test/attack/digital_3/iphone15pro/chinese-NM-1092.jpg,train/bonafide/iphone15pro/chinese-NM-1092.jpg,948,1260,1460,1772,947,1522,1462,1617,0,attack,1,data/processed/text_patch512/digital3_dev/digital_3/attack/0cd4753ea428a18a2746.png,0.003650665283203125
POST_HOC_NATIVE_TEXT_PATCH512_DIAGNOSTIC,10,digital3_dev,digital_3,0cd4753ea428a18a2746,chinese-NM-1092,iphone15pro,doe,64,test/attack/digital_3/iphone15pro/chinese-NM-1092.jpg,train/bonafide/iphone15pro/chinese-NM-1092.jpg,948,1260,1460,1772,947,1522,1462,1617,0,bonafide,0,data/processed/text_patch512/digital3_dev/digital_3/bonafide/0cd4753ea428a18a2746.png,0.0001329183578491211
POST_HOC_NATIVE_TEXT_PATCH512_DIAGNOSTIC,10,digital3_dev,digital_3,e6aaf8f68fbd8741abbc,chinese-NM-1092,iphone15pro,name_en,64,test/attack/digital_3/iphone15pro/chinese-NM-1092.jpg,train/bonafide/iphone15pro/chinese-NM-1092.jpg,932,478,1444,990,932,685,1289,782,0,attack,1,data/processed/text_patch512/digital3_dev/digital_3/attack/e6aaf8f68fbd8741abbc.png,0.0013971328735351562
POST_HOC_NATIVE_TEXT_PATCH512_DIAGNOSTIC,10,digital3_dev,digital_3,e6aaf8f68fbd8741abbc,chinese-NM-1092,iphone15pro,name_en,64,test/attack/digital_3/iphone15pro/chinese-NM-1092.jpg,train/bonafide/iphone15pro/chinese-NM-1092.jpg,932,478,1444,990,932,685,1289,782,0,bonafide,0,data/processed/text_patch512/digital3_dev/digital_3/bonafide/e6aaf8f68fbd8741abbc.png,0.0004100799560546875
POST_HOC_NATIVE_TEXT_PATCH512_DIAGNOSTIC,10,digital3_dev,digital_3,b8b79f0f9986b0759b47,french-019_03,iphone15pro,dob,50,test/attack/digital_3/iphone15pro/french-019_03.jpg,train/bonafide/iphone15pro/french-019_03.jpg,1918,658,2430,1170,1955,870,2393,959,0,attack,1,data/processed/text_patch512/digital3_dev/digital_3/attack/b8b79f0f9986b0759b47.png,0.004199981689453125
POST_HOC_NATIVE_TEXT_PATCH512_DIAGNOSTIC,10,digital3_dev,digital_3,b8b79f0f9986b0759b47,french-019_03,iphone15pro,dob,50,test/attack/digital_3/iphone15pro/french-019_03.jpg,train/bonafide/iphone15pro/french-019_03.jpg,1918,658,2430,1170,1955,870,2393,959,0,bonafide,0,data/processed/text_patch512/digital3_dev/digital_3/bonafide/b8b79f0f9986b0759b47.png,0.00391387939453125
POST_HOC_NATIVE_TEXT_PATCH512_DIAGNOSTIC,10,digital3_dev,digital_3,f660656d9a060400c434,french-019_03,iphone15pro,doe,50,test/attack/digital_3/iphone15pro/french-019_03.jpg,train/bonafide/iphone15pro/french-019_03.jpg,1927,1202,2439,1714,1965,1413,2401,1502,0,attack,1,data/processed/text_patch512/digital3_dev/digital_3/attack/f660656d9a060400c434.png,0.0009984970092773438
POST_HOC_NATIVE_TEXT_PATCH512_DIAGNOSTIC,10,digital3_dev,digital_3,f660656d9a060400c434,french-019_03,iphone15pro,doe,50,test/attack/digital_3/iphone15pro/french-019_03.jpg,train/bonafide/iphone15pro/french-019_03.jpg,1927,1202,2439,1714,1965,1413,2401,1502,0,bonafide,0,data/processed/text_patch512/digital3_dev/digital_3/bonafide/f660656d9a060400c434.png,0.0011224746704101562
POST_HOC_NATIVE_TEXT_PATCH512_DIAGNOSTIC,10,digital3_dev,digital_3,1ba3e53bfeff92d1d2e2,french-019_03,iphone15pro,name,50,test/attack/digital_3/iphone15pro/french-019_03.jpg,train/bonafide/iphone15pro/french-019_03.jpg,928,444,1440,956,875,655,1493,744,0,attack,1,data/processed/text_patch512/digital3_dev/digital_3/attack/1ba3e53bfeff92d1d2e2.png,0.93359375
POST_HOC_NATIVE_TEXT_PATCH512_DIAGNOSTIC,10,digital3_dev,digital_3,1ba3e53bfeff92d1d2e2,french-019_03,iphone15pro,name,50,test/attack/digital_3/iphone15pro/french-019_03.jpg,train/bonafide/iphone15pro/french-019_03.jpg,928,444,1440,956,875,655,1493,744,0,bonafide,0,data/processed/text_patch512/digital3_dev/digital_3/bonafide/1ba3e53bfeff92d1d2e2.png,0.0132904052734375
POST_HOC_NATIVE_TEXT_PATCH512_DIAGNOSTIC,10,digital3_dev,digital_3,2a02d7c23be1b166ec25,french-114_03,iphone15pro,dob,64,test/attack/digital_3/iphone15pro/french-114_03.jpg,train/bonafide/iphone15pro/french-114_03.jpg,1932,658,2444,1170,1966,869,2410,959,0,attack,1,data/processed/text_patch512/digital3_dev/digital_3/attack/2a02d7c23be1b166ec25.png,0.006290435791015625
POST_HOC_NATIVE_TEXT_PATCH512_DIAGNOSTIC,10,digital3_dev,digital_3,2a02d7c23be1b166ec25,french-114_03,iphone15pro,dob,64,test/attack/digital_3/iphone15pro/french-114_03.jpg,train/bonafide/iphone15pro/french-114_03.jpg,1932,658,2444,1170,1966,869,2410,959,0,bonafide,0,data/processed/text_patch512/digital3_dev/digital_3/bonafide/2a02d7c23be1b166ec25.png,0.0008845329284667969
POST_HOC_NATIVE_TEXT_PATCH512_DIAGNOSTIC,10,digital3_dev,digital_3,00847488672d1056b3da,french-114_03,iphone15pro,doe,64,test/attack/digital_3/iphone15pro/french-114_03.jpg,train/bonafide/iphone15pro/french-114_03.jpg,1942,1205,2454,1717,1976,1416,2420,1506,0,attack,1,data/processed/text_patch512/digital3_dev/digital_3/attack/00847488672d1056b3da.png,0.01214599609375
POST_HOC_NATIVE_TEXT_PATCH512_DIAGNOSTIC,10,digital3_dev,digital_3,00847488672d1056b3da,french-114_03,iphone15pro,doe,64,test/attack/digital_3/iphone15pro/french-114_03.jpg,train/bonafide/iphone15pro/french-114_03.jpg,1942,1205,2454,1717,1976,1416,2420,1506,0,bonafide,0,data/processed/text_patch512/digital3_dev/digital_3/bonafide/00847488672d1056b3da.png,0.0009832382202148438
POST_HOC_NATIVE_TEXT_PATCH512_DIAGNOSTIC,10,digital3_dev,digital_3,a2ab5706d53a88ecaf37,french-114_03,iphone15pro,alternative,64,test/attack/digital_3/iphone15pro/french-114_03.jpg,train/bonafide/iphone15pro/french-114_03.jpg,929,1024,1441,1536,889,1235,1441,1325,0,attack,1,data/processed/text_patch512/digital3_dev/digital_3/attack/a2ab5706d53a88ecaf37.png,0.005435943603515625
POST_HOC_NATIVE_TEXT_PATCH512_DIAGNOSTIC,10,digital3_dev,digital_3,a2ab5706d53a88ecaf37,french-114_03,iphone15pro,alternative,64,test/attack/digital_3/iphone15pro/french-114_03.jpg,train/bonafide/iphone15pro/french-114_03.jpg,929,1024,1441,1536,889,1235,1441,1325,0,bonafide,0,data/processed/text_patch512/digital3_dev/digital_3/bonafide/a2ab5706d53a88ecaf37.png,0.0008606910705566406
POST_HOC_NATIVE_TEXT_PATCH512_DIAGNOSTIC,10,digital3_dev,digital_3,7300625f8511a33a82be,french-124_03,iphone15pro,dob,76,test/attack/digital_3/iphone15pro/french-124_03.jpg,train/bonafide/iphone15pro/french-124_03.jpg,1930,658,2442,1170,1966,869,2405,958,0,attack,1,data/processed/text_patch512/digital3_dev/digital_3/attack/7300625f8511a33a82be.png,0.0016193389892578125
POST_HOC_NATIVE_TEXT_PATCH512_DIAGNOSTIC,10,digital3_dev,digital_3,7300625f8511a33a82be,french-124_03,iphone15pro,dob,76,test/attack/digital_3/iphone15pro/french-124_03.jpg,train/bonafide/iphone15pro/french-124_03.jpg,1930,658,2442,1170,1966,869,2405,958,0,bonafide,0,data/processed/text_patch512/digital3_dev/digital_3/bonafide/7300625f8511a33a82be.png,0.0007658004760742188
POST_HOC_NATIVE_TEXT_PATCH512_DIAGNOSTIC,10,digital3_dev,digital_3,0847fb9e85bf67a5a05f,french-124_03,iphone15pro,doe,76,test/attack/digital_3/iphone15pro/french-124_03.jpg,train/bonafide/iphone15pro/french-124_03.jpg,1936,1202,2448,1714,1974,1414,2411,1503,0,attack,1,data/processed/text_patch512/digital3_dev/digital_3/attack/0847fb9e85bf67a5a05f.png,0.0028285980224609375
POST_HOC_NATIVE_TEXT_PATCH512_DIAGNOSTIC,10,digital3_dev,digital_3,0847fb9e85bf67a5a05f,french-124_03,iphone15pro,doe,76,test/attack/digital_3/iphone15pro/french-124_03.jpg,train/bonafide/iphone15pro/french-124_03.jpg,1936,1202,2448,1714,1974,1414,2411,1503,0,bonafide,0,data/processed/text_patch512/digital3_dev/digital_3/bonafide/0847fb9e85bf67a5a05f.png,0.00199127197265625
POST_HOC_NATIVE_TEXT_PATCH512_DIAGNOSTIC,10,digital3_dev,digital_3,da3b843543f1d1917257,french-124_03,iphone15pro,alternative,76,test/attack/digital_3/iphone15pro/french-124_03.jpg,train/bonafide/iphone15pro/french-124_03.jpg,1000,1025,1512,1537,894,1239,1618,1323,0,attack,1,data/processed/text_patch512/digital3_dev/digital_3/attack/da3b843543f1d1917257.png,1.0
POST_HOC_NATIVE_TEXT_PATCH512_DIAGNOSTIC,10,digital3_dev,digital_3,da3b843543f1d1917257,french-124_03,iphone15pro,alternative,76,test/attack/digital_3/iphone15pro/french-124_03.jpg,train/bonafide/iphone15pro/french-124_03.jpg,1000,1025,1512,1537,894,1239,1618,1323,0,bonafide,0,data/processed/text_patch512/digital3_dev/digital_3/bonafide/da3b843543f1d1917257.png,0.0133514404296875
POST_HOC_NATIVE_TEXT_PATCH512_DIAGNOSTIC,10,digital3_dev,digital_3,3889dfef8be74d646917,french-128_03,iphone15pro,dob,68,test/attack/digital_3/iphone15pro/french-128_03.jpg,train/bonafide/iphone15pro/french-128_03.jpg,1940,665,2452,1177,1977,876,2416,966,0,attack,1,data/processed/text_patch512/digital3_dev/digital_3/attack/3889dfef8be74d646917.png,0.0017547607421875
POST_HOC_NATIVE_TEXT_PATCH512_DIAGNOSTIC,10,digital3_dev,digital_3,3889dfef8be74d646917,french-128_03,iphone15pro,dob,68,test/attack/digital_3/iphone15pro/french-128_03.jpg,train/bonafide/iphone15pro/french-128_03.jpg,1940,665,2452,1177,1977,876,2416,966,0,bonafide,0,data/processed/text_patch512/digital3_dev/digital_3/bonafide/3889dfef8be74d646917.png,0.000385284423828125
POST_HOC_NATIVE_TEXT_PATCH512_DIAGNOSTIC,10,digital3_dev,digital_3,7e5fd706e4eb76dc53ee,french-128_03,iphone15pro,doe,68,test/attack/digital_3/iphone15pro/french-128_03.jpg,train/bonafide/iphone15pro/french-128_03.jpg,1950,1210,2462,1722,1987,1422,2426,1509,0,attack,1,data/processed/text_patch512/digital3_dev/digital_3/attack/7e5fd706e4eb76dc53ee.png,0.0002086162567138672
POST_HOC_NATIVE_TEXT_PATCH512_DIAGNOSTIC,10,digital3_dev,digital_3,7e5fd706e4eb76dc53ee,french-128_03,iphone15pro,doe,68,test/attack/digital_3/iphone15pro/french-128_03.jpg,train/bonafide/iphone15pro/french-128_03.jpg,1950,1210,2462,1722,1987,1422,2426,1509,0,bonafide,0,data/processed/text_patch512/digital3_dev/digital_3/bonafide/7e5fd706e4eb76dc53ee.png,5.608797073364258e-05
POST_HOC_NATIVE_TEXT_PATCH512_DIAGNOSTIC,10,digital3_dev,digital_3,d33ec79b3d4644a3c8ab,french-128_03,iphone15pro,name,68,test/attack/digital_3/iphone15pro/french-128_03.jpg,train/bonafide/iphone15pro/french-128_03.jpg,952,450,1464,962,889,663,1464,750,0,attack,1,data/processed/text_patch512/digital3_dev/digital_3/attack/d33ec79b3d4644a3c8ab.png,0.99951171875
POST_HOC_NATIVE_TEXT_PATCH512_DIAGNOSTIC,10,digital3_dev,digital_3,d33ec79b3d4644a3c8ab,french-128_03,iphone15pro,name,68,test/attack/digital_3/iphone15pro/french-128_03.jpg,train/bonafide/iphone15pro/french-128_03.jpg,952,450,1464,962,889,663,1464,750,0,bonafide,0,data/processed/text_patch512/digital3_dev/digital_3/bonafide/d33ec79b3d4644a3c8ab.png,0.0007319450378417969
POST_HOC_NATIVE_TEXT_PATCH512_DIAGNOSTIC,10,digital3_dev,digital_3,16227a49f08086ea9f04,french-NF-1047,iphone15pro,dob,83,test/attack/digital_3/iphone15pro/french-NF-1047.jpg,train/bonafide/iphone15pro/french-NF-1047.jpg,1934,664,2446,1176,1971,875,2409,965,0,attack,1,data/processed/text_patch512/digital3_dev/digital_3/attack/16227a49f08086ea9f04.png,0.01049041748046875
POST_HOC_NATIVE_TEXT_PATCH512_DIAGNOSTIC,10,digital3_dev,digital_3,16227a49f08086ea9f04,french-NF-1047,iphone15pro,dob,83,test/attack/digital_3/iphone15pro/french-NF-1047.jpg,train/bonafide/iphone15pro/french-NF-1047.jpg,1934,664,2446,1176,1971,875,2409,965,0,bonafide,0,data/processed/text_patch512/digital3_dev/digital_3/bonafide/16227a49f08086ea9f04.png,0.00040531158447265625
POST_HOC_NATIVE_TEXT_PATCH512_DIAGNOSTIC,10,digital3_dev,digital_3,a1998b1030733ec4a6ba,french-NF-1047,iphone15pro,doe,83,test/attack/digital_3/iphone15pro/french-NF-1047.jpg,train/bonafide/iphone15pro/french-NF-1047.jpg,1944,1208,2456,1720,1981,1419,2419,1509,0,attack,1,data/processed/text_patch512/digital3_dev/digital_3/attack/a1998b1030733ec4a6ba.png,0.0011053085327148438
POST_HOC_NATIVE_TEXT_PATCH512_DIAGNOSTIC,10,digital3_dev,digital_3,a1998b1030733ec4a6ba,french-NF-1047,iphone15pro,doe,83,test/attack/digital_3/iphone15pro/french-NF-1047.jpg,train/bonafide/iphone15pro/french-NF-1047.jpg,1944,1208,2456,1720,1981,1419,2419,1509,0,bonafide,0,data/processed/text_patch512/digital3_dev/digital_3/bonafide/a1998b1030733ec4a6ba.png,0.0008606910705566406
POST_HOC_NATIVE_TEXT_PATCH512_DIAGNOSTIC,10,digital3_dev,digital_3,855f880c9431ebc12f92,french-NF-1047,iphone15pro,alternative,83,test/attack/digital_3/iphone15pro/french-NF-1047.jpg,train/bonafide/iphone15pro/french-NF-1047.jpg,938,1028,1450,1540,897,1241,1491,1328,0,attack,1,data/processed/text_patch512/digital3_dev/digital_3/attack/855f880c9431ebc12f92.png,0.98681640625
POST_HOC_NATIVE_TEXT_PATCH512_DIAGNOSTIC,10,digital3_dev,digital_3,855f880c9431ebc12f92,french-NF-1047,iphone15pro,alternative,83,test/attack/digital_3/iphone15pro/french-NF-1047.jpg,train/bonafide/iphone15pro/french-NF-1047.jpg,938,1028,1450,1540,897,1241,1491,1328,0,bonafide,0,data/processed/text_patch512/digital3_dev/digital_3/bonafide/855f880c9431ebc12f92.png,0.0012350082397460938
POST_HOC_NATIVE_TEXT_PATCH512_DIAGNOSTIC,10,digital3_dev,digital_3,e1323e1ac845efeb254e,french-NF-1082,iphone15pro,dob,58,test/attack/digital_3/iphone15pro/french-NF-1082.jpg,train/bonafide/iphone15pro/french-NF-1082.jpg,1938,660,2450,1172,1975,873,2414,960,0,attack,1,data/processed/text_patch512/digital3_dev/digital_3/attack/e1323e1ac845efeb254e.png,0.0018491744995117188
POST_HOC_NATIVE_TEXT_PATCH512_DIAGNOSTIC,10,digital3_dev,digital_3,e1323e1ac845efeb254e,french-NF-1082,iphone15pro,dob,58,test/attack/digital_3/iphone15pro/french-NF-1082.jpg,train/bonafide/iphone15pro/french-NF-1082.jpg,1938,660,2450,1172,1975,873,2414,960,0,bonafide,0,data/processed/text_patch512/digital3_dev/digital_3/bonafide/e1323e1ac845efeb254e.png,0.0011491775512695312
POST_HOC_NATIVE_TEXT_PATCH512_DIAGNOSTIC,10,digital3_dev,digital_3,1c62ab850a089759cc51,french-NF-1082,iphone15pro,doe,58,test/attack/digital_3/iphone15pro/french-NF-1082.jpg,train/bonafide/iphone15pro/french-NF-1082.jpg,1944,1202,2456,1714,1982,1415,2418,1502,0,attack,1,data/processed/text_patch512/digital3_dev/digital_3/attack/1c62ab850a089759cc51.png,0.0009198188781738281
POST_HOC_NATIVE_TEXT_PATCH512_DIAGNOSTIC,10,digital3_dev,digital_3,1c62ab850a089759cc51,french-NF-1082,iphone15pro,doe,58,test/attack/digital_3/iphone15pro/french-NF-1082.jpg,train/bonafide/iphone15pro/french-NF-1082.jpg,1944,1202,2456,1714,1982,1415,2418,1502,0,bonafide,0,data/processed/text_patch512/digital3_dev/digital_3/bonafide/1c62ab850a089759cc51.png,0.004581451416015625
POST_HOC_NATIVE_TEXT_PATCH512_DIAGNOSTIC,10,digital3_dev,digital_3,0930042b0050f53b188f,french-NF-1082,iphone15pro,name,58,test/attack/digital_3/iphone15pro/french-NF-1082.jpg,train/bonafide/iphone15pro/french-NF-1082.jpg,950,450,1462,962,888,662,1397,749,0,attack,1,data/processed/text_patch512/digital3_dev/digital_3/attack/0930042b0050f53b188f.png,0.020294189453125
POST_HOC_NATIVE_TEXT_PATCH512_DIAGNOSTIC,10,digital3_dev,digital_3,0930042b0050f53b188f,french-NF-1082,iphone15pro,name,58,test/attack/digital_3/iphone15pro/french-NF-1082.jpg,train/bonafide/iphone15pro/french-NF-1082.jpg,950,450,1462,962,888,662,1397,749,0,bonafide,0,data/processed/text_patch512/digital3_dev/digital_3/bonafide/0930042b0050f53b188f.png,0.004039764404296875
POST_HOC_NATIVE_TEXT_PATCH512_DIAGNOSTIC,10,digital3_dev,digital_3,707da1fda66fd3777b49,indian-014_03,iphone15pro,dob,53,test/attack/digital_3/iphone15pro/indian-014_03.jpg,train/bonafide/iphone15pro/indian-014_03.jpg,950,884,1462,1396,950,1093,1453,1188,0,attack,1,data/processed/text_patch512/digital3_dev/digital_3/attack/707da1fda66fd3777b49.png,0.0050506591796875
POST_HOC_NATIVE_TEXT_PATCH512_DIAGNOSTIC,10,digital3_dev,digital_3,707da1fda66fd3777b49,indian-014_03,iphone15pro,dob,53,test/attack/digital_3/iphone15pro/indian-014_03.jpg,train/bonafide/iphone15pro/indian-014_03.jpg,950,884,1462,1396,950,1093,1453,1188,0,bonafide,0,data/processed/text_patch512/digital3_dev/digital_3/bonafide/707da1fda66fd3777b49.png,0.00030541419982910156
POST_HOC_NATIVE_TEXT_PATCH512_DIAGNOSTIC,10,digital3_dev,digital_3,f28cd92ede27f698d54c,indian-014_03,iphone15pro,doe,53,test/attack/digital_3/iphone15pro/indian-014_03.jpg,train/bonafide/iphone15pro/indian-014_03.jpg,1960,1266,2472,1778,1965,1496,2468,1591,0,attack,1,data/processed/text_patch512/digital3_dev/digital_3/attack/f28cd92ede27f698d54c.png,0.1536865234375
POST_HOC_NATIVE_TEXT_PATCH512_DIAGNOSTIC,10,digital3_dev,digital_3,f28cd92ede27f698d54c,indian-014_03,iphone15pro,doe,53,test/attack/digital_3/iphone15pro/indian-014_03.jpg,train/bonafide/iphone15pro/indian-014_03.jpg,1960,1266,2472,1778,1965,1496,2468,1591,0,bonafide,0,data/processed/text_patch512/digital3_dev/digital_3/bonafide/f28cd92ede27f698d54c.png,0.01300811767578125
POST_HOC_NATIVE_TEXT_PATCH512_DIAGNOSTIC,10,digital3_dev,digital_3,3d24554e1600274b51f9,indian-014_03,iphone15pro,name,53,test/attack/digital_3/iphone15pro/indian-014_03.jpg,train/bonafide/iphone15pro/indian-014_03.jpg,967,656,1479,1168,945,864,1501,959,0,attack,1,data/processed/text_patch512/digital3_dev/digital_3/attack/3d24554e1600274b51f9.png,0.09857177734375
POST_HOC_NATIVE_TEXT_PATCH512_DIAGNOSTIC,10,digital3_dev,digital_3,3d24554e1600274b51f9,indian-014_03,iphone15pro,name,53,test/attack/digital_3/iphone15pro/indian-014_03.jpg,train/bonafide/iphone15pro/indian-014_03.jpg,967,656,1479,1168,945,864,1501,959,0,bonafide,0,data/processed/text_patch512/digital3_dev/digital_3/bonafide/3d24554e1600274b51f9.png,0.0007195472717285156
POST_HOC_NATIVE_TEXT_PATCH512_DIAGNOSTIC,10,digital3_dev,digital_3,62e166ee0b2a78191623,indian-021_03,iphone15pro,dob,64,test/attack/digital_3/iphone15pro/indian-021_03.jpg,train/bonafide/iphone15pro/indian-021_03.jpg,950,880,1462,1392,950,1088,1451,1183,0,attack,1,data/processed/text_patch512/digital3_dev/digital_3/attack/62e166ee0b2a78191623.png,0.0007948875427246094
POST_HOC_NATIVE_TEXT_PATCH512_DIAGNOSTIC,10,digital3_dev,digital_3,62e166ee0b2a78191623,indian-021_03,iphone15pro,dob,64,test/attack/digital_3/iphone15pro/indian-021_03.jpg,train/bonafide/iphone15pro/indian-021_03.jpg,950,880,1462,1392,950,1088,1451,1183,0,bonafide,0,data/processed/text_patch512/digital3_dev/digital_3/bonafide/62e166ee0b2a78191623.png,0.0007281303405761719
POST_HOC_NATIVE_TEXT_PATCH512_DIAGNOSTIC,10,digital3_dev,digital_3,d598e7da58f562860a22,indian-021_03,iphone15pro,doe,64,test/attack/digital_3/iphone15pro/indian-021_03.jpg,train/bonafide/iphone15pro/indian-021_03.jpg,1958,1263,2470,1775,1963,1494,2466,1591,0,attack,1,data/processed/text_patch512/digital3_dev/digital_3/attack/d598e7da58f562860a22.png,0.0312347412109375
POST_HOC_NATIVE_TEXT_PATCH512_DIAGNOSTIC,10,digital3_dev,digital_3,d598e7da58f562860a22,indian-021_03,iphone15pro,doe,64,test/attack/digital_3/iphone15pro/indian-021_03.jpg,train/bonafide/iphone15pro/indian-021_03.jpg,1958,1263,2470,1775,1963,1494,2466,1591,0,bonafide,0,data/processed/text_patch512/digital3_dev/digital_3/bonafide/d598e7da58f562860a22.png,0.0367431640625
POST_HOC_NATIVE_TEXT_PATCH512_DIAGNOSTIC,10,digital3_dev,digital_3,0b1df0c1de9cdb46d45d,indian-021_03,iphone15pro,name,64,test/attack/digital_3/iphone15pro/indian-021_03.jpg,train/bonafide/iphone15pro/indian-021_03.jpg,954,656,1466,1168,945,864,1476,959,0,attack,1,data/processed/text_patch512/digital3_dev/digital_3/attack/0b1df0c1de9cdb46d45d.png,0.0017614364624023438
POST_HOC_NATIVE_TEXT_PATCH512_DIAGNOSTIC,10,digital3_dev,digital_3,0b1df0c1de9cdb46d45d,indian-021_03,iphone15pro,name,64,test/attack/digital_3/iphone15pro/indian-021_03.jpg,train/bonafide/iphone15pro/indian-021_03.jpg,954,656,1466,1168,945,864,1476,959,0,bonafide,0,data/processed/text_patch512/digital3_dev/digital_3/bonafide/0b1df0c1de9cdb46d45d.png,0.0025768280029296875
POST_HOC_NATIVE_TEXT_PATCH512_DIAGNOSTIC,10,digital3_dev,digital_3,78f77fa8485430e8ac4f,indian-NF-1061,iphone15pro,dob,50,test/attack/digital_3/iphone15pro/indian-NF-1061.jpg,train/bonafide/iphone15pro/indian-NF-1061.jpg,958,889,1470,1401,962,1099,1465,1191,0,attack,1,data/processed/text_patch512/digital3_dev/digital_3/attack/78f77fa8485430e8ac4f.png,0.0021610260009765625
POST_HOC_NATIVE_TEXT_PATCH512_DIAGNOSTIC,10,digital3_dev,digital_3,78f77fa8485430e8ac4f,indian-NF-1061,iphone15pro,dob,50,test/attack/digital_3/iphone15pro/indian-NF-1061.jpg,train/bonafide/iphone15pro/indian-NF-1061.jpg,958,889,1470,1401,962,1099,1465,1191,0,bonafide,0,data/processed/text_patch512/digital3_dev/digital_3/bonafide/78f77fa8485430e8ac4f.png,0.002010345458984375
POST_HOC_NATIVE_TEXT_PATCH512_DIAGNOSTIC,10,digital3_dev,digital_3,b733ae559c209f37ec4c,indian-NF-1061,iphone15pro,doe,50,test/attack/digital_3/iphone15pro/indian-NF-1061.jpg,train/bonafide/iphone15pro/indian-NF-1061.jpg,1972,1273,2484,1785,1979,1498,2477,1590,0,attack,1,data/processed/text_patch512/digital3_dev/digital_3/attack/b733ae559c209f37ec4c.png,0.009613037109375
POST_HOC_NATIVE_TEXT_PATCH512_DIAGNOSTIC,10,digital3_dev,digital_3,b733ae559c209f37ec4c,indian-NF-1061,iphone15pro,doe,50,test/attack/digital_3/iphone15pro/indian-NF-1061.jpg,train/bonafide/iphone15pro/indian-NF-1061.jpg,1972,1273,2484,1785,1979,1498,2477,1590,0,bonafide,0,data/processed/text_patch512/digital3_dev/digital_3/bonafide/b733ae559c209f37ec4c.png,0.004207611083984375
POST_HOC_NATIVE_TEXT_PATCH512_DIAGNOSTIC,10,digital3_dev,digital_3,3cc87be12658cad4d7a6,indian-NF-1061,iphone15pro,name,50,test/attack/digital_3/iphone15pro/indian-NF-1061.jpg,train/bonafide/iphone15pro/indian-NF-1061.jpg,986,661,1498,1173,957,871,1528,963,0,attack,1,data/processed/text_patch512/digital3_dev/digital_3/attack/3cc87be12658cad4d7a6.png,0.0023975372314453125
POST_HOC_NATIVE_TEXT_PATCH512_DIAGNOSTIC,10,digital3_dev,digital_3,3cc87be12658cad4d7a6,indian-NF-1061,iphone15pro,name,50,test/attack/digital_3/iphone15pro/indian-NF-1061.jpg,train/bonafide/iphone15pro/indian-NF-1061.jpg,986,661,1498,1173,957,871,1528,963,0,bonafide,0,data/processed/text_patch512/digital3_dev/digital_3/bonafide/3cc87be12658cad4d7a6.png,0.0015697479248046875
POST_HOC_NATIVE_TEXT_PATCH512_DIAGNOSTIC,10,digital3_dev,digital_3,bd84328757885554171f,persian-144_03,iphone15pro,dob,88,test/attack/digital_3/iphone15pro/persian-144_03.jpg,train/bonafide/iphone15pro/persian-144_03.jpg,919,530,1431,1042,971,733,1379,839,0,attack,1,data/processed/text_patch512/digital3_dev/digital_3/attack/bd84328757885554171f.png,0.020751953125
POST_HOC_NATIVE_TEXT_PATCH512_DIAGNOSTIC,10,digital3_dev,digital_3,bd84328757885554171f,persian-144_03,iphone15pro,dob,88,test/attack/digital_3/iphone15pro/persian-144_03.jpg,train/bonafide/iphone15pro/persian-144_03.jpg,919,530,1431,1042,971,733,1379,839,0,bonafide,0,data/processed/text_patch512/digital3_dev/digital_3/bonafide/bd84328757885554171f.png,0.015655517578125
POST_HOC_NATIVE_TEXT_PATCH512_DIAGNOSTIC,10,digital3_dev,digital_3,edf73d3b0573c0b802c5,persian-144_03,iphone15pro,doe,88,test/attack/digital_3/iphone15pro/persian-144_03.jpg,train/bonafide/iphone15pro/persian-144_03.jpg,1682,965,2194,1477,1733,1167,2143,1275,0,attack,1,data/processed/text_patch512/digital3_dev/digital_3/attack/edf73d3b0573c0b802c5.png,0.00730133056640625
POST_HOC_NATIVE_TEXT_PATCH512_DIAGNOSTIC,10,digital3_dev,digital_3,edf73d3b0573c0b802c5,persian-144_03,iphone15pro,doe,88,test/attack/digital_3/iphone15pro/persian-144_03.jpg,train/bonafide/iphone15pro/persian-144_03.jpg,1682,965,2194,1477,1733,1167,2143,1275,0,bonafide,0,data/processed/text_patch512/digital3_dev/digital_3/bonafide/edf73d3b0573c0b802c5.png,0.0009698867797851562
POST_HOC_NATIVE_TEXT_PATCH512_DIAGNOSTIC,10,digital3_dev,digital_3,edf4bc136ee80da708f6,persian-144_03,iphone15pro,name,88,test/attack/digital_3/iphone15pro/persian-144_03.jpg,train/bonafide/iphone15pro/persian-144_03.jpg,835,128,1347,640,983,334,1199,435,0,attack,1,data/processed/text_patch512/digital3_dev/digital_3/attack/edf4bc136ee80da708f6.png,0.3544921875
POST_HOC_NATIVE_TEXT_PATCH512_DIAGNOSTIC,10,digital3_dev,digital_3,edf4bc136ee80da708f6,persian-144_03,iphone15pro,name,88,test/attack/digital_3/iphone15pro/persian-144_03.jpg,train/bonafide/iphone15pro/persian-144_03.jpg,835,128,1347,640,983,334,1199,435,0,bonafide,0,data/processed/text_patch512/digital3_dev/digital_3/bonafide/edf4bc136ee80da708f6.png,0.0028667449951171875
POST_HOC_NATIVE_TEXT_PATCH512_DIAGNOSTIC,10,digital3_dev,digital_3,d70c7d17f3f6c2c1d5d7,persian-NF-1018,iphone15pro,dob,50,test/attack/digital_3/iphone15pro/persian-NF-1018.jpg,train/bonafide/iphone15pro/persian-NF-1018.jpg,1019,616,1531,1128,1056,822,1494,922,0,attack,1,data/processed/text_patch512/digital3_dev/digital_3/attack/d70c7d17f3f6c2c1d5d7.png,0.0015306472778320312
POST_HOC_NATIVE_TEXT_PATCH512_DIAGNOSTIC,10,digital3_dev,digital_3,d70c7d17f3f6c2c1d5d7,persian-NF-1018,iphone15pro,dob,50,test/attack/digital_3/iphone15pro/persian-NF-1018.jpg,train/bonafide/iphone15pro/persian-NF-1018.jpg,1019,616,1531,1128,1056,822,1494,922,0,bonafide,0,data/processed/text_patch512/digital3_dev/digital_3/bonafide/d70c7d17f3f6c2c1d5d7.png,0.00023090839385986328
POST_HOC_NATIVE_TEXT_PATCH512_DIAGNOSTIC,10,digital3_dev,digital_3,525c4fb56ac3c24c40e9,persian-NF-1018,iphone15pro,doe,50,test/attack/digital_3/iphone15pro/persian-NF-1018.jpg,train/bonafide/iphone15pro/persian-NF-1018.jpg,1848,1070,2360,1582,1885,1274,2323,1377,0,attack,1,data/processed/text_patch512/digital3_dev/digital_3/attack/525c4fb56ac3c24c40e9.png,0.00434112548828125
POST_HOC_NATIVE_TEXT_PATCH512_DIAGNOSTIC,10,digital3_dev,digital_3,525c4fb56ac3c24c40e9,persian-NF-1018,iphone15pro,doe,50,test/attack/digital_3/iphone15pro/persian-NF-1018.jpg,train/bonafide/iphone15pro/persian-NF-1018.jpg,1848,1070,2360,1582,1885,1274,2323,1377,0,bonafide,0,data/processed/text_patch512/digital3_dev/digital_3/bonafide/525c4fb56ac3c24c40e9.png,0.00024390220642089844
POST_HOC_NATIVE_TEXT_PATCH512_DIAGNOSTIC,10,digital3_dev,digital_3,48e1f3bc6484b03f8ce4,persian-NF-1018,iphone15pro,name,50,test/attack/digital_3/iphone15pro/persian-NF-1018.jpg,train/bonafide/iphone15pro/persian-NF-1018.jpg,960,178,1472,690,1048,382,1319,487,0,attack,1,data/processed/text_patch512/digital3_dev/digital_3/attack/48e1f3bc6484b03f8ce4.png,0.007053375244140625
POST_HOC_NATIVE_TEXT_PATCH512_DIAGNOSTIC,10,digital3_dev,digital_3,48e1f3bc6484b03f8ce4,persian-NF-1018,iphone15pro,name,50,test/attack/digital_3/iphone15pro/persian-NF-1018.jpg,train/bonafide/iphone15pro/persian-NF-1018.jpg,960,178,1472,690,1048,382,1319,487,0,bonafide,0,data/processed/text_patch512/digital3_dev/digital_3/bonafide/48e1f3bc6484b03f8ce4.png,0.00482177734375
POST_HOC_NATIVE_TEXT_PATCH512_DIAGNOSTIC,10,digital3_dev,digital_3,173d49948e5037e93491,persian-NF-1097,iphone15pro,dob,88,test/attack/digital_3/iphone15pro/persian-NF-1097.jpg,train/bonafide/iphone15pro/persian-NF-1097.jpg,1002,621,1514,1133,1041,827,1475,927,0,attack,1,data/processed/text_patch512/digital3_dev/digital_3/attack/173d49948e5037e93491.png,0.001438140869140625
POST_HOC_NATIVE_TEXT_PATCH512_DIAGNOSTIC,10,digital3_dev,digital_3,173d49948e5037e93491,persian-NF-1097,iphone15pro,dob,88,test/attack/digital_3/iphone15pro/persian-NF-1097.jpg,train/bonafide/iphone15pro/persian-NF-1097.jpg,1002,621,1514,1133,1041,827,1475,927,0,bonafide,0,data/processed/text_patch512/digital3_dev/digital_3/bonafide/173d49948e5037e93491.png,0.0001043081283569336
POST_HOC_NATIVE_TEXT_PATCH512_DIAGNOSTIC,10,digital3_dev,digital_3,5ea75f593171a6af04ef,persian-NF-1097,iphone15pro,doe,88,test/attack/digital_3/iphone15pro/persian-NF-1097.jpg,train/bonafide/iphone15pro/persian-NF-1097.jpg,1823,1074,2335,1586,1861,1279,2297,1381,0,attack,1,data/processed/text_patch512/digital3_dev/digital_3/attack/5ea75f593171a6af04ef.png,0.0004513263702392578
POST_HOC_NATIVE_TEXT_PATCH512_DIAGNOSTIC,10,digital3_dev,digital_3,5ea75f593171a6af04ef,persian-NF-1097,iphone15pro,doe,88,test/attack/digital_3/iphone15pro/persian-NF-1097.jpg,train/bonafide/iphone15pro/persian-NF-1097.jpg,1823,1074,2335,1586,1861,1279,2297,1381,0,bonafide,0,data/processed/text_patch512/digital3_dev/digital_3/bonafide/5ea75f593171a6af04ef.png,0.0003654956817626953
POST_HOC_NATIVE_TEXT_PATCH512_DIAGNOSTIC,10,digital3_dev,digital_3,a683cf2bf9974055f2f7,persian-NF-1097,iphone15pro,name,88,test/attack/digital_3/iphone15pro/persian-NF-1097.jpg,train/bonafide/iphone15pro/persian-NF-1097.jpg,924,184,1436,696,1036,388,1261,493,0,attack,1,data/processed/text_patch512/digital3_dev/digital_3/attack/a683cf2bf9974055f2f7.png,0.0021572113037109375
POST_HOC_NATIVE_TEXT_PATCH512_DIAGNOSTIC,10,digital3_dev,digital_3,a683cf2bf9974055f2f7,persian-NF-1097,iphone15pro,name,88,test/attack/digital_3/iphone15pro/persian-NF-1097.jpg,train/bonafide/iphone15pro/persian-NF-1097.jpg,924,184,1436,696,1036,388,1261,493,0,bonafide,0,data/processed/text_patch512/digital3_dev/digital_3/bonafide/a683cf2bf9974055f2f7.png,0.0008883476257324219
POST_HOC_NATIVE_TEXT_PATCH512_DIAGNOSTIC,10,digital3_dev,digital_3,a5d726c033341b2018e6,persian-NM-1035,iphone15pro,dob,53,test/attack/digital_3/iphone15pro/persian-NM-1035.jpg,train/bonafide/iphone15pro/persian-NM-1035.jpg,1035,632,1547,1144,1069,838,1513,939,0,attack,1,data/processed/text_patch512/digital3_dev/digital_3/attack/a5d726c033341b2018e6.png,0.003635406494140625
POST_HOC_NATIVE_TEXT_PATCH512_DIAGNOSTIC,10,digital3_dev,digital_3,a5d726c033341b2018e6,persian-NM-1035,iphone15pro,dob,53,test/attack/digital_3/iphone15pro/persian-NM-1035.jpg,train/bonafide/iphone15pro/persian-NM-1035.jpg,1035,632,1547,1144,1069,838,1513,939,0,bonafide,0,data/processed/text_patch512/digital3_dev/digital_3/bonafide/a5d726c033341b2018e6.png,0.0007152557373046875
POST_HOC_NATIVE_TEXT_PATCH512_DIAGNOSTIC,10,digital3_dev,digital_3,6bcb3c49134e99254c14,persian-NM-1035,iphone15pro,doe,53,test/attack/digital_3/iphone15pro/persian-NM-1035.jpg,train/bonafide/iphone15pro/persian-NM-1035.jpg,1876,1088,2388,1600,1910,1294,2354,1395,0,attack,1,data/processed/text_patch512/digital3_dev/digital_3/attack/6bcb3c49134e99254c14.png,0.00646209716796875
POST_HOC_NATIVE_TEXT_PATCH512_DIAGNOSTIC,10,digital3_dev,digital_3,6bcb3c49134e99254c14,persian-NM-1035,iphone15pro,doe,53,test/attack/digital_3/iphone15pro/persian-NM-1035.jpg,train/bonafide/iphone15pro/persian-NM-1035.jpg,1876,1088,2388,1600,1910,1294,2354,1395,0,bonafide,0,data/processed/text_patch512/digital3_dev/digital_3/bonafide/6bcb3c49134e99254c14.png,0.002346038818359375
POST_HOC_NATIVE_TEXT_PATCH512_DIAGNOSTIC,10,digital3_dev,digital_3,fd4bb32f60f67cdaea7a,persian-NM-1035,iphone15pro,name,53,test/attack/digital_3/iphone15pro/persian-NM-1035.jpg,train/bonafide/iphone15pro/persian-NM-1035.jpg,975,189,1487,701,1059,392,1339,498,0,attack,1,data/processed/text_patch512/digital3_dev/digital_3/attack/fd4bb32f60f67cdaea7a.png,0.0008087158203125
POST_HOC_NATIVE_TEXT_PATCH512_DIAGNOSTIC,10,digital3_dev,digital_3,fd4bb32f60f67cdaea7a,persian-NM-1035,iphone15pro,name,53,test/attack/digital_3/iphone15pro/persian-NM-1035.jpg,train/bonafide/iphone15pro/persian-NM-1035.jpg,975,189,1487,701,1059,392,1339,498,0,bonafide,0,data/processed/text_patch512/digital3_dev/digital_3/bonafide/fd4bb32f60f67cdaea7a.png,0.00116729736328125
POST_HOC_NATIVE_TEXT_PATCH512_DIAGNOSTIC,10,digital3_dev,digital_3,483a294a6b2658584152,portugal-013_03,iphone15pro,dob,58,test/attack/digital_3/iphone15pro/portugal-013_03.jpg,train/bonafide/iphone15pro/portugal-013_03.jpg,2129,550,2641,1062,2229,757,2664,856,0,attack,1,data/processed/text_patch512/digital3_dev/digital_3/attack/483a294a6b2658584152.png,0.0110321044921875
POST_HOC_NATIVE_TEXT_PATCH512_DIAGNOSTIC,10,digital3_dev,digital_3,483a294a6b2658584152,portugal-013_03,iphone15pro,dob,58,test/attack/digital_3/iphone15pro/portugal-013_03.jpg,train/bonafide/iphone15pro/portugal-013_03.jpg,2129,550,2641,1062,2229,757,2664,856,0,bonafide,0,data/processed/text_patch512/digital3_dev/digital_3/bonafide/483a294a6b2658584152.png,0.00907135009765625
POST_HOC_NATIVE_TEXT_PATCH512_DIAGNOSTIC,10,digital3_dev,digital_3,f16f8817805297dcd38a,portugal-013_03,iphone15pro,doe,58,test/attack/digital_3/iphone15pro/portugal-013_03.jpg,train/bonafide/iphone15pro/portugal-013_03.jpg,1650,768,2162,1280,1689,974,2122,1073,0,attack,1,data/processed/text_patch512/digital3_dev/digital_3/attack/f16f8817805297dcd38a.png,0.0004229545593261719
POST_HOC_NATIVE_TEXT_PATCH512_DIAGNOSTIC,10,digital3_dev,digital_3,f16f8817805297dcd38a,portugal-013_03,iphone15pro,doe,58,test/attack/digital_3/iphone15pro/portugal-013_03.jpg,train/bonafide/iphone15pro/portugal-013_03.jpg,1650,768,2162,1280,1689,974,2122,1073,0,bonafide,0,data/processed/text_patch512/digital3_dev/digital_3/bonafide/f16f8817805297dcd38a.png,0.012847900390625
POST_HOC_NATIVE_TEXT_PATCH512_DIAGNOSTIC,10,digital3_dev,digital_3,461433beb0f41425381f,portugal-013_03,iphone15pro,name,58,test/attack/digital_3/iphone15pro/portugal-013_03.jpg,train/bonafide/iphone15pro/portugal-013_03.jpg,984,217,1496,729,880,421,1601,525,0,attack,1,data/processed/text_patch512/digital3_dev/digital_3/attack/461433beb0f41425381f.png,0.99462890625
POST_HOC_NATIVE_TEXT_PATCH512_DIAGNOSTIC,10,digital3_dev,digital_3,461433beb0f41425381f,portugal-013_03,iphone15pro,name,58,test/attack/digital_3/iphone15pro/portugal-013_03.jpg,train/bonafide/iphone15pro/portugal-013_03.jpg,984,217,1496,729,880,421,1601,525,0,bonafide,0,data/processed/text_patch512/digital3_dev/digital_3/bonafide/461433beb0f41425381f.png,0.01751708984375
POST_HOC_NATIVE_TEXT_PATCH512_DIAGNOSTIC,10,digital3_dev,digital_3,af6999e44bf37f6eda06,portugal-017_03,iphone15pro,dob,86,test/attack/digital_3/iphone15pro/portugal-017_03.jpg,train/bonafide/iphone15pro/portugal-017_03.jpg,2343,614,2855,1126,2412,823,2877,917,0,attack,1,data/processed/text_patch512/digital3_dev/digital_3/attack/af6999e44bf37f6eda06.png,0.0016450881958007812
POST_HOC_NATIVE_TEXT_PATCH512_DIAGNOSTIC,10,digital3_dev,digital_3,af6999e44bf37f6eda06,portugal-017_03,iphone15pro,dob,86,test/attack/digital_3/iphone15pro/portugal-017_03.jpg,train/bonafide/iphone15pro/portugal-017_03.jpg,2343,614,2855,1126,2412,823,2877,917,0,bonafide,0,data/processed/text_patch512/digital3_dev/digital_3/bonafide/af6999e44bf37f6eda06.png,0.0143890380859375
POST_HOC_NATIVE_TEXT_PATCH512_DIAGNOSTIC,10,digital3_dev,digital_3,6ea9637fab09fbe10c0e,portugal-017_03,iphone15pro,doe,86,test/attack/digital_3/iphone15pro/portugal-017_03.jpg,train/bonafide/iphone15pro/portugal-017_03.jpg,1825,870,2337,1382,1847,1079,2315,1173,0,attack,1,data/processed/text_patch512/digital3_dev/digital_3/attack/6ea9637fab09fbe10c0e.png,0.00022339820861816406
POST_HOC_NATIVE_TEXT_PATCH512_DIAGNOSTIC,10,digital3_dev,digital_3,6ea9637fab09fbe10c0e,portugal-017_03,iphone15pro,doe,86,test/attack/digital_3/iphone15pro/portugal-017_03.jpg,train/bonafide/iphone15pro/portugal-017_03.jpg,1825,870,2337,1382,1847,1079,2315,1173,0,bonafide,0,data/processed/text_patch512/digital3_dev/digital_3/bonafide/6ea9637fab09fbe10c0e.png,0.0012941360473632812
POST_HOC_NATIVE_TEXT_PATCH512_DIAGNOSTIC,10,digital3_dev,digital_3,c83444db64b97ee8ccff,portugal-017_03,iphone15pro,name,86,test/attack/digital_3/iphone15pro/portugal-017_03.jpg,train/bonafide/iphone15pro/portugal-017_03.jpg,1016,282,1528,794,949,491,1596,585,0,attack,1,data/processed/text_patch512/digital3_dev/digital_3/attack/c83444db64b97ee8ccff.png,0.99658203125
POST_HOC_NATIVE_TEXT_PATCH512_DIAGNOSTIC,10,digital3_dev,digital_3,c83444db64b97ee8ccff,portugal-017_03,iphone15pro,name,86,test/attack/digital_3/iphone15pro/portugal-017_03.jpg,train/bonafide/iphone15pro/portugal-017_03.jpg,1016,282,1528,794,949,491,1596,585,0,bonafide,0,data/processed/text_patch512/digital3_dev/digital_3/bonafide/c83444db64b97ee8ccff.png,0.00948333740234375
POST_HOC_NATIVE_TEXT_PATCH512_DIAGNOSTIC,10,digital3_dev,digital_3,aa08c17ccefa2740933a,portugal-029_03,iphone15pro,dob,78,test/attack/digital_3/iphone15pro/portugal-029_03.jpg,train/bonafide/iphone15pro/portugal-029_03.jpg,2323,602,2835,1114,2392,810,2864,906,0,attack,1,data/processed/text_patch512/digital3_dev/digital_3/attack/aa08c17ccefa2740933a.png,0.0033435821533203125
POST_HOC_NATIVE_TEXT_PATCH512_DIAGNOSTIC,10,digital3_dev,digital_3,aa08c17ccefa2740933a,portugal-029_03,iphone15pro,dob,78,test/attack/digital_3/iphone15pro/portugal-029_03.jpg,train/bonafide/iphone15pro/portugal-029_03.jpg,2323,602,2835,1114,2392,810,2864,906,0,bonafide,0,data/processed/text_patch512/digital3_dev/digital_3/bonafide/aa08c17ccefa2740933a.png,0.0019044876098632812
POST_HOC_NATIVE_TEXT_PATCH512_DIAGNOSTIC,10,digital3_dev,digital_3,9cf60266a2b5495c67c2,portugal-029_03,iphone15pro,doe,78,test/attack/digital_3/iphone15pro/portugal-029_03.jpg,train/bonafide/iphone15pro/portugal-029_03.jpg,1801,856,2313,1368,1821,1064,2293,1160,0,attack,1,data/processed/text_patch512/digital3_dev/digital_3/attack/9cf60266a2b5495c67c2.png,0.01806640625
POST_HOC_NATIVE_TEXT_PATCH512_DIAGNOSTIC,10,digital3_dev,digital_3,9cf60266a2b5495c67c2,portugal-029_03,iphone15pro,doe,78,test/attack/digital_3/iphone15pro/portugal-029_03.jpg,train/bonafide/iphone15pro/portugal-029_03.jpg,1801,856,2313,1368,1821,1064,2293,1160,0,bonafide,0,data/processed/text_patch512/digital3_dev/digital_3/bonafide/9cf60266a2b5495c67c2.png,0.00193023681640625
POST_HOC_NATIVE_TEXT_PATCH512_DIAGNOSTIC,10,digital3_dev,digital_3,88dc02261386b4700910,portugal-029_03,iphone15pro,name,78,test/attack/digital_3/iphone15pro/portugal-029_03.jpg,train/bonafide/iphone15pro/portugal-029_03.jpg,1052,266,1564,778,924,477,1693,568,0,attack,1,data/processed/text_patch512/digital3_dev/digital_3/attack/88dc02261386b4700910.png,1.0
POST_HOC_NATIVE_TEXT_PATCH512_DIAGNOSTIC,10,digital3_dev,digital_3,88dc02261386b4700910,portugal-029_03,iphone15pro,name,78,test/attack/digital_3/iphone15pro/portugal-029_03.jpg,train/bonafide/iphone15pro/portugal-029_03.jpg,1052,266,1564,778,924,477,1693,568,0,bonafide,0,data/processed/text_patch512/digital3_dev/digital_3/bonafide/88dc02261386b4700910.png,0.0010776519775390625
POST_HOC_NATIVE_TEXT_PATCH512_DIAGNOSTIC,10,digital3_dev,digital_3,b38dbf6c7613daba954c,portugal-119_03,iphone15pro,dob,81,test/attack/digital_3/iphone15pro/portugal-119_03.jpg,train/bonafide/iphone15pro/portugal-119_03.jpg,2349,603,2861,1115,2404,812,2875,906,0,attack,1,data/processed/text_patch512/digital3_dev/digital_3/attack/b38dbf6c7613daba954c.png,0.0017652511596679688
POST_HOC_NATIVE_TEXT_PATCH512_DIAGNOSTIC,10,digital3_dev,digital_3,b38dbf6c7613daba954c,portugal-119_03,iphone15pro,dob,81,test/attack/digital_3/iphone15pro/portugal-119_03.jpg,train/bonafide/iphone15pro/portugal-119_03.jpg,2349,603,2861,1115,2404,812,2875,906,0,bonafide,0,data/processed/text_patch512/digital3_dev/digital_3/bonafide/b38dbf6c7613daba954c.png,0.00037932395935058594
POST_HOC_NATIVE_TEXT_PATCH512_DIAGNOSTIC,10,digital3_dev,digital_3,6d448b092966f1fc9228,portugal-119_03,iphone15pro,doe,81,test/attack/digital_3/iphone15pro/portugal-119_03.jpg,train/bonafide/iphone15pro/portugal-119_03.jpg,1814,860,2326,1372,1835,1069,2306,1163,0,attack,1,data/processed/text_patch512/digital3_dev/digital_3/attack/6d448b092966f1fc9228.png,0.0016355514526367188
POST_HOC_NATIVE_TEXT_PATCH512_DIAGNOSTIC,10,digital3_dev,digital_3,6d448b092966f1fc9228,portugal-119_03,iphone15pro,doe,81,test/attack/digital_3/iphone15pro/portugal-119_03.jpg,train/bonafide/iphone15pro/portugal-119_03.jpg,1814,860,2326,1372,1835,1069,2306,1163,0,bonafide,0,data/processed/text_patch512/digital3_dev/digital_3/bonafide/6d448b092966f1fc9228.png,0.0002880096435546875
POST_HOC_NATIVE_TEXT_PATCH512_DIAGNOSTIC,10,digital3_dev,digital_3,a25a2d47746f24a19922,portugal-119_03,iphone15pro,name,81,test/attack/digital_3/iphone15pro/portugal-119_03.jpg,train/bonafide/iphone15pro/portugal-119_03.jpg,1058,272,1570,784,938,484,1689,573,0,attack,1,data/processed/text_patch512/digital3_dev/digital_3/attack/a25a2d47746f24a19922.png,0.88427734375
POST_HOC_NATIVE_TEXT_PATCH512_DIAGNOSTIC,10,digital3_dev,digital_3,a25a2d47746f24a19922,portugal-119_03,iphone15pro,name,81,test/attack/digital_3/iphone15pro/portugal-119_03.jpg,train/bonafide/iphone15pro/portugal-119_03.jpg,1058,272,1570,784,938,484,1689,573,0,bonafide,0,data/processed/text_patch512/digital3_dev/digital_3/bonafide/a25a2d47746f24a19922.png,8.153915405273438e-05
POST_HOC_NATIVE_TEXT_PATCH512_DIAGNOSTIC,10,digital3_dev,digital_3,e03bbab7328b756e8e06,portugal-NF-1060,iphone15pro,dob,84,test/attack/digital_3/iphone15pro/portugal-NF-1060.jpg,train/bonafide/iphone15pro/portugal-NF-1060.jpg,2355,606,2867,1118,2414,814,2881,909,0,attack,1,data/processed/text_patch512/digital3_dev/digital_3/attack/e03bbab7328b756e8e06.png,0.004199981689453125
POST_HOC_NATIVE_TEXT_PATCH512_DIAGNOSTIC,10,digital3_dev,digital_3,e03bbab7328b756e8e06,portugal-NF-1060,iphone15pro,dob,84,test/attack/digital_3/iphone15pro/portugal-NF-1060.jpg,train/bonafide/iphone15pro/portugal-NF-1060.jpg,2355,606,2867,1118,2414,814,2881,909,0,bonafide,0,data/processed/text_patch512/digital3_dev/digital_3/bonafide/e03bbab7328b756e8e06.png,0.00042629241943359375
POST_HOC_NATIVE_TEXT_PATCH512_DIAGNOSTIC,10,digital3_dev,digital_3,dae3ad9a321c73f64b1e,portugal-NF-1060,iphone15pro,doe,84,test/attack/digital_3/iphone15pro/portugal-NF-1060.jpg,train/bonafide/iphone15pro/portugal-NF-1060.jpg,1826,862,2338,1374,1847,1071,2317,1166,0,attack,1,data/processed/text_patch512/digital3_dev/digital_3/attack/dae3ad9a321c73f64b1e.png,0.0014162063598632812
POST_HOC_NATIVE_TEXT_PATCH512_DIAGNOSTIC,10,digital3_dev,digital_3,dae3ad9a321c73f64b1e,portugal-NF-1060,iphone15pro,doe,84,test/attack/digital_3/iphone15pro/portugal-NF-1060.jpg,train/bonafide/iphone15pro/portugal-NF-1060.jpg,1826,862,2338,1374,1847,1071,2317,1166,0,bonafide,0,data/processed/text_patch512/digital3_dev/digital_3/bonafide/dae3ad9a321c73f64b1e.png,0.0004906654357910156
POST_HOC_NATIVE_TEXT_PATCH512_DIAGNOSTIC,10,digital3_dev,digital_3,edbd5ede9e58c3edb54c,portugal-NF-1060,iphone15pro,name,84,test/attack/digital_3/iphone15pro/portugal-NF-1060.jpg,train/bonafide/iphone15pro/portugal-NF-1060.jpg,1122,274,1634,786,953,485,1803,574,0,attack,1,data/processed/text_patch512/digital3_dev/digital_3/attack/edbd5ede9e58c3edb54c.png,0.99951171875
POST_HOC_NATIVE_TEXT_PATCH512_DIAGNOSTIC,10,digital3_dev,digital_3,edbd5ede9e58c3edb54c,portugal-NF-1060,iphone15pro,name,84,test/attack/digital_3/iphone15pro/portugal-NF-1060.jpg,train/bonafide/iphone15pro/portugal-NF-1060.jpg,1122,274,1634,786,953,485,1803,574,0,bonafide,0,data/processed/text_patch512/digital3_dev/digital_3/bonafide/edbd5ede9e58c3edb54c.png,5.412101745605469e-05
POST_HOC_NATIVE_TEXT_PATCH512_DIAGNOSTIC,10,digital3_dev,digital_3,2b937664fcb82d8a8eb1,portugal-NF-1066,iphone15pro,dob,90,test/attack/digital_3/iphone15pro/portugal-NF-1066.jpg,train/bonafide/iphone15pro/portugal-NF-1066.jpg,2127,548,2639,1060,2222,754,2654,853,0,attack,1,data/processed/text_patch512/digital3_dev/digital_3/attack/2b937664fcb82d8a8eb1.png,0.0031185150146484375
POST_HOC_NATIVE_TEXT_PATCH512_DIAGNOSTIC,10,digital3_dev,digital_3,2b937664fcb82d8a8eb1,portugal-NF-1066,iphone15pro,dob,90,test/attack/digital_3/iphone15pro/portugal-NF-1066.jpg,train/bonafide/iphone15pro/portugal-NF-1066.jpg,2127,548,2639,1060,2222,754,2654,853,0,bonafide,0,data/processed/text_patch512/digital3_dev/digital_3/bonafide/2b937664fcb82d8a8eb1.png,0.00036978721618652344
POST_HOC_NATIVE_TEXT_PATCH512_DIAGNOSTIC,10,digital3_dev,digital_3,3cc6588aa75e55ba748f,portugal-NF-1066,iphone15pro,doe,90,test/attack/digital_3/iphone15pro/portugal-NF-1066.jpg,train/bonafide/iphone15pro/portugal-NF-1066.jpg,1646,762,2158,1274,1686,969,2118,1068,0,attack,1,data/processed/text_patch512/digital3_dev/digital_3/attack/3cc6588aa75e55ba748f.png,9.5367431640625e-05
POST_HOC_NATIVE_TEXT_PATCH512_DIAGNOSTIC,10,digital3_dev,digital_3,3cc6588aa75e55ba748f,portugal-NF-1066,iphone15pro,doe,90,test/attack/digital_3/iphone15pro/portugal-NF-1066.jpg,train/bonafide/iphone15pro/portugal-NF-1066.jpg,1646,762,2158,1274,1686,969,2118,1068,0,bonafide,0,data/processed/text_patch512/digital3_dev/digital_3/bonafide/3cc6588aa75e55ba748f.png,0.0001666545867919922
POST_HOC_NATIVE_TEXT_PATCH512_DIAGNOSTIC,10,digital3_dev,digital_3,5bd25abf02c000099c3a,portugal-NF-1066,iphone15pro,name,90,test/attack/digital_3/iphone15pro/portugal-NF-1066.jpg,train/bonafide/iphone15pro/portugal-NF-1066.jpg,986,212,1498,724,877,418,1607,519,0,attack,1,data/processed/text_patch512/digital3_dev/digital_3/attack/5bd25abf02c000099c3a.png,0.74267578125
POST_HOC_NATIVE_TEXT_PATCH512_DIAGNOSTIC,10,digital3_dev,digital_3,5bd25abf02c000099c3a,portugal-NF-1066,iphone15pro,name,90,test/attack/digital_3/iphone15pro/portugal-NF-1066.jpg,train/bonafide/iphone15pro/portugal-NF-1066.jpg,986,212,1498,724,877,418,1607,519,0,bonafide,0,data/processed/text_patch512/digital3_dev/digital_3/bonafide/5bd25abf02c000099c3a.png,0.0006437301635742188
POST_HOC_NATIVE_TEXT_PATCH512_DIAGNOSTIC,10,digital3_dev,digital_3,89a30a9b65bf919dc78e,portugal-NF-1109,iphone15pro,dob,56,test/attack/digital_3/iphone15pro/portugal-NF-1109.jpg,train/bonafide/iphone15pro/portugal-NF-1109.jpg,2329,609,2841,1121,2390,817,2860,913,0,attack,1,data/processed/text_patch512/digital3_dev/digital_3/attack/89a30a9b65bf919dc78e.png,0.0012693405151367188
POST_HOC_NATIVE_TEXT_PATCH512_DIAGNOSTIC,10,digital3_dev,digital_3,89a30a9b65bf919dc78e,portugal-NF-1109,iphone15pro,dob,56,test/attack/digital_3/iphone15pro/portugal-NF-1109.jpg,train/bonafide/iphone15pro/portugal-NF-1109.jpg,2329,609,2841,1121,2390,817,2860,913,0,bonafide,0,data/processed/text_patch512/digital3_dev/digital_3/bonafide/89a30a9b65bf919dc78e.png,0.0014781951904296875
POST_HOC_NATIVE_TEXT_PATCH512_DIAGNOSTIC,10,digital3_dev,digital_3,fc41eb14e4ba0cab1d0a,portugal-NF-1109,iphone15pro,doe,56,test/attack/digital_3/iphone15pro/portugal-NF-1109.jpg,train/bonafide/iphone15pro/portugal-NF-1109.jpg,1801,862,2313,1374,1822,1069,2292,1168,0,attack,1,data/processed/text_patch512/digital3_dev/digital_3/attack/fc41eb14e4ba0cab1d0a.png,0.00042629241943359375
POST_HOC_NATIVE_TEXT_PATCH512_DIAGNOSTIC,10,digital3_dev,digital_3,fc41eb14e4ba0cab1d0a,portugal-NF-1109,iphone15pro,doe,56,test/attack/digital_3/iphone15pro/portugal-NF-1109.jpg,train/bonafide/iphone15pro/portugal-NF-1109.jpg,1801,862,2313,1374,1822,1069,2292,1168,0,bonafide,0,data/processed/text_patch512/digital3_dev/digital_3/bonafide/fc41eb14e4ba0cab1d0a.png,0.00010031461715698242
POST_HOC_NATIVE_TEXT_PATCH512_DIAGNOSTIC,10,digital3_dev,digital_3,0a4f581c34a9b57caf89,portugal-NF-1109,iphone15pro,name,56,test/attack/digital_3/iphone15pro/portugal-NF-1109.jpg,train/bonafide/iphone15pro/portugal-NF-1109.jpg,986,273,1498,785,931,481,1552,577,0,attack,1,data/processed/text_patch512/digital3_dev/digital_3/attack/0a4f581c34a9b57caf89.png,0.047119140625
POST_HOC_NATIVE_TEXT_PATCH512_DIAGNOSTIC,10,digital3_dev,digital_3,0a4f581c34a9b57caf89,portugal-NF-1109,iphone15pro,name,56,test/attack/digital_3/iphone15pro/portugal-NF-1109.jpg,train/bonafide/iphone15pro/portugal-NF-1109.jpg,986,273,1498,785,931,481,1552,577,0,bonafide,0,data/processed/text_patch512/digital3_dev/digital_3/bonafide/0a4f581c34a9b57caf89.png,0.0002636909484863281
POST_HOC_NATIVE_TEXT_PATCH512_DIAGNOSTIC,10,digital3_dev,digital_3,b13d636171934733811a,russian-062_03,iphone15pro,dob,62,test/attack/digital_3/iphone15pro/russian-062_03.jpg,train/bonafide/iphone15pro/russian-062_03.jpg,934,754,1446,1266,987,966,1392,1054,0,attack,1,data/processed/text_patch512/digital3_dev/digital_3/attack/b13d636171934733811a.png,0.0008058547973632812
POST_HOC_NATIVE_TEXT_PATCH512_DIAGNOSTIC,10,digital3_dev,digital_3,b13d636171934733811a,russian-062_03,iphone15pro,dob,62,test/attack/digital_3/iphone15pro/russian-062_03.jpg,train/bonafide/iphone15pro/russian-062_03.jpg,934,754,1446,1266,987,966,1392,1054,0,bonafide,0,data/processed/text_patch512/digital3_dev/digital_3/bonafide/b13d636171934733811a.png,0.0001653432846069336
POST_HOC_NATIVE_TEXT_PATCH512_DIAGNOSTIC,10,digital3_dev,digital_3,d43b8d6ae5cbc30b758e,russian-062_03,iphone15pro,doe,62,test/attack/digital_3/iphone15pro/russian-062_03.jpg,train/bonafide/iphone15pro/russian-062_03.jpg,944,1291,1456,1803,997,1627,1402,1715,0,attack,1,data/processed/text_patch512/digital3_dev/digital_3/attack/d43b8d6ae5cbc30b758e.png,0.0006475448608398438
POST_HOC_NATIVE_TEXT_PATCH512_DIAGNOSTIC,10,digital3_dev,digital_3,d43b8d6ae5cbc30b758e,russian-062_03,iphone15pro,doe,62,test/attack/digital_3/iphone15pro/russian-062_03.jpg,train/bonafide/iphone15pro/russian-062_03.jpg,944,1291,1456,1803,997,1627,1402,1715,0,bonafide,0,data/processed/text_patch512/digital3_dev/digital_3/bonafide/d43b8d6ae5cbc30b758e.png,0.0014667510986328125
POST_HOC_NATIVE_TEXT_PATCH512_DIAGNOSTIC,10,digital3_dev,digital_3,cbf20292b54db0908fab,russian-062_03,iphone15pro,name_en,62,test/attack/digital_3/iphone15pro/russian-062_03.jpg,train/bonafide/iphone15pro/russian-062_03.jpg,1015,533,1527,1045,984,746,1558,832,0,attack,1,data/processed/text_patch512/digital3_dev/digital_3/attack/cbf20292b54db0908fab.png,0.00284576416015625
POST_HOC_NATIVE_TEXT_PATCH512_DIAGNOSTIC,10,digital3_dev,digital_3,cbf20292b54db0908fab,russian-062_03,iphone15pro,name_en,62,test/attack/digital_3/iphone15pro/russian-062_03.jpg,train/bonafide/iphone15pro/russian-062_03.jpg,1015,533,1527,1045,984,746,1558,832,0,bonafide,0,data/processed/text_patch512/digital3_dev/digital_3/bonafide/cbf20292b54db0908fab.png,0.0002689361572265625
POST_HOC_NATIVE_TEXT_PATCH512_DIAGNOSTIC,10,digital3_dev,digital_3,14a90983435e5cfd7149,russian-132_03,iphone15pro,dob,85,test/attack/digital_3/iphone15pro/russian-132_03.jpg,train/bonafide/iphone15pro/russian-132_03.jpg,928,747,1440,1259,984,959,1385,1047,0,attack,1,data/processed/text_patch512/digital3_dev/digital_3/attack/14a90983435e5cfd7149.png,6.842613220214844e-05
POST_HOC_NATIVE_TEXT_PATCH512_DIAGNOSTIC,10,digital3_dev,digital_3,14a90983435e5cfd7149,russian-132_03,iphone15pro,dob,85,test/attack/digital_3/iphone15pro/russian-132_03.jpg,train/bonafide/iphone15pro/russian-132_03.jpg,928,747,1440,1259,984,959,1385,1047,0,bonafide,0,data/processed/text_patch512/digital3_dev/digital_3/bonafide/14a90983435e5cfd7149.png,0.00018489360809326172
POST_HOC_NATIVE_TEXT_PATCH512_DIAGNOSTIC,10,digital3_dev,digital_3,d57b1809cb5a1b164045,russian-132_03,iphone15pro,doe,85,test/attack/digital_3/iphone15pro/russian-132_03.jpg,train/bonafide/iphone15pro/russian-132_03.jpg,938,1285,1450,1797,992,1618,1395,1706,0,attack,1,data/processed/text_patch512/digital3_dev/digital_3/attack/d57b1809cb5a1b164045.png,1.0907649993896484e-05
POST_HOC_NATIVE_TEXT_PATCH512_DIAGNOSTIC,10,digital3_dev,digital_3,d57b1809cb5a1b164045,russian-132_03,iphone15pro,doe,85,test/attack/digital_3/iphone15pro/russian-132_03.jpg,train/bonafide/iphone15pro/russian-132_03.jpg,938,1285,1450,1797,992,1618,1395,1706,0,bonafide,0,data/processed/text_patch512/digital3_dev/digital_3/bonafide/d57b1809cb5a1b164045.png,0.0001881122589111328
POST_HOC_NATIVE_TEXT_PATCH512_DIAGNOSTIC,10,digital3_dev,digital_3,871223d357cc00039043,russian-132_03,iphone15pro,name_en,85,test/attack/digital_3/iphone15pro/russian-132_03.jpg,train/bonafide/iphone15pro/russian-132_03.jpg,856,530,1368,1042,981,742,1243,830,0,attack,1,data/processed/text_patch512/digital3_dev/digital_3/attack/871223d357cc00039043.png,0.005706787109375
POST_HOC_NATIVE_TEXT_PATCH512_DIAGNOSTIC,10,digital3_dev,digital_3,871223d357cc00039043,russian-132_03,iphone15pro,name_en,85,test/attack/digital_3/iphone15pro/russian-132_03.jpg,train/bonafide/iphone15pro/russian-132_03.jpg,856,530,1368,1042,981,742,1243,830,0,bonafide,0,data/processed/text_patch512/digital3_dev/digital_3/bonafide/871223d357cc00039043.png,0.0021190643310546875
POST_HOC_NATIVE_TEXT_PATCH512_DIAGNOSTIC,10,digital3_dev,digital_3,80075362fad9e89f0833,russian-NF-1089,iphone15pro,dob,51,test/attack/digital_3/iphone15pro/russian-NF-1089.jpg,train/bonafide/iphone15pro/russian-NF-1089.jpg,942,752,1454,1264,995,965,1400,1051,0,attack,1,data/processed/text_patch512/digital3_dev/digital_3/attack/80075362fad9e89f0833.png,0.0002079010009765625
POST_HOC_NATIVE_TEXT_PATCH512_DIAGNOSTIC,10,digital3_dev,digital_3,80075362fad9e89f0833,russian-NF-1089,iphone15pro,dob,51,test/attack/digital_3/iphone15pro/russian-NF-1089.jpg,train/bonafide/iphone15pro/russian-NF-1089.jpg,942,752,1454,1264,995,965,1400,1051,0,bonafide,0,data/processed/text_patch512/digital3_dev/digital_3/bonafide/80075362fad9e89f0833.png,0.00023317337036132812
POST_HOC_NATIVE_TEXT_PATCH512_DIAGNOSTIC,10,digital3_dev,digital_3,9ca8b59ca1b0774185fc,russian-NF-1089,iphone15pro,doe,51,test/attack/digital_3/iphone15pro/russian-NF-1089.jpg,train/bonafide/iphone15pro/russian-NF-1089.jpg,954,1286,1466,1798,1008,1629,1413,1715,0,attack,1,data/processed/text_patch512/digital3_dev/digital_3/attack/9ca8b59ca1b0774185fc.png,0.0002415180206298828
POST_HOC_NATIVE_TEXT_PATCH512_DIAGNOSTIC,10,digital3_dev,digital_3,9ca8b59ca1b0774185fc,russian-NF-1089,iphone15pro,doe,51,test/attack/digital_3/iphone15pro/russian-NF-1089.jpg,train/bonafide/iphone15pro/russian-NF-1089.jpg,954,1286,1466,1798,1008,1629,1413,1715,0,bonafide,0,data/processed/text_patch512/digital3_dev/digital_3/bonafide/9ca8b59ca1b0774185fc.png,0.000110626220703125
POST_HOC_NATIVE_TEXT_PATCH512_DIAGNOSTIC,10,digital3_dev,digital_3,1aef105242f31501321f,russian-NF-1089,iphone15pro,name_en,51,test/attack/digital_3/iphone15pro/russian-NF-1089.jpg,train/bonafide/iphone15pro/russian-NF-1089.jpg,896,535,1408,1047,993,747,1312,835,0,attack,1,data/processed/text_patch512/digital3_dev/digital_3/attack/1aef105242f31501321f.png,0.0007948875427246094
POST_HOC_NATIVE_TEXT_PATCH512_DIAGNOSTIC,10,digital3_dev,digital_3,1aef105242f31501321f,russian-NF-1089,iphone15pro,name_en,51,test/attack/digital_3/iphone15pro/russian-NF-1089.jpg,train/bonafide/iphone15pro/russian-NF-1089.jpg,896,535,1408,1047,993,747,1312,835,0,bonafide,0,data/processed/text_patch512/digital3_dev/digital_3/bonafide/1aef105242f31501321f.png,0.00397491455078125
POST_HOC_NATIVE_TEXT_PATCH512_DIAGNOSTIC,10,digital3_dev,digital_3,a600d46382abf4143bae,russian-NF-1099,iphone15pro,dob,85,test/attack/digital_3/iphone15pro/russian-NF-1099.jpg,train/bonafide/iphone15pro/russian-NF-1099.jpg,848,650,1360,1162,916,862,1291,949,0,attack,1,data/processed/text_patch512/digital3_dev/digital_3/attack/a600d46382abf4143bae.png,0.39599609375
POST_HOC_NATIVE_TEXT_PATCH512_DIAGNOSTIC,10,digital3_dev,digital_3,a600d46382abf4143bae,russian-NF-1099,iphone15pro,dob,85,test/attack/digital_3/iphone15pro/russian-NF-1099.jpg,train/bonafide/iphone15pro/russian-NF-1099.jpg,848,650,1360,1162,916,862,1291,949,0,bonafide,0,data/processed/text_patch512/digital3_dev/digital_3/bonafide/a600d46382abf4143bae.png,0.0161590576171875
POST_HOC_NATIVE_TEXT_PATCH512_DIAGNOSTIC,10,digital3_dev,digital_3,475a916bc4af485ca950,russian-NF-1099,iphone15pro,doe,85,test/attack/digital_3/iphone15pro/russian-NF-1099.jpg,train/bonafide/iphone15pro/russian-NF-1099.jpg,834,1108,1346,1620,902,1459,1277,1546,0,attack,1,data/processed/text_patch512/digital3_dev/digital_3/attack/475a916bc4af485ca950.png,7.545948028564453e-05
POST_HOC_NATIVE_TEXT_PATCH512_DIAGNOSTIC,10,digital3_dev,digital_3,475a916bc4af485ca950,russian-NF-1099,iphone15pro,doe,85,test/attack/digital_3/iphone15pro/russian-NF-1099.jpg,train/bonafide/iphone15pro/russian-NF-1099.jpg,834,1108,1346,1620,902,1459,1277,1546,0,bonafide,0,data/processed/text_patch512/digital3_dev/digital_3/bonafide/475a916bc4af485ca950.png,0.00368499755859375
POST_HOC_NATIVE_TEXT_PATCH512_DIAGNOSTIC,10,digital3_dev,digital_3,9362ad204398b5d039bb,russian-NF-1099,iphone15pro,name_en,85,test/attack/digital_3/iphone15pro/russian-NF-1099.jpg,train/bonafide/iphone15pro/russian-NF-1099.jpg,974,453,1486,965,921,663,1539,755,0,attack,1,data/processed/text_patch512/digital3_dev/digital_3/attack/9362ad204398b5d039bb.png,0.32861328125
POST_HOC_NATIVE_TEXT_PATCH512_DIAGNOSTIC,10,digital3_dev,digital_3,9362ad204398b5d039bb,russian-NF-1099,iphone15pro,name_en,85,test/attack/digital_3/iphone15pro/russian-NF-1099.jpg,train/bonafide/iphone15pro/russian-NF-1099.jpg,974,453,1486,965,921,663,1539,755,0,bonafide,0,data/processed/text_patch512/digital3_dev/digital_3/bonafide/9362ad204398b5d039bb.png,0.00013816356658935547
POST_HOC_NATIVE_TEXT_PATCH512_DIAGNOSTIC,10,digital3_dev,digital_3,4a6a7eaa9b7d2e650d4b,turkiye-032_03,iphone15pro,dob,55,test/attack/digital_3/iphone15pro/turkiye-032_03.jpg,train/bonafide/iphone15pro/turkiye-032_03.jpg,877,933,1389,1445,898,1141,1368,1237,0,attack,1,data/processed/text_patch512/digital3_dev/digital_3/attack/4a6a7eaa9b7d2e650d4b.png,0.0006880760192871094
POST_HOC_NATIVE_TEXT_PATCH512_DIAGNOSTIC,10,digital3_dev,digital_3,4a6a7eaa9b7d2e650d4b,turkiye-032_03,iphone15pro,dob,55,test/attack/digital_3/iphone15pro/turkiye-032_03.jpg,train/bonafide/iphone15pro/turkiye-032_03.jpg,877,933,1389,1445,898,1141,1368,1237,0,bonafide,0,data/processed/text_patch512/digital3_dev/digital_3/bonafide/4a6a7eaa9b7d2e650d4b.png,0.01554107666015625
POST_HOC_NATIVE_TEXT_PATCH512_DIAGNOSTIC,10,digital3_dev,digital_3,e6ea3642a2de33bf3d84,turkiye-032_03,iphone15pro,doe,55,test/attack/digital_3/iphone15pro/turkiye-032_03.jpg,train/bonafide/iphone15pro/turkiye-032_03.jpg,885,1282,1397,1794,906,1589,1376,1687,0,attack,1,data/processed/text_patch512/digital3_dev/digital_3/attack/e6ea3642a2de33bf3d84.png,0.0036220550537109375
POST_HOC_NATIVE_TEXT_PATCH512_DIAGNOSTIC,10,digital3_dev,digital_3,e6ea3642a2de33bf3d84,turkiye-032_03,iphone15pro,doe,55,test/attack/digital_3/iphone15pro/turkiye-032_03.jpg,train/bonafide/iphone15pro/turkiye-032_03.jpg,885,1282,1397,1794,906,1589,1376,1687,0,bonafide,0,data/processed/text_patch512/digital3_dev/digital_3/bonafide/e6ea3642a2de33bf3d84.png,0.0004992485046386719
POST_HOC_NATIVE_TEXT_PATCH512_DIAGNOSTIC,10,digital3_dev,digital_3,d7ca8d98a66fd28fc24b,turkiye-032_03,iphone15pro,name_other,55,test/attack/digital_3/iphone15pro/turkiye-032_03.jpg,train/bonafide/iphone15pro/turkiye-032_03.jpg,865,714,1377,1226,896,921,1154,1019,0,attack,1,data/processed/text_patch512/digital3_dev/digital_3/attack/d7ca8d98a66fd28fc24b.png,0.0002720355987548828
POST_HOC_NATIVE_TEXT_PATCH512_DIAGNOSTIC,10,digital3_dev,digital_3,d7ca8d98a66fd28fc24b,turkiye-032_03,iphone15pro,name_other,55,test/attack/digital_3/iphone15pro/turkiye-032_03.jpg,train/bonafide/iphone15pro/turkiye-032_03.jpg,865,714,1377,1226,896,921,1154,1019,0,bonafide,0,data/processed/text_patch512/digital3_dev/digital_3/bonafide/d7ca8d98a66fd28fc24b.png,0.00011456012725830078
POST_HOC_NATIVE_TEXT_PATCH512_DIAGNOSTIC,10,digital3_dev,digital_3,dbeaf35bdd0681e79a9d,turkiye-101_03,iphone15pro,dob,52,test/attack/digital_3/iphone15pro/turkiye-101_03.jpg,train/bonafide/iphone15pro/turkiye-101_03.jpg,886,938,1398,1450,906,1146,1378,1241,0,attack,1,data/processed/text_patch512/digital3_dev/digital_3/attack/dbeaf35bdd0681e79a9d.png,0.0074462890625
POST_HOC_NATIVE_TEXT_PATCH512_DIAGNOSTIC,10,digital3_dev,digital_3,dbeaf35bdd0681e79a9d,turkiye-101_03,iphone15pro,dob,52,test/attack/digital_3/iphone15pro/turkiye-101_03.jpg,train/bonafide/iphone15pro/turkiye-101_03.jpg,886,938,1398,1450,906,1146,1378,1241,0,bonafide,0,data/processed/text_patch512/digital3_dev/digital_3/bonafide/dbeaf35bdd0681e79a9d.png,0.0005526542663574219
POST_HOC_NATIVE_TEXT_PATCH512_DIAGNOSTIC,10,digital3_dev,digital_3,38d430ae086d23ef2970,turkiye-101_03,iphone15pro,doe,52,test/attack/digital_3/iphone15pro/turkiye-101_03.jpg,train/bonafide/iphone15pro/turkiye-101_03.jpg,895,1278,1407,1790,914,1598,1388,1693,0,attack,1,data/processed/text_patch512/digital3_dev/digital_3/attack/38d430ae086d23ef2970.png,0.0008897781372070312
POST_HOC_NATIVE_TEXT_PATCH512_DIAGNOSTIC,10,digital3_dev,digital_3,38d430ae086d23ef2970,turkiye-101_03,iphone15pro,doe,52,test/attack/digital_3/iphone15pro/turkiye-101_03.jpg,train/bonafide/iphone15pro/turkiye-101_03.jpg,895,1278,1407,1790,914,1598,1388,1693,0,bonafide,0,data/processed/text_patch512/digital3_dev/digital_3/bonafide/38d430ae086d23ef2970.png,0.0011005401611328125
POST_HOC_NATIVE_TEXT_PATCH512_DIAGNOSTIC,10,digital3_dev,digital_3,945dc9a0d3c05feee4ec,turkiye-101_03,iphone15pro,name,52,test/attack/digital_3/iphone15pro/turkiye-101_03.jpg,train/bonafide/iphone15pro/turkiye-101_03.jpg,860,718,1372,1230,901,924,1138,1025,0,attack,1,data/processed/text_patch512/digital3_dev/digital_3/attack/945dc9a0d3c05feee4ec.png,0.027923583984375
POST_HOC_NATIVE_TEXT_PATCH512_DIAGNOSTIC,10,digital3_dev,digital_3,945dc9a0d3c05feee4ec,turkiye-101_03,iphone15pro,name,52,test/attack/digital_3/iphone15pro/turkiye-101_03.jpg,train/bonafide/iphone15pro/turkiye-101_03.jpg,860,718,1372,1230,901,924,1138,1025,0,bonafide,0,data/processed/text_patch512/digital3_dev/digital_3/bonafide/945dc9a0d3c05feee4ec.png,0.00142669677734375
POST_HOC_NATIVE_TEXT_PATCH512_DIAGNOSTIC,10,digital3_dev,digital_3,a978310d2a803ce0ca17,turkiye-104_03,iphone15pro,dob,66,test/attack/digital_3/iphone15pro/turkiye-104_03.jpg,train/bonafide/iphone15pro/turkiye-104_03.jpg,886,934,1398,1446,906,1141,1379,1239,0,attack,1,data/processed/text_patch512/digital3_dev/digital_3/attack/a978310d2a803ce0ca17.png,0.005062103271484375
POST_HOC_NATIVE_TEXT_PATCH512_DIAGNOSTIC,10,digital3_dev,digital_3,a978310d2a803ce0ca17,turkiye-104_03,iphone15pro,dob,66,test/attack/digital_3/iphone15pro/turkiye-104_03.jpg,train/bonafide/iphone15pro/turkiye-104_03.jpg,886,934,1398,1446,906,1141,1379,1239,0,bonafide,0,data/processed/text_patch512/digital3_dev/digital_3/bonafide/a978310d2a803ce0ca17.png,0.0018529891967773438
POST_HOC_NATIVE_TEXT_PATCH512_DIAGNOSTIC,10,digital3_dev,digital_3,c02d957a99117c2d0da5,turkiye-104_03,iphone15pro,doe,66,test/attack/digital_3/iphone15pro/turkiye-104_03.jpg,train/bonafide/iphone15pro/turkiye-104_03.jpg,894,1275,1406,1787,914,1594,1387,1689,0,attack,1,data/processed/text_patch512/digital3_dev/digital_3/attack/c02d957a99117c2d0da5.png,0.003154754638671875
POST_HOC_NATIVE_TEXT_PATCH512_DIAGNOSTIC,10,digital3_dev,digital_3,c02d957a99117c2d0da5,turkiye-104_03,iphone15pro,doe,66,test/attack/digital_3/iphone15pro/turkiye-104_03.jpg,train/bonafide/iphone15pro/turkiye-104_03.jpg,894,1275,1406,1787,914,1594,1387,1689,0,bonafide,0,data/processed/text_patch512/digital3_dev/digital_3/bonafide/c02d957a99117c2d0da5.png,0.0009145736694335938
POST_HOC_NATIVE_TEXT_PATCH512_DIAGNOSTIC,10,digital3_dev,digital_3,d163a4928fb6d9891c6c,turkiye-104_03,iphone15pro,name,66,test/attack/digital_3/iphone15pro/turkiye-104_03.jpg,train/bonafide/iphone15pro/turkiye-104_03.jpg,873,713,1385,1225,901,919,1165,1019,0,attack,1,data/processed/text_patch512/digital3_dev/digital_3/attack/d163a4928fb6d9891c6c.png,0.0006918907165527344
POST_HOC_NATIVE_TEXT_PATCH512_DIAGNOSTIC,10,digital3_dev,digital_3,d163a4928fb6d9891c6c,turkiye-104_03,iphone15pro,name,66,test/attack/digital_3/iphone15pro/turkiye-104_03.jpg,train/bonafide/iphone15pro/turkiye-104_03.jpg,873,713,1385,1225,901,919,1165,1019,0,bonafide,0,data/processed/text_patch512/digital3_dev/digital_3/bonafide/d163a4928fb6d9891c6c.png,0.004547119140625
POST_HOC_NATIVE_TEXT_PATCH512_DIAGNOSTIC,10,digital3_dev,digital_3,4099d655e68a479c4c7f,turkiye-115_03,iphone15pro,dob,68,test/attack/digital_3/iphone15pro/turkiye-115_03.jpg,train/bonafide/iphone15pro/turkiye-115_03.jpg,879,928,1391,1440,900,1136,1370,1231,0,attack,1,data/processed/text_patch512/digital3_dev/digital_3/attack/4099d655e68a479c4c7f.png,0.0014190673828125
POST_HOC_NATIVE_TEXT_PATCH512_DIAGNOSTIC,10,digital3_dev,digital_3,4099d655e68a479c4c7f,turkiye-115_03,iphone15pro,dob,68,test/attack/digital_3/iphone15pro/turkiye-115_03.jpg,train/bonafide/iphone15pro/turkiye-115_03.jpg,879,928,1391,1440,900,1136,1370,1231,0,bonafide,0,data/processed/text_patch512/digital3_dev/digital_3/bonafide/4099d655e68a479c4c7f.png,0.0007166862487792969
POST_HOC_NATIVE_TEXT_PATCH512_DIAGNOSTIC,10,digital3_dev,digital_3,f35bf4b7ea37422913ae,turkiye-115_03,iphone15pro,doe,68,test/attack/digital_3/iphone15pro/turkiye-115_03.jpg,train/bonafide/iphone15pro/turkiye-115_03.jpg,886,1268,1398,1780,907,1587,1377,1685,0,attack,1,data/processed/text_patch512/digital3_dev/digital_3/attack/f35bf4b7ea37422913ae.png,0.0771484375
POST_HOC_NATIVE_TEXT_PATCH512_DIAGNOSTIC,10,digital3_dev,digital_3,f35bf4b7ea37422913ae,turkiye-115_03,iphone15pro,doe,68,test/attack/digital_3/iphone15pro/turkiye-115_03.jpg,train/bonafide/iphone15pro/turkiye-115_03.jpg,886,1268,1398,1780,907,1587,1377,1685,0,bonafide,0,data/processed/text_patch512/digital3_dev/digital_3/bonafide/f35bf4b7ea37422913ae.png,0.0015010833740234375
POST_HOC_NATIVE_TEXT_PATCH512_DIAGNOSTIC,10,digital3_dev,digital_3,5806ede4112143ccbcf2,turkiye-115_03,iphone15pro,name,68,test/attack/digital_3/iphone15pro/turkiye-115_03.jpg,train/bonafide/iphone15pro/turkiye-115_03.jpg,846,709,1358,1221,895,915,1118,1015,0,attack,1,data/processed/text_patch512/digital3_dev/digital_3/attack/5806ede4112143ccbcf2.png,0.01558685302734375
POST_HOC_NATIVE_TEXT_PATCH512_DIAGNOSTIC,10,digital3_dev,digital_3,5806ede4112143ccbcf2,turkiye-115_03,iphone15pro,name,68,test/attack/digital_3/iphone15pro/turkiye-115_03.jpg,train/bonafide/iphone15pro/turkiye-115_03.jpg,846,709,1358,1221,895,915,1118,1015,0,bonafide,0,data/processed/text_patch512/digital3_dev/digital_3/bonafide/5806ede4112143ccbcf2.png,0.0137939453125
POST_HOC_NATIVE_TEXT_PATCH512_DIAGNOSTIC,10,digital3_dev,digital_3,a9ea11aec05df3671e40,turkiye-NF-1002,iphone15pro,dob,84,test/attack/digital_3/iphone15pro/turkiye-NF-1002.jpg,train/bonafide/iphone15pro/turkiye-NF-1002.jpg,882,932,1394,1444,903,1140,1372,1235,0,attack,1,data/processed/text_patch512/digital3_dev/digital_3/attack/a9ea11aec05df3671e40.png,0.0003974437713623047
POST_HOC_NATIVE_TEXT_PATCH512_DIAGNOSTIC,10,digital3_dev,digital_3,a9ea11aec05df3671e40,turkiye-NF-1002,iphone15pro,dob,84,test/attack/digital_3/iphone15pro/turkiye-NF-1002.jpg,train/bonafide/iphone15pro/turkiye-NF-1002.jpg,882,932,1394,1444,903,1140,1372,1235,0,bonafide,0,data/processed/text_patch512/digital3_dev/digital_3/bonafide/a9ea11aec05df3671e40.png,0.00042057037353515625
POST_HOC_NATIVE_TEXT_PATCH512_DIAGNOSTIC,10,digital3_dev,digital_3,37b546986a75d70c17ed,turkiye-NF-1002,iphone15pro,doe,84,test/attack/digital_3/iphone15pro/turkiye-NF-1002.jpg,train/bonafide/iphone15pro/turkiye-NF-1002.jpg,888,1281,1400,1793,910,1589,1379,1684,0,attack,1,data/processed/text_patch512/digital3_dev/digital_3/attack/37b546986a75d70c17ed.png,0.00027751922607421875
POST_HOC_NATIVE_TEXT_PATCH512_DIAGNOSTIC,10,digital3_dev,digital_3,37b546986a75d70c17ed,turkiye-NF-1002,iphone15pro,doe,84,test/attack/digital_3/iphone15pro/turkiye-NF-1002.jpg,train/bonafide/iphone15pro/turkiye-NF-1002.jpg,888,1281,1400,1793,910,1589,1379,1684,0,bonafide,0,data/processed/text_patch512/digital3_dev/digital_3/bonafide/37b546986a75d70c17ed.png,0.0009164810180664062
POST_HOC_NATIVE_TEXT_PATCH512_DIAGNOSTIC,10,digital3_dev,digital_3,af2a0ad2414e3fc8fbe1,turkiye-NF-1002,iphone15pro,name,84,test/attack/digital_3/iphone15pro/turkiye-NF-1002.jpg,train/bonafide/iphone15pro/turkiye-NF-1002.jpg,872,714,1384,1226,897,920,1103,1020,0,attack,1,data/processed/text_patch512/digital3_dev/digital_3/attack/af2a0ad2414e3fc8fbe1.png,0.0035457611083984375
POST_HOC_NATIVE_TEXT_PATCH512_DIAGNOSTIC,10,digital3_dev,digital_3,af2a0ad2414e3fc8fbe1,turkiye-NF-1002,iphone15pro,name,84,test/attack/digital_3/iphone15pro/turkiye-NF-1002.jpg,train/bonafide/iphone15pro/turkiye-NF-1002.jpg,872,714,1384,1226,897,920,1103,1020,0,bonafide,0,data/processed/text_patch512/digital3_dev/digital_3/bonafide/af2a0ad2414e3fc8fbe1.png,0.005374908447265625
POST_HOC_NATIVE_TEXT_PATCH512_DIAGNOSTIC,10,digital3_dev,digital_3,dca1e7b4f202ade4ad08,turkiye-NM-1055,iphone15pro,dob,62,test/attack/digital_3/iphone15pro/turkiye-NM-1055.jpg,train/bonafide/iphone15pro/turkiye-NM-1055.jpg,882,937,1394,1449,904,1144,1373,1242,0,attack,1,data/processed/text_patch512/digital3_dev/digital_3/attack/dca1e7b4f202ade4ad08.png,0.00040531158447265625
POST_HOC_NATIVE_TEXT_PATCH512_DIAGNOSTIC,10,digital3_dev,digital_3,dca1e7b4f202ade4ad08,turkiye-NM-1055,iphone15pro,dob,62,test/attack/digital_3/iphone15pro/turkiye-NM-1055.jpg,train/bonafide/iphone15pro/turkiye-NM-1055.jpg,882,937,1394,1449,904,1144,1373,1242,0,bonafide,0,data/processed/text_patch512/digital3_dev/digital_3/bonafide/dca1e7b4f202ade4ad08.png,0.0017070770263671875
POST_HOC_NATIVE_TEXT_PATCH512_DIAGNOSTIC,10,digital3_dev,digital_3,8dbd851c0ee5b8f8cf5c,turkiye-NM-1055,iphone15pro,doe,62,test/attack/digital_3/iphone15pro/turkiye-NM-1055.jpg,train/bonafide/iphone15pro/turkiye-NM-1055.jpg,891,1287,1403,1799,911,1593,1383,1691,0,attack,1,data/processed/text_patch512/digital3_dev/digital_3/attack/8dbd851c0ee5b8f8cf5c.png,0.007770538330078125
POST_HOC_NATIVE_TEXT_PATCH512_DIAGNOSTIC,10,digital3_dev,digital_3,8dbd851c0ee5b8f8cf5c,turkiye-NM-1055,iphone15pro,doe,62,test/attack/digital_3/iphone15pro/turkiye-NM-1055.jpg,train/bonafide/iphone15pro/turkiye-NM-1055.jpg,891,1287,1403,1799,911,1593,1383,1691,0,bonafide,0,data/processed/text_patch512/digital3_dev/digital_3/bonafide/8dbd851c0ee5b8f8cf5c.png,0.00054931640625
POST_HOC_NATIVE_TEXT_PATCH512_DIAGNOSTIC,10,digital3_dev,digital_3,1174a5b2d9be8fc6cc9c,turkiye-NM-1055,iphone15pro,name,62,test/attack/digital_3/iphone15pro/turkiye-NM-1055.jpg,train/bonafide/iphone15pro/turkiye-NM-1055.jpg,872,714,1384,1226,899,921,1164,1019,0,attack,1,data/processed/text_patch512/digital3_dev/digital_3/attack/1174a5b2d9be8fc6cc9c.png,0.0012664794921875
POST_HOC_NATIVE_TEXT_PATCH512_DIAGNOSTIC,10,digital3_dev,digital_3,1174a5b2d9be8fc6cc9c,turkiye-NM-1055,iphone15pro,name,62,test/attack/digital_3/iphone15pro/turkiye-NM-1055.jpg,train/bonafide/iphone15pro/turkiye-NM-1055.jpg,872,714,1384,1226,899,921,1164,1019,0,bonafide,0,data/processed/text_patch512/digital3_dev/digital_3/bonafide/1174a5b2d9be8fc6cc9c.png,0.0009436607360839844
POST_HOC_NATIVE_TEXT_PATCH512_DIAGNOSTIC,10,digital3_dev,digital_3,248623566fed9bca63d4,ukraine-025_03,iphone15pro,dob,81,test/attack/digital_3/iphone15pro/ukraine-025_03.jpg,train/bonafide/iphone15pro/ukraine-025_03.jpg,851,746,1363,1258,886,957,1328,1047,0,attack,1,data/processed/text_patch512/digital3_dev/digital_3/attack/248623566fed9bca63d4.png,0.0038547515869140625
POST_HOC_NATIVE_TEXT_PATCH512_DIAGNOSTIC,10,digital3_dev,digital_3,248623566fed9bca63d4,ukraine-025_03,iphone15pro,dob,81,test/attack/digital_3/iphone15pro/ukraine-025_03.jpg,train/bonafide/iphone15pro/ukraine-025_03.jpg,851,746,1363,1258,886,957,1328,1047,0,bonafide,0,data/processed/text_patch512/digital3_dev/digital_3/bonafide/248623566fed9bca63d4.png,0.0002613067626953125
POST_HOC_NATIVE_TEXT_PATCH512_DIAGNOSTIC,10,digital3_dev,digital_3,d4d288a6962869c3e516,ukraine-025_03,iphone15pro,doe,81,test/attack/digital_3/iphone15pro/ukraine-025_03.jpg,train/bonafide/iphone15pro/ukraine-025_03.jpg,863,1279,1375,1791,897,1629,1341,1722,0,attack,1,data/processed/text_patch512/digital3_dev/digital_3/attack/d4d288a6962869c3e516.png,0.0006475448608398438
POST_HOC_NATIVE_TEXT_PATCH512_DIAGNOSTIC,10,digital3_dev,digital_3,d4d288a6962869c3e516,ukraine-025_03,iphone15pro,doe,81,test/attack/digital_3/iphone15pro/ukraine-025_03.jpg,train/bonafide/iphone15pro/ukraine-025_03.jpg,863,1279,1375,1791,897,1629,1341,1722,0,bonafide,0,data/processed/text_patch512/digital3_dev/digital_3/bonafide/d4d288a6962869c3e516.png,0.00012934207916259766
POST_HOC_NATIVE_TEXT_PATCH512_DIAGNOSTIC,10,digital3_dev,digital_3,78f5f5c435616acf3269,ukraine-025_03,iphone15pro,name_en,81,test/attack/digital_3/iphone15pro/ukraine-025_03.jpg,train/bonafide/iphone15pro/ukraine-025_03.jpg,852,538,1364,1050,881,747,1143,840,0,attack,1,data/processed/text_patch512/digital3_dev/digital_3/attack/78f5f5c435616acf3269.png,0.01129150390625
POST_HOC_NATIVE_TEXT_PATCH512_DIAGNOSTIC,10,digital3_dev,digital_3,78f5f5c435616acf3269,ukraine-025_03,iphone15pro,name_en,81,test/attack/digital_3/iphone15pro/ukraine-025_03.jpg,train/bonafide/iphone15pro/ukraine-025_03.jpg,852,538,1364,1050,881,747,1143,840,0,bonafide,0,data/processed/text_patch512/digital3_dev/digital_3/bonafide/78f5f5c435616acf3269.png,0.00045752525329589844
POST_HOC_NATIVE_TEXT_PATCH512_DIAGNOSTIC,10,digital3_dev,digital_3,075bda66ed3fa61f763d,ukraine-NF-1068,iphone15pro,dob,79,test/attack/digital_3/iphone15pro/ukraine-NF-1068.jpg,train/bonafide/iphone15pro/ukraine-NF-1068.jpg,860,758,1372,1270,894,968,1339,1059,0,attack,1,data/processed/text_patch512/digital3_dev/digital_3/attack/075bda66ed3fa61f763d.png,0.0019006729125976562
POST_HOC_NATIVE_TEXT_PATCH512_DIAGNOSTIC,10,digital3_dev,digital_3,075bda66ed3fa61f763d,ukraine-NF-1068,iphone15pro,dob,79,test/attack/digital_3/iphone15pro/ukraine-NF-1068.jpg,train/bonafide/iphone15pro/ukraine-NF-1068.jpg,860,758,1372,1270,894,968,1339,1059,0,bonafide,0,data/processed/text_patch512/digital3_dev/digital_3/bonafide/075bda66ed3fa61f763d.png,0.0014133453369140625
POST_HOC_NATIVE_TEXT_PATCH512_DIAGNOSTIC,10,digital3_dev,digital_3,748cc115025c534cd9a9,ukraine-NF-1068,iphone15pro,doe,79,test/attack/digital_3/iphone15pro/ukraine-NF-1068.jpg,train/bonafide/iphone15pro/ukraine-NF-1068.jpg,870,1287,1382,1799,904,1642,1347,1733,0,attack,1,data/processed/text_patch512/digital3_dev/digital_3/attack/748cc115025c534cd9a9.png,0.00014090538024902344
POST_HOC_NATIVE_TEXT_PATCH512_DIAGNOSTIC,10,digital3_dev,digital_3,748cc115025c534cd9a9,ukraine-NF-1068,iphone15pro,doe,79,test/attack/digital_3/iphone15pro/ukraine-NF-1068.jpg,train/bonafide/iphone15pro/ukraine-NF-1068.jpg,870,1287,1382,1799,904,1642,1347,1733,0,bonafide,0,data/processed/text_patch512/digital3_dev/digital_3/bonafide/748cc115025c534cd9a9.png,0.00018024444580078125
POST_HOC_NATIVE_TEXT_PATCH512_DIAGNOSTIC,10,digital3_dev,digital_3,70c9f5281dfdb277c5a8,ukraine-NF-1068,iphone15pro,name_en,79,test/attack/digital_3/iphone15pro/ukraine-NF-1068.jpg,train/bonafide/iphone15pro/ukraine-NF-1068.jpg,855,548,1367,1060,891,757,1139,850,0,attack,1,data/processed/text_patch512/digital3_dev/digital_3/attack/70c9f5281dfdb277c5a8.png,0.002178192138671875
POST_HOC_NATIVE_TEXT_PATCH512_DIAGNOSTIC,10,digital3_dev,digital_3,70c9f5281dfdb277c5a8,ukraine-NF-1068,iphone15pro,name_en,79,test/attack/digital_3/iphone15pro/ukraine-NF-1068.jpg,train/bonafide/iphone15pro/ukraine-NF-1068.jpg,855,548,1367,1060,891,757,1139,850,0,bonafide,0,data/processed/text_patch512/digital3_dev/digital_3/bonafide/70c9f5281dfdb277c5a8.png,0.001018524169921875
POST_HOC_NATIVE_TEXT_PATCH512_DIAGNOSTIC,10,digital3_dev,digital_3,836592c40ad2d4550540,ukraine-NF-1073,iphone15pro,dob,57,test/attack/digital_3/iphone15pro/ukraine-NF-1073.jpg,train/bonafide/iphone15pro/ukraine-NF-1073.jpg,850,754,1362,1266,884,965,1328,1056,0,attack,1,data/processed/text_patch512/digital3_dev/digital_3/attack/836592c40ad2d4550540.png,0.007549285888671875
POST_HOC_NATIVE_TEXT_PATCH512_DIAGNOSTIC,10,digital3_dev,digital_3,836592c40ad2d4550540,ukraine-NF-1073,iphone15pro,dob,57,test/attack/digital_3/iphone15pro/ukraine-NF-1073.jpg,train/bonafide/iphone15pro/ukraine-NF-1073.jpg,850,754,1362,1266,884,965,1328,1056,0,bonafide,0,data/processed/text_patch512/digital3_dev/digital_3/bonafide/836592c40ad2d4550540.png,0.0001900196075439453
POST_HOC_NATIVE_TEXT_PATCH512_DIAGNOSTIC,10,digital3_dev,digital_3,c702f37c51b4a4d1408a,ukraine-NF-1073,iphone15pro,doe,57,test/attack/digital_3/iphone15pro/ukraine-NF-1073.jpg,train/bonafide/iphone15pro/ukraine-NF-1073.jpg,863,1283,1375,1795,897,1640,1341,1731,0,attack,1,data/processed/text_patch512/digital3_dev/digital_3/attack/c702f37c51b4a4d1408a.png,0.0035858154296875
POST_HOC_NATIVE_TEXT_PATCH512_DIAGNOSTIC,10,digital3_dev,digital_3,c702f37c51b4a4d1408a,ukraine-NF-1073,iphone15pro,doe,57,test/attack/digital_3/iphone15pro/ukraine-NF-1073.jpg,train/bonafide/iphone15pro/ukraine-NF-1073.jpg,863,1283,1375,1795,897,1640,1341,1731,0,bonafide,0,data/processed/text_patch512/digital3_dev/digital_3/bonafide/c702f37c51b4a4d1408a.png,0.0005550384521484375
POST_HOC_NATIVE_TEXT_PATCH512_DIAGNOSTIC,10,digital3_dev,digital_3,9309a443b040228a0483,ukraine-NF-1073,iphone15pro,name_en,57,test/attack/digital_3/iphone15pro/ukraine-NF-1073.jpg,train/bonafide/iphone15pro/ukraine-NF-1073.jpg,869,546,1381,1058,882,755,1112,848,0,attack,1,data/processed/text_patch512/digital3_dev/digital_3/attack/9309a443b040228a0483.png,0.001483917236328125
POST_HOC_NATIVE_TEXT_PATCH512_DIAGNOSTIC,10,digital3_dev,digital_3,9309a443b040228a0483,ukraine-NF-1073,iphone15pro,name_en,57,test/attack/digital_3/iphone15pro/ukraine-NF-1073.jpg,train/bonafide/iphone15pro/ukraine-NF-1073.jpg,869,546,1381,1058,882,755,1112,848,0,bonafide,0,data/processed/text_patch512/digital3_dev/digital_3/bonafide/9309a443b040228a0483.png,0.0003452301025390625
POST_HOC_NATIVE_TEXT_PATCH512_DIAGNOSTIC,10,digital3_dev,digital_3,1b8c366a9a453504f3a1,ukraine-NF-1106,iphone15pro,dob,74,test/attack/digital_3/iphone15pro/ukraine-NF-1106.jpg,train/bonafide/iphone15pro/ukraine-NF-1106.jpg,859,754,1371,1266,893,964,1337,1055,0,attack,1,data/processed/text_patch512/digital3_dev/digital_3/attack/1b8c366a9a453504f3a1.png,0.0004067420959472656
POST_HOC_NATIVE_TEXT_PATCH512_DIAGNOSTIC,10,digital3_dev,digital_3,1b8c366a9a453504f3a1,ukraine-NF-1106,iphone15pro,dob,74,test/attack/digital_3/iphone15pro/ukraine-NF-1106.jpg,train/bonafide/iphone15pro/ukraine-NF-1106.jpg,859,754,1371,1266,893,964,1337,1055,0,bonafide,0,data/processed/text_patch512/digital3_dev/digital_3/bonafide/1b8c366a9a453504f3a1.png,0.00010597705841064453
POST_HOC_NATIVE_TEXT_PATCH512_DIAGNOSTIC,10,digital3_dev,digital_3,6bf44f7c76d865ddfcca,ukraine-NF-1106,iphone15pro,doe,74,test/attack/digital_3/iphone15pro/ukraine-NF-1106.jpg,train/bonafide/iphone15pro/ukraine-NF-1106.jpg,871,1264,1383,1776,905,1634,1349,1722,0,attack,1,data/processed/text_patch512/digital3_dev/digital_3/attack/6bf44f7c76d865ddfcca.png,1.8477439880371094e-05
POST_HOC_NATIVE_TEXT_PATCH512_DIAGNOSTIC,10,digital3_dev,digital_3,6bf44f7c76d865ddfcca,ukraine-NF-1106,iphone15pro,doe,74,test/attack/digital_3/iphone15pro/ukraine-NF-1106.jpg,train/bonafide/iphone15pro/ukraine-NF-1106.jpg,871,1264,1383,1776,905,1634,1349,1722,0,bonafide,0,data/processed/text_patch512/digital3_dev/digital_3/bonafide/6bf44f7c76d865ddfcca.png,1.138448715209961e-05
POST_HOC_NATIVE_TEXT_PATCH512_DIAGNOSTIC,10,digital3_dev,digital_3,4cb33be62a80b9465783,ukraine-NF-1106,iphone15pro,name_en,74,test/attack/digital_3/iphone15pro/ukraine-NF-1106.jpg,train/bonafide/iphone15pro/ukraine-NF-1106.jpg,881,544,1393,1056,890,753,1128,846,0,attack,1,data/processed/text_patch512/digital3_dev/digital_3/attack/4cb33be62a80b9465783.png,0.0002086162567138672
POST_HOC_NATIVE_TEXT_PATCH512_DIAGNOSTIC,10,digital3_dev,digital_3,4cb33be62a80b9465783,ukraine-NF-1106,iphone15pro,name_en,74,test/attack/digital_3/iphone15pro/ukraine-NF-1106.jpg,train/bonafide/iphone15pro/ukraine-NF-1106.jpg,881,544,1393,1056,890,753,1128,846,0,bonafide,0,data/processed/text_patch512/digital3_dev/digital_3/bonafide/4cb33be62a80b9465783.png,0.0001366138458251953
POST_HOC_NATIVE_TEXT_PATCH512_DIAGNOSTIC,10,digital3_dev,digital_3,e54ac7036a2157db3b32,usa-034_03,iphone15pro,dob,77,test/attack/digital_3/iphone15pro/usa-034_03.jpg,train/bonafide/iphone15pro/usa-034_03.jpg,2242,1072,2754,1584,2303,1072,2693,1170,0,attack,1,data/processed/text_patch512/digital3_dev/digital_3/attack/e54ac7036a2157db3b32.png,0.0269622802734375
POST_HOC_NATIVE_TEXT_PATCH512_DIAGNOSTIC,10,digital3_dev,digital_3,e54ac7036a2157db3b32,usa-034_03,iphone15pro,dob,77,test/attack/digital_3/iphone15pro/usa-034_03.jpg,train/bonafide/iphone15pro/usa-034_03.jpg,2242,1072,2754,1584,2303,1072,2693,1170,0,bonafide,0,data/processed/text_patch512/digital3_dev/digital_3/bonafide/e54ac7036a2157db3b32.png,0.0224761962890625
POST_HOC_NATIVE_TEXT_PATCH512_DIAGNOSTIC,10,digital3_dev,digital_3,489669e0c0e253b2e079,usa-034_03,iphone15pro,doe,77,test/attack/digital_3/iphone15pro/usa-034_03.jpg,train/bonafide/iphone15pro/usa-034_03.jpg,345,15,857,527,405,382,797,480,0,attack,1,data/processed/text_patch512/digital3_dev/digital_3/attack/489669e0c0e253b2e079.png,0.00131988525390625
POST_HOC_NATIVE_TEXT_PATCH512_DIAGNOSTIC,10,digital3_dev,digital_3,489669e0c0e253b2e079,usa-034_03,iphone15pro,doe,77,test/attack/digital_3/iphone15pro/usa-034_03.jpg,train/bonafide/iphone15pro/usa-034_03.jpg,345,15,857,527,405,382,797,480,0,bonafide,0,data/processed/text_patch512/digital3_dev/digital_3/bonafide/489669e0c0e253b2e079.png,0.004791259765625
POST_HOC_NATIVE_TEXT_PATCH512_DIAGNOSTIC,10,digital3_dev,digital_3,17e8b006526e0c33f21d,usa-034_03,iphone15pro,name,77,test/attack/digital_3/iphone15pro/usa-034_03.jpg,train/bonafide/iphone15pro/usa-034_03.jpg,944,454,1456,966,886,662,1387,757,0,attack,1,data/processed/text_patch512/digital3_dev/digital_3/attack/17e8b006526e0c33f21d.png,0.01322174072265625
POST_HOC_NATIVE_TEXT_PATCH512_DIAGNOSTIC,10,digital3_dev,digital_3,17e8b006526e0c33f21d,usa-034_03,iphone15pro,name,77,test/attack/digital_3/iphone15pro/usa-034_03.jpg,train/bonafide/iphone15pro/usa-034_03.jpg,944,454,1456,966,886,662,1387,757,0,bonafide,0,data/processed/text_patch512/digital3_dev/digital_3/bonafide/17e8b006526e0c33f21d.png,0.0008344650268554688
POST_HOC_NATIVE_TEXT_PATCH512_DIAGNOSTIC,10,digital3_dev,digital_3,2908af69729fa11d59fe,usa-067_03,iphone15pro,dob,90,test/attack/digital_3/iphone15pro/usa-067_03.jpg,train/bonafide/iphone15pro/usa-067_03.jpg,2072,1004,2584,1516,2146,988,2509,1084,0,attack,1,data/processed/text_patch512/digital3_dev/digital_3/attack/2908af69729fa11d59fe.png,0.038818359375
POST_HOC_NATIVE_TEXT_PATCH512_DIAGNOSTIC,10,digital3_dev,digital_3,2908af69729fa11d59fe,usa-067_03,iphone15pro,dob,90,test/attack/digital_3/iphone15pro/usa-067_03.jpg,train/bonafide/iphone15pro/usa-067_03.jpg,2072,1004,2584,1516,2146,988,2509,1084,0,bonafide,0,data/processed/text_patch512/digital3_dev/digital_3/bonafide/2908af69729fa11d59fe.png,0.0675048828125
POST_HOC_NATIVE_TEXT_PATCH512_DIAGNOSTIC,10,digital3_dev,digital_3,2ebfe527cb4cee57891b,usa-067_03,iphone15pro,name,90,test/attack/digital_3/iphone15pro/usa-067_03.jpg,train/bonafide/iphone15pro/usa-067_03.jpg,830,378,1342,890,832,585,1339,684,0,attack,1,data/processed/text_patch512/digital3_dev/digital_3/attack/2ebfe527cb4cee57891b.png,0.08905029296875
POST_HOC_NATIVE_TEXT_PATCH512_DIAGNOSTIC,10,digital3_dev,digital_3,2ebfe527cb4cee57891b,usa-067_03,iphone15pro,name,90,test/attack/digital_3/iphone15pro/usa-067_03.jpg,train/bonafide/iphone15pro/usa-067_03.jpg,830,378,1342,890,832,585,1339,684,0,bonafide,0,data/processed/text_patch512/digital3_dev/digital_3/bonafide/2ebfe527cb4cee57891b.png,0.00341033935546875
POST_HOC_NATIVE_TEXT_PATCH512_DIAGNOSTIC,10,digital3_dev,digital_3,6a2e961615507bdc6122,usa-NF-1036,iphone15pro,dob,62,test/attack/digital_3/iphone15pro/usa-NF-1036.jpg,train/bonafide/iphone15pro/usa-NF-1036.jpg,2246,1074,2758,1586,2308,1074,2695,1169,0,attack,1,data/processed/text_patch512/digital3_dev/digital_3/attack/6a2e961615507bdc6122.png,0.00946807861328125
POST_HOC_NATIVE_TEXT_PATCH512_DIAGNOSTIC,10,digital3_dev,digital_3,6a2e961615507bdc6122,usa-NF-1036,iphone15pro,dob,62,test/attack/digital_3/iphone15pro/usa-NF-1036.jpg,train/bonafide/iphone15pro/usa-NF-1036.jpg,2246,1074,2758,1586,2308,1074,2695,1169,0,bonafide,0,data/processed/text_patch512/digital3_dev/digital_3/bonafide/6a2e961615507bdc6122.png,0.102294921875
POST_HOC_NATIVE_TEXT_PATCH512_DIAGNOSTIC,10,digital3_dev,digital_3,31d66a09ad774043072a,usa-NF-1036,iphone15pro,doe,62,test/attack/digital_3/iphone15pro/usa-NF-1036.jpg,train/bonafide/iphone15pro/usa-NF-1036.jpg,353,52,865,564,412,387,806,485,0,attack,1,data/processed/text_patch512/digital3_dev/digital_3/attack/31d66a09ad774043072a.png,0.01422882080078125
POST_HOC_NATIVE_TEXT_PATCH512_DIAGNOSTIC,10,digital3_dev,digital_3,31d66a09ad774043072a,usa-NF-1036,iphone15pro,doe,62,test/attack/digital_3/iphone15pro/usa-NF-1036.jpg,train/bonafide/iphone15pro/usa-NF-1036.jpg,353,52,865,564,412,387,806,485,0,bonafide,0,data/processed/text_patch512/digital3_dev/digital_3/bonafide/31d66a09ad774043072a.png,0.00391387939453125
POST_HOC_NATIVE_TEXT_PATCH512_DIAGNOSTIC,10,digital3_dev,digital_3,62a4afeb16d9066ef6fa,usa-NF-1036,iphone15pro,name,62,test/attack/digital_3/iphone15pro/usa-NF-1036.jpg,train/bonafide/iphone15pro/usa-NF-1036.jpg,962,460,1474,972,897,669,1540,762,0,attack,1,data/processed/text_patch512/digital3_dev/digital_3/attack/62a4afeb16d9066ef6fa.png,1.0
POST_HOC_NATIVE_TEXT_PATCH512_DIAGNOSTIC,10,digital3_dev,digital_3,62a4afeb16d9066ef6fa,usa-NF-1036,iphone15pro,name,62,test/attack/digital_3/iphone15pro/usa-NF-1036.jpg,train/bonafide/iphone15pro/usa-NF-1036.jpg,962,460,1474,972,897,669,1540,762,0,bonafide,0,data/processed/text_patch512/digital3_dev/digital_3/bonafide/62a4afeb16d9066ef6fa.png,0.00029468536376953125
POST_HOC_NATIVE_TEXT_PATCH512_DIAGNOSTIC,10,digital3_dev,digital_3,f1bf1b9756d7e7e99973,usa-NF-1065,iphone15pro,dob,56,test/attack/digital_3/iphone15pro/usa-NF-1065.jpg,train/bonafide/iphone15pro/usa-NF-1065.jpg,2099,970,2611,1482,2170,970,2540,1057,0,attack,1,data/processed/text_patch512/digital3_dev/digital_3/attack/f1bf1b9756d7e7e99973.png,0.022247314453125
POST_HOC_NATIVE_TEXT_PATCH512_DIAGNOSTIC,10,digital3_dev,digital_3,f1bf1b9756d7e7e99973,usa-NF-1065,iphone15pro,dob,56,test/attack/digital_3/iphone15pro/usa-NF-1065.jpg,train/bonafide/iphone15pro/usa-NF-1065.jpg,2099,970,2611,1482,2170,970,2540,1057,0,bonafide,0,data/processed/text_patch512/digital3_dev/digital_3/bonafide/f1bf1b9756d7e7e99973.png,0.0204925537109375
POST_HOC_NATIVE_TEXT_PATCH512_DIAGNOSTIC,10,digital3_dev,digital_3,4d98b7e457b2e2908b1a,usa-NF-1065,iphone15pro,name,56,test/attack/digital_3/iphone15pro/usa-NF-1065.jpg,train/bonafide/iphone15pro/usa-NF-1065.jpg,902,384,1414,896,830,597,1294,684,0,attack,1,data/processed/text_patch512/digital3_dev/digital_3/attack/4d98b7e457b2e2908b1a.png,0.5703125
POST_HOC_NATIVE_TEXT_PATCH512_DIAGNOSTIC,10,digital3_dev,digital_3,4d98b7e457b2e2908b1a,usa-NF-1065,iphone15pro,name,56,test/attack/digital_3/iphone15pro/usa-NF-1065.jpg,train/bonafide/iphone15pro/usa-NF-1065.jpg,902,384,1414,896,830,597,1294,684,0,bonafide,0,data/processed/text_patch512/digital3_dev/digital_3/bonafide/4d98b7e457b2e2908b1a.png,0.0196685791015625
POST_HOC_NATIVE_TEXT_PATCH512_DIAGNOSTIC,10,digital3_dev,digital_3,bfc563729e1ecc9a4c78,usa-NF-1076,iphone15pro,dob,83,test/attack/digital_3/iphone15pro/usa-NF-1076.jpg,train/bonafide/iphone15pro/usa-NF-1076.jpg,2256,1080,2768,1592,2315,1080,2709,1178,0,attack,1,data/processed/text_patch512/digital3_dev/digital_3/attack/bfc563729e1ecc9a4c78.png,0.66650390625
POST_HOC_NATIVE_TEXT_PATCH512_DIAGNOSTIC,10,digital3_dev,digital_3,bfc563729e1ecc9a4c78,usa-NF-1076,iphone15pro,dob,83,test/attack/digital_3/iphone15pro/usa-NF-1076.jpg,train/bonafide/iphone15pro/usa-NF-1076.jpg,2256,1080,2768,1592,2315,1080,2709,1178,0,bonafide,0,data/processed/text_patch512/digital3_dev/digital_3/bonafide/bfc563729e1ecc9a4c78.png,0.01751708984375
POST_HOC_NATIVE_TEXT_PATCH512_DIAGNOSTIC,10,digital3_dev,digital_3,4f364c125abfb32b8f70,usa-NF-1076,iphone15pro,doe,83,test/attack/digital_3/iphone15pro/usa-NF-1076.jpg,train/bonafide/iphone15pro/usa-NF-1076.jpg,348,20,860,532,407,387,801,485,0,attack,1,data/processed/text_patch512/digital3_dev/digital_3/attack/4f364c125abfb32b8f70.png,0.00600433349609375
POST_HOC_NATIVE_TEXT_PATCH512_DIAGNOSTIC,10,digital3_dev,digital_3,4f364c125abfb32b8f70,usa-NF-1076,iphone15pro,doe,83,test/attack/digital_3/iphone15pro/usa-NF-1076.jpg,train/bonafide/iphone15pro/usa-NF-1076.jpg,348,20,860,532,407,387,801,485,0,bonafide,0,data/processed/text_patch512/digital3_dev/digital_3/bonafide/4f364c125abfb32b8f70.png,0.0012769699096679688
POST_HOC_NATIVE_TEXT_PATCH512_DIAGNOSTIC,10,digital3_dev,digital_3,2635d6af710e7b3cd035,usa-NF-1076,iphone15pro,name,83,test/attack/digital_3/iphone15pro/usa-NF-1076.jpg,train/bonafide/iphone15pro/usa-NF-1076.jpg,980,458,1492,970,890,668,1583,761,0,attack,1,data/processed/text_patch512/digital3_dev/digital_3/attack/2635d6af710e7b3cd035.png,0.9482421875
POST_HOC_NATIVE_TEXT_PATCH512_DIAGNOSTIC,10,digital3_dev,digital_3,2635d6af710e7b3cd035,usa-NF-1076,iphone15pro,name,83,test/attack/digital_3/iphone15pro/usa-NF-1076.jpg,train/bonafide/iphone15pro/usa-NF-1076.jpg,980,458,1492,970,890,668,1583,761,0,bonafide,0,data/processed/text_patch512/digital3_dev/digital_3/bonafide/2635d6af710e7b3cd035.png,0.0003256797790527344
POST_HOC_NATIVE_TEXT_PATCH512_DIAGNOSTIC,10,digital3_dev,digital_3,c9418cbe2f595056a56b,usa-NM-1038,iphone15pro,dob,78,test/attack/digital_3/iphone15pro/usa-NM-1038.jpg,train/bonafide/iphone15pro/usa-NM-1038.jpg,2090,1008,2602,1520,2163,992,2528,1089,0,attack,1,data/processed/text_patch512/digital3_dev/digital_3/attack/c9418cbe2f595056a56b.png,0.00800323486328125
POST_HOC_NATIVE_TEXT_PATCH512_DIAGNOSTIC,10,digital3_dev,digital_3,c9418cbe2f595056a56b,usa-NM-1038,iphone15pro,dob,78,test/attack/digital_3/iphone15pro/usa-NM-1038.jpg,train/bonafide/iphone15pro/usa-NM-1038.jpg,2090,1008,2602,1520,2163,992,2528,1089,0,bonafide,0,data/processed/text_patch512/digital3_dev/digital_3/bonafide/c9418cbe2f595056a56b.png,0.01468658447265625
POST_HOC_NATIVE_TEXT_PATCH512_DIAGNOSTIC,10,digital3_dev,digital_3,e04db6027255e7d17c63,usa-NM-1038,iphone15pro,name,78,test/attack/digital_3/iphone15pro/usa-NM-1038.jpg,train/bonafide/iphone15pro/usa-NM-1038.jpg,842,382,1354,894,840,588,1357,687,0,attack,1,data/processed/text_patch512/digital3_dev/digital_3/attack/e04db6027255e7d17c63.png,0.99267578125
POST_HOC_NATIVE_TEXT_PATCH512_DIAGNOSTIC,10,digital3_dev,digital_3,e04db6027255e7d17c63,usa-NM-1038,iphone15pro,name,78,test/attack/digital_3/iphone15pro/usa-NM-1038.jpg,train/bonafide/iphone15pro/usa-NM-1038.jpg,842,382,1354,894,840,588,1357,687,0,bonafide,0,data/processed/text_patch512/digital3_dev/digital_3/bonafide/e04db6027255e7d17c63.png,0.004913330078125
POST_HOC_NATIVE_TEXT_PATCH512_DIAGNOSTIC,10,digital3_dev,digital_3,274119693dc40aa0e82a,arabic-024_03,scan,dob,74,test/attack/digital_3/scan/arabic-024_03.jpg,train/bonafide/scan/arabic-024_03.jpg,709,557,1221,1069,735,773,1131,853,0,attack,1,data/processed/text_patch512/digital3_dev/digital_3/attack/274119693dc40aa0e82a.png,0.0002658367156982422
POST_HOC_NATIVE_TEXT_PATCH512_DIAGNOSTIC,10,digital3_dev,digital_3,274119693dc40aa0e82a,arabic-024_03,scan,dob,74,test/attack/digital_3/scan/arabic-024_03.jpg,train/bonafide/scan/arabic-024_03.jpg,709,557,1221,1069,735,773,1131,853,0,bonafide,0,data/processed/text_patch512/digital3_dev/digital_3/bonafide/274119693dc40aa0e82a.png,0.0006551742553710938
POST_HOC_NATIVE_TEXT_PATCH512_DIAGNOSTIC,10,digital3_dev,digital_3,c7b3fa7ab62bd8a23454,arabic-024_03,scan,doe,74,test/attack/digital_3/scan/arabic-024_03.jpg,train/bonafide/scan/arabic-024_03.jpg,722,732,1234,1244,744,1116,1149,1203,0,attack,1,data/processed/text_patch512/digital3_dev/digital_3/attack/c7b3fa7ab62bd8a23454.png,0.00577545166015625
POST_HOC_NATIVE_TEXT_PATCH512_DIAGNOSTIC,10,digital3_dev,digital_3,c7b3fa7ab62bd8a23454,arabic-024_03,scan,doe,74,test/attack/digital_3/scan/arabic-024_03.jpg,train/bonafide/scan/arabic-024_03.jpg,722,732,1234,1244,744,1116,1149,1203,0,bonafide,0,data/processed/text_patch512/digital3_dev/digital_3/bonafide/c7b3fa7ab62bd8a23454.png,0.0004355907440185547
POST_HOC_NATIVE_TEXT_PATCH512_DIAGNOSTIC,10,digital3_dev,digital_3,887c0399dc1a2a99e922,arabic-024_03,scan,name,74,test/attack/digital_3/scan/arabic-024_03.jpg,train/bonafide/scan/arabic-024_03.jpg,714,240,1226,752,726,459,1215,532,0,attack,1,data/processed/text_patch512/digital3_dev/digital_3/attack/887c0399dc1a2a99e922.png,0.0177459716796875
POST_HOC_NATIVE_TEXT_PATCH512_DIAGNOSTIC,10,digital3_dev,digital_3,887c0399dc1a2a99e922,arabic-024_03,scan,name,74,test/attack/digital_3/scan/arabic-024_03.jpg,train/bonafide/scan/arabic-024_03.jpg,714,240,1226,752,726,459,1215,532,0,bonafide,0,data/processed/text_patch512/digital3_dev/digital_3/bonafide/887c0399dc1a2a99e922.png,0.0025768280029296875
POST_HOC_NATIVE_TEXT_PATCH512_DIAGNOSTIC,10,digital3_dev,digital_3,b0ad2ee2dc47b698c6a7,arabic-120_03,scan,dob,65,test/attack/digital_3/scan/arabic-120_03.jpg,train/bonafide/scan/arabic-120_03.jpg,692,552,1204,1064,724,767,1109,850,0,attack,1,data/processed/text_patch512/digital3_dev/digital_3/attack/b0ad2ee2dc47b698c6a7.png,1.7464160919189453e-05
POST_HOC_NATIVE_TEXT_PATCH512_DIAGNOSTIC,10,digital3_dev,digital_3,b0ad2ee2dc47b698c6a7,arabic-120_03,scan,dob,65,test/attack/digital_3/scan/arabic-120_03.jpg,train/bonafide/scan/arabic-120_03.jpg,692,552,1204,1064,724,767,1109,850,0,bonafide,0,data/processed/text_patch512/digital3_dev/digital_3/bonafide/b0ad2ee2dc47b698c6a7.png,3.2842159271240234e-05
POST_HOC_NATIVE_TEXT_PATCH512_DIAGNOSTIC,10,digital3_dev,digital_3,623617840db6ccdf64a8,arabic-120_03,scan,doe,65,test/attack/digital_3/scan/arabic-120_03.jpg,train/bonafide/scan/arabic-120_03.jpg,684,737,1196,1249,717,1094,1098,1177,0,attack,1,data/processed/text_patch512/digital3_dev/digital_3/attack/623617840db6ccdf64a8.png,9.101629257202148e-05
POST_HOC_NATIVE_TEXT_PATCH512_DIAGNOSTIC,10,digital3_dev,digital_3,623617840db6ccdf64a8,arabic-120_03,scan,doe,65,test/attack/digital_3/scan/arabic-120_03.jpg,train/bonafide/scan/arabic-120_03.jpg,684,737,1196,1249,717,1094,1098,1177,0,bonafide,0,data/processed/text_patch512/digital3_dev/digital_3/bonafide/623617840db6ccdf64a8.png,0.00028634071350097656
POST_HOC_NATIVE_TEXT_PATCH512_DIAGNOSTIC,10,digital3_dev,digital_3,1a920c2fe3d5eca048d1,arabic-120_03,scan,name,65,test/attack/digital_3/scan/arabic-120_03.jpg,train/bonafide/scan/arabic-120_03.jpg,705,242,1217,754,731,456,1191,541,0,attack,1,data/processed/text_patch512/digital3_dev/digital_3/attack/1a920c2fe3d5eca048d1.png,0.000762939453125
POST_HOC_NATIVE_TEXT_PATCH512_DIAGNOSTIC,10,digital3_dev,digital_3,1a920c2fe3d5eca048d1,arabic-120_03,scan,name,65,test/attack/digital_3/scan/arabic-120_03.jpg,train/bonafide/scan/arabic-120_03.jpg,705,242,1217,754,731,456,1191,541,0,bonafide,0,data/processed/text_patch512/digital3_dev/digital_3/bonafide/1a920c2fe3d5eca048d1.png,0.007358551025390625
POST_HOC_NATIVE_TEXT_PATCH512_DIAGNOSTIC,10,digital3_dev,digital_3,44655a3030da44d839e8,arabic-NF-1048,scan,dob,50,test/attack/digital_3/scan/arabic-NF-1048.jpg,train/bonafide/scan/arabic-NF-1048.jpg,694,548,1206,1060,722,761,1113,847,0,attack,1,data/processed/text_patch512/digital3_dev/digital_3/attack/44655a3030da44d839e8.png,0.00012099742889404297
POST_HOC_NATIVE_TEXT_PATCH512_DIAGNOSTIC,10,digital3_dev,digital_3,44655a3030da44d839e8,arabic-NF-1048,scan,dob,50,test/attack/digital_3/scan/arabic-NF-1048.jpg,train/bonafide/scan/arabic-NF-1048.jpg,694,548,1206,1060,722,761,1113,847,0,bonafide,0,data/processed/text_patch512/digital3_dev/digital_3/bonafide/44655a3030da44d839e8.png,4.595518112182617e-05
POST_HOC_NATIVE_TEXT_PATCH512_DIAGNOSTIC,10,digital3_dev,digital_3,650527303d6c29620e36,arabic-NF-1048,scan,doe,50,test/attack/digital_3/scan/arabic-NF-1048.jpg,train/bonafide/scan/arabic-NF-1048.jpg,685,736,1197,1248,715,1092,1103,1178,0,attack,1,data/processed/text_patch512/digital3_dev/digital_3/attack/650527303d6c29620e36.png,8.153915405273438e-05
POST_HOC_NATIVE_TEXT_PATCH512_DIAGNOSTIC,10,digital3_dev,digital_3,650527303d6c29620e36,arabic-NF-1048,scan,doe,50,test/attack/digital_3/scan/arabic-NF-1048.jpg,train/bonafide/scan/arabic-NF-1048.jpg,685,736,1197,1248,715,1092,1103,1178,0,bonafide,0,data/processed/text_patch512/digital3_dev/digital_3/bonafide/650527303d6c29620e36.png,2.485513687133789e-05
POST_HOC_NATIVE_TEXT_PATCH512_DIAGNOSTIC,10,digital3_dev,digital_3,f99dfdf754d1fcc88d56,arabic-NF-1048,scan,name,50,test/attack/digital_3/scan/arabic-NF-1048.jpg,train/bonafide/scan/arabic-NF-1048.jpg,686,237,1198,749,729,450,1154,536,0,attack,1,data/processed/text_patch512/digital3_dev/digital_3/attack/f99dfdf754d1fcc88d56.png,0.0011272430419921875
POST_HOC_NATIVE_TEXT_PATCH512_DIAGNOSTIC,10,digital3_dev,digital_3,f99dfdf754d1fcc88d56,arabic-NF-1048,scan,name,50,test/attack/digital_3/scan/arabic-NF-1048.jpg,train/bonafide/scan/arabic-NF-1048.jpg,686,237,1198,749,729,450,1154,536,0,bonafide,0,data/processed/text_patch512/digital3_dev/digital_3/bonafide/f99dfdf754d1fcc88d56.png,0.00035071372985839844
POST_HOC_NATIVE_TEXT_PATCH512_DIAGNOSTIC,10,digital3_dev,digital_3,e3c91565649a46d196d0,arabic-NF-1098,scan,dob,90,test/attack/digital_3/scan/arabic-NF-1098.jpg,train/bonafide/scan/arabic-NF-1098.jpg,694,553,1206,1065,727,768,1110,850,0,attack,1,data/processed/text_patch512/digital3_dev/digital_3/attack/e3c91565649a46d196d0.png,0.00014090538024902344
POST_HOC_NATIVE_TEXT_PATCH512_DIAGNOSTIC,10,digital3_dev,digital_3,e3c91565649a46d196d0,arabic-NF-1098,scan,dob,90,test/attack/digital_3/scan/arabic-NF-1098.jpg,train/bonafide/scan/arabic-NF-1098.jpg,694,553,1206,1065,727,768,1110,850,0,bonafide,0,data/processed/text_patch512/digital3_dev/digital_3/bonafide/e3c91565649a46d196d0.png,7.396936416625977e-05
POST_HOC_NATIVE_TEXT_PATCH512_DIAGNOSTIC,10,digital3_dev,digital_3,14d4e5572ee14a35a616,arabic-NF-1098,scan,doe,90,test/attack/digital_3/scan/arabic-NF-1098.jpg,train/bonafide/scan/arabic-NF-1098.jpg,686,736,1198,1248,720,1093,1099,1175,0,attack,1,data/processed/text_patch512/digital3_dev/digital_3/attack/14d4e5572ee14a35a616.png,0.0012969970703125
POST_HOC_NATIVE_TEXT_PATCH512_DIAGNOSTIC,10,digital3_dev,digital_3,14d4e5572ee14a35a616,arabic-NF-1098,scan,doe,90,test/attack/digital_3/scan/arabic-NF-1098.jpg,train/bonafide/scan/arabic-NF-1098.jpg,686,736,1198,1248,720,1093,1099,1175,0,bonafide,0,data/processed/text_patch512/digital3_dev/digital_3/bonafide/14d4e5572ee14a35a616.png,0.0007600784301757812
POST_HOC_NATIVE_TEXT_PATCH512_DIAGNOSTIC,10,digital3_dev,digital_3,2ce2fb9664b514e04ea3,arabic-NF-1098,scan,name,90,test/attack/digital_3/scan/arabic-NF-1098.jpg,train/bonafide/scan/arabic-NF-1098.jpg,687,243,1199,755,734,458,1024,540,0,attack,1,data/processed/text_patch512/digital3_dev/digital_3/attack/2ce2fb9664b514e04ea3.png,0.025909423828125
POST_HOC_NATIVE_TEXT_PATCH512_DIAGNOSTIC,10,digital3_dev,digital_3,2ce2fb9664b514e04ea3,arabic-NF-1098,scan,name,90,test/attack/digital_3/scan/arabic-NF-1098.jpg,train/bonafide/scan/arabic-NF-1098.jpg,687,243,1199,755,734,458,1024,540,0,bonafide,0,data/processed/text_patch512/digital3_dev/digital_3/bonafide/2ce2fb9664b514e04ea3.png,0.020172119140625
POST_HOC_NATIVE_TEXT_PATCH512_DIAGNOSTIC,10,digital3_dev,digital_3,b3d27e8ffaea5624cca2,arabic-NM-1090,scan,dob,80,test/attack/digital_3/scan/arabic-NM-1090.jpg,train/bonafide/scan/arabic-NM-1090.jpg,693,552,1205,1064,719,766,1115,851,0,attack,1,data/processed/text_patch512/digital3_dev/digital_3/attack/b3d27e8ffaea5624cca2.png,0.00010973215103149414
POST_HOC_NATIVE_TEXT_PATCH512_DIAGNOSTIC,10,digital3_dev,digital_3,b3d27e8ffaea5624cca2,arabic-NM-1090,scan,dob,80,test/attack/digital_3/scan/arabic-NM-1090.jpg,train/bonafide/scan/arabic-NM-1090.jpg,693,552,1205,1064,719,766,1115,851,0,bonafide,0,data/processed/text_patch512/digital3_dev/digital_3/bonafide/b3d27e8ffaea5624cca2.png,0.0002378225326538086
POST_HOC_NATIVE_TEXT_PATCH512_DIAGNOSTIC,10,digital3_dev,digital_3,f924512913a6f1215e77,arabic-NM-1090,scan,doe,80,test/attack/digital_3/scan/arabic-NM-1090.jpg,train/bonafide/scan/arabic-NM-1090.jpg,702,737,1214,1249,712,1094,1076,1179,0,attack,1,data/processed/text_patch512/digital3_dev/digital_3/attack/f924512913a6f1215e77.png,0.00018417835235595703
POST_HOC_NATIVE_TEXT_PATCH512_DIAGNOSTIC,10,digital3_dev,digital_3,f924512913a6f1215e77,arabic-NM-1090,scan,doe,80,test/attack/digital_3/scan/arabic-NM-1090.jpg,train/bonafide/scan/arabic-NM-1090.jpg,702,737,1214,1249,712,1094,1076,1179,0,bonafide,0,data/processed/text_patch512/digital3_dev/digital_3/bonafide/f924512913a6f1215e77.png,0.002323150634765625
POST_HOC_NATIVE_TEXT_PATCH512_DIAGNOSTIC,10,digital3_dev,digital_3,ac370ea17772d5263cc0,arabic-NM-1090,scan,name,80,test/attack/digital_3/scan/arabic-NM-1090.jpg,train/bonafide/scan/arabic-NM-1090.jpg,700,242,1212,754,726,457,1058,540,0,attack,1,data/processed/text_patch512/digital3_dev/digital_3/attack/ac370ea17772d5263cc0.png,0.0017004013061523438
POST_HOC_NATIVE_TEXT_PATCH512_DIAGNOSTIC,10,digital3_dev,digital_3,ac370ea17772d5263cc0,arabic-NM-1090,scan,name,80,test/attack/digital_3/scan/arabic-NM-1090.jpg,train/bonafide/scan/arabic-NM-1090.jpg,700,242,1212,754,726,457,1058,540,0,bonafide,0,data/processed/text_patch512/digital3_dev/digital_3/bonafide/ac370ea17772d5263cc0.png,0.035186767578125
POST_HOC_NATIVE_TEXT_PATCH512_DIAGNOSTIC,10,digital3_dev,digital_3,2d2e609235f7d387369d,chinese-001_03,scan,dob,82,test/attack/digital_3/scan/chinese-001_03.jpg,train/bonafide/scan/chinese-001_03.jpg,1108,470,1620,982,1220,693,1573,760,0,attack,1,data/processed/text_patch512/digital3_dev/digital_3/attack/2d2e609235f7d387369d.png,0.0004451274871826172
POST_HOC_NATIVE_TEXT_PATCH512_DIAGNOSTIC,10,digital3_dev,digital_3,2d2e609235f7d387369d,chinese-001_03,scan,dob,82,test/attack/digital_3/scan/chinese-001_03.jpg,train/bonafide/scan/chinese-001_03.jpg,1108,470,1620,982,1220,693,1573,760,0,bonafide,0,data/processed/text_patch512/digital3_dev/digital_3/bonafide/2d2e609235f7d387369d.png,0.0016355514526367188
POST_HOC_NATIVE_TEXT_PATCH512_DIAGNOSTIC,10,digital3_dev,digital_3,fe37d787651cb855aa0f,chinese-001_03,scan,doe,82,test/attack/digital_3/scan/chinese-001_03.jpg,train/bonafide/scan/chinese-001_03.jpg,670,736,1182,1248,670,1073,1007,1140,0,attack,1,data/processed/text_patch512/digital3_dev/digital_3/attack/fe37d787651cb855aa0f.png,0.00237274169921875
POST_HOC_NATIVE_TEXT_PATCH512_DIAGNOSTIC,10,digital3_dev,digital_3,fe37d787651cb855aa0f,chinese-001_03,scan,doe,82,test/attack/digital_3/scan/chinese-001_03.jpg,train/bonafide/scan/chinese-001_03.jpg,670,736,1182,1248,670,1073,1007,1140,0,bonafide,0,data/processed/text_patch512/digital3_dev/digital_3/bonafide/fe37d787651cb855aa0f.png,0.007080078125
POST_HOC_NATIVE_TEXT_PATCH512_DIAGNOSTIC,10,digital3_dev,digital_3,46109d7b357a69d4affe,chinese-001_03,scan,name_en,82,test/attack/digital_3/scan/chinese-001_03.jpg,train/bonafide/scan/chinese-001_03.jpg,660,262,1172,774,660,485,950,552,0,attack,1,data/processed/text_patch512/digital3_dev/digital_3/attack/46109d7b357a69d4affe.png,0.0003218650817871094
POST_HOC_NATIVE_TEXT_PATCH512_DIAGNOSTIC,10,digital3_dev,digital_3,46109d7b357a69d4affe,chinese-001_03,scan,name_en,82,test/attack/digital_3/scan/chinese-001_03.jpg,train/bonafide/scan/chinese-001_03.jpg,660,262,1172,774,660,485,950,552,0,bonafide,0,data/processed/text_patch512/digital3_dev/digital_3/bonafide/46109d7b357a69d4affe.png,0.0010080337524414062
POST_HOC_NATIVE_TEXT_PATCH512_DIAGNOSTIC,10,digital3_dev,digital_3,9fd24317505c4f2987a7,chinese-113_03,scan,dob,58,test/attack/digital_3/scan/chinese-113_03.jpg,train/bonafide/scan/chinese-113_03.jpg,1104,484,1616,996,1216,702,1567,778,0,attack,1,data/processed/text_patch512/digital3_dev/digital_3/attack/9fd24317505c4f2987a7.png,0.0006785392761230469
POST_HOC_NATIVE_TEXT_PATCH512_DIAGNOSTIC,10,digital3_dev,digital_3,9fd24317505c4f2987a7,chinese-113_03,scan,dob,58,test/attack/digital_3/scan/chinese-113_03.jpg,train/bonafide/scan/chinese-113_03.jpg,1104,484,1616,996,1216,702,1567,778,0,bonafide,0,data/processed/text_patch512/digital3_dev/digital_3/bonafide/9fd24317505c4f2987a7.png,0.0028285980224609375
POST_HOC_NATIVE_TEXT_PATCH512_DIAGNOSTIC,10,digital3_dev,digital_3,7b4503b7e1a5d5fe66b7,chinese-113_03,scan,doe,58,test/attack/digital_3/scan/chinese-113_03.jpg,train/bonafide/scan/chinese-113_03.jpg,638,738,1150,1250,652,1068,1008,1144,0,attack,1,data/processed/text_patch512/digital3_dev/digital_3/attack/7b4503b7e1a5d5fe66b7.png,0.003292083740234375
POST_HOC_NATIVE_TEXT_PATCH512_DIAGNOSTIC,10,digital3_dev,digital_3,7b4503b7e1a5d5fe66b7,chinese-113_03,scan,doe,58,test/attack/digital_3/scan/chinese-113_03.jpg,train/bonafide/scan/chinese-113_03.jpg,638,738,1150,1250,652,1068,1008,1144,0,bonafide,0,data/processed/text_patch512/digital3_dev/digital_3/bonafide/7b4503b7e1a5d5fe66b7.png,0.0016069412231445312
POST_HOC_NATIVE_TEXT_PATCH512_DIAGNOSTIC,10,digital3_dev,digital_3,561e74c7d478ee24e1bd,chinese-113_03,scan,name_en,58,test/attack/digital_3/scan/chinese-113_03.jpg,train/bonafide/scan/chinese-113_03.jpg,632,260,1144,772,665,479,918,553,0,attack,1,data/processed/text_patch512/digital3_dev/digital_3/attack/561e74c7d478ee24e1bd.png,0.0013828277587890625
POST_HOC_NATIVE_TEXT_PATCH512_DIAGNOSTIC,10,digital3_dev,digital_3,561e74c7d478ee24e1bd,chinese-113_03,scan,name_en,58,test/attack/digital_3/scan/chinese-113_03.jpg,train/bonafide/scan/chinese-113_03.jpg,632,260,1144,772,665,479,918,553,0,bonafide,0,data/processed/text_patch512/digital3_dev/digital_3/bonafide/561e74c7d478ee24e1bd.png,0.0056304931640625
POST_HOC_NATIVE_TEXT_PATCH512_DIAGNOSTIC,10,digital3_dev,digital_3,5ddd7444571bd74ab5b4,chinese-142_03,scan,dob,65,test/attack/digital_3/scan/chinese-142_03.jpg,train/bonafide/scan/chinese-142_03.jpg,1108,481,1620,993,1221,699,1571,775,0,attack,1,data/processed/text_patch512/digital3_dev/digital_3/attack/5ddd7444571bd74ab5b4.png,0.0007238388061523438
POST_HOC_NATIVE_TEXT_PATCH512_DIAGNOSTIC,10,digital3_dev,digital_3,5ddd7444571bd74ab5b4,chinese-142_03,scan,dob,65,test/attack/digital_3/scan/chinese-142_03.jpg,train/bonafide/scan/chinese-142_03.jpg,1108,481,1620,993,1221,699,1571,775,0,bonafide,0,data/processed/text_patch512/digital3_dev/digital_3/bonafide/5ddd7444571bd74ab5b4.png,0.0018854141235351562
POST_HOC_NATIVE_TEXT_PATCH512_DIAGNOSTIC,10,digital3_dev,digital_3,e9532bcaba296e09dc15,chinese-142_03,scan,doe,65,test/attack/digital_3/scan/chinese-142_03.jpg,train/bonafide/scan/chinese-142_03.jpg,643,738,1155,1250,658,1065,1012,1140,0,attack,1,data/processed/text_patch512/digital3_dev/digital_3/attack/e9532bcaba296e09dc15.png,0.00199127197265625
POST_HOC_NATIVE_TEXT_PATCH512_DIAGNOSTIC,10,digital3_dev,digital_3,e9532bcaba296e09dc15,chinese-142_03,scan,doe,65,test/attack/digital_3/scan/chinese-142_03.jpg,train/bonafide/scan/chinese-142_03.jpg,643,738,1155,1250,658,1065,1012,1140,0,bonafide,0,data/processed/text_patch512/digital3_dev/digital_3/bonafide/e9532bcaba296e09dc15.png,0.00478363037109375
POST_HOC_NATIVE_TEXT_PATCH512_DIAGNOSTIC,10,digital3_dev,digital_3,44bdf4de5084cdd0721b,chinese-142_03,scan,name_en,65,test/attack/digital_3/scan/chinese-142_03.jpg,train/bonafide/scan/chinese-142_03.jpg,644,258,1156,770,668,477,941,552,0,attack,1,data/processed/text_patch512/digital3_dev/digital_3/attack/44bdf4de5084cdd0721b.png,0.00254058837890625
POST_HOC_NATIVE_TEXT_PATCH512_DIAGNOSTIC,10,digital3_dev,digital_3,44bdf4de5084cdd0721b,chinese-142_03,scan,name_en,65,test/attack/digital_3/scan/chinese-142_03.jpg,train/bonafide/scan/chinese-142_03.jpg,644,258,1156,770,668,477,941,552,0,bonafide,0,data/processed/text_patch512/digital3_dev/digital_3/bonafide/44bdf4de5084cdd0721b.png,0.00284576416015625
POST_HOC_NATIVE_TEXT_PATCH512_DIAGNOSTIC,10,digital3_dev,digital_3,302f4823dfba2b4c751e,chinese-NF-1050,scan,dob,50,test/attack/digital_3/scan/chinese-NF-1050.jpg,train/bonafide/scan/chinese-NF-1050.jpg,1130,482,1642,994,1219,700,1554,776,0,attack,1,data/processed/text_patch512/digital3_dev/digital_3/attack/302f4823dfba2b4c751e.png,0.0004107952117919922
POST_HOC_NATIVE_TEXT_PATCH512_DIAGNOSTIC,10,digital3_dev,digital_3,302f4823dfba2b4c751e,chinese-NF-1050,scan,dob,50,test/attack/digital_3/scan/chinese-NF-1050.jpg,train/bonafide/scan/chinese-NF-1050.jpg,1130,482,1642,994,1219,700,1554,776,0,bonafide,0,data/processed/text_patch512/digital3_dev/digital_3/bonafide/302f4823dfba2b4c751e.png,0.0009365081787109375
POST_HOC_NATIVE_TEXT_PATCH512_DIAGNOSTIC,10,digital3_dev,digital_3,8efc06b4fb4617342826,chinese-NF-1050,scan,doe,50,test/attack/digital_3/scan/chinese-NF-1050.jpg,train/bonafide/scan/chinese-NF-1050.jpg,646,735,1158,1247,655,1066,1021,1142,0,attack,1,data/processed/text_patch512/digital3_dev/digital_3/attack/8efc06b4fb4617342826.png,0.0021152496337890625
POST_HOC_NATIVE_TEXT_PATCH512_DIAGNOSTIC,10,digital3_dev,digital_3,8efc06b4fb4617342826,chinese-NF-1050,scan,doe,50,test/attack/digital_3/scan/chinese-NF-1050.jpg,train/bonafide/scan/chinese-NF-1050.jpg,646,735,1158,1247,655,1066,1021,1142,0,bonafide,0,data/processed/text_patch512/digital3_dev/digital_3/bonafide/8efc06b4fb4617342826.png,0.007404327392578125
POST_HOC_NATIVE_TEXT_PATCH512_DIAGNOSTIC,10,digital3_dev,digital_3,b9d4a11351351fb6fdf1,chinese-NF-1050,scan,name_en,50,test/attack/digital_3/scan/chinese-NF-1050.jpg,train/bonafide/scan/chinese-NF-1050.jpg,636,260,1148,772,667,478,990,553,0,attack,1,data/processed/text_patch512/digital3_dev/digital_3/attack/b9d4a11351351fb6fdf1.png,0.000415802001953125
POST_HOC_NATIVE_TEXT_PATCH512_DIAGNOSTIC,10,digital3_dev,digital_3,b9d4a11351351fb6fdf1,chinese-NF-1050,scan,name_en,50,test/attack/digital_3/scan/chinese-NF-1050.jpg,train/bonafide/scan/chinese-NF-1050.jpg,636,260,1148,772,667,478,990,553,0,bonafide,0,data/processed/text_patch512/digital3_dev/digital_3/bonafide/b9d4a11351351fb6fdf1.png,0.0010633468627929688
POST_HOC_NATIVE_TEXT_PATCH512_DIAGNOSTIC,10,digital3_dev,digital_3,1d2e905bb95403a7273f,chinese-NF-1085,scan,dob,50,test/attack/digital_3/scan/chinese-NF-1085.jpg,train/bonafide/scan/chinese-NF-1085.jpg,1126,472,1638,984,1225,695,1603,761,0,attack,1,data/processed/text_patch512/digital3_dev/digital_3/attack/1d2e905bb95403a7273f.png,0.006351470947265625
POST_HOC_NATIVE_TEXT_PATCH512_DIAGNOSTIC,10,digital3_dev,digital_3,1d2e905bb95403a7273f,chinese-NF-1085,scan,dob,50,test/attack/digital_3/scan/chinese-NF-1085.jpg,train/bonafide/scan/chinese-NF-1085.jpg,1126,472,1638,984,1225,695,1603,761,0,bonafide,0,data/processed/text_patch512/digital3_dev/digital_3/bonafide/1d2e905bb95403a7273f.png,0.0177459716796875
POST_HOC_NATIVE_TEXT_PATCH512_DIAGNOSTIC,10,digital3_dev,digital_3,4b7c9994549bef9bc621,chinese-NF-1085,scan,doe,50,test/attack/digital_3/scan/chinese-NF-1085.jpg,train/bonafide/scan/chinese-NF-1085.jpg,668,739,1180,1251,675,1077,1044,1143,0,attack,1,data/processed/text_patch512/digital3_dev/digital_3/attack/4b7c9994549bef9bc621.png,0.0034637451171875
POST_HOC_NATIVE_TEXT_PATCH512_DIAGNOSTIC,10,digital3_dev,digital_3,4b7c9994549bef9bc621,chinese-NF-1085,scan,doe,50,test/attack/digital_3/scan/chinese-NF-1085.jpg,train/bonafide/scan/chinese-NF-1085.jpg,668,739,1180,1251,675,1077,1044,1143,0,bonafide,0,data/processed/text_patch512/digital3_dev/digital_3/bonafide/4b7c9994549bef9bc621.png,0.0060272216796875
POST_HOC_NATIVE_TEXT_PATCH512_DIAGNOSTIC,10,digital3_dev,digital_3,b74df4af9eddd807257e,chinese-NF-1085,scan,name_en,50,test/attack/digital_3/scan/chinese-NF-1085.jpg,train/bonafide/scan/chinese-NF-1085.jpg,662,266,1174,778,662,487,926,556,0,attack,1,data/processed/text_patch512/digital3_dev/digital_3/attack/b74df4af9eddd807257e.png,0.0006680488586425781
POST_HOC_NATIVE_TEXT_PATCH512_DIAGNOSTIC,10,digital3_dev,digital_3,b74df4af9eddd807257e,chinese-NF-1085,scan,name_en,50,test/attack/digital_3/scan/chinese-NF-1085.jpg,train/bonafide/scan/chinese-NF-1085.jpg,662,266,1174,778,662,487,926,556,0,bonafide,0,data/processed/text_patch512/digital3_dev/digital_3/bonafide/b74df4af9eddd807257e.png,0.001369476318359375
POST_HOC_NATIVE_TEXT_PATCH512_DIAGNOSTIC,10,digital3_dev,digital_3,6fef1e4d513cf04ec910,chinese-NM-1092,scan,dob,85,test/attack/digital_3/scan/chinese-NM-1092.jpg,train/bonafide/scan/chinese-NM-1092.jpg,1117,478,1629,990,1222,696,1588,772,0,attack,1,data/processed/text_patch512/digital3_dev/digital_3/attack/6fef1e4d513cf04ec910.png,0.001918792724609375
POST_HOC_NATIVE_TEXT_PATCH512_DIAGNOSTIC,10,digital3_dev,digital_3,6fef1e4d513cf04ec910,chinese-NM-1092,scan,dob,85,test/attack/digital_3/scan/chinese-NM-1092.jpg,train/bonafide/scan/chinese-NM-1092.jpg,1117,478,1629,990,1222,696,1588,772,0,bonafide,0,data/processed/text_patch512/digital3_dev/digital_3/bonafide/6fef1e4d513cf04ec910.png,0.00250244140625
POST_HOC_NATIVE_TEXT_PATCH512_DIAGNOSTIC,10,digital3_dev,digital_3,9eed3161801b3fb2068a,chinese-NM-1092,scan,doe,85,test/attack/digital_3/scan/chinese-NM-1092.jpg,train/bonafide/scan/chinese-NM-1092.jpg,650,732,1162,1244,660,1062,1025,1138,0,attack,1,data/processed/text_patch512/digital3_dev/digital_3/attack/9eed3161801b3fb2068a.png,0.0018491744995117188
POST_HOC_NATIVE_TEXT_PATCH512_DIAGNOSTIC,10,digital3_dev,digital_3,9eed3161801b3fb2068a,chinese-NM-1092,scan,doe,85,test/attack/digital_3/scan/chinese-NM-1092.jpg,train/bonafide/scan/chinese-NM-1092.jpg,650,732,1162,1244,660,1062,1025,1138,0,bonafide,0,data/processed/text_patch512/digital3_dev/digital_3/bonafide/9eed3161801b3fb2068a.png,0.004520416259765625
POST_HOC_NATIVE_TEXT_PATCH512_DIAGNOSTIC,10,digital3_dev,digital_3,be41e1118809e3b62938,chinese-NM-1092,scan,name_en,85,test/attack/digital_3/scan/chinese-NM-1092.jpg,train/bonafide/scan/chinese-NM-1092.jpg,667,256,1179,768,669,474,921,549,0,attack,1,data/processed/text_patch512/digital3_dev/digital_3/attack/be41e1118809e3b62938.png,0.0008525848388671875
POST_HOC_NATIVE_TEXT_PATCH512_DIAGNOSTIC,10,digital3_dev,digital_3,be41e1118809e3b62938,chinese-NM-1092,scan,name_en,85,test/attack/digital_3/scan/chinese-NM-1092.jpg,train/bonafide/scan/chinese-NM-1092.jpg,667,256,1179,768,669,474,921,549,0,bonafide,0,data/processed/text_patch512/digital3_dev/digital_3/bonafide/be41e1118809e3b62938.png,0.004974365234375
POST_HOC_NATIVE_TEXT_PATCH512_DIAGNOSTIC,10,digital3_dev,digital_3,08ff2fea54de49fddd88,french-019_03,scan,dob,82,test/attack/digital_3/scan/french-019_03.jpg,train/bonafide/scan/french-019_03.jpg,1304,404,1816,916,1405,624,1716,695,0,attack,1,data/processed/text_patch512/digital3_dev/digital_3/attack/08ff2fea54de49fddd88.png,0.0020427703857421875
POST_HOC_NATIVE_TEXT_PATCH512_DIAGNOSTIC,10,digital3_dev,digital_3,08ff2fea54de49fddd88,french-019_03,scan,dob,82,test/attack/digital_3/scan/french-019_03.jpg,train/bonafide/scan/french-019_03.jpg,1304,404,1816,916,1405,624,1716,695,0,bonafide,0,data/processed/text_patch512/digital3_dev/digital_3/bonafide/08ff2fea54de49fddd88.png,0.00995635986328125
POST_HOC_NATIVE_TEXT_PATCH512_DIAGNOSTIC,10,digital3_dev,digital_3,427e82e7ee70956a3d02,french-019_03,scan,doe,82,test/attack/digital_3/scan/french-019_03.jpg,train/bonafide/scan/french-019_03.jpg,1294,732,1806,1244,1395,1008,1704,1079,0,attack,1,data/processed/text_patch512/digital3_dev/digital_3/attack/427e82e7ee70956a3d02.png,0.006191253662109375
POST_HOC_NATIVE_TEXT_PATCH512_DIAGNOSTIC,10,digital3_dev,digital_3,427e82e7ee70956a3d02,french-019_03,scan,doe,82,test/attack/digital_3/scan/french-019_03.jpg,train/bonafide/scan/french-019_03.jpg,1294,732,1806,1244,1395,1008,1704,1079,0,bonafide,0,data/processed/text_patch512/digital3_dev/digital_3/bonafide/427e82e7ee70956a3d02.png,0.040191650390625
POST_HOC_NATIVE_TEXT_PATCH512_DIAGNOSTIC,10,digital3_dev,digital_3,baf2f968a35ae5126a37,french-019_03,scan,name,82,test/attack/digital_3/scan/french-019_03.jpg,train/bonafide/scan/french-019_03.jpg,632,234,1144,746,636,454,1075,527,0,attack,1,data/processed/text_patch512/digital3_dev/digital_3/attack/baf2f968a35ae5126a37.png,0.0013647079467773438
POST_HOC_NATIVE_TEXT_PATCH512_DIAGNOSTIC,10,digital3_dev,digital_3,baf2f968a35ae5126a37,french-019_03,scan,name,82,test/attack/digital_3/scan/french-019_03.jpg,train/bonafide/scan/french-019_03.jpg,632,234,1144,746,636,454,1075,527,0,bonafide,0,data/processed/text_patch512/digital3_dev/digital_3/bonafide/baf2f968a35ae5126a37.png,0.00022649765014648438
POST_HOC_NATIVE_TEXT_PATCH512_DIAGNOSTIC,10,digital3_dev,digital_3,86356d5ec29abb171dd7,french-114_03,scan,dob,61,test/attack/digital_3/scan/french-114_03.jpg,train/bonafide/scan/french-114_03.jpg,1303,402,1815,914,1403,622,1715,693,0,attack,1,data/processed/text_patch512/digital3_dev/digital_3/attack/86356d5ec29abb171dd7.png,0.0013856887817382812
POST_HOC_NATIVE_TEXT_PATCH512_DIAGNOSTIC,10,digital3_dev,digital_3,86356d5ec29abb171dd7,french-114_03,scan,dob,61,test/attack/digital_3/scan/french-114_03.jpg,train/bonafide/scan/french-114_03.jpg,1303,402,1815,914,1403,622,1715,693,0,bonafide,0,data/processed/text_patch512/digital3_dev/digital_3/bonafide/86356d5ec29abb171dd7.png,0.003635406494140625
POST_HOC_NATIVE_TEXT_PATCH512_DIAGNOSTIC,10,digital3_dev,digital_3,1995e04301a7d9dbbe6e,french-114_03,scan,doe,61,test/attack/digital_3/scan/french-114_03.jpg,train/bonafide/scan/french-114_03.jpg,1294,738,1806,1250,1394,1010,1706,1081,0,attack,1,data/processed/text_patch512/digital3_dev/digital_3/attack/1995e04301a7d9dbbe6e.png,0.0254364013671875
POST_HOC_NATIVE_TEXT_PATCH512_DIAGNOSTIC,10,digital3_dev,digital_3,1995e04301a7d9dbbe6e,french-114_03,scan,doe,61,test/attack/digital_3/scan/french-114_03.jpg,train/bonafide/scan/french-114_03.jpg,1294,738,1806,1250,1394,1010,1706,1081,0,bonafide,0,data/processed/text_patch512/digital3_dev/digital_3/bonafide/1995e04301a7d9dbbe6e.png,0.08990478515625
POST_HOC_NATIVE_TEXT_PATCH512_DIAGNOSTIC,10,digital3_dev,digital_3,d311d6a500e39d853003,french-114_03,scan,alternative,61,test/attack/digital_3/scan/french-114_03.jpg,train/bonafide/scan/french-114_03.jpg,622,644,1134,1156,622,863,1015,936,0,attack,1,data/processed/text_patch512/digital3_dev/digital_3/attack/d311d6a500e39d853003.png,0.0006213188171386719
POST_HOC_NATIVE_TEXT_PATCH512_DIAGNOSTIC,10,digital3_dev,digital_3,d311d6a500e39d853003,french-114_03,scan,alternative,61,test/attack/digital_3/scan/french-114_03.jpg,train/bonafide/scan/french-114_03.jpg,622,644,1134,1156,622,863,1015,936,0,bonafide,0,data/processed/text_patch512/digital3_dev/digital_3/bonafide/d311d6a500e39d853003.png,0.0002753734588623047
POST_HOC_NATIVE_TEXT_PATCH512_DIAGNOSTIC,10,digital3_dev,digital_3,60e4b73f3efaca254f15,french-124_03,scan,dob,87,test/attack/digital_3/scan/french-124_03.jpg,train/bonafide/scan/french-124_03.jpg,1302,402,1814,914,1402,622,1714,693,0,attack,1,data/processed/text_patch512/digital3_dev/digital_3/attack/60e4b73f3efaca254f15.png,0.0009908676147460938
POST_HOC_NATIVE_TEXT_PATCH512_DIAGNOSTIC,10,digital3_dev,digital_3,60e4b73f3efaca254f15,french-124_03,scan,dob,87,test/attack/digital_3/scan/french-124_03.jpg,train/bonafide/scan/french-124_03.jpg,1302,402,1814,914,1402,622,1714,693,0,bonafide,0,data/processed/text_patch512/digital3_dev/digital_3/bonafide/60e4b73f3efaca254f15.png,0.001720428466796875
POST_HOC_NATIVE_TEXT_PATCH512_DIAGNOSTIC,10,digital3_dev,digital_3,a459beaf86d2e24e3c33,french-124_03,scan,doe,87,test/attack/digital_3/scan/french-124_03.jpg,train/bonafide/scan/french-124_03.jpg,1293,737,1805,1249,1393,1010,1705,1081,0,attack,1,data/processed/text_patch512/digital3_dev/digital_3/attack/a459beaf86d2e24e3c33.png,0.006412506103515625
POST_HOC_NATIVE_TEXT_PATCH512_DIAGNOSTIC,10,digital3_dev,digital_3,a459beaf86d2e24e3c33,french-124_03,scan,doe,87,test/attack/digital_3/scan/french-124_03.jpg,train/bonafide/scan/french-124_03.jpg,1293,737,1805,1249,1393,1010,1705,1081,0,bonafide,0,data/processed/text_patch512/digital3_dev/digital_3/bonafide/a459beaf86d2e24e3c33.png,0.021759033203125
POST_HOC_NATIVE_TEXT_PATCH512_DIAGNOSTIC,10,digital3_dev,digital_3,4705daecffc023ff4eaa,french-124_03,scan,alternative,87,test/attack/digital_3/scan/french-124_03.jpg,train/bonafide/scan/french-124_03.jpg,626,644,1138,1156,624,863,1140,938,0,attack,1,data/processed/text_patch512/digital3_dev/digital_3/attack/4705daecffc023ff4eaa.png,0.0006575584411621094
POST_HOC_NATIVE_TEXT_PATCH512_DIAGNOSTIC,10,digital3_dev,digital_3,4705daecffc023ff4eaa,french-124_03,scan,alternative,87,test/attack/digital_3/scan/french-124_03.jpg,train/bonafide/scan/french-124_03.jpg,626,644,1138,1156,624,863,1140,938,0,bonafide,0,data/processed/text_patch512/digital3_dev/digital_3/bonafide/4705daecffc023ff4eaa.png,0.0005745887756347656
POST_HOC_NATIVE_TEXT_PATCH512_DIAGNOSTIC,10,digital3_dev,digital_3,611a67be8d1c66f13426,french-128_03,scan,dob,56,test/attack/digital_3/scan/french-128_03.jpg,train/bonafide/scan/french-128_03.jpg,1300,408,1812,920,1400,627,1712,700,0,attack,1,data/processed/text_patch512/digital3_dev/digital_3/attack/611a67be8d1c66f13426.png,0.0011491775512695312
POST_HOC_NATIVE_TEXT_PATCH512_DIAGNOSTIC,10,digital3_dev,digital_3,611a67be8d1c66f13426,french-128_03,scan,dob,56,test/attack/digital_3/scan/french-128_03.jpg,train/bonafide/scan/french-128_03.jpg,1300,408,1812,920,1400,627,1712,700,0,bonafide,0,data/processed/text_patch512/digital3_dev/digital_3/bonafide/611a67be8d1c66f13426.png,0.057281494140625
POST_HOC_NATIVE_TEXT_PATCH512_DIAGNOSTIC,10,digital3_dev,digital_3,15ad930c24d14940d8ae,french-128_03,scan,doe,56,test/attack/digital_3/scan/french-128_03.jpg,train/bonafide/scan/french-128_03.jpg,1291,735,1803,1247,1391,1013,1703,1084,0,attack,1,data/processed/text_patch512/digital3_dev/digital_3/attack/15ad930c24d14940d8ae.png,0.00634002685546875
POST_HOC_NATIVE_TEXT_PATCH512_DIAGNOSTIC,10,digital3_dev,digital_3,15ad930c24d14940d8ae,french-128_03,scan,doe,56,test/attack/digital_3/scan/french-128_03.jpg,train/bonafide/scan/french-128_03.jpg,1291,735,1803,1247,1391,1013,1703,1084,0,bonafide,0,data/processed/text_patch512/digital3_dev/digital_3/bonafide/15ad930c24d14940d8ae.png,0.010467529296875
POST_HOC_NATIVE_TEXT_PATCH512_DIAGNOSTIC,10,digital3_dev,digital_3,3838af20f8973d59abbb,french-128_03,scan,name,56,test/attack/digital_3/scan/french-128_03.jpg,train/bonafide/scan/french-128_03.jpg,632,236,1144,748,632,455,1039,528,0,attack,1,data/processed/text_patch512/digital3_dev/digital_3/attack/3838af20f8973d59abbb.png,0.0010004043579101562
POST_HOC_NATIVE_TEXT_PATCH512_DIAGNOSTIC,10,digital3_dev,digital_3,3838af20f8973d59abbb,french-128_03,scan,name,56,test/attack/digital_3/scan/french-128_03.jpg,train/bonafide/scan/french-128_03.jpg,632,236,1144,748,632,455,1039,528,0,bonafide,0,data/processed/text_patch512/digital3_dev/digital_3/bonafide/3838af20f8973d59abbb.png,0.0003452301025390625
POST_HOC_NATIVE_TEXT_PATCH512_DIAGNOSTIC,10,digital3_dev,digital_3,3a86d73c0a22aa9df680,french-NF-1047,scan,dob,74,test/attack/digital_3/scan/french-NF-1047.jpg,train/bonafide/scan/french-NF-1047.jpg,1308,404,1820,916,1408,624,1719,695,0,attack,1,data/processed/text_patch512/digital3_dev/digital_3/attack/3a86d73c0a22aa9df680.png,0.0010881423950195312
POST_HOC_NATIVE_TEXT_PATCH512_DIAGNOSTIC,10,digital3_dev,digital_3,3a86d73c0a22aa9df680,french-NF-1047,scan,dob,74,test/attack/digital_3/scan/french-NF-1047.jpg,train/bonafide/scan/french-NF-1047.jpg,1308,404,1820,916,1408,624,1719,695,0,bonafide,0,data/processed/text_patch512/digital3_dev/digital_3/bonafide/3a86d73c0a22aa9df680.png,0.00518798828125
POST_HOC_NATIVE_TEXT_PATCH512_DIAGNOSTIC,10,digital3_dev,digital_3,16060b7e17881480f270,french-NF-1047,scan,doe,74,test/attack/digital_3/scan/french-NF-1047.jpg,train/bonafide/scan/french-NF-1047.jpg,1298,735,1810,1247,1398,1009,1709,1080,0,attack,1,data/processed/text_patch512/digital3_dev/digital_3/attack/16060b7e17881480f270.png,0.01003265380859375
POST_HOC_NATIVE_TEXT_PATCH512_DIAGNOSTIC,10,digital3_dev,digital_3,16060b7e17881480f270,french-NF-1047,scan,doe,74,test/attack/digital_3/scan/french-NF-1047.jpg,train/bonafide/scan/french-NF-1047.jpg,1298,735,1810,1247,1398,1009,1709,1080,0,bonafide,0,data/processed/text_patch512/digital3_dev/digital_3/bonafide/16060b7e17881480f270.png,0.01137542724609375
POST_HOC_NATIVE_TEXT_PATCH512_DIAGNOSTIC,10,digital3_dev,digital_3,afcd86d75a57b852a5ac,french-NF-1047,scan,alternative,74,test/attack/digital_3/scan/french-NF-1047.jpg,train/bonafide/scan/french-NF-1047.jpg,630,644,1142,1156,630,864,1052,937,0,attack,1,data/processed/text_patch512/digital3_dev/digital_3/attack/afcd86d75a57b852a5ac.png,0.0005526542663574219
POST_HOC_NATIVE_TEXT_PATCH512_DIAGNOSTIC,10,digital3_dev,digital_3,afcd86d75a57b852a5ac,french-NF-1047,scan,alternative,74,test/attack/digital_3/scan/french-NF-1047.jpg,train/bonafide/scan/french-NF-1047.jpg,630,644,1142,1156,630,864,1052,937,0,bonafide,0,data/processed/text_patch512/digital3_dev/digital_3/bonafide/afcd86d75a57b852a5ac.png,0.00010889768600463867
POST_HOC_NATIVE_TEXT_PATCH512_DIAGNOSTIC,10,digital3_dev,digital_3,eb684d8a048bc585c04f,french-NF-1082,scan,dob,64,test/attack/digital_3/scan/french-NF-1082.jpg,train/bonafide/scan/french-NF-1082.jpg,1304,400,1816,912,1404,621,1716,692,0,attack,1,data/processed/text_patch512/digital3_dev/digital_3/attack/eb684d8a048bc585c04f.png,0.001209259033203125
POST_HOC_NATIVE_TEXT_PATCH512_DIAGNOSTIC,10,digital3_dev,digital_3,eb684d8a048bc585c04f,french-NF-1082,scan,dob,64,test/attack/digital_3/scan/french-NF-1082.jpg,train/bonafide/scan/french-NF-1082.jpg,1304,400,1816,912,1404,621,1716,692,0,bonafide,0,data/processed/text_patch512/digital3_dev/digital_3/bonafide/eb684d8a048bc585c04f.png,0.005062103271484375
POST_HOC_NATIVE_TEXT_PATCH512_DIAGNOSTIC,10,digital3_dev,digital_3,b3a1fb9f88e1db5c32aa,french-NF-1082,scan,doe,64,test/attack/digital_3/scan/french-NF-1082.jpg,train/bonafide/scan/french-NF-1082.jpg,1292,733,1804,1245,1393,1007,1703,1078,0,attack,1,data/processed/text_patch512/digital3_dev/digital_3/attack/b3a1fb9f88e1db5c32aa.png,0.0153656005859375
POST_HOC_NATIVE_TEXT_PATCH512_DIAGNOSTIC,10,digital3_dev,digital_3,b3a1fb9f88e1db5c32aa,french-NF-1082,scan,doe,64,test/attack/digital_3/scan/french-NF-1082.jpg,train/bonafide/scan/french-NF-1082.jpg,1292,733,1804,1245,1393,1007,1703,1078,0,bonafide,0,data/processed/text_patch512/digital3_dev/digital_3/bonafide/b3a1fb9f88e1db5c32aa.png,0.026763916015625
POST_HOC_NATIVE_TEXT_PATCH512_DIAGNOSTIC,10,digital3_dev,digital_3,688b759eb60cac2afab1,french-NF-1082,scan,name,64,test/attack/digital_3/scan/french-NF-1082.jpg,train/bonafide/scan/french-NF-1082.jpg,622,232,1134,744,634,452,994,525,0,attack,1,data/processed/text_patch512/digital3_dev/digital_3/attack/688b759eb60cac2afab1.png,0.00801849365234375
POST_HOC_NATIVE_TEXT_PATCH512_DIAGNOSTIC,10,digital3_dev,digital_3,688b759eb60cac2afab1,french-NF-1082,scan,name,64,test/attack/digital_3/scan/french-NF-1082.jpg,train/bonafide/scan/french-NF-1082.jpg,622,232,1134,744,634,452,994,525,0,bonafide,0,data/processed/text_patch512/digital3_dev/digital_3/bonafide/688b759eb60cac2afab1.png,0.00891876220703125
POST_HOC_NATIVE_TEXT_PATCH512_DIAGNOSTIC,10,digital3_dev,digital_3,3b0165f8956a60270a90,indian-014_03,scan,dob,63,test/attack/digital_3/scan/indian-014_03.jpg,train/bonafide/scan/indian-014_03.jpg,658,546,1170,1058,671,764,1028,839,0,attack,1,data/processed/text_patch512/digital3_dev/digital_3/attack/3b0165f8956a60270a90.png,5.6743621826171875e-05
POST_HOC_NATIVE_TEXT_PATCH512_DIAGNOSTIC,10,digital3_dev,digital_3,3b0165f8956a60270a90,indian-014_03,scan,dob,63,test/attack/digital_3/scan/indian-014_03.jpg,train/bonafide/scan/indian-014_03.jpg,658,546,1170,1058,671,764,1028,839,0,bonafide,0,data/processed/text_patch512/digital3_dev/digital_3/bonafide/3b0165f8956a60270a90.png,0.00014483928680419922
POST_HOC_NATIVE_TEXT_PATCH512_DIAGNOSTIC,10,digital3_dev,digital_3,7a4f84fafb6b8bb942d2,indian-014_03,scan,name,63,test/attack/digital_3/scan/indian-014_03.jpg,train/bonafide/scan/indian-014_03.jpg,672,386,1184,898,672,604,1067,680,0,attack,1,data/processed/text_patch512/digital3_dev/digital_3/attack/7a4f84fafb6b8bb942d2.png,2.6226043701171875e-06
POST_HOC_NATIVE_TEXT_PATCH512_DIAGNOSTIC,10,digital3_dev,digital_3,7a4f84fafb6b8bb942d2,indian-014_03,scan,name,63,test/attack/digital_3/scan/indian-014_03.jpg,train/bonafide/scan/indian-014_03.jpg,672,386,1184,898,672,604,1067,680,0,bonafide,0,data/processed/text_patch512/digital3_dev/digital_3/bonafide/7a4f84fafb6b8bb942d2.png,2.384185791015625e-06
POST_HOC_NATIVE_TEXT_PATCH512_DIAGNOSTIC,10,digital3_dev,digital_3,6391607ae2de6c0bccba,indian-021_03,scan,dob,76,test/attack/digital_3/scan/indian-021_03.jpg,train/bonafide/scan/indian-021_03.jpg,680,548,1192,1060,680,771,1040,838,0,attack,1,data/processed/text_patch512/digital3_dev/digital_3/attack/6391607ae2de6c0bccba.png,0.00033926963806152344
POST_HOC_NATIVE_TEXT_PATCH512_DIAGNOSTIC,10,digital3_dev,digital_3,6391607ae2de6c0bccba,indian-021_03,scan,dob,76,test/attack/digital_3/scan/indian-021_03.jpg,train/bonafide/scan/indian-021_03.jpg,680,548,1192,1060,680,771,1040,838,0,bonafide,0,data/processed/text_patch512/digital3_dev/digital_3/bonafide/6391607ae2de6c0bccba.png,0.0006947517395019531
POST_HOC_NATIVE_TEXT_PATCH512_DIAGNOSTIC,10,digital3_dev,digital_3,0c45fd595828ca687d5f,indian-021_03,scan,name,76,test/attack/digital_3/scan/indian-021_03.jpg,train/bonafide/scan/indian-021_03.jpg,706,387,1218,899,676,610,1057,676,0,attack,1,data/processed/text_patch512/digital3_dev/digital_3/attack/0c45fd595828ca687d5f.png,4.416704177856445e-05
POST_HOC_NATIVE_TEXT_PATCH512_DIAGNOSTIC,10,digital3_dev,digital_3,0c45fd595828ca687d5f,indian-021_03,scan,name,76,test/attack/digital_3/scan/indian-021_03.jpg,train/bonafide/scan/indian-021_03.jpg,706,387,1218,899,676,610,1057,676,0,bonafide,0,data/processed/text_patch512/digital3_dev/digital_3/bonafide/0c45fd595828ca687d5f.png,0.0001010894775390625
POST_HOC_NATIVE_TEXT_PATCH512_DIAGNOSTIC,10,digital3_dev,digital_3,06e53bf69eb18a02bc2d,indian-NF-1061,scan,dob,77,test/attack/digital_3/scan/indian-NF-1061.jpg,train/bonafide/scan/indian-NF-1061.jpg,672,545,1184,1057,672,763,1027,839,0,attack,1,data/processed/text_patch512/digital3_dev/digital_3/attack/06e53bf69eb18a02bc2d.png,3.88026237487793e-05
POST_HOC_NATIVE_TEXT_PATCH512_DIAGNOSTIC,10,digital3_dev,digital_3,06e53bf69eb18a02bc2d,indian-NF-1061,scan,dob,77,test/attack/digital_3/scan/indian-NF-1061.jpg,train/bonafide/scan/indian-NF-1061.jpg,672,545,1184,1057,672,763,1027,839,0,bonafide,0,data/processed/text_patch512/digital3_dev/digital_3/bonafide/06e53bf69eb18a02bc2d.png,0.0003077983856201172
POST_HOC_NATIVE_TEXT_PATCH512_DIAGNOSTIC,10,digital3_dev,digital_3,38c65fdcafd96c77c61a,indian-NF-1061,scan,name,77,test/attack/digital_3/scan/indian-NF-1061.jpg,train/bonafide/scan/indian-NF-1061.jpg,673,384,1185,896,673,602,1077,678,0,attack,1,data/processed/text_patch512/digital3_dev/digital_3/attack/38c65fdcafd96c77c61a.png,1.6093254089355469e-06
POST_HOC_NATIVE_TEXT_PATCH512_DIAGNOSTIC,10,digital3_dev,digital_3,38c65fdcafd96c77c61a,indian-NF-1061,scan,name,77,test/attack/digital_3/scan/indian-NF-1061.jpg,train/bonafide/scan/indian-NF-1061.jpg,673,384,1185,896,673,602,1077,678,0,bonafide,0,data/processed/text_patch512/digital3_dev/digital_3/bonafide/38c65fdcafd96c77c61a.png,4.1484832763671875e-05
POST_HOC_NATIVE_TEXT_PATCH512_DIAGNOSTIC,10,digital3_dev,digital_3,a81ba6e4cd0ab0661405,persian-144_03,scan,dob,72,test/attack/digital_3/scan/persian-144_03.jpg,train/bonafide/scan/persian-144_03.jpg,644,359,1156,871,744,574,1055,656,0,attack,1,data/processed/text_patch512/digital3_dev/digital_3/attack/a81ba6e4cd0ab0661405.png,2.86102294921875e-05
POST_HOC_NATIVE_TEXT_PATCH512_DIAGNOSTIC,10,digital3_dev,digital_3,a81ba6e4cd0ab0661405,persian-144_03,scan,dob,72,test/attack/digital_3/scan/persian-144_03.jpg,train/bonafide/scan/persian-144_03.jpg,644,359,1156,871,744,574,1055,656,0,bonafide,0,data/processed/text_patch512/digital3_dev/digital_3/bonafide/a81ba6e4cd0ab0661405.png,5.1856040954589844e-05
POST_HOC_NATIVE_TEXT_PATCH512_DIAGNOSTIC,10,digital3_dev,digital_3,dc579bec9990bd4e5dd6,persian-144_03,scan,doe,72,test/attack/digital_3/scan/persian-144_03.jpg,train/bonafide/scan/persian-144_03.jpg,1222,694,1734,1206,1324,909,1633,991,0,attack,1,data/processed/text_patch512/digital3_dev/digital_3/attack/dc579bec9990bd4e5dd6.png,7.545948028564453e-05
POST_HOC_NATIVE_TEXT_PATCH512_DIAGNOSTIC,10,digital3_dev,digital_3,dc579bec9990bd4e5dd6,persian-144_03,scan,doe,72,test/attack/digital_3/scan/persian-144_03.jpg,train/bonafide/scan/persian-144_03.jpg,1222,694,1734,1206,1324,909,1633,991,0,bonafide,0,data/processed/text_patch512/digital3_dev/digital_3/bonafide/dc579bec9990bd4e5dd6.png,0.0009417533874511719
POST_HOC_NATIVE_TEXT_PATCH512_DIAGNOSTIC,10,digital3_dev,digital_3,d40ba8c4ebe3af65ff04,persian-144_03,scan,name,72,test/attack/digital_3/scan/persian-144_03.jpg,train/bonafide/scan/persian-144_03.jpg,644,47,1156,559,753,263,919,343,0,attack,1,data/processed/text_patch512/digital3_dev/digital_3/attack/d40ba8c4ebe3af65ff04.png,0.2191162109375
POST_HOC_NATIVE_TEXT_PATCH512_DIAGNOSTIC,10,digital3_dev,digital_3,d40ba8c4ebe3af65ff04,persian-144_03,scan,name,72,test/attack/digital_3/scan/persian-144_03.jpg,train/bonafide/scan/persian-144_03.jpg,644,47,1156,559,753,263,919,343,0,bonafide,0,data/processed/text_patch512/digital3_dev/digital_3/bonafide/d40ba8c4ebe3af65ff04.png,0.006717681884765625
POST_HOC_NATIVE_TEXT_PATCH512_DIAGNOSTIC,10,digital3_dev,digital_3,ac086cc52aaf94b6f786,persian-NF-1018,scan,dob,73,test/attack/digital_3/scan/persian-NF-1018.jpg,train/bonafide/scan/persian-NF-1018.jpg,678,358,1190,870,746,578,1059,649,0,attack,1,data/processed/text_patch512/digital3_dev/digital_3/attack/ac086cc52aaf94b6f786.png,0.0001119375228881836
POST_HOC_NATIVE_TEXT_PATCH512_DIAGNOSTIC,10,digital3_dev,digital_3,ac086cc52aaf94b6f786,persian-NF-1018,scan,dob,73,test/attack/digital_3/scan/persian-NF-1018.jpg,train/bonafide/scan/persian-NF-1018.jpg,678,358,1190,870,746,578,1059,649,0,bonafide,0,data/processed/text_patch512/digital3_dev/digital_3/bonafide/ac086cc52aaf94b6f786.png,3.993511199951172e-05
POST_HOC_NATIVE_TEXT_PATCH512_DIAGNOSTIC,10,digital3_dev,digital_3,4d69d7216063b95ad39a,persian-NF-1018,scan,doe,73,test/attack/digital_3/scan/persian-NF-1018.jpg,train/bonafide/scan/persian-NF-1018.jpg,1236,678,1748,1190,1337,898,1648,969,0,attack,1,data/processed/text_patch512/digital3_dev/digital_3/attack/4d69d7216063b95ad39a.png,5.990266799926758e-05
POST_HOC_NATIVE_TEXT_PATCH512_DIAGNOSTIC,10,digital3_dev,digital_3,4d69d7216063b95ad39a,persian-NF-1018,scan,doe,73,test/attack/digital_3/scan/persian-NF-1018.jpg,train/bonafide/scan/persian-NF-1018.jpg,1236,678,1748,1190,1337,898,1648,969,0,bonafide,0,data/processed/text_patch512/digital3_dev/digital_3/bonafide/4d69d7216063b95ad39a.png,0.0002256631851196289
POST_HOC_NATIVE_TEXT_PATCH512_DIAGNOSTIC,10,digital3_dev,digital_3,2268045f11f2698ef796,persian-NF-1018,scan,name,73,test/attack/digital_3/scan/persian-NF-1018.jpg,train/bonafide/scan/persian-NF-1018.jpg,678,50,1190,562,741,268,936,343,0,attack,1,data/processed/text_patch512/digital3_dev/digital_3/attack/2268045f11f2698ef796.png,0.0009546279907226562
POST_HOC_NATIVE_TEXT_PATCH512_DIAGNOSTIC,10,digital3_dev,digital_3,2268045f11f2698ef796,persian-NF-1018,scan,name,73,test/attack/digital_3/scan/persian-NF-1018.jpg,train/bonafide/scan/persian-NF-1018.jpg,678,50,1190,562,741,268,936,343,0,bonafide,0,data/processed/text_patch512/digital3_dev/digital_3/bonafide/2268045f11f2698ef796.png,0.01282501220703125
POST_HOC_NATIVE_TEXT_PATCH512_DIAGNOSTIC,10,digital3_dev,digital_3,e607870abafeee47079b,persian-NF-1097,scan,dob,89,test/attack/digital_3/scan/persian-NF-1097.jpg,train/bonafide/scan/persian-NF-1097.jpg,644,358,1156,870,745,573,1055,655,0,attack,1,data/processed/text_patch512/digital3_dev/digital_3/attack/e607870abafeee47079b.png,3.11732292175293e-05
POST_HOC_NATIVE_TEXT_PATCH512_DIAGNOSTIC,10,digital3_dev,digital_3,e607870abafeee47079b,persian-NF-1097,scan,dob,89,test/attack/digital_3/scan/persian-NF-1097.jpg,train/bonafide/scan/persian-NF-1097.jpg,644,358,1156,870,745,573,1055,655,0,bonafide,0,data/processed/text_patch512/digital3_dev/digital_3/bonafide/e607870abafeee47079b.png,5.894899368286133e-05
POST_HOC_NATIVE_TEXT_PATCH512_DIAGNOSTIC,10,digital3_dev,digital_3,d1e7eb03f0e3e7e2b57d,persian-NF-1097,scan,doe,89,test/attack/digital_3/scan/persian-NF-1097.jpg,train/bonafide/scan/persian-NF-1097.jpg,1220,693,1732,1205,1321,908,1631,990,0,attack,1,data/processed/text_patch512/digital3_dev/digital_3/attack/d1e7eb03f0e3e7e2b57d.png,0.00023829936981201172
POST_HOC_NATIVE_TEXT_PATCH512_DIAGNOSTIC,10,digital3_dev,digital_3,d1e7eb03f0e3e7e2b57d,persian-NF-1097,scan,doe,89,test/attack/digital_3/scan/persian-NF-1097.jpg,train/bonafide/scan/persian-NF-1097.jpg,1220,693,1732,1205,1321,908,1631,990,0,bonafide,0,data/processed/text_patch512/digital3_dev/digital_3/bonafide/d1e7eb03f0e3e7e2b57d.png,0.006862640380859375
POST_HOC_NATIVE_TEXT_PATCH512_DIAGNOSTIC,10,digital3_dev,digital_3,f1a432c92aed5d90cbb4,persian-NF-1097,scan,name,89,test/attack/digital_3/scan/persian-NF-1097.jpg,train/bonafide/scan/persian-NF-1097.jpg,638,46,1150,558,750,263,909,341,0,attack,1,data/processed/text_patch512/digital3_dev/digital_3/attack/f1a432c92aed5d90cbb4.png,0.0030345916748046875
POST_HOC_NATIVE_TEXT_PATCH512_DIAGNOSTIC,10,digital3_dev,digital_3,f1a432c92aed5d90cbb4,persian-NF-1097,scan,name,89,test/attack/digital_3/scan/persian-NF-1097.jpg,train/bonafide/scan/persian-NF-1097.jpg,638,46,1150,558,750,263,909,341,0,bonafide,0,data/processed/text_patch512/digital3_dev/digital_3/bonafide/f1a432c92aed5d90cbb4.png,0.021942138671875
POST_HOC_NATIVE_TEXT_PATCH512_DIAGNOSTIC,10,digital3_dev,digital_3,75c6bd076f40f4feed49,persian-NM-1035,scan,dob,59,test/attack/digital_3/scan/persian-NM-1035.jpg,train/bonafide/scan/persian-NM-1035.jpg,644,358,1156,870,746,573,1055,655,0,attack,1,data/processed/text_patch512/digital3_dev/digital_3/attack/75c6bd076f40f4feed49.png,7.086992263793945e-05
POST_HOC_NATIVE_TEXT_PATCH512_DIAGNOSTIC,10,digital3_dev,digital_3,75c6bd076f40f4feed49,persian-NM-1035,scan,dob,59,test/attack/digital_3/scan/persian-NM-1035.jpg,train/bonafide/scan/persian-NM-1035.jpg,644,358,1156,870,746,573,1055,655,0,bonafide,0,data/processed/text_patch512/digital3_dev/digital_3/bonafide/75c6bd076f40f4feed49.png,9.244680404663086e-05
POST_HOC_NATIVE_TEXT_PATCH512_DIAGNOSTIC,10,digital3_dev,digital_3,489aa527e369dec9f7ad,persian-NM-1035,scan,doe,59,test/attack/digital_3/scan/persian-NM-1035.jpg,train/bonafide/scan/persian-NM-1035.jpg,1222,692,1734,1204,1323,907,1632,989,0,attack,1,data/processed/text_patch512/digital3_dev/digital_3/attack/489aa527e369dec9f7ad.png,0.00018596649169921875
POST_HOC_NATIVE_TEXT_PATCH512_DIAGNOSTIC,10,digital3_dev,digital_3,489aa527e369dec9f7ad,persian-NM-1035,scan,doe,59,test/attack/digital_3/scan/persian-NM-1035.jpg,train/bonafide/scan/persian-NM-1035.jpg,1222,692,1734,1204,1323,907,1632,989,0,bonafide,0,data/processed/text_patch512/digital3_dev/digital_3/bonafide/489aa527e369dec9f7ad.png,0.0002970695495605469
POST_HOC_NATIVE_TEXT_PATCH512_DIAGNOSTIC,10,digital3_dev,digital_3,33afa520f667e4e391e0,persian-NM-1035,scan,name,59,test/attack/digital_3/scan/persian-NM-1035.jpg,train/bonafide/scan/persian-NM-1035.jpg,657,47,1169,559,752,264,946,342,0,attack,1,data/processed/text_patch512/digital3_dev/digital_3/attack/33afa520f667e4e391e0.png,0.0005154609680175781
POST_HOC_NATIVE_TEXT_PATCH512_DIAGNOSTIC,10,digital3_dev,digital_3,33afa520f667e4e391e0,persian-NM-1035,scan,name,59,test/attack/digital_3/scan/persian-NM-1035.jpg,train/bonafide/scan/persian-NM-1035.jpg,657,47,1169,559,752,264,946,342,0,bonafide,0,data/processed/text_patch512/digital3_dev/digital_3/bonafide/33afa520f667e4e391e0.png,0.0034160614013671875
POST_HOC_NATIVE_TEXT_PATCH512_DIAGNOSTIC,10,digital3_dev,digital_3,42a91bd1f020480a27a3,portugal-013_03,scan,dob,57,test/attack/digital_3/scan/portugal-013_03.jpg,train/bonafide/scan/portugal-013_03.jpg,1486,364,1998,876,1688,583,2013,658,0,attack,1,data/processed/text_patch512/digital3_dev/digital_3/attack/42a91bd1f020480a27a3.png,0.0003046989440917969
POST_HOC_NATIVE_TEXT_PATCH512_DIAGNOSTIC,10,digital3_dev,digital_3,42a91bd1f020480a27a3,portugal-013_03,scan,dob,57,test/attack/digital_3/scan/portugal-013_03.jpg,train/bonafide/scan/portugal-013_03.jpg,1486,364,1998,876,1688,583,2013,658,0,bonafide,0,data/processed/text_patch512/digital3_dev/digital_3/bonafide/42a91bd1f020480a27a3.png,0.016021728515625
POST_HOC_NATIVE_TEXT_PATCH512_DIAGNOSTIC,10,digital3_dev,digital_3,9cf87d02c9b271959b06,portugal-013_03,scan,doe,57,test/attack/digital_3/scan/portugal-013_03.jpg,train/bonafide/scan/portugal-013_03.jpg,1188,532,1700,1044,1281,751,1608,826,0,attack,1,data/processed/text_patch512/digital3_dev/digital_3/attack/9cf87d02c9b271959b06.png,0.0008134841918945312
POST_HOC_NATIVE_TEXT_PATCH512_DIAGNOSTIC,10,digital3_dev,digital_3,9cf87d02c9b271959b06,portugal-013_03,scan,doe,57,test/attack/digital_3/scan/portugal-013_03.jpg,train/bonafide/scan/portugal-013_03.jpg,1188,532,1700,1044,1281,751,1608,826,0,bonafide,0,data/processed/text_patch512/digital3_dev/digital_3/bonafide/9cf87d02c9b271959b06.png,0.0014019012451171875
POST_HOC_NATIVE_TEXT_PATCH512_DIAGNOSTIC,10,digital3_dev,digital_3,6b8c6599016f90ca2aa1,portugal-013_03,scan,name,57,test/attack/digital_3/scan/portugal-013_03.jpg,train/bonafide/scan/portugal-013_03.jpg,686,107,1198,619,669,324,1215,402,0,attack,1,data/processed/text_patch512/digital3_dev/digital_3/attack/6b8c6599016f90ca2aa1.png,0.00762176513671875
POST_HOC_NATIVE_TEXT_PATCH512_DIAGNOSTIC,10,digital3_dev,digital_3,6b8c6599016f90ca2aa1,portugal-013_03,scan,name,57,test/attack/digital_3/scan/portugal-013_03.jpg,train/bonafide/scan/portugal-013_03.jpg,686,107,1198,619,669,324,1215,402,0,bonafide,0,data/processed/text_patch512/digital3_dev/digital_3/bonafide/6b8c6599016f90ca2aa1.png,0.00469207763671875
POST_HOC_NATIVE_TEXT_PATCH512_DIAGNOSTIC,10,digital3_dev,digital_3,b7f2561b2050766aa0ec,portugal-017_03,scan,dob,64,test/attack/digital_3/scan/portugal-017_03.jpg,train/bonafide/scan/portugal-017_03.jpg,1480,344,1992,856,1681,567,2011,634,0,attack,1,data/processed/text_patch512/digital3_dev/digital_3/attack/b7f2561b2050766aa0ec.png,0.0014495849609375
POST_HOC_NATIVE_TEXT_PATCH512_DIAGNOSTIC,10,digital3_dev,digital_3,b7f2561b2050766aa0ec,portugal-017_03,scan,dob,64,test/attack/digital_3/scan/portugal-017_03.jpg,train/bonafide/scan/portugal-017_03.jpg,1480,344,1992,856,1681,567,2011,634,0,bonafide,0,data/processed/text_patch512/digital3_dev/digital_3/bonafide/b7f2561b2050766aa0ec.png,0.00521087646484375
POST_HOC_NATIVE_TEXT_PATCH512_DIAGNOSTIC,10,digital3_dev,digital_3,1f7af309253447cd57e1,portugal-017_03,scan,doe,64,test/attack/digital_3/scan/portugal-017_03.jpg,train/bonafide/scan/portugal-017_03.jpg,1190,524,1702,1036,1281,746,1611,813,0,attack,1,data/processed/text_patch512/digital3_dev/digital_3/attack/1f7af309253447cd57e1.png,0.00023639202117919922
POST_HOC_NATIVE_TEXT_PATCH512_DIAGNOSTIC,10,digital3_dev,digital_3,1f7af309253447cd57e1,portugal-017_03,scan,doe,64,test/attack/digital_3/scan/portugal-017_03.jpg,train/bonafide/scan/portugal-017_03.jpg,1190,524,1702,1036,1281,746,1611,813,0,bonafide,0,data/processed/text_patch512/digital3_dev/digital_3/bonafide/1f7af309253447cd57e1.png,0.007122039794921875
POST_HOC_NATIVE_TEXT_PATCH512_DIAGNOSTIC,10,digital3_dev,digital_3,5e5630241b76106b0758,portugal-017_03,scan,name,64,test/attack/digital_3/scan/portugal-017_03.jpg,train/bonafide/scan/portugal-017_03.jpg,656,112,1168,624,653,335,1106,401,0,attack,1,data/processed/text_patch512/digital3_dev/digital_3/attack/5e5630241b76106b0758.png,0.0178375244140625
POST_HOC_NATIVE_TEXT_PATCH512_DIAGNOSTIC,10,digital3_dev,digital_3,5e5630241b76106b0758,portugal-017_03,scan,name,64,test/attack/digital_3/scan/portugal-017_03.jpg,train/bonafide/scan/portugal-017_03.jpg,656,112,1168,624,653,335,1106,401,0,bonafide,0,data/processed/text_patch512/digital3_dev/digital_3/bonafide/5e5630241b76106b0758.png,0.007678985595703125
POST_HOC_NATIVE_TEXT_PATCH512_DIAGNOSTIC,10,digital3_dev,digital_3,d4fd8911b4714155dc48,portugal-029_03,scan,dob,71,test/attack/digital_3/scan/portugal-029_03.jpg,train/bonafide/scan/portugal-029_03.jpg,1480,371,1992,883,1683,589,2009,665,0,attack,1,data/processed/text_patch512/digital3_dev/digital_3/attack/d4fd8911b4714155dc48.png,4.559755325317383e-05
POST_HOC_NATIVE_TEXT_PATCH512_DIAGNOSTIC,10,digital3_dev,digital_3,d4fd8911b4714155dc48,portugal-029_03,scan,dob,71,test/attack/digital_3/scan/portugal-029_03.jpg,train/bonafide/scan/portugal-029_03.jpg,1480,371,1992,883,1683,589,2009,665,0,bonafide,0,data/processed/text_patch512/digital3_dev/digital_3/bonafide/d4fd8911b4714155dc48.png,0.00196075439453125
POST_HOC_NATIVE_TEXT_PATCH512_DIAGNOSTIC,10,digital3_dev,digital_3,dba4d120419ef034888a,portugal-029_03,scan,doe,71,test/attack/digital_3/scan/portugal-029_03.jpg,train/bonafide/scan/portugal-029_03.jpg,1181,538,1693,1050,1274,756,1600,832,0,attack,1,data/processed/text_patch512/digital3_dev/digital_3/attack/dba4d120419ef034888a.png,4.166364669799805e-05
POST_HOC_NATIVE_TEXT_PATCH512_DIAGNOSTIC,10,digital3_dev,digital_3,dba4d120419ef034888a,portugal-029_03,scan,doe,71,test/attack/digital_3/scan/portugal-029_03.jpg,train/bonafide/scan/portugal-029_03.jpg,1181,538,1693,1050,1274,756,1600,832,0,bonafide,0,data/processed/text_patch512/digital3_dev/digital_3/bonafide/dba4d120419ef034888a.png,0.00157928466796875
POST_HOC_NATIVE_TEXT_PATCH512_DIAGNOSTIC,10,digital3_dev,digital_3,41c414b68070cd907f77,portugal-029_03,scan,name,71,test/attack/digital_3/scan/portugal-029_03.jpg,train/bonafide/scan/portugal-029_03.jpg,678,110,1190,622,665,326,1202,406,0,attack,1,data/processed/text_patch512/digital3_dev/digital_3/attack/41c414b68070cd907f77.png,0.0139007568359375
POST_HOC_NATIVE_TEXT_PATCH512_DIAGNOSTIC,10,digital3_dev,digital_3,41c414b68070cd907f77,portugal-029_03,scan,name,71,test/attack/digital_3/scan/portugal-029_03.jpg,train/bonafide/scan/portugal-029_03.jpg,678,110,1190,622,665,326,1202,406,0,bonafide,0,data/processed/text_patch512/digital3_dev/digital_3/bonafide/41c414b68070cd907f77.png,0.0005803108215332031
POST_HOC_NATIVE_TEXT_PATCH512_DIAGNOSTIC,10,digital3_dev,digital_3,ddcd819f178562019cb5,portugal-119_03,scan,dob,88,test/attack/digital_3/scan/portugal-119_03.jpg,train/bonafide/scan/portugal-119_03.jpg,1480,367,1992,879,1686,585,2010,661,0,attack,1,data/processed/text_patch512/digital3_dev/digital_3/attack/ddcd819f178562019cb5.png,2.282857894897461e-05
POST_HOC_NATIVE_TEXT_PATCH512_DIAGNOSTIC,10,digital3_dev,digital_3,ddcd819f178562019cb5,portugal-119_03,scan,dob,88,test/attack/digital_3/scan/portugal-119_03.jpg,train/bonafide/scan/portugal-119_03.jpg,1480,367,1992,879,1686,585,2010,661,0,bonafide,0,data/processed/text_patch512/digital3_dev/digital_3/bonafide/ddcd819f178562019cb5.png,0.000213623046875
POST_HOC_NATIVE_TEXT_PATCH512_DIAGNOSTIC,10,digital3_dev,digital_3,a8f6c4b337a1573f9dcd,portugal-119_03,scan,doe,88,test/attack/digital_3/scan/portugal-119_03.jpg,train/bonafide/scan/portugal-119_03.jpg,1188,535,1700,1047,1281,753,1607,829,0,attack,1,data/processed/text_patch512/digital3_dev/digital_3/attack/a8f6c4b337a1573f9dcd.png,3.415346145629883e-05
POST_HOC_NATIVE_TEXT_PATCH512_DIAGNOSTIC,10,digital3_dev,digital_3,a8f6c4b337a1573f9dcd,portugal-119_03,scan,doe,88,test/attack/digital_3/scan/portugal-119_03.jpg,train/bonafide/scan/portugal-119_03.jpg,1188,535,1700,1047,1281,753,1607,829,0,bonafide,0,data/processed/text_patch512/digital3_dev/digital_3/bonafide/a8f6c4b337a1573f9dcd.png,0.0002582073211669922
POST_HOC_NATIVE_TEXT_PATCH512_DIAGNOSTIC,10,digital3_dev,digital_3,cb7d799130681b822984,portugal-119_03,scan,name,88,test/attack/digital_3/scan/portugal-119_03.jpg,train/bonafide/scan/portugal-119_03.jpg,676,109,1188,621,671,326,1192,404,0,attack,1,data/processed/text_patch512/digital3_dev/digital_3/attack/cb7d799130681b822984.png,0.04620361328125
POST_HOC_NATIVE_TEXT_PATCH512_DIAGNOSTIC,10,digital3_dev,digital_3,cb7d799130681b822984,portugal-119_03,scan,name,88,test/attack/digital_3/scan/portugal-119_03.jpg,train/bonafide/scan/portugal-119_03.jpg,676,109,1188,621,671,326,1192,404,0,bonafide,0,data/processed/text_patch512/digital3_dev/digital_3/bonafide/cb7d799130681b822984.png,0.0007853507995605469
POST_HOC_NATIVE_TEXT_PATCH512_DIAGNOSTIC,10,digital3_dev,digital_3,03304b2dec861144c8ca,portugal-NF-1060,scan,dob,73,test/attack/digital_3/scan/portugal-NF-1060.jpg,train/bonafide/scan/portugal-NF-1060.jpg,1483,346,1995,858,1687,568,2015,635,0,attack,1,data/processed/text_patch512/digital3_dev/digital_3/attack/03304b2dec861144c8ca.png,0.00254058837890625
POST_HOC_NATIVE_TEXT_PATCH512_DIAGNOSTIC,10,digital3_dev,digital_3,03304b2dec861144c8ca,portugal-NF-1060,scan,dob,73,test/attack/digital_3/scan/portugal-NF-1060.jpg,train/bonafide/scan/portugal-NF-1060.jpg,1483,346,1995,858,1687,568,2015,635,0,bonafide,0,data/processed/text_patch512/digital3_dev/digital_3/bonafide/03304b2dec861144c8ca.png,0.0014162063598632812
POST_HOC_NATIVE_TEXT_PATCH512_DIAGNOSTIC,10,digital3_dev,digital_3,5f3895fbd4f42ac98846,portugal-NF-1060,scan,doe,73,test/attack/digital_3/scan/portugal-NF-1060.jpg,train/bonafide/scan/portugal-NF-1060.jpg,1195,524,1707,1036,1287,747,1615,814,0,attack,1,data/processed/text_patch512/digital3_dev/digital_3/attack/5f3895fbd4f42ac98846.png,0.00015664100646972656
POST_HOC_NATIVE_TEXT_PATCH512_DIAGNOSTIC,10,digital3_dev,digital_3,5f3895fbd4f42ac98846,portugal-NF-1060,scan,doe,73,test/attack/digital_3/scan/portugal-NF-1060.jpg,train/bonafide/scan/portugal-NF-1060.jpg,1195,524,1707,1036,1287,747,1615,814,0,bonafide,0,data/processed/text_patch512/digital3_dev/digital_3/bonafide/5f3895fbd4f42ac98846.png,0.0018529891967773438
POST_HOC_NATIVE_TEXT_PATCH512_DIAGNOSTIC,10,digital3_dev,digital_3,9379c38770e921f909d8,portugal-NF-1060,scan,name,73,test/attack/digital_3/scan/portugal-NF-1060.jpg,train/bonafide/scan/portugal-NF-1060.jpg,702,112,1214,624,659,336,1256,400,0,attack,1,data/processed/text_patch512/digital3_dev/digital_3/attack/9379c38770e921f909d8.png,0.38427734375
POST_HOC_NATIVE_TEXT_PATCH512_DIAGNOSTIC,10,digital3_dev,digital_3,9379c38770e921f909d8,portugal-NF-1060,scan,name,73,test/attack/digital_3/scan/portugal-NF-1060.jpg,train/bonafide/scan/portugal-NF-1060.jpg,702,112,1214,624,659,336,1256,400,0,bonafide,0,data/processed/text_patch512/digital3_dev/digital_3/bonafide/9379c38770e921f909d8.png,0.0003306865692138672
POST_HOC_NATIVE_TEXT_PATCH512_DIAGNOSTIC,10,digital3_dev,digital_3,8b23b7cd18184cec4d3f,portugal-NF-1066,scan,dob,80,test/attack/digital_3/scan/portugal-NF-1066.jpg,train/bonafide/scan/portugal-NF-1066.jpg,1483,368,1995,880,1683,586,2008,662,0,attack,1,data/processed/text_patch512/digital3_dev/digital_3/attack/8b23b7cd18184cec4d3f.png,0.0002111196517944336
POST_HOC_NATIVE_TEXT_PATCH512_DIAGNOSTIC,10,digital3_dev,digital_3,8b23b7cd18184cec4d3f,portugal-NF-1066,scan,dob,80,test/attack/digital_3/scan/portugal-NF-1066.jpg,train/bonafide/scan/portugal-NF-1066.jpg,1483,368,1995,880,1683,586,2008,662,0,bonafide,0,data/processed/text_patch512/digital3_dev/digital_3/bonafide/8b23b7cd18184cec4d3f.png,0.0006203651428222656
POST_HOC_NATIVE_TEXT_PATCH512_DIAGNOSTIC,10,digital3_dev,digital_3,e3584a428b11b2d06f34,portugal-NF-1066,scan,doe,80,test/attack/digital_3/scan/portugal-NF-1066.jpg,train/bonafide/scan/portugal-NF-1066.jpg,1184,536,1696,1048,1278,754,1603,830,0,attack,1,data/processed/text_patch512/digital3_dev/digital_3/attack/e3584a428b11b2d06f34.png,5.519390106201172e-05
POST_HOC_NATIVE_TEXT_PATCH512_DIAGNOSTIC,10,digital3_dev,digital_3,e3584a428b11b2d06f34,portugal-NF-1066,scan,doe,80,test/attack/digital_3/scan/portugal-NF-1066.jpg,train/bonafide/scan/portugal-NF-1066.jpg,1184,536,1696,1048,1278,754,1603,830,0,bonafide,0,data/processed/text_patch512/digital3_dev/digital_3/bonafide/e3584a428b11b2d06f34.png,0.0002999305725097656
POST_HOC_NATIVE_TEXT_PATCH512_DIAGNOSTIC,10,digital3_dev,digital_3,0741b103a7e893d5f41f,portugal-NF-1066,scan,name,80,test/attack/digital_3/scan/portugal-NF-1066.jpg,train/bonafide/scan/portugal-NF-1066.jpg,689,109,1201,621,668,325,1222,405,0,attack,1,data/processed/text_patch512/digital3_dev/digital_3/attack/0741b103a7e893d5f41f.png,0.008544921875
POST_HOC_NATIVE_TEXT_PATCH512_DIAGNOSTIC,10,digital3_dev,digital_3,0741b103a7e893d5f41f,portugal-NF-1066,scan,name,80,test/attack/digital_3/scan/portugal-NF-1066.jpg,train/bonafide/scan/portugal-NF-1066.jpg,689,109,1201,621,668,325,1222,405,0,bonafide,0,data/processed/text_patch512/digital3_dev/digital_3/bonafide/0741b103a7e893d5f41f.png,0.0024967193603515625
POST_HOC_NATIVE_TEXT_PATCH512_DIAGNOSTIC,10,digital3_dev,digital_3,58e90971fdae9c864bf0,portugal-NF-1109,scan,dob,87,test/attack/digital_3/scan/portugal-NF-1109.jpg,train/bonafide/scan/portugal-NF-1109.jpg,1483,346,1995,858,1683,568,2011,635,0,attack,1,data/processed/text_patch512/digital3_dev/digital_3/attack/58e90971fdae9c864bf0.png,0.00478363037109375
POST_HOC_NATIVE_TEXT_PATCH512_DIAGNOSTIC,10,digital3_dev,digital_3,58e90971fdae9c864bf0,portugal-NF-1109,scan,dob,87,test/attack/digital_3/scan/portugal-NF-1109.jpg,train/bonafide/scan/portugal-NF-1109.jpg,1483,346,1995,858,1683,568,2011,635,0,bonafide,0,data/processed/text_patch512/digital3_dev/digital_3/bonafide/58e90971fdae9c864bf0.png,0.0013227462768554688
POST_HOC_NATIVE_TEXT_PATCH512_DIAGNOSTIC,10,digital3_dev,digital_3,03abdccb4c144ec70115,portugal-NF-1109,scan,doe,87,test/attack/digital_3/scan/portugal-NF-1109.jpg,train/bonafide/scan/portugal-NF-1109.jpg,1194,524,1706,1036,1285,747,1615,814,0,attack,1,data/processed/text_patch512/digital3_dev/digital_3/attack/03abdccb4c144ec70115.png,0.0003380775451660156
POST_HOC_NATIVE_TEXT_PATCH512_DIAGNOSTIC,10,digital3_dev,digital_3,03abdccb4c144ec70115,portugal-NF-1109,scan,doe,87,test/attack/digital_3/scan/portugal-NF-1109.jpg,train/bonafide/scan/portugal-NF-1109.jpg,1194,524,1706,1036,1285,747,1615,814,0,bonafide,0,data/processed/text_patch512/digital3_dev/digital_3/bonafide/03abdccb4c144ec70115.png,0.0014925003051757812
POST_HOC_NATIVE_TEXT_PATCH512_DIAGNOSTIC,10,digital3_dev,digital_3,00ecae877820d80ee127,portugal-NF-1109,scan,name,87,test/attack/digital_3/scan/portugal-NF-1109.jpg,train/bonafide/scan/portugal-NF-1109.jpg,684,113,1196,625,656,336,1095,402,0,attack,1,data/processed/text_patch512/digital3_dev/digital_3/attack/00ecae877820d80ee127.png,0.067138671875
POST_HOC_NATIVE_TEXT_PATCH512_DIAGNOSTIC,10,digital3_dev,digital_3,00ecae877820d80ee127,portugal-NF-1109,scan,name,87,test/attack/digital_3/scan/portugal-NF-1109.jpg,train/bonafide/scan/portugal-NF-1109.jpg,684,113,1196,625,656,336,1095,402,0,bonafide,0,data/processed/text_patch512/digital3_dev/digital_3/bonafide/00ecae877820d80ee127.png,0.0015363693237304688
POST_HOC_NATIVE_TEXT_PATCH512_DIAGNOSTIC,10,digital3_dev,digital_3,e874498e57f849cb6638,russian-062_03,scan,dob,69,test/attack/digital_3/scan/russian-062_03.jpg,train/bonafide/scan/russian-062_03.jpg,614,449,1126,961,695,675,981,735,0,attack,1,data/processed/text_patch512/digital3_dev/digital_3/attack/e874498e57f849cb6638.png,0.0007686614990234375
POST_HOC_NATIVE_TEXT_PATCH512_DIAGNOSTIC,10,digital3_dev,digital_3,e874498e57f849cb6638,russian-062_03,scan,dob,69,test/attack/digital_3/scan/russian-062_03.jpg,train/bonafide/scan/russian-062_03.jpg,614,449,1126,961,695,675,981,735,0,bonafide,0,data/processed/text_patch512/digital3_dev/digital_3/bonafide/e874498e57f849cb6638.png,0.0007152557373046875
POST_HOC_NATIVE_TEXT_PATCH512_DIAGNOSTIC,10,digital3_dev,digital_3,3a8267a7b9504cbcb513,russian-062_03,scan,doe,69,test/attack/digital_3/scan/russian-062_03.jpg,train/bonafide/scan/russian-062_03.jpg,623,735,1135,1247,704,1136,990,1196,0,attack,1,data/processed/text_patch512/digital3_dev/digital_3/attack/3a8267a7b9504cbcb513.png,0.00167083740234375
POST_HOC_NATIVE_TEXT_PATCH512_DIAGNOSTIC,10,digital3_dev,digital_3,3a8267a7b9504cbcb513,russian-062_03,scan,doe,69,test/attack/digital_3/scan/russian-062_03.jpg,train/bonafide/scan/russian-062_03.jpg,623,735,1135,1247,704,1136,990,1196,0,bonafide,0,data/processed/text_patch512/digital3_dev/digital_3/bonafide/3a8267a7b9504cbcb513.png,0.1837158203125
POST_HOC_NATIVE_TEXT_PATCH512_DIAGNOSTIC,10,digital3_dev,digital_3,e4a8bc74b6dc488a0443,russian-062_03,scan,name_en,69,test/attack/digital_3/scan/russian-062_03.jpg,train/bonafide/scan/russian-062_03.jpg,640,294,1152,806,693,521,1100,579,0,attack,1,data/processed/text_patch512/digital3_dev/digital_3/attack/e4a8bc74b6dc488a0443.png,0.00012481212615966797
POST_HOC_NATIVE_TEXT_PATCH512_DIAGNOSTIC,10,digital3_dev,digital_3,e4a8bc74b6dc488a0443,russian-062_03,scan,name_en,69,test/attack/digital_3/scan/russian-062_03.jpg,train/bonafide/scan/russian-062_03.jpg,640,294,1152,806,693,521,1100,579,0,bonafide,0,data/processed/text_patch512/digital3_dev/digital_3/bonafide/e4a8bc74b6dc488a0443.png,0.00016224384307861328
POST_HOC_NATIVE_TEXT_PATCH512_DIAGNOSTIC,10,digital3_dev,digital_3,56b85e91eea79ce41800,russian-132_03,scan,dob,53,test/attack/digital_3/scan/russian-132_03.jpg,train/bonafide/scan/russian-132_03.jpg,618,447,1130,959,700,673,985,733,0,attack,1,data/processed/text_patch512/digital3_dev/digital_3/attack/56b85e91eea79ce41800.png,0.004299163818359375
POST_HOC_NATIVE_TEXT_PATCH512_DIAGNOSTIC,10,digital3_dev,digital_3,56b85e91eea79ce41800,russian-132_03,scan,dob,53,test/attack/digital_3/scan/russian-132_03.jpg,train/bonafide/scan/russian-132_03.jpg,618,447,1130,959,700,673,985,733,0,bonafide,0,data/processed/text_patch512/digital3_dev/digital_3/bonafide/56b85e91eea79ce41800.png,0.0024585723876953125
POST_HOC_NATIVE_TEXT_PATCH512_DIAGNOSTIC,10,digital3_dev,digital_3,e94dc01c16c5c77cf4b7,russian-132_03,scan,doe,53,test/attack/digital_3/scan/russian-132_03.jpg,train/bonafide/scan/russian-132_03.jpg,626,735,1138,1247,707,1136,992,1196,0,attack,1,data/processed/text_patch512/digital3_dev/digital_3/attack/e94dc01c16c5c77cf4b7.png,0.002216339111328125
POST_HOC_NATIVE_TEXT_PATCH512_DIAGNOSTIC,10,digital3_dev,digital_3,e94dc01c16c5c77cf4b7,russian-132_03,scan,doe,53,test/attack/digital_3/scan/russian-132_03.jpg,train/bonafide/scan/russian-132_03.jpg,626,735,1138,1247,707,1136,992,1196,0,bonafide,0,data/processed/text_patch512/digital3_dev/digital_3/bonafide/e94dc01c16c5c77cf4b7.png,0.00550079345703125
POST_HOC_NATIVE_TEXT_PATCH512_DIAGNOSTIC,10,digital3_dev,digital_3,25de4165c008e6d54f6b,russian-132_03,scan,name_en,53,test/attack/digital_3/scan/russian-132_03.jpg,train/bonafide/scan/russian-132_03.jpg,598,294,1110,806,696,519,883,581,0,attack,1,data/processed/text_patch512/digital3_dev/digital_3/attack/25de4165c008e6d54f6b.png,0.007373809814453125
POST_HOC_NATIVE_TEXT_PATCH512_DIAGNOSTIC,10,digital3_dev,digital_3,25de4165c008e6d54f6b,russian-132_03,scan,name_en,53,test/attack/digital_3/scan/russian-132_03.jpg,train/bonafide/scan/russian-132_03.jpg,598,294,1110,806,696,519,883,581,0,bonafide,0,data/processed/text_patch512/digital3_dev/digital_3/bonafide/25de4165c008e6d54f6b.png,0.003330230712890625
POST_HOC_NATIVE_TEXT_PATCH512_DIAGNOSTIC,10,digital3_dev,digital_3,6fce7fa1ef7680dcdc1e,russian-NF-1089,scan,dob,80,test/attack/digital_3/scan/russian-NF-1089.jpg,train/bonafide/scan/russian-NF-1089.jpg,618,446,1130,958,699,672,986,732,0,attack,1,data/processed/text_patch512/digital3_dev/digital_3/attack/6fce7fa1ef7680dcdc1e.png,0.00208282470703125
POST_HOC_NATIVE_TEXT_PATCH512_DIAGNOSTIC,10,digital3_dev,digital_3,6fce7fa1ef7680dcdc1e,russian-NF-1089,scan,dob,80,test/attack/digital_3/scan/russian-NF-1089.jpg,train/bonafide/scan/russian-NF-1089.jpg,618,446,1130,958,699,672,986,732,0,bonafide,0,data/processed/text_patch512/digital3_dev/digital_3/bonafide/6fce7fa1ef7680dcdc1e.png,0.2216796875
POST_HOC_NATIVE_TEXT_PATCH512_DIAGNOSTIC,10,digital3_dev,digital_3,cb228514a6bc8310760a,russian-NF-1089,scan,doe,80,test/attack/digital_3/scan/russian-NF-1089.jpg,train/bonafide/scan/russian-NF-1089.jpg,626,734,1138,1246,708,1137,993,1197,0,attack,1,data/processed/text_patch512/digital3_dev/digital_3/attack/cb228514a6bc8310760a.png,0.0018100738525390625
POST_HOC_NATIVE_TEXT_PATCH512_DIAGNOSTIC,10,digital3_dev,digital_3,cb228514a6bc8310760a,russian-NF-1089,scan,doe,80,test/attack/digital_3/scan/russian-NF-1089.jpg,train/bonafide/scan/russian-NF-1089.jpg,626,734,1138,1246,708,1137,993,1197,0,bonafide,0,data/processed/text_patch512/digital3_dev/digital_3/bonafide/cb228514a6bc8310760a.png,0.1829833984375
POST_HOC_NATIVE_TEXT_PATCH512_DIAGNOSTIC,10,digital3_dev,digital_3,0d7a542e6ab0ecc4c749,russian-NF-1089,scan,name_en,80,test/attack/digital_3/scan/russian-NF-1089.jpg,train/bonafide/scan/russian-NF-1089.jpg,617,296,1129,808,696,521,922,583,0,attack,1,data/processed/text_patch512/digital3_dev/digital_3/attack/0d7a542e6ab0ecc4c749.png,0.0004935264587402344
POST_HOC_NATIVE_TEXT_PATCH512_DIAGNOSTIC,10,digital3_dev,digital_3,0d7a542e6ab0ecc4c749,russian-NF-1089,scan,name_en,80,test/attack/digital_3/scan/russian-NF-1089.jpg,train/bonafide/scan/russian-NF-1089.jpg,617,296,1129,808,696,521,922,583,0,bonafide,0,data/processed/text_patch512/digital3_dev/digital_3/bonafide/0d7a542e6ab0ecc4c749.png,0.062225341796875
POST_HOC_NATIVE_TEXT_PATCH512_DIAGNOSTIC,10,digital3_dev,digital_3,1a7777b93ae47d612bcf,russian-NF-1099,scan,dob,53,test/attack/digital_3/scan/russian-NF-1099.jpg,train/bonafide/scan/russian-NF-1099.jpg,583,442,1095,954,697,665,981,732,0,attack,1,data/processed/text_patch512/digital3_dev/digital_3/attack/1a7777b93ae47d612bcf.png,0.010650634765625
POST_HOC_NATIVE_TEXT_PATCH512_DIAGNOSTIC,10,digital3_dev,digital_3,1a7777b93ae47d612bcf,russian-NF-1099,scan,dob,53,test/attack/digital_3/scan/russian-NF-1099.jpg,train/bonafide/scan/russian-NF-1099.jpg,583,442,1095,954,697,665,981,732,0,bonafide,0,data/processed/text_patch512/digital3_dev/digital_3/bonafide/1a7777b93ae47d612bcf.png,0.0032291412353515625
POST_HOC_NATIVE_TEXT_PATCH512_DIAGNOSTIC,10,digital3_dev,digital_3,247fa4e4f0a9a1b981cc,russian-NF-1099,scan,doe,53,test/attack/digital_3/scan/russian-NF-1099.jpg,train/bonafide/scan/russian-NF-1099.jpg,602,738,1114,1250,684,1129,968,1196,0,attack,1,data/processed/text_patch512/digital3_dev/digital_3/attack/247fa4e4f0a9a1b981cc.png,0.00010150671005249023
POST_HOC_NATIVE_TEXT_PATCH512_DIAGNOSTIC,10,digital3_dev,digital_3,247fa4e4f0a9a1b981cc,russian-NF-1099,scan,doe,53,test/attack/digital_3/scan/russian-NF-1099.jpg,train/bonafide/scan/russian-NF-1099.jpg,602,738,1114,1250,684,1129,968,1196,0,bonafide,0,data/processed/text_patch512/digital3_dev/digital_3/bonafide/247fa4e4f0a9a1b981cc.png,0.0021190643310546875
POST_HOC_NATIVE_TEXT_PATCH512_DIAGNOSTIC,10,digital3_dev,digital_3,e30e34d0218008530e94,russian-NF-1099,scan,name_en,53,test/attack/digital_3/scan/russian-NF-1099.jpg,train/bonafide/scan/russian-NF-1099.jpg,678,292,1190,804,700,513,1168,584,0,attack,1,data/processed/text_patch512/digital3_dev/digital_3/attack/e30e34d0218008530e94.png,0.0090179443359375
POST_HOC_NATIVE_TEXT_PATCH512_DIAGNOSTIC,10,digital3_dev,digital_3,e30e34d0218008530e94,russian-NF-1099,scan,name_en,53,test/attack/digital_3/scan/russian-NF-1099.jpg,train/bonafide/scan/russian-NF-1099.jpg,678,292,1190,804,700,513,1168,584,0,bonafide,0,data/processed/text_patch512/digital3_dev/digital_3/bonafide/e30e34d0218008530e94.png,0.003021240234375
POST_HOC_NATIVE_TEXT_PATCH512_DIAGNOSTIC,10,digital3_dev,digital_3,3996d193fa9958c1623c,turkiye-032_03,scan,dob,53,test/attack/digital_3/scan/turkiye-032_03.jpg,train/bonafide/scan/turkiye-032_03.jpg,602,571,1114,1083,628,789,961,865,0,attack,1,data/processed/text_patch512/digital3_dev/digital_3/attack/3996d193fa9958c1623c.png,5.561113357543945e-05
POST_HOC_NATIVE_TEXT_PATCH512_DIAGNOSTIC,10,digital3_dev,digital_3,3996d193fa9958c1623c,turkiye-032_03,scan,dob,53,test/attack/digital_3/scan/turkiye-032_03.jpg,train/bonafide/scan/turkiye-032_03.jpg,602,571,1114,1083,628,789,961,865,0,bonafide,0,data/processed/text_patch512/digital3_dev/digital_3/bonafide/3996d193fa9958c1623c.png,0.003780364990234375
POST_HOC_NATIVE_TEXT_PATCH512_DIAGNOSTIC,10,digital3_dev,digital_3,47dd38874f5412f77484,turkiye-032_03,scan,doe,53,test/attack/digital_3/scan/turkiye-032_03.jpg,train/bonafide/scan/turkiye-032_03.jpg,596,740,1108,1252,621,1104,954,1180,0,attack,1,data/processed/text_patch512/digital3_dev/digital_3/attack/47dd38874f5412f77484.png,0.0007495880126953125
POST_HOC_NATIVE_TEXT_PATCH512_DIAGNOSTIC,10,digital3_dev,digital_3,47dd38874f5412f77484,turkiye-032_03,scan,doe,53,test/attack/digital_3/scan/turkiye-032_03.jpg,train/bonafide/scan/turkiye-032_03.jpg,596,740,1108,1252,621,1104,954,1180,0,bonafide,0,data/processed/text_patch512/digital3_dev/digital_3/bonafide/47dd38874f5412f77484.png,0.00907135009765625
POST_HOC_NATIVE_TEXT_PATCH512_DIAGNOSTIC,10,digital3_dev,digital_3,2bc5d9025d2a4b03f020,turkiye-032_03,scan,name_other,53,test/attack/digital_3/scan/turkiye-032_03.jpg,train/bonafide/scan/turkiye-032_03.jpg,594,414,1106,926,631,633,813,708,0,attack,1,data/processed/text_patch512/digital3_dev/digital_3/attack/2bc5d9025d2a4b03f020.png,0.0006814002990722656
POST_HOC_NATIVE_TEXT_PATCH512_DIAGNOSTIC,10,digital3_dev,digital_3,2bc5d9025d2a4b03f020,turkiye-032_03,scan,name_other,53,test/attack/digital_3/scan/turkiye-032_03.jpg,train/bonafide/scan/turkiye-032_03.jpg,594,414,1106,926,631,633,813,708,0,bonafide,0,data/processed/text_patch512/digital3_dev/digital_3/bonafide/2bc5d9025d2a4b03f020.png,0.0426025390625
POST_HOC_NATIVE_TEXT_PATCH512_DIAGNOSTIC,10,digital3_dev,digital_3,51bf336032943544110e,turkiye-101_03,scan,dob,76,test/attack/digital_3/scan/turkiye-101_03.jpg,train/bonafide/scan/turkiye-101_03.jpg,604,578,1116,1090,631,796,962,871,0,attack,1,data/processed/text_patch512/digital3_dev/digital_3/attack/51bf336032943544110e.png,1.9669532775878906e-05
POST_HOC_NATIVE_TEXT_PATCH512_DIAGNOSTIC,10,digital3_dev,digital_3,51bf336032943544110e,turkiye-101_03,scan,dob,76,test/attack/digital_3/scan/turkiye-101_03.jpg,train/bonafide/scan/turkiye-101_03.jpg,604,578,1116,1090,631,796,962,871,0,bonafide,0,data/processed/text_patch512/digital3_dev/digital_3/bonafide/51bf336032943544110e.png,0.00015842914581298828
POST_HOC_NATIVE_TEXT_PATCH512_DIAGNOSTIC,10,digital3_dev,digital_3,92849c75cba7141ef8e0,turkiye-101_03,scan,doe,76,test/attack/digital_3/scan/turkiye-101_03.jpg,train/bonafide/scan/turkiye-101_03.jpg,600,740,1112,1252,626,1109,957,1184,0,attack,1,data/processed/text_patch512/digital3_dev/digital_3/attack/92849c75cba7141ef8e0.png,8.887052536010742e-05
POST_HOC_NATIVE_TEXT_PATCH512_DIAGNOSTIC,10,digital3_dev,digital_3,92849c75cba7141ef8e0,turkiye-101_03,scan,doe,76,test/attack/digital_3/scan/turkiye-101_03.jpg,train/bonafide/scan/turkiye-101_03.jpg,600,740,1112,1252,626,1109,957,1184,0,bonafide,0,data/processed/text_patch512/digital3_dev/digital_3/bonafide/92849c75cba7141ef8e0.png,5.412101745605469e-05
POST_HOC_NATIVE_TEXT_PATCH512_DIAGNOSTIC,10,digital3_dev,digital_3,0e5a6abd9d4e63160717,turkiye-101_03,scan,name,76,test/attack/digital_3/scan/turkiye-101_03.jpg,train/bonafide/scan/turkiye-101_03.jpg,589,420,1101,932,635,640,799,713,0,attack,1,data/processed/text_patch512/digital3_dev/digital_3/attack/0e5a6abd9d4e63160717.png,0.00044155120849609375
POST_HOC_NATIVE_TEXT_PATCH512_DIAGNOSTIC,10,digital3_dev,digital_3,0e5a6abd9d4e63160717,turkiye-101_03,scan,name,76,test/attack/digital_3/scan/turkiye-101_03.jpg,train/bonafide/scan/turkiye-101_03.jpg,589,420,1101,932,635,640,799,713,0,bonafide,0,data/processed/text_patch512/digital3_dev/digital_3/bonafide/0e5a6abd9d4e63160717.png,0.0012769699096679688
POST_HOC_NATIVE_TEXT_PATCH512_DIAGNOSTIC,10,digital3_dev,digital_3,e0b807893f2e6389f022,turkiye-104_03,scan,dob,57,test/attack/digital_3/scan/turkiye-104_03.jpg,train/bonafide/scan/turkiye-104_03.jpg,615,576,1127,1088,640,799,974,866,0,attack,1,data/processed/text_patch512/digital3_dev/digital_3/attack/e0b807893f2e6389f022.png,0.0001971721649169922
POST_HOC_NATIVE_TEXT_PATCH512_DIAGNOSTIC,10,digital3_dev,digital_3,e0b807893f2e6389f022,turkiye-104_03,scan,dob,57,test/attack/digital_3/scan/turkiye-104_03.jpg,train/bonafide/scan/turkiye-104_03.jpg,615,576,1127,1088,640,799,974,866,0,bonafide,0,data/processed/text_patch512/digital3_dev/digital_3/bonafide/e0b807893f2e6389f022.png,0.0008058547973632812
POST_HOC_NATIVE_TEXT_PATCH512_DIAGNOSTIC,10,digital3_dev,digital_3,7382b532785898a1a368,turkiye-104_03,scan,doe,57,test/attack/digital_3/scan/turkiye-104_03.jpg,train/bonafide/scan/turkiye-104_03.jpg,620,738,1132,1250,645,1114,979,1181,0,attack,1,data/processed/text_patch512/digital3_dev/digital_3/attack/7382b532785898a1a368.png,0.0003535747528076172
POST_HOC_NATIVE_TEXT_PATCH512_DIAGNOSTIC,10,digital3_dev,digital_3,7382b532785898a1a368,turkiye-104_03,scan,doe,57,test/attack/digital_3/scan/turkiye-104_03.jpg,train/bonafide/scan/turkiye-104_03.jpg,620,738,1132,1250,645,1114,979,1181,0,bonafide,0,data/processed/text_patch512/digital3_dev/digital_3/bonafide/7382b532785898a1a368.png,0.00022423267364501953
POST_HOC_NATIVE_TEXT_PATCH512_DIAGNOSTIC,10,digital3_dev,digital_3,f133edf45d7469bb0034,turkiye-104_03,scan,name,57,test/attack/digital_3/scan/turkiye-104_03.jpg,train/bonafide/scan/turkiye-104_03.jpg,602,422,1114,934,637,644,824,713,0,attack,1,data/processed/text_patch512/digital3_dev/digital_3/attack/f133edf45d7469bb0034.png,0.002346038818359375
POST_HOC_NATIVE_TEXT_PATCH512_DIAGNOSTIC,10,digital3_dev,digital_3,f133edf45d7469bb0034,turkiye-104_03,scan,name,57,test/attack/digital_3/scan/turkiye-104_03.jpg,train/bonafide/scan/turkiye-104_03.jpg,602,422,1114,934,637,644,824,713,0,bonafide,0,data/processed/text_patch512/digital3_dev/digital_3/bonafide/f133edf45d7469bb0034.png,0.0038394927978515625
POST_HOC_NATIVE_TEXT_PATCH512_DIAGNOSTIC,10,digital3_dev,digital_3,cb7ccca6a7942eb87c4a,turkiye-115_03,scan,dob,87,test/attack/digital_3/scan/turkiye-115_03.jpg,train/bonafide/scan/turkiye-115_03.jpg,616,576,1128,1088,640,798,976,866,0,attack,1,data/processed/text_patch512/digital3_dev/digital_3/attack/cb7ccca6a7942eb87c4a.png,0.000705718994140625
POST_HOC_NATIVE_TEXT_PATCH512_DIAGNOSTIC,10,digital3_dev,digital_3,cb7ccca6a7942eb87c4a,turkiye-115_03,scan,dob,87,test/attack/digital_3/scan/turkiye-115_03.jpg,train/bonafide/scan/turkiye-115_03.jpg,616,576,1128,1088,640,798,976,866,0,bonafide,0,data/processed/text_patch512/digital3_dev/digital_3/bonafide/cb7ccca6a7942eb87c4a.png,0.00011867284774780273
POST_HOC_NATIVE_TEXT_PATCH512_DIAGNOSTIC,10,digital3_dev,digital_3,913d007e5e8f2ae28200,turkiye-115_03,scan,doe,87,test/attack/digital_3/scan/turkiye-115_03.jpg,train/bonafide/scan/turkiye-115_03.jpg,622,736,1134,1248,646,1113,982,1181,0,attack,1,data/processed/text_patch512/digital3_dev/digital_3/attack/913d007e5e8f2ae28200.png,9.953975677490234e-06
POST_HOC_NATIVE_TEXT_PATCH512_DIAGNOSTIC,10,digital3_dev,digital_3,913d007e5e8f2ae28200,turkiye-115_03,scan,doe,87,test/attack/digital_3/scan/turkiye-115_03.jpg,train/bonafide/scan/turkiye-115_03.jpg,622,736,1134,1248,646,1113,982,1181,0,bonafide,0,data/processed/text_patch512/digital3_dev/digital_3/bonafide/913d007e5e8f2ae28200.png,2.193450927734375e-05
POST_HOC_NATIVE_TEXT_PATCH512_DIAGNOSTIC,10,digital3_dev,digital_3,83d7038bf7ca7cdeeb75,turkiye-115_03,scan,name,87,test/attack/digital_3/scan/turkiye-115_03.jpg,train/bonafide/scan/turkiye-115_03.jpg,620,420,1132,932,637,642,796,711,0,attack,1,data/processed/text_patch512/digital3_dev/digital_3/attack/83d7038bf7ca7cdeeb75.png,0.10028076171875
POST_HOC_NATIVE_TEXT_PATCH512_DIAGNOSTIC,10,digital3_dev,digital_3,83d7038bf7ca7cdeeb75,turkiye-115_03,scan,name,87,test/attack/digital_3/scan/turkiye-115_03.jpg,train/bonafide/scan/turkiye-115_03.jpg,620,420,1132,932,637,642,796,711,0,bonafide,0,data/processed/text_patch512/digital3_dev/digital_3/bonafide/83d7038bf7ca7cdeeb75.png,0.00258636474609375
POST_HOC_NATIVE_TEXT_PATCH512_DIAGNOSTIC,10,digital3_dev,digital_3,67b308ba034d741880e9,turkiye-NF-1002,scan,dob,88,test/attack/digital_3/scan/turkiye-NF-1002.jpg,train/bonafide/scan/turkiye-NF-1002.jpg,608,578,1120,1090,633,801,966,868,0,attack,1,data/processed/text_patch512/digital3_dev/digital_3/attack/67b308ba034d741880e9.png,0.00012242794036865234
POST_HOC_NATIVE_TEXT_PATCH512_DIAGNOSTIC,10,digital3_dev,digital_3,67b308ba034d741880e9,turkiye-NF-1002,scan,dob,88,test/attack/digital_3/scan/turkiye-NF-1002.jpg,train/bonafide/scan/turkiye-NF-1002.jpg,608,578,1120,1090,633,801,966,868,0,bonafide,0,data/processed/text_patch512/digital3_dev/digital_3/bonafide/67b308ba034d741880e9.png,7.599592208862305e-05
POST_HOC_NATIVE_TEXT_PATCH512_DIAGNOSTIC,10,digital3_dev,digital_3,ffe13247470aaf661d1b,turkiye-NF-1002,scan,doe,88,test/attack/digital_3/scan/turkiye-NF-1002.jpg,train/bonafide/scan/turkiye-NF-1002.jpg,616,738,1128,1250,641,1114,974,1181,0,attack,1,data/processed/text_patch512/digital3_dev/digital_3/attack/ffe13247470aaf661d1b.png,9.995698928833008e-05
POST_HOC_NATIVE_TEXT_PATCH512_DIAGNOSTIC,10,digital3_dev,digital_3,ffe13247470aaf661d1b,turkiye-NF-1002,scan,doe,88,test/attack/digital_3/scan/turkiye-NF-1002.jpg,train/bonafide/scan/turkiye-NF-1002.jpg,616,738,1128,1250,641,1114,974,1181,0,bonafide,0,data/processed/text_patch512/digital3_dev/digital_3/bonafide/ffe13247470aaf661d1b.png,1.4781951904296875e-05
POST_HOC_NATIVE_TEXT_PATCH512_DIAGNOSTIC,10,digital3_dev,digital_3,d639c396e08ccbe222bb,turkiye-NF-1002,scan,name,88,test/attack/digital_3/scan/turkiye-NF-1002.jpg,train/bonafide/scan/turkiye-NF-1002.jpg,609,424,1121,936,632,646,778,715,0,attack,1,data/processed/text_patch512/digital3_dev/digital_3/attack/d639c396e08ccbe222bb.png,0.0015401840209960938
POST_HOC_NATIVE_TEXT_PATCH512_DIAGNOSTIC,10,digital3_dev,digital_3,d639c396e08ccbe222bb,turkiye-NF-1002,scan,name,88,test/attack/digital_3/scan/turkiye-NF-1002.jpg,train/bonafide/scan/turkiye-NF-1002.jpg,609,424,1121,936,632,646,778,715,0,bonafide,0,data/processed/text_patch512/digital3_dev/digital_3/bonafide/d639c396e08ccbe222bb.png,0.0011768341064453125
POST_HOC_NATIVE_TEXT_PATCH512_DIAGNOSTIC,10,digital3_dev,digital_3,3485c2943a7e215d85ad,turkiye-NM-1055,scan,dob,74,test/attack/digital_3/scan/turkiye-NM-1055.jpg,train/bonafide/scan/turkiye-NM-1055.jpg,604,572,1116,1084,630,790,962,866,0,attack,1,data/processed/text_patch512/digital3_dev/digital_3/attack/3485c2943a7e215d85ad.png,1.52587890625e-05
POST_HOC_NATIVE_TEXT_PATCH512_DIAGNOSTIC,10,digital3_dev,digital_3,3485c2943a7e215d85ad,turkiye-NM-1055,scan,dob,74,test/attack/digital_3/scan/turkiye-NM-1055.jpg,train/bonafide/scan/turkiye-NM-1055.jpg,604,572,1116,1084,630,790,962,866,0,bonafide,0,data/processed/text_patch512/digital3_dev/digital_3/bonafide/3485c2943a7e215d85ad.png,0.00024068355560302734
POST_HOC_NATIVE_TEXT_PATCH512_DIAGNOSTIC,10,digital3_dev,digital_3,a4472f5478552ae9e490,turkiye-NM-1055,scan,doe,74,test/attack/digital_3/scan/turkiye-NM-1055.jpg,train/bonafide/scan/turkiye-NM-1055.jpg,598,737,1110,1249,624,1104,956,1180,0,attack,1,data/processed/text_patch512/digital3_dev/digital_3/attack/a4472f5478552ae9e490.png,0.00018596649169921875
POST_HOC_NATIVE_TEXT_PATCH512_DIAGNOSTIC,10,digital3_dev,digital_3,a4472f5478552ae9e490,turkiye-NM-1055,scan,doe,74,test/attack/digital_3/scan/turkiye-NM-1055.jpg,train/bonafide/scan/turkiye-NM-1055.jpg,598,737,1110,1249,624,1104,956,1180,0,bonafide,0,data/processed/text_patch512/digital3_dev/digital_3/bonafide/a4472f5478552ae9e490.png,0.0003800392150878906
POST_HOC_NATIVE_TEXT_PATCH512_DIAGNOSTIC,10,digital3_dev,digital_3,03b601ff4e6b1ccb7794,turkiye-NM-1055,scan,name,74,test/attack/digital_3/scan/turkiye-NM-1055.jpg,train/bonafide/scan/turkiye-NM-1055.jpg,598,416,1110,928,633,635,820,709,0,attack,1,data/processed/text_patch512/digital3_dev/digital_3/attack/03b601ff4e6b1ccb7794.png,0.0001634359359741211
POST_HOC_NATIVE_TEXT_PATCH512_DIAGNOSTIC,10,digital3_dev,digital_3,03b601ff4e6b1ccb7794,turkiye-NM-1055,scan,name,74,test/attack/digital_3/scan/turkiye-NM-1055.jpg,train/bonafide/scan/turkiye-NM-1055.jpg,598,416,1110,928,633,635,820,709,0,bonafide,0,data/processed/text_patch512/digital3_dev/digital_3/bonafide/03b601ff4e6b1ccb7794.png,0.0006165504455566406
POST_HOC_NATIVE_TEXT_PATCH512_DIAGNOSTIC,10,digital3_dev,digital_3,b461f3baae666a830d64,ukraine-025_03,scan,dob,57,test/attack/digital_3/scan/ukraine-025_03.jpg,train/bonafide/scan/ukraine-025_03.jpg,587,444,1099,956,623,665,935,736,0,attack,1,data/processed/text_patch512/digital3_dev/digital_3/attack/b461f3baae666a830d64.png,0.0005121231079101562
POST_HOC_NATIVE_TEXT_PATCH512_DIAGNOSTIC,10,digital3_dev,digital_3,b461f3baae666a830d64,ukraine-025_03,scan,dob,57,test/attack/digital_3/scan/ukraine-025_03.jpg,train/bonafide/scan/ukraine-025_03.jpg,587,444,1099,956,623,665,935,736,0,bonafide,0,data/processed/text_patch512/digital3_dev/digital_3/bonafide/b461f3baae666a830d64.png,0.0038928985595703125
POST_HOC_NATIVE_TEXT_PATCH512_DIAGNOSTIC,10,digital3_dev,digital_3,b274acf4756ad063415a,ukraine-025_03,scan,doe,57,test/attack/digital_3/scan/ukraine-025_03.jpg,train/bonafide/scan/ukraine-025_03.jpg,578,739,1090,1251,614,1136,926,1207,0,attack,1,data/processed/text_patch512/digital3_dev/digital_3/attack/b274acf4756ad063415a.png,0.00331878662109375
POST_HOC_NATIVE_TEXT_PATCH512_DIAGNOSTIC,10,digital3_dev,digital_3,b274acf4756ad063415a,ukraine-025_03,scan,doe,57,test/attack/digital_3/scan/ukraine-025_03.jpg,train/bonafide/scan/ukraine-025_03.jpg,578,739,1090,1251,614,1136,926,1207,0,bonafide,0,data/processed/text_patch512/digital3_dev/digital_3/bonafide/b274acf4756ad063415a.png,0.01349639892578125
POST_HOC_NATIVE_TEXT_PATCH512_DIAGNOSTIC,10,digital3_dev,digital_3,e090efa8f25545b60746,ukraine-025_03,scan,name_en,57,test/attack/digital_3/scan/ukraine-025_03.jpg,train/bonafide/scan/ukraine-025_03.jpg,591,296,1103,808,627,516,811,587,0,attack,1,data/processed/text_patch512/digital3_dev/digital_3/attack/e090efa8f25545b60746.png,0.0008392333984375
POST_HOC_NATIVE_TEXT_PATCH512_DIAGNOSTIC,10,digital3_dev,digital_3,e090efa8f25545b60746,ukraine-025_03,scan,name_en,57,test/attack/digital_3/scan/ukraine-025_03.jpg,train/bonafide/scan/ukraine-025_03.jpg,591,296,1103,808,627,516,811,587,0,bonafide,0,data/processed/text_patch512/digital3_dev/digital_3/bonafide/e090efa8f25545b60746.png,0.003383636474609375
POST_HOC_NATIVE_TEXT_PATCH512_DIAGNOSTIC,10,digital3_dev,digital_3,22ea15dc06d4a888e137,ukraine-NF-1068,scan,dob,77,test/attack/digital_3/scan/ukraine-NF-1068.jpg,train/bonafide/scan/ukraine-NF-1068.jpg,625,450,1137,962,627,674,943,738,0,attack,1,data/processed/text_patch512/digital3_dev/digital_3/attack/22ea15dc06d4a888e137.png,0.00044083595275878906
POST_HOC_NATIVE_TEXT_PATCH512_DIAGNOSTIC,10,digital3_dev,digital_3,22ea15dc06d4a888e137,ukraine-NF-1068,scan,dob,77,test/attack/digital_3/scan/ukraine-NF-1068.jpg,train/bonafide/scan/ukraine-NF-1068.jpg,625,450,1137,962,627,674,943,738,0,bonafide,0,data/processed/text_patch512/digital3_dev/digital_3/bonafide/22ea15dc06d4a888e137.png,0.0154571533203125
POST_HOC_NATIVE_TEXT_PATCH512_DIAGNOSTIC,10,digital3_dev,digital_3,e56770bb15d9fef9de81,ukraine-NF-1068,scan,doe,77,test/attack/digital_3/scan/ukraine-NF-1068.jpg,train/bonafide/scan/ukraine-NF-1068.jpg,602,736,1114,1248,636,1144,952,1208,0,attack,1,data/processed/text_patch512/digital3_dev/digital_3/attack/e56770bb15d9fef9de81.png,0.00678253173828125
POST_HOC_NATIVE_TEXT_PATCH512_DIAGNOSTIC,10,digital3_dev,digital_3,e56770bb15d9fef9de81,ukraine-NF-1068,scan,doe,77,test/attack/digital_3/scan/ukraine-NF-1068.jpg,train/bonafide/scan/ukraine-NF-1068.jpg,602,736,1114,1248,636,1144,952,1208,0,bonafide,0,data/processed/text_patch512/digital3_dev/digital_3/bonafide/e56770bb15d9fef9de81.png,0.00804901123046875
POST_HOC_NATIVE_TEXT_PATCH512_DIAGNOSTIC,10,digital3_dev,digital_3,2fef1b3f4e70a3594770,ukraine-NF-1068,scan,name_en,77,test/attack/digital_3/scan/ukraine-NF-1068.jpg,train/bonafide/scan/ukraine-NF-1068.jpg,616,302,1128,814,624,525,801,591,0,attack,1,data/processed/text_patch512/digital3_dev/digital_3/attack/2fef1b3f4e70a3594770.png,0.0004646778106689453
POST_HOC_NATIVE_TEXT_PATCH512_DIAGNOSTIC,10,digital3_dev,digital_3,2fef1b3f4e70a3594770,ukraine-NF-1068,scan,name_en,77,test/attack/digital_3/scan/ukraine-NF-1068.jpg,train/bonafide/scan/ukraine-NF-1068.jpg,616,302,1128,814,624,525,801,591,0,bonafide,0,data/processed/text_patch512/digital3_dev/digital_3/bonafide/2fef1b3f4e70a3594770.png,0.0125732421875
POST_HOC_NATIVE_TEXT_PATCH512_DIAGNOSTIC,10,digital3_dev,digital_3,d85c24d123b9f8371207,ukraine-NF-1073,scan,dob,64,test/attack/digital_3/scan/ukraine-NF-1073.jpg,train/bonafide/scan/ukraine-NF-1073.jpg,586,444,1098,956,622,665,934,736,0,attack,1,data/processed/text_patch512/digital3_dev/digital_3/attack/d85c24d123b9f8371207.png,0.0007643699645996094
POST_HOC_NATIVE_TEXT_PATCH512_DIAGNOSTIC,10,digital3_dev,digital_3,d85c24d123b9f8371207,ukraine-NF-1073,scan,dob,64,test/attack/digital_3/scan/ukraine-NF-1073.jpg,train/bonafide/scan/ukraine-NF-1073.jpg,586,444,1098,956,622,665,934,736,0,bonafide,0,data/processed/text_patch512/digital3_dev/digital_3/bonafide/d85c24d123b9f8371207.png,0.0007381439208984375
POST_HOC_NATIVE_TEXT_PATCH512_DIAGNOSTIC,10,digital3_dev,digital_3,4d4dac8a3c5e9e44773a,ukraine-NF-1073,scan,doe,64,test/attack/digital_3/scan/ukraine-NF-1073.jpg,train/bonafide/scan/ukraine-NF-1073.jpg,577,737,1089,1249,613,1137,925,1208,0,attack,1,data/processed/text_patch512/digital3_dev/digital_3/attack/4d4dac8a3c5e9e44773a.png,0.018524169921875
POST_HOC_NATIVE_TEXT_PATCH512_DIAGNOSTIC,10,digital3_dev,digital_3,4d4dac8a3c5e9e44773a,ukraine-NF-1073,scan,doe,64,test/attack/digital_3/scan/ukraine-NF-1073.jpg,train/bonafide/scan/ukraine-NF-1073.jpg,577,737,1089,1249,613,1137,925,1208,0,bonafide,0,data/processed/text_patch512/digital3_dev/digital_3/bonafide/4d4dac8a3c5e9e44773a.png,0.0238189697265625
POST_HOC_NATIVE_TEXT_PATCH512_DIAGNOSTIC,10,digital3_dev,digital_3,18a37b729145599c1743,ukraine-NF-1073,scan,name_en,64,test/attack/digital_3/scan/ukraine-NF-1073.jpg,train/bonafide/scan/ukraine-NF-1073.jpg,576,294,1088,806,624,516,784,585,0,attack,1,data/processed/text_patch512/digital3_dev/digital_3/attack/18a37b729145599c1743.png,0.0032978057861328125
POST_HOC_NATIVE_TEXT_PATCH512_DIAGNOSTIC,10,digital3_dev,digital_3,18a37b729145599c1743,ukraine-NF-1073,scan,name_en,64,test/attack/digital_3/scan/ukraine-NF-1073.jpg,train/bonafide/scan/ukraine-NF-1073.jpg,576,294,1088,806,624,516,784,585,0,bonafide,0,data/processed/text_patch512/digital3_dev/digital_3/bonafide/18a37b729145599c1743.png,0.0007686614990234375
POST_HOC_NATIVE_TEXT_PATCH512_DIAGNOSTIC,10,digital3_dev,digital_3,f292bdbcd8d8da16be69,ukraine-NF-1106,scan,dob,88,test/attack/digital_3/scan/ukraine-NF-1106.jpg,train/bonafide/scan/ukraine-NF-1106.jpg,589,448,1101,960,625,667,937,740,0,attack,1,data/processed/text_patch512/digital3_dev/digital_3/attack/f292bdbcd8d8da16be69.png,0.00021910667419433594
POST_HOC_NATIVE_TEXT_PATCH512_DIAGNOSTIC,10,digital3_dev,digital_3,f292bdbcd8d8da16be69,ukraine-NF-1106,scan,dob,88,test/attack/digital_3/scan/ukraine-NF-1106.jpg,train/bonafide/scan/ukraine-NF-1106.jpg,589,448,1101,960,625,667,937,740,0,bonafide,0,data/processed/text_patch512/digital3_dev/digital_3/bonafide/f292bdbcd8d8da16be69.png,0.0020618438720703125
POST_HOC_NATIVE_TEXT_PATCH512_DIAGNOSTIC,10,digital3_dev,digital_3,53e00c399e6e6becc2bc,ukraine-NF-1106,scan,doe,88,test/attack/digital_3/scan/ukraine-NF-1106.jpg,train/bonafide/scan/ukraine-NF-1106.jpg,579,735,1091,1247,615,1137,927,1208,0,attack,1,data/processed/text_patch512/digital3_dev/digital_3/attack/53e00c399e6e6becc2bc.png,0.0054168701171875
POST_HOC_NATIVE_TEXT_PATCH512_DIAGNOSTIC,10,digital3_dev,digital_3,53e00c399e6e6becc2bc,ukraine-NF-1106,scan,doe,88,test/attack/digital_3/scan/ukraine-NF-1106.jpg,train/bonafide/scan/ukraine-NF-1106.jpg,579,735,1091,1247,615,1137,927,1208,0,bonafide,0,data/processed/text_patch512/digital3_dev/digital_3/bonafide/53e00c399e6e6becc2bc.png,0.004062652587890625
POST_HOC_NATIVE_TEXT_PATCH512_DIAGNOSTIC,10,digital3_dev,digital_3,f1bb1e2be715bbeab91c,ukraine-NF-1106,scan,name_en,88,test/attack/digital_3/scan/ukraine-NF-1106.jpg,train/bonafide/scan/ukraine-NF-1106.jpg,584,296,1096,808,629,518,795,587,0,attack,1,data/processed/text_patch512/digital3_dev/digital_3/attack/f1bb1e2be715bbeab91c.png,0.0008378028869628906
POST_HOC_NATIVE_TEXT_PATCH512_DIAGNOSTIC,10,digital3_dev,digital_3,f1bb1e2be715bbeab91c,ukraine-NF-1106,scan,name_en,88,test/attack/digital_3/scan/ukraine-NF-1106.jpg,train/bonafide/scan/ukraine-NF-1106.jpg,584,296,1096,808,629,518,795,587,0,bonafide,0,data/processed/text_patch512/digital3_dev/digital_3/bonafide/f1bb1e2be715bbeab91c.png,0.0029697418212890625
POST_HOC_NATIVE_TEXT_PATCH512_DIAGNOSTIC,10,digital3_dev,digital_3,4923483a6beb290e23fd,usa-034_03,scan,name,69,test/attack/digital_3/scan/usa-034_03.jpg,train/bonafide/scan/usa-034_03.jpg,672,242,1184,754,623,464,978,531,0,attack,1,data/processed/text_patch512/digital3_dev/digital_3/attack/4923483a6beb290e23fd.png,0.0271453857421875
POST_HOC_NATIVE_TEXT_PATCH512_DIAGNOSTIC,10,digital3_dev,digital_3,4923483a6beb290e23fd,usa-034_03,scan,name,69,test/attack/digital_3/scan/usa-034_03.jpg,train/bonafide/scan/usa-034_03.jpg,672,242,1184,754,623,464,978,531,0,bonafide,0,data/processed/text_patch512/digital3_dev/digital_3/bonafide/4923483a6beb290e23fd.png,0.024383544921875
POST_HOC_NATIVE_TEXT_PATCH512_DIAGNOSTIC,10,digital3_dev,digital_3,b14cb2069f00fbafaa76,usa-067_03,scan,name,84,test/attack/digital_3/scan/usa-067_03.jpg,train/bonafide/scan/usa-067_03.jpg,635,234,1147,746,635,452,1019,528,0,attack,1,data/processed/text_patch512/digital3_dev/digital_3/attack/b14cb2069f00fbafaa76.png,0.008758544921875
POST_HOC_NATIVE_TEXT_PATCH512_DIAGNOSTIC,10,digital3_dev,digital_3,b14cb2069f00fbafaa76,usa-067_03,scan,name,84,test/attack/digital_3/scan/usa-067_03.jpg,train/bonafide/scan/usa-067_03.jpg,635,234,1147,746,635,452,1019,528,0,bonafide,0,data/processed/text_patch512/digital3_dev/digital_3/bonafide/b14cb2069f00fbafaa76.png,0.0174560546875
POST_HOC_NATIVE_TEXT_PATCH512_DIAGNOSTIC,10,digital3_dev,digital_3,bb7c24142b940d412182,usa-NF-1036,scan,name,72,test/attack/digital_3/scan/usa-NF-1036.jpg,train/bonafide/scan/usa-NF-1036.jpg,635,237,1147,749,635,454,1091,532,0,attack,1,data/processed/text_patch512/digital3_dev/digital_3/attack/bb7c24142b940d412182.png,0.9951171875
POST_HOC_NATIVE_TEXT_PATCH512_DIAGNOSTIC,10,digital3_dev,digital_3,bb7c24142b940d412182,usa-NF-1036,scan,name,72,test/attack/digital_3/scan/usa-NF-1036.jpg,train/bonafide/scan/usa-NF-1036.jpg,635,237,1147,749,635,454,1091,532,0,bonafide,0,data/processed/text_patch512/digital3_dev/digital_3/bonafide/bb7c24142b940d412182.png,0.021392822265625
POST_HOC_NATIVE_TEXT_PATCH512_DIAGNOSTIC,10,digital3_dev,digital_3,6b2c0a77e6f7433ca017,usa-NF-1065,scan,name,54,test/attack/digital_3/scan/usa-NF-1065.jpg,train/bonafide/scan/usa-NF-1065.jpg,636,234,1148,746,636,452,982,528,0,attack,1,data/processed/text_patch512/digital3_dev/digital_3/attack/6b2c0a77e6f7433ca017.png,0.0067596435546875
POST_HOC_NATIVE_TEXT_PATCH512_DIAGNOSTIC,10,digital3_dev,digital_3,6b2c0a77e6f7433ca017,usa-NF-1065,scan,name,54,test/attack/digital_3/scan/usa-NF-1065.jpg,train/bonafide/scan/usa-NF-1065.jpg,636,234,1148,746,636,452,982,528,0,bonafide,0,data/processed/text_patch512/digital3_dev/digital_3/bonafide/6b2c0a77e6f7433ca017.png,0.0136871337890625
POST_HOC_NATIVE_TEXT_PATCH512_DIAGNOSTIC,10,digital3_dev,digital_3,4488ba5d8d7eee09e2b4,usa-NF-1076,scan,name,62,test/attack/digital_3/scan/usa-NF-1076.jpg,train/bonafide/scan/usa-NF-1076.jpg,635,238,1147,750,635,455,1124,533,0,attack,1,data/processed/text_patch512/digital3_dev/digital_3/attack/4488ba5d8d7eee09e2b4.png,0.060821533203125
POST_HOC_NATIVE_TEXT_PATCH512_DIAGNOSTIC,10,digital3_dev,digital_3,4488ba5d8d7eee09e2b4,usa-NF-1076,scan,name,62,test/attack/digital_3/scan/usa-NF-1076.jpg,train/bonafide/scan/usa-NF-1076.jpg,635,238,1147,750,635,455,1124,533,0,bonafide,0,data/processed/text_patch512/digital3_dev/digital_3/bonafide/4488ba5d8d7eee09e2b4.png,0.0306396484375
POST_HOC_NATIVE_TEXT_PATCH512_DIAGNOSTIC,10,digital3_dev,digital_3,903401cb54af9e7a45dd,usa-NM-1038,scan,name,63,test/attack/digital_3/scan/usa-NM-1038.jpg,train/bonafide/scan/usa-NM-1038.jpg,659,242,1171,754,623,464,1015,531,0,attack,1,data/processed/text_patch512/digital3_dev/digital_3/attack/903401cb54af9e7a45dd.png,0.006824493408203125
POST_HOC_NATIVE_TEXT_PATCH512_DIAGNOSTIC,10,digital3_dev,digital_3,903401cb54af9e7a45dd,usa-NM-1038,scan,name,63,test/attack/digital_3/scan/usa-NM-1038.jpg,train/bonafide/scan/usa-NM-1038.jpg,659,242,1171,754,623,464,1015,531,0,bonafide,0,data/processed/text_patch512/digital3_dev/digital_3/bonafide/903401cb54af9e7a45dd.png,0.01340484619140625
