image_path,file_stem,traffic_type,variant,hardware_source,label,text_patch_max,text_patch_mean,text_patch_median,n_text_patches,n_text_fields,controlled_score,augmented_score,controlled_hybrid_max,augmented_hybrid_max
test/attack/digital_3/huawei/arabic-003_03.jpg,arabic-003_03,attack,digital_3,huawei,1,0.9995117,0.8902995,0.9951172,3,3,0.0300140380859375,0.121826171875,0.99951171875,0.99951171875
test/attack/digital_3/huawei/arabic-005_03.jpg,arabic-005_03,attack,digital_3,huawei,1,0.6430664,0.40715027,0.55371094,3,3,0.0172882080078125,0.0286865234375,0.64306640625,0.64306640625
test/attack/digital_3/huawei/arabic-01_0002_000-c7338db1_1.jpg,arabic-01_0002_000-c7338db1_1,attack,digital_3,huawei,1,1.0,0.6834717,0.89746094,3,3,0.03253173828125,0.0300140380859375,1.0,1.0
test/attack/digital_3/huawei/arabic-01_0076_000-fd5000df_1.jpg,arabic-01_0076_000-fd5000df_1,attack,digital_3,huawei,1,1.0,0.99934894,0.9995117,3,3,0.038909912109375,0.033233642578125,1.0,1.0
test/attack/digital_3/huawei/arabic-01_0095_000-18471808_1.jpg,arabic-01_0095_000-18471808_1,attack,digital_3,huawei,1,0.9980469,0.9739583,0.98046875,3,3,0.12060546875,0.0287628173828125,0.998046875,0.998046875
test/attack/digital_3/huawei/arabic-024_03.jpg,arabic-024_03,attack,digital_3,huawei,1,0.9189453,0.75634766,0.7060547,3,3,0.0192413330078125,0.02978515625,0.9189453125,0.9189453125
test/attack/digital_3/huawei/arabic-112_03.jpg,arabic-112_03,attack,digital_3,huawei,1,0.9428711,0.9301758,0.9301758,3,3,0.044708251953125,0.028167724609375,0.94287109375,0.94287109375
test/attack/digital_3/huawei/arabic-120_03.jpg,arabic-120_03,attack,digital_3,huawei,1,1.0,0.8203125,0.9902344,3,3,0.023193359375,0.0261383056640625,1.0,1.0
test/attack/digital_3/huawei/arabic-131_03.jpg,arabic-131_03,attack,digital_3,huawei,1,1.0,0.9817708,0.9975586,3,3,0.0135574340820312,0.0271759033203125,1.0,1.0
test/attack/digital_3/huawei/arabic-139_03.jpg,arabic-139_03,attack,digital_3,huawei,1,0.99902344,0.47020975,0.40161133,3,3,0.0071640014648437,0.024444580078125,0.9990234375,0.9990234375
test/attack/digital_3/huawei/arabic-173_03.jpg,arabic-173_03,attack,digital_3,huawei,1,1.0,0.98128253,0.9819336,3,3,0.0064888000488281,0.0240020751953125,1.0,1.0
test/attack/digital_3/huawei/arabic-NF-1003.jpg,arabic-NF-1003,attack,digital_3,huawei,1,0.9995117,0.87353516,0.9980469,3,3,0.475341796875,0.0274810791015625,0.99951171875,0.99951171875
test/attack/digital_3/huawei/arabic-NF-1012.jpg,arabic-NF-1012,attack,digital_3,huawei,1,0.99853516,0.594279,0.7060547,3,3,0.0748291015625,0.02520751953125,0.99853515625,0.99853515625
test/attack/digital_3/huawei/arabic-NF-1030.jpg,arabic-NF-1030,attack,digital_3,huawei,1,0.99072266,0.93098956,0.90478516,3,3,0.039794921875,0.031494140625,0.99072265625,0.99072265625
test/attack/digital_3/huawei/arabic-NF-1037.jpg,arabic-NF-1037,attack,digital_3,huawei,1,1.0,0.4777883,0.40405273,3,3,0.071044921875,0.026885986328125,1.0,1.0
test/attack/digital_3/huawei/arabic-NF-1040.jpg,arabic-NF-1040,attack,digital_3,huawei,1,0.9980469,0.96777344,0.9970703,3,3,0.028411865234375,0.029205322265625,0.998046875,0.998046875
test/attack/digital_3/huawei/arabic-NF-1045.jpg,arabic-NF-1045,attack,digital_3,huawei,1,1.0,0.52960205,0.49804688,3,3,0.05718994140625,0.0274810791015625,1.0,1.0
test/attack/digital_3/huawei/arabic-NF-1048.jpg,arabic-NF-1048,attack,digital_3,huawei,1,0.99316406,0.6899414,0.9638672,3,3,0.0059928894042968,0.0255889892578125,0.9931640625,0.9931640625
test/attack/digital_3/huawei/arabic-NF-1049.jpg,arabic-NF-1049,attack,digital_3,huawei,1,0.47753906,0.28696695,0.32739258,3,3,0.053863525390625,0.138916015625,0.4775390625,0.4775390625
test/attack/digital_3/huawei/arabic-NF-1053.jpg,arabic-NF-1053,attack,digital_3,huawei,1,1.0,0.9897461,0.9941406,3,3,0.0780029296875,0.0252532958984375,1.0,1.0
test/attack/digital_3/huawei/arabic-NF-1098.jpg,arabic-NF-1098,attack,digital_3,huawei,1,0.81103516,0.43891397,0.48095703,3,3,0.04620361328125,0.02880859375,0.81103515625,0.81103515625
test/attack/digital_3/huawei/arabic-NF-1100.jpg,arabic-NF-1100,attack,digital_3,huawei,1,0.9868164,0.7097168,0.91845703,3,3,0.030181884765625,0.024993896484375,0.98681640625,0.98681640625
test/attack/digital_3/huawei/arabic-NM-1029.jpg,arabic-NM-1029,attack,digital_3,huawei,1,1.0,0.685791,0.89941406,3,3,0.09197998046875,0.20751953125,1.0,1.0
test/attack/digital_3/huawei/arabic-NM-1064.jpg,arabic-NM-1064,attack,digital_3,huawei,1,1.0,0.73360187,0.9926758,3,3,0.0087432861328125,0.025177001953125,1.0,1.0
test/attack/digital_3/huawei/arabic-NM-1090.jpg,arabic-NM-1090,attack,digital_3,huawei,1,0.93652344,0.36234537,0.14074707,3,3,0.0186920166015625,0.0275115966796875,0.9365234375,0.9365234375
test/attack/digital_3/huawei/chinese-001_03.jpg,chinese-001_03,attack,digital_3,huawei,1,0.018585205,0.009354909,0.005001068,3,3,0.0020065307617187,0.0305633544921875,0.018585205078125,0.0305633544921875
test/attack/digital_3/huawei/chinese-018_03.jpg,chinese-018_03,attack,digital_3,huawei,1,0.5571289,0.22607684,0.12109375,3,3,0.0005955696105957,0.0302734375,0.55712890625,0.55712890625
test/attack/digital_3/huawei/chinese-01_0003_000-98e8eaef_0.jpg,chinese-01_0003_000-98e8eaef_0,attack,digital_3,huawei,1,0.24023438,0.094504036,0.038604736,3,3,0.0031414031982421,0.033233642578125,0.240234375,0.240234375
test/attack/digital_3/huawei/chinese-01_0007_000-08f07a73_0.jpg,chinese-01_0007_000-08f07a73_0,attack,digital_3,huawei,1,0.9970703,0.84309894,0.92041016,3,3,0.0174560546875,0.04986572265625,0.9970703125,0.9970703125
test/attack/digital_3/huawei/chinese-01_0012_000-48c56e4b_0.jpg,chinese-01_0012_000-48c56e4b_0,attack,digital_3,huawei,1,0.16992188,0.065750755,0.02558899,3,3,0.06829833984375,0.03289794921875,0.169921875,0.169921875
test/attack/digital_3/huawei/chinese-01_0019_000-06d51424_0.jpg,chinese-01_0019_000-06d51424_0,attack,digital_3,huawei,1,0.32910156,0.19792493,0.2619629,3,3,0.0071754455566406,0.045684814453125,0.3291015625,0.3291015625
test/attack/digital_3/huawei/chinese-01_0022_000-3b9715ed_0.jpg,chinese-01_0022_000-3b9715ed_0,attack,digital_3,huawei,1,0.6875,0.3718872,0.36108398,3,3,0.0039749145507812,0.0309906005859375,0.6875,0.6875
test/attack/digital_3/huawei/chinese-01_0028_000-611e103a_0.jpg,chinese-01_0028_000-611e103a_0,attack,digital_3,huawei,1,0.8276367,0.50531006,0.6386719,3,3,0.0032539367675781,0.032562255859375,0.82763671875,0.82763671875
test/attack/digital_3/huawei/chinese-01_0034_000-9b26d58c_0.jpg,chinese-01_0034_000-9b26d58c_0,attack,digital_3,huawei,1,0.2705078,0.10881551,0.032409668,3,3,0.04046630859375,0.03204345703125,0.2705078125,0.2705078125
test/attack/digital_3/huawei/chinese-01_0084_000-ba83f345_1.jpg,chinese-01_0084_000-ba83f345_1,attack,digital_3,huawei,1,0.18786621,0.06557107,0.008491516,3,3,0.197265625,0.038330078125,0.197265625,0.1878662109375
test/attack/digital_3/huawei/chinese-01_0086_000-5a7ac9e6_1.jpg,chinese-01_0086_000-5a7ac9e6_1,attack,digital_3,huawei,1,0.9819336,0.6431656,0.9399414,3,3,0.0274505615234375,0.2327880859375,0.98193359375,0.98193359375
test/attack/digital_3/huawei/chinese-020_03.jpg,chinese-020_03,attack,digital_3,huawei,1,0.15270996,0.05713399,0.014350891,3,3,0.0006046295166015,0.032135009765625,0.1527099609375,0.1527099609375
test/attack/digital_3/huawei/chinese-039_03.jpg,chinese-039_03,attack,digital_3,huawei,1,0.82373047,0.30694678,0.09710693,3,3,0.001774787902832,0.0310516357421875,0.82373046875,0.82373046875
test/attack/digital_3/huawei/chinese-064_03.jpg,chinese-064_03,attack,digital_3,huawei,1,0.9921875,0.33199835,0.003370285,3,3,0.0013408660888671,0.0309600830078125,0.9921875,0.9921875
test/attack/digital_3/huawei/chinese-081_03.jpg,chinese-081_03,attack,digital_3,huawei,1,0.0067977905,0.002718091,0.00111866,3,3,0.0016708374023437,0.031494140625,0.00679779052734375,0.031494140625
test/attack/digital_3/huawei/chinese-096_03.jpg,chinese-096_03,attack,digital_3,huawei,1,0.9838867,0.46891928,0.42285156,3,3,0.0022430419921875,0.02886962890625,0.98388671875,0.98388671875
test/attack/digital_3/huawei/chinese-099_03.jpg,chinese-099_03,attack,digital_3,huawei,1,0.70166016,0.28260803,0.14453125,3,3,0.0031299591064453,0.0323486328125,0.70166015625,0.70166015625
test/attack/digital_3/huawei/chinese-102_03.jpg,chinese-102_03,attack,digital_3,huawei,1,0.60302734,0.21027803,0.027114868,3,3,0.0045051574707031,0.03125,0.60302734375,0.60302734375
test/attack/digital_3/huawei/chinese-107_03.jpg,chinese-107_03,attack,digital_3,huawei,1,0.83691406,0.31819344,0.11395264,3,3,0.0052413940429687,0.0287933349609375,0.8369140625,0.8369140625
test/attack/digital_3/huawei/chinese-113_03.jpg,chinese-113_03,attack,digital_3,huawei,1,0.7216797,0.24658565,0.017913818,3,3,0.034759521484375,0.036956787109375,0.7216796875,0.7216796875
test/attack/digital_3/huawei/chinese-142_03.jpg,chinese-142_03,attack,digital_3,huawei,1,0.5234375,0.32652792,0.41333008,3,3,0.0020675659179687,0.0305328369140625,0.5234375,0.5234375
test/attack/digital_3/huawei/chinese-NF-1014.jpg,chinese-NF-1014,attack,digital_3,huawei,1,0.17492676,0.07452647,0.036712646,3,3,0.0040702819824218,0.032867431640625,0.1749267578125,0.1749267578125
test/attack/digital_3/huawei/chinese-NF-1023.jpg,chinese-NF-1023,attack,digital_3,huawei,1,0.35205078,0.33740234,0.34570312,3,3,0.0008277893066406,0.032501220703125,0.35205078125,0.35205078125
test/attack/digital_3/huawei/chinese-NF-1042.jpg,chinese-NF-1042,attack,digital_3,huawei,1,0.98583984,0.33006987,0.0040245056,3,3,0.0019378662109375,0.0303802490234375,0.98583984375,0.98583984375
test/attack/digital_3/huawei/chinese-NF-1050.jpg,chinese-NF-1050,attack,digital_3,huawei,1,0.4309082,0.2987976,0.421875,3,3,0.0012159347534179,0.0306396484375,0.430908203125,0.430908203125
test/attack/digital_3/huawei/chinese-NF-1059.jpg,chinese-NF-1059,attack,digital_3,huawei,1,0.48632812,0.25612894,0.26367188,3,3,0.0027790069580078,0.035369873046875,0.486328125,0.486328125
test/attack/digital_3/huawei/chinese-NF-1067.jpg,chinese-NF-1067,attack,digital_3,huawei,1,0.9707031,0.3381606,0.04373169,3,3,0.0042381286621093,0.033203125,0.970703125,0.970703125
test/attack/digital_3/huawei/chinese-NF-1072.jpg,chinese-NF-1072,attack,digital_3,huawei,1,0.9975586,0.4649048,0.28808594,3,3,0.0006275177001953,0.0305938720703125,0.99755859375,0.99755859375
test/attack/digital_3/huawei/chinese-NF-1085.jpg,chinese-NF-1085,attack,digital_3,huawei,1,0.85791016,0.314841,0.08642578,3,3,0.047943115234375,0.045196533203125,0.85791015625,0.85791015625
test/attack/digital_3/huawei/chinese-NF-1088.jpg,chinese-NF-1088,attack,digital_3,huawei,1,0.016998291,0.009886563,0.01260376,3,3,0.0020027160644531,0.032684326171875,0.016998291015625,0.032684326171875
test/attack/digital_3/huawei/chinese-NF-1101.jpg,chinese-NF-1101,attack,digital_3,huawei,1,0.12597656,0.043482225,0.0041275024,3,3,0.0089645385742187,0.035308837890625,0.1259765625,0.1259765625
test/attack/digital_3/huawei/chinese-NM-1092.jpg,chinese-NM-1092,attack,digital_3,huawei,1,0.9970703,0.6475709,0.9423828,3,3,0.001495361328125,0.03228759765625,0.9970703125,0.9970703125
test/attack/digital_3/huawei/french-019_03.jpg,french-019_03,attack,digital_3,huawei,1,0.9995117,0.27706978,0.05430603,4,4,0.008331298828125,0.0249176025390625,0.99951171875,0.99951171875
test/attack/digital_3/huawei/french-01_0006_000-f9f1aca7_0.jpg,french-01_0006_000-f9f1aca7_0,attack,digital_3,huawei,1,0.9980469,0.2684455,0.036769867,4,4,0.309326171875,0.0247344970703125,0.998046875,0.998046875
test/attack/digital_3/huawei/french-01_0029_000-d00491e2_1.jpg,french-01_0029_000-d00491e2_1,attack,digital_3,huawei,1,0.055419922,0.02290076,0.018070221,4,4,0.0052413940429687,0.0245361328125,0.055419921875,0.055419921875
test/attack/digital_3/huawei/french-01_0070_000-a4a25cda_0.jpg,french-01_0070_000-a4a25cda_0,attack,digital_3,huawei,1,0.03262329,0.012507141,0.008577347,4,4,0.000960350036621,0.0213470458984375,0.032623291015625,0.032623291015625
test/attack/digital_3/huawei/french-01_0094_000-51fbbc37_0.jpg,french-01_0094_000-51fbbc37_0,attack,digital_3,huawei,1,0.077697754,0.043463707,0.047035217,4,4,0.0172119140625,0.0254974365234375,0.07769775390625,0.07769775390625
test/attack/digital_3/huawei/french-022_03.jpg,french-022_03,attack,digital_3,huawei,1,0.04537964,0.011990607,0.0010662079,4,4,0.0019454956054687,0.0238494873046875,0.045379638671875,0.045379638671875
test/attack/digital_3/huawei/french-033_03.jpg,french-033_03,attack,digital_3,huawei,1,0.88427734,0.2807653,0.11906433,4,4,0.0028114318847656,0.02362060546875,0.88427734375,0.88427734375
test/attack/digital_3/huawei/french-044_03.jpg,french-044_03,attack,digital_3,huawei,1,0.022583008,0.010240376,0.009047508,4,4,0.07891845703125,0.0252685546875,0.07891845703125,0.0252685546875
test/attack/digital_3/huawei/french-068_03.jpg,french-068_03,attack,digital_3,huawei,1,0.19897461,0.051976383,0.0043697357,4,4,0.0008883476257324,0.0231475830078125,0.198974609375,0.198974609375
test/attack/digital_3/huawei/french-090_03.jpg,french-090_03,attack,digital_3,huawei,1,0.04598999,0.014700294,0.006403923,4,4,0.0012331008911132,0.022308349609375,0.045989990234375,0.045989990234375
test/attack/digital_3/huawei/french-091_03.jpg,french-091_03,attack,digital_3,huawei,1,0.9301758,0.2492181,0.03302002,4,4,0.0126724243164062,0.024658203125,0.93017578125,0.93017578125
test/attack/digital_3/huawei/french-097_03.jpg,french-097_03,attack,digital_3,huawei,1,1.0,0.25317907,0.006319046,4,4,0.0039901733398437,0.0204620361328125,1.0,1.0
test/attack/digital_3/huawei/french-100_03.jpg,french-100_03,attack,digital_3,huawei,1,0.9980469,0.26408958,0.02905655,4,4,0.0068092346191406,0.0246124267578125,0.998046875,0.998046875
test/attack/digital_3/huawei/french-114_03.jpg,french-114_03,attack,digital_3,huawei,1,0.40698242,0.11636025,0.029037476,4,4,0.0045394897460937,0.0234375,0.406982421875,0.406982421875
test/attack/digital_3/huawei/french-118_03.jpg,french-118_03,attack,digital_3,huawei,1,0.99658203,0.2509588,0.0032157898,4,4,0.0039901733398437,0.0293121337890625,0.99658203125,0.99658203125
test/attack/digital_3/huawei/french-124_03.jpg,french-124_03,attack,digital_3,huawei,1,1.0,0.26316965,0.026144028,4,4,0.0018634796142578,0.0250091552734375,1.0,1.0
test/attack/digital_3/huawei/french-128_03.jpg,french-128_03,attack,digital_3,huawei,1,0.9848633,0.25299057,0.013431549,4,4,0.00567626953125,0.0257110595703125,0.98486328125,0.98486328125
test/attack/digital_3/huawei/french-135_03.jpg,french-135_03,attack,digital_3,huawei,1,0.9995117,0.2920518,0.083999634,4,4,0.0161590576171875,0.033233642578125,0.99951171875,0.99951171875
test/attack/digital_3/huawei/french-NF-1020.jpg,french-NF-1020,attack,digital_3,huawei,1,0.10699463,0.03256643,0.011352539,4,4,0.05645751953125,0.0247955322265625,0.10699462890625,0.10699462890625
test/attack/digital_3/huawei/french-NF-1047.jpg,french-NF-1047,attack,digital_3,huawei,1,0.72753906,0.1862872,0.008705139,4,4,0.11456298828125,0.02593994140625,0.7275390625,0.7275390625
test/attack/digital_3/huawei/french-NF-1056.jpg,french-NF-1056,attack,digital_3,huawei,1,1.0,0.2590984,0.017953873,4,4,0.0026779174804687,0.0240020751953125,1.0,1.0
test/attack/digital_3/huawei/french-NF-1063.jpg,french-NF-1063,attack,digital_3,huawei,1,1.0,0.2815208,0.062927246,4,4,0.132080078125,0.10699462890625,1.0,1.0
test/attack/digital_3/huawei/french-NF-1082.jpg,french-NF-1082,attack,digital_3,huawei,1,0.88623047,0.27872956,0.11395645,4,4,0.0051078796386718,0.0257110595703125,0.88623046875,0.88623046875
test/attack/digital_3/huawei/french-NF-1095.jpg,french-NF-1095,attack,digital_3,huawei,1,0.8808594,0.23475866,0.029037476,4,4,0.0007510185241699,0.0230865478515625,0.880859375,0.880859375
test/attack/digital_3/huawei/french-NF-1110.jpg,french-NF-1110,attack,digital_3,huawei,1,0.8588867,0.21890007,0.0083351135,4,4,0.0036849975585937,0.02142333984375,0.85888671875,0.85888671875
test/attack/digital_3/huawei/french-NM-1070.jpg,french-NM-1070,attack,digital_3,huawei,1,0.29296875,0.103500724,0.060195923,4,4,0.0021400451660156,0.0243377685546875,0.29296875,0.29296875
test/attack/digital_3/huawei/french-NM-1104.jpg,french-NM-1104,attack,digital_3,huawei,1,0.26538086,0.07264447,0.0121154785,4,4,0.0018606185913085,0.024444580078125,0.265380859375,0.265380859375
test/attack/digital_3/huawei/indian-012_03.jpg,indian-012_03,attack,digital_3,huawei,1,1.0,0.35504913,0.060028076,3,3,0.0055999755859375,0.0254974365234375,1.0,1.0
test/attack/digital_3/huawei/indian-014_03.jpg,indian-014_03,attack,digital_3,huawei,1,0.5859375,0.31814066,0.3618164,3,3,0.023468017578125,0.036468505859375,0.5859375,0.5859375
test/attack/digital_3/huawei/indian-01_0004_000-2423feb1_0.jpg,indian-01_0004_000-2423feb1_0,attack,digital_3,huawei,1,0.13305664,0.08944702,0.08648682,3,3,0.009857177734375,0.0280303955078125,0.133056640625,0.133056640625
test/attack/digital_3/huawei/indian-01_0005_000-59069fdd_1.jpg,indian-01_0005_000-59069fdd_1,attack,digital_3,huawei,1,0.9980469,0.34583473,0.035827637,3,3,0.0096359252929687,0.0266571044921875,0.998046875,0.998046875
test/attack/digital_3/huawei/indian-01_0062_000-c236043f_0.jpg,indian-01_0062_000-c236043f_0,attack,digital_3,huawei,1,0.27124023,0.16950989,0.22106934,3,3,0.0169830322265625,0.028167724609375,0.271240234375,0.271240234375
test/attack/digital_3/huawei/indian-01_0068_000-1b9539d8_0.jpg,indian-01_0068_000-1b9539d8_0,attack,digital_3,huawei,1,0.076538086,0.031558353,0.014640808,3,3,0.0065765380859375,0.0280914306640625,0.0765380859375,0.0765380859375
test/attack/digital_3/huawei/indian-01_0071_000-73870eac_1.jpg,indian-01_0071_000-73870eac_1,attack,digital_3,huawei,1,0.111328125,0.04080391,0.0077400208,3,3,0.0040626525878906,0.028350830078125,0.111328125,0.111328125
test/attack/digital_3/huawei/indian-01_0082_000-1b935c0e_0.jpg,indian-01_0082_000-1b935c0e_0,attack,digital_3,huawei,1,0.99121094,0.34069285,0.029876709,3,3,0.0025768280029296,0.0281982421875,0.9912109375,0.9912109375
test/attack/digital_3/huawei/indian-01_0087_000-7edaffe9_0.jpg,indian-01_0087_000-7edaffe9_0,attack,digital_3,huawei,1,1.0,0.34973654,0.03817749,3,3,0.0110092163085937,0.0271453857421875,1.0,1.0
test/attack/digital_3/huawei/indian-01_0089_000-f38cdec4_1.jpg,indian-01_0089_000-f38cdec4_1,attack,digital_3,huawei,1,0.020019531,0.008452098,0.00283432,3,3,0.0033760070800781,0.0276641845703125,0.02001953125,0.0276641845703125
test/attack/digital_3/huawei/indian-01_0097_000-b71b0c19_0.jpg,indian-01_0097_000-b71b0c19_0,attack,digital_3,huawei,1,1.0,0.35509744,0.04296875,3,3,0.0086441040039062,0.026580810546875,1.0,1.0
test/attack/digital_3/huawei/indian-021_03.jpg,indian-021_03,attack,digital_3,huawei,1,0.15234375,0.08398572,0.09918213,3,3,0.00787353515625,0.025299072265625,0.15234375,0.15234375
test/attack/digital_3/huawei/indian-037_03.jpg,indian-037_03,attack,digital_3,huawei,1,0.22973633,0.08122381,0.009361267,3,3,0.0028285980224609,0.0243377685546875,0.229736328125,0.229736328125
test/attack/digital_3/huawei/indian-038_03.jpg,indian-038_03,attack,digital_3,huawei,1,0.04244995,0.019767761,0.011642456,3,3,0.0124282836914062,0.0260009765625,0.042449951171875,0.042449951171875
test/attack/digital_3/huawei/indian-094_03.jpg,indian-094_03,attack,digital_3,huawei,1,0.27612305,0.09811274,0.011444092,3,3,0.0133743286132812,0.0272674560546875,0.276123046875,0.276123046875
test/attack/digital_3/huawei/indian-108_03.jpg,indian-108_03,attack,digital_3,huawei,1,0.17114258,0.062090557,0.012924194,3,3,0.0027675628662109,0.0254669189453125,0.171142578125,0.171142578125
test/attack/digital_3/huawei/indian-NF-1006.jpg,indian-NF-1006,attack,digital_3,huawei,1,0.036590576,0.022017797,0.026657104,3,3,0.0051383972167968,0.027984619140625,0.036590576171875,0.036590576171875
test/attack/digital_3/huawei/indian-NF-1025.jpg,indian-NF-1025,attack,digital_3,huawei,1,0.008628845,0.003721873,0.0013017654,3,3,0.0082321166992187,0.02801513671875,0.00862884521484375,0.02801513671875
test/attack/digital_3/huawei/indian-NF-1039.jpg,indian-NF-1039,attack,digital_3,huawei,1,0.054107666,0.02791836,0.029586792,3,3,0.0062065124511718,0.0254974365234375,0.054107666015625,0.054107666015625
test/attack/digital_3/huawei/indian-NF-1061.jpg,indian-NF-1061,attack,digital_3,huawei,1,0.17663574,0.078707375,0.046936035,3,3,0.11505126953125,0.029144287109375,0.1766357421875,0.1766357421875
test/attack/digital_3/huawei/indian-NF-1075.jpg,indian-NF-1075,attack,digital_3,huawei,1,0.20739746,0.085289,0.038726807,3,3,0.0087432861328125,0.02642822265625,0.2073974609375,0.2073974609375
test/attack/digital_3/huawei/indian-NF-1096.jpg,indian-NF-1096,attack,digital_3,huawei,1,0.88427734,0.31260285,0.052581787,3,3,0.0099334716796875,0.02618408203125,0.88427734375,0.88427734375
test/attack/digital_3/huawei/indian-NM-1058.jpg,indian-NM-1058,attack,digital_3,huawei,1,0.02229309,0.016242981,0.017623901,3,3,0.010345458984375,0.026702880859375,0.0222930908203125,0.026702880859375
test/attack/digital_3/huawei/persian-010_03.jpg,persian-010_03,attack,digital_3,huawei,1,0.28588867,0.09592056,0.0013484955,3,3,0.008270263671875,0.241455078125,0.285888671875,0.285888671875
test/attack/digital_3/huawei/persian-01_0064_000-daacc8f3_0.jpg,persian-01_0064_000-daacc8f3_0,attack,digital_3,huawei,1,0.03967285,0.01391236,0.0016841888,3,3,0.466796875,0.06915283203125,0.466796875,0.06915283203125
test/attack/digital_3/huawei/persian-01_0065_000-763dd95b_0.jpg,persian-01_0065_000-763dd95b_0,attack,digital_3,huawei,1,0.003967285,0.0014455914,0.00027108192,3,3,0.029388427734375,0.171875,0.029388427734375,0.171875
test/attack/digital_3/huawei/persian-01_0092_000-fad05fcd_1.jpg,persian-01_0092_000-fad05fcd_1,attack,digital_3,huawei,1,0.009780884,0.003412962,0.0002770424,3,3,0.56103515625,0.1328125,0.56103515625,0.1328125
test/attack/digital_3/huawei/persian-01_0096_000-75b0e83b_0.jpg,persian-01_0096_000-75b0e83b_0,attack,digital_3,huawei,1,0.99609375,0.33767113,0.01687622,3,3,0.0045547485351562,0.034210205078125,0.99609375,0.99609375
test/attack/digital_3/huawei/persian-01_0200_000-78393150_0.jpg,persian-01_0200_000-78393150_0,attack,digital_3,huawei,1,0.3125,0.16518657,0.16345215,3,3,0.0036296844482421,0.03594970703125,0.3125,0.3125
test/attack/digital_3/huawei/persian-045_03.jpg,persian-045_03,attack,digital_3,huawei,1,0.31079102,0.10854975,0.008216858,3,3,0.0100555419921875,0.03289794921875,0.310791015625,0.310791015625
test/attack/digital_3/huawei/persian-069_03.jpg,persian-069_03,attack,digital_3,huawei,1,0.87841797,0.29437098,0.0040397644,3,3,0.0271759033203125,0.040618896484375,0.87841796875,0.87841796875
test/attack/digital_3/huawei/persian-087_03.jpg,persian-087_03,attack,digital_3,huawei,1,0.001964569,0.001203537,0.0010147095,3,3,0.1939697265625,0.04595947265625,0.1939697265625,0.04595947265625
test/attack/digital_3/huawei/persian-122_03.jpg,persian-122_03,attack,digital_3,huawei,1,0.9511719,0.31838608,0.0025367737,3,3,0.0038089752197265,0.038299560546875,0.951171875,0.951171875
test/attack/digital_3/huawei/persian-144_03.jpg,persian-144_03,attack,digital_3,huawei,1,0.04724121,0.01957067,0.0062408447,3,3,0.0181427001953125,0.03240966796875,0.0472412109375,0.0472412109375
test/attack/digital_3/huawei/persian-NF-1001.jpg,persian-NF-1001,attack,digital_3,huawei,1,0.0005617142,0.0003087918,0.00023281574,3,3,0.0062637329101562,0.0306396484375,0.0062637329101562,0.0306396484375
test/attack/digital_3/huawei/persian-NF-1018.jpg,persian-NF-1018,attack,digital_3,huawei,1,0.11193848,0.038241863,0.0023002625,3,3,0.0156021118164062,0.0345458984375,0.1119384765625,0.1119384765625
test/attack/digital_3/huawei/persian-NF-1031.jpg,persian-NF-1031,attack,digital_3,huawei,1,0.0007853508,0.0003013412,0.00010848045,3,3,0.0119857788085937,0.034637451171875,0.0119857788085937,0.034637451171875
test/attack/digital_3/huawei/persian-NF-1034.jpg,persian-NF-1034,attack,digital_3,huawei,1,0.0013942719,0.00053191185,0.0001308918,3,3,0.0032787322998046,0.03253173828125,0.0032787322998046,0.03253173828125
test/attack/digital_3/huawei/persian-NF-1043.jpg,persian-NF-1043,attack,digital_3,huawei,1,0.025100708,0.009181976,0.0014753342,3,3,0.0137710571289062,0.035736083984375,0.0251007080078125,0.035736083984375
test/attack/digital_3/huawei/persian-NF-1079.jpg,persian-NF-1079,attack,digital_3,huawei,1,0.009803772,0.0040283203,0.001162529,3,3,0.0151596069335937,0.03271484375,0.0151596069335937,0.03271484375
test/attack/digital_3/huawei/persian-NF-1097.jpg,persian-NF-1097,attack,digital_3,huawei,1,0.0035171509,0.0017958482,0.0015697479,3,3,0.064697265625,0.0341796875,0.064697265625,0.0341796875
test/attack/digital_3/huawei/persian-NF-1108.jpg,persian-NF-1108,attack,digital_3,huawei,1,0.00869751,0.0029996831,0.00022339821,3,3,0.120361328125,0.042022705078125,0.120361328125,0.042022705078125
test/attack/digital_3/huawei/persian-NM-1010.jpg,persian-NM-1010,attack,digital_3,huawei,1,0.20507812,0.077217735,0.024520874,3,3,0.00830078125,0.037384033203125,0.205078125,0.205078125
test/attack/digital_3/huawei/persian-NM-1035.jpg,persian-NM-1035,attack,digital_3,huawei,1,0.036376953,0.018939814,0.019821167,3,3,0.017608642578125,0.09503173828125,0.036376953125,0.09503173828125
test/attack/digital_3/huawei/persian-NM-1074.jpg,persian-NM-1074,attack,digital_3,huawei,1,0.014320374,0.0055295625,0.0013303757,3,3,0.01788330078125,0.032684326171875,0.01788330078125,0.032684326171875
test/attack/digital_3/huawei/portugal-004_03.jpg,portugal-004_03,attack,digital_3,huawei,1,1.0,0.33359528,0.0007252693,3,3,0.0088119506835937,0.0262298583984375,1.0,1.0
test/attack/digital_3/huawei/portugal-013_03.jpg,portugal-013_03,attack,digital_3,huawei,1,0.9868164,0.33176237,0.008361816,3,3,0.0234832763671875,0.0272216796875,0.98681640625,0.98681640625
test/attack/digital_3/huawei/portugal-017_03.jpg,portugal-017_03,attack,digital_3,huawei,1,0.9111328,0.32613802,0.066589355,3,3,0.0136795043945312,0.0247955322265625,0.9111328125,0.9111328125
test/attack/digital_3/huawei/portugal-01_0014_000-6f7ea414_0.jpg,portugal-01_0014_000-6f7ea414_0,attack,digital_3,huawei,1,0.07531738,0.026610056,0.002462387,3,3,0.0604248046875,0.028656005859375,0.0753173828125,0.0753173828125
test/attack/digital_3/huawei/portugal-026_03.jpg,portugal-026_03,attack,digital_3,huawei,1,1.0,0.333594,0.00063610077,3,3,0.0023231506347656,0.025787353515625,1.0,1.0
test/attack/digital_3/huawei/portugal-029_03.jpg,portugal-029_03,attack,digital_3,huawei,1,0.9995117,0.3343989,0.0022964478,3,3,0.0072593688964843,0.0250091552734375,0.99951171875,0.99951171875
test/attack/digital_3/huawei/portugal-042_03.jpg,portugal-042_03,attack,digital_3,huawei,1,1.0,0.3564287,0.06921387,3,3,0.0031471252441406,0.027435302734375,1.0,1.0
test/attack/digital_3/huawei/portugal-061_03.jpg,portugal-061_03,attack,digital_3,huawei,1,0.99902344,0.33449176,0.0042495728,3,3,0.0044174194335937,0.026885986328125,0.9990234375,0.9990234375
test/attack/digital_3/huawei/portugal-066_03.jpg,portugal-066_03,attack,digital_3,huawei,1,0.9995117,0.39406443,0.18225098,3,3,0.0085296630859375,0.0240478515625,0.99951171875,0.99951171875
test/attack/digital_3/huawei/portugal-070_03.jpg,portugal-070_03,attack,digital_3,huawei,1,0.57910156,0.19361286,0.0015640259,3,3,0.0031356811523437,0.0280303955078125,0.5791015625,0.5791015625
test/attack/digital_3/huawei/portugal-105_03.jpg,portugal-105_03,attack,digital_3,huawei,1,1.0,0.33384466,0.0010480881,3,3,0.001169204711914,0.024993896484375,1.0,1.0
test/attack/digital_3/huawei/portugal-119_03.jpg,portugal-119_03,attack,digital_3,huawei,1,1.0,0.3347572,0.004207611,3,3,0.0184783935546875,0.0265350341796875,1.0,1.0
test/attack/digital_3/huawei/portugal-125_03.jpg,portugal-125_03,attack,digital_3,huawei,1,0.053588867,0.01830697,0.00093460083,3,3,0.0013198852539062,0.026336669921875,0.0535888671875,0.0535888671875
test/attack/digital_3/huawei/portugal-143_03.jpg,portugal-143_03,attack,digital_3,huawei,1,0.7885742,0.2630375,0.00044584274,3,3,0.0013332366943359,0.0271148681640625,0.78857421875,0.78857421875
test/attack/digital_3/huawei/portugal-172_03.jpg,portugal-172_03,attack,digital_3,huawei,1,0.5541992,0.19090717,0.017410278,3,3,0.0012474060058593,0.0265045166015625,0.55419921875,0.55419921875
test/attack/digital_3/huawei/portugal-NF-1016.jpg,portugal-NF-1016,attack,digital_3,huawei,1,1.0,0.3338355,0.001455307,3,3,0.0052413940429687,0.0254364013671875,1.0,1.0
test/attack/digital_3/huawei/portugal-NF-1022.jpg,portugal-NF-1022,attack,digital_3,huawei,1,0.7167969,0.24328686,0.012992859,3,3,0.0021953582763671,0.026275634765625,0.716796875,0.716796875
test/attack/digital_3/huawei/portugal-NF-1024.jpg,portugal-NF-1024,attack,digital_3,huawei,1,0.99121094,0.33368286,0.009483337,3,3,0.0004963874816894,0.0247802734375,0.9912109375,0.9912109375
test/attack/digital_3/huawei/portugal-NF-1026.jpg,portugal-NF-1026,attack,digital_3,huawei,1,0.5029297,0.16806658,0.0011034012,3,3,0.0006213188171386,0.0264129638671875,0.5029296875,0.5029296875
test/attack/digital_3/huawei/portugal-NF-1041.jpg,portugal-NF-1041,attack,digital_3,huawei,1,1.0,0.3403175,0.020706177,3,3,0.0009093284606933,0.0272674560546875,1.0,1.0
test/attack/digital_3/huawei/portugal-NF-1060.jpg,portugal-NF-1060,attack,digital_3,huawei,1,1.0,0.3339995,0.0019836426,3,3,0.0007991790771484,0.030242919921875,1.0,1.0
test/attack/digital_3/huawei/portugal-NF-1066.jpg,portugal-NF-1066,attack,digital_3,huawei,1,0.9970703,0.33489165,0.006877899,3,3,0.0010604858398437,0.0254669189453125,0.9970703125,0.9970703125
test/attack/digital_3/huawei/portugal-NF-1083.jpg,portugal-NF-1083,attack,digital_3,huawei,1,1.0,0.33437076,0.0030403137,3,3,0.0137939453125,0.028106689453125,1.0,1.0
test/attack/digital_3/huawei/portugal-NF-1086.jpg,portugal-NF-1086,attack,digital_3,huawei,1,0.36035156,0.12791978,0.023345947,3,3,0.0030879974365234,0.0256195068359375,0.3603515625,0.3603515625
test/attack/digital_3/huawei/portugal-NF-1105.jpg,portugal-NF-1105,attack,digital_3,huawei,1,1.0,0.33537638,0.005958557,3,3,0.0005769729614257,0.02447509765625,1.0,1.0
test/attack/digital_3/huawei/portugal-NF-1107.jpg,portugal-NF-1107,attack,digital_3,huawei,1,0.0005669594,0.0002627174,0.00019872189,3,3,0.0040054321289062,0.0281982421875,0.0040054321289062,0.0281982421875
test/attack/digital_3/huawei/portugal-NF-1109.jpg,portugal-NF-1109,attack,digital_3,huawei,1,0.9819336,0.32941052,0.006122589,3,3,0.0081863403320312,0.0245208740234375,0.98193359375,0.98193359375
test/attack/digital_3/huawei/portugal-NM-1091.jpg,portugal-NM-1091,attack,digital_3,huawei,1,0.7207031,0.24204548,0.005218506,3,3,0.0017070770263671,0.029541015625,0.720703125,0.720703125
test/attack/digital_3/huawei/portugal-NM-1102.jpg,portugal-NM-1102,attack,digital_3,huawei,1,1.0,0.3481379,0.044189453,3,3,0.0009126663208007,0.0251312255859375,1.0,1.0
test/attack/digital_3/huawei/russian-002_03.jpg,russian-002_03,attack,digital_3,huawei,1,1.0,0.34817505,0.026382446,3,3,0.0030460357666015,0.034912109375,1.0,1.0
test/attack/digital_3/huawei/russian-01_0001_000-ff703650_1.jpg,russian-01_0001_000-ff703650_1,attack,digital_3,huawei,1,0.46435547,0.1560262,0.0030460358,3,3,0.0022792816162109,0.03192138671875,0.46435546875,0.46435546875
test/attack/digital_3/huawei/russian-01_0030_000-0bc18d73_0.jpg,russian-01_0030_000-0bc18d73_0,attack,digital_3,huawei,1,0.00040125847,0.00021058321,0.00015115738,3,3,0.0302734375,0.040313720703125,0.0302734375,0.040313720703125
test/attack/digital_3/huawei/russian-01_0075_000-9bed189a_0.jpg,russian-01_0075_000-9bed189a_0,attack,digital_3,huawei,1,0.97509766,0.32543048,0.00096416473,3,3,0.0041007995605468,0.04046630859375,0.97509765625,0.97509765625
test/attack/digital_3/huawei/russian-01_0201_000-2ea0ec28_0.jpg,russian-01_0201_000-2ea0ec28_0,attack,digital_3,huawei,1,0.005542755,0.0046806335,0.005332947,3,3,0.0017108917236328,0.032440185546875,0.005542755126953125,0.032440185546875
test/attack/digital_3/huawei/russian-027_03.jpg,russian-027_03,attack,digital_3,huawei,1,0.00022339821,0.00014265378,0.00018560886,3,3,0.010528564453125,0.034027099609375,0.010528564453125,0.034027099609375
test/attack/digital_3/huawei/russian-062_03.jpg,russian-062_03,attack,digital_3,huawei,1,0.017196655,0.0063498816,0.0011291504,3,3,0.0034561157226562,0.03253173828125,0.0171966552734375,0.03253173828125
test/attack/digital_3/huawei/russian-082_03.jpg,russian-082_03,attack,digital_3,huawei,1,0.99902344,0.33499017,0.004486084,3,3,0.0006422996520996,0.031982421875,0.9990234375,0.9990234375
test/attack/digital_3/huawei/russian-123_03.jpg,russian-123_03,attack,digital_3,huawei,1,0.081970215,0.027673542,0.0009326935,3,3,0.0080184936523437,0.034576416015625,0.08197021484375,0.08197021484375
test/attack/digital_3/huawei/russian-132_03.jpg,russian-132_03,attack,digital_3,huawei,1,0.0006375313,0.00032814345,0.00021862984,3,3,0.032501220703125,0.033111572265625,0.032501220703125,0.033111572265625
test/attack/digital_3/huawei/russian-140_03.jpg,russian-140_03,attack,digital_3,huawei,1,0.00021660328,0.00012848775,0.00010848045,3,3,0.0034904479980468,0.039947509765625,0.0034904479980468,0.039947509765625
test/attack/digital_3/huawei/russian-141_03.jpg,russian-141_03,attack,digital_3,huawei,1,0.001704216,0.0008338292,0.0005440712,3,3,0.0021648406982421,0.03173828125,0.0021648406982421,0.03173828125
test/attack/digital_3/huawei/russian-NF-1013.jpg,russian-NF-1013,attack,digital_3,huawei,1,0.00027751923,0.00013993184,8.922815e-05,3,3,0.0083999633789062,0.033294677734375,0.0083999633789062,0.033294677734375
test/attack/digital_3/huawei/russian-NF-1028.jpg,russian-NF-1028,attack,digital_3,huawei,1,0.04269409,0.015263319,0.002779007,3,3,0.0251312255859375,0.0282745361328125,0.042694091796875,0.042694091796875
test/attack/digital_3/huawei/russian-NF-1069.jpg,russian-NF-1069,attack,digital_3,huawei,1,0.001083374,0.0004531741,0.0002309084,3,3,0.0008277893066406,0.0345458984375,0.0010833740234375,0.0345458984375
test/attack/digital_3/huawei/russian-NF-1080.jpg,russian-NF-1080,attack,digital_3,huawei,1,0.00046277046,0.00028963885,0.0002439022,3,3,0.0010671615600585,0.0310516357421875,0.0010671615600585,0.0310516357421875
test/attack/digital_3/huawei/russian-NF-1081.jpg,russian-NF-1081,attack,digital_3,huawei,1,0.73583984,0.2522367,0.017440796,3,3,0.0008378028869628,0.032745361328125,0.73583984375,0.73583984375
test/attack/digital_3/huawei/russian-NF-1089.jpg,russian-NF-1089,attack,digital_3,huawei,1,0.0036563873,0.001789411,0.0013484955,3,3,0.1275634765625,0.033935546875,0.1275634765625,0.033935546875
test/attack/digital_3/huawei/russian-NF-1099.jpg,russian-NF-1099,attack,digital_3,huawei,1,1.0,0.42559814,0.265625,3,3,0.6025390625,0.052947998046875,1.0,1.0
test/attack/digital_3/huawei/russian-NM-1027.jpg,russian-NM-1027,attack,digital_3,huawei,1,0.4411621,0.14763165,0.001162529,3,3,0.0146408081054687,0.033355712890625,0.441162109375,0.441162109375
test/attack/digital_3/huawei/turkiye-008_03.jpg,turkiye-008_03,attack,digital_3,huawei,1,0.017211914,0.008106232,0.0056877136,3,3,0.0030689239501953,0.03173828125,0.0172119140625,0.03173828125
test/attack/digital_3/huawei/turkiye-01_0035_000-d4764bf3_0.jpg,turkiye-01_0035_000-d4764bf3_0,attack,digital_3,huawei,1,0.95166016,0.46705055,0.44726562,3,3,0.00396728515625,0.032440185546875,0.95166015625,0.95166015625
test/attack/digital_3/huawei/turkiye-01_0074_000-c54807ec_1.jpg,turkiye-01_0074_000-c54807ec_1,attack,digital_3,huawei,1,0.018127441,0.0074300766,0.0036506653,3,3,0.00787353515625,0.1806640625,0.01812744140625,0.1806640625
test/attack/digital_3/huawei/turkiye-01_0078_000-cfc6a96f_1.jpg,turkiye-01_0078_000-cfc6a96f_1,attack,digital_3,huawei,1,0.021331787,0.008352597,0.002035141,3,3,0.0084152221679687,0.06256103515625,0.021331787109375,0.06256103515625
test/attack/digital_3/huawei/turkiye-01_0079_000-01a48f56_0.jpg,turkiye-01_0079_000-01a48f56_0,attack,digital_3,huawei,1,0.056915283,0.021458467,0.006916046,3,3,0.0023231506347656,0.040924072265625,0.056915283203125,0.056915283203125
test/attack/digital_3/huawei/turkiye-01_0081_000-e5c4342a_1.jpg,turkiye-01_0081_000-e5c4342a_1,attack,digital_3,huawei,1,0.98779297,0.33898163,0.016357422,3,3,0.0089645385742187,0.07275390625,0.98779296875,0.98779296875
test/attack/digital_3/huawei/turkiye-01_0085_000-65296866_0.jpg,turkiye-01_0085_000-65296866_0,attack,digital_3,huawei,1,0.008491516,0.004794121,0.004802704,3,3,0.0081710815429687,0.10186767578125,0.00849151611328125,0.10186767578125
test/attack/digital_3/huawei/turkiye-01_0088_000-3739c168_0.jpg,turkiye-01_0088_000-3739c168_0,attack,digital_3,huawei,1,0.049346924,0.034172058,0.041137695,3,3,0.0123825073242187,0.031951904296875,0.049346923828125,0.049346923828125
test/attack/digital_3/huawei/turkiye-01_0090_000-6238b878_0.jpg,turkiye-01_0090_000-6238b878_0,attack,digital_3,huawei,1,0.7651367,0.4908854,0.64404297,3,3,0.0056304931640625,0.035186767578125,0.76513671875,0.76513671875
test/attack/digital_3/huawei/turkiye-01_0093_000-330a7661_0.jpg,turkiye-01_0093_000-330a7661_0,attack,digital_3,huawei,1,0.0004172325,0.00020728509,0.00016534328,3,3,0.02117919921875,0.031280517578125,0.02117919921875,0.031280517578125
test/attack/digital_3/huawei/turkiye-031_03.jpg,turkiye-031_03,attack,digital_3,huawei,1,0.8046875,0.2919464,0.05505371,3,3,0.0039749145507812,0.03985595703125,0.8046875,0.8046875
test/attack/digital_3/huawei/turkiye-032_03.jpg,turkiye-032_03,attack,digital_3,huawei,1,0.7207031,0.24500243,0.012649536,3,3,0.0033435821533203,0.03253173828125,0.720703125,0.720703125
test/attack/digital_3/huawei/turkiye-036_03.jpg,turkiye-036_03,attack,digital_3,huawei,1,0.2401123,0.116378784,0.10675049,3,3,0.0016517639160156,0.033203125,0.2401123046875,0.2401123046875
test/attack/digital_3/huawei/turkiye-041_03.jpg,turkiye-041_03,attack,digital_3,huawei,1,0.4663086,0.16818619,0.031143188,3,3,0.0030632019042968,0.032379150390625,0.46630859375,0.46630859375
test/attack/digital_3/huawei/turkiye-083_03.jpg,turkiye-083_03,attack,digital_3,huawei,1,0.9370117,0.38711557,0.22399902,3,3,0.0032863616943359,0.03155517578125,0.93701171875,0.93701171875
test/attack/digital_3/huawei/turkiye-086_03.jpg,turkiye-086_03,attack,digital_3,huawei,1,0.077819824,0.03438695,0.01939392,3,3,0.0044174194335937,0.041046142578125,0.07781982421875,0.07781982421875
test/attack/digital_3/huawei/turkiye-092_03.jpg,turkiye-092_03,attack,digital_3,huawei,1,0.002571106,0.0009943644,0.00024724007,3,3,0.0022163391113281,0.03070068359375,0.00257110595703125,0.03070068359375
test/attack/digital_3/huawei/turkiye-101_03.jpg,turkiye-101_03,attack,digital_3,huawei,1,0.38720703,0.1401329,0.025802612,3,3,0.0030460357666015,0.152099609375,0.38720703125,0.38720703125
test/attack/digital_3/huawei/turkiye-104_03.jpg,turkiye-104_03,attack,digital_3,huawei,1,0.043823242,0.01478823,0.00045394897,3,3,0.0037078857421875,0.0296478271484375,0.0438232421875,0.0438232421875
test/attack/digital_3/huawei/turkiye-115_03.jpg,turkiye-115_03,attack,digital_3,huawei,1,0.3515625,0.22355144,0.15966797,3,3,0.5234375,0.18408203125,0.5234375,0.3515625
test/attack/digital_3/huawei/turkiye-121_03.jpg,turkiye-121_03,attack,digital_3,huawei,1,0.23913574,0.08120028,0.0028953552,3,3,0.0014638900756835,0.0313720703125,0.2391357421875,0.2391357421875
test/attack/digital_3/huawei/turkiye-126_03.jpg,turkiye-126_03,attack,digital_3,huawei,1,0.093933105,0.033678055,0.004142761,3,3,0.0070114135742187,0.03656005859375,0.09393310546875,0.09393310546875
test/attack/digital_3/huawei/turkiye-127_03.jpg,turkiye-127_03,attack,digital_3,huawei,1,0.76708984,0.45547995,0.5839844,3,3,0.0027198791503906,0.0301055908203125,0.76708984375,0.76708984375
test/attack/digital_3/huawei/turkiye-129_03.jpg,turkiye-129_03,attack,digital_3,huawei,1,0.90234375,0.31625366,0.033721924,3,3,0.0032787322998046,0.03436279296875,0.90234375,0.90234375
test/attack/digital_3/huawei/turkiye-130_03.jpg,turkiye-130_03,attack,digital_3,huawei,1,0.011802673,0.009540558,0.009300232,3,3,0.0277099609375,0.034332275390625,0.0277099609375,0.034332275390625
test/attack/digital_3/huawei/turkiye-138_03.jpg,turkiye-138_03,attack,digital_3,huawei,1,0.0209198,0.007426103,0.00096416473,3,3,0.0034294128417968,0.030731201171875,0.0209197998046875,0.030731201171875
test/attack/digital_3/huawei/turkiye-NF-1002.jpg,turkiye-NF-1002,attack,digital_3,huawei,1,0.5517578,0.21683757,0.06323242,3,3,0.0242767333984375,0.278564453125,0.5517578125,0.5517578125
test/attack/digital_3/huawei/turkiye-NF-1008.jpg,turkiye-NF-1008,attack,digital_3,huawei,1,0.0071487427,0.0029346347,0.0015583038,3,3,0.0065269470214843,0.0335693359375,0.00714874267578125,0.0335693359375
test/attack/digital_3/huawei/turkiye-NF-1054.jpg,turkiye-NF-1054,attack,digital_3,huawei,1,0.026428223,0.012340863,0.009178162,3,3,0.0039520263671875,0.06500244140625,0.02642822265625,0.06500244140625
test/attack/digital_3/huawei/turkiye-NF-1103.jpg,turkiye-NF-1103,attack,digital_3,huawei,1,0.9980469,0.47089896,0.4086914,3,3,0.003204345703125,0.83349609375,0.998046875,0.998046875
test/attack/digital_3/huawei/turkiye-NM-1011.jpg,turkiye-NM-1011,attack,digital_3,huawei,1,0.984375,0.61233205,0.85058594,3,3,0.0097122192382812,0.0498046875,0.984375,0.984375
test/attack/digital_3/huawei/turkiye-NM-1019.jpg,turkiye-NM-1019,attack,digital_3,huawei,1,0.020904541,0.008951823,0.004924774,3,3,0.0051078796386718,0.03704833984375,0.020904541015625,0.03704833984375
test/attack/digital_3/huawei/turkiye-NM-1033.jpg,turkiye-NM-1033,attack,digital_3,huawei,1,0.93847656,0.5727997,0.7607422,3,3,0.0040245056152343,0.033233642578125,0.9384765625,0.9384765625
test/attack/digital_3/huawei/turkiye-NM-1055.jpg,turkiye-NM-1055,attack,digital_3,huawei,1,0.07543945,0.027938446,0.007904053,3,3,0.03753662109375,0.207275390625,0.075439453125,0.207275390625
test/attack/digital_3/huawei/ukraine-006_03.jpg,ukraine-006_03,attack,digital_3,huawei,1,8.583069e-05,4.631281e-05,4.1484833e-05,3,3,0.0046195983886718,0.04290771484375,0.0046195983886718,0.04290771484375
test/attack/digital_3/huawei/ukraine-007_03.jpg,ukraine-007_03,attack,digital_3,huawei,1,0.00066518784,0.0002876719,0.00014197826,3,3,0.0023231506347656,0.06585693359375,0.0023231506347656,0.06585693359375
test/attack/digital_3/huawei/ukraine-01_0018_000-aad4322e_0.jpg,ukraine-01_0018_000-aad4322e_0,attack,digital_3,huawei,1,0.0128479,0.0054155984,0.0027637482,3,3,0.0073165893554687,0.04119873046875,0.012847900390625,0.04119873046875
test/attack/digital_3/huawei/ukraine-01_0073_000-d23bdbae_1.jpg,ukraine-01_0073_000-d23bdbae_1,attack,digital_3,huawei,1,0.006061554,0.002675454,0.0016975403,3,3,0.0035934448242187,0.05914306640625,0.006061553955078125,0.05914306640625
test/attack/digital_3/huawei/ukraine-01_0077_000-a3228552_1.jpg,ukraine-01_0077_000-a3228552_1,attack,digital_3,huawei,1,0.041900635,0.014626265,0.0016069412,3,3,0.0049324035644531,0.038909912109375,0.041900634765625,0.041900634765625
test/attack/digital_3/huawei/ukraine-01_0083_000-21b44038_0.jpg,ukraine-01_0083_000-21b44038_0,attack,digital_3,huawei,1,0.0046081543,0.0020184119,0.0013513565,3,3,0.0038928985595703,0.0416259765625,0.004608154296875,0.0416259765625
test/attack/digital_3/huawei/ukraine-01_0091_000-2d8a528b_1.jpg,ukraine-01_0091_000-2d8a528b_1,attack,digital_3,huawei,1,0.0047187805,0.0025548935,0.0018491745,3,3,0.0107345581054687,0.285400390625,0.0107345581054687,0.285400390625
test/attack/digital_3/huawei/ukraine-025_03.jpg,ukraine-025_03,attack,digital_3,huawei,1,0.0023975372,0.0011167526,0.0007991791,3,3,0.0069313049316406,0.050323486328125,0.0069313049316406,0.050323486328125
test/attack/digital_3/huawei/ukraine-030_03.jpg,ukraine-030_03,attack,digital_3,huawei,1,0.0032596588,0.0011051496,3.5643578e-05,3,3,0.0068359375,0.048095703125,0.0068359375,0.048095703125
test/attack/digital_3/huawei/ukraine-103_03.jpg,ukraine-103_03,attack,digital_3,huawei,1,0.0004849434,0.00021266937,0.0001333952,3,3,0.0006227493286132,0.042510986328125,0.0006227493286132,0.042510986328125
test/attack/digital_3/huawei/ukraine-NF-1005.jpg,ukraine-NF-1005,attack,digital_3,huawei,1,0.0017375946,0.00066518784,0.00022423267,3,3,0.0057296752929687,0.0494384765625,0.0057296752929687,0.0494384765625
test/attack/digital_3/huawei/ukraine-NF-1015.jpg,ukraine-NF-1015,attack,digital_3,huawei,1,0.04434204,0.015369098,0.0016260147,3,3,0.0028114318847656,0.042816162109375,0.044342041015625,0.044342041015625
test/attack/digital_3/huawei/ukraine-NF-1021.jpg,ukraine-NF-1021,attack,digital_3,huawei,1,0.03149414,0.01062725,0.00026845932,3,3,0.0025863647460937,0.049041748046875,0.031494140625,0.049041748046875
test/attack/digital_3/huawei/ukraine-NF-1032.jpg,ukraine-NF-1032,attack,digital_3,huawei,1,0.0002053976,8.058548e-05,2.9981136e-05,3,3,0.0033435821533203,0.04754638671875,0.0033435821533203,0.04754638671875
test/attack/digital_3/huawei/ukraine-NF-1057.jpg,ukraine-NF-1057,attack,digital_3,huawei,1,0.46020508,0.21818061,0.19433594,3,3,0.0004701614379882,0.03778076171875,0.460205078125,0.460205078125
test/attack/digital_3/huawei/ukraine-NF-1068.jpg,ukraine-NF-1068,attack,digital_3,huawei,1,0.045196533,0.022507349,0.020706177,3,3,0.333984375,0.07745361328125,0.333984375,0.07745361328125
test/attack/digital_3/huawei/ukraine-NF-1073.jpg,ukraine-NF-1073,attack,digital_3,huawei,1,0.00027489662,0.00012099743,4.851818e-05,3,3,0.0149993896484375,0.051788330078125,0.0149993896484375,0.051788330078125
test/attack/digital_3/huawei/ukraine-NF-1077.jpg,ukraine-NF-1077,attack,digital_3,huawei,1,0.00014197826,7.623434e-05,6.788969e-05,3,3,0.0015487670898437,0.048309326171875,0.0015487670898437,0.048309326171875
test/attack/digital_3/huawei/ukraine-NF-1084.jpg,ukraine-NF-1084,attack,digital_3,huawei,1,0.0014896393,0.0005086462,3.117323e-05,3,3,0.0004546642303466,0.043975830078125,0.0014896392822265625,0.043975830078125
test/attack/digital_3/huawei/ukraine-NF-1087.jpg,ukraine-NF-1087,attack,digital_3,huawei,1,0.00065517426,0.00023617347,4.0709972e-05,3,3,0.0010204315185546,0.04302978515625,0.0010204315185546,0.04302978515625
test/attack/digital_3/huawei/ukraine-NF-1106.jpg,ukraine-NF-1106,attack,digital_3,huawei,1,0.0012922287,0.000511388,0.00017297268,3,3,0.0032672882080078,0.0457763671875,0.0032672882080078,0.0457763671875
test/attack/digital_3/huawei/ukraine-NM-1007.jpg,ukraine-NM-1007,attack,digital_3,huawei,1,0.018569946,0.00624007,0.00014996529,3,3,0.0045204162597656,0.04095458984375,0.0185699462890625,0.04095458984375
test/attack/digital_3/huawei/usa-009_03.jpg,usa-009_03,attack,digital_3,huawei,1,0.062164307,0.03987996,0.057281494,3,3,0.0063133239746093,0.048492431640625,0.062164306640625,0.062164306640625
test/attack/digital_3/huawei/usa-011_03.jpg,usa-011_03,attack,digital_3,huawei,1,0.9921875,0.3560079,0.054351807,3,3,0.0034637451171875,0.056243896484375,0.9921875,0.9921875
test/attack/digital_3/huawei/usa-016_03.jpg,usa-016_03,attack,digital_3,huawei,1,1.0,0.3882319,0.16149902,3,3,0.0037879943847656,0.037353515625,1.0,1.0
test/attack/digital_3/huawei/usa-01_0038_000-0ee87df5_0.jpg,usa-01_0038_000-0ee87df5_0,attack,digital_3,huawei,1,1.0,0.3952497,0.18273926,3,3,0.12249755859375,0.040771484375,1.0,1.0
test/attack/digital_3/huawei/usa-01_0080_000-0c832328_1.jpg,usa-01_0080_000-0c832328_1,attack,digital_3,huawei,1,1.0,0.35323715,0.05404663,3,3,0.0087966918945312,0.0360107421875,1.0,1.0
test/attack/digital_3/huawei/usa-034_03.jpg,usa-034_03,attack,digital_3,huawei,1,0.99072266,0.35597834,0.076049805,3,3,0.0069427490234375,0.03643798828125,0.99072265625,0.99072265625
test/attack/digital_3/huawei/usa-043_03.jpg,usa-043_03,attack,digital_3,huawei,1,0.9199219,0.36499152,0.16833496,3,3,0.0039215087890625,0.041046142578125,0.919921875,0.919921875
test/attack/digital_3/huawei/usa-063_03.jpg,usa-063_03,attack,digital_3,huawei,1,0.1105957,0.057632368,0.062042236,3,3,0.0176239013671875,0.68798828125,0.110595703125,0.68798828125
test/attack/digital_3/huawei/usa-067_03.jpg,usa-067_03,attack,digital_3,huawei,1,0.98583984,0.39912924,0.20739746,3,3,0.0157012939453125,0.035552978515625,0.98583984375,0.98583984375
test/attack/digital_3/huawei/usa-117_03.jpg,usa-117_03,attack,digital_3,huawei,1,0.203125,0.0988094,0.09301758,3,3,0.0072898864746093,0.03857421875,0.203125,0.203125
test/attack/digital_3/huawei/usa-134_03.jpg,usa-134_03,attack,digital_3,huawei,1,1.0,0.33827877,0.013885498,3,3,0.003936767578125,0.036651611328125,1.0,1.0
test/attack/digital_3/huawei/usa-136_03.jpg,usa-136_03,attack,digital_3,huawei,1,0.15283203,0.05530103,0.010345459,3,3,0.0024490356445312,0.03662109375,0.15283203125,0.15283203125
test/attack/digital_3/huawei/usa-137_03.jpg,usa-137_03,attack,digital_3,huawei,1,1.0,0.38169608,0.13208008,3,3,0.0032596588134765,0.034454345703125,1.0,1.0
test/attack/digital_3/huawei/usa-NF-1004.jpg,usa-NF-1004,attack,digital_3,huawei,1,0.17553711,0.07268778,0.04196167,3,3,0.0026931762695312,0.256591796875,0.175537109375,0.256591796875
test/attack/digital_3/huawei/usa-NF-1009.jpg,usa-NF-1009,attack,digital_3,huawei,1,0.14550781,0.12320963,0.12036133,3,3,0.019073486328125,0.2340087890625,0.1455078125,0.2340087890625
test/attack/digital_3/huawei/usa-NF-1017.jpg,usa-NF-1017,attack,digital_3,huawei,1,1.0,0.55222577,0.5595703,3,3,0.0120086669921875,0.81640625,1.0,1.0
test/attack/digital_3/huawei/usa-NF-1036.jpg,usa-NF-1036,attack,digital_3,huawei,1,1.0,0.3679886,0.08959961,3,3,0.1883544921875,0.053802490234375,1.0,1.0
test/attack/digital_3/huawei/usa-NF-1044.jpg,usa-NF-1044,attack,digital_3,huawei,1,1.0,0.35145855,0.052856445,3,3,0.0237579345703125,0.039520263671875,1.0,1.0
test/attack/digital_3/huawei/usa-NF-1046.jpg,usa-NF-1046,attack,digital_3,huawei,1,1.0,0.44280133,0.32836914,3,3,0.026153564453125,0.039520263671875,1.0,1.0
test/attack/digital_3/huawei/usa-NF-1051.jpg,usa-NF-1051,attack,digital_3,huawei,1,1.0,0.43847656,0.3083496,3,3,0.0054168701171875,0.0396728515625,1.0,1.0
test/attack/digital_3/huawei/usa-NF-1062.jpg,usa-NF-1062,attack,digital_3,huawei,1,0.34521484,0.17070262,0.15808105,3,3,0.0117568969726562,0.039306640625,0.34521484375,0.34521484375
test/attack/digital_3/huawei/usa-NF-1065.jpg,usa-NF-1065,attack,digital_3,huawei,1,0.08831787,0.051191967,0.061828613,3,3,0.10211181640625,0.042083740234375,0.10211181640625,0.08831787109375
test/attack/digital_3/huawei/usa-NF-1071.jpg,usa-NF-1071,attack,digital_3,huawei,1,1.0,0.46155676,0.37963867,3,3,0.0025501251220703,0.0372314453125,1.0,1.0
test/attack/digital_3/huawei/usa-NF-1076.jpg,usa-NF-1076,attack,digital_3,huawei,1,1.0,0.45129585,0.35253906,3,3,0.0186309814453125,0.0389404296875,1.0,1.0
test/attack/digital_3/huawei/usa-NF-1093.jpg,usa-NF-1093,attack,digital_3,huawei,1,0.99853516,0.388539,0.16394043,3,3,0.03289794921875,0.05792236328125,0.99853515625,0.99853515625
test/attack/digital_3/huawei/usa-NF-1094.jpg,usa-NF-1094,attack,digital_3,huawei,1,0.26513672,0.1491801,0.18041992,3,3,0.0137710571289062,0.06903076171875,0.26513671875,0.26513671875
test/attack/digital_3/huawei/usa-NM-1038.jpg,usa-NM-1038,attack,digital_3,huawei,1,0.9980469,0.3824234,0.1430664,3,3,0.0162200927734375,0.044708251953125,0.998046875,0.998046875
test/attack/digital_3/huawei/usa-NM-1052.jpg,usa-NM-1052,attack,digital_3,huawei,1,1.0,0.41460037,0.23815918,3,3,0.0022697448730468,0.143798828125,1.0,1.0
test/attack/digital_3/iphone15pro/arabic-003_03.jpg,arabic-003_03,attack,digital_3,iphone15pro,1,0.26464844,0.12301636,0.062042236,3,3,0.0174102783203125,0.025421142578125,0.2646484375,0.2646484375
test/attack/digital_3/iphone15pro/arabic-005_03.jpg,arabic-005_03,attack,digital_3,iphone15pro,1,0.99609375,0.39578757,0.17175293,3,3,0.058441162109375,0.445068359375,0.99609375,0.99609375
test/attack/digital_3/iphone15pro/arabic-01_0002_000-c7338db1_1.jpg,arabic-01_0002_000-c7338db1_1,attack,digital_3,iphone15pro,1,0.56103516,0.19148445,0.011940002,3,3,0.06378173828125,0.0246124267578125,0.56103515625,0.56103515625
test/attack/digital_3/iphone15pro/arabic-01_0076_000-fd5000df_1.jpg,arabic-01_0076_000-fd5000df_1,attack,digital_3,iphone15pro,1,0.9238281,0.36249796,0.13586426,3,3,0.06634521484375,0.2978515625,0.923828125,0.923828125
test/attack/digital_3/iphone15pro/arabic-01_0095_000-18471808_1.jpg,arabic-01_0095_000-18471808_1,attack,digital_3,iphone15pro,1,0.99902344,0.50960284,0.41259766,3,3,0.021636962890625,0.0264739990234375,0.9990234375,0.9990234375
test/attack/digital_3/iphone15pro/arabic-024_03.jpg,arabic-024_03,attack,digital_3,iphone15pro,1,0.90966797,0.4404602,0.35473633,3,3,0.020965576171875,0.025390625,0.90966796875,0.90966796875
test/attack/digital_3/iphone15pro/arabic-112_03.jpg,arabic-112_03,attack,digital_3,iphone15pro,1,0.94384766,0.6272786,0.5019531,3,3,0.04620361328125,0.025543212890625,0.94384765625,0.94384765625
test/attack/digital_3/iphone15pro/arabic-120_03.jpg,arabic-120_03,attack,digital_3,iphone15pro,1,0.9272461,0.64119464,0.77246094,3,3,0.0183868408203125,0.0280609130859375,0.92724609375,0.92724609375
test/attack/digital_3/iphone15pro/arabic-131_03.jpg,arabic-131_03,attack,digital_3,iphone15pro,1,0.9995117,0.89778644,0.9995117,3,3,0.11688232421875,0.9091796875,0.99951171875,0.99951171875
test/attack/digital_3/iphone15pro/arabic-139_03.jpg,arabic-139_03,attack,digital_3,iphone15pro,1,0.23132324,0.07921728,0.0037078857,3,3,0.1998291015625,0.51513671875,0.2313232421875,0.51513671875
test/attack/digital_3/iphone15pro/arabic-173_03.jpg,arabic-173_03,attack,digital_3,iphone15pro,1,0.99902344,0.9951172,0.9980469,3,3,0.0104904174804687,0.41064453125,0.9990234375,0.9990234375
test/attack/digital_3/iphone15pro/arabic-NF-1003.jpg,arabic-NF-1003,attack,digital_3,iphone15pro,1,0.99902344,0.42982993,0.18444824,3,3,0.0296783447265625,0.06964111328125,0.9990234375,0.9990234375
test/attack/digital_3/iphone15pro/arabic-NF-1012.jpg,arabic-NF-1012,attack,digital_3,iphone15pro,1,0.29174805,0.19513448,0.2854004,3,3,0.00885009765625,0.0257415771484375,0.291748046875,0.291748046875
test/attack/digital_3/iphone15pro/arabic-NF-1030.jpg,arabic-NF-1030,attack,digital_3,iphone15pro,1,0.79345703,0.39001718,0.36376953,3,3,0.0592041015625,0.0261993408203125,0.79345703125,0.79345703125
test/attack/digital_3/iphone15pro/arabic-NF-1037.jpg,arabic-NF-1037,attack,digital_3,iphone15pro,1,0.39038086,0.13601303,0.013031006,3,3,0.0121231079101562,0.0225372314453125,0.390380859375,0.390380859375
test/attack/digital_3/iphone15pro/arabic-NF-1040.jpg,arabic-NF-1040,attack,digital_3,iphone15pro,1,0.9301758,0.4328448,0.3659668,3,3,0.0114822387695312,0.02752685546875,0.93017578125,0.93017578125
test/attack/digital_3/iphone15pro/arabic-NF-1045.jpg,arabic-NF-1045,attack,digital_3,iphone15pro,1,0.9458008,0.53768796,0.6616211,3,3,0.051513671875,0.094482421875,0.94580078125,0.94580078125
test/attack/digital_3/iphone15pro/arabic-NF-1048.jpg,arabic-NF-1048,attack,digital_3,iphone15pro,1,0.011177063,0.0071767173,0.006313324,3,3,0.0660400390625,0.10247802734375,0.0660400390625,0.10247802734375
test/attack/digital_3/iphone15pro/arabic-NF-1049.jpg,arabic-NF-1049,attack,digital_3,iphone15pro,1,0.76416016,0.40553793,0.37475586,3,3,0.0301361083984375,0.0300140380859375,0.76416015625,0.76416015625
test/attack/digital_3/iphone15pro/arabic-NF-1053.jpg,arabic-NF-1053,attack,digital_3,iphone15pro,1,0.9995117,0.8904622,0.9980469,3,3,0.0401611328125,0.0244293212890625,0.99951171875,0.99951171875
test/attack/digital_3/iphone15pro/arabic-NF-1098.jpg,arabic-NF-1098,attack,digital_3,iphone15pro,1,0.0023555756,0.0013054212,0.0009813309,3,3,0.07489013671875,0.041351318359375,0.07489013671875,0.041351318359375
test/attack/digital_3/iphone15pro/arabic-NF-1100.jpg,arabic-NF-1100,attack,digital_3,iphone15pro,1,0.99902344,0.86344403,0.828125,3,3,0.0137939453125,0.026275634765625,0.9990234375,0.9990234375
test/attack/digital_3/iphone15pro/arabic-NM-1029.jpg,arabic-NM-1029,attack,digital_3,iphone15pro,1,0.9951172,0.8873698,0.84033203,3,3,0.0237274169921875,0.0230865478515625,0.9951171875,0.9951171875
test/attack/digital_3/iphone15pro/arabic-NM-1064.jpg,arabic-NM-1064,attack,digital_3,iphone15pro,1,1.0,0.485494,0.33325195,3,3,0.0110321044921875,0.1329345703125,1.0,1.0
test/attack/digital_3/iphone15pro/arabic-NM-1090.jpg,arabic-NM-1090,attack,digital_3,iphone15pro,1,0.578125,0.19609483,0.008377075,3,3,0.05914306640625,0.093017578125,0.578125,0.578125
test/attack/digital_3/iphone15pro/chinese-001_03.jpg,chinese-001_03,attack,digital_3,iphone15pro,1,0.0041656494,0.001523296,0.00037693977,3,3,0.0058555603027343,0.0304412841796875,0.0058555603027343,0.0304412841796875
test/attack/digital_3/iphone15pro/chinese-018_03.jpg,chinese-018_03,attack,digital_3,iphone15pro,1,0.009880066,0.004655361,0.003490448,3,3,0.0023365020751953,0.03021240234375,0.00988006591796875,0.03021240234375
test/attack/digital_3/iphone15pro/chinese-01_0003_000-98e8eaef_0.jpg,chinese-01_0003_000-98e8eaef_0,attack,digital_3,iphone15pro,1,0.1003418,0.03446277,0.0023422241,3,3,0.0098190307617187,0.033660888671875,0.100341796875,0.100341796875
test/attack/digital_3/iphone15pro/chinese-01_0007_000-08f07a73_0.jpg,chinese-01_0007_000-08f07a73_0,attack,digital_3,iphone15pro,1,0.006290436,0.0025853317,0.0010099411,3,3,0.019500732421875,0.057281494140625,0.019500732421875,0.057281494140625
test/attack/digital_3/iphone15pro/chinese-01_0012_000-48c56e4b_0.jpg,chinese-01_0012_000-48c56e4b_0,attack,digital_3,iphone15pro,1,0.009178162,0.0033171177,0.00042390823,3,3,0.1695556640625,0.032562255859375,0.1695556640625,0.032562255859375
test/attack/digital_3/iphone15pro/chinese-01_0019_000-06d51424_0.jpg,chinese-01_0019_000-06d51424_0,attack,digital_3,iphone15pro,1,0.03945923,0.013722817,0.0013666153,3,3,0.0075607299804687,0.029876708984375,0.039459228515625,0.039459228515625
test/attack/digital_3/iphone15pro/chinese-01_0022_000-3b9715ed_0.jpg,chinese-01_0022_000-3b9715ed_0,attack,digital_3,iphone15pro,1,0.0038394928,0.0021014214,0.0018854141,3,3,0.0197906494140625,0.030853271484375,0.0197906494140625,0.030853271484375
test/attack/digital_3/iphone15pro/chinese-01_0028_000-611e103a_0.jpg,chinese-01_0028_000-611e103a_0,attack,digital_3,iphone15pro,1,0.36450195,0.16061783,0.11315918,3,3,0.0021286010742187,0.0306243896484375,0.364501953125,0.364501953125
test/attack/digital_3/iphone15pro/chinese-01_0034_000-9b26d58c_0.jpg,chinese-01_0034_000-9b26d58c_0,attack,digital_3,iphone15pro,1,0.0048103333,0.0021586418,0.0014982224,3,3,0.061370849609375,0.033721923828125,0.061370849609375,0.033721923828125
test/attack/digital_3/iphone15pro/chinese-01_0084_000-ba83f345_1.jpg,chinese-01_0084_000-ba83f345_1,attack,digital_3,iphone15pro,1,0.016098022,0.0069510937,0.0047187805,3,3,0.159423828125,0.051422119140625,0.159423828125,0.051422119140625
test/attack/digital_3/iphone15pro/chinese-01_0086_000-5a7ac9e6_1.jpg,chinese-01_0086_000-5a7ac9e6_1,attack,digital_3,iphone15pro,1,0.25610352,0.12924035,0.12976074,3,3,0.028656005859375,0.08740234375,0.256103515625,0.256103515625
test/attack/digital_3/iphone15pro/chinese-020_03.jpg,chinese-020_03,attack,digital_3,iphone15pro,1,0.0947876,0.047753554,0.04837036,3,3,0.0033702850341796,0.037322998046875,0.09478759765625,0.09478759765625
test/attack/digital_3/iphone15pro/chinese-039_03.jpg,chinese-039_03,attack,digital_3,iphone15pro,1,0.02923584,0.010014613,0.0004811287,3,3,0.0014638900756835,0.0301055908203125,0.02923583984375,0.0301055908203125
test/attack/digital_3/iphone15pro/chinese-064_03.jpg,chinese-064_03,attack,digital_3,iphone15pro,1,0.07684326,0.02623558,0.0016746521,3,3,0.0065383911132812,0.0299530029296875,0.07684326171875,0.07684326171875
test/attack/digital_3/iphone15pro/chinese-081_03.jpg,chinese-081_03,attack,digital_3,iphone15pro,1,0.0006890297,0.00043459734,0.00051403046,3,3,0.0029354095458984,0.028900146484375,0.0029354095458984,0.028900146484375
test/attack/digital_3/iphone15pro/chinese-096_03.jpg,chinese-096_03,attack,digital_3,iphone15pro,1,0.066101074,0.023031792,0.0026569366,3,3,0.0062904357910156,0.0279541015625,0.06610107421875,0.06610107421875
test/attack/digital_3/iphone15pro/chinese-099_03.jpg,chinese-099_03,attack,digital_3,iphone15pro,1,0.0032043457,0.001187245,0.00018274784,3,3,0.0032672882080078,0.0310516357421875,0.0032672882080078,0.0310516357421875
test/attack/digital_3/iphone15pro/chinese-102_03.jpg,chinese-102_03,attack,digital_3,iphone15pro,1,0.03930664,0.013864756,0.001871109,3,3,0.00360107421875,0.0305023193359375,0.039306640625,0.039306640625
test/attack/digital_3/iphone15pro/chinese-107_03.jpg,chinese-107_03,attack,digital_3,iphone15pro,1,0.0025501251,0.0010199547,0.00032949448,3,3,0.0223236083984375,0.030914306640625,0.0223236083984375,0.030914306640625
test/attack/digital_3/iphone15pro/chinese-113_03.jpg,chinese-113_03,attack,digital_3,iphone15pro,1,0.0009365082,0.00054685277,0.00035476685,3,3,0.0093917846679687,0.0300750732421875,0.0093917846679687,0.0300750732421875
test/attack/digital_3/iphone15pro/chinese-142_03.jpg,chinese-142_03,attack,digital_3,iphone15pro,1,0.0041160583,0.001652956,0.000705719,3,3,0.0440673828125,0.033203125,0.0440673828125,0.033203125
test/attack/digital_3/iphone15pro/chinese-NF-1014.jpg,chinese-NF-1014,attack,digital_3,iphone15pro,1,0.006084442,0.0028235912,0.0021572113,3,3,0.003824234008789,0.032928466796875,0.006084442138671875,0.032928466796875
test/attack/digital_3/iphone15pro/chinese-NF-1023.jpg,chinese-NF-1023,attack,digital_3,iphone15pro,1,0.015602112,0.0055384636,0.00081062317,3,3,0.0024051666259765,0.030792236328125,0.01560211181640625,0.030792236328125
test/attack/digital_3/iphone15pro/chinese-NF-1042.jpg,chinese-NF-1042,attack,digital_3,iphone15pro,1,0.0003619194,0.00021592776,0.00017738342,3,3,0.0027580261230468,0.027191162109375,0.0027580261230468,0.027191162109375
test/attack/digital_3/iphone15pro/chinese-NF-1050.jpg,chinese-NF-1050,attack,digital_3,iphone15pro,1,0.0013122559,0.0008943081,0.0011034012,3,3,0.0078582763671875,0.03155517578125,0.0078582763671875,0.03155517578125
test/attack/digital_3/iphone15pro/chinese-NF-1059.jpg,chinese-NF-1059,attack,digital_3,iphone15pro,1,0.0002090931,0.0001492699,0.0001360178,3,3,0.0013303756713867,0.032623291015625,0.0013303756713867,0.032623291015625
test/attack/digital_3/iphone15pro/chinese-NF-1067.jpg,chinese-NF-1067,attack,digital_3,iphone15pro,1,0.9892578,0.33002397,0.0007762909,3,3,0.0024147033691406,0.0328369140625,0.9892578125,0.9892578125
test/attack/digital_3/iphone15pro/chinese-NF-1072.jpg,chinese-NF-1072,attack,digital_3,iphone15pro,1,0.015701294,0.0056553683,0.0011091232,3,3,0.0038471221923828,0.031768798828125,0.0157012939453125,0.031768798828125
test/attack/digital_3/iphone15pro/chinese-NF-1085.jpg,chinese-NF-1085,attack,digital_3,iphone15pro,1,0.030380249,0.010848205,0.0015916824,3,3,0.0034027099609375,0.0325927734375,0.0303802490234375,0.0325927734375
test/attack/digital_3/iphone15pro/chinese-NF-1088.jpg,chinese-NF-1088,attack,digital_3,iphone15pro,1,0.00080394745,0.00059549016,0.0007381439,3,3,0.0012521743774414,0.0313720703125,0.0012521743774414,0.0313720703125
test/attack/digital_3/iphone15pro/chinese-NF-1101.jpg,chinese-NF-1101,attack,digital_3,iphone15pro,1,0.0032157898,0.001207153,0.00022256374,3,3,0.0050010681152343,0.034454345703125,0.0050010681152343,0.034454345703125
test/attack/digital_3/iphone15pro/chinese-NM-1092.jpg,chinese-NM-1092,attack,digital_3,iphone15pro,1,0.0036506653,0.0026858647,0.0030097961,3,3,0.0048751831054687,0.031829833984375,0.0048751831054687,0.031829833984375
test/attack/digital_3/iphone15pro/french-019_03.jpg,french-019_03,attack,digital_3,iphone15pro,1,0.93359375,0.23578048,0.0042648315,4,4,0.0290679931640625,0.0280914306640625,0.93359375,0.93359375
test/attack/digital_3/iphone15pro/french-01_0006_000-f9f1aca7_0.jpg,french-01_0006_000-f9f1aca7_0,attack,digital_3,iphone15pro,1,0.7241211,0.18162584,0.0010643005,4,4,0.0086135864257812,0.0230712890625,0.72412109375,0.72412109375
test/attack/digital_3/iphone15pro/french-01_0029_000-d00491e2_1.jpg,french-01_0029_000-d00491e2_1,attack,digital_3,iphone15pro,1,0.0017337799,0.00063316524,0.0003709793,4,4,0.0256805419921875,0.028594970703125,0.0256805419921875,0.028594970703125
test/attack/digital_3/iphone15pro/french-01_0070_000-a4a25cda_0.jpg,french-01_0070_000-a4a25cda_0,attack,digital_3,iphone15pro,1,0.0042495728,0.0014200509,0.0006070137,4,4,0.0161895751953125,0.0235137939453125,0.0161895751953125,0.0235137939453125
test/attack/digital_3/iphone15pro/french-01_0094_000-51fbbc37_0.jpg,french-01_0094_000-51fbbc37_0,attack,digital_3,iphone15pro,1,0.011138916,0.004598379,0.0030536652,4,4,0.01580810546875,0.023468017578125,0.01580810546875,0.023468017578125
test/attack/digital_3/iphone15pro/french-022_03.jpg,french-022_03,attack,digital_3,iphone15pro,1,0.016601562,0.0075838566,0.006049156,4,4,0.0089187622070312,0.023529052734375,0.0166015625,0.023529052734375
test/attack/digital_3/iphone15pro/french-033_03.jpg,french-033_03,attack,digital_3,iphone15pro,1,0.44750977,0.11312574,0.0022687912,4,4,0.0049514770507812,0.0235595703125,0.447509765625,0.447509765625
test/attack/digital_3/iphone15pro/french-044_03.jpg,french-044_03,attack,digital_3,iphone15pro,1,0.0038166046,0.0015724301,0.0011029243,4,4,0.0212249755859375,0.023040771484375,0.0212249755859375,0.023040771484375
test/attack/digital_3/iphone15pro/french-068_03.jpg,french-068_03,attack,digital_3,iphone15pro,1,0.2487793,0.066373825,0.0071983337,4,4,0.0050888061523437,0.0226898193359375,0.248779296875,0.248779296875
test/attack/digital_3/iphone15pro/french-090_03.jpg,french-090_03,attack,digital_3,iphone15pro,1,0.07196045,0.0183357,0.0005360842,4,4,0.0055656433105468,0.0250091552734375,0.07196044921875,0.07196044921875
test/attack/digital_3/iphone15pro/french-091_03.jpg,french-091_03,attack,digital_3,iphone15pro,1,0.12805176,0.04363966,0.022439003,4,4,0.0123367309570312,0.022674560546875,0.1280517578125,0.1280517578125
test/attack/digital_3/iphone15pro/french-097_03.jpg,french-097_03,attack,digital_3,iphone15pro,1,1.0,0.25150168,0.0025548935,4,4,0.0643310546875,0.02398681640625,1.0,1.0
test/attack/digital_3/iphone15pro/french-100_03.jpg,french-100_03,attack,digital_3,iphone15pro,1,0.0970459,0.025352538,0.00207901,4,4,0.0168304443359375,0.026885986328125,0.0970458984375,0.0970458984375
test/attack/digital_3/iphone15pro/french-114_03.jpg,french-114_03,attack,digital_3,iphone15pro,1,0.012145996,0.0062453747,0.0058631897,4,4,0.03094482421875,0.09014892578125,0.03094482421875,0.09014892578125
test/attack/digital_3/iphone15pro/french-118_03.jpg,french-118_03,attack,digital_3,iphone15pro,1,0.064453125,0.018187046,0.0033216476,4,4,0.0162811279296875,0.0224151611328125,0.064453125,0.064453125
test/attack/digital_3/iphone15pro/french-124_03.jpg,french-124_03,attack,digital_3,iphone15pro,1,1.0,0.25509453,0.009379387,4,4,0.0292816162109375,0.0238189697265625,1.0,1.0
test/attack/digital_3/iphone15pro/french-128_03.jpg,french-128_03,attack,digital_3,iphone15pro,1,0.9995117,0.25074786,0.0016355515,4,4,0.0400390625,0.022186279296875,0.99951171875,0.99951171875
test/attack/digital_3/iphone15pro/french-135_03.jpg,french-135_03,attack,digital_3,iphone15pro,1,0.064331055,0.01825285,0.0042409897,4,4,0.06707763671875,0.0238189697265625,0.06707763671875,0.0643310546875
test/attack/digital_3/iphone15pro/french-NF-1020.jpg,french-NF-1020,attack,digital_3,iphone15pro,1,0.006511688,0.0026304126,0.0019266605,4,4,0.078125,0.0282745361328125,0.078125,0.0282745361328125
test/attack/digital_3/iphone15pro/french-NF-1047.jpg,french-NF-1047,attack,digital_3,iphone15pro,1,0.9868164,0.250839,0.0077171326,4,4,0.390625,0.038818359375,0.98681640625,0.98681640625
test/attack/digital_3/iphone15pro/french-NF-1056.jpg,french-NF-1056,attack,digital_3,iphone15pro,1,1.0,0.25264168,0.0046777725,4,4,0.1749267578125,0.04486083984375,1.0,1.0
test/attack/digital_3/iphone15pro/french-NF-1063.jpg,french-NF-1063,attack,digital_3,iphone15pro,1,1.0,0.25058496,0.0011150837,4,4,0.042724609375,0.0248870849609375,1.0,1.0
test/attack/digital_3/iphone15pro/french-NF-1082.jpg,french-NF-1082,attack,digital_3,iphone15pro,1,0.02029419,0.007696986,0.004786968,4,4,0.173095703125,0.0380859375,0.173095703125,0.0380859375
test/attack/digital_3/iphone15pro/french-NF-1095.jpg,french-NF-1095,attack,digital_3,iphone15pro,1,0.004180908,0.0018430948,0.0013365746,4,4,0.015899658203125,0.1094970703125,0.015899658203125,0.1094970703125
test/attack/digital_3/iphone15pro/french-NF-1110.jpg,french-NF-1110,attack,digital_3,iphone15pro,1,0.076416016,0.020005941,0.0015826225,4,4,0.0234832763671875,0.0225830078125,0.076416015625,0.076416015625
test/attack/digital_3/iphone15pro/french-NM-1070.jpg,french-NM-1070,attack,digital_3,iphone15pro,1,0.87402344,0.22181082,0.006483078,4,4,0.05413818359375,0.024169921875,0.8740234375,0.8740234375
test/attack/digital_3/iphone15pro/french-NM-1104.jpg,french-NM-1104,attack,digital_3,iphone15pro,1,0.9946289,0.25006944,0.0025992393,4,4,0.00836181640625,0.0313720703125,0.99462890625,0.99462890625
test/attack/digital_3/iphone15pro/indian-012_03.jpg,indian-012_03,attack,digital_3,iphone15pro,1,0.29589844,0.10525767,0.015525818,3,3,0.0057868957519531,0.0239105224609375,0.2958984375,0.2958984375
test/attack/digital_3/iphone15pro/indian-014_03.jpg,indian-014_03,attack,digital_3,iphone15pro,1,0.15368652,0.08576965,0.09857178,3,3,0.01458740234375,0.024261474609375,0.1536865234375,0.1536865234375
test/attack/digital_3/iphone15pro/indian-01_0004_000-2423feb1_0.jpg,indian-01_0004_000-2423feb1_0,attack,digital_3,iphone15pro,1,0.0070648193,0.004632632,0.006412506,3,3,0.0057296752929687,0.025390625,0.0070648193359375,0.025390625
test/attack/digital_3/iphone15pro/indian-01_0005_000-59069fdd_1.jpg,indian-01_0005_000-59069fdd_1,attack,digital_3,iphone15pro,1,0.99902344,0.33676147,0.005695343,3,3,0.015899658203125,0.0248870849609375,0.9990234375,0.9990234375
test/attack/digital_3/iphone15pro/indian-01_0062_000-c236043f_0.jpg,indian-01_0062_000-c236043f_0,attack,digital_3,iphone15pro,1,0.39038086,0.13624318,0.013648987,3,3,0.024169921875,0.0245819091796875,0.390380859375,0.390380859375
test/attack/digital_3/iphone15pro/indian-01_0068_000-1b9539d8_0.jpg,indian-01_0068_000-1b9539d8_0,attack,digital_3,iphone15pro,1,0.08947754,0.030607542,0.0016326904,3,3,0.04156494140625,0.02618408203125,0.0894775390625,0.0894775390625
test/attack/digital_3/iphone15pro/indian-01_0071_000-73870eac_1.jpg,indian-01_0071_000-73870eac_1,attack,digital_3,iphone15pro,1,0.004875183,0.0023680727,0.0021362305,3,3,0.0216522216796875,0.0258331298828125,0.0216522216796875,0.0258331298828125
test/attack/digital_3/iphone15pro/indian-01_0082_000-1b935c0e_0.jpg,indian-01_0082_000-1b935c0e_0,attack,digital_3,iphone15pro,1,0.055603027,0.03080368,0.03080368,2,2,0.035400390625,0.025543212890625,0.05560302734375,0.05560302734375
test/attack/digital_3/iphone15pro/indian-01_0087_000-7edaffe9_0.jpg,indian-01_0087_000-7edaffe9_0,attack,digital_3,iphone15pro,1,0.32739258,0.11793391,0.021118164,3,3,0.0175628662109375,0.0252685546875,0.327392578125,0.327392578125
test/attack/digital_3/iphone15pro/indian-01_0089_000-f38cdec4_1.jpg,indian-01_0089_000-f38cdec4_1,attack,digital_3,iphone15pro,1,0.006095886,0.0025194485,0.00078105927,3,3,0.032135009765625,0.0248870849609375,0.032135009765625,0.0248870849609375
test/attack/digital_3/iphone15pro/indian-01_0097_000-b71b0c19_0.jpg,indian-01_0097_000-b71b0c19_0,attack,digital_3,iphone15pro,1,0.89990234,0.3036014,0.010528564,3,3,0.0287017822265625,0.0246734619140625,0.89990234375,0.89990234375
test/attack/digital_3/iphone15pro/indian-021_03.jpg,indian-021_03,attack,digital_3,iphone15pro,1,0.031234741,0.011263688,0.0017614365,3,3,0.0106353759765625,0.0238189697265625,0.0312347412109375,0.0312347412109375
test/attack/digital_3/iphone15pro/indian-037_03.jpg,indian-037_03,attack,digital_3,iphone15pro,1,0.02734375,0.017017365,0.017017365,2,2,0.008514404296875,0.0250396728515625,0.02734375,0.02734375
test/attack/digital_3/iphone15pro/indian-038_03.jpg,indian-038_03,attack,digital_3,iphone15pro,1,0.0042495728,0.0031216939,0.0033054352,3,3,0.0109481811523437,0.0252532958984375,0.0109481811523437,0.0252532958984375
test/attack/digital_3/iphone15pro/indian-094_03.jpg,indian-094_03,attack,digital_3,iphone15pro,1,0.015556335,0.0069265366,0.0037879944,3,3,0.0061454772949218,0.0243988037109375,0.01555633544921875,0.0243988037109375
test/attack/digital_3/iphone15pro/indian-108_03.jpg,indian-108_03,attack,digital_3,iphone15pro,1,0.0079193115,0.0042731366,0.004737854,3,3,0.0121002197265625,0.0247802734375,0.0121002197265625,0.0247802734375
test/attack/digital_3/iphone15pro/indian-NF-1006.jpg,indian-NF-1006,attack,digital_3,iphone15pro,1,0.0017414093,0.001114448,0.0013589859,3,3,0.006439208984375,0.02532958984375,0.006439208984375,0.02532958984375
test/attack/digital_3/iphone15pro/indian-NF-1025.jpg,indian-NF-1025,attack,digital_3,iphone15pro,1,0.0018930435,0.0014457703,0.0014457703,2,2,0.0155105590820312,0.02508544921875,0.0155105590820312,0.02508544921875
test/attack/digital_3/iphone15pro/indian-NF-1039.jpg,indian-NF-1039,attack,digital_3,iphone15pro,1,0.03390503,0.013437112,0.005958557,3,3,0.0053749084472656,0.023345947265625,0.033905029296875,0.033905029296875
test/attack/digital_3/iphone15pro/indian-NF-1061.jpg,indian-NF-1061,attack,digital_3,iphone15pro,1,0.009613037,0.004723867,0.0023975372,3,3,0.09930419921875,0.02655029296875,0.09930419921875,0.02655029296875
test/attack/digital_3/iphone15pro/indian-NF-1075.jpg,indian-NF-1075,attack,digital_3,iphone15pro,1,0.0018672943,0.00088683766,0.00047945976,3,3,0.0276947021484375,0.0254669189453125,0.0276947021484375,0.0254669189453125
test/attack/digital_3/iphone15pro/indian-NF-1096.jpg,indian-NF-1096,attack,digital_3,iphone15pro,1,0.91503906,0.3087883,0.009918213,3,3,0.0153961181640625,0.028839111328125,0.9150390625,0.9150390625
test/attack/digital_3/iphone15pro/indian-NM-1058.jpg,indian-NM-1058,attack,digital_3,iphone15pro,1,0.0032787323,0.002137502,0.0020580292,3,3,0.0127716064453125,0.0234375,0.0127716064453125,0.0234375
test/attack/digital_3/iphone15pro/persian-010_03.jpg,persian-010_03,attack,digital_3,iphone15pro,1,0.0021152496,0.0010222197,0.000749588,3,3,0.0031356811523437,0.034637451171875,0.0031356811523437,0.034637451171875
test/attack/digital_3/iphone15pro/persian-01_0064_000-daacc8f3_0.jpg,persian-01_0064_000-daacc8f3_0,attack,digital_3,iphone15pro,1,0.0036067963,0.0012848973,0.00015473366,3,3,0.0021820068359375,0.0283355712890625,0.0036067962646484375,0.0283355712890625
test/attack/digital_3/iphone15pro/persian-01_0065_000-763dd95b_0.jpg,persian-01_0065_000-763dd95b_0,attack,digital_3,iphone15pro,1,0.0020389557,0.0009039243,0.0005335808,3,3,0.0119171142578125,0.051239013671875,0.0119171142578125,0.051239013671875
test/attack/digital_3/iphone15pro/persian-01_0092_000-fad05fcd_1.jpg,persian-01_0092_000-fad05fcd_1,attack,digital_3,iphone15pro,1,0.9013672,0.30277324,0.006511688,3,3,0.0059356689453125,0.029815673828125,0.9013671875,0.9013671875
test/attack/digital_3/iphone15pro/persian-01_0096_000-75b0e83b_0.jpg,persian-01_0096_000-75b0e83b_0,attack,digital_3,iphone15pro,1,0.010055542,0.0036609967,0.00085258484,3,3,0.0033378601074218,0.0306243896484375,0.0100555419921875,0.0306243896484375
test/attack/digital_3/iphone15pro/persian-01_0200_000-78393150_0.jpg,persian-01_0200_000-78393150_0,attack,digital_3,iphone15pro,1,0.002811432,0.0020424526,0.0022468567,3,3,0.0124588012695312,0.1014404296875,0.0124588012695312,0.1014404296875
test/attack/digital_3/iphone15pro/persian-045_03.jpg,persian-045_03,attack,digital_3,iphone15pro,1,0.0026359558,0.0015634695,0.0019416809,3,3,0.0102310180664062,0.02886962890625,0.0102310180664062,0.02886962890625
test/attack/digital_3/iphone15pro/persian-069_03.jpg,persian-069_03,attack,digital_3,iphone15pro,1,0.0012769699,0.00075181323,0.00060367584,3,3,0.012969970703125,0.0270843505859375,0.012969970703125,0.0270843505859375
test/attack/digital_3/iphone15pro/persian-087_03.jpg,persian-087_03,attack,digital_3,iphone15pro,1,0.18200684,0.060880143,0.0005221367,3,3,0.013427734375,0.0340576171875,0.1820068359375,0.1820068359375
test/attack/digital_3/iphone15pro/persian-122_03.jpg,persian-122_03,attack,digital_3,iphone15pro,1,0.006958008,0.003022194,0.0015850067,3,3,0.0100555419921875,0.0287933349609375,0.0100555419921875,0.0287933349609375
test/attack/digital_3/iphone15pro/persian-144_03.jpg,persian-144_03,attack,digital_3,iphone15pro,1,0.3544922,0.14045715,0.050567627,3,3,0.0118484497070312,0.0692138671875,0.3544921875,0.3544921875
test/attack/digital_3/iphone15pro/persian-NF-1001.jpg,persian-NF-1001,attack,digital_3,iphone15pro,1,0.0018062592,0.0007513364,0.00033926964,3,3,0.0106353759765625,0.028167724609375,0.0106353759765625,0.028167724609375
test/attack/digital_3/iphone15pro/persian-NF-1018.jpg,persian-NF-1018,attack,digital_3,iphone15pro,1,0.0070533752,0.0044283867,0.005405426,3,3,0.0111770629882812,0.030670166015625,0.0111770629882812,0.030670166015625
test/attack/digital_3/iphone15pro/persian-NF-1031.jpg,persian-NF-1031,attack,digital_3,iphone15pro,1,0.99072266,0.33252016,0.003622055,3,3,0.01666259765625,0.0301513671875,0.99072265625,0.99072265625
test/attack/digital_3/iphone15pro/persian-NF-1034.jpg,persian-NF-1034,attack,digital_3,iphone15pro,1,0.0006046295,0.00042233863,0.00055265427,3,3,0.0129928588867187,0.0308837890625,0.0129928588867187,0.0308837890625
test/attack/digital_3/iphone15pro/persian-NF-1043.jpg,persian-NF-1043,attack,digital_3,iphone15pro,1,0.0036144257,0.0018482208,0.0011835098,3,3,0.0113067626953125,0.0295867919921875,0.0113067626953125,0.0295867919921875
test/attack/digital_3/iphone15pro/persian-NF-1079.jpg,persian-NF-1079,attack,digital_3,iphone15pro,1,0.0010242462,0.0010039011,0.0010004044,3,3,0.05364990234375,0.07177734375,0.05364990234375,0.07177734375
test/attack/digital_3/iphone15pro/persian-NF-1097.jpg,persian-NF-1097,attack,digital_3,iphone15pro,1,0.0021572113,0.0012529691,0.0009946823,3,3,0.0140380859375,0.0310821533203125,0.0140380859375,0.0310821533203125
test/attack/digital_3/iphone15pro/persian-NF-1108.jpg,persian-NF-1108,attack,digital_3,iphone15pro,1,0.0019760132,0.0009886423,0.00064992905,3,3,0.10546875,0.031402587890625,0.10546875,0.031402587890625
test/attack/digital_3/iphone15pro/persian-NM-1010.jpg,persian-NM-1010,attack,digital_3,iphone15pro,1,0.00415802,0.0018821558,0.0012302399,3,3,0.0119857788085937,0.09503173828125,0.0119857788085937,0.09503173828125
test/attack/digital_3/iphone15pro/persian-NM-1035.jpg,persian-NM-1035,attack,digital_3,iphone15pro,1,0.0038700104,0.0024083455,0.0025463104,3,3,0.0311126708984375,0.031585693359375,0.0311126708984375,0.031585693359375
test/attack/digital_3/iphone15pro/persian-NM-1074.jpg,persian-NM-1074,attack,digital_3,iphone15pro,1,0.0053749084,0.0032397907,0.0039901733,3,3,0.004913330078125,0.0286865234375,0.005374908447265625,0.0286865234375
test/attack/digital_3/iphone15pro/portugal-004_03.jpg,portugal-004_03,attack,digital_3,iphone15pro,1,0.8183594,0.27559057,0.0074043274,3,3,0.0106735229492187,0.0267333984375,0.818359375,0.818359375
test/attack/digital_3/iphone15pro/portugal-013_03.jpg,portugal-013_03,attack,digital_3,iphone15pro,1,0.9946289,0.33536133,0.0110321045,3,3,0.0477294921875,0.0243988037109375,0.99462890625,0.99462890625
test/attack/digital_3/iphone15pro/portugal-017_03.jpg,portugal-017_03,attack,digital_3,iphone15pro,1,0.99658203,0.33281684,0.0016450882,3,3,0.110107421875,0.0256195068359375,0.99658203125,0.99658203125
test/attack/digital_3/iphone15pro/portugal-01_0014_000-6f7ea414_0.jpg,portugal-01_0014_000-6f7ea414_0,attack,digital_3,iphone15pro,1,0.009689331,0.0041646957,0.0015764236,3,3,0.0177154541015625,0.03399658203125,0.0177154541015625,0.03399658203125
test/attack/digital_3/iphone15pro/portugal-026_03.jpg,portugal-026_03,attack,digital_3,iphone15pro,1,1.0,0.42134032,0.26123047,3,3,0.0007991790771484,0.02685546875,1.0,1.0
test/attack/digital_3/iphone15pro/portugal-029_03.jpg,portugal-029_03,attack,digital_3,iphone15pro,1,1.0,0.34047,0.018066406,3,3,0.02069091796875,0.023895263671875,1.0,1.0
test/attack/digital_3/iphone15pro/portugal-042_03.jpg,portugal-042_03,attack,digital_3,iphone15pro,1,0.99902344,0.33388916,0.001912117,3,3,0.0026626586914062,0.0238189697265625,0.9990234375,0.9990234375
test/attack/digital_3/iphone15pro/portugal-061_03.jpg,portugal-061_03,attack,digital_3,iphone15pro,1,0.70947266,0.32418695,0.26049805,3,3,0.0684814453125,0.054351806640625,0.70947265625,0.70947265625
test/attack/digital_3/iphone15pro/portugal-066_03.jpg,portugal-066_03,attack,digital_3,iphone15pro,1,0.6826172,0.22972648,0.0052604675,3,3,0.0021572113037109,0.03778076171875,0.6826171875,0.6826171875
test/attack/digital_3/iphone15pro/portugal-070_03.jpg,portugal-070_03,attack,digital_3,iphone15pro,1,0.04977417,0.018144688,0.0045280457,3,3,0.0027732849121093,0.023712158203125,0.049774169921875,0.049774169921875
test/attack/digital_3/iphone15pro/portugal-105_03.jpg,portugal-105_03,attack,digital_3,iphone15pro,1,1.0,0.3411255,0.022567749,3,3,0.0122909545898437,0.0238037109375,1.0,1.0
test/attack/digital_3/iphone15pro/portugal-119_03.jpg,portugal-119_03,attack,digital_3,iphone15pro,1,0.88427734,0.29589272,0.0017652512,3,3,0.32275390625,0.0258331298828125,0.88427734375,0.88427734375
test/attack/digital_3/iphone15pro/portugal-125_03.jpg,portugal-125_03,attack,digital_3,iphone15pro,1,0.32006836,0.10907682,0.0057868958,3,3,0.0038928985595703,0.025787353515625,0.320068359375,0.320068359375
test/attack/digital_3/iphone15pro/portugal-143_03.jpg,portugal-143_03,attack,digital_3,iphone15pro,1,0.07720947,0.026039759,0.0004925728,3,3,0.0047187805175781,0.029144287109375,0.07720947265625,0.07720947265625
test/attack/digital_3/iphone15pro/portugal-172_03.jpg,portugal-172_03,attack,digital_3,iphone15pro,1,0.015670776,0.007003784,0.0029354095,3,3,0.0016136169433593,0.09039306640625,0.0156707763671875,0.09039306640625
test/attack/digital_3/iphone15pro/portugal-NF-1016.jpg,portugal-NF-1016,attack,digital_3,iphone15pro,1,1.0,0.33435503,0.0018100739,3,3,0.0029067993164062,0.023193359375,1.0,1.0
test/attack/digital_3/iphone15pro/portugal-NF-1022.jpg,portugal-NF-1022,attack,digital_3,iphone15pro,1,0.041809082,0.0140571995,0.00019836426,3,3,0.0013484954833984,0.0233306884765625,0.04180908203125,0.04180908203125
test/attack/digital_3/iphone15pro/portugal-NF-1024.jpg,portugal-NF-1024,attack,digital_3,iphone15pro,1,0.20935059,0.07838726,0.024032593,3,3,0.0014266967773437,0.0285491943359375,0.2093505859375,0.2093505859375
test/attack/digital_3/iphone15pro/portugal-NF-1026.jpg,portugal-NF-1026,attack,digital_3,iphone15pro,1,0.05834961,0.020994186,0.0025253296,3,3,0.0011358261108398,0.0260772705078125,0.058349609375,0.058349609375
test/attack/digital_3/iphone15pro/portugal-NF-1041.jpg,portugal-NF-1041,attack,digital_3,iphone15pro,1,0.9482422,0.31783804,0.0028896332,3,3,0.0020313262939453,0.0254974365234375,0.9482421875,0.9482421875
test/attack/digital_3/iphone15pro/portugal-NF-1060.jpg,portugal-NF-1060,attack,digital_3,iphone15pro,1,0.9995117,0.33504263,0.0041999817,3,3,0.0017175674438476,0.024261474609375,0.99951171875,0.99951171875
test/attack/digital_3/iphone15pro/portugal-NF-1066.jpg,portugal-NF-1066,attack,digital_3,iphone15pro,1,0.7426758,0.24862988,0.003118515,3,3,0.0017576217651367,0.08892822265625,0.74267578125,0.74267578125
test/attack/digital_3/iphone15pro/portugal-NF-1083.jpg,portugal-NF-1083,attack,digital_3,iphone15pro,1,1.0,0.33403125,0.0016908646,3,3,0.0054588317871093,0.035491943359375,1.0,1.0
test/attack/digital_3/iphone15pro/portugal-NF-1086.jpg,portugal-NF-1086,attack,digital_3,iphone15pro,1,0.0029754639,0.0017395815,0.0019950867,3,3,0.0024929046630859,0.0247344970703125,0.0029754638671875,0.0247344970703125
test/attack/digital_3/iphone15pro/portugal-NF-1105.jpg,portugal-NF-1105,attack,digital_3,iphone15pro,1,1.0,0.33616892,0.0047187805,3,3,0.0027046203613281,0.02520751953125,1.0,1.0
test/attack/digital_3/iphone15pro/portugal-NF-1107.jpg,portugal-NF-1107,attack,digital_3,iphone15pro,1,0.051239014,0.022421042,0.015129089,3,3,0.0037078857421875,0.0246124267578125,0.051239013671875,0.051239013671875
test/attack/digital_3/iphone15pro/portugal-NF-1109.jpg,portugal-NF-1109,attack,digital_3,iphone15pro,1,0.04711914,0.016271591,0.0012693405,3,3,0.0040855407714843,0.023101806640625,0.047119140625,0.047119140625
test/attack/digital_3/iphone15pro/portugal-NM-1091.jpg,portugal-NM-1091,attack,digital_3,iphone15pro,1,0.99121094,0.43365097,0.30395508,3,3,0.0076217651367187,0.038299560546875,0.9912109375,0.9912109375
test/attack/digital_3/iphone15pro/portugal-NM-1102.jpg,portugal-NM-1102,attack,digital_3,iphone15pro,1,0.9946289,0.3432261,0.028625488,3,3,0.004180908203125,0.0266571044921875,0.99462890625,0.99462890625
test/attack/digital_3/iphone15pro/russian-002_03.jpg,russian-002_03,attack,digital_3,iphone15pro,1,0.045043945,0.017610392,0.0077400208,3,3,0.0049819946289062,0.04290771484375,0.0450439453125,0.0450439453125
test/attack/digital_3/iphone15pro/russian-01_0001_000-ff703650_1.jpg,russian-01_0001_000-ff703650_1,attack,digital_3,iphone15pro,1,0.0049743652,0.0020782948,0.00078868866,3,3,0.0018606185913085,0.03082275390625,0.004974365234375,0.03082275390625
test/attack/digital_3/iphone15pro/russian-01_0030_000-0bc18d73_0.jpg,russian-01_0030_000-0bc18d73_0,attack,digital_3,iphone15pro,1,0.0059127808,0.0020257432,0.0001436472,3,3,0.06085205078125,0.0311737060546875,0.06085205078125,0.0311737060546875
test/attack/digital_3/iphone15pro/russian-01_0075_000-9bed189a_0.jpg,russian-01_0075_000-9bed189a_0,attack,digital_3,iphone15pro,1,0.0009198189,0.0005945762,0.0008392334,3,3,0.0016069412231445,0.035247802734375,0.0016069412231445,0.035247802734375
test/attack/digital_3/iphone15pro/russian-01_0201_000-2ea0ec28_0.jpg,russian-01_0201_000-2ea0ec28_0,attack,digital_3,iphone15pro,1,0.88964844,0.31639767,0.059417725,3,3,0.004791259765625,0.029510498046875,0.8896484375,0.8896484375
test/attack/digital_3/iphone15pro/russian-027_03.jpg,russian-027_03,attack,digital_3,iphone15pro,1,0.0016746521,0.000569423,2.1278858e-05,3,3,0.00555419921875,0.031707763671875,0.00555419921875,0.031707763671875
test/attack/digital_3/iphone15pro/russian-062_03.jpg,russian-062_03,attack,digital_3,iphone15pro,1,0.0028457642,0.0014330546,0.0008058548,3,3,0.0055885314941406,0.029144287109375,0.0055885314941406,0.029144287109375
test/attack/digital_3/iphone15pro/russian-082_03.jpg,russian-082_03,attack,digital_3,iphone15pro,1,0.024215698,0.008325974,0.00061798096,3,3,0.001495361328125,0.033172607421875,0.0242156982421875,0.033172607421875
test/attack/digital_3/iphone15pro/russian-123_03.jpg,russian-123_03,attack,digital_3,iphone15pro,1,0.0029582977,0.0010799965,0.0002632141,3,3,0.00494384765625,0.028656005859375,0.00494384765625,0.028656005859375
test/attack/digital_3/iphone15pro/russian-132_03.jpg,russian-132_03,attack,digital_3,iphone15pro,1,0.005706787,0.001928707,6.842613e-05,3,3,0.0282135009765625,0.0312347412109375,0.0282135009765625,0.0312347412109375
test/attack/digital_3/iphone15pro/russian-140_03.jpg,russian-140_03,attack,digital_3,iphone15pro,1,0.0025405884,0.0012609164,0.0006313324,3,3,0.0057182312011718,0.033477783203125,0.0057182312011718,0.033477783203125
test/attack/digital_3/iphone15pro/russian-141_03.jpg,russian-141_03,attack,digital_3,iphone15pro,1,0.0003452301,0.00019605954,0.00020742416,3,3,0.0044937133789062,0.032501220703125,0.0044937133789062,0.032501220703125
test/attack/digital_3/iphone15pro/russian-NF-1013.jpg,russian-NF-1013,attack,digital_3,iphone15pro,1,0.00041484833,0.00022188823,0.00013446808,3,3,0.0048294067382812,0.03472900390625,0.0048294067382812,0.03472900390625
test/attack/digital_3/iphone15pro/russian-NF-1028.jpg,russian-NF-1028,attack,digital_3,iphone15pro,1,0.023651123,0.008879582,0.002796173,3,3,0.0016937255859375,0.0755615234375,0.023651123046875,0.0755615234375
test/attack/digital_3/iphone15pro/russian-NF-1069.jpg,russian-NF-1069,attack,digital_3,iphone15pro,1,0.08081055,0.027971944,0.0029754639,3,3,0.001225471496582,0.032257080078125,0.080810546875,0.080810546875
test/attack/digital_3/iphone15pro/russian-NF-1080.jpg,russian-NF-1080,attack,digital_3,iphone15pro,1,0.006549835,0.0022562544,0.0001705885,3,3,0.0073013305664062,0.0301055908203125,0.0073013305664062,0.0301055908203125
test/attack/digital_3/iphone15pro/russian-NF-1081.jpg,russian-NF-1081,attack,digital_3,iphone15pro,1,0.97802734,0.44388768,0.35351562,3,3,0.0023555755615234,0.034759521484375,0.97802734375,0.97802734375
test/attack/digital_3/iphone15pro/russian-NF-1089.jpg,russian-NF-1089,attack,digital_3,iphone15pro,1,0.00079488754,0.00041476885,0.00024151802,3,3,0.040191650390625,0.06805419921875,0.040191650390625,0.06805419921875
test/attack/digital_3/iphone15pro/russian-NF-1099.jpg,russian-NF-1099,attack,digital_3,iphone15pro,1,0.3959961,0.2415616,0.32861328,3,3,0.873046875,0.0535888671875,0.873046875,0.39599609375
test/attack/digital_3/iphone15pro/russian-NM-1027.jpg,russian-NM-1027,attack,digital_3,iphone15pro,1,0.018875122,0.0064414344,0.00025463104,3,3,0.0115280151367187,0.03680419921875,0.0188751220703125,0.03680419921875
test/attack/digital_3/iphone15pro/turkiye-008_03.jpg,turkiye-008_03,attack,digital_3,iphone15pro,1,0.009971619,0.0058431625,0.006374359,3,3,0.02520751953125,0.116943359375,0.02520751953125,0.116943359375
test/attack/digital_3/iphone15pro/turkiye-01_0035_000-d4764bf3_0.jpg,turkiye-01_0035_000-d4764bf3_0,attack,digital_3,iphone15pro,1,0.0026111603,0.0015761057,0.0018825531,3,3,0.0142288208007812,0.047210693359375,0.0142288208007812,0.047210693359375
test/attack/digital_3/iphone15pro/turkiye-01_0074_000-c54807ec_1.jpg,turkiye-01_0074_000-c54807ec_1,attack,digital_3,iphone15pro,1,0.004512787,0.002818982,0.0035381317,3,3,0.0225677490234375,0.0279083251953125,0.0225677490234375,0.0279083251953125
test/attack/digital_3/iphone15pro/turkiye-01_0078_000-cfc6a96f_1.jpg,turkiye-01_0078_000-cfc6a96f_1,attack,digital_3,iphone15pro,1,0.005554199,0.0026408832,0.001824379,3,3,0.0271148681640625,0.145263671875,0.0271148681640625,0.145263671875
test/attack/digital_3/iphone15pro/turkiye-01_0079_000-01a48f56_0.jpg,turkiye-01_0079_000-01a48f56_0,attack,digital_3,iphone15pro,1,0.039978027,0.022349676,0.024627686,3,3,0.0106353759765625,0.030242919921875,0.03997802734375,0.03997802734375
test/attack/digital_3/iphone15pro/turkiye-01_0081_000-e5c4342a_1.jpg,turkiye-01_0081_000-e5c4342a_1,attack,digital_3,iphone15pro,1,0.13793945,0.05727641,0.021224976,3,3,0.0092849731445312,0.026580810546875,0.137939453125,0.137939453125
test/attack/digital_3/iphone15pro/turkiye-01_0085_000-65296866_0.jpg,turkiye-01_0085_000-65296866_0,attack,digital_3,iphone15pro,1,0.004486084,0.003293991,0.004207611,3,3,0.052276611328125,0.04412841796875,0.052276611328125,0.04412841796875
test/attack/digital_3/iphone15pro/turkiye-01_0088_000-3739c168_0.jpg,turkiye-01_0088_000-3739c168_0,attack,digital_3,iphone15pro,1,0.0018386841,0.0011003813,0.00085401535,3,3,0.0792236328125,0.02911376953125,0.0792236328125,0.02911376953125
test/attack/digital_3/iphone15pro/turkiye-01_0090_000-6238b878_0.jpg,turkiye-01_0090_000-6238b878_0,attack,digital_3,iphone15pro,1,0.039489746,0.014007568,0.0014925003,3,3,0.10791015625,0.0284423828125,0.10791015625,0.03948974609375
test/attack/digital_3/iphone15pro/turkiye-01_0093_000-330a7661_0.jpg,turkiye-01_0093_000-330a7661_0,attack,digital_3,iphone15pro,1,0.0075187683,0.0028029084,0.0008249283,3,3,0.01788330078125,0.0257110595703125,0.01788330078125,0.0257110595703125
test/attack/digital_3/iphone15pro/turkiye-031_03.jpg,turkiye-031_03,attack,digital_3,iphone15pro,1,0.004257202,0.003426234,0.003074646,3,3,0.0185089111328125,0.030853271484375,0.0185089111328125,0.030853271484375
test/attack/digital_3/iphone15pro/turkiye-032_03.jpg,turkiye-032_03,attack,digital_3,iphone15pro,1,0.003622055,0.0015273889,0.000688076,3,3,0.0077095031738281,0.0282135009765625,0.0077095031738281,0.0282135009765625
test/attack/digital_3/iphone15pro/turkiye-036_03.jpg,turkiye-036_03,attack,digital_3,iphone15pro,1,0.6791992,0.2675673,0.121398926,3,3,0.0078887939453125,0.02655029296875,0.67919921875,0.67919921875
test/attack/digital_3/iphone15pro/turkiye-041_03.jpg,turkiye-041_03,attack,digital_3,iphone15pro,1,0.07678223,0.026566187,0.0016069412,3,3,0.0227813720703125,0.09832763671875,0.0767822265625,0.09832763671875
test/attack/digital_3/iphone15pro/turkiye-083_03.jpg,turkiye-083_03,attack,digital_3,iphone15pro,1,0.0014238358,0.0010369619,0.0012521744,3,3,0.0104904174804687,0.03216552734375,0.0104904174804687,0.03216552734375
test/attack/digital_3/iphone15pro/turkiye-086_03.jpg,turkiye-086_03,attack,digital_3,iphone15pro,1,0.0024681091,0.0010085106,0.00038909912,3,3,0.0043296813964843,0.0301361083984375,0.0043296813964843,0.0301361083984375
test/attack/digital_3/iphone15pro/turkiye-092_03.jpg,turkiye-092_03,attack,digital_3,iphone15pro,1,0.0023918152,0.00083426636,6.0141087e-05,3,3,0.0080337524414062,0.0276336669921875,0.0080337524414062,0.0276336669921875
test/attack/digital_3/iphone15pro/turkiye-101_03.jpg,turkiye-101_03,attack,digital_3,iphone15pro,1,0.027923584,0.012086551,0.007446289,3,3,0.0118026733398437,0.12017822265625,0.027923583984375,0.12017822265625
test/attack/digital_3/iphone15pro/turkiye-104_03.jpg,turkiye-104_03,attack,digital_3,iphone15pro,1,0.0050621033,0.0029695828,0.0031547546,3,3,0.0063743591308593,0.0278472900390625,0.0063743591308593,0.0278472900390625
test/attack/digital_3/iphone15pro/turkiye-115_03.jpg,turkiye-115_03,attack,digital_3,iphone15pro,1,0.07714844,0.031384785,0.015586853,3,3,0.0255889892578125,0.0294189453125,0.0771484375,0.0771484375
test/attack/digital_3/iphone15pro/turkiye-121_03.jpg,turkiye-121_03,attack,digital_3,iphone15pro,1,0.003929138,0.0013471246,0.000107228756,3,3,0.0032157897949218,0.04107666015625,0.00392913818359375,0.04107666015625
test/attack/digital_3/iphone15pro/turkiye-126_03.jpg,turkiye-126_03,attack,digital_3,iphone15pro,1,0.06994629,0.029618582,0.01637268,3,3,0.0097427368164062,0.035125732421875,0.0699462890625,0.0699462890625
test/attack/digital_3/iphone15pro/turkiye-127_03.jpg,turkiye-127_03,attack,digital_3,iphone15pro,1,0.0020542145,0.0011793772,0.0011491776,3,3,0.0108566284179687,0.02642822265625,0.0108566284179687,0.02642822265625
test/attack/digital_3/iphone15pro/turkiye-129_03.jpg,turkiye-129_03,attack,digital_3,iphone15pro,1,0.074157715,0.043793995,0.05441284,3,3,0.0225067138671875,0.0278778076171875,0.07415771484375,0.07415771484375
test/attack/digital_3/iphone15pro/turkiye-130_03.jpg,turkiye-130_03,attack,digital_3,iphone15pro,1,0.008460999,0.0035750072,0.0012922287,3,3,0.0086746215820312,0.0345458984375,0.0086746215820312,0.0345458984375
test/attack/digital_3/iphone15pro/turkiye-138_03.jpg,turkiye-138_03,attack,digital_3,iphone15pro,1,0.0068511963,0.0025532246,0.00079774857,3,3,0.0052719116210937,0.0269622802734375,0.0068511962890625,0.0269622802734375
test/attack/digital_3/iphone15pro/turkiye-NF-1002.jpg,turkiye-NF-1002,attack,digital_3,iphone15pro,1,0.003545761,0.001406908,0.00039744377,3,3,0.06365966796875,0.11407470703125,0.06365966796875,0.11407470703125
test/attack/digital_3/iphone15pro/turkiye-NF-1008.jpg,turkiye-NF-1008,attack,digital_3,iphone15pro,1,0.000688076,0.0005136331,0.00054216385,3,3,0.0055427551269531,0.0270843505859375,0.0055427551269531,0.0270843505859375
test/attack/digital_3/iphone15pro/turkiye-NF-1054.jpg,turkiye-NF-1054,attack,digital_3,iphone15pro,1,0.000992775,0.0006117821,0.0007081032,3,3,0.016754150390625,0.14208984375,0.016754150390625,0.14208984375
test/attack/digital_3/iphone15pro/turkiye-NF-1103.jpg,turkiye-NF-1103,attack,digital_3,iphone15pro,1,0.48291016,0.21712239,0.1439209,3,3,0.0088958740234375,0.059112548828125,0.48291015625,0.48291015625
test/attack/digital_3/iphone15pro/turkiye-NM-1011.jpg,turkiye-NM-1011,attack,digital_3,iphone15pro,1,0.011482239,0.0041475296,0.00052547455,3,3,0.022430419921875,0.058013916015625,0.022430419921875,0.058013916015625
test/attack/digital_3/iphone15pro/turkiye-NM-1019.jpg,turkiye-NM-1019,attack,digital_3,iphone15pro,1,0.0034294128,0.0014940897,0.0005493164,3,3,0.0165252685546875,0.0306243896484375,0.0165252685546875,0.0306243896484375
test/attack/digital_3/iphone15pro/turkiye-NM-1033.jpg,turkiye-NM-1033,attack,digital_3,iphone15pro,1,0.0024490356,0.00092879933,0.00017774105,3,3,0.048583984375,0.040771484375,0.048583984375,0.040771484375
test/attack/digital_3/iphone15pro/turkiye-NM-1055.jpg,turkiye-NM-1055,attack,digital_3,iphone15pro,1,0.0077705383,0.003147443,0.0012664795,3,3,0.12286376953125,0.050567626953125,0.12286376953125,0.050567626953125
test/attack/digital_3/iphone15pro/ukraine-006_03.jpg,ukraine-006_03,attack,digital_3,iphone15pro,1,0.00076150894,0.00033889213,0.00021827221,3,3,0.0064506530761718,0.044647216796875,0.0064506530761718,0.044647216796875
test/attack/digital_3/iphone15pro/ukraine-007_03.jpg,ukraine-007_03,attack,digital_3,iphone15pro,1,0.0071754456,0.004131496,0.0051498413,3,3,0.00885009765625,0.05145263671875,0.00885009765625,0.05145263671875
test/attack/digital_3/iphone15pro/ukraine-01_0018_000-aad4322e_0.jpg,ukraine-01_0018_000-aad4322e_0,attack,digital_3,iphone15pro,1,0.00073337555,0.00034695864,0.00024294853,3,3,0.0033245086669921,0.047088623046875,0.0033245086669921,0.047088623046875
test/attack/digital_3/iphone15pro/ukraine-01_0073_000-d23bdbae_1.jpg,ukraine-01_0073_000-d23bdbae_1,attack,digital_3,iphone15pro,1,0.0075187683,0.0029492974,0.0012893677,3,3,0.0239410400390625,0.055877685546875,0.0239410400390625,0.055877685546875
test/attack/digital_3/iphone15pro/ukraine-01_0077_000-a3228552_1.jpg,ukraine-01_0077_000-a3228552_1,attack,digital_3,iphone15pro,1,0.0013561249,0.0007194678,0.0006322861,3,3,0.0061111450195312,0.04376220703125,0.0061111450195312,0.04376220703125
test/attack/digital_3/iphone15pro/ukraine-01_0083_000-21b44038_0.jpg,ukraine-01_0083_000-21b44038_0,attack,digital_3,iphone15pro,1,0.00042557716,0.0002552867,0.0002541542,3,3,0.0065383911132812,0.0472412109375,0.0065383911132812,0.0472412109375
test/attack/digital_3/iphone15pro/ukraine-01_0091_000-2d8a528b_1.jpg,ukraine-01_0091_000-2d8a528b_1,attack,digital_3,iphone15pro,1,0.0002925396,0.00015678008,0.00014770031,3,3,0.015869140625,0.045135498046875,0.015869140625,0.045135498046875
test/attack/digital_3/iphone15pro/ukraine-025_03.jpg,ukraine-025_03,attack,digital_3,iphone15pro,1,0.011291504,0.0052646003,0.0038547516,3,3,0.0011138916015625,0.048370361328125,0.01129150390625,0.048370361328125
test/attack/digital_3/iphone15pro/ukraine-030_03.jpg,ukraine-030_03,attack,digital_3,iphone15pro,1,0.0013542175,0.0009140174,0.00090932846,3,3,0.0202789306640625,0.04534912109375,0.0202789306640625,0.04534912109375
test/attack/digital_3/iphone15pro/ukraine-103_03.jpg,ukraine-103_03,attack,digital_3,iphone15pro,1,0.0040779114,0.0015731454,0.00057697296,3,3,0.0075187683105468,0.06182861328125,0.0075187683105468,0.06182861328125
test/attack/digital_3/iphone15pro/ukraine-NF-1005.jpg,ukraine-NF-1005,attack,digital_3,iphone15pro,1,0.0022220612,0.001120011,0.0009870529,3,3,0.0174407958984375,0.054290771484375,0.0174407958984375,0.054290771484375
test/attack/digital_3/iphone15pro/ukraine-NF-1015.jpg,ukraine-NF-1015,attack,digital_3,iphone15pro,1,0.00089883804,0.00039563575,0.00017261505,3,3,0.0035305023193359,0.045135498046875,0.0035305023193359,0.045135498046875
test/attack/digital_3/iphone15pro/ukraine-NF-1021.jpg,ukraine-NF-1021,attack,digital_3,iphone15pro,1,0.00042057037,0.00036621094,0.0003426075,3,3,0.00933837890625,0.05072021484375,0.00933837890625,0.05072021484375
test/attack/digital_3/iphone15pro/ukraine-NF-1032.jpg,ukraine-NF-1032,attack,digital_3,iphone15pro,1,0.002872467,0.0013245145,0.0010185242,3,3,0.0034427642822265,0.0455322265625,0.0034427642822265,0.0455322265625
test/attack/digital_3/iphone15pro/ukraine-NF-1057.jpg,ukraine-NF-1057,attack,digital_3,iphone15pro,1,7.659197e-05,3.08156e-05,1.2934208e-05,3,3,0.001443862915039,0.04522705078125,0.001443862915039,0.04522705078125
test/attack/digital_3/iphone15pro/ukraine-NF-1068.jpg,ukraine-NF-1068,attack,digital_3,iphone15pro,1,0.0021781921,0.0014065901,0.0019006729,3,3,0.96484375,0.06964111328125,0.96484375,0.06964111328125
test/attack/digital_3/iphone15pro/ukraine-NF-1073.jpg,ukraine-NF-1073,attack,digital_3,iphone15pro,1,0.007549286,0.0042063394,0.0035858154,3,3,0.08380126953125,0.0704345703125,0.08380126953125,0.0704345703125
test/attack/digital_3/iphone15pro/ukraine-NF-1077.jpg,ukraine-NF-1077,attack,digital_3,iphone15pro,1,0.037078857,0.016872725,0.013244629,3,3,0.0080642700195312,0.05364990234375,0.037078857421875,0.05364990234375
test/attack/digital_3/iphone15pro/ukraine-NF-1084.jpg,ukraine-NF-1084,attack,digital_3,iphone15pro,1,0.0006337166,0.00036243597,0.00034594536,3,3,0.0063629150390625,0.1015625,0.0063629150390625,0.1015625
test/attack/digital_3/iphone15pro/ukraine-NF-1087.jpg,ukraine-NF-1087,attack,digital_3,iphone15pro,1,0.00030589104,0.00021028519,0.00016927719,3,3,0.0051002502441406,0.044403076171875,0.0051002502441406,0.044403076171875
test/attack/digital_3/iphone15pro/ukraine-NF-1106.jpg,ukraine-NF-1106,attack,digital_3,iphone15pro,1,0.0004067421,0.0002112786,0.00020861626,3,3,0.0139007568359375,0.046112060546875,0.0139007568359375,0.046112060546875
test/attack/digital_3/iphone15pro/ukraine-NM-1007.jpg,ukraine-NM-1007,attack,digital_3,iphone15pro,1,0.00018632412,0.00015842915,0.00014972687,3,3,0.0013513565063476,0.045013427734375,0.0013513565063476,0.045013427734375
test/attack/digital_3/iphone15pro/usa-009_03.jpg,usa-009_03,attack,digital_3,iphone15pro,1,0.111083984,0.0407842,0.008743286,3,3,0.011138916015625,0.056640625,0.111083984375,0.111083984375
test/attack/digital_3/iphone15pro/usa-011_03.jpg,usa-011_03,attack,digital_3,iphone15pro,1,0.21374512,0.108576454,0.095581055,3,3,0.0078125,0.04046630859375,0.2137451171875,0.2137451171875
test/attack/digital_3/iphone15pro/usa-016_03.jpg,usa-016_03,attack,digital_3,iphone15pro,1,0.8935547,0.30286407,0.011962891,3,3,0.0178375244140625,0.035552978515625,0.8935546875,0.8935546875
test/attack/digital_3/iphone15pro/usa-01_0038_000-0ee87df5_0.jpg,usa-01_0038_000-0ee87df5_0,attack,digital_3,iphone15pro,1,1.0,0.3407186,0.013259888,3,3,0.0154571533203125,0.041961669921875,1.0,1.0
test/attack/digital_3/iphone15pro/usa-01_0080_000-0c832328_1.jpg,usa-01_0080_000-0c832328_1,attack,digital_3,iphone15pro,1,1.0,0.6601321,0.9746094,3,3,0.0174560546875,0.0345458984375,1.0,1.0
test/attack/digital_3/iphone15pro/usa-034_03.jpg,usa-034_03,attack,digital_3,iphone15pro,1,0.02696228,0.013834636,0.013221741,3,3,0.034515380859375,0.038238525390625,0.034515380859375,0.038238525390625
test/attack/digital_3/iphone15pro/usa-043_03.jpg,usa-043_03,attack,digital_3,iphone15pro,1,0.09887695,0.048520405,0.037902832,3,3,0.0128936767578125,0.0325927734375,0.098876953125,0.098876953125
test/attack/digital_3/iphone15pro/usa-063_03.jpg,usa-063_03,attack,digital_3,iphone15pro,1,0.027633667,0.010527611,0.0020999908,3,3,0.0106964111328125,0.032470703125,0.0276336669921875,0.032470703125
test/attack/digital_3/iphone15pro/usa-067_03.jpg,usa-067_03,attack,digital_3,iphone15pro,1,0.08905029,0.063934326,0.063934326,2,2,0.061248779296875,0.033905029296875,0.08905029296875,0.08905029296875
test/attack/digital_3/iphone15pro/usa-117_03.jpg,usa-117_03,attack,digital_3,iphone15pro,1,0.01687622,0.012048085,0.012077332,3,3,0.0141983032226562,0.034423828125,0.016876220703125,0.034423828125
test/attack/digital_3/iphone15pro/usa-134_03.jpg,usa-134_03,attack,digital_3,iphone15pro,1,0.066223145,0.033438046,0.032287598,3,3,0.0098953247070312,0.94580078125,0.06622314453125,0.94580078125
test/attack/digital_3/iphone15pro/usa-136_03.jpg,usa-136_03,attack,digital_3,iphone15pro,1,0.24072266,0.08198706,0.0035800934,3,3,0.027069091796875,0.044891357421875,0.24072265625,0.24072265625
test/attack/digital_3/iphone15pro/usa-137_03.jpg,usa-137_03,attack,digital_3,iphone15pro,1,0.39868164,0.14770508,0.024429321,3,3,0.017852783203125,0.266357421875,0.398681640625,0.398681640625
test/attack/digital_3/iphone15pro/usa-NF-1004.jpg,usa-NF-1004,attack,digital_3,iphone15pro,1,0.05758667,0.021354994,0.0051612854,3,3,0.0121917724609375,0.09039306640625,0.057586669921875,0.09039306640625
test/attack/digital_3/iphone15pro/usa-NF-1009.jpg,usa-NF-1009,attack,digital_3,iphone15pro,1,0.03201294,0.015769323,0.0118255615,3,3,0.0163116455078125,0.083984375,0.032012939453125,0.083984375
test/attack/digital_3/iphone15pro/usa-NF-1017.jpg,usa-NF-1017,attack,digital_3,iphone15pro,1,0.02532959,0.014513652,0.0105896,3,3,0.0205230712890625,0.035888671875,0.02532958984375,0.035888671875
test/attack/digital_3/iphone15pro/usa-NF-1036.jpg,usa-NF-1036,attack,digital_3,iphone15pro,1,1.0,0.3412323,0.014228821,3,3,0.03155517578125,0.035980224609375,1.0,1.0
test/attack/digital_3/iphone15pro/usa-NF-1044.jpg,usa-NF-1044,attack,digital_3,iphone15pro,1,0.018600464,0.013136546,0.017715454,3,3,0.06549072265625,0.03863525390625,0.06549072265625,0.03863525390625
test/attack/digital_3/iphone15pro/usa-NF-1046.jpg,usa-NF-1046,attack,digital_3,iphone15pro,1,0.07788086,0.039415997,0.035827637,3,3,0.0218658447265625,0.035247802734375,0.077880859375,0.077880859375
test/attack/digital_3/iphone15pro/usa-NF-1051.jpg,usa-NF-1051,attack,digital_3,iphone15pro,1,0.5463867,0.2109464,0.0793457,3,3,0.0235748291015625,0.04052734375,0.54638671875,0.54638671875
test/attack/digital_3/iphone15pro/usa-NF-1062.jpg,usa-NF-1062,attack,digital_3,iphone15pro,1,0.20861816,0.08267721,0.023269653,3,3,0.0110702514648437,0.041961669921875,0.2086181640625,0.2086181640625
test/attack/digital_3/iphone15pro/usa-NF-1065.jpg,usa-NF-1065,attack,digital_3,iphone15pro,1,0.5703125,0.2962799,0.2962799,2,2,0.037109375,0.037994384765625,0.5703125,0.5703125
test/attack/digital_3/iphone15pro/usa-NF-1071.jpg,usa-NF-1071,attack,digital_3,iphone15pro,1,0.99853516,0.34241486,0.024230957,3,3,0.0146713256835937,0.034881591796875,0.99853515625,0.99853515625
test/attack/digital_3/iphone15pro/usa-NF-1076.jpg,usa-NF-1076,attack,digital_3,iphone15pro,1,0.9482422,0.5402501,0.6665039,3,3,0.0226287841796875,0.03631591796875,0.9482421875,0.9482421875
test/attack/digital_3/iphone15pro/usa-NF-1093.jpg,usa-NF-1093,attack,digital_3,iphone15pro,1,0.006942749,0.0044870377,0.0044870377,2,2,0.0155410766601562,0.032989501953125,0.0155410766601562,0.032989501953125
test/attack/digital_3/iphone15pro/usa-NF-1094.jpg,usa-NF-1094,attack,digital_3,iphone15pro,1,0.95166016,0.33965936,0.06286621,3,3,0.01678466796875,0.40771484375,0.95166015625,0.95166015625
test/attack/digital_3/iphone15pro/usa-NM-1038.jpg,usa-NM-1038,attack,digital_3,iphone15pro,1,0.9926758,0.5003395,0.5003395,2,2,0.0084762573242187,0.09100341796875,0.99267578125,0.99267578125
test/attack/digital_3/iphone15pro/usa-NM-1052.jpg,usa-NM-1052,attack,digital_3,iphone15pro,1,1.0,0.34261832,0.022613525,3,3,0.0073165893554687,0.033538818359375,1.0,1.0
test/attack/digital_3/scan/arabic-003_03.jpg,arabic-003_03,attack,digital_3,scan,1,0.009391785,0.0032824278,0.00023639202,3,3,0.0347900390625,0.0635986328125,0.0347900390625,0.0635986328125
test/attack/digital_3/scan/arabic-005_03.jpg,arabic-005_03,attack,digital_3,scan,1,0.00031805038,0.0002365311,0.00028514862,3,3,0.0167999267578125,0.10089111328125,0.0167999267578125,0.10089111328125
test/attack/digital_3/scan/arabic-01_0002_000-c7338db1_1.jpg,arabic-01_0002_000-c7338db1_1,attack,digital_3,scan,1,0.012268066,0.005254984,0.0031909943,3,3,0.0931396484375,0.03436279296875,0.0931396484375,0.03436279296875
test/attack/digital_3/scan/arabic-01_0076_000-fd5000df_1.jpg,arabic-01_0076_000-fd5000df_1,attack,digital_3,scan,1,0.0015335083,0.0010160009,0.0013990402,3,3,0.0264129638671875,0.059051513671875,0.0264129638671875,0.059051513671875
test/attack/digital_3/scan/arabic-01_0095_000-18471808_1.jpg,arabic-01_0095_000-18471808_1,attack,digital_3,scan,1,0.0036354065,0.0012196501,1.424551e-05,3,3,0.0049514770507812,0.0244903564453125,0.0049514770507812,0.0244903564453125
test/attack/digital_3/scan/arabic-024_03.jpg,arabic-024_03,attack,digital_3,scan,1,0.017745972,0.007929087,0.0057754517,3,3,0.0293121337890625,0.0242156982421875,0.0293121337890625,0.0242156982421875
test/attack/digital_3/scan/arabic-112_03.jpg,arabic-112_03,attack,digital_3,scan,1,0.0013151169,0.00051248074,0.00020265579,3,3,0.039154052734375,0.0243072509765625,0.039154052734375,0.0243072509765625
test/attack/digital_3/scan/arabic-120_03.jpg,arabic-120_03,attack,digital_3,scan,1,0.00076293945,0.0002904733,9.101629e-05,3,3,0.0071220397949218,0.0242156982421875,0.0071220397949218,0.0242156982421875
test/attack/digital_3/scan/arabic-131_03.jpg,arabic-131_03,attack,digital_3,scan,1,0.21875,0.07337866,0.0013151169,3,3,0.061309814453125,0.0246124267578125,0.21875,0.21875
test/attack/digital_3/scan/arabic-139_03.jpg,arabic-139_03,attack,digital_3,scan,1,0.004047394,0.0018863678,0.0013151169,3,3,0.032958984375,0.615234375,0.032958984375,0.615234375
test/attack/digital_3/scan/arabic-173_03.jpg,arabic-173_03,attack,digital_3,scan,1,0.009674072,0.0037880738,0.0013942719,3,3,0.0192718505859375,0.0221405029296875,0.0192718505859375,0.0221405029296875
test/attack/digital_3/scan/arabic-NF-1003.jpg,arabic-NF-1003,attack,digital_3,scan,1,0.002822876,0.0017503103,0.0013856888,3,3,0.033355712890625,0.31884765625,0.033355712890625,0.31884765625
test/attack/digital_3/scan/arabic-NF-1012.jpg,arabic-NF-1012,attack,digital_3,scan,1,0.0004849434,0.00027706227,0.00029420853,3,3,0.0054473876953125,0.024444580078125,0.0054473876953125,0.024444580078125
test/attack/digital_3/scan/arabic-NF-1030.jpg,arabic-NF-1030,attack,digital_3,scan,1,0.000992775,0.000507911,0.00035071373,3,3,0.035247802734375,0.026763916015625,0.035247802734375,0.026763916015625
test/attack/digital_3/scan/arabic-NF-1037.jpg,arabic-NF-1037,attack,digital_3,scan,1,0.007987976,0.0031337738,0.0012187958,3,3,0.0099716186523437,0.0245361328125,0.0099716186523437,0.0245361328125
test/attack/digital_3/scan/arabic-NF-1040.jpg,arabic-NF-1040,attack,digital_3,scan,1,0.00067186356,0.00029790401,0.00018131733,3,3,0.031585693359375,0.02496337890625,0.031585693359375,0.02496337890625
test/attack/digital_3/scan/arabic-NF-1045.jpg,arabic-NF-1045,attack,digital_3,scan,1,0.0018424988,0.00071948767,0.00024342537,3,3,0.0162200927734375,0.0260772705078125,0.0162200927734375,0.0260772705078125
test/attack/digital_3/scan/arabic-NF-1048.jpg,arabic-NF-1048,attack,digital_3,scan,1,0.001127243,0.00044325987,0.00012099743,3,3,0.0182952880859375,0.0239410400390625,0.0182952880859375,0.0239410400390625
test/attack/digital_3/scan/arabic-NF-1049.jpg,arabic-NF-1049,attack,digital_3,scan,1,0.007949829,0.0050299964,0.006629944,3,3,0.06854248046875,0.2213134765625,0.06854248046875,0.2213134765625
test/attack/digital_3/scan/arabic-NF-1053.jpg,arabic-NF-1053,attack,digital_3,scan,1,0.36450195,0.12351608,0.0056648254,3,3,0.056488037109375,0.2430419921875,0.364501953125,0.364501953125
test/attack/digital_3/scan/arabic-NF-1098.jpg,arabic-NF-1098,attack,digital_3,scan,1,0.025909424,0.009115775,0.0012969971,3,3,0.029388427734375,0.0258331298828125,0.029388427734375,0.025909423828125
test/attack/digital_3/scan/arabic-NF-1100.jpg,arabic-NF-1100,attack,digital_3,scan,1,0.0059127808,0.002802213,0.0017414093,3,3,0.0687255859375,0.024993896484375,0.0687255859375,0.024993896484375
test/attack/digital_3/scan/arabic-NM-1029.jpg,arabic-NM-1029,attack,digital_3,scan,1,0.06707764,0.028883696,0.019210815,3,3,0.0137176513671875,0.0231475830078125,0.06707763671875,0.06707763671875
test/attack/digital_3/scan/arabic-NM-1064.jpg,arabic-NM-1064,attack,digital_3,scan,1,0.96777344,0.32273903,0.00032949448,3,3,0.033905029296875,0.0626220703125,0.9677734375,0.9677734375
test/attack/digital_3/scan/arabic-NM-1090.jpg,arabic-NM-1090,attack,digital_3,scan,1,0.0017004013,0.0006647706,0.00018417835,3,3,0.0211181640625,0.0230255126953125,0.0211181640625,0.0230255126953125
test/attack/digital_3/scan/chinese-001_03.jpg,chinese-001_03,attack,digital_3,scan,1,0.0023727417,0.001046578,0.0004451275,3,3,0.0058097839355468,0.035064697265625,0.0058097839355468,0.035064697265625
test/attack/digital_3/scan/chinese-018_03.jpg,chinese-018_03,attack,digital_3,scan,1,0.0034828186,0.0024219353,0.0034160614,3,3,0.0006651878356933,0.032867431640625,0.003482818603515625,0.032867431640625
test/attack/digital_3/scan/chinese-01_0003_000-98e8eaef_0.jpg,chinese-01_0003_000-98e8eaef_0,attack,digital_3,scan,1,0.0044670105,0.0027065277,0.0018386841,3,3,0.0122909545898437,0.03594970703125,0.0122909545898437,0.03594970703125
test/attack/digital_3/scan/chinese-01_0007_000-08f07a73_0.jpg,chinese-01_0007_000-08f07a73_0,attack,digital_3,scan,1,0.0030345917,0.0016748706,0.0018968582,3,3,0.0127944946289062,0.0408935546875,0.0127944946289062,0.0408935546875
test/attack/digital_3/scan/chinese-01_0012_000-48c56e4b_0.jpg,chinese-01_0012_000-48c56e4b_0,attack,digital_3,scan,1,0.005832672,0.0032863617,0.0025253296,3,3,0.1400146484375,0.036956787109375,0.1400146484375,0.036956787109375
test/attack/digital_3/scan/chinese-01_0019_000-06d51424_0.jpg,chinese-01_0019_000-06d51424_0,attack,digital_3,scan,1,0.00057029724,0.00037320456,0.0002875328,3,3,0.1263427734375,0.045135498046875,0.1263427734375,0.045135498046875
test/attack/digital_3/scan/chinese-01_0022_000-3b9715ed_0.jpg,chinese-01_0022_000-3b9715ed_0,attack,digital_3,scan,1,0.00059890747,0.00047246614,0.00053596497,3,3,0.02838134765625,0.03485107421875,0.02838134765625,0.03485107421875
test/attack/digital_3/scan/chinese-01_0028_000-611e103a_0.jpg,chinese-01_0028_000-611e103a_0,attack,digital_3,scan,1,0.0019226074,0.00096877414,0.0005173683,3,3,0.003082275390625,0.03375244140625,0.003082275390625,0.03375244140625
test/attack/digital_3/scan/chinese-01_0034_000-9b26d58c_0.jpg,chinese-01_0034_000-9b26d58c_0,attack,digital_3,scan,1,0.005088806,0.0024637382,0.002090454,3,3,0.0054817199707031,0.03656005859375,0.0054817199707031,0.03656005859375
test/attack/digital_3/scan/chinese-01_0084_000-ba83f345_1.jpg,chinese-01_0084_000-ba83f345_1,attack,digital_3,scan,1,0.0034103394,0.0018997192,0.0012741089,3,3,0.350341796875,0.040618896484375,0.350341796875,0.040618896484375
test/attack/digital_3/scan/chinese-01_0086_000-5a7ac9e6_1.jpg,chinese-01_0086_000-5a7ac9e6_1,attack,digital_3,scan,1,0.0005569458,0.0003819863,0.00045132637,3,3,0.275146484375,0.1727294921875,0.275146484375,0.1727294921875
test/attack/digital_3/scan/chinese-020_03.jpg,chinese-020_03,attack,digital_3,scan,1,0.0071754456,0.0031320255,0.0018825531,3,3,0.0015459060668945,0.034454345703125,0.007175445556640625,0.034454345703125
test/attack/digital_3/scan/chinese-039_03.jpg,chinese-039_03,attack,digital_3,scan,1,0.0026474,0.001742959,0.0024433136,3,3,0.006439208984375,0.034576416015625,0.006439208984375,0.034576416015625
test/attack/digital_3/scan/chinese-064_03.jpg,chinese-064_03,attack,digital_3,scan,1,0.0061454773,0.0024512608,0.00061655045,3,3,0.0029811859130859,0.034637451171875,0.006145477294921875,0.034637451171875
test/attack/digital_3/scan/chinese-081_03.jpg,chinese-081_03,attack,digital_3,scan,1,0.00085258484,0.0005643368,0.0005044937,3,3,0.0069427490234375,0.032257080078125,0.0069427490234375,0.032257080078125
test/attack/digital_3/scan/chinese-096_03.jpg,chinese-096_03,attack,digital_3,scan,1,0.21057129,0.070448555,0.0004556179,3,3,0.0022792816162109,0.03076171875,0.2105712890625,0.2105712890625
test/attack/digital_3/scan/chinese-099_03.jpg,chinese-099_03,attack,digital_3,scan,1,0.001750946,0.0009180705,0.00071811676,3,3,0.001601219177246,0.0330810546875,0.001750946044921875,0.0330810546875
test/attack/digital_3/scan/chinese-102_03.jpg,chinese-102_03,attack,digital_3,scan,1,0.0020751953,0.0015813509,0.0017995834,3,3,0.0018825531005859,0.033172607421875,0.0020751953125,0.033172607421875
test/attack/digital_3/scan/chinese-107_03.jpg,chinese-107_03,attack,digital_3,scan,1,0.0022220612,0.0018513998,0.0021438599,3,3,0.0096359252929687,0.031951904296875,0.0096359252929687,0.031951904296875
test/attack/digital_3/scan/chinese-113_03.jpg,chinese-113_03,attack,digital_3,scan,1,0.0032920837,0.0017844836,0.0013828278,3,3,0.0054702758789062,0.033905029296875,0.0054702758789062,0.033905029296875
test/attack/digital_3/scan/chinese-142_03.jpg,chinese-142_03,attack,digital_3,scan,1,0.0025405884,0.0017518997,0.001991272,3,3,0.014617919921875,0.0325927734375,0.014617919921875,0.0325927734375
test/attack/digital_3/scan/chinese-NF-1014.jpg,chinese-NF-1014,attack,digital_3,scan,1,0.0014925003,0.00090070564,0.0009737015,3,3,0.0031719207763671,0.036346435546875,0.0031719207763671,0.036346435546875
test/attack/digital_3/scan/chinese-NF-1023.jpg,chinese-NF-1023,attack,digital_3,scan,1,0.00082969666,0.00061615306,0.00057029724,3,3,0.0012235641479492,0.0360107421875,0.0012235641479492,0.0360107421875
test/attack/digital_3/scan/chinese-NF-1042.jpg,chinese-NF-1042,attack,digital_3,scan,1,0.0037574768,0.0019340912,0.0019302368,3,3,0.0103912353515625,0.034027099609375,0.0103912353515625,0.034027099609375
test/attack/digital_3/scan/chinese-NF-1050.jpg,chinese-NF-1050,attack,digital_3,scan,1,0.0021152496,0.0009806156,0.000415802,3,3,0.0046005249023437,0.033843994140625,0.0046005249023437,0.033843994140625
test/attack/digital_3/scan/chinese-NF-1059.jpg,chinese-NF-1059,attack,digital_3,scan,1,0.011528015,0.0042120614,0.0005540848,3,3,0.0018062591552734,0.036224365234375,0.01152801513671875,0.036224365234375
test/attack/digital_3/scan/chinese-NF-1067.jpg,chinese-NF-1067,attack,digital_3,scan,1,0.011688232,0.0043439865,0.00078105927,3,3,0.0039291381835937,0.03399658203125,0.011688232421875,0.03399658203125
test/attack/digital_3/scan/chinese-NF-1072.jpg,chinese-NF-1072,attack,digital_3,scan,1,0.00067710876,0.00055480003,0.00062036514,3,3,0.0015640258789062,0.0335693359375,0.0015640258789062,0.0335693359375
test/attack/digital_3/scan/chinese-NF-1085.jpg,chinese-NF-1085,attack,digital_3,scan,1,0.006351471,0.0034944217,0.0034637451,3,3,0.01824951171875,0.035308837890625,0.01824951171875,0.035308837890625
test/attack/digital_3/scan/chinese-NF-1088.jpg,chinese-NF-1088,attack,digital_3,scan,1,0.0008330345,0.00068895024,0.00075531006,3,3,0.0016422271728515,0.034637451171875,0.0016422271728515,0.034637451171875
test/attack/digital_3/scan/chinese-NF-1101.jpg,chinese-NF-1101,attack,digital_3,scan,1,0.0024204254,0.0016504923,0.0015945435,3,3,0.0045394897460937,0.03680419921875,0.0045394897460937,0.03680419921875
test/attack/digital_3/scan/chinese-NM-1092.jpg,chinese-NM-1092,attack,digital_3,scan,1,0.0019187927,0.001540184,0.0018491745,3,3,0.0020580291748046,0.03424072265625,0.0020580291748046,0.03424072265625
test/attack/digital_3/scan/french-019_03.jpg,french-019_03,attack,digital_3,scan,1,0.0061912537,0.0028014183,0.0018248558,4,4,0.002349853515625,0.025390625,0.006191253662109375,0.025390625
test/attack/digital_3/scan/french-01_0006_000-f9f1aca7_0.jpg,french-01_0006_000-f9f1aca7_0,attack,digital_3,scan,1,0.00541687,0.0019333363,0.0010652542,4,4,0.0048675537109375,0.025177001953125,0.0054168701171875,0.025177001953125
test/attack/digital_3/scan/french-01_0029_000-d00491e2_1.jpg,french-01_0029_000-d00491e2_1,attack,digital_3,scan,1,0.039276123,0.010618448,0.0014443398,4,4,0.0041732788085937,0.028564453125,0.039276123046875,0.039276123046875
test/attack/digital_3/scan/french-01_0070_000-a4a25cda_0.jpg,french-01_0070_000-a4a25cda_0,attack,digital_3,scan,1,0.0015192032,0.00067821145,0.0005393028,4,4,0.0069046020507812,0.0662841796875,0.0069046020507812,0.0662841796875
test/attack/digital_3/scan/french-01_0094_000-51fbbc37_0.jpg,french-01_0094_000-51fbbc37_0,attack,digital_3,scan,1,0.0031547546,0.0022826195,0.0021982193,4,4,0.0123138427734375,0.0254669189453125,0.0123138427734375,0.0254669189453125
test/attack/digital_3/scan/french-022_03.jpg,french-022_03,attack,digital_3,scan,1,0.0060043335,0.002465725,0.0015053749,4,4,0.0003755092620849,0.02337646484375,0.00600433349609375,0.02337646484375
test/attack/digital_3/scan/french-033_03.jpg,french-033_03,attack,digital_3,scan,1,0.059539795,0.017532349,0.004638672,4,4,0.0343017578125,0.035308837890625,0.059539794921875,0.059539794921875
test/attack/digital_3/scan/french-044_03.jpg,french-044_03,attack,digital_3,scan,1,0.015205383,0.0049505234,0.0019116402,4,4,0.0095977783203125,0.03131103515625,0.01520538330078125,0.03131103515625
test/attack/digital_3/scan/french-068_03.jpg,french-068_03,attack,digital_3,scan,1,0.010818481,0.0031912327,0.0008479357,4,4,0.0030994415283203,0.0225372314453125,0.0108184814453125,0.0225372314453125
test/attack/digital_3/scan/french-090_03.jpg,french-090_03,attack,digital_3,scan,1,0.001036644,0.0006469488,0.0005669594,4,4,0.0121688842773437,0.035675048828125,0.0121688842773437,0.035675048828125
test/attack/digital_3/scan/french-091_03.jpg,french-091_03,attack,digital_3,scan,1,0.005050659,0.0019522309,0.0012459755,4,4,0.0009183883666992,0.023895263671875,0.0050506591796875,0.023895263671875
test/attack/digital_3/scan/french-097_03.jpg,french-097_03,attack,digital_3,scan,1,0.26708984,0.07602787,0.017971039,4,4,0.0039901733398437,0.0970458984375,0.26708984375,0.26708984375
test/attack/digital_3/scan/french-100_03.jpg,french-100_03,attack,digital_3,scan,1,0.028335571,0.007511124,0.0008356571,4,4,0.0054817199707031,0.026275634765625,0.0283355712890625,0.0283355712890625
test/attack/digital_3/scan/french-114_03.jpg,french-114_03,attack,digital_3,scan,1,0.025436401,0.0070894957,0.0011501312,4,4,0.0285491943359375,0.0258636474609375,0.0285491943359375,0.0258636474609375
test/attack/digital_3/scan/french-118_03.jpg,french-118_03,attack,digital_3,scan,1,0.0014638901,0.0005553663,0.00030493736,4,4,0.0121231079101562,0.024658203125,0.0121231079101562,0.024658203125
test/attack/digital_3/scan/french-124_03.jpg,french-124_03,attack,digital_3,scan,1,0.006412506,0.0021147728,0.000824213,4,4,0.0088119506835937,0.026702880859375,0.0088119506835937,0.026702880859375
test/attack/digital_3/scan/french-128_03.jpg,french-128_03,attack,digital_3,scan,1,0.006340027,0.0023047924,0.001074791,4,4,0.0060272216796875,0.0234222412109375,0.00634002685546875,0.0234222412109375
test/attack/digital_3/scan/french-135_03.jpg,french-135_03,attack,digital_3,scan,1,0.004257202,0.00251019,0.002571106,4,4,0.07354736328125,0.025390625,0.07354736328125,0.025390625
test/attack/digital_3/scan/french-NF-1020.jpg,french-NF-1020,attack,digital_3,scan,1,0.012237549,0.0037884712,0.0010097027,4,4,0.019866943359375,0.0245208740234375,0.019866943359375,0.0245208740234375
test/attack/digital_3/scan/french-NF-1047.jpg,french-NF-1047,attack,digital_3,scan,1,0.010032654,0.0030419827,0.00082039833,4,4,0.031463623046875,0.0272979736328125,0.031463623046875,0.0272979736328125
test/attack/digital_3/scan/french-NF-1056.jpg,french-NF-1056,attack,digital_3,scan,1,0.9819336,0.24656487,0.0016102791,4,4,0.0042572021484375,0.0256195068359375,0.98193359375,0.98193359375
test/attack/digital_3/scan/french-NF-1063.jpg,french-NF-1063,attack,digital_3,scan,1,0.62060547,0.15599877,0.0015530586,4,4,0.0217437744140625,0.034210205078125,0.62060546875,0.62060546875
test/attack/digital_3/scan/french-NF-1082.jpg,french-NF-1082,attack,digital_3,scan,1,0.015365601,0.0062318444,0.0046138763,4,4,0.0034103393554687,0.02593994140625,0.0153656005859375,0.02593994140625
test/attack/digital_3/scan/french-NF-1095.jpg,french-NF-1095,attack,digital_3,scan,1,0.034423828,0.008786991,0.00034695864,4,4,0.0014524459838867,0.0278167724609375,0.034423828125,0.034423828125
test/attack/digital_3/scan/french-NF-1110.jpg,french-NF-1110,attack,digital_3,scan,1,0.033050537,0.009544075,0.0024271011,4,4,0.0080490112304687,0.05535888671875,0.033050537109375,0.05535888671875
test/attack/digital_3/scan/french-NM-1070.jpg,french-NM-1070,attack,digital_3,scan,1,0.0124053955,0.006030321,0.0055508614,4,4,0.0044441223144531,0.0303802490234375,0.0124053955078125,0.0303802490234375
test/attack/digital_3/scan/french-NM-1104.jpg,french-NM-1104,attack,digital_3,scan,1,0.0023231506,0.0008954406,0.0005631447,4,4,0.0067062377929687,0.02423095703125,0.0067062377929687,0.02423095703125
test/attack/digital_3/scan/indian-012_03.jpg,indian-012_03,attack,digital_3,scan,1,7.8737736e-05,4.3451786e-05,4.3451786e-05,2,2,0.009613037109375,0.0261077880859375,0.009613037109375,0.0261077880859375
test/attack/digital_3/scan/indian-014_03.jpg,indian-014_03,attack,digital_3,scan,1,5.6743622e-05,2.9683113e-05,2.9683113e-05,2,2,0.018035888671875,0.02813720703125,0.018035888671875,0.02813720703125
test/attack/digital_3/scan/indian-01_0004_000-2423feb1_0.jpg,indian-01_0004_000-2423feb1_0,attack,digital_3,scan,1,0.00040221214,0.00035059452,0.00035059452,2,2,0.0026206970214843,0.0285491943359375,0.0026206970214843,0.0285491943359375
test/attack/digital_3/scan/indian-01_0005_000-59069fdd_1.jpg,indian-01_0005_000-59069fdd_1,attack,digital_3,scan,1,0.00010353327,5.5760145e-05,5.5760145e-05,2,2,0.0098800659179687,0.02734375,0.0098800659179687,0.02734375
test/attack/digital_3/scan/indian-01_0062_000-c236043f_0.jpg,indian-01_0062_000-c236043f_0,attack,digital_3,scan,1,3.916025e-05,2.5421381e-05,2.5421381e-05,2,2,0.060028076171875,0.0299072265625,0.060028076171875,0.0299072265625
test/attack/digital_3/scan/indian-01_0068_000-1b9539d8_0.jpg,indian-01_0068_000-1b9539d8_0,attack,digital_3,scan,1,0.00012052059,7.724762e-05,7.724762e-05,2,2,0.0146408081054687,0.02911376953125,0.0146408081054687,0.02911376953125
test/attack/digital_3/scan/indian-01_0071_000-73870eac_1.jpg,indian-01_0071_000-73870eac_1,attack,digital_3,scan,1,2.3543835e-05,1.4901161e-05,1.4901161e-05,2,2,0.0076370239257812,0.033355712890625,0.0076370239257812,0.033355712890625
test/attack/digital_3/scan/indian-01_0082_000-1b935c0e_0.jpg,indian-01_0082_000-1b935c0e_0,attack,digital_3,scan,1,0.0005893707,0.0004892349,0.0004892349,2,2,0.00579833984375,0.0279083251953125,0.00579833984375,0.0279083251953125
test/attack/digital_3/scan/indian-01_0087_000-7edaffe9_0.jpg,indian-01_0087_000-7edaffe9_0,attack,digital_3,scan,1,4.595518e-05,2.9742718e-05,2.9742718e-05,2,2,0.0073585510253906,0.0284423828125,0.0073585510253906,0.0284423828125
test/attack/digital_3/scan/indian-01_0089_000-f38cdec4_1.jpg,indian-01_0089_000-f38cdec4_1,attack,digital_3,scan,1,0.00016999245,0.00016480684,0.00016480684,2,2,0.0035247802734375,0.02777099609375,0.0035247802734375,0.02777099609375
test/attack/digital_3/scan/indian-01_0097_000-b71b0c19_0.jpg,indian-01_0097_000-b71b0c19_0,attack,digital_3,scan,1,0.00116539,0.00075769424,0.00075769424,2,2,0.004547119140625,0.0259857177734375,0.004547119140625,0.0259857177734375
test/attack/digital_3/scan/indian-021_03.jpg,indian-021_03,attack,digital_3,scan,1,0.00033926964,0.00019171834,0.00019171834,2,2,0.0088653564453125,0.025543212890625,0.0088653564453125,0.025543212890625
test/attack/digital_3/scan/indian-037_03.jpg,indian-037_03,attack,digital_3,scan,1,3.3199787e-05,1.7851591e-05,1.7851591e-05,2,2,0.0032405853271484,0.02618408203125,0.0032405853271484,0.02618408203125
test/attack/digital_3/scan/indian-038_03.jpg,indian-038_03,attack,digital_3,scan,1,0.00014543533,9.658933e-05,9.658933e-05,2,2,0.0098800659179687,0.0274505615234375,0.0098800659179687,0.0274505615234375
test/attack/digital_3/scan/indian-094_03.jpg,indian-094_03,attack,digital_3,scan,1,0.000177145,0.00012046099,0.00012046099,2,2,0.0035247802734375,0.0276947021484375,0.0035247802734375,0.0276947021484375
test/attack/digital_3/scan/indian-108_03.jpg,indian-108_03,attack,digital_3,scan,1,0.0010061264,0.00067305565,0.00067305565,2,2,0.03167724609375,0.027740478515625,0.03167724609375,0.027740478515625
test/attack/digital_3/scan/indian-NF-1006.jpg,indian-NF-1006,attack,digital_3,scan,1,4.541874e-05,2.3633242e-05,2.3633242e-05,2,2,0.0067596435546875,0.0278167724609375,0.0067596435546875,0.0278167724609375
test/attack/digital_3/scan/indian-NF-1025.jpg,indian-NF-1025,attack,digital_3,scan,1,0.00013494492,7.587671e-05,7.587671e-05,2,2,0.0050506591796875,0.027374267578125,0.0050506591796875,0.027374267578125
test/attack/digital_3/scan/indian-NF-1039.jpg,indian-NF-1039,attack,digital_3,scan,1,0.00014150143,7.5787306e-05,7.5787306e-05,2,2,0.0042724609375,0.02587890625,0.0042724609375,0.02587890625
test/attack/digital_3/scan/indian-NF-1061.jpg,indian-NF-1061,attack,digital_3,scan,1,3.8802624e-05,2.0205975e-05,2.0205975e-05,2,2,0.0128707885742187,0.02777099609375,0.0128707885742187,0.02777099609375
test/attack/digital_3/scan/indian-NF-1075.jpg,indian-NF-1075,attack,digital_3,scan,1,0.000177145,9.405613e-05,9.405613e-05,2,2,0.0067329406738281,0.027191162109375,0.0067329406738281,0.027191162109375
test/attack/digital_3/scan/indian-NF-1096.jpg,indian-NF-1096,attack,digital_3,scan,1,0.000107228756,5.710125e-05,5.710125e-05,2,2,0.005706787109375,0.0279541015625,0.005706787109375,0.0279541015625
test/attack/digital_3/scan/indian-NM-1058.jpg,indian-NM-1058,attack,digital_3,scan,1,0.00018668175,0.00011345744,0.00011345744,2,2,0.0046005249023437,0.0270843505859375,0.0046005249023437,0.0270843505859375
test/attack/digital_3/scan/persian-010_03.jpg,persian-010_03,attack,digital_3,scan,1,0.001042366,0.00040876865,0.0001757145,3,3,0.0077400207519531,0.03680419921875,0.0077400207519531,0.03680419921875
test/attack/digital_3/scan/persian-01_0064_000-daacc8f3_0.jpg,persian-01_0064_000-daacc8f3_0,attack,digital_3,scan,1,0.03111267,0.010394315,5.6505203e-05,3,3,0.0134048461914062,0.033782958984375,0.0311126708984375,0.033782958984375
test/attack/digital_3/scan/persian-01_0065_000-763dd95b_0.jpg,persian-01_0065_000-763dd95b_0,attack,digital_3,scan,1,0.00016415119,9.02613e-05,8.058548e-05,3,3,0.058349609375,0.1434326171875,0.058349609375,0.1434326171875
test/attack/digital_3/scan/persian-01_0092_000-fad05fcd_1.jpg,persian-01_0092_000-fad05fcd_1,attack,digital_3,scan,1,0.0042495728,0.0014824271,0.0001603365,3,3,0.0089492797851562,0.034820556640625,0.0089492797851562,0.034820556640625
test/attack/digital_3/scan/persian-01_0096_000-75b0e83b_0.jpg,persian-01_0096_000-75b0e83b_0,attack,digital_3,scan,1,0.07098389,0.023702404,0.0001154542,3,3,0.0121688842773437,0.08489990234375,0.07098388671875,0.08489990234375
test/attack/digital_3/scan/persian-01_0200_000-78393150_0.jpg,persian-01_0200_000-78393150_0,attack,digital_3,scan,1,0.045532227,0.015186548,1.8179417e-05,3,3,0.0036506652832031,0.03369140625,0.0455322265625,0.0455322265625
test/attack/digital_3/scan/persian-045_03.jpg,persian-045_03,attack,digital_3,scan,1,0.0023822784,0.000841101,7.31349e-05,3,3,0.0134811401367187,0.03314208984375,0.0134811401367187,0.03314208984375
test/attack/digital_3/scan/persian-069_03.jpg,persian-069_03,attack,digital_3,scan,1,0.0031356812,0.0010601878,4.082918e-05,3,3,0.0049819946289062,0.033355712890625,0.0049819946289062,0.033355712890625
test/attack/digital_3/scan/persian-087_03.jpg,persian-087_03,attack,digital_3,scan,1,0.0061454773,0.00208201,6.920099e-05,3,3,0.09295654296875,0.040008544921875,0.09295654296875,0.040008544921875
test/attack/digital_3/scan/persian-122_03.jpg,persian-122_03,attack,digital_3,scan,1,0.00039887428,0.00017309189,0.000114142895,3,3,0.0048294067382812,0.034271240234375,0.0048294067382812,0.034271240234375
test/attack/digital_3/scan/persian-144_03.jpg,persian-144_03,attack,digital_3,scan,1,0.21911621,0.07306411,6.300211e-05,3,3,0.0073318481445312,0.0345458984375,0.2191162109375,0.2191162109375
test/attack/digital_3/scan/persian-NF-1001.jpg,persian-NF-1001,attack,digital_3,scan,1,0.00071668625,0.0003529787,0.00025510788,3,3,0.042388916015625,0.03387451171875,0.042388916015625,0.03387451171875
test/attack/digital_3/scan/persian-NF-1018.jpg,persian-NF-1018,attack,digital_3,scan,1,0.000954628,0.0004001061,0.00017535686,3,3,0.01971435546875,0.03460693359375,0.01971435546875,0.03460693359375
test/attack/digital_3/scan/persian-NF-1031.jpg,persian-NF-1031,attack,digital_3,scan,1,0.46240234,0.15415691,5.6505203e-05,3,3,0.0077857971191406,0.034271240234375,0.46240234375,0.46240234375
test/attack/digital_3/scan/persian-NF-1034.jpg,persian-NF-1034,attack,digital_3,scan,1,0.010566711,0.0035250783,6.198883e-06,3,3,0.018798828125,0.034027099609375,0.018798828125,0.034027099609375
test/attack/digital_3/scan/persian-NF-1043.jpg,persian-NF-1043,attack,digital_3,scan,1,0.75439453,0.25171554,0.0007266998,3,3,0.0174102783203125,0.08648681640625,0.75439453125,0.75439453125
test/attack/digital_3/scan/persian-NF-1079.jpg,persian-NF-1079,attack,digital_3,scan,1,0.0013799667,0.0005434553,0.00024342537,3,3,0.034210205078125,0.034454345703125,0.034210205078125,0.034454345703125
test/attack/digital_3/scan/persian-NF-1097.jpg,persian-NF-1097,attack,digital_3,scan,1,0.0030345917,0.0011133751,0.00025057793,3,3,0.018310546875,0.0338134765625,0.018310546875,0.0338134765625
test/attack/digital_3/scan/persian-NF-1108.jpg,persian-NF-1108,attack,digital_3,scan,1,0.0105896,0.00371327,0.0005378723,3,3,0.05596923828125,0.0361328125,0.05596923828125,0.0361328125
test/attack/digital_3/scan/persian-NM-1010.jpg,persian-NM-1010,attack,digital_3,scan,1,0.00026488304,0.000120560326,7.367134e-05,3,3,0.0112457275390625,0.03765869140625,0.0112457275390625,0.03765869140625
test/attack/digital_3/scan/persian-NM-1035.jpg,persian-NM-1035,attack,digital_3,scan,1,0.00051546097,0.0002206564,0.00012636185,3,3,0.0234375,0.1182861328125,0.0234375,0.1182861328125
test/attack/digital_3/scan/persian-NM-1074.jpg,persian-NM-1074,attack,digital_3,scan,1,0.00012981892,5.376339e-05,2.2649765e-05,3,3,0.0207977294921875,0.03851318359375,0.0207977294921875,0.03851318359375
test/attack/digital_3/scan/portugal-004_03.jpg,portugal-004_03,attack,digital_3,scan,1,0.0024719238,0.00088083744,0.00011020899,3,3,0.0040931701660156,0.0257568359375,0.0040931701660156,0.0257568359375
test/attack/digital_3/scan/portugal-013_03.jpg,portugal-013_03,attack,digital_3,scan,1,0.007621765,0.002913316,0.0008134842,3,3,0.020751953125,0.025787353515625,0.020751953125,0.025787353515625
test/attack/digital_3/scan/portugal-017_03.jpg,portugal-017_03,attack,digital_3,scan,1,0.017837524,0.006507834,0.001449585,3,3,0.035125732421875,0.026763916015625,0.035125732421875,0.026763916015625
test/attack/digital_3/scan/portugal-01_0014_000-6f7ea414_0.jpg,portugal-01_0014_000-6f7ea414_0,attack,digital_3,scan,1,0.018234253,0.006195545,0.00021529198,3,3,0.154052734375,0.0268096923828125,0.154052734375,0.0268096923828125
test/attack/digital_3/scan/portugal-026_03.jpg,portugal-026_03,attack,digital_3,scan,1,0.0076065063,0.0026093323,0.00012385845,3,3,0.0031661987304687,0.0249176025390625,0.00760650634765625,0.0249176025390625
test/attack/digital_3/scan/portugal-029_03.jpg,portugal-029_03,attack,digital_3,scan,1,0.013900757,0.0046626725,4.5597553e-05,3,3,0.0011224746704101,0.024871826171875,0.0139007568359375,0.024871826171875
test/attack/digital_3/scan/portugal-042_03.jpg,portugal-042_03,attack,digital_3,scan,1,0.004875183,0.0017867088,0.00024294853,3,3,0.0007762908935546,0.0255584716796875,0.00487518310546875,0.0255584716796875
test/attack/digital_3/scan/portugal-061_03.jpg,portugal-061_03,attack,digital_3,scan,1,0.00033402443,0.00016824405,9.101629e-05,3,3,0.0035591125488281,0.02685546875,0.0035591125488281,0.02685546875
test/attack/digital_3/scan/portugal-066_03.jpg,portugal-066_03,attack,digital_3,scan,1,0.00756073,0.0029520195,0.0010204315,3,3,0.0051803588867187,0.069091796875,0.00756072998046875,0.069091796875
test/attack/digital_3/scan/portugal-070_03.jpg,portugal-070_03,attack,digital_3,scan,1,0.0073890686,0.0030856133,0.0015459061,3,3,0.0026531219482421,0.0247802734375,0.007389068603515625,0.0247802734375
test/attack/digital_3/scan/portugal-105_03.jpg,portugal-105_03,attack,digital_3,scan,1,0.9975586,0.3354187,0.005012512,3,3,0.003824234008789,0.0299224853515625,0.99755859375,0.99755859375
test/attack/digital_3/scan/portugal-119_03.jpg,portugal-119_03,attack,digital_3,scan,1,0.046203613,0.015420198,3.415346e-05,3,3,0.0296783447265625,0.0257415771484375,0.04620361328125,0.04620361328125
test/attack/digital_3/scan/portugal-125_03.jpg,portugal-125_03,attack,digital_3,scan,1,0.003622055,0.001405557,0.0004878044,3,3,0.0011653900146484,0.0257415771484375,0.0036220550537109375,0.0257415771484375
test/attack/digital_3/scan/portugal-143_03.jpg,portugal-143_03,attack,digital_3,scan,1,0.17907715,0.059835356,0.00031208992,3,3,0.0041999816894531,0.025543212890625,0.1790771484375,0.1790771484375
test/attack/digital_3/scan/portugal-172_03.jpg,portugal-172_03,attack,digital_3,scan,1,0.0017747879,0.0009916822,0.0011205673,3,3,0.0034904479980468,0.025634765625,0.0034904479980468,0.025634765625
test/attack/digital_3/scan/portugal-NF-1016.jpg,portugal-NF-1016,attack,digital_3,scan,1,0.72753906,0.24445231,0.0055236816,3,3,0.0036849975585937,0.024749755859375,0.7275390625,0.7275390625
test/attack/digital_3/scan/portugal-NF-1022.jpg,portugal-NF-1022,attack,digital_3,scan,1,0.0014162064,0.00059398013,0.00025510788,3,3,0.0021495819091796,0.06158447265625,0.0021495819091796,0.06158447265625
test/attack/digital_3/scan/portugal-NF-1024.jpg,portugal-NF-1024,attack,digital_3,scan,1,0.0032596588,0.0020992756,0.002773285,3,3,0.0001753568649291,0.025390625,0.0032596588134765625,0.025390625
test/attack/digital_3/scan/portugal-NF-1026.jpg,portugal-NF-1026,attack,digital_3,scan,1,0.0041656494,0.0018254122,0.0010099411,3,3,0.0016260147094726,0.04229736328125,0.0041656494140625,0.04229736328125
test/attack/digital_3/scan/portugal-NF-1041.jpg,portugal-NF-1041,attack,digital_3,scan,1,0.008094788,0.0028465588,0.00026535988,3,3,0.0038471221923828,0.0267333984375,0.00809478759765625,0.0267333984375
test/attack/digital_3/scan/portugal-NF-1060.jpg,portugal-NF-1060,attack,digital_3,scan,1,0.38427734,0.12899153,0.0025405884,3,3,0.0013542175292968,0.024444580078125,0.38427734375,0.38427734375
test/attack/digital_3/scan/portugal-NF-1066.jpg,portugal-NF-1066,attack,digital_3,scan,1,0.008544922,0.0029370785,0.00021111965,3,3,0.0019083023071289,0.0239105224609375,0.008544921875,0.0239105224609375
test/attack/digital_3/scan/portugal-NF-1083.jpg,portugal-NF-1083,attack,digital_3,scan,1,0.40039062,0.13350959,7.003546e-05,3,3,0.0080795288085937,0.0276641845703125,0.400390625,0.400390625
test/attack/digital_3/scan/portugal-NF-1086.jpg,portugal-NF-1086,attack,digital_3,scan,1,0.0038089752,0.0017768542,0.0010204315,3,3,0.0044326782226562,0.0258026123046875,0.0044326782226562,0.0258026123046875
test/attack/digital_3/scan/portugal-NF-1105.jpg,portugal-NF-1105,attack,digital_3,scan,1,1.0,0.33335996,5.2273273e-05,3,3,0.0034427642822265,0.025665283203125,1.0,1.0
test/attack/digital_3/scan/portugal-NF-1107.jpg,portugal-NF-1107,attack,digital_3,scan,1,0.005695343,0.0022365253,0.00066137314,3,3,0.0036354064941406,0.025787353515625,0.005695343017578125,0.025787353515625
test/attack/digital_3/scan/portugal-NF-1109.jpg,portugal-NF-1109,attack,digital_3,scan,1,0.06713867,0.024086794,0.0047836304,3,3,0.0032863616943359,0.0268402099609375,0.067138671875,0.067138671875
test/attack/digital_3/scan/portugal-NM-1091.jpg,portugal-NM-1091,attack,digital_3,scan,1,0.24584961,0.08212638,0.00028800964,3,3,0.0011510848999023,0.05145263671875,0.245849609375,0.245849609375
test/attack/digital_3/scan/portugal-NM-1102.jpg,portugal-NM-1102,attack,digital_3,scan,1,0.013687134,0.004601737,7.814169e-05,3,3,0.0101699829101562,0.0265045166015625,0.0136871337890625,0.0265045166015625
test/attack/digital_3/scan/russian-002_03.jpg,russian-002_03,attack,digital_3,scan,1,0.116882324,0.056922276,0.051696777,3,3,0.0010442733764648,0.034423828125,0.11688232421875,0.11688232421875
test/attack/digital_3/scan/russian-01_0001_000-ff703650_1.jpg,russian-01_0001_000-ff703650_1,attack,digital_3,scan,1,0.00072956085,0.00036511818,0.00025558472,3,3,0.0011053085327148,0.033538818359375,0.0011053085327148,0.033538818359375
test/attack/digital_3/scan/russian-01_0030_000-0bc18d73_0.jpg,russian-01_0030_000-0bc18d73_0,attack,digital_3,scan,1,0.0004441738,0.0003116727,0.00038528442,3,3,0.0027961730957031,0.035919189453125,0.0027961730957031,0.035919189453125
test/attack/digital_3/scan/russian-01_0075_000-9bed189a_0.jpg,russian-01_0075_000-9bed189a_0,attack,digital_3,scan,1,0.0020065308,0.0012975534,0.0016355515,3,3,0.0004575252532958,0.03814697265625,0.00200653076171875,0.03814697265625
test/attack/digital_3/scan/russian-01_0201_000-2ea0ec28_0.jpg,russian-01_0201_000-2ea0ec28_0,attack,digital_3,scan,1,0.0046195984,0.0019355615,0.0008625984,3,3,0.0010566711425781,0.1190185546875,0.004619598388671875,0.1190185546875
test/attack/digital_3/scan/russian-027_03.jpg,russian-027_03,attack,digital_3,scan,1,0.0013589859,0.000837485,0.0006322861,3,3,0.0047187805175781,0.035247802734375,0.0047187805175781,0.035247802734375
test/attack/digital_3/scan/russian-062_03.jpg,russian-062_03,attack,digital_3,scan,1,0.0016708374,0.00085477036,0.0007686615,3,3,0.0019121170043945,0.035186767578125,0.0019121170043945,0.035186767578125
test/attack/digital_3/scan/russian-082_03.jpg,russian-082_03,attack,digital_3,scan,1,0.00039196014,0.00026150545,0.00026369095,3,3,6.788969039916992e-05,0.0325927734375,0.00039196014404296875,0.0325927734375
test/attack/digital_3/scan/russian-123_03.jpg,russian-123_03,attack,digital_3,scan,1,0.0010967255,0.00059723854,0.00048303604,3,3,0.0002698898315429,0.033233642578125,0.0010967254638671875,0.033233642578125
test/attack/digital_3/scan/russian-132_03.jpg,russian-132_03,attack,digital_3,scan,1,0.00737381,0.0046297708,0.004299164,3,3,0.004180908203125,0.035003662109375,0.007373809814453125,0.035003662109375
test/attack/digital_3/scan/russian-140_03.jpg,russian-140_03,attack,digital_3,scan,1,0.00035429,0.00020962954,0.00023007393,3,3,0.0002166032791137,0.037353515625,0.0003542900085449219,0.037353515625
test/attack/digital_3/scan/russian-141_03.jpg,russian-141_03,attack,digital_3,scan,1,0.00064229965,0.00033307076,0.00020861626,3,3,9.763240814208984e-05,0.032470703125,0.0006422996520996094,0.032470703125
test/attack/digital_3/scan/russian-NF-1013.jpg,russian-NF-1013,attack,digital_3,scan,1,0.00090932846,0.00083414715,0.0008678436,3,3,0.0018568038940429,0.035980224609375,0.0018568038940429,0.035980224609375
test/attack/digital_3/scan/russian-NF-1028.jpg,russian-NF-1028,attack,digital_3,scan,1,0.00548172,0.0025553703,0.0015459061,3,3,0.0004022121429443,0.033966064453125,0.005481719970703125,0.033966064453125
test/attack/digital_3/scan/russian-NF-1069.jpg,russian-NF-1069,attack,digital_3,scan,1,0.0005736351,0.00040928522,0.00036621094,3,3,8.481740951538086e-05,0.036529541015625,0.0005736351013183594,0.036529541015625
test/attack/digital_3/scan/russian-NF-1080.jpg,russian-NF-1080,attack,digital_3,scan,1,0.0041007996,0.0026261013,0.0026569366,3,3,0.0019378662109375,0.034423828125,0.004100799560546875,0.034423828125
test/attack/digital_3/scan/russian-NF-1081.jpg,russian-NF-1081,attack,digital_3,scan,1,0.015716553,0.0065724053,0.0023002625,3,3,0.0006947517395019,0.035369873046875,0.015716552734375,0.035369873046875
test/attack/digital_3/scan/russian-NF-1089.jpg,russian-NF-1089,attack,digital_3,scan,1,0.0020828247,0.0014621416,0.0018100739,3,3,0.0504150390625,0.08197021484375,0.0504150390625,0.08197021484375
test/attack/digital_3/scan/russian-NF-1099.jpg,russian-NF-1099,attack,digital_3,scan,1,0.010650635,0.0065900288,0.009017944,3,3,0.230712890625,0.05072021484375,0.230712890625,0.05072021484375
test/attack/digital_3/scan/russian-NM-1027.jpg,russian-NM-1027,attack,digital_3,scan,1,0.0016107559,0.00076150894,0.00059890747,3,3,0.0007410049438476,0.03472900390625,0.0016107559204101562,0.03472900390625
test/attack/digital_3/scan/turkiye-008_03.jpg,turkiye-008_03,attack,digital_3,scan,1,0.00063610077,0.0002889236,0.00020861626,3,3,0.0018062591552734,0.0290679931640625,0.0018062591552734,0.0290679931640625
test/attack/digital_3/scan/turkiye-01_0035_000-d4764bf3_0.jpg,turkiye-01_0035_000-d4764bf3_0,attack,digital_3,scan,1,0.00061655045,0.0002901554,0.00023007393,3,3,0.010528564453125,0.06536865234375,0.010528564453125,0.06536865234375
test/attack/digital_3/scan/turkiye-01_0074_000-c54807ec_1.jpg,turkiye-01_0074_000-c54807ec_1,attack,digital_3,scan,1,0.0014162064,0.00049807626,7.224083e-05,3,3,0.0081558227539062,0.150146484375,0.0081558227539062,0.150146484375
test/attack/digital_3/scan/turkiye-01_0078_000-cfc6a96f_1.jpg,turkiye-01_0078_000-cfc6a96f_1,attack,digital_3,scan,1,0.0014410019,0.00071116287,0.00066661835,3,3,0.0036506652832031,0.031768798828125,0.0036506652832031,0.031768798828125
test/attack/digital_3/scan/turkiye-01_0079_000-01a48f56_0.jpg,turkiye-01_0079_000-01a48f56_0,attack,digital_3,scan,1,0.0022792816,0.0007818143,4.249811e-05,3,3,0.0038700103759765,0.038543701171875,0.0038700103759765,0.038543701171875
test/attack/digital_3/scan/turkiye-01_0081_000-e5c4342a_1.jpg,turkiye-01_0081_000-e5c4342a_1,attack,digital_3,scan,1,0.0006451607,0.00024849176,5.042553e-05,3,3,0.0041732788085937,0.0285491943359375,0.0041732788085937,0.0285491943359375
test/attack/digital_3/scan/turkiye-01_0085_000-65296866_0.jpg,turkiye-01_0085_000-65296866_0,attack,digital_3,scan,1,0.0032043457,0.0012425581,0.000320673,3,3,0.0018854141235351,0.1376953125,0.003204345703125,0.1376953125
test/attack/digital_3/scan/turkiye-01_0088_000-3739c168_0.jpg,turkiye-01_0088_000-3739c168_0,attack,digital_3,scan,1,0.00038981438,0.00017601252,0.00010353327,3,3,0.0128707885742187,0.030181884765625,0.0128707885742187,0.030181884765625
test/attack/digital_3/scan/turkiye-01_0090_000-6238b878_0.jpg,turkiye-01_0090_000-6238b878_0,attack,digital_3,scan,1,0.008415222,0.0028426845,0.00010597706,3,3,0.00482177734375,0.03033447265625,0.00841522216796875,0.03033447265625
test/attack/digital_3/scan/turkiye-01_0093_000-330a7661_0.jpg,turkiye-01_0093_000-330a7661_0,attack,digital_3,scan,1,0.00028967857,0.00012143453,6.15716e-05,3,3,0.0035114288330078,0.0282135009765625,0.0035114288330078,0.0282135009765625
test/attack/digital_3/scan/turkiye-031_03.jpg,turkiye-031_03,attack,digital_3,scan,1,0.003396988,0.0012550155,0.00028681755,3,3,0.0051689147949218,0.0304718017578125,0.0051689147949218,0.0304718017578125
test/attack/digital_3/scan/turkiye-032_03.jpg,turkiye-032_03,attack,digital_3,scan,1,0.000749588,0.00049553317,0.0006814003,3,3,0.0056877136230468,0.028594970703125,0.0056877136230468,0.028594970703125
test/attack/digital_3/scan/turkiye-036_03.jpg,turkiye-036_03,attack,digital_3,scan,1,0.0002720356,0.00010667244,3.749132e-05,3,3,0.003885269165039,0.03070068359375,0.003885269165039,0.03070068359375
test/attack/digital_3/scan/turkiye-041_03.jpg,turkiye-041_03,attack,digital_3,scan,1,0.006942749,0.0023487806,7.1406364e-05,3,3,0.004547119140625,0.02886962890625,0.0069427490234375,0.02886962890625
test/attack/digital_3/scan/turkiye-083_03.jpg,turkiye-083_03,attack,digital_3,scan,1,0.0020389557,0.0008066495,0.00020456314,3,3,0.0017070770263671,0.0284423828125,0.0020389556884765625,0.0284423828125
test/attack/digital_3/scan/turkiye-086_03.jpg,turkiye-086_03,attack,digital_3,scan,1,0.009780884,0.003368934,0.00016868114,3,3,0.005706787109375,0.0292816162109375,0.0097808837890625,0.0292816162109375
test/attack/digital_3/scan/turkiye-092_03.jpg,turkiye-092_03,attack,digital_3,scan,1,0.0072746277,0.0026480753,0.00064611435,3,3,0.002878189086914,0.09869384765625,0.007274627685546875,0.09869384765625
test/attack/digital_3/scan/turkiye-101_03.jpg,turkiye-101_03,attack,digital_3,scan,1,0.0004415512,0.00018336375,8.8870525e-05,3,3,0.0071907043457031,0.0293731689453125,0.0071907043457031,0.0293731689453125
test/attack/digital_3/scan/turkiye-104_03.jpg,turkiye-104_03,attack,digital_3,scan,1,0.0023460388,0.00096559525,0.00035357475,3,3,0.0023975372314453,0.0277099609375,0.0023975372314453,0.0277099609375
test/attack/digital_3/scan/turkiye-115_03.jpg,turkiye-115_03,attack,digital_3,scan,1,0.10028076,0.03366548,0.000705719,3,3,0.0022392272949218,0.031585693359375,0.10028076171875,0.10028076171875
test/attack/digital_3/scan/turkiye-121_03.jpg,turkiye-121_03,attack,digital_3,scan,1,0.00039434433,0.00017110507,7.516146e-05,3,3,0.004608154296875,0.035675048828125,0.004608154296875,0.035675048828125
test/attack/digital_3/scan/turkiye-126_03.jpg,turkiye-126_03,attack,digital_3,scan,1,0.00031137466,0.00012822945,5.9902668e-05,3,3,0.0017681121826171,0.0290374755859375,0.0017681121826171,0.0290374755859375
test/attack/digital_3/scan/turkiye-127_03.jpg,turkiye-127_03,attack,digital_3,scan,1,0.0003399849,0.00013937552,6.657839e-05,3,3,0.0062904357910156,0.037994384765625,0.0062904357910156,0.037994384765625
test/attack/digital_3/scan/turkiye-129_03.jpg,turkiye-129_03,attack,digital_3,scan,1,0.0004272461,0.00020124514,0.0001603365,3,3,0.0016708374023437,0.0295562744140625,0.0016708374023437,0.0295562744140625
test/attack/digital_3/scan/turkiye-130_03.jpg,turkiye-130_03,attack,digital_3,scan,1,0.000121474266,4.4703484e-05,7.5101852e-06,3,3,0.0036792755126953,0.027984619140625,0.0036792755126953,0.027984619140625
test/attack/digital_3/scan/turkiye-138_03.jpg,turkiye-138_03,attack,digital_3,scan,1,0.00020337105,9.8248325e-05,7.8737736e-05,3,3,0.0018138885498046,0.02734375,0.0018138885498046,0.02734375
test/attack/digital_3/scan/turkiye-NF-1002.jpg,turkiye-NF-1002,attack,digital_3,scan,1,0.001540184,0.000587523,0.00012242794,3,3,0.0085296630859375,0.1395263671875,0.0085296630859375,0.1395263671875
test/attack/digital_3/scan/turkiye-NF-1008.jpg,turkiye-NF-1008,attack,digital_3,scan,1,0.00018167496,8.736054e-05,5.286932e-05,3,3,0.0029010772705078,0.0292510986328125,0.0029010772705078,0.0292510986328125
test/attack/digital_3/scan/turkiye-NF-1054.jpg,turkiye-NF-1054,attack,digital_3,scan,1,0.00050115585,0.00021598737,0.0001398325,3,3,0.0017852783203125,0.0300140380859375,0.0017852783203125,0.0300140380859375
test/attack/digital_3/scan/turkiye-NF-1103.jpg,turkiye-NF-1103,attack,digital_3,scan,1,0.00472641,0.0017401179,0.0004107952,3,3,0.0015430450439453,0.03216552734375,0.004726409912109375,0.03216552734375
test/attack/digital_3/scan/turkiye-NM-1011.jpg,turkiye-NM-1011,attack,digital_3,scan,1,0.03152466,0.01073873,0.0005283356,3,3,0.0120315551757812,0.07525634765625,0.031524658203125,0.07525634765625
test/attack/digital_3/scan/turkiye-NM-1019.jpg,turkiye-NM-1019,attack,digital_3,scan,1,7.814169e-05,4.704793e-05,5.51939e-05,3,3,0.0064888000488281,0.029815673828125,0.0064888000488281,0.029815673828125
test/attack/digital_3/scan/turkiye-NM-1033.jpg,turkiye-NM-1033,attack,digital_3,scan,1,0.0041656494,0.002221346,0.002149582,3,3,0.0037803649902343,0.03143310546875,0.0041656494140625,0.03143310546875
test/attack/digital_3/scan/turkiye-NM-1055.jpg,turkiye-NM-1055,attack,digital_3,scan,1,0.00018596649,0.00012155374,0.00016343594,3,3,0.07122802734375,0.2073974609375,0.07122802734375,0.2073974609375
test/attack/digital_3/scan/ukraine-006_03.jpg,ukraine-006_03,attack,digital_3,scan,1,0.003490448,0.0013065537,0.0003733635,3,3,0.0122909545898437,0.04876708984375,0.0122909545898437,0.04876708984375
test/attack/digital_3/scan/ukraine-007_03.jpg,ukraine-007_03,attack,digital_3,scan,1,0.005088806,0.0017452439,0.00012433529,3,3,0.0044326782226562,0.05108642578125,0.00508880615234375,0.05108642578125
test/attack/digital_3/scan/ukraine-01_0018_000-aad4322e_0.jpg,ukraine-01_0018_000-aad4322e_0,attack,digital_3,scan,1,0.019210815,0.0074256263,0.0020275116,3,3,0.0179443359375,0.05291748046875,0.0192108154296875,0.05291748046875
test/attack/digital_3/scan/ukraine-01_0073_000-d23bdbae_1.jpg,ukraine-01_0073_000-d23bdbae_1,attack,digital_3,scan,1,0.005344391,0.0027453105,0.0015668869,3,3,0.0499267578125,0.054840087890625,0.0499267578125,0.054840087890625
test/attack/digital_3/scan/ukraine-01_0077_000-a3228552_1.jpg,ukraine-01_0077_000-a3228552_1,attack,digital_3,scan,1,0.013145447,0.0046904483,0.00074386597,3,3,0.0091629028320312,0.0682373046875,0.01314544677734375,0.0682373046875
test/attack/digital_3/scan/ukraine-01_0083_000-21b44038_0.jpg,ukraine-01_0083_000-21b44038_0,attack,digital_3,scan,1,0.012313843,0.004236261,0.00020420551,3,3,0.0027141571044921,0.073974609375,0.0123138427734375,0.073974609375
test/attack/digital_3/scan/ukraine-01_0091_000-2d8a528b_1.jpg,ukraine-01_0091_000-2d8a528b_1,attack,digital_3,scan,1,0.01826477,0.0070494614,0.002790451,3,3,0.0125503540039062,0.053802490234375,0.0182647705078125,0.053802490234375
test/attack/digital_3/scan/ukraine-025_03.jpg,ukraine-025_03,attack,digital_3,scan,1,0.0033187866,0.0015567144,0.0008392334,3,3,0.0023269653320312,0.05218505859375,0.00331878662109375,0.05218505859375
test/attack/digital_3/scan/ukraine-030_03.jpg,ukraine-030_03,attack,digital_3,scan,1,0.003982544,0.0016851425,0.00090026855,3,3,0.0046920776367187,0.0498046875,0.0046920776367187,0.0498046875
test/attack/digital_3/scan/ukraine-103_03.jpg,ukraine-103_03,attack,digital_3,scan,1,0.0012397766,0.00083231926,0.0007853508,3,3,0.0098190307617187,0.050384521484375,0.0098190307617187,0.050384521484375
test/attack/digital_3/scan/ukraine-NF-1005.jpg,ukraine-NF-1005,attack,digital_3,scan,1,0.0034694672,0.0015464624,0.0009198189,3,3,0.0104904174804687,0.055419921875,0.0104904174804687,0.055419921875
test/attack/digital_3/scan/ukraine-NF-1015.jpg,ukraine-NF-1015,attack,digital_3,scan,1,0.012870789,0.004730066,0.0011377335,3,3,0.0043830871582031,0.05010986328125,0.01287078857421875,0.05010986328125
test/attack/digital_3/scan/ukraine-NF-1021.jpg,ukraine-NF-1021,attack,digital_3,scan,1,0.016036987,0.005592028,0.00037932396,3,3,0.0063133239746093,0.049591064453125,0.0160369873046875,0.049591064453125
test/attack/digital_3/scan/ukraine-NF-1032.jpg,ukraine-NF-1032,attack,digital_3,scan,1,0.009506226,0.0035996437,0.0009908676,3,3,0.0053024291992187,0.052337646484375,0.0095062255859375,0.052337646484375
test/attack/digital_3/scan/ukraine-NF-1057.jpg,ukraine-NF-1057,attack,digital_3,scan,1,0.012527466,0.005879561,0.004627228,3,3,0.0018463134765625,0.0498046875,0.0125274658203125,0.0498046875
test/attack/digital_3/scan/ukraine-NF-1068.jpg,ukraine-NF-1068,attack,digital_3,scan,1,0.0067825317,0.002562682,0.0004646778,3,3,0.8740234375,0.059112548828125,0.8740234375,0.059112548828125
test/attack/digital_3/scan/ukraine-NF-1073.jpg,ukraine-NF-1073,attack,digital_3,scan,1,0.01852417,0.007528782,0.0032978058,3,3,0.002410888671875,0.06280517578125,0.018524169921875,0.06280517578125
test/attack/digital_3/scan/ukraine-NF-1077.jpg,ukraine-NF-1077,attack,digital_3,scan,1,0.0026931763,0.0011262894,0.0005431175,3,3,0.002359390258789,0.047088623046875,0.00269317626953125,0.047088623046875
test/attack/digital_3/scan/ukraine-NF-1084.jpg,ukraine-NF-1084,attack,digital_3,scan,1,0.0044174194,0.001786232,0.0005583763,3,3,0.0108184814453125,0.05133056640625,0.0108184814453125,0.05133056640625
test/attack/digital_3/scan/ukraine-NF-1087.jpg,ukraine-NF-1087,attack,digital_3,scan,1,0.0075035095,0.0029435952,0.0008506775,3,3,0.0090179443359375,0.049957275390625,0.0090179443359375,0.049957275390625
test/attack/digital_3/scan/ukraine-NF-1106.jpg,ukraine-NF-1106,attack,digital_3,scan,1,0.00541687,0.0021579266,0.0008378029,3,3,0.0172576904296875,0.0537109375,0.0172576904296875,0.0537109375
test/attack/digital_3/scan/ukraine-NM-1007.jpg,ukraine-NM-1007,attack,digital_3,scan,1,0.0074310303,0.0032488506,0.0016641617,3,3,0.0040321350097656,0.0509033203125,0.0074310302734375,0.0509033203125
test/attack/digital_3/scan/usa-009_03.jpg,usa-009_03,attack,digital_3,scan,1,0.03289795,0.03289795,0.03289795,1,1,0.036285400390625,0.039825439453125,0.036285400390625,0.039825439453125
test/attack/digital_3/scan/usa-011_03.jpg,usa-011_03,attack,digital_3,scan,1,0.0047721863,0.0047721863,0.0047721863,1,1,0.0173492431640625,0.036834716796875,0.0173492431640625,0.036834716796875
test/attack/digital_3/scan/usa-016_03.jpg,usa-016_03,attack,digital_3,scan,1,0.002336502,0.002336502,0.002336502,1,1,0.0049324035644531,0.07843017578125,0.0049324035644531,0.07843017578125
test/attack/digital_3/scan/usa-01_0038_000-0ee87df5_0.jpg,usa-01_0038_000-0ee87df5_0,attack,digital_3,scan,1,0.0069847107,0.0069847107,0.0069847107,1,1,0.124755859375,0.043365478515625,0.124755859375,0.043365478515625
test/attack/digital_3/scan/usa-01_0080_000-0c832328_1.jpg,usa-01_0080_000-0c832328_1,attack,digital_3,scan,1,0.0060157776,0.0060157776,0.0060157776,1,1,0.0072174072265625,0.04559326171875,0.0072174072265625,0.04559326171875
test/attack/digital_3/scan/usa-034_03.jpg,usa-034_03,attack,digital_3,scan,1,0.027145386,0.027145386,0.027145386,1,1,0.09344482421875,0.0396728515625,0.09344482421875,0.0396728515625
test/attack/digital_3/scan/usa-043_03.jpg,usa-043_03,attack,digital_3,scan,1,0.006313324,0.006313324,0.006313324,1,1,0.0111618041992187,0.039764404296875,0.0111618041992187,0.039764404296875
test/attack/digital_3/scan/usa-063_03.jpg,usa-063_03,attack,digital_3,scan,1,0.009178162,0.009178162,0.009178162,1,1,0.0139312744140625,0.23876953125,0.0139312744140625,0.23876953125
test/attack/digital_3/scan/usa-067_03.jpg,usa-067_03,attack,digital_3,scan,1,0.008758545,0.008758545,0.008758545,1,1,0.026458740234375,0.039276123046875,0.026458740234375,0.039276123046875
test/attack/digital_3/scan/usa-117_03.jpg,usa-117_03,attack,digital_3,scan,1,0.008003235,0.008003235,0.008003235,1,1,0.0142288208007812,0.040679931640625,0.0142288208007812,0.040679931640625
test/attack/digital_3/scan/usa-134_03.jpg,usa-134_03,attack,digital_3,scan,1,0.0149002075,0.0149002075,0.0149002075,1,1,0.0155410766601562,0.1444091796875,0.0155410766601562,0.1444091796875
test/attack/digital_3/scan/usa-136_03.jpg,usa-136_03,attack,digital_3,scan,1,0.026763916,0.026763916,0.026763916,1,1,0.0211639404296875,0.07586669921875,0.026763916015625,0.07586669921875
test/attack/digital_3/scan/usa-137_03.jpg,usa-137_03,attack,digital_3,scan,1,0.0060157776,0.0060157776,0.0060157776,1,1,0.00836181640625,0.03814697265625,0.00836181640625,0.03814697265625
test/attack/digital_3/scan/usa-NF-1004.jpg,usa-NF-1004,attack,digital_3,scan,1,0.009765625,0.009765625,0.009765625,1,1,0.0147018432617187,0.03997802734375,0.0147018432617187,0.03997802734375
test/attack/digital_3/scan/usa-NF-1009.jpg,usa-NF-1009,attack,digital_3,scan,1,0.004180908,0.004180908,0.004180908,1,1,0.0140609741210937,0.365234375,0.0140609741210937,0.365234375
test/attack/digital_3/scan/usa-NF-1017.jpg,usa-NF-1017,attack,digital_3,scan,1,0.007080078,0.007080078,0.007080078,1,1,0.01129150390625,0.03997802734375,0.01129150390625,0.03997802734375
test/attack/digital_3/scan/usa-NF-1036.jpg,usa-NF-1036,attack,digital_3,scan,1,0.9951172,0.9951172,0.9951172,1,1,0.02117919921875,0.0400390625,0.9951171875,0.9951171875
test/attack/digital_3/scan/usa-NF-1044.jpg,usa-NF-1044,attack,digital_3,scan,1,0.0033245087,0.0033245087,0.0033245087,1,1,0.0062179565429687,0.038909912109375,0.0062179565429687,0.038909912109375
test/attack/digital_3/scan/usa-NF-1046.jpg,usa-NF-1046,attack,digital_3,scan,1,0.006931305,0.006931305,0.006931305,1,1,0.009124755859375,0.039947509765625,0.009124755859375,0.039947509765625
test/attack/digital_3/scan/usa-NF-1051.jpg,usa-NF-1051,attack,digital_3,scan,1,0.013504028,0.013504028,0.013504028,1,1,0.0186004638671875,0.062225341796875,0.0186004638671875,0.062225341796875
test/attack/digital_3/scan/usa-NF-1062.jpg,usa-NF-1062,attack,digital_3,scan,1,0.025466919,0.025466919,0.025466919,1,1,0.014007568359375,0.03924560546875,0.0254669189453125,0.03924560546875
test/attack/digital_3/scan/usa-NF-1065.jpg,usa-NF-1065,attack,digital_3,scan,1,0.0067596436,0.0067596436,0.0067596436,1,1,0.038360595703125,0.037689208984375,0.038360595703125,0.037689208984375
test/attack/digital_3/scan/usa-NF-1071.jpg,usa-NF-1071,attack,digital_3,scan,1,0.004207611,0.004207611,0.004207611,1,1,0.0265045166015625,0.75927734375,0.0265045166015625,0.75927734375
test/attack/digital_3/scan/usa-NF-1076.jpg,usa-NF-1076,attack,digital_3,scan,1,0.060821533,0.060821533,0.060821533,1,1,0.0127487182617187,0.053741455078125,0.060821533203125,0.060821533203125
test/attack/digital_3/scan/usa-NF-1093.jpg,usa-NF-1093,attack,digital_3,scan,1,0.003545761,0.003545761,0.003545761,1,1,0.0198822021484375,0.06890869140625,0.0198822021484375,0.06890869140625
test/attack/digital_3/scan/usa-NF-1094.jpg,usa-NF-1094,attack,digital_3,scan,1,0.0045814514,0.0045814514,0.0045814514,1,1,0.0073738098144531,0.0655517578125,0.0073738098144531,0.0655517578125
test/attack/digital_3/scan/usa-NM-1038.jpg,usa-NM-1038,attack,digital_3,scan,1,0.0068244934,0.0068244934,0.0068244934,1,1,0.0220947265625,0.040771484375,0.0220947265625,0.040771484375
test/attack/digital_3/scan/usa-NM-1052.jpg,usa-NM-1052,attack,digital_3,scan,1,0.03378296,0.03378296,0.03378296,1,1,0.0056533813476562,0.04290771484375,0.033782958984375,0.04290771484375
test/attack/facedancer/huawei/chinese2-flickr_F_16745558933_a3f9fe2bc9_k.jpg,chinese2-flickr_F_16745558933_a3f9fe2bc9_k,attack,facedancer,huawei,1,0.9238281,0.49544272,0.3112793,3,3,1.0,0.9990234375,1.0,0.9990234375
test/attack/facedancer/huawei/chinese2-flickr_F_16858102101_d4c5c1e7a2_c.jpg,chinese2-flickr_F_16858102101_d4c5c1e7a2_c,attack,facedancer,huawei,1,0.27172852,0.15348308,0.111328125,3,3,1.0,1.0,1.0,1.0
test/attack/facedancer/huawei/chinese2-flickr_F_21696826019_7407a3bea0_k.jpg,chinese2-flickr_F_21696826019_7407a3bea0_k,attack,facedancer,huawei,1,0.08081055,0.04540507,0.037506104,3,3,1.0,1.0,1.0,1.0
test/attack/facedancer/huawei/chinese2-flickr_F_31196390972_be24a6067c_k.jpg,chinese2-flickr_F_31196390972_be24a6067c_k,attack,facedancer,huawei,1,0.2878418,0.13763745,0.12121582,3,3,1.0,1.0,1.0,1.0
test/attack/facedancer/huawei/chinese2-flickr_F_31226153591_900ef17f37_k.jpg,chinese2-flickr_F_31226153591_900ef17f37_k,attack,facedancer,huawei,1,0.99560547,0.70251465,0.87158203,3,3,0.99462890625,0.75537109375,0.99560546875,0.99560546875
test/attack/facedancer/huawei/chinese2-flickr_F_31998955273_5516f4db28_h.jpg,chinese2-flickr_F_31998955273_5516f4db28_h,attack,facedancer,huawei,1,0.27856445,0.12826538,0.10205078,3,3,0.28857421875,0.085693359375,0.28857421875,0.278564453125
test/attack/facedancer/huawei/chinese2-flickr_F_39035705701_833f3da9bf_o.jpg,chinese2-flickr_F_39035705701_833f3da9bf_o,attack,facedancer,huawei,1,0.36450195,0.143205,0.06451416,3,3,1.0,0.99853515625,1.0,0.99853515625
test/attack/facedancer/huawei/chinese2-flickr_F_48677929383_2cdc743f43_c.jpg,chinese2-flickr_F_48677929383_2cdc743f43_c,attack,facedancer,huawei,1,0.13244629,0.06600348,0.06365967,3,3,1.0,0.78564453125,1.0,0.78564453125
test/attack/facedancer/huawei/chinese2-flickr_M_21459989349_7ab0e1ace5_k.jpg,chinese2-flickr_M_21459989349_7ab0e1ace5_k,attack,facedancer,huawei,1,0.18041992,0.07526461,0.044647217,3,3,1.0,0.998046875,1.0,0.998046875
test/attack/facedancer/huawei/chinese2-flickr_M_22911363774_20c12ce7ec_c.jpg,chinese2-flickr_M_22911363774_20c12ce7ec_c,attack,facedancer,huawei,1,0.51416016,0.35188803,0.5102539,3,3,1.0,0.99658203125,1.0,0.99658203125
test/attack/facedancer/huawei/chinese2-flickr_M_24235235151_ae8ac31253_k.jpg,chinese2-flickr_M_24235235151_ae8ac31253_k,attack,facedancer,huawei,1,0.77978516,0.6302083,0.6225586,3,3,1.0,1.0,1.0,1.0
test/attack/facedancer/huawei/chinese2-flickr_M_24291592906_b097dd45e5_k.jpg,chinese2-flickr_M_24291592906_b097dd45e5_k,attack,facedancer,huawei,1,0.23352051,0.11128489,0.085632324,3,3,1.0,1.0,1.0,1.0
test/attack/facedancer/huawei/chinese2-flickr_M_26097180114_4c514c928d_c.jpg,chinese2-flickr_M_26097180114_4c514c928d_c,attack,facedancer,huawei,1,0.35888672,0.16821289,0.09375,3,3,1.0,1.0,1.0,1.0
test/attack/facedancer/huawei/chinese2-flickr_M_30516208604_4a571cf89d_c.jpg,chinese2-flickr_M_30516208604_4a571cf89d_c,attack,facedancer,huawei,1,0.2010498,0.107167564,0.07940674,3,3,1.0,1.0,1.0,1.0
test/attack/facedancer/huawei/chinese2-flickr_M_31304800026_59e0161aba_c.jpg,chinese2-flickr_M_31304800026_59e0161aba_c,attack,facedancer,huawei,1,0.24047852,0.12426535,0.13146973,3,3,1.0,0.986328125,1.0,0.986328125
test/attack/facedancer/huawei/chinese2-flickr_M_32771950686_f8d5084d87_h.jpg,chinese2-flickr_M_32771950686_f8d5084d87_h,attack,facedancer,huawei,1,0.19128418,0.074440636,0.02961731,3,3,1.0,1.0,1.0,1.0
test/attack/facedancer/huawei/chinese2-flickr_M_32812741685_462068ee90_h.jpg,chinese2-flickr_M_32812741685_462068ee90_h,attack,facedancer,huawei,1,0.8652344,0.33040872,0.12023926,3,3,0.9990234375,0.7626953125,0.9990234375,0.865234375
test/attack/facedancer/huawei/chinese2-flickr_M_33525327222_f112b468ed_k.jpg,chinese2-flickr_M_33525327222_f112b468ed_k,attack,facedancer,huawei,1,0.5253906,0.35325113,0.43115234,3,3,0.99951171875,0.99755859375,0.99951171875,0.99755859375
test/attack/facedancer/huawei/chinese2-flickr_M_34592740762_6446ed6334_k.jpg,chinese2-flickr_M_34592740762_6446ed6334_k,attack,facedancer,huawei,1,0.14160156,0.09277471,0.13269043,3,3,1.0,0.998046875,1.0,0.998046875
test/attack/facedancer/huawei/chinese2-flickr_M_3625086942_a3ed938d9c_c.jpg,chinese2-flickr_M_3625086942_a3ed938d9c_c,attack,facedancer,huawei,1,0.8071289,0.5465088,0.65722656,3,3,1.0,0.966796875,1.0,0.966796875
test/attack/facedancer/huawei/chinese2-flickr_M_37190875605_735b3fca0d_c.jpg,chinese2-flickr_M_37190875605_735b3fca0d_c,attack,facedancer,huawei,1,0.21154785,0.13660431,0.19592285,3,3,1.0,1.0,1.0,1.0
test/attack/facedancer/huawei/chinese2-flickr_M_38319821984_1d6e303c3e_o.jpg,chinese2-flickr_M_38319821984_1d6e303c3e_o,attack,facedancer,huawei,1,0.081970215,0.050483067,0.06854248,3,3,1.0,1.0,1.0,1.0
test/attack/facedancer/huawei/chinese2-flickr_M_6850649398_5d950a2635_k.jpg,chinese2-flickr_M_6850649398_5d950a2635_k,attack,facedancer,huawei,1,0.14819336,0.058939237,0.028549194,3,3,1.0,1.0,1.0,1.0
test/attack/facedancer/huawei/netherland-flickr_F_10239917343_ca73cd29b5_h.jpg,netherland-flickr_F_10239917343_ca73cd29b5_h,attack,facedancer,huawei,1,0.82470703,0.2766023,0.0050621033,3,3,1.0,0.99951171875,1.0,0.99951171875
test/attack/facedancer/huawei/netherland-flickr_F_20301931855_4cd18f8166_k.jpg,netherland-flickr_F_20301931855_4cd18f8166_k,attack,facedancer,huawei,1,0.9868164,0.3297565,0.0023059845,3,3,1.0,0.99951171875,1.0,0.99951171875
test/attack/facedancer/huawei/netherland-flickr_F_26297818201_09eab93588_k.jpg,netherland-flickr_F_26297818201_09eab93588_k,attack,facedancer,huawei,1,0.23583984,0.082798004,0.011734009,3,3,1.0,1.0,1.0,1.0
test/attack/facedancer/huawei/netherland-flickr_F_28630210242_e3780d0ee9_b.jpg,netherland-flickr_F_28630210242_e3780d0ee9_b,attack,facedancer,huawei,1,0.048858643,0.017121077,0.002090454,3,3,1.0,1.0,1.0,1.0
test/attack/facedancer/huawei/netherland-flickr_F_31998771523_784e7e9597_h.jpg,netherland-flickr_F_31998771523_784e7e9597_h,attack,facedancer,huawei,1,0.045806885,0.028003773,0.037841797,3,3,1.0,1.0,1.0,1.0
test/attack/facedancer/huawei/netherland-flickr_F_36412358965_0ec43e5de3_c.jpg,netherland-flickr_F_36412358965_0ec43e5de3_c,attack,facedancer,huawei,1,0.020202637,0.007700026,0.002866745,3,3,1.0,1.0,1.0,1.0
test/attack/facedancer/huawei/netherland-flickr_F_37048326531_f8270ca4df_k.jpg,netherland-flickr_F_37048326531_f8270ca4df_k,attack,facedancer,huawei,1,0.9194336,0.31564903,0.02520752,3,3,1.0,0.99951171875,1.0,0.99951171875
test/attack/facedancer/huawei/netherland-flickr_M_17339867026_3135c7e76f_k.jpg,netherland-flickr_M_17339867026_3135c7e76f_k,attack,facedancer,huawei,1,0.1104126,0.054336667,0.052581787,3,3,1.0,0.99951171875,1.0,0.99951171875
test/attack/facedancer/huawei/netherland-flickr_M_18042193331_841d026f9a_c.jpg,netherland-flickr_M_18042193331_841d026f9a_c,attack,facedancer,huawei,1,0.26757812,0.12370428,0.09661865,3,3,1.0,0.9892578125,1.0,0.9892578125
test/attack/facedancer/huawei/netherland-flickr_M_31998818913_b87fd05689_h.jpg,netherland-flickr_M_31998818913_b87fd05689_h,attack,facedancer,huawei,1,0.44335938,0.1527667,0.01436615,3,3,1.0,1.0,1.0,1.0
test/attack/facedancer/huawei/netherland-flickr_M_32689636931_6ac45273df_h.jpg,netherland-flickr_M_32689636931_6ac45273df_h,attack,facedancer,huawei,1,0.06512451,0.032310903,0.031799316,3,3,1.0,0.998046875,1.0,0.998046875
test/attack/facedancer/huawei/netherland-flickr_M_33239373490_5b5df42090_k.jpg,netherland-flickr_M_33239373490_5b5df42090_k,attack,facedancer,huawei,1,0.07696533,0.033521336,0.022979736,3,3,1.0,1.0,1.0,1.0
test/attack/facedancer/huawei/netherland-flickr_M_33297625690_76e3181f5e_c.jpg,netherland-flickr_M_33297625690_76e3181f5e_c,attack,facedancer,huawei,1,0.06329346,0.035573382,0.043395996,3,3,1.0,1.0,1.0,1.0
test/attack/facedancer/huawei/netherland-flickr_M_37190718595_78e318623b_k.jpg,netherland-flickr_M_37190718595_78e318623b_k,attack,facedancer,huawei,1,0.022766113,0.00826015,0.0019569397,3,3,1.0,1.0,1.0,1.0
test/attack/facedancer/huawei/netherland-flickr_M_6862482951_78a560f107_b.jpg,netherland-flickr_M_6862482951_78a560f107_b,attack,facedancer,huawei,1,0.050750732,0.023686728,0.018463135,3,3,1.0,1.0,1.0,1.0
test/attack/facedancer/huawei/singapore-flickr_F_17178258920_6f5f1eedd0_k.jpg,singapore-flickr_F_17178258920_6f5f1eedd0_k,attack,facedancer,huawei,1,0.0013227463,0.00078145665,0.0007352829,3,3,1.0,1.0,1.0,1.0
test/attack/facedancer/huawei/singapore-flickr_F_19679296994_d0fc2a7ac6_o.jpg,singapore-flickr_F_19679296994_d0fc2a7ac6_o,attack,facedancer,huawei,1,0.007904053,0.00360473,0.00274086,3,3,1.0,1.0,1.0,1.0
test/attack/facedancer/huawei/singapore-flickr_F_20411794293_d7a6aae66c_c.jpg,singapore-flickr_F_20411794293_d7a6aae66c_c,attack,facedancer,huawei,1,0.11779785,0.039954346,0.0013828278,3,3,1.0,1.0,1.0,1.0
test/attack/facedancer/huawei/singapore-flickr_F_30532886723_e55b04664f_k.jpg,singapore-flickr_F_30532886723_e55b04664f_k,attack,facedancer,huawei,1,0.04309082,0.015016158,0.0018491745,3,3,1.0,1.0,1.0,1.0
test/attack/facedancer/huawei/singapore-flickr_F_31294646850_53ce869b2e_b.jpg,singapore-flickr_F_31294646850_53ce869b2e_b,attack,facedancer,huawei,1,0.24658203,0.0883948,0.016036987,3,3,1.0,1.0,1.0,1.0
test/attack/facedancer/huawei/singapore-flickr_F_33525297682_eee6031622_c.jpg,singapore-flickr_F_33525297682_eee6031622_c,attack,facedancer,huawei,1,0.9536133,0.33507094,0.051086426,3,3,0.99951171875,1.0,0.99951171875,1.0
test/attack/facedancer/huawei/singapore-flickr_F_33552363961_ea0fc80afb_k.jpg,singapore-flickr_F_33552363961_ea0fc80afb_k,attack,facedancer,huawei,1,0.028762817,0.00985984,0.0006084442,3,3,0.97412109375,0.99951171875,0.97412109375,0.99951171875
test/attack/facedancer/huawei/singapore-flickr_F_33574462985_422fca6322_c.jpg,singapore-flickr_F_33574462985_422fca6322_c,attack,facedancer,huawei,1,0.092041016,0.033337276,0.0059127808,3,3,1.0,1.0,1.0,1.0
test/attack/facedancer/huawei/singapore-flickr_F_40795084473_21fafd815e_c.jpg,singapore-flickr_F_40795084473_21fafd815e_c,attack,facedancer,huawei,1,0.0027198792,0.00097252923,0.000187397,3,3,0.94677734375,0.81591796875,0.94677734375,0.81591796875
test/attack/facedancer/huawei/singapore-flickr_F_9641749325_1a753f74b2_c.jpg,singapore-flickr_F_9641749325_1a753f74b2_c,attack,facedancer,huawei,1,0.017288208,0.009351094,0.008590698,3,3,1.0,1.0,1.0,1.0
test/attack/facedancer/huawei/singapore-flickr_M_21893334161_8c8b011508_k.jpg,singapore-flickr_M_21893334161_8c8b011508_k,attack,facedancer,huawei,1,0.0090408325,0.00518016,0.006412506,3,3,0.6259765625,0.8515625,0.6259765625,0.8515625
test/attack/facedancer/huawei/singapore-flickr_M_22512816725_a88536de72_c.jpg,singapore-flickr_M_22512816725_a88536de72_c,attack,facedancer,huawei,1,0.015098572,0.0077756247,0.006706238,3,3,0.99658203125,0.94189453125,0.99658203125,0.94189453125
test/attack/facedancer/huawei/singapore-flickr_M_23543328125_d9409d5ae0_c.jpg,singapore-flickr_M_23543328125_d9409d5ae0_c,attack,facedancer,huawei,1,0.22253418,0.07527828,0.0027313232,3,3,0.99951171875,1.0,0.99951171875,1.0
test/attack/facedancer/huawei/singapore-flickr_M_31244514601_d2cb0773d7_c.jpg,singapore-flickr_M_31244514601_d2cb0773d7_c,attack,facedancer,huawei,1,0.050598145,0.032386463,0.044799805,3,3,0.5068359375,0.9404296875,0.5068359375,0.9404296875
test/attack/facedancer/huawei/singapore-flickr_M_50611940256_8405427c78_k.jpg,singapore-flickr_M_50611940256_8405427c78_k,attack,facedancer,huawei,1,0.0413208,0.018066088,0.011962891,3,3,1.0,1.0,1.0,1.0
test/attack/facedancer/iphone15/chinese2-flickr_F_16745558933_a3f9fe2bc9_k.jpg,chinese2-flickr_F_16745558933_a3f9fe2bc9_k,attack,facedancer,iphone15,1,0.99658203,0.95214844,0.9951172,3,3,1.0,1.0,1.0,1.0
test/attack/facedancer/iphone15/chinese2-flickr_F_17178039488_60828ef8de_k.jpg,chinese2-flickr_F_17178039488_60828ef8de_k,attack,facedancer,iphone15,1,0.9995117,0.9746094,0.9863281,3,3,0.31982421875,0.04827880859375,0.99951171875,0.99951171875
test/attack/facedancer/iphone15/chinese2-flickr_F_17619703551_9705002b22_b.jpg,chinese2-flickr_F_17619703551_9705002b22_b,attack,facedancer,iphone15,1,0.99658203,0.9288737,0.9584961,3,3,1.0,1.0,1.0,1.0
test/attack/facedancer/iphone15/chinese2-flickr_F_17773666675_1bdbd28a62_c.jpg,chinese2-flickr_F_17773666675_1bdbd28a62_c,attack,facedancer,iphone15,1,0.7583008,0.4444987,0.35009766,3,3,1.0,1.0,1.0,1.0
test/attack/facedancer/iphone15/chinese2-flickr_F_21668538829_2fb67bd5fd_c.jpg,chinese2-flickr_F_21668538829_2fb67bd5fd_c,attack,facedancer,iphone15,1,0.9379883,0.6399333,0.9121094,3,3,1.0,0.99951171875,1.0,0.99951171875
test/attack/facedancer/iphone15/chinese2-flickr_F_25164779518_a723fab6b8_o.jpg,chinese2-flickr_F_25164779518_a723fab6b8_o,attack,facedancer,iphone15,1,0.5107422,0.34394327,0.46142578,3,3,1.0,1.0,1.0,1.0
test/attack/facedancer/iphone15/chinese2-flickr_F_30990251270_6801e68759_c.jpg,chinese2-flickr_F_30990251270_6801e68759_c,attack,facedancer,iphone15,1,0.9975586,0.95654297,0.97558594,3,3,1.0,1.0,1.0,1.0
test/attack/facedancer/iphone15/chinese2-flickr_F_31226153591_900ef17f37_k.jpg,chinese2-flickr_F_31226153591_900ef17f37_k,attack,facedancer,iphone15,1,0.73046875,0.48201498,0.5214844,3,3,1.0,1.0,1.0,1.0
test/attack/facedancer/iphone15/chinese2-flickr_F_33552328531_f6d5dd17b8_c.jpg,chinese2-flickr_F_33552328531_f6d5dd17b8_c,attack,facedancer,iphone15,1,0.8310547,0.36934915,0.24865723,3,3,1.0,1.0,1.0,1.0
test/attack/facedancer/iphone15/chinese2-flickr_F_39035705701_833f3da9bf_o.jpg,chinese2-flickr_F_39035705701_833f3da9bf_o,attack,facedancer,iphone15,1,0.9580078,0.61690265,0.8491211,3,3,1.0,1.0,1.0,1.0
test/attack/facedancer/iphone15/chinese2-flickr_M_24291592906_b097dd45e5_k.jpg,chinese2-flickr_M_24291592906_b097dd45e5_k,attack,facedancer,iphone15,1,0.9638672,0.60151166,0.80615234,3,3,1.0,1.0,1.0,1.0
test/attack/facedancer/iphone15/chinese2-flickr_M_26097180114_4c514c928d_c.jpg,chinese2-flickr_M_26097180114_4c514c928d_c,attack,facedancer,iphone15,1,0.99365234,0.80891925,0.8383789,3,3,1.0,1.0,1.0,1.0
test/attack/facedancer/iphone15/chinese2-flickr_M_30516208604_4a571cf89d_c.jpg,chinese2-flickr_M_30516208604_4a571cf89d_c,attack,facedancer,iphone15,1,0.99072266,0.5289917,0.5625,3,3,1.0,0.99560546875,1.0,0.99560546875
test/attack/facedancer/iphone15/chinese2-flickr_M_31840786965_77af814416_h.jpg,chinese2-flickr_M_31840786965_77af814416_h,attack,facedancer,iphone15,1,0.99902344,0.7743327,0.85058594,3,3,1.0,1.0,1.0,1.0
test/attack/facedancer/iphone15/chinese2-flickr_M_33552319041_2631ab0a0c_c.jpg,chinese2-flickr_M_33552319041_2631ab0a0c_c,attack,facedancer,iphone15,1,0.84277344,0.37142944,0.21496582,3,3,1.0,1.0,1.0,1.0
test/attack/facedancer/iphone15/chinese2-flickr_M_34592740762_6446ed6334_k.jpg,chinese2-flickr_M_34592740762_6446ed6334_k,attack,facedancer,iphone15,1,0.70214844,0.40070596,0.46972656,3,3,0.9990234375,0.9970703125,0.9990234375,0.9970703125
test/attack/facedancer/iphone15/chinese2-flickr_M_38319821984_1d6e303c3e_o.jpg,chinese2-flickr_M_38319821984_1d6e303c3e_o,attack,facedancer,iphone15,1,0.08728027,0.06169383,0.08685303,3,3,1.0,1.0,1.0,1.0
test/attack/facedancer/iphone15/netherland-flickr_F_10239917343_ca73cd29b5_h.jpg,netherland-flickr_F_10239917343_ca73cd29b5_h,attack,facedancer,iphone15,1,0.081970215,0.034774464,0.020553589,3,3,1.0,1.0,1.0,1.0
test/attack/facedancer/iphone15/netherland-flickr_F_20301931855_4cd18f8166_k.jpg,netherland-flickr_F_20301931855_4cd18f8166_k,attack,facedancer,iphone15,1,0.171875,0.074126564,0.049316406,3,3,1.0,1.0,1.0,1.0
test/attack/facedancer/iphone15/netherland-flickr_F_28051545714_ab479f15eb_k.jpg,netherland-flickr_F_28051545714_ab479f15eb_k,attack,facedancer,iphone15,1,0.09301758,0.050685763,0.05883789,3,3,1.0,1.0,1.0,1.0
test/attack/facedancer/iphone15/netherland-flickr_F_28630210242_e3780d0ee9_b.jpg,netherland-flickr_F_28630210242_e3780d0ee9_b,attack,facedancer,iphone15,1,0.29663086,0.15598679,0.16503906,3,3,1.0,1.0,1.0,1.0
test/attack/facedancer/iphone15/netherland-flickr_F_37019045642_0a3fa19256_k.jpg,netherland-flickr_F_37019045642_0a3fa19256_k,attack,facedancer,iphone15,1,0.08532715,0.029422322,0.0027999878,3,3,1.0,1.0,1.0,1.0
test/attack/facedancer/iphone15/netherland-flickr_M_17339867026_3135c7e76f_k.jpg,netherland-flickr_M_17339867026_3135c7e76f_k,attack,facedancer,iphone15,1,0.08905029,0.03938802,0.028549194,3,3,1.0,1.0,1.0,1.0
test/attack/facedancer/iphone15/netherland-flickr_M_18042193331_841d026f9a_c.jpg,netherland-flickr_M_18042193331_841d026f9a_c,attack,facedancer,iphone15,1,0.11126709,0.0435613,0.010307312,3,3,1.0,0.98828125,1.0,0.98828125
test/attack/facedancer/iphone15/netherland-flickr_M_19475853574_c947539b18_c.jpg,netherland-flickr_M_19475853574_c947539b18_c,attack,facedancer,iphone15,1,0.08062744,0.035043716,0.022735596,3,3,1.0,1.0,1.0,1.0
test/attack/facedancer/iphone15/netherland-flickr_M_2409019110_4f42632225_o.jpg,netherland-flickr_M_2409019110_4f42632225_o,attack,facedancer,iphone15,1,0.06878662,0.03162384,0.02532959,3,3,0.9892578125,0.8671875,0.9892578125,0.8671875
test/attack/facedancer/iphone15/netherland-flickr_M_26828968014_910728ddd9_k.jpg,netherland-flickr_M_26828968014_910728ddd9_k,attack,facedancer,iphone15,1,0.0104522705,0.006620725,0.008758545,3,3,1.0,1.0,1.0,1.0
test/attack/facedancer/iphone15/netherland-flickr_M_32689636931_6ac45273df_h.jpg,netherland-flickr_M_32689636931_6ac45273df_h,attack,facedancer,iphone15,1,0.9291992,0.34853235,0.11077881,3,3,1.0,1.0,1.0,1.0
test/attack/facedancer/iphone15/netherland-flickr_M_33239373490_5b5df42090_k.jpg,netherland-flickr_M_33239373490_5b5df42090_k,attack,facedancer,iphone15,1,0.1541748,0.055205345,0.010055542,3,3,1.0,0.99853515625,1.0,0.99853515625
test/attack/facedancer/iphone15/singapore-flickr_F_20411794293_d7a6aae66c_c.jpg,singapore-flickr_F_20411794293_d7a6aae66c_c,attack,facedancer,iphone15,1,0.5385742,0.2673931,0.2619629,3,3,1.0,0.99951171875,1.0,0.99951171875
test/attack/facedancer/iphone15/singapore-flickr_F_33525297682_eee6031622_c.jpg,singapore-flickr_F_33525297682_eee6031622_c,attack,facedancer,iphone15,1,0.20776367,0.07549039,0.01838684,3,3,0.99951171875,1.0,0.99951171875,1.0
test/attack/facedancer/iphone15/singapore-flickr_F_40795084473_21fafd815e_c.jpg,singapore-flickr_F_40795084473_21fafd815e_c,attack,facedancer,iphone15,1,0.019363403,0.009604772,0.008430481,3,3,1.0,1.0,1.0,1.0
test/attack/facedancer/iphone15/singapore-flickr_M_21893334161_8c8b011508_k.jpg,singapore-flickr_M_21893334161_8c8b011508_k,attack,facedancer,iphone15,1,0.33984375,0.1181275,0.0129470825,3,3,0.74267578125,0.97705078125,0.74267578125,0.97705078125
test/attack/facedancer/iphone15/singapore-flickr_M_22942161980_136669b7da_c.jpg,singapore-flickr_M_22942161980_136669b7da_c,attack,facedancer,iphone15,1,0.22631836,0.098182045,0.06604004,3,3,0.99951171875,0.9990234375,0.99951171875,0.9990234375
test/attack/facedancer/iphone15/singapore-flickr_M_24170605047_501e882ccc_o.jpg,singapore-flickr_M_24170605047_501e882ccc_o,attack,facedancer,iphone15,1,0.25463867,0.09177812,0.020095825,3,3,0.99951171875,0.998046875,0.99951171875,0.998046875
test/attack/facedancer/iphone15/singapore-flickr_M_30456580904_06749c0622_c.jpg,singapore-flickr_M_30456580904_06749c0622_c,attack,facedancer,iphone15,1,0.16540527,0.07218679,0.04724121,3,3,0.9990234375,1.0,0.9990234375,1.0
test/attack/facedancer/iphone15/singapore-flickr_M_30518529884_4cf8f091df_c.jpg,singapore-flickr_M_30518529884_4cf8f091df_c,attack,facedancer,iphone15,1,0.068847656,0.028101603,0.01071167,3,3,0.99951171875,0.9990234375,0.99951171875,0.9990234375
test/attack/facedancer/iphone15/singapore-flickr_M_31226135201_5aa42a5a13_c.jpg,singapore-flickr_M_31226135201_5aa42a5a13_c,attack,facedancer,iphone15,1,0.22729492,0.08543793,0.02835083,3,3,0.7578125,0.9931640625,0.7578125,0.9931640625
test/attack/facedancer/iphone15/singapore-flickr_M_31244514601_d2cb0773d7_c.jpg,singapore-flickr_M_31244514601_d2cb0773d7_c,attack,facedancer,iphone15,1,0.5498047,0.19723956,0.039367676,3,3,0.020294189453125,0.393798828125,0.5498046875,0.5498046875
test/attack/facedancer/iphone15/singapore-flickr_M_31340377345_6781e5f574_k.jpg,singapore-flickr_M_31340377345_6781e5f574_k,attack,facedancer,iphone15,1,0.093688965,0.051798504,0.04547119,3,3,1.0,1.0,1.0,1.0
test/attack/facedancer/iphone15/singapore-flickr_M_33525333882_5cf0c0382a_k.jpg,singapore-flickr_M_33525333882_5cf0c0382a_k,attack,facedancer,iphone15,1,0.16271973,0.057940006,0.0103302,3,3,0.9892578125,0.99560546875,0.9892578125,0.99560546875
test/attack/facedancer/iphone15/singapore-flickr_M_37019084692_714cba8ac1_k.jpg,singapore-flickr_M_37019084692_714cba8ac1_k,attack,facedancer,iphone15,1,0.06567383,0.035916965,0.04083252,3,3,0.285888671875,0.89892578125,0.285888671875,0.89892578125
test/attack/facedancer/iphone15/singapore-flickr_M_46826659491_bab820563f_c.jpg,singapore-flickr_M_46826659491_bab820563f_c,attack,facedancer,iphone15,1,0.4650879,0.18262298,0.082458496,3,3,0.07537841796875,0.280517578125,0.465087890625,0.465087890625
test/attack/facedancer/iphone15/singapore-flickr_M_50611940256_8405427c78_k.jpg,singapore-flickr_M_50611940256_8405427c78_k,attack,facedancer,iphone15,1,0.18237305,0.074406065,0.04043579,3,3,1.0,1.0,1.0,1.0
test/attack/facedancer/scan/chinese2-flickr_F_16745558933_a3f9fe2bc9_k.jpg,chinese2-flickr_F_16745558933_a3f9fe2bc9_k,attack,facedancer,scan,1,0.94628906,0.84684247,0.8457031,3,3,1.0,0.9990234375,1.0,0.9990234375
test/attack/facedancer/scan/chinese2-flickr_F_16858102101_d4c5c1e7a2_c.jpg,chinese2-flickr_F_16858102101_d4c5c1e7a2_c,attack,facedancer,scan,1,0.94140625,0.8852539,0.9301758,3,3,1.0,1.0,1.0,1.0
test/attack/facedancer/scan/chinese2-flickr_F_17619703551_9705002b22_b.jpg,chinese2-flickr_F_17619703551_9705002b22_b,attack,facedancer,scan,1,0.9995117,0.9926758,0.99609375,3,3,1.0,1.0,1.0,1.0
test/attack/facedancer/scan/chinese2-flickr_F_17773666675_1bdbd28a62_c.jpg,chinese2-flickr_F_17773666675_1bdbd28a62_c,attack,facedancer,scan,1,0.9946289,0.98046875,0.99121094,3,3,1.0,1.0,1.0,1.0
test/attack/facedancer/scan/chinese2-flickr_F_21696826019_7407a3bea0_k.jpg,chinese2-flickr_F_21696826019_7407a3bea0_k,attack,facedancer,scan,1,0.92285156,0.79996747,0.8120117,3,3,1.0,0.99755859375,1.0,0.99755859375
test/attack/facedancer/scan/chinese2-flickr_F_30990251270_6801e68759_c.jpg,chinese2-flickr_F_30990251270_6801e68759_c,attack,facedancer,scan,1,0.9814453,0.9716797,0.97509766,3,3,1.0,1.0,1.0,1.0
test/attack/facedancer/scan/chinese2-flickr_F_31196390972_be24a6067c_k.jpg,chinese2-flickr_F_31196390972_be24a6067c_k,attack,facedancer,scan,1,0.9741211,0.94954425,0.9589844,3,3,1.0,1.0,1.0,1.0
test/attack/facedancer/scan/chinese2-flickr_F_31226153591_900ef17f37_k.jpg,chinese2-flickr_F_31226153591_900ef17f37_k,attack,facedancer,scan,1,0.9975586,0.8976237,0.8964844,3,3,1.0,0.97216796875,1.0,0.99755859375
test/attack/facedancer/scan/chinese2-flickr_F_31998401683_5272a75c42_c.jpg,chinese2-flickr_F_31998401683_5272a75c42_c,attack,facedancer,scan,1,0.99365234,0.82747394,0.9526367,3,3,1.0,1.0,1.0,1.0
test/attack/facedancer/scan/chinese2-flickr_F_31998955273_5516f4db28_h.jpg,chinese2-flickr_F_31998955273_5516f4db28_h,attack,facedancer,scan,1,0.9970703,0.9270833,0.9902344,3,3,0.9013671875,0.1949462890625,0.9970703125,0.9970703125
test/attack/facedancer/scan/chinese2-flickr_F_32689517821_bfacb0e1ba_h.jpg,chinese2-flickr_F_32689517821_bfacb0e1ba_h,attack,facedancer,scan,1,0.99658203,0.9033203,0.9038086,3,3,1.0,0.98681640625,1.0,0.99658203125
test/attack/facedancer/scan/chinese2-flickr_F_33552328531_f6d5dd17b8_c.jpg,chinese2-flickr_F_33552328531_f6d5dd17b8_c,attack,facedancer,scan,1,0.9790039,0.9407552,0.9667969,3,3,1.0,1.0,1.0,1.0
test/attack/facedancer/scan/chinese2-flickr_F_48677929383_2cdc743f43_c.jpg,chinese2-flickr_F_48677929383_2cdc743f43_c,attack,facedancer,scan,1,0.9692383,0.9433594,0.93603516,3,3,1.0,0.9951171875,1.0,0.9951171875
test/attack/facedancer/scan/chinese2-flickr_M_16743317854_732a16acc8_k.jpg,chinese2-flickr_M_16743317854_732a16acc8_k,attack,facedancer,scan,1,0.99560547,0.9695638,0.96728516,3,3,1.0,0.998046875,1.0,0.998046875
test/attack/facedancer/scan/chinese2-flickr_M_22911363774_20c12ce7ec_c.jpg,chinese2-flickr_M_22911363774_20c12ce7ec_c,attack,facedancer,scan,1,0.9980469,0.97721356,0.99560547,3,3,1.0,0.5419921875,1.0,0.998046875
test/attack/facedancer/scan/chinese2-flickr_M_26097180114_4c514c928d_c.jpg,chinese2-flickr_M_26097180114_4c514c928d_c,attack,facedancer,scan,1,0.99560547,0.97021484,0.97558594,3,3,1.0,1.0,1.0,1.0
test/attack/facedancer/scan/chinese2-flickr_M_30518538704_383875f8c4_c.jpg,chinese2-flickr_M_30518538704_383875f8c4_c,attack,facedancer,scan,1,0.99902344,0.9433594,0.92089844,3,3,1.0,0.99951171875,1.0,0.99951171875
test/attack/facedancer/scan/chinese2-flickr_M_31304800026_59e0161aba_c.jpg,chinese2-flickr_M_31304800026_59e0161aba_c,attack,facedancer,scan,1,0.98876953,0.9794922,0.9760742,3,3,1.0,0.7529296875,1.0,0.98876953125
test/attack/facedancer/scan/chinese2-flickr_M_33525327222_f112b468ed_k.jpg,chinese2-flickr_M_33525327222_f112b468ed_k,attack,facedancer,scan,1,0.99853516,0.9897461,0.9926758,3,3,1.0,0.78466796875,1.0,0.99853515625
test/attack/facedancer/scan/chinese2-flickr_M_33552319041_2631ab0a0c_c.jpg,chinese2-flickr_M_33552319041_2631ab0a0c_c,attack,facedancer,scan,1,0.99853516,0.99072266,0.9916992,3,3,1.0,1.0,1.0,1.0
test/attack/facedancer/scan/chinese2-flickr_M_34592740762_6446ed6334_k.jpg,chinese2-flickr_M_34592740762_6446ed6334_k,attack,facedancer,scan,1,0.99658203,0.83935547,0.93310547,3,3,1.0,0.90576171875,1.0,0.99658203125
test/attack/facedancer/scan/chinese2-flickr_M_3625086942_a3ed938d9c_c.jpg,chinese2-flickr_M_3625086942_a3ed938d9c_c,attack,facedancer,scan,1,0.9995117,0.9324544,0.97021484,3,3,1.0,1.0,1.0,1.0
test/attack/facedancer/scan/chinese2-flickr_M_38319821984_1d6e303c3e_o.jpg,chinese2-flickr_M_38319821984_1d6e303c3e_o,attack,facedancer,scan,1,0.9916992,0.9433594,0.92578125,3,3,1.0,0.9990234375,1.0,0.9990234375
test/attack/facedancer/scan/chinese2-flickr_M_6850649398_5d950a2635_k.jpg,chinese2-flickr_M_6850649398_5d950a2635_k,attack,facedancer,scan,1,0.99853516,0.95751953,0.98876953,3,3,1.0,1.0,1.0,1.0
test/attack/facedancer/scan/netherland-flickr_F_20301931855_4cd18f8166_k.jpg,netherland-flickr_F_20301931855_4cd18f8166_k,attack,facedancer,scan,1,0.30078125,0.2039439,0.28637695,3,3,1.0,1.0,1.0,1.0
test/attack/facedancer/scan/netherland-flickr_F_31998547103_f617b19dfc_h.jpg,netherland-flickr_F_31998547103_f617b19dfc_h,attack,facedancer,scan,1,0.8305664,0.31047568,0.07171631,3,3,1.0,0.99853515625,1.0,0.99853515625
test/attack/facedancer/scan/netherland-flickr_F_31998771523_784e7e9597_h.jpg,netherland-flickr_F_31998771523_784e7e9597_h,attack,facedancer,scan,1,0.92333984,0.53552246,0.60839844,3,3,1.0,0.99951171875,1.0,0.99951171875
test/attack/facedancer/scan/netherland-flickr_F_32868411313_4bb20e41db_c.jpg,netherland-flickr_F_32868411313_4bb20e41db_c,attack,facedancer,scan,1,0.87646484,0.6848958,0.8339844,3,3,1.0,1.0,1.0,1.0
test/attack/facedancer/scan/netherland-flickr_F_37019045642_0a3fa19256_k.jpg,netherland-flickr_F_37019045642_0a3fa19256_k,attack,facedancer,scan,1,0.14172363,0.085487686,0.11291504,3,3,1.0,1.0,1.0,1.0
test/attack/facedancer/scan/netherland-flickr_M_15788104622_be592061dc_k.jpg,netherland-flickr_M_15788104622_be592061dc_k,attack,facedancer,scan,1,0.9248047,0.5776774,0.65966797,3,3,0.99951171875,0.37890625,0.99951171875,0.9248046875
test/attack/facedancer/scan/netherland-flickr_M_19475853574_c947539b18_c.jpg,netherland-flickr_M_19475853574_c947539b18_c,attack,facedancer,scan,1,0.6586914,0.2338969,0.03366089,3,3,1.0,1.0,1.0,1.0
test/attack/facedancer/scan/netherland-flickr_M_21260956694_6fd7ae0222_k.jpg,netherland-flickr_M_21260956694_6fd7ae0222_k,attack,facedancer,scan,1,0.79248047,0.34537506,0.24169922,3,3,1.0,1.0,1.0,1.0
test/attack/facedancer/scan/netherland-flickr_M_23559454676_4919252d67_c.jpg,netherland-flickr_M_23559454676_4919252d67_c,attack,facedancer,scan,1,0.16699219,0.07189687,0.03753662,3,3,0.99755859375,0.2861328125,0.99755859375,0.2861328125
test/attack/facedancer/scan/netherland-flickr_M_2409019110_4f42632225_o.jpg,netherland-flickr_M_2409019110_4f42632225_o,attack,facedancer,scan,1,0.8642578,0.31108093,0.043395996,3,3,0.9677734375,0.90771484375,0.9677734375,0.90771484375
test/attack/facedancer/scan/netherland-flickr_M_26828968014_910728ddd9_k.jpg,netherland-flickr_M_26828968014_910728ddd9_k,attack,facedancer,scan,1,0.99609375,0.60461426,0.671875,3,3,1.0,1.0,1.0,1.0
test/attack/facedancer/scan/netherland-flickr_M_31998389253_0a26f25b0d_h.jpg,netherland-flickr_M_31998389253_0a26f25b0d_h,attack,facedancer,scan,1,0.7973633,0.3546346,0.19445801,3,3,1.0,0.99951171875,1.0,0.99951171875
test/attack/facedancer/scan/netherland-flickr_M_33239373490_5b5df42090_k.jpg,netherland-flickr_M_33239373490_5b5df42090_k,attack,facedancer,scan,1,0.49804688,0.3202311,0.37329102,3,3,1.0,1.0,1.0,1.0
test/attack/facedancer/scan/netherland-flickr_M_33276713046_c88eb6c4c8_c.jpg,netherland-flickr_M_33276713046_c88eb6c4c8_c,attack,facedancer,scan,1,0.9868164,0.63256836,0.6225586,3,3,1.0,0.99951171875,1.0,0.99951171875
test/attack/facedancer/scan/netherland-flickr_M_37190718595_78e318623b_k.jpg,netherland-flickr_M_37190718595_78e318623b_k,attack,facedancer,scan,1,0.3227539,0.20574951,0.27539062,3,3,1.0,1.0,1.0,1.0
test/attack/facedancer/scan/netherland-flickr_M_4188233342_8473de8906_c.jpg,netherland-flickr_M_4188233342_8473de8906_c,attack,facedancer,scan,1,0.38378906,0.33015952,0.3203125,3,3,0.998046875,0.1959228515625,0.998046875,0.3837890625
test/attack/facedancer/scan/netherland-flickr_M_6862482951_78a560f107_b.jpg,netherland-flickr_M_6862482951_78a560f107_b,attack,facedancer,scan,1,0.9296875,0.344141,0.10015869,3,3,1.0,0.9853515625,1.0,0.9853515625
test/attack/facedancer/scan/singapore-flickr_F_17178258920_6f5f1eedd0_k.jpg,singapore-flickr_F_17178258920_6f5f1eedd0_k,attack,facedancer,scan,1,0.77001953,0.47121707,0.6435547,3,3,1.0,1.0,1.0,1.0
test/attack/facedancer/scan/singapore-flickr_F_20411794293_d7a6aae66c_c.jpg,singapore-flickr_F_20411794293_d7a6aae66c_c,attack,facedancer,scan,1,0.91845703,0.42671332,0.35864258,3,3,1.0,0.99951171875,1.0,0.99951171875
test/attack/facedancer/scan/singapore-flickr_F_33525297682_eee6031622_c.jpg,singapore-flickr_F_33525297682_eee6031622_c,attack,facedancer,scan,1,0.984375,0.6369929,0.92626953,3,3,0.99658203125,1.0,0.99658203125,1.0
test/attack/facedancer/scan/singapore-flickr_F_33574462985_422fca6322_c.jpg,singapore-flickr_F_33574462985_422fca6322_c,attack,facedancer,scan,1,0.99658203,0.66129524,0.9863281,3,3,0.99951171875,1.0,0.99951171875,1.0
test/attack/facedancer/scan/singapore-flickr_F_36921282312_c8e6a2674d_c.jpg,singapore-flickr_F_36921282312_c8e6a2674d_c,attack,facedancer,scan,1,0.99853516,0.61270905,0.8354492,3,3,0.99951171875,0.99951171875,0.99951171875,0.99951171875
test/attack/facedancer/scan/singapore-flickr_M_21893334161_8c8b011508_k.jpg,singapore-flickr_M_21893334161_8c8b011508_k,attack,facedancer,scan,1,0.69873047,0.37025627,0.4116211,3,3,0.78662109375,0.91259765625,0.78662109375,0.91259765625
test/attack/facedancer/scan/singapore-flickr_M_22512816725_a88536de72_c.jpg,singapore-flickr_M_22512816725_a88536de72_c,attack,facedancer,scan,1,0.90234375,0.37561736,0.22399902,3,3,0.99609375,0.98291015625,0.99609375,0.98291015625
test/attack/facedancer/scan/singapore-flickr_M_22942161980_136669b7da_c.jpg,singapore-flickr_M_22942161980_136669b7da_c,attack,facedancer,scan,1,0.859375,0.49548116,0.62646484,3,3,1.0,1.0,1.0,1.0
test/attack/facedancer/scan/singapore-flickr_M_31226135201_5aa42a5a13_c.jpg,singapore-flickr_M_31226135201_5aa42a5a13_c,attack,facedancer,scan,1,0.9638672,0.38837913,0.2010498,3,3,0.9990234375,1.0,0.9990234375,1.0
test/attack/facedancer/scan/singapore-flickr_M_31244514601_d2cb0773d7_c.jpg,singapore-flickr_M_31244514601_d2cb0773d7_c,attack,facedancer,scan,1,0.7573242,0.49352965,0.72265625,3,3,0.0357666015625,0.6611328125,0.75732421875,0.75732421875
test/attack/facedancer/scan/singapore-flickr_M_31340377345_6781e5f574_k.jpg,singapore-flickr_M_31340377345_6781e5f574_k,attack,facedancer,scan,1,0.9970703,0.60829926,0.8208008,3,3,1.0,1.0,1.0,1.0
test/attack/facedancer/scan/singapore-flickr_M_33525333882_5cf0c0382a_k.jpg,singapore-flickr_M_33525333882_5cf0c0382a_k,attack,facedancer,scan,1,0.93310547,0.32945266,0.054901123,3,3,1.0,1.0,1.0,1.0
test/attack/textdiffuserft_bfei/huawei/chinese2-flickr_F_17178039488_60828ef8de_k.jpg,chinese2-flickr_F_17178039488_60828ef8de_k,attack,textdiffuserft_bfei,huawei,1,0.99853516,0.7006836,0.76220703,3,3,0.034454345703125,0.044189453125,0.99853515625,0.99853515625
test/attack/textdiffuserft_bfei/huawei/chinese2-flickr_F_17619703551_9705002b22_b.jpg,chinese2-flickr_F_17619703551_9705002b22_b,attack,textdiffuserft_bfei,huawei,1,0.9873047,0.6789551,0.8149414,3,3,0.01934814453125,0.034820556640625,0.9873046875,0.9873046875
test/attack/textdiffuserft_bfei/huawei/chinese2-flickr_F_17773666675_1bdbd28a62_c.jpg,chinese2-flickr_F_17773666675_1bdbd28a62_c,attack,textdiffuserft_bfei,huawei,1,0.99902344,0.69344074,0.9194336,3,3,0.159912109375,0.1007080078125,0.9990234375,0.9990234375
test/attack/textdiffuserft_bfei/huawei/chinese2-flickr_F_21668538829_2fb67bd5fd_c.jpg,chinese2-flickr_F_21668538829_2fb67bd5fd_c,attack,textdiffuserft_bfei,huawei,1,1.0,0.7085368,0.98339844,3,3,0.5703125,0.153564453125,1.0,1.0
test/attack/textdiffuserft_bfei/huawei/chinese2-flickr_F_25164779518_a723fab6b8_o.jpg,chinese2-flickr_F_25164779518_a723fab6b8_o,attack,textdiffuserft_bfei,huawei,1,0.9995117,0.66592294,0.9975586,3,3,0.994140625,0.91552734375,0.99951171875,0.99951171875
test/attack/textdiffuserft_bfei/huawei/chinese2-flickr_F_25164805428_423bc49285_o.jpg,chinese2-flickr_F_25164805428_423bc49285_o,attack,textdiffuserft_bfei,huawei,1,0.99902344,0.69596356,0.99658203,3,3,0.11932373046875,0.042327880859375,0.9990234375,0.9990234375
test/attack/textdiffuserft_bfei/huawei/chinese2-flickr_F_31998401683_5272a75c42_c.jpg,chinese2-flickr_F_31998401683_5272a75c42_c,attack,textdiffuserft_bfei,huawei,1,0.9995117,0.6666253,0.9975586,3,3,0.045013427734375,0.0670166015625,0.99951171875,0.99951171875
test/attack/textdiffuserft_bfei/huawei/chinese2-flickr_F_32689517821_bfacb0e1ba_h.jpg,chinese2-flickr_F_32689517821_bfacb0e1ba_h,attack,textdiffuserft_bfei,huawei,1,0.9980469,0.40734863,0.18371582,3,3,0.724609375,0.383544921875,0.998046875,0.998046875
test/attack/textdiffuserft_bfei/huawei/chinese2-flickr_F_33552328531_f6d5dd17b8_c.jpg,chinese2-flickr_F_33552328531_f6d5dd17b8_c,attack,textdiffuserft_bfei,huawei,1,1.0,0.6680272,0.9946289,3,3,0.372802734375,0.232177734375,1.0,1.0
test/attack/textdiffuserft_bfei/huawei/chinese2-flickr_F_40837237721_dedac367d4_c.jpg,chinese2-flickr_F_40837237721_dedac367d4_c,attack,textdiffuserft_bfei,huawei,1,0.9970703,0.5491664,0.640625,3,3,0.53662109375,0.373046875,0.9970703125,0.9970703125
test/attack/textdiffuserft_bfei/huawei/chinese2-flickr_M_16743317854_732a16acc8_k.jpg,chinese2-flickr_M_16743317854_732a16acc8_k,attack,textdiffuserft_bfei,huawei,1,0.9921875,0.75252277,0.97558594,3,3,0.64111328125,0.046600341796875,0.9921875,0.9921875
test/attack/textdiffuserft_bfei/huawei/chinese2-flickr_M_30518538704_383875f8c4_c.jpg,chinese2-flickr_M_30518538704_383875f8c4_c,attack,textdiffuserft_bfei,huawei,1,0.9995117,0.664408,0.9926758,3,3,0.483154296875,0.169921875,0.99951171875,0.99951171875
test/attack/textdiffuserft_bfei/huawei/chinese2-flickr_M_31840786965_77af814416_h.jpg,chinese2-flickr_M_31840786965_77af814416_h,attack,textdiffuserft_bfei,huawei,1,0.99365234,0.7012329,0.9902344,3,3,0.1329345703125,0.04083251953125,0.99365234375,0.99365234375
test/attack/textdiffuserft_bfei/huawei/chinese2-flickr_M_31969854474_39f84b92eb_h.jpg,chinese2-flickr_M_31969854474_39f84b92eb_h,attack,textdiffuserft_bfei,huawei,1,0.9975586,0.8541667,0.9824219,3,3,0.008575439453125,0.0411376953125,0.99755859375,0.99755859375
test/attack/textdiffuserft_bfei/huawei/chinese2-flickr_M_33552319041_2631ab0a0c_c.jpg,chinese2-flickr_M_33552319041_2631ab0a0c_c,attack,textdiffuserft_bfei,huawei,1,0.99658203,0.6637395,0.9824219,3,3,0.82763671875,0.2470703125,0.99658203125,0.99658203125
test/attack/textdiffuserft_bfei/huawei/chinese2-flickr_M_36353666424_ab1a94e172_k.jpg,chinese2-flickr_M_36353666424_ab1a94e172_k,attack,textdiffuserft_bfei,huawei,1,0.97998047,0.60594684,0.7871094,3,3,0.0236968994140625,0.0372314453125,0.97998046875,0.97998046875
test/attack/textdiffuserft_bfei/huawei/chinese2-flickr_M_38999105422_457bedeef7_o.jpg,chinese2-flickr_M_38999105422_457bedeef7_o,attack,textdiffuserft_bfei,huawei,1,0.99902344,0.66748047,0.5185547,3,3,0.238525390625,0.038787841796875,0.9990234375,0.9990234375
test/attack/textdiffuserft_bfei/huawei/netherland-flickr_F_28051545714_ab479f15eb_k.jpg,netherland-flickr_F_28051545714_ab479f15eb_k,attack,textdiffuserft_bfei,huawei,1,1.0,0.37000036,0.10925293,3,3,0.40771484375,0.890625,1.0,1.0
test/attack/textdiffuserft_bfei/huawei/netherland-flickr_F_31998547103_f617b19dfc_h.jpg,netherland-flickr_F_31998547103_f617b19dfc_h,attack,textdiffuserft_bfei,huawei,1,0.99902344,0.70387775,0.9916992,3,3,0.1170654296875,0.067626953125,0.9990234375,0.9990234375
test/attack/textdiffuserft_bfei/huawei/netherland-flickr_F_32868411313_4bb20e41db_c.jpg,netherland-flickr_F_32868411313_4bb20e41db_c,attack,textdiffuserft_bfei,huawei,1,0.99853516,0.6645622,0.99316406,3,3,0.81103515625,0.489501953125,0.99853515625,0.99853515625
test/attack/textdiffuserft_bfei/huawei/netherland-flickr_F_37019045642_0a3fa19256_k.jpg,netherland-flickr_F_37019045642_0a3fa19256_k,attack,textdiffuserft_bfei,huawei,1,1.0,0.9996745,1.0,3,3,0.225830078125,0.1624755859375,1.0,1.0
test/attack/textdiffuserft_bfei/huawei/netherland-flickr_M_14867283357_afe052b7e3_c.jpg,netherland-flickr_M_14867283357_afe052b7e3_c,attack,textdiffuserft_bfei,huawei,1,1.0,0.76017255,0.99121094,3,3,0.0175933837890625,0.30078125,1.0,1.0
test/attack/textdiffuserft_bfei/huawei/netherland-flickr_M_15788104622_be592061dc_k.jpg,netherland-flickr_M_15788104622_be592061dc_k,attack,textdiffuserft_bfei,huawei,1,0.99853516,0.64005536,0.70214844,3,3,0.0172119140625,0.07073974609375,0.99853515625,0.99853515625
test/attack/textdiffuserft_bfei/huawei/netherland-flickr_M_19475853574_c947539b18_c.jpg,netherland-flickr_M_19475853574_c947539b18_c,attack,textdiffuserft_bfei,huawei,1,0.99902344,0.8561198,0.9711914,3,3,0.09808349609375,0.055511474609375,0.9990234375,0.9990234375
test/attack/textdiffuserft_bfei/huawei/netherland-flickr_M_21260956694_6fd7ae0222_k.jpg,netherland-flickr_M_21260956694_6fd7ae0222_k,attack,textdiffuserft_bfei,huawei,1,1.0,1.0,1.0,3,3,0.039794921875,0.06109619140625,1.0,1.0
test/attack/textdiffuserft_bfei/huawei/netherland-flickr_M_23559454676_4919252d67_c.jpg,netherland-flickr_M_23559454676_4919252d67_c,attack,textdiffuserft_bfei,huawei,1,1.0,0.6065267,0.4194336,3,3,0.0136642456054687,0.08502197265625,1.0,1.0
test/attack/textdiffuserft_bfei/huawei/netherland-flickr_M_2409019110_4f42632225_o.jpg,netherland-flickr_M_2409019110_4f42632225_o,attack,textdiffuserft_bfei,huawei,1,1.0,0.68621826,1.0,3,3,0.0243377685546875,0.45703125,1.0,1.0
test/attack/textdiffuserft_bfei/huawei/netherland-flickr_M_26828968014_910728ddd9_k.jpg,netherland-flickr_M_26828968014_910728ddd9_k,attack,textdiffuserft_bfei,huawei,1,1.0,0.69189453,0.98291016,3,3,0.99951171875,0.998046875,1.0,1.0
test/attack/textdiffuserft_bfei/huawei/netherland-flickr_M_30990255070_570d17d9d4_c.jpg,netherland-flickr_M_30990255070_570d17d9d4_c,attack,textdiffuserft_bfei,huawei,1,1.0,0.93636066,0.99902344,3,3,0.0108184814453125,0.040191650390625,1.0,1.0
test/attack/textdiffuserft_bfei/huawei/netherland-flickr_M_31998389253_0a26f25b0d_h.jpg,netherland-flickr_M_31998389253_0a26f25b0d_h,attack,textdiffuserft_bfei,huawei,1,1.0,0.9223633,1.0,3,3,0.755859375,0.1783447265625,1.0,1.0
test/attack/textdiffuserft_bfei/huawei/netherland-flickr_M_33276713046_c88eb6c4c8_c.jpg,netherland-flickr_M_33276713046_c88eb6c4c8_c,attack,textdiffuserft_bfei,huawei,1,1.0,0.9557292,0.9711914,3,3,0.037841796875,0.1038818359375,1.0,1.0
test/attack/textdiffuserft_bfei/huawei/netherland-flickr_M_4188233342_8473de8906_c.jpg,netherland-flickr_M_4188233342_8473de8906_c,attack,textdiffuserft_bfei,huawei,1,1.0,0.984375,1.0,3,3,0.05712890625,0.04925537109375,1.0,1.0
test/attack/textdiffuserft_bfei/huawei/netherland-flickr_M_6501027149_988313b64f_h.jpg,netherland-flickr_M_6501027149_988313b64f_h,attack,textdiffuserft_bfei,huawei,1,1.0,0.91845703,0.9951172,3,3,0.84716796875,0.32470703125,1.0,1.0
test/attack/textdiffuserft_bfei/huawei/singapore-flickr_F_32272417100_7c8c616f37_c.jpg,singapore-flickr_F_32272417100_7c8c616f37_c,attack,textdiffuserft_bfei,huawei,1,0.81884766,0.36366782,0.17102051,3,3,0.0160675048828125,0.05560302734375,0.81884765625,0.81884765625
test/attack/textdiffuserft_bfei/huawei/singapore-flickr_F_36921282312_c8e6a2674d_c.jpg,singapore-flickr_F_36921282312_c8e6a2674d_c,attack,textdiffuserft_bfei,huawei,1,1.0,0.65441895,0.7963867,3,3,0.048309326171875,0.94580078125,1.0,1.0
test/attack/textdiffuserft_bfei/huawei/singapore-flickr_M_15788105142_89e9bca209_k.jpg,singapore-flickr_M_15788105142_89e9bca209_k,attack,textdiffuserft_bfei,huawei,1,1.0,0.58239746,0.61035156,3,3,0.033111572265625,0.1759033203125,1.0,1.0
test/attack/textdiffuserft_bfei/huawei/singapore-flickr_M_22942161980_136669b7da_c.jpg,singapore-flickr_M_22942161980_136669b7da_c,attack,textdiffuserft_bfei,huawei,1,0.7397461,0.45089722,0.59375,3,3,0.16162109375,0.904296875,0.73974609375,0.904296875
test/attack/textdiffuserft_bfei/huawei/singapore-flickr_M_24170605047_501e882ccc_o.jpg,singapore-flickr_M_24170605047_501e882ccc_o,attack,textdiffuserft_bfei,huawei,1,1.0,0.8460286,0.9951172,3,3,0.128173828125,0.1302490234375,1.0,1.0
test/attack/textdiffuserft_bfei/huawei/singapore-flickr_M_30456580904_06749c0622_c.jpg,singapore-flickr_M_30456580904_06749c0622_c,attack,textdiffuserft_bfei,huawei,1,1.0,0.6686198,0.89501953,3,3,0.1494140625,0.89501953125,1.0,1.0
test/attack/textdiffuserft_bfei/huawei/singapore-flickr_M_30518529884_4cf8f091df_c.jpg,singapore-flickr_M_30518529884_4cf8f091df_c,attack,textdiffuserft_bfei,huawei,1,1.0,0.62357587,0.7265625,3,3,0.14306640625,0.06768798828125,1.0,1.0
test/attack/textdiffuserft_bfei/huawei/singapore-flickr_M_31226087931_7b83422543_c.jpg,singapore-flickr_M_31226087931_7b83422543_c,attack,textdiffuserft_bfei,huawei,1,0.9980469,0.4029058,0.20397949,3,3,0.042694091796875,0.106201171875,0.998046875,0.998046875
test/attack/textdiffuserft_bfei/huawei/singapore-flickr_M_31226135201_5aa42a5a13_c.jpg,singapore-flickr_M_31226135201_5aa42a5a13_c,attack,textdiffuserft_bfei,huawei,1,0.9970703,0.57503253,0.38256836,3,3,0.0458984375,0.12744140625,0.9970703125,0.9970703125
test/attack/textdiffuserft_bfei/huawei/singapore-flickr_M_31340377345_6781e5f574_k.jpg,singapore-flickr_M_31340377345_6781e5f574_k,attack,textdiffuserft_bfei,huawei,1,0.9995117,0.42373657,0.25,3,3,0.413818359375,0.7177734375,0.99951171875,0.99951171875
test/attack/textdiffuserft_bfei/huawei/singapore-flickr_M_33525333882_5cf0c0382a_k.jpg,singapore-flickr_M_33525333882_5cf0c0382a_k,attack,textdiffuserft_bfei,huawei,1,1.0,0.43234763,0.27441406,3,3,0.07086181640625,0.312744140625,1.0,1.0
test/attack/textdiffuserft_bfei/huawei/singapore-flickr_M_37019084692_714cba8ac1_k.jpg,singapore-flickr_M_37019084692_714cba8ac1_k,attack,textdiffuserft_bfei,huawei,1,0.13122559,0.07459513,0.07562256,3,3,0.05889892578125,0.07489013671875,0.1312255859375,0.1312255859375
test/attack/textdiffuserft_bfei/huawei/singapore-flickr_M_46826659491_bab820563f_c.jpg,singapore-flickr_M_46826659491_bab820563f_c,attack,textdiffuserft_bfei,huawei,1,0.9892578,0.4610901,0.35473633,3,3,0.1365966796875,0.44287109375,0.9892578125,0.9892578125
test/attack/textdiffuserft_bfei/iphone15/chinese2-flickr_F_16858102101_d4c5c1e7a2_c.jpg,chinese2-flickr_F_16858102101_d4c5c1e7a2_c,attack,textdiffuserft_bfei,iphone15,1,0.98535156,0.5701701,0.6928711,3,3,0.99365234375,0.875,0.99365234375,0.9853515625
test/attack/textdiffuserft_bfei/iphone15/chinese2-flickr_F_21696826019_7407a3bea0_k.jpg,chinese2-flickr_F_21696826019_7407a3bea0_k,attack,textdiffuserft_bfei,iphone15,1,0.8339844,0.5148112,0.6533203,3,3,0.0284423828125,0.03997802734375,0.833984375,0.833984375
test/attack/textdiffuserft_bfei/iphone15/chinese2-flickr_F_25164805428_423bc49285_o.jpg,chinese2-flickr_F_25164805428_423bc49285_o,attack,textdiffuserft_bfei,iphone15,1,0.30151367,0.18631999,0.14172363,3,3,0.09588623046875,0.067626953125,0.301513671875,0.301513671875
test/attack/textdiffuserft_bfei/iphone15/chinese2-flickr_F_31196390972_be24a6067c_k.jpg,chinese2-flickr_F_31196390972_be24a6067c_k,attack,textdiffuserft_bfei,iphone15,1,0.90185547,0.7083333,0.72314453,3,3,0.094482421875,0.040435791015625,0.90185546875,0.90185546875
test/attack/textdiffuserft_bfei/iphone15/chinese2-flickr_F_31998401683_5272a75c42_c.jpg,chinese2-flickr_F_31998401683_5272a75c42_c,attack,textdiffuserft_bfei,iphone15,1,0.9995117,0.69677734,0.9975586,3,3,0.04510498046875,0.0662841796875,0.99951171875,0.99951171875
test/attack/textdiffuserft_bfei/iphone15/chinese2-flickr_F_31998955273_5516f4db28_h.jpg,chinese2-flickr_F_31998955273_5516f4db28_h,attack,textdiffuserft_bfei,iphone15,1,0.8623047,0.54424924,0.7631836,3,3,0.0287017822265625,0.056976318359375,0.8623046875,0.8623046875
test/attack/textdiffuserft_bfei/iphone15/chinese2-flickr_F_32689517821_bfacb0e1ba_h.jpg,chinese2-flickr_F_32689517821_bfacb0e1ba_h,attack,textdiffuserft_bfei,iphone15,1,0.40112305,0.18931007,0.16308594,3,3,0.2254638671875,0.58740234375,0.401123046875,0.58740234375
test/attack/textdiffuserft_bfei/iphone15/chinese2-flickr_F_40837237721_dedac367d4_c.jpg,chinese2-flickr_F_40837237721_dedac367d4_c,attack,textdiffuserft_bfei,iphone15,1,0.9975586,0.5788371,0.68847656,3,3,0.52490234375,0.07049560546875,0.99755859375,0.99755859375
test/attack/textdiffuserft_bfei/iphone15/chinese2-flickr_F_48677929383_2cdc743f43_c.jpg,chinese2-flickr_F_48677929383_2cdc743f43_c,attack,textdiffuserft_bfei,iphone15,1,0.10949707,0.04653422,0.0259552,3,3,0.07305908203125,0.054656982421875,0.1094970703125,0.1094970703125
test/attack/textdiffuserft_bfei/iphone15/chinese2-flickr_M_16743317854_732a16acc8_k.jpg,chinese2-flickr_M_16743317854_732a16acc8_k,attack,textdiffuserft_bfei,iphone15,1,0.62841797,0.22013347,0.028930664,3,3,0.375732421875,0.1514892578125,0.62841796875,0.62841796875
test/attack/textdiffuserft_bfei/iphone15/chinese2-flickr_M_21459989349_7ab0e1ace5_k.jpg,chinese2-flickr_M_21459989349_7ab0e1ace5_k,attack,textdiffuserft_bfei,iphone15,1,0.96875,0.42087936,0.28979492,3,3,0.0771484375,0.050506591796875,0.96875,0.96875
test/attack/textdiffuserft_bfei/iphone15/chinese2-flickr_M_22911363774_20c12ce7ec_c.jpg,chinese2-flickr_M_22911363774_20c12ce7ec_c,attack,textdiffuserft_bfei,iphone15,1,0.8466797,0.6888835,0.80615234,3,3,0.58740234375,0.041961669921875,0.8466796875,0.8466796875
test/attack/textdiffuserft_bfei/iphone15/chinese2-flickr_M_24235235151_ae8ac31253_k.jpg,chinese2-flickr_M_24235235151_ae8ac31253_k,attack,textdiffuserft_bfei,iphone15,1,0.84521484,0.4863688,0.44360352,3,3,0.43115234375,0.044921875,0.84521484375,0.84521484375
test/attack/textdiffuserft_bfei/iphone15/chinese2-flickr_M_30518538704_383875f8c4_c.jpg,chinese2-flickr_M_30518538704_383875f8c4_c,attack,textdiffuserft_bfei,iphone15,1,0.59765625,0.39742026,0.37280273,3,3,0.55859375,0.0704345703125,0.59765625,0.59765625
test/attack/textdiffuserft_bfei/iphone15/chinese2-flickr_M_31304800026_59e0161aba_c.jpg,chinese2-flickr_M_31304800026_59e0161aba_c,attack,textdiffuserft_bfei,iphone15,1,0.984375,0.54135895,0.6328125,3,3,0.36181640625,0.04840087890625,0.984375,0.984375
test/attack/textdiffuserft_bfei/iphone15/chinese2-flickr_M_31969854474_39f84b92eb_h.jpg,chinese2-flickr_M_31969854474_39f84b92eb_h,attack,textdiffuserft_bfei,iphone15,1,0.47998047,0.18423462,0.039855957,3,3,0.3447265625,0.06585693359375,0.47998046875,0.47998046875
test/attack/textdiffuserft_bfei/iphone15/chinese2-flickr_M_32771950686_f8d5084d87_h.jpg,chinese2-flickr_M_32771950686_f8d5084d87_h,attack,textdiffuserft_bfei,iphone15,1,0.23071289,0.09566752,0.051696777,3,3,0.11260986328125,0.0396728515625,0.230712890625,0.230712890625
test/attack/textdiffuserft_bfei/iphone15/chinese2-flickr_M_32812741685_462068ee90_h.jpg,chinese2-flickr_M_32812741685_462068ee90_h,attack,textdiffuserft_bfei,iphone15,1,0.020126343,0.007952769,0.003490448,3,3,0.022674560546875,0.038543701171875,0.022674560546875,0.038543701171875
test/attack/textdiffuserft_bfei/iphone15/chinese2-flickr_M_33525327222_f112b468ed_k.jpg,chinese2-flickr_M_33525327222_f112b468ed_k,attack,textdiffuserft_bfei,iphone15,1,0.01096344,0.004735311,0.002128601,3,3,0.0192718505859375,0.036163330078125,0.0192718505859375,0.036163330078125
test/attack/textdiffuserft_bfei/iphone15/chinese2-flickr_M_3625086942_a3ed938d9c_c.jpg,chinese2-flickr_M_3625086942_a3ed938d9c_c,attack,textdiffuserft_bfei,iphone15,1,0.6743164,0.43328857,0.5283203,3,3,0.03985595703125,0.04119873046875,0.67431640625,0.67431640625
test/attack/textdiffuserft_bfei/iphone15/chinese2-flickr_M_36353666424_ab1a94e172_k.jpg,chinese2-flickr_M_36353666424_ab1a94e172_k,attack,textdiffuserft_bfei,iphone15,1,0.9628906,0.3758545,0.08770752,3,3,0.34765625,0.047119140625,0.962890625,0.962890625
test/attack/textdiffuserft_bfei/iphone15/chinese2-flickr_M_37190875605_735b3fca0d_c.jpg,chinese2-flickr_M_37190875605_735b3fca0d_c,attack,textdiffuserft_bfei,iphone15,1,0.15441895,0.06054942,0.022872925,3,3,0.414794921875,0.06658935546875,0.414794921875,0.1544189453125
test/attack/textdiffuserft_bfei/iphone15/chinese2-flickr_M_38999105422_457bedeef7_o.jpg,chinese2-flickr_M_38999105422_457bedeef7_o,attack,textdiffuserft_bfei,iphone15,1,0.09643555,0.07065836,0.06573486,3,3,0.9404296875,0.060699462890625,0.9404296875,0.096435546875
test/attack/textdiffuserft_bfei/iphone15/chinese2-flickr_M_6850649398_5d950a2635_k.jpg,chinese2-flickr_M_6850649398_5d950a2635_k,attack,textdiffuserft_bfei,iphone15,1,0.9951172,0.36469522,0.060028076,3,3,0.389404296875,0.0635986328125,0.9951171875,0.9951171875
test/attack/textdiffuserft_bfei/iphone15/netherland-flickr_F_26297818201_09eab93588_k.jpg,netherland-flickr_F_26297818201_09eab93588_k,attack,textdiffuserft_bfei,iphone15,1,1.0,0.5414836,0.5522461,3,3,0.330322265625,0.1046142578125,1.0,1.0
test/attack/textdiffuserft_bfei/iphone15/netherland-flickr_F_31998547103_f617b19dfc_h.jpg,netherland-flickr_F_31998547103_f617b19dfc_h,attack,textdiffuserft_bfei,iphone15,1,1.0,0.99153644,0.99853516,3,3,0.3134765625,0.1634521484375,1.0,1.0
test/attack/textdiffuserft_bfei/iphone15/netherland-flickr_F_31998771523_784e7e9597_h.jpg,netherland-flickr_F_31998771523_784e7e9597_h,attack,textdiffuserft_bfei,iphone15,1,0.9868164,0.44641113,0.31958008,3,3,0.2418212890625,0.037841796875,0.98681640625,0.98681640625
test/attack/textdiffuserft_bfei/iphone15/netherland-flickr_F_32868411313_4bb20e41db_c.jpg,netherland-flickr_F_32868411313_4bb20e41db_c,attack,textdiffuserft_bfei,iphone15,1,1.0,0.5949478,0.77441406,3,3,0.99951171875,1.0,1.0,1.0
test/attack/textdiffuserft_bfei/iphone15/netherland-flickr_F_36412358965_0ec43e5de3_c.jpg,netherland-flickr_F_36412358965_0ec43e5de3_c,attack,textdiffuserft_bfei,iphone15,1,1.0,0.65179443,0.91015625,3,3,0.54833984375,0.29736328125,1.0,1.0
test/attack/textdiffuserft_bfei/iphone15/netherland-flickr_F_37048326531_f8270ca4df_k.jpg,netherland-flickr_F_37048326531_f8270ca4df_k,attack,textdiffuserft_bfei,iphone15,1,0.99853516,0.78759766,0.9863281,3,3,0.93603515625,0.295654296875,0.99853515625,0.99853515625
test/attack/textdiffuserft_bfei/iphone15/netherland-flickr_M_14867283357_afe052b7e3_c.jpg,netherland-flickr_M_14867283357_afe052b7e3_c,attack,textdiffuserft_bfei,iphone15,1,1.0,1.0,1.0,3,3,0.0810546875,0.485595703125,1.0,1.0
test/attack/textdiffuserft_bfei/iphone15/netherland-flickr_M_15788104622_be592061dc_k.jpg,netherland-flickr_M_15788104622_be592061dc_k,attack,textdiffuserft_bfei,iphone15,1,0.95410156,0.6322632,0.8330078,3,3,0.05712890625,0.117919921875,0.9541015625,0.9541015625
test/attack/textdiffuserft_bfei/iphone15/netherland-flickr_M_21260956694_6fd7ae0222_k.jpg,netherland-flickr_M_21260956694_6fd7ae0222_k,attack,textdiffuserft_bfei,iphone15,1,1.0,0.94873047,1.0,3,3,0.035980224609375,0.54345703125,1.0,1.0
test/attack/textdiffuserft_bfei/iphone15/netherland-flickr_M_23559454676_4919252d67_c.jpg,netherland-flickr_M_23559454676_4919252d67_c,attack,textdiffuserft_bfei,iphone15,1,0.9506836,0.59814453,0.7524414,3,3,0.0159912109375,0.07647705078125,0.95068359375,0.95068359375
test/attack/textdiffuserft_bfei/iphone15/netherland-flickr_M_30990255070_570d17d9d4_c.jpg,netherland-flickr_M_30990255070_570d17d9d4_c,attack,textdiffuserft_bfei,iphone15,1,0.91064453,0.5463664,0.67333984,3,3,0.058197021484375,0.061920166015625,0.91064453125,0.91064453125
test/attack/textdiffuserft_bfei/iphone15/netherland-flickr_M_31998389253_0a26f25b0d_h.jpg,netherland-flickr_M_31998389253_0a26f25b0d_h,attack,textdiffuserft_bfei,iphone15,1,0.9921875,0.8927409,0.9848633,3,3,0.43115234375,0.07037353515625,0.9921875,0.9921875
test/attack/textdiffuserft_bfei/iphone15/netherland-flickr_M_31998818913_b87fd05689_h.jpg,netherland-flickr_M_31998818913_b87fd05689_h,attack,textdiffuserft_bfei,iphone15,1,0.99560547,0.38966623,0.16394043,3,3,0.84619140625,0.04559326171875,0.99560546875,0.99560546875
test/attack/textdiffuserft_bfei/iphone15/netherland-flickr_M_33276713046_c88eb6c4c8_c.jpg,netherland-flickr_M_33276713046_c88eb6c4c8_c,attack,textdiffuserft_bfei,iphone15,1,0.46606445,0.2039388,0.09698486,3,3,0.0233917236328125,0.053985595703125,0.466064453125,0.466064453125
test/attack/textdiffuserft_bfei/iphone15/netherland-flickr_M_33297625690_76e3181f5e_c.jpg,netherland-flickr_M_33297625690_76e3181f5e_c,attack,textdiffuserft_bfei,iphone15,1,0.6645508,0.27571487,0.15795898,3,3,0.1912841796875,0.079345703125,0.66455078125,0.66455078125
test/attack/textdiffuserft_bfei/iphone15/netherland-flickr_M_37190718595_78e318623b_k.jpg,netherland-flickr_M_37190718595_78e318623b_k,attack,textdiffuserft_bfei,iphone15,1,1.0,0.7183024,1.0,3,3,0.7919921875,0.06475830078125,1.0,1.0
test/attack/textdiffuserft_bfei/iphone15/netherland-flickr_M_4188233342_8473de8906_c.jpg,netherland-flickr_M_4188233342_8473de8906_c,attack,textdiffuserft_bfei,iphone15,1,1.0,0.9661458,0.99853516,3,3,0.0430908203125,0.055267333984375,1.0,1.0
test/attack/textdiffuserft_bfei/iphone15/netherland-flickr_M_6501027149_988313b64f_h.jpg,netherland-flickr_M_6501027149_988313b64f_h,attack,textdiffuserft_bfei,iphone15,1,1.0,0.9967448,0.99609375,3,3,0.76416015625,0.1256103515625,1.0,1.0
test/attack/textdiffuserft_bfei/iphone15/netherland-flickr_M_6862482951_78a560f107_b.jpg,netherland-flickr_M_6862482951_78a560f107_b,attack,textdiffuserft_bfei,iphone15,1,0.9638672,0.42284647,0.27685547,3,3,0.09326171875,0.431640625,0.9638671875,0.9638671875
test/attack/textdiffuserft_bfei/iphone15/singapore-flickr_F_17178258920_6f5f1eedd0_k.jpg,singapore-flickr_F_17178258920_6f5f1eedd0_k,attack,textdiffuserft_bfei,iphone15,1,1.0,0.90250653,0.90771484,3,3,0.74169921875,0.82421875,1.0,1.0
test/attack/textdiffuserft_bfei/iphone15/singapore-flickr_F_19679296994_d0fc2a7ac6_o.jpg,singapore-flickr_F_19679296994_d0fc2a7ac6_o,attack,textdiffuserft_bfei,iphone15,1,1.0,0.44311523,0.16503906,3,3,0.1650390625,0.356689453125,1.0,1.0
test/attack/textdiffuserft_bfei/iphone15/singapore-flickr_F_30532886723_e55b04664f_k.jpg,singapore-flickr_F_30532886723_e55b04664f_k,attack,textdiffuserft_bfei,iphone15,1,1.0,0.53524524,0.59228516,3,3,0.60009765625,0.90625,1.0,1.0
test/attack/textdiffuserft_bfei/iphone15/singapore-flickr_F_31294646850_53ce869b2e_b.jpg,singapore-flickr_F_31294646850_53ce869b2e_b,attack,textdiffuserft_bfei,iphone15,1,1.0,0.8251953,0.8261719,3,3,0.07415771484375,0.95849609375,1.0,1.0
test/attack/textdiffuserft_bfei/iphone15/singapore-flickr_F_32272417100_7c8c616f37_c.jpg,singapore-flickr_F_32272417100_7c8c616f37_c,attack,textdiffuserft_bfei,iphone15,1,0.9995117,0.7327474,0.83691406,3,3,0.02191162109375,0.32861328125,0.99951171875,0.99951171875
test/attack/textdiffuserft_bfei/iphone15/singapore-flickr_F_33552363961_ea0fc80afb_k.jpg,singapore-flickr_F_33552363961_ea0fc80afb_k,attack,textdiffuserft_bfei,iphone15,1,1.0,0.5501302,0.48535156,3,3,0.022979736328125,0.11004638671875,1.0,1.0
test/attack/textdiffuserft_bfei/iphone15/singapore-flickr_F_33574462985_422fca6322_c.jpg,singapore-flickr_F_33574462985_422fca6322_c,attack,textdiffuserft_bfei,iphone15,1,1.0,0.70288086,0.87890625,3,3,0.0107345581054687,0.09814453125,1.0,1.0
test/attack/textdiffuserft_bfei/iphone15/singapore-flickr_F_36921282312_c8e6a2674d_c.jpg,singapore-flickr_F_36921282312_c8e6a2674d_c,attack,textdiffuserft_bfei,iphone15,1,1.0,0.72684735,0.99365234,3,3,0.310791015625,0.101318359375,1.0,1.0
test/attack/textdiffuserft_bfei/iphone15/singapore-flickr_F_9641749325_1a753f74b2_c.jpg,singapore-flickr_F_9641749325_1a753f74b2_c,attack,textdiffuserft_bfei,iphone15,1,0.9995117,0.62679034,0.62060547,3,3,0.11431884765625,0.4189453125,0.99951171875,0.99951171875
test/attack/textdiffuserft_bfei/iphone15/singapore-flickr_M_15788105142_89e9bca209_k.jpg,singapore-flickr_M_15788105142_89e9bca209_k,attack,textdiffuserft_bfei,iphone15,1,1.0,0.36819968,0.080200195,3,3,0.1253662109375,0.8466796875,1.0,1.0
test/attack/textdiffuserft_bfei/iphone15/singapore-flickr_M_22512816725_a88536de72_c.jpg,singapore-flickr_M_22512816725_a88536de72_c,attack,textdiffuserft_bfei,iphone15,1,1.0,0.7531738,0.9873047,3,3,0.04962158203125,0.222412109375,1.0,1.0
test/attack/textdiffuserft_bfei/iphone15/singapore-flickr_M_23543328125_d9409d5ae0_c.jpg,singapore-flickr_M_23543328125_d9409d5ae0_c,attack,textdiffuserft_bfei,iphone15,1,0.6635742,0.3458252,0.22045898,3,3,0.10821533203125,0.404296875,0.66357421875,0.66357421875
test/attack/textdiffuserft_bfei/iphone15/singapore-flickr_M_31226087931_7b83422543_c.jpg,singapore-flickr_M_31226087931_7b83422543_c,attack,textdiffuserft_bfei,iphone15,1,0.95410156,0.4335327,0.27441406,3,3,0.017852783203125,0.05218505859375,0.9541015625,0.9541015625
test/attack/textdiffuserft_bfei/scan/chinese2-flickr_F_17178039488_60828ef8de_k.jpg,chinese2-flickr_F_17178039488_60828ef8de_k,attack,textdiffuserft_bfei,scan,1,0.0075912476,0.0036895275,0.0030155182,3,3,0.0148391723632812,0.054351806640625,0.0148391723632812,0.054351806640625
test/attack/textdiffuserft_bfei/scan/chinese2-flickr_F_21668538829_2fb67bd5fd_c.jpg,chinese2-flickr_F_21668538829_2fb67bd5fd_c,attack,textdiffuserft_bfei,scan,1,0.005630493,0.002756993,0.0023097992,3,3,0.697265625,0.187744140625,0.697265625,0.187744140625
test/attack/textdiffuserft_bfei/scan/chinese2-flickr_F_25164779518_a723fab6b8_o.jpg,chinese2-flickr_F_25164779518_a723fab6b8_o,attack,textdiffuserft_bfei,scan,1,0.011505127,0.0060450234,0.0034828186,3,3,0.921875,0.172607421875,0.921875,0.172607421875
test/attack/textdiffuserft_bfei/scan/chinese2-flickr_F_25164805428_423bc49285_o.jpg,chinese2-flickr_F_25164805428_423bc49285_o,attack,textdiffuserft_bfei,scan,1,0.08459473,0.028836092,0.0014667511,3,3,0.2403564453125,0.0537109375,0.2403564453125,0.0845947265625
test/attack/textdiffuserft_bfei/scan/chinese2-flickr_F_39035705701_833f3da9bf_o.jpg,chinese2-flickr_F_39035705701_833f3da9bf_o,attack,textdiffuserft_bfei,scan,1,0.017105103,0.008604686,0.006122589,3,3,0.0445556640625,0.042449951171875,0.0445556640625,0.042449951171875
test/attack/textdiffuserft_bfei/scan/chinese2-flickr_F_40837237721_dedac367d4_c.jpg,chinese2-flickr_F_40837237721_dedac367d4_c,attack,textdiffuserft_bfei,scan,1,0.16210938,0.06162898,0.015792847,3,3,0.8173828125,0.1385498046875,0.8173828125,0.162109375
test/attack/textdiffuserft_bfei/scan/chinese2-flickr_M_21459989349_7ab0e1ace5_k.jpg,chinese2-flickr_M_21459989349_7ab0e1ace5_k,attack,textdiffuserft_bfei,scan,1,0.1105957,0.03900687,0.005332947,3,3,0.01666259765625,0.042083740234375,0.110595703125,0.110595703125
test/attack/textdiffuserft_bfei/scan/chinese2-flickr_M_24235235151_ae8ac31253_k.jpg,chinese2-flickr_M_24235235151_ae8ac31253_k,attack,textdiffuserft_bfei,scan,1,0.08569336,0.032538097,0.007080078,3,3,0.87109375,0.057647705078125,0.87109375,0.085693359375
test/attack/textdiffuserft_bfei/scan/chinese2-flickr_M_24291592906_b097dd45e5_k.jpg,chinese2-flickr_M_24291592906_b097dd45e5_k,attack,textdiffuserft_bfei,scan,1,0.009338379,0.0042399564,0.0029754639,3,3,0.36767578125,0.042449951171875,0.36767578125,0.042449951171875
test/attack/textdiffuserft_bfei/scan/chinese2-flickr_M_30516208604_4a571cf89d_c.jpg,chinese2-flickr_M_30516208604_4a571cf89d_c,attack,textdiffuserft_bfei,scan,1,0.08642578,0.039058685,0.02482605,3,3,0.0628662109375,0.04058837890625,0.08642578125,0.08642578125
test/attack/textdiffuserft_bfei/scan/chinese2-flickr_M_31840786965_77af814416_h.jpg,chinese2-flickr_M_31840786965_77af814416_h,attack,textdiffuserft_bfei,scan,1,0.0027999878,0.0024662018,0.0024108887,3,3,0.54052734375,0.046173095703125,0.54052734375,0.046173095703125
test/attack/textdiffuserft_bfei/scan/chinese2-flickr_M_31969854474_39f84b92eb_h.jpg,chinese2-flickr_M_31969854474_39f84b92eb_h,attack,textdiffuserft_bfei,scan,1,0.002828598,0.0016601881,0.0016679764,3,3,0.04058837890625,0.0416259765625,0.04058837890625,0.0416259765625
test/attack/textdiffuserft_bfei/scan/chinese2-flickr_M_32771950686_f8d5084d87_h.jpg,chinese2-flickr_M_32771950686_f8d5084d87_h,attack,textdiffuserft_bfei,scan,1,0.02104187,0.009602864,0.006916046,3,3,0.053985595703125,0.0518798828125,0.053985595703125,0.0518798828125
test/attack/textdiffuserft_bfei/scan/chinese2-flickr_M_32812741685_462068ee90_h.jpg,chinese2-flickr_M_32812741685_462068ee90_h,attack,textdiffuserft_bfei,scan,1,0.004432678,0.0024293263,0.001458168,3,3,0.027923583984375,0.04327392578125,0.027923583984375,0.04327392578125
test/attack/textdiffuserft_bfei/scan/chinese2-flickr_M_36353666424_ab1a94e172_k.jpg,chinese2-flickr_M_36353666424_ab1a94e172_k,attack,textdiffuserft_bfei,scan,1,0.018829346,0.0071725845,0.0018606186,3,3,0.034881591796875,0.0400390625,0.034881591796875,0.0400390625
test/attack/textdiffuserft_bfei/scan/chinese2-flickr_M_37190875605_735b3fca0d_c.jpg,chinese2-flickr_M_37190875605_735b3fca0d_c,attack,textdiffuserft_bfei,scan,1,0.021469116,0.012412866,0.0151901245,3,3,0.3310546875,0.05987548828125,0.3310546875,0.05987548828125
test/attack/textdiffuserft_bfei/scan/chinese2-flickr_M_38999105422_457bedeef7_o.jpg,chinese2-flickr_M_38999105422_457bedeef7_o,attack,textdiffuserft_bfei,scan,1,0.03881836,0.026138306,0.025421143,3,3,0.13232421875,0.0499267578125,0.13232421875,0.0499267578125
test/attack/textdiffuserft_bfei/scan/netherland-flickr_F_10239917343_ca73cd29b5_h.jpg,netherland-flickr_F_10239917343_ca73cd29b5_h,attack,textdiffuserft_bfei,scan,1,0.79589844,0.26727724,0.0051002502,3,3,0.09576416015625,0.09576416015625,0.7958984375,0.7958984375
test/attack/textdiffuserft_bfei/scan/netherland-flickr_F_26297818201_09eab93588_k.jpg,netherland-flickr_F_26297818201_09eab93588_k,attack,textdiffuserft_bfei,scan,1,0.039642334,0.020352682,0.01576233,3,3,0.65673828125,0.039794921875,0.65673828125,0.039794921875
test/attack/textdiffuserft_bfei/scan/netherland-flickr_F_28051545714_ab479f15eb_k.jpg,netherland-flickr_F_28051545714_ab479f15eb_k,attack,textdiffuserft_bfei,scan,1,0.06298828,0.024452686,0.009429932,3,3,0.2783203125,0.325927734375,0.2783203125,0.325927734375
test/attack/textdiffuserft_bfei/scan/netherland-flickr_F_28630210242_e3780d0ee9_b.jpg,netherland-flickr_F_28630210242_e3780d0ee9_b,attack,textdiffuserft_bfei,scan,1,0.020553589,0.006984075,0.00026369095,3,3,0.452392578125,0.0745849609375,0.452392578125,0.0745849609375
test/attack/textdiffuserft_bfei/scan/netherland-flickr_F_36412358965_0ec43e5de3_c.jpg,netherland-flickr_F_36412358965_0ec43e5de3_c,attack,textdiffuserft_bfei,scan,1,0.10559082,0.035747368,0.0014638901,3,3,0.25927734375,0.1307373046875,0.25927734375,0.1307373046875
test/attack/textdiffuserft_bfei/scan/netherland-flickr_F_37048326531_f8270ca4df_k.jpg,netherland-flickr_F_37048326531_f8270ca4df_k,attack,textdiffuserft_bfei,scan,1,0.05596924,0.026987711,0.019195557,3,3,0.546875,0.062103271484375,0.546875,0.062103271484375
test/attack/textdiffuserft_bfei/scan/netherland-flickr_M_14867283357_afe052b7e3_c.jpg,netherland-flickr_M_14867283357_afe052b7e3_c,attack,textdiffuserft_bfei,scan,1,0.7553711,0.25233665,0.0011491776,3,3,0.032135009765625,0.180908203125,0.75537109375,0.75537109375
test/attack/textdiffuserft_bfei/scan/netherland-flickr_M_17339867026_3135c7e76f_k.jpg,netherland-flickr_M_17339867026_3135c7e76f_k,attack,textdiffuserft_bfei,scan,1,0.004634857,0.0031728745,0.003967285,3,3,0.2039794921875,0.057769775390625,0.2039794921875,0.057769775390625
test/attack/textdiffuserft_bfei/scan/netherland-flickr_M_18042193331_841d026f9a_c.jpg,netherland-flickr_M_18042193331_841d026f9a_c,attack,textdiffuserft_bfei,scan,1,0.08850098,0.03981145,0.02897644,3,3,0.0171051025390625,0.07965087890625,0.0885009765625,0.0885009765625
test/attack/textdiffuserft_bfei/scan/netherland-flickr_M_30990255070_570d17d9d4_c.jpg,netherland-flickr_M_30990255070_570d17d9d4_c,attack,textdiffuserft_bfei,scan,1,0.35424805,0.12084564,0.008003235,3,3,0.11419677734375,0.10205078125,0.354248046875,0.354248046875
test/attack/textdiffuserft_bfei/scan/netherland-flickr_M_31998818913_b87fd05689_h.jpg,netherland-flickr_M_31998818913_b87fd05689_h,attack,textdiffuserft_bfei,scan,1,0.020568848,0.0075066886,0.0011425018,3,3,0.439453125,0.058135986328125,0.439453125,0.058135986328125
test/attack/textdiffuserft_bfei/scan/netherland-flickr_M_32689636931_6ac45273df_h.jpg,netherland-flickr_M_32689636931_6ac45273df_h,attack,textdiffuserft_bfei,scan,1,0.20153809,0.06827132,0.0022697449,3,3,0.99462890625,0.0650634765625,0.99462890625,0.2015380859375
test/attack/textdiffuserft_bfei/scan/netherland-flickr_M_33297625690_76e3181f5e_c.jpg,netherland-flickr_M_33297625690_76e3181f5e_c,attack,textdiffuserft_bfei,scan,1,0.0423584,0.019101143,0.013504028,3,3,0.10601806640625,0.0455322265625,0.10601806640625,0.0455322265625
test/attack/textdiffuserft_bfei/scan/netherland-flickr_M_6501027149_988313b64f_h.jpg,netherland-flickr_M_6501027149_988313b64f_h,attack,textdiffuserft_bfei,scan,1,0.0032730103,0.0010976592,1.9550323e-05,3,3,0.2467041015625,0.06170654296875,0.2467041015625,0.06170654296875
test/attack/textdiffuserft_bfei/scan/singapore-flickr_F_19679296994_d0fc2a7ac6_o.jpg,singapore-flickr_F_19679296994_d0fc2a7ac6_o,attack,textdiffuserft_bfei,scan,1,1.0,0.39928183,0.17565918,3,3,0.17041015625,0.2135009765625,1.0,1.0
test/attack/textdiffuserft_bfei/scan/singapore-flickr_F_30532886723_e55b04664f_k.jpg,singapore-flickr_F_30532886723_e55b04664f_k,attack,textdiffuserft_bfei,scan,1,0.9995117,0.38668823,0.11804199,3,3,0.033203125,0.71044921875,0.99951171875,0.99951171875
test/attack/textdiffuserft_bfei/scan/singapore-flickr_F_31294646850_53ce869b2e_b.jpg,singapore-flickr_F_31294646850_53ce869b2e_b,attack,textdiffuserft_bfei,scan,1,0.9658203,0.37414312,0.15588379,3,3,0.0653076171875,0.480224609375,0.9658203125,0.9658203125
test/attack/textdiffuserft_bfei/scan/singapore-flickr_F_32272417100_7c8c616f37_c.jpg,singapore-flickr_F_32272417100_7c8c616f37_c,attack,textdiffuserft_bfei,scan,1,0.06530762,0.022501072,0.0019159317,3,3,0.0220184326171875,0.81884765625,0.0653076171875,0.81884765625
test/attack/textdiffuserft_bfei/scan/singapore-flickr_F_33552363961_ea0fc80afb_k.jpg,singapore-flickr_F_33552363961_ea0fc80afb_k,attack,textdiffuserft_bfei,scan,1,0.045532227,0.031758625,0.027770996,3,3,0.0120315551757812,0.30078125,0.0455322265625,0.30078125
test/attack/textdiffuserft_bfei/scan/singapore-flickr_F_40795084473_21fafd815e_c.jpg,singapore-flickr_F_40795084473_21fafd815e_c,attack,textdiffuserft_bfei,scan,1,0.6152344,0.22259188,0.051696777,3,3,0.423828125,0.1995849609375,0.615234375,0.615234375
test/attack/textdiffuserft_bfei/scan/singapore-flickr_F_9641749325_1a753f74b2_c.jpg,singapore-flickr_F_9641749325_1a753f74b2_c,attack,textdiffuserft_bfei,scan,1,0.0211792,0.013961792,0.012550354,3,3,0.1246337890625,0.66015625,0.1246337890625,0.66015625
test/attack/textdiffuserft_bfei/scan/singapore-flickr_M_15788105142_89e9bca209_k.jpg,singapore-flickr_M_15788105142_89e9bca209_k,attack,textdiffuserft_bfei,scan,1,0.99853516,0.43956503,0.30517578,3,3,0.15234375,0.1644287109375,0.99853515625,0.99853515625
test/attack/textdiffuserft_bfei/scan/singapore-flickr_M_23543328125_d9409d5ae0_c.jpg,singapore-flickr_M_23543328125_d9409d5ae0_c,attack,textdiffuserft_bfei,scan,1,0.10308838,0.06489321,0.0914917,3,3,0.10052490234375,0.5634765625,0.10308837890625,0.5634765625
test/attack/textdiffuserft_bfei/scan/singapore-flickr_M_24170605047_501e882ccc_o.jpg,singapore-flickr_M_24170605047_501e882ccc_o,attack,textdiffuserft_bfei,scan,1,1.0,0.33674708,0.010032654,3,3,0.062103271484375,0.15087890625,1.0,1.0
test/attack/textdiffuserft_bfei/scan/singapore-flickr_M_30456580904_06749c0622_c.jpg,singapore-flickr_M_30456580904_06749c0622_c,attack,textdiffuserft_bfei,scan,1,0.15405273,0.059949238,0.024475098,3,3,0.356201171875,0.9052734375,0.356201171875,0.9052734375
test/attack/textdiffuserft_bfei/scan/singapore-flickr_M_30518529884_4cf8f091df_c.jpg,singapore-flickr_M_30518529884_4cf8f091df_c,attack,textdiffuserft_bfei,scan,1,0.9995117,0.43782553,0.28173828,3,3,0.8984375,0.360595703125,0.99951171875,0.99951171875
test/attack/textdiffuserft_bfei/scan/singapore-flickr_M_31226087931_7b83422543_c.jpg,singapore-flickr_M_31226087931_7b83422543_c,attack,textdiffuserft_bfei,scan,1,0.2043457,0.095687866,0.07696533,3,3,0.035308837890625,0.818359375,0.204345703125,0.818359375
test/attack/textdiffuserft_bfei/scan/singapore-flickr_M_37019084692_714cba8ac1_k.jpg,singapore-flickr_M_37019084692_714cba8ac1_k,attack,textdiffuserft_bfei,scan,1,0.4020996,0.13521194,0.0020866394,3,3,0.0139007568359375,0.0732421875,0.402099609375,0.402099609375
test/attack/textdiffuserft_bfei/scan/singapore-flickr_M_46826659491_bab820563f_c.jpg,singapore-flickr_M_46826659491_bab820563f_c,attack,textdiffuserft_bfei,scan,1,0.015220642,0.0074424744,0.0050201416,3,3,0.04229736328125,0.1080322265625,0.04229736328125,0.1080322265625
test/attack/textdiffuserft_bfei/scan/singapore-flickr_M_50611940256_8405427c78_k.jpg,singapore-flickr_M_50611940256_8405427c78_k,attack,textdiffuserft_bfei,scan,1,0.041503906,0.022923788,0.026763916,3,3,0.070556640625,0.41845703125,0.070556640625,0.41845703125
test/bonafide/huawei/chinese2-flickr_F_16745558933_a3f9fe2bc9_k.jpg,chinese2-flickr_F_16745558933_a3f9fe2bc9_k,bonafide,,huawei,0,0.92529297,0.4958496,0.31152344,3,3,0.047088623046875,0.04229736328125,0.92529296875,0.92529296875
test/bonafide/huawei/chinese2-flickr_F_16858102101_d4c5c1e7a2_c.jpg,chinese2-flickr_F_16858102101_d4c5c1e7a2_c,bonafide,,huawei,0,0.25610352,0.14772542,0.1105957,3,3,0.9951171875,0.1087646484375,0.9951171875,0.256103515625
test/bonafide/huawei/chinese2-flickr_F_17178039488_60828ef8de_k.jpg,chinese2-flickr_F_17178039488_60828ef8de_k,bonafide,,huawei,0,0.22302246,0.10005442,0.071777344,3,3,0.04595947265625,0.04217529296875,0.2230224609375,0.2230224609375
test/bonafide/huawei/chinese2-flickr_F_17619703551_9705002b22_b.jpg,chinese2-flickr_F_17619703551_9705002b22_b,bonafide,,huawei,0,0.23937988,0.11551412,0.09185791,3,3,0.033966064453125,0.037994384765625,0.2393798828125,0.2393798828125
test/bonafide/huawei/chinese2-flickr_F_17773666675_1bdbd28a62_c.jpg,chinese2-flickr_F_17773666675_1bdbd28a62_c,bonafide,,huawei,0,0.8803711,0.48441568,0.32763672,3,3,0.37744140625,0.11285400390625,0.88037109375,0.88037109375
test/bonafide/huawei/chinese2-flickr_F_21668538829_2fb67bd5fd_c.jpg,chinese2-flickr_F_21668538829_2fb67bd5fd_c,bonafide,,huawei,0,0.7036133,0.43640137,0.39379883,3,3,0.7431640625,0.289306640625,0.7431640625,0.70361328125
test/bonafide/huawei/chinese2-flickr_F_21696826019_7407a3bea0_k.jpg,chinese2-flickr_F_21696826019_7407a3bea0_k,bonafide,,huawei,0,0.08013916,0.04612732,0.03982544,3,3,0.06939697265625,0.04388427734375,0.08013916015625,0.08013916015625
test/bonafide/huawei/chinese2-flickr_F_25164779518_a723fab6b8_o.jpg,chinese2-flickr_F_25164779518_a723fab6b8_o,bonafide,,huawei,0,0.31591797,0.1207428,0.040374756,3,3,0.998046875,0.962890625,0.998046875,0.962890625
test/bonafide/huawei/chinese2-flickr_F_25164805428_423bc49285_o.jpg,chinese2-flickr_F_25164805428_423bc49285_o,bonafide,,huawei,0,0.9482422,0.4349823,0.3371582,3,3,0.1937255859375,0.046417236328125,0.9482421875,0.9482421875
test/bonafide/huawei/chinese2-flickr_F_31196390972_be24a6067c_k.jpg,chinese2-flickr_F_31196390972_be24a6067c_k,bonafide,,huawei,0,0.30297852,0.149381,0.14123535,3,3,0.04730224609375,0.06085205078125,0.302978515625,0.302978515625
test/bonafide/huawei/chinese2-flickr_F_31226153591_900ef17f37_k.jpg,chinese2-flickr_F_31226153591_900ef17f37_k,bonafide,,huawei,0,0.99560547,0.71931964,0.8652344,3,3,0.1456298828125,0.0611572265625,0.99560546875,0.99560546875
test/bonafide/huawei/chinese2-flickr_F_31998401683_5272a75c42_c.jpg,chinese2-flickr_F_31998401683_5272a75c42_c,bonafide,,huawei,0,0.35595703,0.146722,0.083618164,3,3,0.09661865234375,0.09466552734375,0.35595703125,0.35595703125
test/bonafide/huawei/chinese2-flickr_F_31998955273_5516f4db28_h.jpg,chinese2-flickr_F_31998955273_5516f4db28_h,bonafide,,huawei,0,0.27539062,0.1276296,0.10357666,3,3,0.042510986328125,0.044097900390625,0.275390625,0.275390625
test/bonafide/huawei/chinese2-flickr_F_32689517821_bfacb0e1ba_h.jpg,chinese2-flickr_F_32689517821_bfacb0e1ba_h,bonafide,,huawei,0,0.35864258,0.20555623,0.20043945,3,3,0.8466796875,0.417724609375,0.8466796875,0.417724609375
test/bonafide/huawei/chinese2-flickr_F_33552328531_f6d5dd17b8_c.jpg,chinese2-flickr_F_33552328531_f6d5dd17b8_c,bonafide,,huawei,0,0.39501953,0.13837178,0.017852783,3,3,0.50732421875,0.263916015625,0.50732421875,0.39501953125
test/bonafide/huawei/chinese2-flickr_F_39035705701_833f3da9bf_o.jpg,chinese2-flickr_F_39035705701_833f3da9bf_o,bonafide,,huawei,0,0.36401367,0.14379263,0.06677246,3,3,0.039825439453125,0.1175537109375,0.364013671875,0.364013671875
test/bonafide/huawei/chinese2-flickr_F_40837237721_dedac367d4_c.jpg,chinese2-flickr_F_40837237721_dedac367d4_c,bonafide,,huawei,0,0.93652344,0.42240396,0.19299316,3,3,0.77001953125,0.07208251953125,0.9365234375,0.9365234375
test/bonafide/huawei/chinese2-flickr_F_48677929383_2cdc743f43_c.jpg,chinese2-flickr_F_48677929383_2cdc743f43_c,bonafide,,huawei,0,0.14501953,0.07260704,0.070495605,3,3,0.09857177734375,0.0426025390625,0.14501953125,0.14501953125
test/bonafide/huawei/chinese2-flickr_M_16743317854_732a16acc8_k.jpg,chinese2-flickr_M_16743317854_732a16acc8_k,bonafide,,huawei,0,0.3034668,0.14578414,0.13354492,3,3,0.826171875,0.04962158203125,0.826171875,0.303466796875
test/bonafide/huawei/chinese2-flickr_M_21459989349_7ab0e1ace5_k.jpg,chinese2-flickr_M_21459989349_7ab0e1ace5_k,bonafide,,huawei,0,0.17468262,0.07336569,0.044677734,3,3,0.038604736328125,0.051544189453125,0.1746826171875,0.1746826171875
test/bonafide/huawei/chinese2-flickr_M_22911363774_20c12ce7ec_c.jpg,chinese2-flickr_M_22911363774_20c12ce7ec_c,bonafide,,huawei,0,0.52197266,0.35792032,0.51953125,3,3,0.82080078125,0.045196533203125,0.82080078125,0.52197265625
test/bonafide/huawei/chinese2-flickr_M_24235235151_ae8ac31253_k.jpg,chinese2-flickr_M_24235235151_ae8ac31253_k,bonafide,,huawei,0,0.78515625,0.63411456,0.62353516,3,3,0.87744140625,0.28076171875,0.87744140625,0.78515625
test/bonafide/huawei/chinese2-flickr_M_24291592906_b097dd45e5_k.jpg,chinese2-flickr_M_24291592906_b097dd45e5_k,bonafide,,huawei,0,0.30151367,0.13433075,0.087890625,3,3,0.9931640625,0.05059814453125,0.9931640625,0.301513671875
test/bonafide/huawei/chinese2-flickr_M_26097180114_4c514c928d_c.jpg,chinese2-flickr_M_26097180114_4c514c928d_c,bonafide,,huawei,0,0.35375977,0.16651408,0.09460449,3,3,0.9755859375,0.051177978515625,0.9755859375,0.353759765625
test/bonafide/huawei/chinese2-flickr_M_30516208604_4a571cf89d_c.jpg,chinese2-flickr_M_30516208604_4a571cf89d_c,bonafide,,huawei,0,0.1998291,0.10888672,0.08929443,3,3,0.02276611328125,0.041259765625,0.1998291015625,0.1998291015625
test/bonafide/huawei/chinese2-flickr_M_30518538704_383875f8c4_c.jpg,chinese2-flickr_M_30518538704_383875f8c4_c,bonafide,,huawei,0,0.1204834,0.069096886,0.08496094,3,3,0.8251953125,0.1778564453125,0.8251953125,0.1778564453125
test/bonafide/huawei/chinese2-flickr_M_31304800026_59e0161aba_c.jpg,chinese2-flickr_M_31304800026_59e0161aba_c,bonafide,,huawei,0,0.24890137,0.12678592,0.13061523,3,3,0.9404296875,0.2001953125,0.9404296875,0.2489013671875
test/bonafide/huawei/chinese2-flickr_M_31840786965_77af814416_h.jpg,chinese2-flickr_M_31840786965_77af814416_h,bonafide,,huawei,0,0.4362793,0.2622274,0.28027344,3,3,0.371337890625,0.045196533203125,0.436279296875,0.436279296875
test/bonafide/huawei/chinese2-flickr_M_31969854474_39f84b92eb_h.jpg,chinese2-flickr_M_31969854474_39f84b92eb_h,bonafide,,huawei,0,0.28833008,0.22668457,0.27026367,3,3,0.09710693359375,0.048004150390625,0.288330078125,0.288330078125
test/bonafide/huawei/chinese2-flickr_M_32771950686_f8d5084d87_h.jpg,chinese2-flickr_M_32771950686_f8d5084d87_h,bonafide,,huawei,0,0.21069336,0.08361689,0.036865234,3,3,0.1368408203125,0.04486083984375,0.210693359375,0.210693359375
test/bonafide/huawei/chinese2-flickr_M_32812741685_462068ee90_h.jpg,chinese2-flickr_M_32812741685_462068ee90_h,bonafide,,huawei,0,0.88720703,0.3399633,0.12658691,3,3,0.039886474609375,0.045257568359375,0.88720703125,0.88720703125
test/bonafide/huawei/chinese2-flickr_M_33525327222_f112b468ed_k.jpg,chinese2-flickr_M_33525327222_f112b468ed_k,bonafide,,huawei,0,0.4975586,0.34633383,0.43017578,3,3,0.0498046875,0.09185791015625,0.49755859375,0.49755859375
test/bonafide/huawei/chinese2-flickr_M_33552319041_2631ab0a0c_c.jpg,chinese2-flickr_M_33552319041_2631ab0a0c_c,bonafide,,huawei,0,0.10546875,0.057899278,0.067993164,3,3,0.9345703125,0.251220703125,0.9345703125,0.251220703125
test/bonafide/huawei/chinese2-flickr_M_34592740762_6446ed6334_k.jpg,chinese2-flickr_M_34592740762_6446ed6334_k,bonafide,,huawei,0,0.13867188,0.09037908,0.12841797,3,3,0.0557861328125,0.05938720703125,0.138671875,0.138671875
test/bonafide/huawei/chinese2-flickr_M_3625086942_a3ed938d9c_c.jpg,chinese2-flickr_M_3625086942_a3ed938d9c_c,bonafide,,huawei,0,0.8359375,0.56066895,0.67578125,3,3,0.05865478515625,0.05194091796875,0.8359375,0.8359375
test/bonafide/huawei/chinese2-flickr_M_36353666424_ab1a94e172_k.jpg,chinese2-flickr_M_36353666424_ab1a94e172_k,bonafide,,huawei,0,0.5024414,0.32209268,0.42333984,3,3,0.046844482421875,0.040191650390625,0.50244140625,0.50244140625
test/bonafide/huawei/chinese2-flickr_M_37190875605_735b3fca0d_c.jpg,chinese2-flickr_M_37190875605_735b3fca0d_c,bonafide,,huawei,0,0.21472168,0.13740857,0.1953125,3,3,0.37744140625,0.04376220703125,0.37744140625,0.2147216796875
test/bonafide/huawei/chinese2-flickr_M_38319821984_1d6e303c3e_o.jpg,chinese2-flickr_M_38319821984_1d6e303c3e_o,bonafide,,huawei,0,0.08135986,0.05032444,0.068603516,3,3,0.97412109375,0.1474609375,0.97412109375,0.1474609375
test/bonafide/huawei/chinese2-flickr_M_38999105422_457bedeef7_o.jpg,chinese2-flickr_M_38999105422_457bedeef7_o,bonafide,,huawei,0,0.375,0.14601295,0.06188965,3,3,0.426025390625,0.042999267578125,0.426025390625,0.375
test/bonafide/huawei/chinese2-flickr_M_6850649398_5d950a2635_k.jpg,chinese2-flickr_M_6850649398_5d950a2635_k,bonafide,,huawei,0,0.1538086,0.061346233,0.030151367,3,3,0.23974609375,0.0706787109375,0.23974609375,0.15380859375
test/bonafide/huawei/netherland-flickr_F_10239917343_ca73cd29b5_h.jpg,netherland-flickr_F_10239917343_ca73cd29b5_h,bonafide,,huawei,0,0.8198242,0.27501044,0.005168915,3,3,0.05364990234375,0.05029296875,0.81982421875,0.81982421875
test/bonafide/huawei/netherland-flickr_F_20301931855_4cd18f8166_k.jpg,netherland-flickr_F_20301931855_4cd18f8166_k,bonafide,,huawei,0,0.9868164,0.32975817,0.0023097992,3,3,0.99609375,0.417236328125,0.99609375,0.98681640625
test/bonafide/huawei/netherland-flickr_F_26297818201_09eab93588_k.jpg,netherland-flickr_F_26297818201_09eab93588_k,bonafide,,huawei,0,0.23010254,0.08090019,0.011779785,3,3,0.65576171875,0.05841064453125,0.65576171875,0.2301025390625
test/bonafide/huawei/netherland-flickr_F_28051545714_ab479f15eb_k.jpg,netherland-flickr_F_28051545714_ab479f15eb_k,bonafide,,huawei,0,0.94921875,0.3356675,0.057647705,3,3,0.82080078125,0.849609375,0.94921875,0.94921875
test/bonafide/huawei/netherland-flickr_F_28630210242_e3780d0ee9_b.jpg,netherland-flickr_F_28630210242_e3780d0ee9_b,bonafide,,huawei,0,0.053009033,0.01854539,0.002199173,3,3,0.59423828125,0.252685546875,0.59423828125,0.252685546875
test/bonafide/huawei/netherland-flickr_F_31998547103_f617b19dfc_h.jpg,netherland-flickr_F_31998547103_f617b19dfc_h,bonafide,,huawei,0,0.47143555,0.16027133,0.009086609,3,3,0.1964111328125,0.09228515625,0.471435546875,0.471435546875
test/bonafide/huawei/netherland-flickr_F_31998771523_784e7e9597_h.jpg,netherland-flickr_F_31998771523_784e7e9597_h,bonafide,,huawei,0,0.04498291,0.029057503,0.0418396,3,3,0.1927490234375,0.1322021484375,0.1927490234375,0.1322021484375
test/bonafide/huawei/netherland-flickr_F_32868411313_4bb20e41db_c.jpg,netherland-flickr_F_32868411313_4bb20e41db_c,bonafide,,huawei,0,0.08459473,0.032803338,0.013587952,3,3,0.78564453125,0.2467041015625,0.78564453125,0.2467041015625
test/bonafide/huawei/netherland-flickr_F_36412358965_0ec43e5de3_c.jpg,netherland-flickr_F_36412358965_0ec43e5de3_c,bonafide,,huawei,0,0.020645142,0.007849157,0.002872467,3,3,0.3466796875,0.191650390625,0.3466796875,0.191650390625
test/bonafide/huawei/netherland-flickr_F_37019045642_0a3fa19256_k.jpg,netherland-flickr_F_37019045642_0a3fa19256_k,bonafide,,huawei,0,0.2175293,0.08451456,0.035980225,3,3,0.32568359375,0.430908203125,0.32568359375,0.430908203125
test/bonafide/huawei/netherland-flickr_F_37048326531_f8270ca4df_k.jpg,netherland-flickr_F_37048326531_f8270ca4df_k,bonafide,,huawei,0,0.92041016,0.31604004,0.025299072,3,3,0.9267578125,0.8857421875,0.9267578125,0.92041015625
test/bonafide/huawei/netherland-flickr_M_14867283357_afe052b7e3_c.jpg,netherland-flickr_M_14867283357_afe052b7e3_c,bonafide,,huawei,0,0.74365234,0.25866446,0.02809143,3,3,0.0252685546875,0.2705078125,0.74365234375,0.74365234375
test/bonafide/huawei/netherland-flickr_M_15788104622_be592061dc_k.jpg,netherland-flickr_M_15788104622_be592061dc_k,bonafide,,huawei,0,0.38891602,0.14098024,0.033691406,3,3,0.029205322265625,0.193359375,0.388916015625,0.388916015625
test/bonafide/huawei/netherland-flickr_M_17339867026_3135c7e76f_k.jpg,netherland-flickr_M_17339867026_3135c7e76f_k,bonafide,,huawei,0,0.11383057,0.055882793,0.05380249,3,3,0.33154296875,0.0411376953125,0.33154296875,0.11383056640625
test/bonafide/huawei/netherland-flickr_M_18042193331_841d026f9a_c.jpg,netherland-flickr_M_18042193331_841d026f9a_c,bonafide,,huawei,0,0.2529297,0.119968414,0.09942627,3,3,0.11114501953125,0.06610107421875,0.2529296875,0.2529296875
test/bonafide/huawei/netherland-flickr_M_19475853574_c947539b18_c.jpg,netherland-flickr_M_19475853574_c947539b18_c,bonafide,,huawei,0,0.26879883,0.09306749,0.009544373,3,3,0.114013671875,0.0667724609375,0.268798828125,0.268798828125
test/bonafide/huawei/netherland-flickr_M_21260956694_6fd7ae0222_k.jpg,netherland-flickr_M_21260956694_6fd7ae0222_k,bonafide,,huawei,0,0.21594238,0.08071963,0.023651123,3,3,0.046844482421875,0.03662109375,0.2159423828125,0.2159423828125
test/bonafide/huawei/netherland-flickr_M_23559454676_4919252d67_c.jpg,netherland-flickr_M_23559454676_4919252d67_c,bonafide,,huawei,0,0.4958496,0.166382,0.0030403137,3,3,0.0155410766601562,0.038238525390625,0.495849609375,0.495849609375
test/bonafide/huawei/netherland-flickr_M_2409019110_4f42632225_o.jpg,netherland-flickr_M_2409019110_4f42632225_o,bonafide,,huawei,0,0.5410156,0.1824894,0.0051193237,3,3,0.0125045776367187,0.10382080078125,0.541015625,0.541015625
test/bonafide/huawei/netherland-flickr_M_26828968014_910728ddd9_k.jpg,netherland-flickr_M_26828968014_910728ddd9_k,bonafide,,huawei,0,0.27026367,0.09597524,0.01612854,3,3,1.0,0.99853515625,1.0,0.99853515625
test/bonafide/huawei/netherland-flickr_M_30990255070_570d17d9d4_c.jpg,netherland-flickr_M_30990255070_570d17d9d4_c,bonafide,,huawei,0,0.18139648,0.066080414,0.016525269,3,3,0.016754150390625,0.0361328125,0.181396484375,0.181396484375
test/bonafide/huawei/netherland-flickr_M_31998389253_0a26f25b0d_h.jpg,netherland-flickr_M_31998389253_0a26f25b0d_h,bonafide,,huawei,0,0.22155762,0.07524198,0.0041656494,3,3,0.70263671875,0.13720703125,0.70263671875,0.2215576171875
test/bonafide/huawei/netherland-flickr_M_31998818913_b87fd05689_h.jpg,netherland-flickr_M_31998818913_b87fd05689_h,bonafide,,huawei,0,0.43920898,0.15138976,0.014389038,3,3,0.26513671875,0.06829833984375,0.439208984375,0.439208984375
test/bonafide/huawei/netherland-flickr_M_32689636931_6ac45273df_h.jpg,netherland-flickr_M_32689636931_6ac45273df_h,bonafide,,huawei,0,0.064819336,0.03230071,0.032073975,3,3,0.281982421875,0.1845703125,0.281982421875,0.1845703125
test/bonafide/huawei/netherland-flickr_M_33239373490_5b5df42090_k.jpg,netherland-flickr_M_33239373490_5b5df42090_k,bonafide,,huawei,0,0.077941895,0.034061592,0.02357483,3,3,0.370849609375,0.0836181640625,0.370849609375,0.0836181640625
test/bonafide/huawei/netherland-flickr_M_33276713046_c88eb6c4c8_c.jpg,netherland-flickr_M_33276713046_c88eb6c4c8_c,bonafide,,huawei,0,0.4091797,0.14191763,0.016159058,3,3,0.051025390625,0.1192626953125,0.4091796875,0.4091796875
test/bonafide/huawei/netherland-flickr_M_33297625690_76e3181f5e_c.jpg,netherland-flickr_M_33297625690_76e3181f5e_c,bonafide,,huawei,0,0.06298828,0.035462063,0.04336548,3,3,0.051849365234375,0.04638671875,0.06298828125,0.06298828125
test/bonafide/huawei/netherland-flickr_M_37190718595_78e318623b_k.jpg,netherland-flickr_M_37190718595_78e318623b_k,bonafide,,huawei,0,0.022872925,0.00829957,0.0019683838,3,3,0.95361328125,0.174560546875,0.95361328125,0.174560546875
test/bonafide/huawei/netherland-flickr_M_4188233342_8473de8906_c.jpg,netherland-flickr_M_4188233342_8473de8906_c,bonafide,,huawei,0,0.6357422,0.21432376,0.0071907043,3,3,0.11065673828125,0.283447265625,0.6357421875,0.6357421875
test/bonafide/huawei/netherland-flickr_M_6501027149_988313b64f_h.jpg,netherland-flickr_M_6501027149_988313b64f_h,bonafide,,huawei,0,0.96191406,0.4540237,0.39916992,3,3,0.849609375,0.2491455078125,0.9619140625,0.9619140625
test/bonafide/huawei/netherland-flickr_M_6862482951_78a560f107_b.jpg,netherland-flickr_M_6862482951_78a560f107_b,bonafide,,huawei,0,0.057769775,0.025801977,0.017868042,3,3,0.0260772705078125,0.09228515625,0.057769775390625,0.09228515625
test/bonafide/huawei/singapore-flickr_F_17178258920_6f5f1eedd0_k.jpg,singapore-flickr_F_17178258920_6f5f1eedd0_k,bonafide,,huawei,0,0.0013380051,0.00079409283,0.00076293945,3,3,0.90185546875,0.99072265625,0.90185546875,0.99072265625
test/bonafide/huawei/singapore-flickr_F_19679296994_d0fc2a7ac6_o.jpg,singapore-flickr_F_19679296994_d0fc2a7ac6_o,bonafide,,huawei,0,0.0074882507,0.0035131376,0.0028896332,3,3,0.31396484375,0.429443359375,0.31396484375,0.429443359375
test/bonafide/huawei/singapore-flickr_F_20411794293_d7a6aae66c_c.jpg,singapore-flickr_F_20411794293_d7a6aae66c_c,bonafide,,huawei,0,0.11529541,0.039121628,0.0013828278,3,3,0.552734375,0.412353515625,0.552734375,0.412353515625
test/bonafide/huawei/singapore-flickr_F_30532886723_e55b04664f_k.jpg,singapore-flickr_F_30532886723_e55b04664f_k,bonafide,,huawei,0,0.04348755,0.015156984,0.0018749237,3,3,0.033233642578125,0.859375,0.043487548828125,0.859375
test/bonafide/huawei/singapore-flickr_F_31294646850_53ce869b2e_b.jpg,singapore-flickr_F_31294646850_53ce869b2e_b,bonafide,,huawei,0,0.24597168,0.088443756,0.01675415,3,3,0.1104736328125,0.4990234375,0.2459716796875,0.4990234375
test/bonafide/huawei/singapore-flickr_F_32272417100_7c8c616f37_c.jpg,singapore-flickr_F_32272417100_7c8c616f37_c,bonafide,,huawei,0,0.00064849854,0.0003903707,0.00034928322,3,3,0.0148162841796875,0.783203125,0.0148162841796875,0.783203125
test/bonafide/huawei/singapore-flickr_F_33525297682_eee6031622_c.jpg,singapore-flickr_F_33525297682_eee6031622_c,bonafide,,huawei,0,0.94384766,0.3313912,0.04977417,3,3,0.022674560546875,0.497802734375,0.94384765625,0.94384765625
test/bonafide/huawei/singapore-flickr_F_33552363961_ea0fc80afb_k.jpg,singapore-flickr_F_33552363961_ea0fc80afb_k,bonafide,,huawei,0,0.02897644,0.009936889,0.0006251335,3,3,0.0189971923828125,0.419189453125,0.0289764404296875,0.419189453125
test/bonafide/huawei/singapore-flickr_F_33574462985_422fca6322_c.jpg,singapore-flickr_F_33574462985_422fca6322_c,bonafide,,huawei,0,0.09100342,0.032994587,0.0059814453,3,3,0.03607177734375,0.32470703125,0.09100341796875,0.32470703125
test/bonafide/huawei/singapore-flickr_F_36921282312_c8e6a2674d_c.jpg,singapore-flickr_F_36921282312_c8e6a2674d_c,bonafide,,huawei,0,0.006263733,0.0040919185,0.005958557,3,3,0.049072265625,0.77392578125,0.049072265625,0.77392578125
test/bonafide/huawei/singapore-flickr_F_40795084473_21fafd815e_c.jpg,singapore-flickr_F_40795084473_21fafd815e_c,bonafide,,huawei,0,0.002866745,0.0010255376,0.00019907951,3,3,0.291748046875,0.1656494140625,0.291748046875,0.1656494140625
test/bonafide/huawei/singapore-flickr_F_9641749325_1a753f74b2_c.jpg,singapore-flickr_F_9641749325_1a753f74b2_c,bonafide,,huawei,0,0.017288208,0.009356816,0.008590698,3,3,0.35546875,0.876953125,0.35546875,0.876953125
test/bonafide/huawei/singapore-flickr_M_15788105142_89e9bca209_k.jpg,singapore-flickr_M_15788105142_89e9bca209_k,bonafide,,huawei,0,0.1138916,0.04976018,0.030822754,3,3,0.07391357421875,0.1837158203125,0.1138916015625,0.1837158203125
test/bonafide/huawei/singapore-flickr_M_21893334161_8c8b011508_k.jpg,singapore-flickr_M_21893334161_8c8b011508_k,bonafide,,huawei,0,0.00894928,0.00510931,0.006290436,3,3,0.08251953125,0.232421875,0.08251953125,0.232421875
test/bonafide/huawei/singapore-flickr_M_22512816725_a88536de72_c.jpg,singapore-flickr_M_22512816725_a88536de72_c,bonafide,,huawei,0,0.0154418945,0.008026759,0.0069999695,3,3,0.0472412109375,0.1378173828125,0.0472412109375,0.1378173828125
test/bonafide/huawei/singapore-flickr_M_22942161980_136669b7da_c.jpg,singapore-flickr_M_22942161980_136669b7da_c,bonafide,,huawei,0,0.006412506,0.002401312,0.00064373016,3,3,0.229736328125,0.640625,0.229736328125,0.640625
test/bonafide/huawei/singapore-flickr_M_23543328125_d9409d5ae0_c.jpg,singapore-flickr_M_23543328125_d9409d5ae0_c,bonafide,,huawei,0,0.22302246,0.07548507,0.002872467,3,3,0.116943359375,0.1322021484375,0.2230224609375,0.2230224609375
test/bonafide/huawei/singapore-flickr_M_24170605047_501e882ccc_o.jpg,singapore-flickr_M_24170605047_501e882ccc_o,bonafide,,huawei,0,0.0053520203,0.0033303697,0.004573822,3,3,0.1953125,0.1624755859375,0.1953125,0.1624755859375
test/bonafide/huawei/singapore-flickr_M_30456580904_06749c0622_c.jpg,singapore-flickr_M_30456580904_06749c0622_c,bonafide,,huawei,0,0.029846191,0.0148893995,0.011711121,3,3,0.1328125,0.89111328125,0.1328125,0.89111328125
test/bonafide/huawei/singapore-flickr_M_30518529884_4cf8f091df_c.jpg,singapore-flickr_M_30518529884_4cf8f091df_c,bonafide,,huawei,0,0.98583984,0.33090648,0.006603241,3,3,0.137939453125,0.306640625,0.98583984375,0.98583984375
test/bonafide/huawei/singapore-flickr_M_31226087931_7b83422543_c.jpg,singapore-flickr_M_31226087931_7b83422543_c,bonafide,,huawei,0,0.0037498474,0.0020096302,0.002002716,3,3,0.057769775390625,0.12249755859375,0.057769775390625,0.12249755859375
test/bonafide/huawei/singapore-flickr_M_31226135201_5aa42a5a13_c.jpg,singapore-flickr_M_31226135201_5aa42a5a13_c,bonafide,,huawei,0,0.8779297,0.2931458,0.00090408325,3,3,0.0582275390625,0.313720703125,0.8779296875,0.8779296875
test/bonafide/huawei/singapore-flickr_M_31244514601_d2cb0773d7_c.jpg,singapore-flickr_M_31244514601_d2cb0773d7_c,bonafide,,huawei,0,0.054138184,0.03355503,0.044891357,3,3,0.038543701171875,0.1322021484375,0.05413818359375,0.1322021484375
test/bonafide/huawei/singapore-flickr_M_31340377345_6781e5f574_k.jpg,singapore-flickr_M_31340377345_6781e5f574_k,bonafide,,huawei,0,0.98828125,0.3354098,0.016464233,3,3,0.431884765625,0.1546630859375,0.98828125,0.98828125
test/bonafide/huawei/singapore-flickr_M_33525333882_5cf0c0382a_k.jpg,singapore-flickr_M_33525333882_5cf0c0382a_k,bonafide,,huawei,0,0.06304932,0.02266852,0.0038928986,3,3,0.053741455078125,0.162841796875,0.06304931640625,0.162841796875
test/bonafide/huawei/singapore-flickr_M_37019084692_714cba8ac1_k.jpg,singapore-flickr_M_37019084692_714cba8ac1_k,bonafide,,huawei,0,0.8076172,0.27116618,0.0047073364,3,3,0.03875732421875,0.08856201171875,0.8076171875,0.8076171875
test/bonafide/huawei/singapore-flickr_M_46826659491_bab820563f_c.jpg,singapore-flickr_M_46826659491_bab820563f_c,bonafide,,huawei,0,0.3942871,0.17426808,0.1227417,3,3,0.084716796875,0.07763671875,0.394287109375,0.394287109375
test/bonafide/huawei/singapore-flickr_M_50611940256_8405427c78_k.jpg,singapore-flickr_M_50611940256_8405427c78_k,bonafide,,huawei,0,0.042816162,0.018599192,0.012054443,3,3,0.10028076171875,0.40673828125,0.10028076171875,0.40673828125
test/bonafide/iphone15/chinese2-flickr_F_16745558933_a3f9fe2bc9_k.jpg,chinese2-flickr_F_16745558933_a3f9fe2bc9_k,bonafide,,iphone15,0,0.99658203,0.9532878,0.9951172,3,3,0.0679931640625,0.0438232421875,0.99658203125,0.99658203125
test/bonafide/iphone15/chinese2-flickr_F_16858102101_d4c5c1e7a2_c.jpg,chinese2-flickr_F_16858102101_d4c5c1e7a2_c,bonafide,,iphone15,0,0.99853516,0.9897461,0.9975586,3,3,0.99560546875,0.15869140625,0.99853515625,0.99853515625
test/bonafide/iphone15/chinese2-flickr_F_17178039488_60828ef8de_k.jpg,chinese2-flickr_F_17178039488_60828ef8de_k,bonafide,,iphone15,0,0.9995117,0.9749349,0.9868164,3,3,0.0367431640625,0.04351806640625,0.99951171875,0.99951171875
test/bonafide/iphone15/chinese2-flickr_F_17619703551_9705002b22_b.jpg,chinese2-flickr_F_17619703551_9705002b22_b,bonafide,,iphone15,0,0.99658203,0.9288737,0.9584961,3,3,0.06329345703125,0.0465087890625,0.99658203125,0.99658203125
test/bonafide/iphone15/chinese2-flickr_F_17773666675_1bdbd28a62_c.jpg,chinese2-flickr_F_17773666675_1bdbd28a62_c,bonafide,,iphone15,0,0.7602539,0.44628906,0.35180664,3,3,0.2462158203125,0.17626953125,0.76025390625,0.76025390625
test/bonafide/iphone15/chinese2-flickr_F_21668538829_2fb67bd5fd_c.jpg,chinese2-flickr_F_21668538829_2fb67bd5fd_c,bonafide,,iphone15,0,0.9399414,0.64137775,0.9121094,3,3,0.44482421875,0.58203125,0.93994140625,0.93994140625
test/bonafide/iphone15/chinese2-flickr_F_21696826019_7407a3bea0_k.jpg,chinese2-flickr_F_21696826019_7407a3bea0_k,bonafide,,iphone15,0,0.984375,0.59187824,0.65722656,3,3,0.0251617431640625,0.11822509765625,0.984375,0.984375
test/bonafide/iphone15/chinese2-flickr_F_25164779518_a723fab6b8_o.jpg,chinese2-flickr_F_25164779518_a723fab6b8_o,bonafide,,iphone15,0,0.5097656,0.3420817,0.4597168,3,3,0.71484375,0.9296875,0.71484375,0.9296875
test/bonafide/iphone15/chinese2-flickr_F_25164805428_423bc49285_o.jpg,chinese2-flickr_F_25164805428_423bc49285_o,bonafide,,iphone15,0,0.97753906,0.41426596,0.16223145,3,3,0.10028076171875,0.09661865234375,0.9775390625,0.9775390625
test/bonafide/iphone15/chinese2-flickr_F_30990251270_6801e68759_c.jpg,chinese2-flickr_F_30990251270_6801e68759_c,bonafide,,iphone15,0,0.9975586,0.95654297,0.97558594,3,3,0.67822265625,0.1129150390625,0.99755859375,0.99755859375
test/bonafide/iphone15/chinese2-flickr_F_31196390972_be24a6067c_k.jpg,chinese2-flickr_F_31196390972_be24a6067c_k,bonafide,,iphone15,0,0.87158203,0.5829671,0.73046875,3,3,0.145751953125,0.05145263671875,0.87158203125,0.87158203125
test/bonafide/iphone15/chinese2-flickr_F_31226153591_900ef17f37_k.jpg,chinese2-flickr_F_31226153591_900ef17f37_k,bonafide,,iphone15,0,0.7270508,0.48673502,0.5283203,3,3,0.07037353515625,0.1417236328125,0.72705078125,0.72705078125
test/bonafide/iphone15/chinese2-flickr_F_31998401683_5272a75c42_c.jpg,chinese2-flickr_F_31998401683_5272a75c42_c,bonafide,,iphone15,0,0.9916992,0.8570964,0.9355469,3,3,0.058990478515625,0.19775390625,0.99169921875,0.99169921875
test/bonafide/iphone15/chinese2-flickr_F_31998955273_5516f4db28_h.jpg,chinese2-flickr_F_31998955273_5516f4db28_h,bonafide,,iphone15,0,1.0,0.69958496,0.97216797,3,3,0.01849365234375,0.051177978515625,1.0,1.0
test/bonafide/iphone15/chinese2-flickr_F_32689517821_bfacb0e1ba_h.jpg,chinese2-flickr_F_32689517821_bfacb0e1ba_h,bonafide,,iphone15,0,0.95410156,0.4446818,0.3293457,3,3,0.411376953125,0.572265625,0.9541015625,0.9541015625
test/bonafide/iphone15/chinese2-flickr_F_33552328531_f6d5dd17b8_c.jpg,chinese2-flickr_F_33552328531_f6d5dd17b8_c,bonafide,,iphone15,0,0.8413086,0.37316895,0.24975586,3,3,0.5673828125,0.343994140625,0.84130859375,0.84130859375
test/bonafide/iphone15/chinese2-flickr_F_39035705701_833f3da9bf_o.jpg,chinese2-flickr_F_39035705701_833f3da9bf_o,bonafide,,iphone15,0,0.9580078,0.61698407,0.8491211,3,3,0.0611572265625,0.050201416015625,0.9580078125,0.9580078125
test/bonafide/iphone15/chinese2-flickr_F_40837237721_dedac367d4_c.jpg,chinese2-flickr_F_40837237721_dedac367d4_c,bonafide,,iphone15,0,0.98876953,0.5236003,0.3112793,3,3,0.548828125,0.07366943359375,0.98876953125,0.98876953125
test/bonafide/iphone15/chinese2-flickr_F_48677929383_2cdc743f43_c.jpg,chinese2-flickr_F_48677929383_2cdc743f43_c,bonafide,,iphone15,0,0.953125,0.39418158,0.22363281,3,3,0.1304931640625,0.1356201171875,0.953125,0.953125
test/bonafide/iphone15/chinese2-flickr_M_16743317854_732a16acc8_k.jpg,chinese2-flickr_M_16743317854_732a16acc8_k,bonafide,,iphone15,0,0.9296875,0.45819092,0.32128906,3,3,0.5380859375,0.0546875,0.9296875,0.9296875
test/bonafide/iphone15/chinese2-flickr_M_21459989349_7ab0e1ace5_k.jpg,chinese2-flickr_M_21459989349_7ab0e1ace5_k,bonafide,,iphone15,0,0.5449219,0.2588736,0.22802734,3,3,0.08612060546875,0.09991455078125,0.544921875,0.544921875
test/bonafide/iphone15/chinese2-flickr_M_22911363774_20c12ce7ec_c.jpg,chinese2-flickr_M_22911363774_20c12ce7ec_c,bonafide,,iphone15,0,0.96875,0.75472003,0.7236328,3,3,0.64013671875,0.045867919921875,0.96875,0.96875
test/bonafide/iphone15/chinese2-flickr_M_24235235151_ae8ac31253_k.jpg,chinese2-flickr_M_24235235151_ae8ac31253_k,bonafide,,iphone15,0,0.9995117,0.74039716,0.703125,3,3,0.359130859375,0.08050537109375,0.99951171875,0.99951171875
test/bonafide/iphone15/chinese2-flickr_M_24291592906_b097dd45e5_k.jpg,chinese2-flickr_M_24291592906_b097dd45e5_k,bonafide,,iphone15,0,0.9658203,0.6022542,0.80615234,3,3,0.9443359375,0.04949951171875,0.9658203125,0.9658203125
test/bonafide/iphone15/chinese2-flickr_M_26097180114_4c514c928d_c.jpg,chinese2-flickr_M_26097180114_4c514c928d_c,bonafide,,iphone15,0,0.99365234,0.8024089,0.81933594,3,3,0.9990234375,0.1956787109375,0.9990234375,0.99365234375
test/bonafide/iphone15/chinese2-flickr_M_30516208604_4a571cf89d_c.jpg,chinese2-flickr_M_30516208604_4a571cf89d_c,bonafide,,iphone15,0,0.99072266,0.52904254,0.5620117,3,3,0.10687255859375,0.08013916015625,0.99072265625,0.99072265625
test/bonafide/iphone15/chinese2-flickr_M_30518538704_383875f8c4_c.jpg,chinese2-flickr_M_30518538704_383875f8c4_c,bonafide,,iphone15,0,1.0,0.62422687,0.6425781,3,3,0.587890625,0.110107421875,1.0,1.0
test/bonafide/iphone15/chinese2-flickr_M_31304800026_59e0161aba_c.jpg,chinese2-flickr_M_31304800026_59e0161aba_c,bonafide,,iphone15,0,0.98779297,0.6043294,0.6801758,3,3,0.33447265625,0.07586669921875,0.98779296875,0.98779296875
test/bonafide/iphone15/chinese2-flickr_M_31840786965_77af814416_h.jpg,chinese2-flickr_M_31840786965_77af814416_h,bonafide,,iphone15,0,0.99902344,0.7751465,0.85302734,3,3,0.25830078125,0.043975830078125,0.9990234375,0.9990234375
test/bonafide/iphone15/chinese2-flickr_M_31969854474_39f84b92eb_h.jpg,chinese2-flickr_M_31969854474_39f84b92eb_h,bonafide,,iphone15,0,0.8232422,0.4754232,0.32543945,3,3,0.432373046875,0.09552001953125,0.8232421875,0.8232421875
test/bonafide/iphone15/chinese2-flickr_M_32771950686_f8d5084d87_h.jpg,chinese2-flickr_M_32771950686_f8d5084d87_h,bonafide,,iphone15,0,0.12927246,0.080454506,0.10687256,3,3,0.14306640625,0.050933837890625,0.14306640625,0.1292724609375
test/bonafide/iphone15/chinese2-flickr_M_32812741685_462068ee90_h.jpg,chinese2-flickr_M_32812741685_462068ee90_h,bonafide,,iphone15,0,0.9038086,0.4352061,0.38354492,3,3,0.05914306640625,0.042327880859375,0.90380859375,0.90380859375
test/bonafide/iphone15/chinese2-flickr_M_33525327222_f112b468ed_k.jpg,chinese2-flickr_M_33525327222_f112b468ed_k,bonafide,,iphone15,0,0.23156738,0.16328938,0.20825195,3,3,0.035064697265625,0.193115234375,0.2315673828125,0.2315673828125
test/bonafide/iphone15/chinese2-flickr_M_33552319041_2631ab0a0c_c.jpg,chinese2-flickr_M_33552319041_2631ab0a0c_c,bonafide,,iphone15,0,0.828125,0.35413614,0.17773438,3,3,0.837890625,0.062103271484375,0.837890625,0.828125
test/bonafide/iphone15/chinese2-flickr_M_34592740762_6446ed6334_k.jpg,chinese2-flickr_M_34592740762_6446ed6334_k,bonafide,,iphone15,0,0.7026367,0.4003347,0.46899414,3,3,0.0213470458984375,0.056915283203125,0.70263671875,0.70263671875
test/bonafide/iphone15/chinese2-flickr_M_3625086942_a3ed938d9c_c.jpg,chinese2-flickr_M_3625086942_a3ed938d9c_c,bonafide,,iphone15,0,0.99902344,0.69278973,0.63134766,3,3,0.042816162109375,0.044281005859375,0.9990234375,0.9990234375
test/bonafide/iphone15/chinese2-flickr_M_36353666424_ab1a94e172_k.jpg,chinese2-flickr_M_36353666424_ab1a94e172_k,bonafide,,iphone15,0,0.9667969,0.819987,0.78515625,3,3,0.386474609375,0.20751953125,0.966796875,0.966796875
test/bonafide/iphone15/chinese2-flickr_M_37190875605_735b3fca0d_c.jpg,chinese2-flickr_M_37190875605_735b3fca0d_c,bonafide,,iphone15,0,0.45629883,0.29003906,0.36035156,3,3,0.43701171875,0.1732177734375,0.456298828125,0.456298828125
test/bonafide/iphone15/chinese2-flickr_M_38319821984_1d6e303c3e_o.jpg,chinese2-flickr_M_38319821984_1d6e303c3e_o,bonafide,,iphone15,0,0.08843994,0.061719257,0.0859375,3,3,0.77685546875,0.58154296875,0.77685546875,0.58154296875
test/bonafide/iphone15/chinese2-flickr_M_38999105422_457bedeef7_o.jpg,chinese2-flickr_M_38999105422_457bedeef7_o,bonafide,,iphone15,0,0.75439453,0.34891257,0.27026367,3,3,0.95947265625,0.1351318359375,0.95947265625,0.75439453125
test/bonafide/iphone15/chinese2-flickr_M_6850649398_5d950a2635_k.jpg,chinese2-flickr_M_6850649398_5d950a2635_k,bonafide,,iphone15,0,0.8623047,0.5895386,0.84228516,3,3,0.46875,0.053192138671875,0.8623046875,0.8623046875
test/bonafide/iphone15/netherland-flickr_F_10239917343_ca73cd29b5_h.jpg,netherland-flickr_F_10239917343_ca73cd29b5_h,bonafide,,iphone15,0,0.081604004,0.034794807,0.020980835,3,3,0.329833984375,0.125732421875,0.329833984375,0.125732421875
test/bonafide/iphone15/netherland-flickr_F_20301931855_4cd18f8166_k.jpg,netherland-flickr_F_20301931855_4cd18f8166_k,bonafide,,iphone15,0,0.17248535,0.07423846,0.049041748,3,3,0.9423828125,0.05291748046875,0.9423828125,0.1724853515625
test/bonafide/iphone15/netherland-flickr_F_26297818201_09eab93588_k.jpg,netherland-flickr_F_26297818201_09eab93588_k,bonafide,,iphone15,0,0.03164673,0.012609482,0.0036849976,3,3,0.84033203125,0.2548828125,0.84033203125,0.2548828125
test/bonafide/iphone15/netherland-flickr_F_28051545714_ab479f15eb_k.jpg,netherland-flickr_F_28051545714_ab479f15eb_k,bonafide,,iphone15,0,0.09906006,0.05428791,0.06359863,3,3,0.7080078125,0.87255859375,0.7080078125,0.87255859375
test/bonafide/iphone15/netherland-flickr_F_28630210242_e3780d0ee9_b.jpg,netherland-flickr_F_28630210242_e3780d0ee9_b,bonafide,,iphone15,0,0.296875,0.15594228,0.16467285,3,3,0.52880859375,0.31787109375,0.52880859375,0.31787109375
test/bonafide/iphone15/netherland-flickr_F_31998547103_f617b19dfc_h.jpg,netherland-flickr_F_31998547103_f617b19dfc_h,bonafide,,iphone15,0,0.22143555,0.07947413,0.010635376,3,3,0.303955078125,0.07452392578125,0.303955078125,0.221435546875
test/bonafide/iphone15/netherland-flickr_F_31998771523_784e7e9597_h.jpg,netherland-flickr_F_31998771523_784e7e9597_h,bonafide,,iphone15,0,0.6479492,0.2322871,0.047332764,3,3,0.72412109375,0.177978515625,0.72412109375,0.64794921875
test/bonafide/iphone15/netherland-flickr_F_32868411313_4bb20e41db_c.jpg,netherland-flickr_F_32868411313_4bb20e41db_c,bonafide,,iphone15,0,0.13562012,0.061534245,0.047210693,3,3,0.99951171875,0.99267578125,0.99951171875,0.99267578125
test/bonafide/iphone15/netherland-flickr_F_36412358965_0ec43e5de3_c.jpg,netherland-flickr_F_36412358965_0ec43e5de3_c,bonafide,,iphone15,0,0.1529541,0.08219719,0.09161377,3,3,0.5439453125,0.097412109375,0.5439453125,0.1529541015625
test/bonafide/iphone15/netherland-flickr_F_37019045642_0a3fa19256_k.jpg,netherland-flickr_F_37019045642_0a3fa19256_k,bonafide,,iphone15,0,0.08538818,0.029499253,0.0029697418,3,3,0.34521484375,0.2493896484375,0.34521484375,0.2493896484375
test/bonafide/iphone15/netherland-flickr_F_37048326531_f8270ca4df_k.jpg,netherland-flickr_F_37048326531_f8270ca4df_k,bonafide,,iphone15,0,0.03756714,0.017332077,0.013404846,3,3,0.986328125,0.60009765625,0.986328125,0.60009765625
test/bonafide/iphone15/netherland-flickr_M_14867283357_afe052b7e3_c.jpg,netherland-flickr_M_14867283357_afe052b7e3_c,bonafide,,iphone15,0,0.3125,0.1208903,0.026184082,3,3,0.10247802734375,0.442626953125,0.3125,0.442626953125
test/bonafide/iphone15/netherland-flickr_M_15788104622_be592061dc_k.jpg,netherland-flickr_M_15788104622_be592061dc_k,bonafide,,iphone15,0,0.59277344,0.27323785,0.22387695,3,3,0.03839111328125,0.349365234375,0.5927734375,0.5927734375
test/bonafide/iphone15/netherland-flickr_M_17339867026_3135c7e76f_k.jpg,netherland-flickr_M_17339867026_3135c7e76f_k,bonafide,,iphone15,0,0.08868408,0.038975716,0.027694702,3,3,0.10699462890625,0.06097412109375,0.10699462890625,0.08868408203125
test/bonafide/iphone15/netherland-flickr_M_18042193331_841d026f9a_c.jpg,netherland-flickr_M_18042193331_841d026f9a_c,bonafide,,iphone15,0,0.11102295,0.04326884,0.009674072,3,3,0.0753173828125,0.06903076171875,0.11102294921875,0.11102294921875
test/bonafide/iphone15/netherland-flickr_M_19475853574_c947539b18_c.jpg,netherland-flickr_M_19475853574_c947539b18_c,bonafide,,iphone15,0,0.08050537,0.034940083,0.022521973,3,3,0.122314453125,0.099365234375,0.122314453125,0.099365234375
test/bonafide/iphone15/netherland-flickr_M_21260956694_6fd7ae0222_k.jpg,netherland-flickr_M_21260956694_6fd7ae0222_k,bonafide,,iphone15,0,0.38476562,0.13644028,0.017913818,3,3,0.050323486328125,0.1295166015625,0.384765625,0.384765625
test/bonafide/iphone15/netherland-flickr_M_23559454676_4919252d67_c.jpg,netherland-flickr_M_23559454676_4919252d67_c,bonafide,,iphone15,0,0.15698242,0.10329342,0.15234375,3,3,0.018157958984375,0.1026611328125,0.156982421875,0.156982421875
test/bonafide/iphone15/netherland-flickr_M_2409019110_4f42632225_o.jpg,netherland-flickr_M_2409019110_4f42632225_o,bonafide,,iphone15,0,0.0692749,0.031981945,0.025909424,3,3,0.0533447265625,0.1419677734375,0.06927490234375,0.1419677734375
test/bonafide/iphone15/netherland-flickr_M_26828968014_910728ddd9_k.jpg,netherland-flickr_M_26828968014_910728ddd9_k,bonafide,,iphone15,0,0.01159668,0.0070331893,0.0088272095,3,3,1.0,0.9794921875,1.0,0.9794921875
test/bonafide/iphone15/netherland-flickr_M_30990255070_570d17d9d4_c.jpg,netherland-flickr_M_30990255070_570d17d9d4_c,bonafide,,iphone15,0,0.014953613,0.005774975,0.0017547607,3,3,0.06695556640625,0.11578369140625,0.06695556640625,0.11578369140625
test/bonafide/iphone15/netherland-flickr_M_31998389253_0a26f25b0d_h.jpg,netherland-flickr_M_31998389253_0a26f25b0d_h,bonafide,,iphone15,0,0.037109375,0.01537927,0.008514404,3,3,0.52099609375,0.1162109375,0.52099609375,0.1162109375
test/bonafide/iphone15/netherland-flickr_M_31998818913_b87fd05689_h.jpg,netherland-flickr_M_31998818913_b87fd05689_h,bonafide,,iphone15,0,0.0047912598,0.003686269,0.0036144257,3,3,0.89208984375,0.15478515625,0.89208984375,0.15478515625
test/bonafide/iphone15/netherland-flickr_M_32689636931_6ac45273df_h.jpg,netherland-flickr_M_32689636931_6ac45273df_h,bonafide,,iphone15,0,0.9291992,0.34853616,0.11077881,3,3,0.365966796875,0.4296875,0.92919921875,0.92919921875
test/bonafide/iphone15/netherland-flickr_M_33239373490_5b5df42090_k.jpg,netherland-flickr_M_33239373490_5b5df42090_k,bonafide,,iphone15,0,0.1541748,0.05521043,0.010070801,3,3,0.03662109375,0.224853515625,0.1541748046875,0.224853515625
test/bonafide/iphone15/netherland-flickr_M_33276713046_c88eb6c4c8_c.jpg,netherland-flickr_M_33276713046_c88eb6c4c8_c,bonafide,,iphone15,0,0.07720947,0.035490673,0.028808594,3,3,0.05145263671875,0.12445068359375,0.07720947265625,0.12445068359375
test/bonafide/iphone15/netherland-flickr_M_33297625690_76e3181f5e_c.jpg,netherland-flickr_M_33297625690_76e3181f5e_c,bonafide,,iphone15,0,0.0031051636,0.0019753773,0.0018606186,3,3,0.57861328125,0.3037109375,0.57861328125,0.3037109375
test/bonafide/iphone15/netherland-flickr_M_37190718595_78e318623b_k.jpg,netherland-flickr_M_37190718595_78e318623b_k,bonafide,,iphone15,0,0.1665039,0.065223694,0.023071289,3,3,0.94775390625,0.1893310546875,0.94775390625,0.1893310546875
test/bonafide/iphone15/netherland-flickr_M_4188233342_8473de8906_c.jpg,netherland-flickr_M_4188233342_8473de8906_c,bonafide,,iphone15,0,0.14929199,0.06422933,0.04220581,3,3,0.05084228515625,0.09344482421875,0.1492919921875,0.1492919921875
test/bonafide/iphone15/netherland-flickr_M_6501027149_988313b64f_h.jpg,netherland-flickr_M_6501027149_988313b64f_h,bonafide,,iphone15,0,0.20141602,0.09037527,0.057281494,3,3,0.677734375,0.146240234375,0.677734375,0.201416015625
test/bonafide/iphone15/netherland-flickr_M_6862482951_78a560f107_b.jpg,netherland-flickr_M_6862482951_78a560f107_b,bonafide,,iphone15,0,0.039489746,0.014791727,0.0047073364,3,3,0.0770263671875,0.1103515625,0.0770263671875,0.1103515625
test/bonafide/iphone15/singapore-flickr_F_17178258920_6f5f1eedd0_k.jpg,singapore-flickr_F_17178258920_6f5f1eedd0_k,bonafide,,iphone15,0,0.32104492,0.15935071,0.15551758,3,3,0.8544921875,0.84521484375,0.8544921875,0.84521484375
test/bonafide/iphone15/singapore-flickr_F_19679296994_d0fc2a7ac6_o.jpg,singapore-flickr_F_19679296994_d0fc2a7ac6_o,bonafide,,iphone15,0,0.10522461,0.06480694,0.08758545,3,3,0.1292724609375,0.515625,0.1292724609375,0.515625
test/bonafide/iphone15/singapore-flickr_F_20411794293_d7a6aae66c_c.jpg,singapore-flickr_F_20411794293_d7a6aae66c_c,bonafide,,iphone15,0,0.5385742,0.2673931,0.2619629,3,3,0.0838623046875,0.2425537109375,0.53857421875,0.53857421875
test/bonafide/iphone15/singapore-flickr_F_30532886723_e55b04664f_k.jpg,singapore-flickr_F_30532886723_e55b04664f_k,bonafide,,iphone15,0,0.110839844,0.071939945,0.10418701,3,3,0.74365234375,0.9951171875,0.74365234375,0.9951171875
test/bonafide/iphone15/singapore-flickr_F_31294646850_53ce869b2e_b.jpg,singapore-flickr_F_31294646850_53ce869b2e_b,bonafide,,iphone15,0,0.23779297,0.08738486,0.023620605,3,3,0.118408203125,0.72412109375,0.23779296875,0.72412109375
test/bonafide/iphone15/singapore-flickr_F_32272417100_7c8c616f37_c.jpg,singapore-flickr_F_32272417100_7c8c616f37_c,bonafide,,iphone15,0,0.5649414,0.19199419,0.010902405,3,3,0.0212860107421875,0.70068359375,0.56494140625,0.70068359375
test/bonafide/iphone15/singapore-flickr_F_33525297682_eee6031622_c.jpg,singapore-flickr_F_33525297682_eee6031622_c,bonafide,,iphone15,0,0.20776367,0.07548022,0.018356323,3,3,0.47412109375,1.0,0.47412109375,1.0
test/bonafide/iphone15/singapore-flickr_F_33552363961_ea0fc80afb_k.jpg,singapore-flickr_F_33552363961_ea0fc80afb_k,bonafide,,iphone15,0,0.11199951,0.07316458,0.10736084,3,3,0.0243988037109375,0.38134765625,0.11199951171875,0.38134765625
test/bonafide/iphone15/singapore-flickr_F_33574462985_422fca6322_c.jpg,singapore-flickr_F_33574462985_422fca6322_c,bonafide,,iphone15,0,0.8149414,0.29327235,0.06329346,3,3,0.035491943359375,0.7041015625,0.81494140625,0.81494140625
test/bonafide/iphone15/singapore-flickr_F_36921282312_c8e6a2674d_c.jpg,singapore-flickr_F_36921282312_c8e6a2674d_c,bonafide,,iphone15,0,0.5517578,0.25015005,0.1973877,3,3,0.204833984375,0.87060546875,0.5517578125,0.87060546875
test/bonafide/iphone15/singapore-flickr_F_40795084473_21fafd815e_c.jpg,singapore-flickr_F_40795084473_21fafd815e_c,bonafide,,iphone15,0,0.019348145,0.009598414,0.008430481,3,3,0.198974609375,0.69287109375,0.198974609375,0.69287109375
test/bonafide/iphone15/singapore-flickr_F_9641749325_1a753f74b2_c.jpg,singapore-flickr_F_9641749325_1a753f74b2_c,bonafide,,iphone15,0,0.4255371,0.21885681,0.22961426,3,3,0.1873779296875,0.416748046875,0.425537109375,0.425537109375
test/bonafide/iphone15/singapore-flickr_M_15788105142_89e9bca209_k.jpg,singapore-flickr_M_15788105142_89e9bca209_k,bonafide,,iphone15,0,0.66796875,0.26176772,0.11407471,3,3,0.1026611328125,0.244140625,0.66796875,0.66796875
test/bonafide/iphone15/singapore-flickr_M_21893334161_8c8b011508_k.jpg,singapore-flickr_M_21893334161_8c8b011508_k,bonafide,,iphone15,0,0.3395996,0.11803627,0.012924194,3,3,0.06890869140625,0.251708984375,0.339599609375,0.339599609375
test/bonafide/iphone15/singapore-flickr_M_22512816725_a88536de72_c.jpg,singapore-flickr_M_22512816725_a88536de72_c,bonafide,,iphone15,0,0.14941406,0.053851288,0.011528015,3,3,0.04302978515625,0.189697265625,0.1494140625,0.189697265625
test/bonafide/iphone15/singapore-flickr_M_22942161980_136669b7da_c.jpg,singapore-flickr_M_22942161980_136669b7da_c,bonafide,,iphone15,0,0.22631836,0.09825007,0.066223145,3,3,0.654296875,0.751953125,0.654296875,0.751953125
test/bonafide/iphone15/singapore-flickr_M_23543328125_d9409d5ae0_c.jpg,singapore-flickr_M_23543328125_d9409d5ae0_c,bonafide,,iphone15,0,0.21472168,0.09177367,0.05883789,3,3,0.07012939453125,0.054290771484375,0.2147216796875,0.2147216796875
test/bonafide/iphone15/singapore-flickr_M_24170605047_501e882ccc_o.jpg,singapore-flickr_M_24170605047_501e882ccc_o,bonafide,,iphone15,0,0.25439453,0.09171756,0.02015686,3,3,0.62744140625,0.22900390625,0.62744140625,0.25439453125
test/bonafide/iphone15/singapore-flickr_M_30456580904_06749c0622_c.jpg,singapore-flickr_M_30456580904_06749c0622_c,bonafide,,iphone15,0,0.16589355,0.072294235,0.04714966,3,3,0.038299560546875,0.96826171875,0.1658935546875,0.96826171875
test/bonafide/iphone15/singapore-flickr_M_30518529884_4cf8f091df_c.jpg,singapore-flickr_M_30518529884_4cf8f091df_c,bonafide,,iphone15,0,0.06842041,0.02795283,0.01071167,3,3,0.080078125,0.07757568359375,0.080078125,0.07757568359375
test/bonafide/iphone15/singapore-flickr_M_31226087931_7b83422543_c.jpg,singapore-flickr_M_31226087931_7b83422543_c,bonafide,,iphone15,0,0.22607422,0.07915083,0.010192871,3,3,0.044647216796875,0.07403564453125,0.22607421875,0.22607421875
test/bonafide/iphone15/singapore-flickr_M_31226135201_5aa42a5a13_c.jpg,singapore-flickr_M_31226135201_5aa42a5a13_c,bonafide,,iphone15,0,0.22741699,0.08546416,0.028305054,3,3,0.11260986328125,0.78271484375,0.2274169921875,0.78271484375
test/bonafide/iphone15/singapore-flickr_M_31244514601_d2cb0773d7_c.jpg,singapore-flickr_M_31244514601_d2cb0773d7_c,bonafide,,iphone15,0,0.5498047,0.19716835,0.039154053,3,3,0.0165863037109375,0.11114501953125,0.5498046875,0.5498046875
test/bonafide/iphone15/singapore-flickr_M_31340377345_6781e5f574_k.jpg,singapore-flickr_M_31340377345_6781e5f574_k,bonafide,,iphone15,0,0.093566895,0.051757812,0.04547119,3,3,0.2822265625,0.7490234375,0.2822265625,0.7490234375
test/bonafide/iphone15/singapore-flickr_M_33525333882_5cf0c0382a_k.jpg,singapore-flickr_M_33525333882_5cf0c0382a_k,bonafide,,iphone15,0,0.16271973,0.057940006,0.0103302,3,3,0.07586669921875,0.0946044921875,0.1627197265625,0.1627197265625
test/bonafide/iphone15/singapore-flickr_M_37019084692_714cba8ac1_k.jpg,singapore-flickr_M_37019084692_714cba8ac1_k,bonafide,,iphone15,0,0.066223145,0.03610007,0.04083252,3,3,0.0170440673828125,0.11456298828125,0.06622314453125,0.11456298828125
test/bonafide/iphone15/singapore-flickr_M_46826659491_bab820563f_c.jpg,singapore-flickr_M_46826659491_bab820563f_c,bonafide,,iphone15,0,0.46484375,0.1821955,0.0814209,3,3,0.049346923828125,0.160888671875,0.46484375,0.46484375
test/bonafide/iphone15/singapore-flickr_M_50611940256_8405427c78_k.jpg,singapore-flickr_M_50611940256_8405427c78_k,bonafide,,iphone15,0,0.18188477,0.07424331,0.04043579,3,3,0.076171875,0.41455078125,0.181884765625,0.41455078125
test/bonafide/scan/chinese2-flickr_F_16745558933_a3f9fe2bc9_k.jpg,chinese2-flickr_F_16745558933_a3f9fe2bc9_k,bonafide,,scan,0,0.94628906,0.84684247,0.8457031,3,3,0.057220458984375,0.046112060546875,0.9462890625,0.9462890625
test/bonafide/scan/chinese2-flickr_F_16858102101_d4c5c1e7a2_c.jpg,chinese2-flickr_F_16858102101_d4c5c1e7a2_c,bonafide,,scan,0,0.9379883,0.87890625,0.9272461,3,3,0.94140625,0.053314208984375,0.94140625,0.93798828125
test/bonafide/scan/chinese2-flickr_F_17178039488_60828ef8de_k.jpg,chinese2-flickr_F_17178039488_60828ef8de_k,bonafide,,scan,0,0.9790039,0.8621419,0.9526367,3,3,0.049713134765625,0.0616455078125,0.97900390625,0.97900390625
test/bonafide/scan/chinese2-flickr_F_17619703551_9705002b22_b.jpg,chinese2-flickr_F_17619703551_9705002b22_b,bonafide,,scan,0,0.9995117,0.992513,0.99609375,3,3,0.06317138671875,0.04412841796875,0.99951171875,0.99951171875
test/bonafide/scan/chinese2-flickr_F_17773666675_1bdbd28a62_c.jpg,chinese2-flickr_F_17773666675_1bdbd28a62_c,bonafide,,scan,0,0.9941406,0.97965497,0.99072266,3,3,0.1788330078125,0.07855224609375,0.994140625,0.994140625
test/bonafide/scan/chinese2-flickr_F_21668538829_2fb67bd5fd_c.jpg,chinese2-flickr_F_21668538829_2fb67bd5fd_c,bonafide,,scan,0,0.99853516,0.87109375,0.84765625,3,3,0.8095703125,0.3359375,0.99853515625,0.99853515625
test/bonafide/scan/chinese2-flickr_F_21696826019_7407a3bea0_k.jpg,chinese2-flickr_F_21696826019_7407a3bea0_k,bonafide,,scan,0,0.92871094,0.7967122,0.8046875,3,3,0.048309326171875,0.047698974609375,0.9287109375,0.9287109375
test/bonafide/scan/chinese2-flickr_F_25164779518_a723fab6b8_o.jpg,chinese2-flickr_F_25164779518_a723fab6b8_o,bonafide,,scan,0,0.99560547,0.890625,0.98583984,3,3,0.94921875,0.2471923828125,0.99560546875,0.99560546875
test/bonafide/scan/chinese2-flickr_F_25164805428_423bc49285_o.jpg,chinese2-flickr_F_25164805428_423bc49285_o,bonafide,,scan,0,0.93066406,0.7394206,0.76171875,3,3,0.55029296875,0.062286376953125,0.9306640625,0.9306640625
test/bonafide/scan/chinese2-flickr_F_30990251270_6801e68759_c.jpg,chinese2-flickr_F_30990251270_6801e68759_c,bonafide,,scan,0,0.9814453,0.9708659,0.97509766,3,3,0.9033203125,0.1300048828125,0.9814453125,0.9814453125
test/bonafide/scan/chinese2-flickr_F_31196390972_be24a6067c_k.jpg,chinese2-flickr_F_31196390972_be24a6067c_k,bonafide,,scan,0,0.9746094,0.94970703,0.9589844,3,3,0.1943359375,0.070556640625,0.974609375,0.974609375
test/bonafide/scan/chinese2-flickr_F_31226153591_900ef17f37_k.jpg,chinese2-flickr_F_31226153591_900ef17f37_k,bonafide,,scan,0,0.9975586,0.8933919,0.8964844,3,3,0.1787109375,0.051849365234375,0.99755859375,0.99755859375
test/bonafide/scan/chinese2-flickr_F_31998401683_5272a75c42_c.jpg,chinese2-flickr_F_31998401683_5272a75c42_c,bonafide,,scan,0,0.99365234,0.8273112,0.9526367,3,3,0.1739501953125,0.091796875,0.99365234375,0.99365234375
test/bonafide/scan/chinese2-flickr_F_31998955273_5516f4db28_h.jpg,chinese2-flickr_F_31998955273_5516f4db28_h,bonafide,,scan,0,0.9970703,0.9272461,0.9902344,3,3,0.0157012939453125,0.050750732421875,0.9970703125,0.9970703125
test/bonafide/scan/chinese2-flickr_F_32689517821_bfacb0e1ba_h.jpg,chinese2-flickr_F_32689517821_bfacb0e1ba_h,bonafide,,scan,0,0.99658203,0.9005534,0.90185547,3,3,0.6103515625,0.230712890625,0.99658203125,0.99658203125
test/bonafide/scan/chinese2-flickr_F_33552328531_f6d5dd17b8_c.jpg,chinese2-flickr_F_33552328531_f6d5dd17b8_c,bonafide,,scan,0,0.9785156,0.9404297,0.9663086,3,3,0.9892578125,0.2254638671875,0.9892578125,0.978515625
test/bonafide/scan/chinese2-flickr_F_39035705701_833f3da9bf_o.jpg,chinese2-flickr_F_39035705701_833f3da9bf_o,bonafide,,scan,0,0.9902344,0.93033856,0.98339844,3,3,0.08172607421875,0.05010986328125,0.990234375,0.990234375
test/bonafide/scan/chinese2-flickr_F_40837237721_dedac367d4_c.jpg,chinese2-flickr_F_40837237721_dedac367d4_c,bonafide,,scan,0,0.99316406,0.98502606,0.9892578,3,3,0.87646484375,0.1475830078125,0.9931640625,0.9931640625
test/bonafide/scan/chinese2-flickr_F_48677929383_2cdc743f43_c.jpg,chinese2-flickr_F_48677929383_2cdc743f43_c,bonafide,,scan,0,0.96875,0.94189453,0.93310547,3,3,0.2105712890625,0.052093505859375,0.96875,0.96875
test/bonafide/scan/chinese2-flickr_M_16743317854_732a16acc8_k.jpg,chinese2-flickr_M_16743317854_732a16acc8_k,bonafide,,scan,0,0.99560547,0.9695638,0.96728516,3,3,0.83740234375,0.047027587890625,0.99560546875,0.99560546875
test/bonafide/scan/chinese2-flickr_M_21459989349_7ab0e1ace5_k.jpg,chinese2-flickr_M_21459989349_7ab0e1ace5_k,bonafide,,scan,0,1.0,0.98828125,0.99853516,3,3,0.033111572265625,0.044891357421875,1.0,1.0
test/bonafide/scan/chinese2-flickr_M_22911363774_20c12ce7ec_c.jpg,chinese2-flickr_M_22911363774_20c12ce7ec_c,bonafide,,scan,0,0.9980469,0.97721356,0.99560547,3,3,0.430419921875,0.048675537109375,0.998046875,0.998046875
test/bonafide/scan/chinese2-flickr_M_24235235151_ae8ac31253_k.jpg,chinese2-flickr_M_24235235151_ae8ac31253_k,bonafide,,scan,0,0.99853516,0.98014325,0.98828125,3,3,0.9326171875,0.0733642578125,0.99853515625,0.99853515625
test/bonafide/scan/chinese2-flickr_M_24291592906_b097dd45e5_k.jpg,chinese2-flickr_M_24291592906_b097dd45e5_k,bonafide,,scan,0,0.99902344,0.9737956,0.9975586,3,3,0.3466796875,0.051849365234375,0.9990234375,0.9990234375
test/bonafide/scan/chinese2-flickr_M_26097180114_4c514c928d_c.jpg,chinese2-flickr_M_26097180114_4c514c928d_c,bonafide,,scan,0,0.9951172,0.97005206,0.97558594,3,3,0.99609375,0.1590576171875,0.99609375,0.9951171875
test/bonafide/scan/chinese2-flickr_M_30516208604_4a571cf89d_c.jpg,chinese2-flickr_M_30516208604_4a571cf89d_c,bonafide,,scan,0,1.0,0.9720052,0.99365234,3,3,0.06561279296875,0.04638671875,1.0,1.0
test/bonafide/scan/chinese2-flickr_M_30518538704_383875f8c4_c.jpg,chinese2-flickr_M_30518538704_383875f8c4_c,bonafide,,scan,0,0.99902344,0.9401042,0.9140625,3,3,0.98828125,0.16259765625,0.9990234375,0.9990234375
test/bonafide/scan/chinese2-flickr_M_31304800026_59e0161aba_c.jpg,chinese2-flickr_M_31304800026_59e0161aba_c,bonafide,,scan,0,0.98828125,0.9793294,0.9765625,3,3,0.9140625,0.07501220703125,0.98828125,0.98828125
test/bonafide/scan/chinese2-flickr_M_31840786965_77af814416_h.jpg,chinese2-flickr_M_31840786965_77af814416_h,bonafide,,scan,0,0.9716797,0.9085286,0.89941406,3,3,0.85400390625,0.052947998046875,0.9716796875,0.9716796875
test/bonafide/scan/chinese2-flickr_M_31969854474_39f84b92eb_h.jpg,chinese2-flickr_M_31969854474_39f84b92eb_h,bonafide,,scan,0,0.99853516,0.9658203,0.9892578,3,3,0.364013671875,0.05059814453125,0.99853515625,0.99853515625
test/bonafide/scan/chinese2-flickr_M_32771950686_f8d5084d87_h.jpg,chinese2-flickr_M_32771950686_f8d5084d87_h,bonafide,,scan,0,0.9902344,0.9112956,0.96777344,3,3,0.10577392578125,0.054595947265625,0.990234375,0.990234375
test/bonafide/scan/chinese2-flickr_M_32812741685_462068ee90_h.jpg,chinese2-flickr_M_32812741685_462068ee90_h,bonafide,,scan,0,0.9975586,0.90250653,0.92089844,3,3,0.069091796875,0.0498046875,0.99755859375,0.99755859375
test/bonafide/scan/chinese2-flickr_M_33525327222_f112b468ed_k.jpg,chinese2-flickr_M_33525327222_f112b468ed_k,bonafide,,scan,0,0.99853516,0.9894206,0.9921875,3,3,0.05706787109375,0.0560302734375,0.99853515625,0.99853515625
test/bonafide/scan/chinese2-flickr_M_33552319041_2631ab0a0c_c.jpg,chinese2-flickr_M_33552319041_2631ab0a0c_c,bonafide,,scan,0,0.99853516,0.99039716,0.99072266,3,3,0.86181640625,0.09197998046875,0.99853515625,0.99853515625
test/bonafide/scan/chinese2-flickr_M_34592740762_6446ed6334_k.jpg,chinese2-flickr_M_34592740762_6446ed6334_k,bonafide,,scan,0,0.99658203,0.83951825,0.93115234,3,3,0.1044921875,0.110595703125,0.99658203125,0.99658203125
test/bonafide/scan/chinese2-flickr_M_3625086942_a3ed938d9c_c.jpg,chinese2-flickr_M_3625086942_a3ed938d9c_c,bonafide,,scan,0,0.9995117,0.9296875,0.97021484,3,3,0.154296875,0.05084228515625,0.99951171875,0.99951171875
test/bonafide/scan/chinese2-flickr_M_36353666424_ab1a94e172_k.jpg,chinese2-flickr_M_36353666424_ab1a94e172_k,bonafide,,scan,0,0.9970703,0.9767253,0.99072266,3,3,0.1370849609375,0.04931640625,0.9970703125,0.9970703125
test/bonafide/scan/chinese2-flickr_M_37190875605_735b3fca0d_c.jpg,chinese2-flickr_M_37190875605_735b3fca0d_c,bonafide,,scan,0,0.9980469,0.9295247,0.9658203,3,3,0.52685546875,0.0633544921875,0.998046875,0.998046875
test/bonafide/scan/chinese2-flickr_M_38319821984_1d6e303c3e_o.jpg,chinese2-flickr_M_38319821984_1d6e303c3e_o,bonafide,,scan,0,0.99121094,0.9428711,0.92529297,3,3,0.8134765625,0.0657958984375,0.9912109375,0.9912109375
test/bonafide/scan/chinese2-flickr_M_38999105422_457bedeef7_o.jpg,chinese2-flickr_M_38999105422_457bedeef7_o,bonafide,,scan,0,0.9995117,0.96761066,0.9941406,3,3,0.232177734375,0.0843505859375,0.99951171875,0.99951171875
test/bonafide/scan/chinese2-flickr_M_6850649398_5d950a2635_k.jpg,chinese2-flickr_M_6850649398_5d950a2635_k,bonafide,,scan,0,0.99853516,0.95751953,0.98876953,3,3,0.6943359375,0.1500244140625,0.99853515625,0.99853515625
test/bonafide/scan/netherland-flickr_F_10239917343_ca73cd29b5_h.jpg,netherland-flickr_F_10239917343_ca73cd29b5_h,bonafide,,scan,0,0.31958008,0.14974976,0.084350586,3,3,0.1468505859375,0.04693603515625,0.319580078125,0.319580078125
test/bonafide/scan/netherland-flickr_F_20301931855_4cd18f8166_k.jpg,netherland-flickr_F_20301931855_4cd18f8166_k,bonafide,,scan,0,0.3017578,0.20383199,0.28515625,3,3,0.86767578125,0.06561279296875,0.86767578125,0.3017578125
test/bonafide/scan/netherland-flickr_F_26297818201_09eab93588_k.jpg,netherland-flickr_F_26297818201_09eab93588_k,bonafide,,scan,0,0.85058594,0.28819022,0.008590698,3,3,0.7109375,0.055206298828125,0.8505859375,0.8505859375
test/bonafide/scan/netherland-flickr_F_28051545714_ab479f15eb_k.jpg,netherland-flickr_F_28051545714_ab479f15eb_k,bonafide,,scan,0,0.43286133,0.19532776,0.13256836,3,3,0.443359375,0.156005859375,0.443359375,0.432861328125
test/bonafide/scan/netherland-flickr_F_28630210242_e3780d0ee9_b.jpg,netherland-flickr_F_28630210242_e3780d0ee9_b,bonafide,,scan,0,0.5961914,0.20472781,0.014419556,3,3,0.430419921875,0.0384521484375,0.59619140625,0.59619140625
test/bonafide/scan/netherland-flickr_F_31998547103_f617b19dfc_h.jpg,netherland-flickr_F_31998547103_f617b19dfc_h,bonafide,,scan,0,0.8383789,0.31149802,0.07043457,3,3,0.414794921875,0.047119140625,0.83837890625,0.83837890625
test/bonafide/scan/netherland-flickr_F_31998771523_784e7e9597_h.jpg,netherland-flickr_F_31998771523_784e7e9597_h,bonafide,,scan,0,0.92578125,0.5401204,0.61865234,3,3,0.2225341796875,0.052947998046875,0.92578125,0.92578125
test/bonafide/scan/netherland-flickr_F_32868411313_4bb20e41db_c.jpg,netherland-flickr_F_32868411313_4bb20e41db_c,bonafide,,scan,0,0.87597656,0.68758136,0.84716797,3,3,1.0,0.869140625,1.0,0.8759765625
test/bonafide/scan/netherland-flickr_F_36412358965_0ec43e5de3_c.jpg,netherland-flickr_F_36412358965_0ec43e5de3_c,bonafide,,scan,0,0.82714844,0.28131738,0.011116028,3,3,0.34228515625,0.047882080078125,0.8271484375,0.8271484375
test/bonafide/scan/netherland-flickr_F_37019045642_0a3fa19256_k.jpg,netherland-flickr_F_37019045642_0a3fa19256_k,bonafide,,scan,0,0.14807129,0.08837668,0.115234375,3,3,0.1119384765625,0.06842041015625,0.1480712890625,0.1480712890625
test/bonafide/scan/netherland-flickr_F_37048326531_f8270ca4df_k.jpg,netherland-flickr_F_37048326531_f8270ca4df_k,bonafide,,scan,0,0.41625977,0.31774902,0.30126953,3,3,0.5615234375,0.07354736328125,0.5615234375,0.416259765625
test/bonafide/scan/netherland-flickr_M_14867283357_afe052b7e3_c.jpg,netherland-flickr_M_14867283357_afe052b7e3_c,bonafide,,scan,0,0.84521484,0.36513266,0.1730957,3,3,0.03179931640625,0.318115234375,0.84521484375,0.84521484375
test/bonafide/scan/netherland-flickr_M_15788104622_be592061dc_k.jpg,netherland-flickr_M_15788104622_be592061dc_k,bonafide,,scan,0,0.921875,0.57303876,0.6538086,3,3,0.08154296875,0.05828857421875,0.921875,0.921875
test/bonafide/scan/netherland-flickr_M_17339867026_3135c7e76f_k.jpg,netherland-flickr_M_17339867026_3135c7e76f_k,bonafide,,scan,0,0.3996582,0.2243449,0.2019043,3,3,0.1368408203125,0.04498291015625,0.399658203125,0.399658203125
test/bonafide/scan/netherland-flickr_M_18042193331_841d026f9a_c.jpg,netherland-flickr_M_18042193331_841d026f9a_c,bonafide,,scan,0,0.7211914,0.3461914,0.28344727,3,3,0.039459228515625,0.0859375,0.72119140625,0.72119140625
test/bonafide/scan/netherland-flickr_M_19475853574_c947539b18_c.jpg,netherland-flickr_M_19475853574_c947539b18_c,bonafide,,scan,0,0.66308594,0.23561859,0.034606934,3,3,0.387939453125,0.040374755859375,0.6630859375,0.6630859375
test/bonafide/scan/netherland-flickr_M_21260956694_6fd7ae0222_k.jpg,netherland-flickr_M_21260956694_6fd7ae0222_k,bonafide,,scan,0,0.7915039,0.3445231,0.2401123,3,3,0.049591064453125,0.03594970703125,0.79150390625,0.79150390625
test/bonafide/scan/netherland-flickr_M_23559454676_4919252d67_c.jpg,netherland-flickr_M_23559454676_4919252d67_c,bonafide,,scan,0,0.16625977,0.07140096,0.0368042,3,3,0.0251617431640625,0.038818359375,0.166259765625,0.166259765625
test/bonafide/scan/netherland-flickr_M_2409019110_4f42632225_o.jpg,netherland-flickr_M_2409019110_4f42632225_o,bonafide,,scan,0,0.8623047,0.31048584,0.04373169,3,3,0.0352783203125,0.0867919921875,0.8623046875,0.8623046875
test/bonafide/scan/netherland-flickr_M_26828968014_910728ddd9_k.jpg,netherland-flickr_M_26828968014_910728ddd9_k,bonafide,,scan,0,0.99609375,0.60180664,0.67089844,3,3,0.98828125,0.315673828125,0.99609375,0.99609375
test/bonafide/scan/netherland-flickr_M_30990255070_570d17d9d4_c.jpg,netherland-flickr_M_30990255070_570d17d9d4_c,bonafide,,scan,0,0.91064453,0.55826825,0.50634766,3,3,0.1734619140625,0.0389404296875,0.91064453125,0.91064453125
test/bonafide/scan/netherland-flickr_M_31998389253_0a26f25b0d_h.jpg,netherland-flickr_M_31998389253_0a26f25b0d_h,bonafide,,scan,0,0.7944336,0.35353598,0.19396973,3,3,0.94775390625,0.0443115234375,0.94775390625,0.79443359375
test/bonafide/scan/netherland-flickr_M_31998818913_b87fd05689_h.jpg,netherland-flickr_M_31998818913_b87fd05689_h,bonafide,,scan,0,0.5996094,0.29930052,0.29467773,3,3,0.48681640625,0.040191650390625,0.599609375,0.599609375
test/bonafide/scan/netherland-flickr_M_32689636931_6ac45273df_h.jpg,netherland-flickr_M_32689636931_6ac45273df_h,bonafide,,scan,0,0.92285156,0.31351152,0.015487671,3,3,0.99609375,0.07769775390625,0.99609375,0.9228515625
test/bonafide/scan/netherland-flickr_M_33239373490_5b5df42090_k.jpg,netherland-flickr_M_33239373490_5b5df42090_k,bonafide,,scan,0,0.4633789,0.31117758,0.37719727,3,3,0.1226806640625,0.07843017578125,0.46337890625,0.46337890625
test/bonafide/scan/netherland-flickr_M_33276713046_c88eb6c4c8_c.jpg,netherland-flickr_M_33276713046_c88eb6c4c8_c,bonafide,,scan,0,0.98535156,0.62858075,0.6274414,3,3,0.09814453125,0.15380859375,0.9853515625,0.9853515625
test/bonafide/scan/netherland-flickr_M_33297625690_76e3181f5e_c.jpg,netherland-flickr_M_33297625690_76e3181f5e_c,bonafide,,scan,0,0.91259766,0.62471515,0.9057617,3,3,0.1217041015625,0.047454833984375,0.91259765625,0.91259765625
test/bonafide/scan/netherland-flickr_M_37190718595_78e318623b_k.jpg,netherland-flickr_M_37190718595_78e318623b_k,bonafide,,scan,0,0.31860352,0.2069397,0.28271484,3,3,0.8671875,0.05828857421875,0.8671875,0.318603515625
test/bonafide/scan/netherland-flickr_M_4188233342_8473de8906_c.jpg,netherland-flickr_M_4188233342_8473de8906_c,bonafide,,scan,0,0.3876953,0.33276367,0.3232422,3,3,0.04248046875,0.041900634765625,0.3876953125,0.3876953125
test/bonafide/scan/netherland-flickr_M_6501027149_988313b64f_h.jpg,netherland-flickr_M_6501027149_988313b64f_h,bonafide,,scan,0,0.7265625,0.24447887,0.0052604675,3,3,0.51416015625,0.0469970703125,0.7265625,0.7265625
test/bonafide/scan/netherland-flickr_M_6862482951_78a560f107_b.jpg,netherland-flickr_M_6862482951_78a560f107_b,bonafide,,scan,0,0.9301758,0.3441442,0.09967041,3,3,0.07086181640625,0.06292724609375,0.93017578125,0.93017578125
test/bonafide/scan/singapore-flickr_F_17178258920_6f5f1eedd0_k.jpg,singapore-flickr_F_17178258920_6f5f1eedd0_k,bonafide,,scan,0,0.7675781,0.47186813,0.6479492,3,3,0.95263671875,0.99853515625,0.95263671875,0.99853515625
test/bonafide/scan/singapore-flickr_F_19679296994_d0fc2a7ac6_o.jpg,singapore-flickr_F_19679296994_d0fc2a7ac6_o,bonafide,,scan,0,0.86621094,0.5272414,0.71435547,3,3,0.15625,0.25732421875,0.8662109375,0.8662109375
test/bonafide/scan/singapore-flickr_F_20411794293_d7a6aae66c_c.jpg,singapore-flickr_F_20411794293_d7a6aae66c_c,bonafide,,scan,0,0.9199219,0.42876753,0.3635254,3,3,0.11767578125,0.352783203125,0.919921875,0.919921875
test/bonafide/scan/singapore-flickr_F_30532886723_e55b04664f_k.jpg,singapore-flickr_F_30532886723_e55b04664f_k,bonafide,,scan,0,1.0,0.6575661,0.9707031,3,3,0.058349609375,0.97216796875,1.0,1.0
test/bonafide/scan/singapore-flickr_F_31294646850_53ce869b2e_b.jpg,singapore-flickr_F_31294646850_53ce869b2e_b,bonafide,,scan,0,0.24072266,0.106999196,0.080078125,3,3,0.08819580078125,0.7861328125,0.24072265625,0.7861328125
test/bonafide/scan/singapore-flickr_F_32272417100_7c8c616f37_c.jpg,singapore-flickr_F_32272417100_7c8c616f37_c,bonafide,,scan,0,0.95996094,0.5373013,0.65185547,3,3,0.0247039794921875,0.9501953125,0.9599609375,0.9599609375
test/bonafide/scan/singapore-flickr_F_33525297682_eee6031622_c.jpg,singapore-flickr_F_33525297682_eee6031622_c,bonafide,,scan,0,0.98583984,0.6387823,0.9301758,3,3,0.295166015625,0.9912109375,0.98583984375,0.9912109375
test/bonafide/scan/singapore-flickr_F_33552363961_ea0fc80afb_k.jpg,singapore-flickr_F_33552363961_ea0fc80afb_k,bonafide,,scan,0,0.99072266,0.5853475,0.7651367,3,3,0.0276947021484375,0.389892578125,0.99072265625,0.99072265625
test/bonafide/scan/singapore-flickr_F_33574462985_422fca6322_c.jpg,singapore-flickr_F_33574462985_422fca6322_c,bonafide,,scan,0,0.99658203,0.66129524,0.9863281,3,3,0.02838134765625,0.4423828125,0.99658203125,0.99658203125
test/bonafide/scan/singapore-flickr_F_36921282312_c8e6a2674d_c.jpg,singapore-flickr_F_36921282312_c8e6a2674d_c,bonafide,,scan,0,0.99853516,0.62266415,0.8652344,3,3,0.1795654296875,0.386962890625,0.99853515625,0.99853515625
test/bonafide/scan/singapore-flickr_F_40795084473_21fafd815e_c.jpg,singapore-flickr_F_40795084473_21fafd815e_c,bonafide,,scan,0,0.95703125,0.5026453,0.55078125,3,3,0.5146484375,0.276611328125,0.95703125,0.95703125
test/bonafide/scan/singapore-flickr_F_9641749325_1a753f74b2_c.jpg,singapore-flickr_F_9641749325_1a753f74b2_c,bonafide,,scan,0,0.8666992,0.49609217,0.62060547,3,3,0.1536865234375,0.658203125,0.86669921875,0.86669921875
test/bonafide/scan/singapore-flickr_M_15788105142_89e9bca209_k.jpg,singapore-flickr_M_15788105142_89e9bca209_k,bonafide,,scan,0,0.97021484,0.60264534,0.83740234,3,3,0.1336669921875,0.327392578125,0.97021484375,0.97021484375
test/bonafide/scan/singapore-flickr_M_21893334161_8c8b011508_k.jpg,singapore-flickr_M_21893334161_8c8b011508_k,bonafide,,scan,0,0.69921875,0.37073588,0.41259766,3,3,0.04083251953125,0.465087890625,0.69921875,0.69921875
test/bonafide/scan/singapore-flickr_M_22512816725_a88536de72_c.jpg,singapore-flickr_M_22512816725_a88536de72_c,bonafide,,scan,0,0.9033203,0.37435803,0.21923828,3,3,0.1015625,0.2244873046875,0.9033203125,0.9033203125
test/bonafide/scan/singapore-flickr_M_22942161980_136669b7da_c.jpg,singapore-flickr_M_22942161980_136669b7da_c,bonafide,,scan,0,0.8588867,0.49809662,0.6347656,3,3,0.921875,0.890625,0.921875,0.890625
test/bonafide/scan/singapore-flickr_M_23543328125_d9409d5ae0_c.jpg,singapore-flickr_M_23543328125_d9409d5ae0_c,bonafide,,scan,0,0.99560547,0.63356465,0.90283203,3,3,0.0645751953125,0.05291748046875,0.99560546875,0.99560546875
test/bonafide/scan/singapore-flickr_M_24170605047_501e882ccc_o.jpg,singapore-flickr_M_24170605047_501e882ccc_o,bonafide,,scan,0,0.52978516,0.20279185,0.07659912,3,3,0.21337890625,0.1700439453125,0.52978515625,0.52978515625
test/bonafide/scan/singapore-flickr_M_30456580904_06749c0622_c.jpg,singapore-flickr_M_30456580904_06749c0622_c,bonafide,,scan,0,0.84472656,0.30848953,0.08062744,3,3,0.417724609375,0.9169921875,0.8447265625,0.9169921875
test/bonafide/scan/singapore-flickr_M_30518529884_4cf8f091df_c.jpg,singapore-flickr_M_30518529884_4cf8f091df_c,bonafide,,scan,0,0.9995117,0.6511078,0.92285156,3,3,0.90185546875,0.417724609375,0.99951171875,0.99951171875
test/bonafide/scan/singapore-flickr_M_31226087931_7b83422543_c.jpg,singapore-flickr_M_31226087931_7b83422543_c,bonafide,,scan,0,0.92529297,0.5233142,0.640625,3,3,0.03887939453125,0.37744140625,0.92529296875,0.92529296875
test/bonafide/scan/singapore-flickr_M_31226135201_5aa42a5a13_c.jpg,singapore-flickr_M_31226135201_5aa42a5a13_c,bonafide,,scan,0,0.9628906,0.39016792,0.20739746,3,3,0.32666015625,0.91552734375,0.962890625,0.962890625
test/bonafide/scan/singapore-flickr_M_31244514601_d2cb0773d7_c.jpg,singapore-flickr_M_31244514601_d2cb0773d7_c,bonafide,,scan,0,0.76708984,0.496624,0.72216797,3,3,0.019378662109375,0.2208251953125,0.76708984375,0.76708984375
test/bonafide/scan/singapore-flickr_M_31340377345_6781e5f574_k.jpg,singapore-flickr_M_31340377345_6781e5f574_k,bonafide,,scan,0,0.9970703,0.6086197,0.82177734,3,3,0.96630859375,0.39013671875,0.9970703125,0.9970703125
test/bonafide/scan/singapore-flickr_M_33525333882_5cf0c0382a_k.jpg,singapore-flickr_M_33525333882_5cf0c0382a_k,bonafide,,scan,0,0.93359375,0.32968616,0.055114746,3,3,0.275634765625,0.1939697265625,0.93359375,0.93359375
test/bonafide/scan/singapore-flickr_M_37019084692_714cba8ac1_k.jpg,singapore-flickr_M_37019084692_714cba8ac1_k,bonafide,,scan,0,0.85009766,0.48780313,0.5786133,3,3,0.016632080078125,0.08001708984375,0.85009765625,0.85009765625
test/bonafide/scan/singapore-flickr_M_46826659491_bab820563f_c.jpg,singapore-flickr_M_46826659491_bab820563f_c,bonafide,,scan,0,0.93066406,0.46455538,0.46289062,3,3,0.038238525390625,0.0523681640625,0.9306640625,0.9306640625
test/bonafide/scan/singapore-flickr_M_50611940256_8405427c78_k.jpg,singapore-flickr_M_50611940256_8405427c78_k,bonafide,,scan,0,0.7895508,0.29997954,0.107910156,3,3,0.05938720703125,0.241455078125,0.78955078125,0.78955078125
