image_path,cache_path,file_stem,traffic_type,variant,hardware_source,label,assigned_q,source_sha256,cache_sha256
test/bonafide/huawei/chinese2-flickr_F_16745558933_a3f9fe2bc9_k.jpg,data/processed/policy_c_official_test/test/bonafide/huawei/chinese2-flickr_F_16745558933_a3f9fe2bc9_k.jpg,chinese2-flickr_F_16745558933_a3f9fe2bc9_k,bonafide,,huawei,0,75,63cc450e5c80af7d1536fbd3a01ad78617ebe8ad85166b150388d3b71eee3bd2,70670c1dcd8555e91bec795c852102a5d35fc30595d0a838d3a741adc8d1a7d0
test/bonafide/huawei/chinese2-flickr_F_16858102101_d4c5c1e7a2_c.jpg,data/processed/policy_c_official_test/test/bonafide/huawei/chinese2-flickr_F_16858102101_d4c5c1e7a2_c.jpg,chinese2-flickr_F_16858102101_d4c5c1e7a2_c,bonafide,,huawei,0,83,63cb30fc0decc6d9b11749b74dab49118556064caf8d49dae2ca31058f0b9c0a,b34d0fc7a9c05f1d40ae5ee834f276edde26778725b2f15045b653bf621aa6bd
test/bonafide/huawei/chinese2-flickr_F_17178039488_60828ef8de_k.jpg,data/processed/policy_c_official_test/test/bonafide/huawei/chinese2-flickr_F_17178039488_60828ef8de_k.jpg,chinese2-flickr_F_17178039488_60828ef8de_k,bonafide,,huawei,0,81,f005e265b8e2bd82eff6145b0060713629c0d3b2793785584e260e35bde07a77,2e107140792fa62b5c26e511938ab98ec2765febebdac0313b4db26a39da3268
test/bonafide/huawei/chinese2-flickr_F_17619703551_9705002b22_b.jpg,data/processed/policy_c_official_test/test/bonafide/huawei/chinese2-flickr_F_17619703551_9705002b22_b.jpg,chinese2-flickr_F_17619703551_9705002b22_b,bonafide,,huawei,0,57,8ebbe7afcfe83f3ae3fab11ff25a407e7122b5e65bf468bf954021e162ce129d,b54dd45c905c9d5f76f009bc6ad9916d7cf10b0282680af6c956e5b05d96fa92
test/bonafide/huawei/chinese2-flickr_F_17773666675_1bdbd28a62_c.jpg,data/processed/policy_c_official_test/test/bonafide/huawei/chinese2-flickr_F_17773666675_1bdbd28a62_c.jpg,chinese2-flickr_F_17773666675_1bdbd28a62_c,bonafide,,huawei,0,57,569095ed5e0e00a5cf70349e0b7d63d81663ee33c71cd8331ce134877f5f21cb,a5e324eefb5c3152480763a78207ef347202636d84e949a3e7e188c1f2499993
test/bonafide/huawei/chinese2-flickr_F_21668538829_2fb67bd5fd_c.jpg,data/processed/policy_c_official_test/test/bonafide/huawei/chinese2-flickr_F_21668538829_2fb67bd5fd_c.jpg,chinese2-flickr_F_21668538829_2fb67bd5fd_c,bonafide,,huawei,0,51,e39ef89c6b8361bc410401201a3e9e0a7a9bda9507c4e05a0b04e65ae2746e72,eb7c98a10a51e36a2a3f5a46549f6564ad0e97415eca9789aa1a1d26f4d180bd
test/bonafide/huawei/chinese2-flickr_F_21696826019_7407a3bea0_k.jpg,data/processed/policy_c_official_test/test/bonafide/huawei/chinese2-flickr_F_21696826019_7407a3bea0_k.jpg,chinese2-flickr_F_21696826019_7407a3bea0_k,bonafide,,huawei,0,89,d04dba6ca4256a2b3fdccab8709765e269341902630153d1f2a64678ee3e2624,381e93af37bbaeb9b5c86e027ed18cf8ed009bacfcfe8a73e6bab8d49a9de186
test/bonafide/huawei/chinese2-flickr_F_25164779518_a723fab6b8_o.jpg,data/processed/policy_c_official_test/test/bonafide/huawei/chinese2-flickr_F_25164779518_a723fab6b8_o.jpg,chinese2-flickr_F_25164779518_a723fab6b8_o,bonafide,,huawei,0,61,9999863aa841a962b1f0af1306bf2ed1be27ff2db98e90976cefa877319174f0,116e12aed92d1fc7ccf66e08b1c48b7771a221c0327ba76196b8b29075bc9b12
test/bonafide/huawei/chinese2-flickr_F_25164805428_423bc49285_o.jpg,data/processed/policy_c_official_test/test/bonafide/huawei/chinese2-flickr_F_25164805428_423bc49285_o.jpg,chinese2-flickr_F_25164805428_423bc49285_o,bonafide,,huawei,0,84,1fa6b4ee377f218f56b069c749f18bf6e79cf8a639e6eb9f96bb196ee8930b3a,5aba8b406143de1ec49ee4bf01c755d0dd4d2bac0452dd96f0288067753f317f
test/bonafide/huawei/chinese2-flickr_F_30990251270_6801e68759_c.jpg,data/processed/policy_c_official_test/test/bonafide/huawei/chinese2-flickr_F_30990251270_6801e68759_c.jpg,chinese2-flickr_F_30990251270_6801e68759_c,bonafide,,huawei,0,90,fd2358bb6616501e94202d3ba835603551f7fa76bf9efb6274f6cc1c3d65f623,fd26308babd3e37bc14e22ea7176faaceff981c0d9d4a8a8a9ebbfb08b23b7ff
test/bonafide/huawei/chinese2-flickr_F_31196390972_be24a6067c_k.jpg,data/processed/policy_c_official_test/test/bonafide/huawei/chinese2-flickr_F_31196390972_be24a6067c_k.jpg,chinese2-flickr_F_31196390972_be24a6067c_k,bonafide,,huawei,0,53,2d20f37fa136f0c4c6df32e64f84ddcc640ebcfa0301f7f4194409fa4768d4b5,f7d6897344dc17e294c3a5f9a0a45e0969a96d68b7d9cbc7107515c9f2273ea2
test/bonafide/huawei/chinese2-flickr_F_31226153591_900ef17f37_k.jpg,data/processed/policy_c_official_test/test/bonafide/huawei/chinese2-flickr_F_31226153591_900ef17f37_k.jpg,chinese2-flickr_F_31226153591_900ef17f37_k,bonafide,,huawei,0,51,d020fb06fe055b20ec8849749c796debc856acc1dab5e0d431c8ea56f431d35b,5488228d5a500587371dbedc8210ab7f810b9cb8ccaaa31328f34bed090fb936
test/bonafide/huawei/chinese2-flickr_F_31998401683_5272a75c42_c.jpg,data/processed/policy_c_official_test/test/bonafide/huawei/chinese2-flickr_F_31998401683_5272a75c42_c.jpg,chinese2-flickr_F_31998401683_5272a75c42_c,bonafide,,huawei,0,60,748c726f777fc5210708c256e28602f8814604d4d8a6fa97d6c96a6a3ade4bb4,1f9c3d1cd017a7ec864fc9b7f6d31b32b898ddd5354559a9bc19ee068eb4be93
test/bonafide/huawei/chinese2-flickr_F_31998955273_5516f4db28_h.jpg,data/processed/policy_c_official_test/test/bonafide/huawei/chinese2-flickr_F_31998955273_5516f4db28_h.jpg,chinese2-flickr_F_31998955273_5516f4db28_h,bonafide,,huawei,0,71,749bc447eef3ee09d4e6ff10797201cf175df106f6290e37534193ea65bbd4ef,cb96097a5ff83a003487c500ef0e1385a0bda6eb6c530cbe80637fab5064f923
test/bonafide/huawei/chinese2-flickr_F_32689517821_bfacb0e1ba_h.jpg,data/processed/policy_c_official_test/test/bonafide/huawei/chinese2-flickr_F_32689517821_bfacb0e1ba_h.jpg,chinese2-flickr_F_32689517821_bfacb0e1ba_h,bonafide,,huawei,0,81,ff6e37f4e83344c50996163a2747b9adea05a9d999f219a59822596d825e2d9c,a192124ddba155e84de01f87766c3284bd0744a71c77430e028926af5deee5ab
test/bonafide/huawei/chinese2-flickr_F_33552328531_f6d5dd17b8_c.jpg,data/processed/policy_c_official_test/test/bonafide/huawei/chinese2-flickr_F_33552328531_f6d5dd17b8_c.jpg,chinese2-flickr_F_33552328531_f6d5dd17b8_c,bonafide,,huawei,0,90,669129468d6b53cca72d0e6e3e532166e119685af463429d85a4345d48c2780b,d687434309a3b8933cf813cec8cb46789a4819b28ffaee0141e4f181759a5904
test/bonafide/huawei/chinese2-flickr_F_39035705701_833f3da9bf_o.jpg,data/processed/policy_c_official_test/test/bonafide/huawei/chinese2-flickr_F_39035705701_833f3da9bf_o.jpg,chinese2-flickr_F_39035705701_833f3da9bf_o,bonafide,,huawei,0,88,9f488eddc182dda58be9c4a3ce970a36fac1fa4b70677f7c2e8db208037ddb48,e292d5602261be2923016b9ad51baf0d0d8c1222d3b86ab44ed6cce4bd52cb11
test/bonafide/huawei/chinese2-flickr_F_40837237721_dedac367d4_c.jpg,data/processed/policy_c_official_test/test/bonafide/huawei/chinese2-flickr_F_40837237721_dedac367d4_c.jpg,chinese2-flickr_F_40837237721_dedac367d4_c,bonafide,,huawei,0,72,039fcdf751fe2ef84006e120781e9c01e79a4d0fbf700967410734ed6da93267,25a0592949cf6b0afc49dada9b699f8867f6bcd0d48f2f3dff029c0e0a78bc32
test/bonafide/huawei/chinese2-flickr_F_48677929383_2cdc743f43_c.jpg,data/processed/policy_c_official_test/test/bonafide/huawei/chinese2-flickr_F_48677929383_2cdc743f43_c.jpg,chinese2-flickr_F_48677929383_2cdc743f43_c,bonafide,,huawei,0,53,384deb580c2020def578e48bbdb35badbf3085e5dd22aa42a6ba27cad645c7c4,5b6a6d9ef85499228d4ffc696f7d1c369ee18f576babf0b0c606f6f173210414
test/bonafide/huawei/chinese2-flickr_M_16743317854_732a16acc8_k.jpg,data/processed/policy_c_official_test/test/bonafide/huawei/chinese2-flickr_M_16743317854_732a16acc8_k.jpg,chinese2-flickr_M_16743317854_732a16acc8_k,bonafide,,huawei,0,62,f4daf4824e8b600adf449d321b98ebdacd000d4b7f97cd239085666d711c5907,879db61aabac95b958ac5eb84bf7be742fb8825b49a1b668d98802e63494a5a4
test/bonafide/huawei/chinese2-flickr_M_21459989349_7ab0e1ace5_k.jpg,data/processed/policy_c_official_test/test/bonafide/huawei/chinese2-flickr_M_21459989349_7ab0e1ace5_k.jpg,chinese2-flickr_M_21459989349_7ab0e1ace5_k,bonafide,,huawei,0,68,c480a31662f4af086297981c3c8b82dbc74a6254890736ee5b2dd5a5d6b8b6f1,7969b6a7e519f9e4580e0d93875b4babfc4bd17584b27907068d9e8bb9b4b4fc
test/bonafide/huawei/chinese2-flickr_M_22911363774_20c12ce7ec_c.jpg,data/processed/policy_c_official_test/test/bonafide/huawei/chinese2-flickr_M_22911363774_20c12ce7ec_c.jpg,chinese2-flickr_M_22911363774_20c12ce7ec_c,bonafide,,huawei,0,50,2b01d7b4f1c0edb149b694e9475b5c04f4f96da6efefc402d7ff9f75c8e9ef19,1a7a631b92e5d743baa50fa53657533b1c17a99cbd2c4a60c804ec9a86ee0016
test/bonafide/huawei/chinese2-flickr_M_24235235151_ae8ac31253_k.jpg,data/processed/policy_c_official_test/test/bonafide/huawei/chinese2-flickr_M_24235235151_ae8ac31253_k.jpg,chinese2-flickr_M_24235235151_ae8ac31253_k,bonafide,,huawei,0,60,18944354874b8b07c1a7b7db8ae8032bda145e9b9f1185376f903404c326a55e,52aea71fb82b6ca751bf444604d478afb6958e8f4d22f1a6c8359485564b000a
test/bonafide/huawei/chinese2-flickr_M_24291592906_b097dd45e5_k.jpg,data/processed/policy_c_official_test/test/bonafide/huawei/chinese2-flickr_M_24291592906_b097dd45e5_k.jpg,chinese2-flickr_M_24291592906_b097dd45e5_k,bonafide,,huawei,0,52,aea061591f73d45ad7577e9847aae48c6943d430fd742a1c307b19676b7a6d70,9fcaa49a3a521a67c64cd0610e41dab51c93233954c6908d7fe7ae67a7c54b4b
test/bonafide/huawei/chinese2-flickr_M_26097180114_4c514c928d_c.jpg,data/processed/policy_c_official_test/test/bonafide/huawei/chinese2-flickr_M_26097180114_4c514c928d_c.jpg,chinese2-flickr_M_26097180114_4c514c928d_c,bonafide,,huawei,0,73,68476c2b4ec2ad53bf8b58ab1bf1dec7f9b25df19db9f3e7d680307ac753445b,f30f963f3d9f7d37b422da8e1574590c3e263da3cd4587877073a16fc8357ea6
test/bonafide/huawei/chinese2-flickr_M_30516208604_4a571cf89d_c.jpg,data/processed/policy_c_official_test/test/bonafide/huawei/chinese2-flickr_M_30516208604_4a571cf89d_c.jpg,chinese2-flickr_M_30516208604_4a571cf89d_c,bonafide,,huawei,0,62,730939755a25a4bc0e78394a234cd258e5203819c5954cd018156bfe8cb6c60f,c3ed09a78f4b6db0d9ac43bc9c778e88e18fed3b6569bf11a11ab8a515b4b0c7
test/bonafide/huawei/chinese2-flickr_M_30518538704_383875f8c4_c.jpg,data/processed/policy_c_official_test/test/bonafide/huawei/chinese2-flickr_M_30518538704_383875f8c4_c.jpg,chinese2-flickr_M_30518538704_383875f8c4_c,bonafide,,huawei,0,84,64aa3021cb07c5617baaba38acb72f116d8d1b536dc95567ec058988ae907705,83bb73cc4561802b781bbf0240ec1d4e00ff9ccd74258b893471aeb601ad4fa1
test/bonafide/huawei/chinese2-flickr_M_31304800026_59e0161aba_c.jpg,data/processed/policy_c_official_test/test/bonafide/huawei/chinese2-flickr_M_31304800026_59e0161aba_c.jpg,chinese2-flickr_M_31304800026_59e0161aba_c,bonafide,,huawei,0,60,d41712360d07dbb8b58c248c889d7af4ce3ba96761a3ec4180b0d2e7538e9fc8,96b770a0cd045578114748b604df4e6399737139aea09843b597143d3f9b89d0
test/bonafide/huawei/chinese2-flickr_M_31840786965_77af814416_h.jpg,data/processed/policy_c_official_test/test/bonafide/huawei/chinese2-flickr_M_31840786965_77af814416_h.jpg,chinese2-flickr_M_31840786965_77af814416_h,bonafide,,huawei,0,61,8f1f7c51616cd036d4eb9a1d5efc09646ceeb7ead0e0aee64af968ccb5910ba1,0be5e2ae4b4d6599f1791960fe87a3c01a4abc32721a544eec47d08901212e15
test/bonafide/huawei/chinese2-flickr_M_31969854474_39f84b92eb_h.jpg,data/processed/policy_c_official_test/test/bonafide/huawei/chinese2-flickr_M_31969854474_39f84b92eb_h.jpg,chinese2-flickr_M_31969854474_39f84b92eb_h,bonafide,,huawei,0,60,209004213ac257caee187fcb2084f6599e6334695080fa4856fb3bb4124a86b0,11ab63a8948c9f80959d940a122861038f909a90b72edcf9b60cb53f2981c5cf
test/bonafide/huawei/chinese2-flickr_M_32771950686_f8d5084d87_h.jpg,data/processed/policy_c_official_test/test/bonafide/huawei/chinese2-flickr_M_32771950686_f8d5084d87_h.jpg,chinese2-flickr_M_32771950686_f8d5084d87_h,bonafide,,huawei,0,54,ba57713e5f2e775f59ed0f577bbcaa2042c2982a4491d145da253bc91b6b5d25,7244b5c26c254cf13c9181e8d3212df62f3ecc4413a6fed0f0d99da8e92a926b
test/bonafide/huawei/chinese2-flickr_M_32812741685_462068ee90_h.jpg,data/processed/policy_c_official_test/test/bonafide/huawei/chinese2-flickr_M_32812741685_462068ee90_h.jpg,chinese2-flickr_M_32812741685_462068ee90_h,bonafide,,huawei,0,57,5d8726c8d9f2056ea85433dbe0ee641f1a80ff64146bddb8d501400ce9d0ab27,03ebf21150c4c0500eb9f4c882e4a398a48508d2496328e2e82be16d2e7af6fd
test/bonafide/huawei/chinese2-flickr_M_33525327222_f112b468ed_k.jpg,data/processed/policy_c_official_test/test/bonafide/huawei/chinese2-flickr_M_33525327222_f112b468ed_k.jpg,chinese2-flickr_M_33525327222_f112b468ed_k,bonafide,,huawei,0,80,84aa3d30dd54a73d5d34cd027f8510c8efba7c879f505070b7a5d5446d4f50ac,5bb156b6d0e604234af25c3f32727208a0d9481d068a40987735b4fa504e50a4
test/bonafide/huawei/chinese2-flickr_M_33552319041_2631ab0a0c_c.jpg,data/processed/policy_c_official_test/test/bonafide/huawei/chinese2-flickr_M_33552319041_2631ab0a0c_c.jpg,chinese2-flickr_M_33552319041_2631ab0a0c_c,bonafide,,huawei,0,75,a1856fea095dfb43d57fba74dc19f9995ecccc7513d914da2843b84412107bd2,f63988c5f9b2a63370e40f2421c52aeb6b49305f1ffc9c1caff10f0cc3fd80a0
test/bonafide/huawei/chinese2-flickr_M_34592740762_6446ed6334_k.jpg,data/processed/policy_c_official_test/test/bonafide/huawei/chinese2-flickr_M_34592740762_6446ed6334_k.jpg,chinese2-flickr_M_34592740762_6446ed6334_k,bonafide,,huawei,0,60,6af1a0a95d0adf5b4dfd7e6deff4ee060476f9a03e40b522ce23656aff9bdf44,1562aead0136f5517ecc08b18627b32ce073f0c3b251b0dc7cae271d5bc728dd
test/bonafide/huawei/chinese2-flickr_M_3625086942_a3ed938d9c_c.jpg,data/processed/policy_c_official_test/test/bonafide/huawei/chinese2-flickr_M_3625086942_a3ed938d9c_c.jpg,chinese2-flickr_M_3625086942_a3ed938d9c_c,bonafide,,huawei,0,50,c661bb335fc4c9ae64c3bfb54765392b2cad55ab085ec20f2d9ecda247855cdc,2f174c1e97ca608c2837cffed8fb80cd9ee0633a997225744848c29f5f6e3772
test/bonafide/huawei/chinese2-flickr_M_36353666424_ab1a94e172_k.jpg,data/processed/policy_c_official_test/test/bonafide/huawei/chinese2-flickr_M_36353666424_ab1a94e172_k.jpg,chinese2-flickr_M_36353666424_ab1a94e172_k,bonafide,,huawei,0,54,20cc9c11734aeec994bfe946c59d3c3db23114ce176ba1d62b1e51321f8b8c26,4e659885d93775876a1f813bdd7424064ffd699a1df3ff7218067ef9d47d8625
test/bonafide/huawei/chinese2-flickr_M_37190875605_735b3fca0d_c.jpg,data/processed/policy_c_official_test/test/bonafide/huawei/chinese2-flickr_M_37190875605_735b3fca0d_c.jpg,chinese2-flickr_M_37190875605_735b3fca0d_c,bonafide,,huawei,0,83,5c5a203ab7e5a30a7a0abfd607964fe99f3668ff22bb25532d728ca2edbef0ef,0f4642c15ae9a2fa4b8ab9db6f4484be505e207537635ffbbbee87879a19db90
test/bonafide/huawei/chinese2-flickr_M_38319821984_1d6e303c3e_o.jpg,data/processed/policy_c_official_test/test/bonafide/huawei/chinese2-flickr_M_38319821984_1d6e303c3e_o.jpg,chinese2-flickr_M_38319821984_1d6e303c3e_o,bonafide,,huawei,0,87,76ece03667b0d92d929f7fa0ce44018377e8eb91cbafb3649dc93da6badc6e0c,143d8bd738466bbd126cf2ae683354bdcd3d06dc5331cc301314e6280bf10ee3
test/bonafide/huawei/chinese2-flickr_M_38999105422_457bedeef7_o.jpg,data/processed/policy_c_official_test/test/bonafide/huawei/chinese2-flickr_M_38999105422_457bedeef7_o.jpg,chinese2-flickr_M_38999105422_457bedeef7_o,bonafide,,huawei,0,75,5469d6e00e2c7f78c25a5503610ae33132c353a4393363de160167c33ffdc6a0,12b97a2a69b83a8b9c7d679991a456d46ae3aed2929d56e78cf3850ba1b4a57e
test/bonafide/huawei/chinese2-flickr_M_6850649398_5d950a2635_k.jpg,data/processed/policy_c_official_test/test/bonafide/huawei/chinese2-flickr_M_6850649398_5d950a2635_k.jpg,chinese2-flickr_M_6850649398_5d950a2635_k,bonafide,,huawei,0,60,384bc54253dd8839aa0c6e0b7e94be1e2fe6e4c5f41c9ab62ee50460e63ff217,c6854715da7ae0118da727275a1b461b41bdee070ca9ce05a6c6afbfb11b9d8c
test/bonafide/huawei/netherland-flickr_F_10239917343_ca73cd29b5_h.jpg,data/processed/policy_c_official_test/test/bonafide/huawei/netherland-flickr_F_10239917343_ca73cd29b5_h.jpg,netherland-flickr_F_10239917343_ca73cd29b5_h,bonafide,,huawei,0,68,9e4d2a90540748048ea6519cf03e2d23b6a3b48dd30cec0ceb72ea2e6f458769,6c644cc6a01ce3bf500d44ec942885198ca2c54584c504512773b1d94e644939
test/bonafide/huawei/netherland-flickr_F_20301931855_4cd18f8166_k.jpg,data/processed/policy_c_official_test/test/bonafide/huawei/netherland-flickr_F_20301931855_4cd18f8166_k.jpg,netherland-flickr_F_20301931855_4cd18f8166_k,bonafide,,huawei,0,73,95b29279b23c64985bd1bfc50ce4988f0b744759abef0724ad31be3355242207,35fe8e9b1912d375e1dcc6c1aed6e7cae8220a8eb7dcb6c7d669aea15bc25e0c
test/bonafide/huawei/netherland-flickr_F_26297818201_09eab93588_k.jpg,data/processed/policy_c_official_test/test/bonafide/huawei/netherland-flickr_F_26297818201_09eab93588_k.jpg,netherland-flickr_F_26297818201_09eab93588_k,bonafide,,huawei,0,77,4d1f996e59f67fdc34f65766f82a963e0c0fd68a0f8610f784719cc3e3ca2964,6004bde659e97997ed7dd03599b511efae5bcc5145b15d081422614b87581a66
test/bonafide/huawei/netherland-flickr_F_28051545714_ab479f15eb_k.jpg,data/processed/policy_c_official_test/test/bonafide/huawei/netherland-flickr_F_28051545714_ab479f15eb_k.jpg,netherland-flickr_F_28051545714_ab479f15eb_k,bonafide,,huawei,0,67,28b844c8cb797c294929bf2d7e9b58a1bd4049111759ad53128a6f4ec60e46a4,16ef0d61a54e2d19d6e47f0d9abcbadbef2d71a044b6fcd6f59bb7d9470ac302
test/bonafide/huawei/netherland-flickr_F_28630210242_e3780d0ee9_b.jpg,data/processed/policy_c_official_test/test/bonafide/huawei/netherland-flickr_F_28630210242_e3780d0ee9_b.jpg,netherland-flickr_F_28630210242_e3780d0ee9_b,bonafide,,huawei,0,67,917086288806b0e9324c8d5f83055726e3b5d97347a888e6309fb1c140cfed19,c2ac9c7995da29ac3e5752e01dab5b93d6a52c0bf7d99eacfa9af616f9b517c3
test/bonafide/huawei/netherland-flickr_F_31998547103_f617b19dfc_h.jpg,data/processed/policy_c_official_test/test/bonafide/huawei/netherland-flickr_F_31998547103_f617b19dfc_h.jpg,netherland-flickr_F_31998547103_f617b19dfc_h,bonafide,,huawei,0,71,dadbc63f0b56e5b1f482e46729d08f59c1f9cb7d6ad5f17338d544d8f5a7c5b7,14b3ea36174786a2b4c127617e0902457db71808dc2f4963b046f42eed1aca6c
test/bonafide/huawei/netherland-flickr_F_31998771523_784e7e9597_h.jpg,data/processed/policy_c_official_test/test/bonafide/huawei/netherland-flickr_F_31998771523_784e7e9597_h.jpg,netherland-flickr_F_31998771523_784e7e9597_h,bonafide,,huawei,0,54,6d63e0c14aceccf1ffde8e5cb98de731db32248672135cb3049bc69b43134302,32e80a0be84eeaa62a884fc2c17a3d2c14ad941f8cdfb15c9a4b90dab4145218
test/bonafide/huawei/netherland-flickr_F_32868411313_4bb20e41db_c.jpg,data/processed/policy_c_official_test/test/bonafide/huawei/netherland-flickr_F_32868411313_4bb20e41db_c.jpg,netherland-flickr_F_32868411313_4bb20e41db_c,bonafide,,huawei,0,56,78a463945ffad6aa14bd496ce5b81e8d3c640beec4af048e61e6cd2821e5b6f1,a625bb365231de8109c9d0fe8e2b69c66d4c37556fa334a03eec2a37407b4623
test/bonafide/huawei/netherland-flickr_F_36412358965_0ec43e5de3_c.jpg,data/processed/policy_c_official_test/test/bonafide/huawei/netherland-flickr_F_36412358965_0ec43e5de3_c.jpg,netherland-flickr_F_36412358965_0ec43e5de3_c,bonafide,,huawei,0,63,96513331d4a344e08471b38f94c977b0dc27e06ea563efe8faa91af5b505328c,caeaaec4899eee4f8297554b863c6577af1d1b9e246a3b0b0de2143331c1b87c
test/bonafide/huawei/netherland-flickr_F_37019045642_0a3fa19256_k.jpg,data/processed/policy_c_official_test/test/bonafide/huawei/netherland-flickr_F_37019045642_0a3fa19256_k.jpg,netherland-flickr_F_37019045642_0a3fa19256_k,bonafide,,huawei,0,82,f0253887948aa00ee655556dfbc5144de5584d313568d59451aa3f2609bc16c9,696dd7c40279bc112430aca1122f73f47253deadcdd2e3dd8a426de85e004af9
test/bonafide/huawei/netherland-flickr_F_37048326531_f8270ca4df_k.jpg,data/processed/policy_c_official_test/test/bonafide/huawei/netherland-flickr_F_37048326531_f8270ca4df_k.jpg,netherland-flickr_F_37048326531_f8270ca4df_k,bonafide,,huawei,0,77,6d5cef64c5c20b21813bd0f76286a4d8d83ee26ac7e3bf42b011def570392f75,d40bd3f3c9c3331ece6c1ad73bf7d11db9e9fcc8525fec46fcd814fb070cb38c
test/bonafide/huawei/netherland-flickr_M_14867283357_afe052b7e3_c.jpg,data/processed/policy_c_official_test/test/bonafide/huawei/netherland-flickr_M_14867283357_afe052b7e3_c.jpg,netherland-flickr_M_14867283357_afe052b7e3_c,bonafide,,huawei,0,65,9bbbc3f3bfdf6d0342f7713c8df7e28edc19514803303b3603c1b30dad830ca5,af0d0fab6e47c9117f26eb071b92b50294c90892de61fad5d1aac9ad7eb2d1c1
test/bonafide/huawei/netherland-flickr_M_15788104622_be592061dc_k.jpg,data/processed/policy_c_official_test/test/bonafide/huawei/netherland-flickr_M_15788104622_be592061dc_k.jpg,netherland-flickr_M_15788104622_be592061dc_k,bonafide,,huawei,0,71,fe33a64f6e85bde65643e15d84f70f958725c4b6b0387245ac678f2ba426d541,dfbef3d5a45e5cc68e2b5e6c27d393cee8adb3848debeb6d7860b85dbfd9210c
test/bonafide/huawei/netherland-flickr_M_17339867026_3135c7e76f_k.jpg,data/processed/policy_c_official_test/test/bonafide/huawei/netherland-flickr_M_17339867026_3135c7e76f_k.jpg,netherland-flickr_M_17339867026_3135c7e76f_k,bonafide,,huawei,0,60,faf4ccdd2ed322192e107b87750cdea7d484c8692db02c3b4d412100a5ba8226,326ddd4c499e16d22bcaf153bed6abc48256621515639aa752655556bc1a7295
test/bonafide/huawei/netherland-flickr_M_18042193331_841d026f9a_c.jpg,data/processed/policy_c_official_test/test/bonafide/huawei/netherland-flickr_M_18042193331_841d026f9a_c.jpg,netherland-flickr_M_18042193331_841d026f9a_c,bonafide,,huawei,0,68,49cd385ac96680af806dac5a7d2746168b39f483ad7c333ab58eddd453adfd77,c5834e2402cfb210e7dcadfc5ad314be97b03a035ae255a024749f52e3026276
test/bonafide/huawei/netherland-flickr_M_19475853574_c947539b18_c.jpg,data/processed/policy_c_official_test/test/bonafide/huawei/netherland-flickr_M_19475853574_c947539b18_c.jpg,netherland-flickr_M_19475853574_c947539b18_c,bonafide,,huawei,0,58,a3653e69b3cc6f0b42904dc894d86d65ede437fb0c5a7f2a6726df2539bb6e86,ad04dbfb1f5b58d2dcc349e06c14cfab510f55825336828f78694d8d2cedaf9d
test/bonafide/huawei/netherland-flickr_M_21260956694_6fd7ae0222_k.jpg,data/processed/policy_c_official_test/test/bonafide/huawei/netherland-flickr_M_21260956694_6fd7ae0222_k.jpg,netherland-flickr_M_21260956694_6fd7ae0222_k,bonafide,,huawei,0,79,8bd1ac8769c7450b910c9fd14703a2092867ab08af27a3c663fb7f1d9f15d611,dde71840717f6162e98ae5e8ec26751a8096bd781457c6cd0e7de8baef152d6a
test/bonafide/huawei/netherland-flickr_M_23559454676_4919252d67_c.jpg,data/processed/policy_c_official_test/test/bonafide/huawei/netherland-flickr_M_23559454676_4919252d67_c.jpg,netherland-flickr_M_23559454676_4919252d67_c,bonafide,,huawei,0,77,85bd73032c545a97fd4066f5b8212623a2233fcec6292ba5d439c882de054853,1a0de789fda5937c736f9aba90285c858a60f1a4b28e7bd5a01cd451159d7ef8
test/bonafide/huawei/netherland-flickr_M_2409019110_4f42632225_o.jpg,data/processed/policy_c_official_test/test/bonafide/huawei/netherland-flickr_M_2409019110_4f42632225_o.jpg,netherland-flickr_M_2409019110_4f42632225_o,bonafide,,huawei,0,77,79764d2d0f8259b20c16b3e44dbd98d3efa1bcb45dc92c4a573484ce5581d869,c07c26950b057e2d93931f265191e6f37f7e0e34a18a55ef4f70e539941dae9a
test/bonafide/huawei/netherland-flickr_M_26828968014_910728ddd9_k.jpg,data/processed/policy_c_official_test/test/bonafide/huawei/netherland-flickr_M_26828968014_910728ddd9_k.jpg,netherland-flickr_M_26828968014_910728ddd9_k,bonafide,,huawei,0,52,4481a6f480e3ec613b728a1ec497ee08933d53b43e46bbe185f897e66919910d,a6100e905d549ba8c05679075582395e2b1ecec047ca904f79912622ea37fc5c
test/bonafide/huawei/netherland-flickr_M_30990255070_570d17d9d4_c.jpg,data/processed/policy_c_official_test/test/bonafide/huawei/netherland-flickr_M_30990255070_570d17d9d4_c.jpg,netherland-flickr_M_30990255070_570d17d9d4_c,bonafide,,huawei,0,81,ebb8f86da24d1525aed4501ab88232669ba292b3148c08fec6c899e3dc220351,4e2cfaee262c96f55c91ade628e9a60b3fc0c2d3c15177ec2167700ed4f315ec
test/bonafide/huawei/netherland-flickr_M_31998389253_0a26f25b0d_h.jpg,data/processed/policy_c_official_test/test/bonafide/huawei/netherland-flickr_M_31998389253_0a26f25b0d_h.jpg,netherland-flickr_M_31998389253_0a26f25b0d_h,bonafide,,huawei,0,67,59d6f5e27a0a5a3645ef2bc3c0ab960b7e7ca6b825a4270b338026afde91c6f8,80097107a3110d0a0e612178936af7176c8c3fe10dc6cfe4e9163ca62d640638
test/bonafide/huawei/netherland-flickr_M_31998818913_b87fd05689_h.jpg,data/processed/policy_c_official_test/test/bonafide/huawei/netherland-flickr_M_31998818913_b87fd05689_h.jpg,netherland-flickr_M_31998818913_b87fd05689_h,bonafide,,huawei,0,77,fbf91877dd03958891fcd2af1301999bf4f0c38e5e1aecffd8c4e71f632a459d,07f8a707bfec8d64f946dc0ed8bbc0cfa4a3a9bf1a5f104366ad1606845b85d8
test/bonafide/huawei/netherland-flickr_M_32689636931_6ac45273df_h.jpg,data/processed/policy_c_official_test/test/bonafide/huawei/netherland-flickr_M_32689636931_6ac45273df_h.jpg,netherland-flickr_M_32689636931_6ac45273df_h,bonafide,,huawei,0,87,94e9ae5ecc3b9337dbaf2aec995f0aefda5ce4dd55283fdc026998f2fb6477f8,e1ec4dc2071812834c5bf99d1c3bc7a3b39b82a99cc24f349249bab2a6116a7c
test/bonafide/huawei/netherland-flickr_M_33239373490_5b5df42090_k.jpg,data/processed/policy_c_official_test/test/bonafide/huawei/netherland-flickr_M_33239373490_5b5df42090_k.jpg,netherland-flickr_M_33239373490_5b5df42090_k,bonafide,,huawei,0,87,351a1192771f1b5ce63c0a225ef2413e6dfedcabe366c44bb4b0976611dc1e8e,6689202e1128f38b8e158d7a12d0c076e9e0984cf48f6d9fbcd471d1a860626d
test/bonafide/huawei/netherland-flickr_M_33276713046_c88eb6c4c8_c.jpg,data/processed/policy_c_official_test/test/bonafide/huawei/netherland-flickr_M_33276713046_c88eb6c4c8_c.jpg,netherland-flickr_M_33276713046_c88eb6c4c8_c,bonafide,,huawei,0,78,690719787cb04d7624997ecf1c7c10bbc76c6c10a9d0e1e6c7bdfbf45f4c8491,42fc54a270c2f2297c192851c2acae3402a3e69a19655e991212332b10e153ce
test/bonafide/huawei/netherland-flickr_M_33297625690_76e3181f5e_c.jpg,data/processed/policy_c_official_test/test/bonafide/huawei/netherland-flickr_M_33297625690_76e3181f5e_c.jpg,netherland-flickr_M_33297625690_76e3181f5e_c,bonafide,,huawei,0,68,d630651821a183a244456cb652d6a3ebeaca8f09645622620d279cdfc968aa00,7d66b8b8288160e7478cdb139b149c153c075e99ce692e61178bc1cf7ab3a103
test/bonafide/huawei/netherland-flickr_M_37190718595_78e318623b_k.jpg,data/processed/policy_c_official_test/test/bonafide/huawei/netherland-flickr_M_37190718595_78e318623b_k.jpg,netherland-flickr_M_37190718595_78e318623b_k,bonafide,,huawei,0,78,079c76862fd44147936e93bade5f929fad7d8318eb01d05948605857035d0ddc,192aaefe0f06d9467865da153179ac098badecbd4f44edc87ee5a6624c93cb9c
test/bonafide/huawei/netherland-flickr_M_4188233342_8473de8906_c.jpg,data/processed/policy_c_official_test/test/bonafide/huawei/netherland-flickr_M_4188233342_8473de8906_c.jpg,netherland-flickr_M_4188233342_8473de8906_c,bonafide,,huawei,0,66,474798709b20fa3b66e4213d5485be6e370684e300083d1b94a96c10d4bb7a0e,0ca7298025864b41a03af195aa9fe7b03f578fa347f541b70273cf22eb5539c5
test/bonafide/huawei/netherland-flickr_M_6501027149_988313b64f_h.jpg,data/processed/policy_c_official_test/test/bonafide/huawei/netherland-flickr_M_6501027149_988313b64f_h.jpg,netherland-flickr_M_6501027149_988313b64f_h,bonafide,,huawei,0,51,22e6d1eb35e26ccd8f6d449614b10d5974f4069f3db90489cf4f4a115967b417,afe7c444540d9813405a9a4490aa579c1f0199bf1e5765805ec9be162e903f0d
test/bonafide/huawei/netherland-flickr_M_6862482951_78a560f107_b.jpg,data/processed/policy_c_official_test/test/bonafide/huawei/netherland-flickr_M_6862482951_78a560f107_b.jpg,netherland-flickr_M_6862482951_78a560f107_b,bonafide,,huawei,0,53,223d4986ab42b0f0770332aa6c52679772600ee356f68009a998e8a9551a4fb2,d19f85816cf6d7df13c68ea4b23ffac7088fa25f7a31bce19446f3c035c5d8bf
test/bonafide/huawei/singapore-flickr_F_17178258920_6f5f1eedd0_k.jpg,data/processed/policy_c_official_test/test/bonafide/huawei/singapore-flickr_F_17178258920_6f5f1eedd0_k.jpg,singapore-flickr_F_17178258920_6f5f1eedd0_k,bonafide,,huawei,0,60,1c5ca9b5aa4e751f0817be024659153fed88a0050c3384586783f86d21233227,c44d0a075b50816a8395e06e47c24b85d33e8ffe828606e2beed122ba5b3fa3f
test/bonafide/huawei/singapore-flickr_F_19679296994_d0fc2a7ac6_o.jpg,data/processed/policy_c_official_test/test/bonafide/huawei/singapore-flickr_F_19679296994_d0fc2a7ac6_o.jpg,singapore-flickr_F_19679296994_d0fc2a7ac6_o,bonafide,,huawei,0,56,4e02c84faa25e85a61ff8ede6e55b2e82810369919c1aa1a9bb3800eb48a987d,ef3471af1c13c053faf5778b2bd0b2fb5d8a18eb472014ddf3c97365339963c3
test/bonafide/huawei/singapore-flickr_F_20411794293_d7a6aae66c_c.jpg,data/processed/policy_c_official_test/test/bonafide/huawei/singapore-flickr_F_20411794293_d7a6aae66c_c.jpg,singapore-flickr_F_20411794293_d7a6aae66c_c,bonafide,,huawei,0,73,6fbd68f6301bd7fc493b42073204444053e0af1cd42729c0abf81f5e472f698e,594fe1601537625a843c74c6bbd1c34945d040b655ad9b896dd007ef0cfc8cf3
test/bonafide/huawei/singapore-flickr_F_30532886723_e55b04664f_k.jpg,data/processed/policy_c_official_test/test/bonafide/huawei/singapore-flickr_F_30532886723_e55b04664f_k.jpg,singapore-flickr_F_30532886723_e55b04664f_k,bonafide,,huawei,0,67,832529a8e9a00022a3b8927abac5449cb64cceedda438a8644a4800594b31d85,0472e46eafcb5b13caf4da01ef4d3baf3cfdd2c7fdbb56dcd44448431c72459f
test/bonafide/huawei/singapore-flickr_F_31294646850_53ce869b2e_b.jpg,data/processed/policy_c_official_test/test/bonafide/huawei/singapore-flickr_F_31294646850_53ce869b2e_b.jpg,singapore-flickr_F_31294646850_53ce869b2e_b,bonafide,,huawei,0,63,c814a419fb8cd0b9d85fe5312a5d388c413052ef647ec0ccda19de33335df9d9,72bfd329a5cf960a19fb4cadce9a2572bd7afbe42378aebccfae4e890856d643
test/bonafide/huawei/singapore-flickr_F_32272417100_7c8c616f37_c.jpg,data/processed/policy_c_official_test/test/bonafide/huawei/singapore-flickr_F_32272417100_7c8c616f37_c.jpg,singapore-flickr_F_32272417100_7c8c616f37_c,bonafide,,huawei,0,71,a8e41d820b7a68f53347bb10bdb260901d4d98db732df64f0f65d75718ac3558,e59ad6b1a4d4910a9b8a3b0d09c6d8846293188803fa153620be4208fc182944
test/bonafide/huawei/singapore-flickr_F_33525297682_eee6031622_c.jpg,data/processed/policy_c_official_test/test/bonafide/huawei/singapore-flickr_F_33525297682_eee6031622_c.jpg,singapore-flickr_F_33525297682_eee6031622_c,bonafide,,huawei,0,50,b083ffea0864b128c1b9462a811983fbf6bc880fa5486a7c13671ac930d894de,4667f4d534406ab88dbf597b8a2def5f2550637bcc771820bc6b7db8864ebc89
test/bonafide/huawei/singapore-flickr_F_33552363961_ea0fc80afb_k.jpg,data/processed/policy_c_official_test/test/bonafide/huawei/singapore-flickr_F_33552363961_ea0fc80afb_k.jpg,singapore-flickr_F_33552363961_ea0fc80afb_k,bonafide,,huawei,0,57,b2fb57fc3aca144da71126ee56aae58f71bedce543a40b304a4cd68711f6e9dd,8838e344141bc1801b8778d77ea39f18da0f82474ae82fa3a3b7a263691f088a
test/bonafide/huawei/singapore-flickr_F_33574462985_422fca6322_c.jpg,data/processed/policy_c_official_test/test/bonafide/huawei/singapore-flickr_F_33574462985_422fca6322_c.jpg,singapore-flickr_F_33574462985_422fca6322_c,bonafide,,huawei,0,60,b10db9029061e82d8655067fc18f432add17e0466a7efe37221b31a42b25f97a,40a7518847284c17a4e6b0792f6170d0a1f4d6c076166d01f537646d164e68de
test/bonafide/huawei/singapore-flickr_F_36921282312_c8e6a2674d_c.jpg,data/processed/policy_c_official_test/test/bonafide/huawei/singapore-flickr_F_36921282312_c8e6a2674d_c.jpg,singapore-flickr_F_36921282312_c8e6a2674d_c,bonafide,,huawei,0,69,6833ceda44522cd1457c1307592a4358edf0a0bf49d04280ab593f80f29f6353,165a16e1b1258d9ec976122cbb0d714f413d45a5a3f03fa9c64c1176a9d24e8c
test/bonafide/huawei/singapore-flickr_F_40795084473_21fafd815e_c.jpg,data/processed/policy_c_official_test/test/bonafide/huawei/singapore-flickr_F_40795084473_21fafd815e_c.jpg,singapore-flickr_F_40795084473_21fafd815e_c,bonafide,,huawei,0,69,4d75d01f0bbe1d37f24fe1d67d4c25177fb7b611acab0431d1f22a9e901e4f5e,21626ecd7b1ebe8e1bc9cad990d961b5353af3bf6f4944b2b33df74425879950
test/bonafide/huawei/singapore-flickr_F_9641749325_1a753f74b2_c.jpg,data/processed/policy_c_official_test/test/bonafide/huawei/singapore-flickr_F_9641749325_1a753f74b2_c.jpg,singapore-flickr_F_9641749325_1a753f74b2_c,bonafide,,huawei,0,74,edd37224e367b0c9c305d4beed520ddf4fab8b2d283687db7adfccc0f2655229,3acc4b6f3c38f3a37cb3fae8538185c0b8ff19f33f3b30891c992fedb168d2ef
test/bonafide/huawei/singapore-flickr_M_15788105142_89e9bca209_k.jpg,data/processed/policy_c_official_test/test/bonafide/huawei/singapore-flickr_M_15788105142_89e9bca209_k.jpg,singapore-flickr_M_15788105142_89e9bca209_k,bonafide,,huawei,0,66,381ab2db926470b2d29228418e1b0956c513a86dcbc96ae2319281b6e1759c61,c17996db6d35b4241026f4b79427063a8c5aa6ce68c5ecef4bdf5fcb9734fa8e
test/bonafide/huawei/singapore-flickr_M_21893334161_8c8b011508_k.jpg,data/processed/policy_c_official_test/test/bonafide/huawei/singapore-flickr_M_21893334161_8c8b011508_k.jpg,singapore-flickr_M_21893334161_8c8b011508_k,bonafide,,huawei,0,81,0f5b7259a1aff6cbd302bb54022dac6c1bdf3d0f0c27603ade141d733b070fb0,85e1fc85c8366cda3fe5c5c248a7a1405b4f226041e1be47d33340d744252042
test/bonafide/huawei/singapore-flickr_M_22512816725_a88536de72_c.jpg,data/processed/policy_c_official_test/test/bonafide/huawei/singapore-flickr_M_22512816725_a88536de72_c.jpg,singapore-flickr_M_22512816725_a88536de72_c,bonafide,,huawei,0,82,62bdfa84a3aaecf5be9189b3538ebe32afaf4de279f42e42385b23af1ae9eae4,23649f492f54dff8e9f72f742e293a6c832abfab55dbcb0e5e2fbddd3f488a52
test/bonafide/huawei/singapore-flickr_M_22942161980_136669b7da_c.jpg,data/processed/policy_c_official_test/test/bonafide/huawei/singapore-flickr_M_22942161980_136669b7da_c.jpg,singapore-flickr_M_22942161980_136669b7da_c,bonafide,,huawei,0,69,e4cbe367067669f8285acd0a38d1171ca8c4421931391a30f00c23ba90c5aca3,49f0d82c2229ef6ff1413655c7cec2a0b8c35b61510cd666e3d0555cdc63a10b
test/bonafide/huawei/singapore-flickr_M_23543328125_d9409d5ae0_c.jpg,data/processed/policy_c_official_test/test/bonafide/huawei/singapore-flickr_M_23543328125_d9409d5ae0_c.jpg,singapore-flickr_M_23543328125_d9409d5ae0_c,bonafide,,huawei,0,70,3142ed0d76766954cd8778e87c20943ee131cd2bd6bae8a65058a2036ae4c2b5,173b9decebe7e0b95e6d25822588c561d618c40f09abc3460fe5bcb8cbada303
test/bonafide/huawei/singapore-flickr_M_24170605047_501e882ccc_o.jpg,data/processed/policy_c_official_test/test/bonafide/huawei/singapore-flickr_M_24170605047_501e882ccc_o.jpg,singapore-flickr_M_24170605047_501e882ccc_o,bonafide,,huawei,0,65,f6d3c75561bd8166dc3c106f26e016442fa8a8d51d7555b04fc765fbf998e93b,5538a2292b20c6cfa600d64c552bafd546981e928a4054ef3e8388ce2458b754
test/bonafide/huawei/singapore-flickr_M_30456580904_06749c0622_c.jpg,data/processed/policy_c_official_test/test/bonafide/huawei/singapore-flickr_M_30456580904_06749c0622_c.jpg,singapore-flickr_M_30456580904_06749c0622_c,bonafide,,huawei,0,66,3935cc2fc13507472a2736b96d42f36d9d0cb47dba756bbdd9205e55dbf15b67,7f1d30f18cfb964d5620c6483d39e5552e1bc9ff5c6eb7a9023777f2d3cc496d
test/bonafide/huawei/singapore-flickr_M_30518529884_4cf8f091df_c.jpg,data/processed/policy_c_official_test/test/bonafide/huawei/singapore-flickr_M_30518529884_4cf8f091df_c.jpg,singapore-flickr_M_30518529884_4cf8f091df_c,bonafide,,huawei,0,75,15c4d8144096c4eb10207b89b3f1794cac1f1bd34173b8347138baa2253b358b,726b6f5482efa0babc590571ccfee7a8aea3e73fa01ef5ad2ec279e72930d599
test/bonafide/huawei/singapore-flickr_M_31226087931_7b83422543_c.jpg,data/processed/policy_c_official_test/test/bonafide/huawei/singapore-flickr_M_31226087931_7b83422543_c.jpg,singapore-flickr_M_31226087931_7b83422543_c,bonafide,,huawei,0,76,9daf1c7257b25f7c7d4fa1843d9c9f591547a3360cdc79055bea1dcd6a7c9c8a,aa5d74bad043115f260764ba0d4235e967aa011205bd5b1d951c6e9b1ee095ec
test/bonafide/huawei/singapore-flickr_M_31226135201_5aa42a5a13_c.jpg,data/processed/policy_c_official_test/test/bonafide/huawei/singapore-flickr_M_31226135201_5aa42a5a13_c.jpg,singapore-flickr_M_31226135201_5aa42a5a13_c,bonafide,,huawei,0,78,bd0b42f43963dd40d4b3e5c2b18bc3f5e56f0fb34dfe5df717f0cca847843dce,6e127b78d49fda7fef708e2f3ec2208038e975e41c6814787217d0ef3f2ec2ba
test/bonafide/huawei/singapore-flickr_M_31244514601_d2cb0773d7_c.jpg,data/processed/policy_c_official_test/test/bonafide/huawei/singapore-flickr_M_31244514601_d2cb0773d7_c.jpg,singapore-flickr_M_31244514601_d2cb0773d7_c,bonafide,,huawei,0,61,4fc5b6c8d0c9ab920ce5e3e6af2dad435f9fcb575cf9472e024348c144a1cc86,672911ea9bd88da9bf8bc08bc810aa764d8e3a4e43c98637b5823827e6a42e3c
test/bonafide/huawei/singapore-flickr_M_31340377345_6781e5f574_k.jpg,data/processed/policy_c_official_test/test/bonafide/huawei/singapore-flickr_M_31340377345_6781e5f574_k.jpg,singapore-flickr_M_31340377345_6781e5f574_k,bonafide,,huawei,0,59,d984d4f0ef3e329eccf0c0aec9066b68867e70c025d13c425c5439661c11618a,9bf57e3f351fcd60eff9f6c8ee800486ed22a167da18bb2dd7872016b83f19fb
test/bonafide/huawei/singapore-flickr_M_33525333882_5cf0c0382a_k.jpg,data/processed/policy_c_official_test/test/bonafide/huawei/singapore-flickr_M_33525333882_5cf0c0382a_k.jpg,singapore-flickr_M_33525333882_5cf0c0382a_k,bonafide,,huawei,0,56,0d069efb182291c5a6ed9698e1a5ceba00c23009db5b866a83a6f39750736d2c,7e1e70d276ce32174abbf4ececece149e43b0fe9f75b1ebdcd7efced876a98c0
test/bonafide/huawei/singapore-flickr_M_37019084692_714cba8ac1_k.jpg,data/processed/policy_c_official_test/test/bonafide/huawei/singapore-flickr_M_37019084692_714cba8ac1_k.jpg,singapore-flickr_M_37019084692_714cba8ac1_k,bonafide,,huawei,0,58,076f7fce3f2ddb7bcf20f9dcaa720df1c5808a58f673225ab3461b010cf90f30,ce2debf069fb69826b26eef8ae4b5b73ffb0b88b1b81f9031ceb68fe7ca26162
test/bonafide/huawei/singapore-flickr_M_46826659491_bab820563f_c.jpg,data/processed/policy_c_official_test/test/bonafide/huawei/singapore-flickr_M_46826659491_bab820563f_c.jpg,singapore-flickr_M_46826659491_bab820563f_c,bonafide,,huawei,0,82,c477f8a28f8eb53a31758acffae67e1ae593a3c26516a2011d1b0145ec4eaf7f,61d8a5a0ad0437f4c72818dfc8a61244133ec9b446a0c91fa2d85ed874443cf4
test/bonafide/huawei/singapore-flickr_M_50611940256_8405427c78_k.jpg,data/processed/policy_c_official_test/test/bonafide/huawei/singapore-flickr_M_50611940256_8405427c78_k.jpg,singapore-flickr_M_50611940256_8405427c78_k,bonafide,,huawei,0,86,2448119a4cd33c84b102f009cf4788c425047bb583e7ef0780be44e2e698bf7b,8834bd74649f22337ca520ea87782041adbccedc06d01305205f8d5186576cd4
test/bonafide/iphone15/chinese2-flickr_F_16745558933_a3f9fe2bc9_k.jpg,data/processed/policy_c_official_test/test/bonafide/iphone15/chinese2-flickr_F_16745558933_a3f9fe2bc9_k.jpg,chinese2-flickr_F_16745558933_a3f9fe2bc9_k,bonafide,,iphone15,0,53,9282af52cd20c22c6243d96713147a3a43ec7327603e51785fd1eb24bcdd1c39,50a5351f52ca8646215c81e01e5ce7e0c35e0ac5ebe54982bb1706e0b6c36c15
test/bonafide/iphone15/chinese2-flickr_F_16858102101_d4c5c1e7a2_c.jpg,data/processed/policy_c_official_test/test/bonafide/iphone15/chinese2-flickr_F_16858102101_d4c5c1e7a2_c.jpg,chinese2-flickr_F_16858102101_d4c5c1e7a2_c,bonafide,,iphone15,0,57,646ad8ab10ef9c2f27e06a670183ed45fe758f4664b92c0e74433d36f568bbbf,c6a3a09b02c86c682aac95e4eaf6eef4f9a33a6bbe463a47e97bc8f8b2542cd4
test/bonafide/iphone15/chinese2-flickr_F_17178039488_60828ef8de_k.jpg,data/processed/policy_c_official_test/test/bonafide/iphone15/chinese2-flickr_F_17178039488_60828ef8de_k.jpg,chinese2-flickr_F_17178039488_60828ef8de_k,bonafide,,iphone15,0,82,d5161deab5bfc057cbe5a849d77eba63dac2122534da60658763cfa280318776,3b3c05e317e58b6ec3ae0e23999cd1b17428dfc37d7f48d8fbd296aef188e45e
test/bonafide/iphone15/chinese2-flickr_F_17619703551_9705002b22_b.jpg,data/processed/policy_c_official_test/test/bonafide/iphone15/chinese2-flickr_F_17619703551_9705002b22_b.jpg,chinese2-flickr_F_17619703551_9705002b22_b,bonafide,,iphone15,0,74,cf95267f62073c2225eb899e202a2da50da1dea78d569106e800fe6fe3fd7bbf,336f5420523929a5e6f0a21a45f67a70ac15460b1def2e959aff34497ba58e2d
test/bonafide/iphone15/chinese2-flickr_F_17773666675_1bdbd28a62_c.jpg,data/processed/policy_c_official_test/test/bonafide/iphone15/chinese2-flickr_F_17773666675_1bdbd28a62_c.jpg,chinese2-flickr_F_17773666675_1bdbd28a62_c,bonafide,,iphone15,0,76,c97067380e678c05385a62e42c82bde26fd6b4290c6cba4a1f2e649173620e7d,882010766aeed33949cd6905c4f692a14a32444d884c2178add63d3e76fde162
test/bonafide/iphone15/chinese2-flickr_F_21668538829_2fb67bd5fd_c.jpg,data/processed/policy_c_official_test/test/bonafide/iphone15/chinese2-flickr_F_21668538829_2fb67bd5fd_c.jpg,chinese2-flickr_F_21668538829_2fb67bd5fd_c,bonafide,,iphone15,0,68,c7fb5295cb82b99d9a3e7b63d2c3ae66965006041e22503c68007fe4d7df0c0d,a7883e0096740bee39651e4bb060c83241cdb7791f6a8700e4109935efcd10b3
test/bonafide/iphone15/chinese2-flickr_F_21696826019_7407a3bea0_k.jpg,data/processed/policy_c_official_test/test/bonafide/iphone15/chinese2-flickr_F_21696826019_7407a3bea0_k.jpg,chinese2-flickr_F_21696826019_7407a3bea0_k,bonafide,,iphone15,0,61,a128ec8c1ea0b695e2669056e16d33777e0705367f64f66b182417114f8226e8,7ad25c31e35cdd15685da1dd74395b171a6fe405f3763e8a43fc9b8574939632
test/bonafide/iphone15/chinese2-flickr_F_25164779518_a723fab6b8_o.jpg,data/processed/policy_c_official_test/test/bonafide/iphone15/chinese2-flickr_F_25164779518_a723fab6b8_o.jpg,chinese2-flickr_F_25164779518_a723fab6b8_o,bonafide,,iphone15,0,65,cc12d4f9933648776af72b7e8377c931366705e003bc65bcc3127d53e8ea6339,150283c20a8639221b251e9280a66a75a30643478931e26b016c175500af6d67
test/bonafide/iphone15/chinese2-flickr_F_25164805428_423bc49285_o.jpg,data/processed/policy_c_official_test/test/bonafide/iphone15/chinese2-flickr_F_25164805428_423bc49285_o.jpg,chinese2-flickr_F_25164805428_423bc49285_o,bonafide,,iphone15,0,61,34fc6be873d2c7e22a5f7164ff2081a92ad71ede6031c695a4f202e26df69a87,86f0b1a8e9e8b0720d5f263ef8f77f32445cff9bffb359db23505ab99d75b4dd
test/bonafide/iphone15/chinese2-flickr_F_30990251270_6801e68759_c.jpg,data/processed/policy_c_official_test/test/bonafide/iphone15/chinese2-flickr_F_30990251270_6801e68759_c.jpg,chinese2-flickr_F_30990251270_6801e68759_c,bonafide,,iphone15,0,75,a893db47fdfa9a0acaeabaa3f550e1e303e4e339528536b14bbf72f5c8cf890d,9166123814d06caac74e21c298f38c5c2ac370218376e2e14ee5666b3c038bf5
test/bonafide/iphone15/chinese2-flickr_F_31196390972_be24a6067c_k.jpg,data/processed/policy_c_official_test/test/bonafide/iphone15/chinese2-flickr_F_31196390972_be24a6067c_k.jpg,chinese2-flickr_F_31196390972_be24a6067c_k,bonafide,,iphone15,0,89,2bb6dee08654532194b0d7ffed6c72a30201123ebaa81e280d521747d8c95291,63c7aefabc665892829547b7c0fc35e60df6162a66b451182d21d9df6460e5ca
test/bonafide/iphone15/chinese2-flickr_F_31226153591_900ef17f37_k.jpg,data/processed/policy_c_official_test/test/bonafide/iphone15/chinese2-flickr_F_31226153591_900ef17f37_k.jpg,chinese2-flickr_F_31226153591_900ef17f37_k,bonafide,,iphone15,0,66,4587816643002acc82e3e8ba53901a9eaa73f0088b93ab4589c6653c1bc37e07,3c45b4b7ad4b6a05408f31f6b906b2907999710332815915954d749c8b7dbfb7
test/bonafide/iphone15/chinese2-flickr_F_31998401683_5272a75c42_c.jpg,data/processed/policy_c_official_test/test/bonafide/iphone15/chinese2-flickr_F_31998401683_5272a75c42_c.jpg,chinese2-flickr_F_31998401683_5272a75c42_c,bonafide,,iphone15,0,71,a2575de0eea619efb6ca9fda1e57d5252fedb7ee6eab7ef0994f94234e23531c,8c32b56b2362662381afbea050d2e083ed216f30c0fdc987ddaeb9b819bf1dac
test/bonafide/iphone15/chinese2-flickr_F_31998955273_5516f4db28_h.jpg,data/processed/policy_c_official_test/test/bonafide/iphone15/chinese2-flickr_F_31998955273_5516f4db28_h.jpg,chinese2-flickr_F_31998955273_5516f4db28_h,bonafide,,iphone15,0,65,6eca61405bb67ab907a0ea806c80947dd62a07d3baf4500316adc0176faad93c,a2af0916de4f0fbf56347cae594df87ef7ab6467fc5daa94b200cf50a48f4d32
test/bonafide/iphone15/chinese2-flickr_F_32689517821_bfacb0e1ba_h.jpg,data/processed/policy_c_official_test/test/bonafide/iphone15/chinese2-flickr_F_32689517821_bfacb0e1ba_h.jpg,chinese2-flickr_F_32689517821_bfacb0e1ba_h,bonafide,,iphone15,0,84,32381f02f681e6a5075583a5ebc78f440dd849c2de3dc9f27fc9ef2d1f8ab125,090ab8ee7c74fc66999e0e795c89af78adb02e1599c8d4a22d54e4b03825c3da
test/bonafide/iphone15/chinese2-flickr_F_33552328531_f6d5dd17b8_c.jpg,data/processed/policy_c_official_test/test/bonafide/iphone15/chinese2-flickr_F_33552328531_f6d5dd17b8_c.jpg,chinese2-flickr_F_33552328531_f6d5dd17b8_c,bonafide,,iphone15,0,63,652a1afa23b6f183a2b0a4cc7c64d03d27ffe3e3cea46bb8c5f9e1dc76541e6b,bea6d7ae940be2d852425011a2c6f089f9f72a285eeabb9efe7f90301a1ff475
test/bonafide/iphone15/chinese2-flickr_F_39035705701_833f3da9bf_o.jpg,data/processed/policy_c_official_test/test/bonafide/iphone15/chinese2-flickr_F_39035705701_833f3da9bf_o.jpg,chinese2-flickr_F_39035705701_833f3da9bf_o,bonafide,,iphone15,0,59,35ceb9020f5dcf70b4400a6160096f2acddfc7161919d55d5f92bdb8c9944de6,304e4366546af786bb0ed7ed63a49060fb64ced92248afa73f7daed9f70219bd
test/bonafide/iphone15/chinese2-flickr_F_40837237721_dedac367d4_c.jpg,data/processed/policy_c_official_test/test/bonafide/iphone15/chinese2-flickr_F_40837237721_dedac367d4_c.jpg,chinese2-flickr_F_40837237721_dedac367d4_c,bonafide,,iphone15,0,62,dc46606bdd25f004050f3411832cc34010971c9737edac56906493c069ac7f87,27c4e59c06203d221381ddab76b0b3ef688d5da8b407ee19757aad768701050f
test/bonafide/iphone15/chinese2-flickr_F_48677929383_2cdc743f43_c.jpg,data/processed/policy_c_official_test/test/bonafide/iphone15/chinese2-flickr_F_48677929383_2cdc743f43_c.jpg,chinese2-flickr_F_48677929383_2cdc743f43_c,bonafide,,iphone15,0,51,dde13e3bf5bdaa56fe9ea84ac35acda04b6c1244956124b82d04202a39474995,90ed28a60b309f9ad00b56c4dc00b263d85ae405bd8cbfe83c72be59e92b5636
test/bonafide/iphone15/chinese2-flickr_M_16743317854_732a16acc8_k.jpg,data/processed/policy_c_official_test/test/bonafide/iphone15/chinese2-flickr_M_16743317854_732a16acc8_k.jpg,chinese2-flickr_M_16743317854_732a16acc8_k,bonafide,,iphone15,0,83,bdfd8f76d45264f0c62fe606fbe4d47c9a460b97897b4898a13a2e12843016ff,4894e6cfa59c72218f00e3c5af14343726595c6c08dda413352c33e4709c4cbf
test/bonafide/iphone15/chinese2-flickr_M_21459989349_7ab0e1ace5_k.jpg,data/processed/policy_c_official_test/test/bonafide/iphone15/chinese2-flickr_M_21459989349_7ab0e1ace5_k.jpg,chinese2-flickr_M_21459989349_7ab0e1ace5_k,bonafide,,iphone15,0,72,0c304148082197adcad9786d75e0064ac36259a7cc1a4f001ae645b733e9ea8b,e57f3cef8403cd1d8388882d12b65594a3fc7fe78e4d9c81731b74a334bb53b9
test/bonafide/iphone15/chinese2-flickr_M_22911363774_20c12ce7ec_c.jpg,data/processed/policy_c_official_test/test/bonafide/iphone15/chinese2-flickr_M_22911363774_20c12ce7ec_c.jpg,chinese2-flickr_M_22911363774_20c12ce7ec_c,bonafide,,iphone15,0,67,53006f9e7953aa49182b6a5816164c423bb99b29dbaa53b1d2e31a4ac97f4f85,41cfe54b1dbf03ee04653df6678f4119012282b51f2ec7991c0751c5736c5542
test/bonafide/iphone15/chinese2-flickr_M_24235235151_ae8ac31253_k.jpg,data/processed/policy_c_official_test/test/bonafide/iphone15/chinese2-flickr_M_24235235151_ae8ac31253_k.jpg,chinese2-flickr_M_24235235151_ae8ac31253_k,bonafide,,iphone15,0,88,c8c1e8b00f6c8a511e235a67260e94e11d155fb6be5c793047449f9de6813e9c,3430d0077df00aba877cc8e6c8d1fd88614ba5e64f44590af4dbb84a0b972e7e
test/bonafide/iphone15/chinese2-flickr_M_24291592906_b097dd45e5_k.jpg,data/processed/policy_c_official_test/test/bonafide/iphone15/chinese2-flickr_M_24291592906_b097dd45e5_k.jpg,chinese2-flickr_M_24291592906_b097dd45e5_k,bonafide,,iphone15,0,59,e6371b4bf6e22930057b56f4afc814882d1fc9b7b36215b0a2439e0d7344d167,50a4c6fc9ac1954bcbc07cff02bce73e8b5dcef284422905ca450986a82aabe7
test/bonafide/iphone15/chinese2-flickr_M_26097180114_4c514c928d_c.jpg,data/processed/policy_c_official_test/test/bonafide/iphone15/chinese2-flickr_M_26097180114_4c514c928d_c.jpg,chinese2-flickr_M_26097180114_4c514c928d_c,bonafide,,iphone15,0,56,a79cbea838e092ef613538ab4837bb51f858a0118a5e1abcd3b8d668bde38748,afac09b472fedf2dc79571aac062a8f9779f82d2bede9dbee12d3593c1a3becd
test/bonafide/iphone15/chinese2-flickr_M_30516208604_4a571cf89d_c.jpg,data/processed/policy_c_official_test/test/bonafide/iphone15/chinese2-flickr_M_30516208604_4a571cf89d_c.jpg,chinese2-flickr_M_30516208604_4a571cf89d_c,bonafide,,iphone15,0,67,e75028a55e5d78c25b0ef5179e75fe5dec5bb139bb15f02859e7622c2d65b28b,44493fe62babb4f3cbcc1a5b74b95c0b900e2b4f2dc91755971061b77232415c
test/bonafide/iphone15/chinese2-flickr_M_30518538704_383875f8c4_c.jpg,data/processed/policy_c_official_test/test/bonafide/iphone15/chinese2-flickr_M_30518538704_383875f8c4_c.jpg,chinese2-flickr_M_30518538704_383875f8c4_c,bonafide,,iphone15,0,73,fdeb08a58da9dcb87220211713fadd56fc64036710cf2d44bb1b48fc0ae9f4a5,fc1c96ac450ff3ae1f36b6d950092710f2dae4539eb1f088f52768ca098f31a8
test/bonafide/iphone15/chinese2-flickr_M_31304800026_59e0161aba_c.jpg,data/processed/policy_c_official_test/test/bonafide/iphone15/chinese2-flickr_M_31304800026_59e0161aba_c.jpg,chinese2-flickr_M_31304800026_59e0161aba_c,bonafide,,iphone15,0,87,8a512fee5937e1d253783bc74122bf51f1d87e38caadc5f2ed0e87c4ab5f8084,7103663717bf50704dc707860afe0ffe0cc11f96b3201ada64ae81d52aa599d5
test/bonafide/iphone15/chinese2-flickr_M_31840786965_77af814416_h.jpg,data/processed/policy_c_official_test/test/bonafide/iphone15/chinese2-flickr_M_31840786965_77af814416_h.jpg,chinese2-flickr_M_31840786965_77af814416_h,bonafide,,iphone15,0,62,11907bc8b60b0af1f44c87fa3d7b769274ec7ea4672499d2120c49238349ef34,2e60b292d3d188b71e7982f65fdfcb487d9f79e6adcc96309ad3ce5392ae1925
test/bonafide/iphone15/chinese2-flickr_M_31969854474_39f84b92eb_h.jpg,data/processed/policy_c_official_test/test/bonafide/iphone15/chinese2-flickr_M_31969854474_39f84b92eb_h.jpg,chinese2-flickr_M_31969854474_39f84b92eb_h,bonafide,,iphone15,0,81,6e39d34a98c047cdd6587925f32b49aec95304056db37844b72fb95ff0c1fa89,87f3aee9370549285a6f4ea44e0d9359cf514834dbecbcb293f4d424f942884f
test/bonafide/iphone15/chinese2-flickr_M_32771950686_f8d5084d87_h.jpg,data/processed/policy_c_official_test/test/bonafide/iphone15/chinese2-flickr_M_32771950686_f8d5084d87_h.jpg,chinese2-flickr_M_32771950686_f8d5084d87_h,bonafide,,iphone15,0,58,d324cc0739540986d631170b53e22bc975f2452cbf4fd5d0e3a0fb3eec016326,001e0c5f13bd38bc609747f029eb234fa1d75c7dfbc64acba89d3c461f4c45b7
test/bonafide/iphone15/chinese2-flickr_M_32812741685_462068ee90_h.jpg,data/processed/policy_c_official_test/test/bonafide/iphone15/chinese2-flickr_M_32812741685_462068ee90_h.jpg,chinese2-flickr_M_32812741685_462068ee90_h,bonafide,,iphone15,0,72,d349e3b3311049599177683c8184684ff38551f215a8a88a213e3177fe5ee679,4dc578ec3c3dad358a5ad76b35aaf14ada9db8ab069389ded0fc183b843ebf39
test/bonafide/iphone15/chinese2-flickr_M_33525327222_f112b468ed_k.jpg,data/processed/policy_c_official_test/test/bonafide/iphone15/chinese2-flickr_M_33525327222_f112b468ed_k.jpg,chinese2-flickr_M_33525327222_f112b468ed_k,bonafide,,iphone15,0,82,443207845b8be6b16bc1abbc82b1debcb693787154e3870f1301500660173e15,af40c3d0e6309fbec8de59a47c28d4ad23a7af1b8df23fdeea0ee8f4bfb663e5
test/bonafide/iphone15/chinese2-flickr_M_33552319041_2631ab0a0c_c.jpg,data/processed/policy_c_official_test/test/bonafide/iphone15/chinese2-flickr_M_33552319041_2631ab0a0c_c.jpg,chinese2-flickr_M_33552319041_2631ab0a0c_c,bonafide,,iphone15,0,60,88d8eb356122e0b37012aa88c10023be2827f7ff485b8d07026fdcfc2787e434,90b6d73e0af0b126f0185626418702444242e4c291a5fcc8f3e82ca9cb4fe613
test/bonafide/iphone15/chinese2-flickr_M_34592740762_6446ed6334_k.jpg,data/processed/policy_c_official_test/test/bonafide/iphone15/chinese2-flickr_M_34592740762_6446ed6334_k.jpg,chinese2-flickr_M_34592740762_6446ed6334_k,bonafide,,iphone15,0,77,546df4213375e739ebd6c365ab15d1f51b31607b6c3d297a9a5d3c0edad40ae1,f66263564de591860e249c2939179d53632b6aeda79b5a342b4879ccf66c5cf0
test/bonafide/iphone15/chinese2-flickr_M_3625086942_a3ed938d9c_c.jpg,data/processed/policy_c_official_test/test/bonafide/iphone15/chinese2-flickr_M_3625086942_a3ed938d9c_c.jpg,chinese2-flickr_M_3625086942_a3ed938d9c_c,bonafide,,iphone15,0,60,edaecdba7cc2b731ba7ddf4d004e2f7255d91fdebf4140a238df89633b952f93,433a7690acde0cb4a547f194ae8685e9278b014e138a6c4e95c366b9469df9af
test/bonafide/iphone15/chinese2-flickr_M_36353666424_ab1a94e172_k.jpg,data/processed/policy_c_official_test/test/bonafide/iphone15/chinese2-flickr_M_36353666424_ab1a94e172_k.jpg,chinese2-flickr_M_36353666424_ab1a94e172_k,bonafide,,iphone15,0,54,e8b53e425f92451d77aa5cd50575bcbb278dc783356787d73d11de24abdbfae2,2fe2faff6ddd4abb8f69f141edd792e65c5e50f971d8d941da298c27445731a6
test/bonafide/iphone15/chinese2-flickr_M_37190875605_735b3fca0d_c.jpg,data/processed/policy_c_official_test/test/bonafide/iphone15/chinese2-flickr_M_37190875605_735b3fca0d_c.jpg,chinese2-flickr_M_37190875605_735b3fca0d_c,bonafide,,iphone15,0,66,2c563c255bba2cf788350cbf07a2cc458c5a30d0de0bb47029f654457fff3237,0d05ab0275ae835deb05709c1ca6c4c9bd6b9b90e04ad34b492b4d6d9f96b708
test/bonafide/iphone15/chinese2-flickr_M_38319821984_1d6e303c3e_o.jpg,data/processed/policy_c_official_test/test/bonafide/iphone15/chinese2-flickr_M_38319821984_1d6e303c3e_o.jpg,chinese2-flickr_M_38319821984_1d6e303c3e_o,bonafide,,iphone15,0,73,70b81f329cb7ae40846538e5899f9ff5c04c71ac904a1dcb32c977306a405f7e,6528f9fab99acbcf026b9476cce349f6062f7e38e2f954f9e6f1d99e0715ee52
test/bonafide/iphone15/chinese2-flickr_M_38999105422_457bedeef7_o.jpg,data/processed/policy_c_official_test/test/bonafide/iphone15/chinese2-flickr_M_38999105422_457bedeef7_o.jpg,chinese2-flickr_M_38999105422_457bedeef7_o,bonafide,,iphone15,0,61,d18e95962ce5ebc4ede11ff34d09201e15fb43b380d529036f11616b03a73704,95e6687a31d597abbc95dcbecb017057460c46263366bb5416edc1a29ed1965a
test/bonafide/iphone15/chinese2-flickr_M_6850649398_5d950a2635_k.jpg,data/processed/policy_c_official_test/test/bonafide/iphone15/chinese2-flickr_M_6850649398_5d950a2635_k.jpg,chinese2-flickr_M_6850649398_5d950a2635_k,bonafide,,iphone15,0,76,be3135176d5122198b425ab55dcdf080235f142215ffca65dd2c43b319042ac3,64180bbd64715a7db9aa92ab1bbf4c7d28757959b5e29fe8bc1444e50dd246df
test/bonafide/iphone15/netherland-flickr_F_10239917343_ca73cd29b5_h.jpg,data/processed/policy_c_official_test/test/bonafide/iphone15/netherland-flickr_F_10239917343_ca73cd29b5_h.jpg,netherland-flickr_F_10239917343_ca73cd29b5_h,bonafide,,iphone15,0,54,4ec1836c295d7b5659485fbf9e43b74e20c0ad7b1f83b6976e147c268ece1a82,91251dc66fbaacd2758adf6b55377af8eb19dd9c1257c8ff4459a070ea768620
test/bonafide/iphone15/netherland-flickr_F_20301931855_4cd18f8166_k.jpg,data/processed/policy_c_official_test/test/bonafide/iphone15/netherland-flickr_F_20301931855_4cd18f8166_k.jpg,netherland-flickr_F_20301931855_4cd18f8166_k,bonafide,,iphone15,0,87,1b7897936a0bd04a428dd696647640c8ec7624d46e4ddca67c4ec45961cab4b4,b6b67e091b224e4d6c927a7b1fa989cd297b1d462c00bf3e3ccbe8972a880bff
test/bonafide/iphone15/netherland-flickr_F_26297818201_09eab93588_k.jpg,data/processed/policy_c_official_test/test/bonafide/iphone15/netherland-flickr_F_26297818201_09eab93588_k.jpg,netherland-flickr_F_26297818201_09eab93588_k,bonafide,,iphone15,0,76,1cf5a78f263c08fc64a176c692fcba6193e800e32924aeabe745faef2fc1a2d8,595b0d3c1d7408eaeb70dc238db3f11a8fd34709ff289c43007af0577bffcb93
test/bonafide/iphone15/netherland-flickr_F_28051545714_ab479f15eb_k.jpg,data/processed/policy_c_official_test/test/bonafide/iphone15/netherland-flickr_F_28051545714_ab479f15eb_k.jpg,netherland-flickr_F_28051545714_ab479f15eb_k,bonafide,,iphone15,0,55,fff5c81206abdcf9f56588a3eb100f57951b4b2e48760a0719d6499830f59ca2,aaca7e55ca510bbc2d124bfa5258bcf858ed84feaa19e2d8e70e217964787393
test/bonafide/iphone15/netherland-flickr_F_28630210242_e3780d0ee9_b.jpg,data/processed/policy_c_official_test/test/bonafide/iphone15/netherland-flickr_F_28630210242_e3780d0ee9_b.jpg,netherland-flickr_F_28630210242_e3780d0ee9_b,bonafide,,iphone15,0,69,9f19eb1afcc80016fff0770f5028f26fcc07bb6ff3c9b969814159b8081e4e8b,6a90e5b3e443b54e8af9a1ad221e69e7d82e131a7e784f5ef36a3216ddb25ee0
test/bonafide/iphone15/netherland-flickr_F_31998547103_f617b19dfc_h.jpg,data/processed/policy_c_official_test/test/bonafide/iphone15/netherland-flickr_F_31998547103_f617b19dfc_h.jpg,netherland-flickr_F_31998547103_f617b19dfc_h,bonafide,,iphone15,0,78,820dc661e01b7596213c81d0fea8cc05564fe98a8d1b50e5039e6a42bd4a7ad4,bbe4871d559364f899ea3725d75bcc595d60f91a4fd633c03e690a4b1f219e27
test/bonafide/iphone15/netherland-flickr_F_31998771523_784e7e9597_h.jpg,data/processed/policy_c_official_test/test/bonafide/iphone15/netherland-flickr_F_31998771523_784e7e9597_h.jpg,netherland-flickr_F_31998771523_784e7e9597_h,bonafide,,iphone15,0,58,777cda8359c926a609960c7be21654e102f10ecec46720f094a0705aacd35340,27ba3b9ca27ff1ef3df42f5d212d6ad0ff03d651f30769fbfa6cb5923f6dd72d
test/bonafide/iphone15/netherland-flickr_F_32868411313_4bb20e41db_c.jpg,data/processed/policy_c_official_test/test/bonafide/iphone15/netherland-flickr_F_32868411313_4bb20e41db_c.jpg,netherland-flickr_F_32868411313_4bb20e41db_c,bonafide,,iphone15,0,62,c62470a89f9c2872578408f8f02f4fc43ac077c3c4bee6643da46884ab276987,bd34349dcb7a94ca58646d819e5b0594b873b9500b7b37c8104ff420465fb366
test/bonafide/iphone15/netherland-flickr_F_36412358965_0ec43e5de3_c.jpg,data/processed/policy_c_official_test/test/bonafide/iphone15/netherland-flickr_F_36412358965_0ec43e5de3_c.jpg,netherland-flickr_F_36412358965_0ec43e5de3_c,bonafide,,iphone15,0,69,a00ca5e2472daf18863387da7840f24e6b7d946b9007ce5e8a6086a03b8b4744,a780571d0d2a89fe67998c5d13f2507f55aac055474fb0281ab80fa793e79315
test/bonafide/iphone15/netherland-flickr_F_37019045642_0a3fa19256_k.jpg,data/processed/policy_c_official_test/test/bonafide/iphone15/netherland-flickr_F_37019045642_0a3fa19256_k.jpg,netherland-flickr_F_37019045642_0a3fa19256_k,bonafide,,iphone15,0,71,5d79fb45c7dbfb6d47a51e0982178158448618e8a00209ef03a5d7a649f796db,8ae51e8a2a8144ead0d0fb7f022739d1c5fb8aefdf8aa09dc2ce0ead49de3768
test/bonafide/iphone15/netherland-flickr_F_37048326531_f8270ca4df_k.jpg,data/processed/policy_c_official_test/test/bonafide/iphone15/netherland-flickr_F_37048326531_f8270ca4df_k.jpg,netherland-flickr_F_37048326531_f8270ca4df_k,bonafide,,iphone15,0,73,27cd98d5f3a07c1f895256c1bac100a24f85ba964c31fcc30ad4455ff218c4a2,52b662fc1ce5034c58d33081de2fbb213aefb7f99b39a0a6f92e66fd85cc28c5
test/bonafide/iphone15/netherland-flickr_M_14867283357_afe052b7e3_c.jpg,data/processed/policy_c_official_test/test/bonafide/iphone15/netherland-flickr_M_14867283357_afe052b7e3_c.jpg,netherland-flickr_M_14867283357_afe052b7e3_c,bonafide,,iphone15,0,88,612818c0b7dc9dab640c97c47a00d58d6c72829d792c5986a7198180bf9bf1ec,65a16d26e6389d030844670229bb92b2d2b0f2d3b57b239dea4f6c8f41a9cb08
test/bonafide/iphone15/netherland-flickr_M_15788104622_be592061dc_k.jpg,data/processed/policy_c_official_test/test/bonafide/iphone15/netherland-flickr_M_15788104622_be592061dc_k.jpg,netherland-flickr_M_15788104622_be592061dc_k,bonafide,,iphone15,0,59,1104c91da6aa6a6e5c186e12ac581d73baf32f4887849004f005ba3569a18c1d,90f184a66092d2b4a4d25a607a739dda400db724045bc693077f25213782eebe
test/bonafide/iphone15/netherland-flickr_M_17339867026_3135c7e76f_k.jpg,data/processed/policy_c_official_test/test/bonafide/iphone15/netherland-flickr_M_17339867026_3135c7e76f_k.jpg,netherland-flickr_M_17339867026_3135c7e76f_k,bonafide,,iphone15,0,58,7b479782791050612df90860d150112f04fd051f9e4a0abcf048afec368bc508,95bee8a673ae5edb379a769ef742245aa6a6107da498e29284acfe297b00260f
test/bonafide/iphone15/netherland-flickr_M_18042193331_841d026f9a_c.jpg,data/processed/policy_c_official_test/test/bonafide/iphone15/netherland-flickr_M_18042193331_841d026f9a_c.jpg,netherland-flickr_M_18042193331_841d026f9a_c,bonafide,,iphone15,0,59,a1d5c86ecba5fcfe47039d10b5309090de671bab6e9a756254f057c86b37bce1,a4a569313b1efc2ac3d6fe307158919e27684357b502e23d953d3e14cf7e279f
test/bonafide/iphone15/netherland-flickr_M_19475853574_c947539b18_c.jpg,data/processed/policy_c_official_test/test/bonafide/iphone15/netherland-flickr_M_19475853574_c947539b18_c.jpg,netherland-flickr_M_19475853574_c947539b18_c,bonafide,,iphone15,0,70,3fa9c8df9afa92533a1a80acb2ee2940aba3e08d6600a1df329ae774fa6e5c2e,52531fc7208d2f2a2b6667a7e72a5c73898002f94184148a007c46926e6c46ff
test/bonafide/iphone15/netherland-flickr_M_21260956694_6fd7ae0222_k.jpg,data/processed/policy_c_official_test/test/bonafide/iphone15/netherland-flickr_M_21260956694_6fd7ae0222_k.jpg,netherland-flickr_M_21260956694_6fd7ae0222_k,bonafide,,iphone15,0,70,01f4a75a93b6bd85c185d361e23cf99c25b0c5939c3be89efa4c8b4c50424150,2057e41a5e642c676e01c55336bff1c0004d6b9cfe2e9ddd63ea26879cdf1764
test/bonafide/iphone15/netherland-flickr_M_23559454676_4919252d67_c.jpg,data/processed/policy_c_official_test/test/bonafide/iphone15/netherland-flickr_M_23559454676_4919252d67_c.jpg,netherland-flickr_M_23559454676_4919252d67_c,bonafide,,iphone15,0,56,b49769588d520bccb8cb5bb91d67c13bc025dd2d631b1db416183d962cb5e081,995afce6712222903c4c3f8efacb08a2df0d3a9d4415f418677fd276c6a0ba65
test/bonafide/iphone15/netherland-flickr_M_2409019110_4f42632225_o.jpg,data/processed/policy_c_official_test/test/bonafide/iphone15/netherland-flickr_M_2409019110_4f42632225_o.jpg,netherland-flickr_M_2409019110_4f42632225_o,bonafide,,iphone15,0,72,0226559deffe9dfffea7bfe9f265d47df1408a6f2be9a746b33a9a46b123901e,04cc771b00cdb62828c1a2150f22dcb61851dd6e2db99dd18712668704a5fb22
test/bonafide/iphone15/netherland-flickr_M_26828968014_910728ddd9_k.jpg,data/processed/policy_c_official_test/test/bonafide/iphone15/netherland-flickr_M_26828968014_910728ddd9_k.jpg,netherland-flickr_M_26828968014_910728ddd9_k,bonafide,,iphone15,0,56,a756c2dd404e7d1a93efb445399fba9f673066fcf1de137991cfa2635175bee0,384181657fac14ee21df0f4f060b32dbcc78ad769e80b85b71db016e3fda5f65
test/bonafide/iphone15/netherland-flickr_M_30990255070_570d17d9d4_c.jpg,data/processed/policy_c_official_test/test/bonafide/iphone15/netherland-flickr_M_30990255070_570d17d9d4_c.jpg,netherland-flickr_M_30990255070_570d17d9d4_c,bonafide,,iphone15,0,81,ed97797ece286671e549053c9ea6d42c71b9865e4d002660d434a07c70cde173,5b1e39175742b694c1d3c84629b6cc575d8918854a5a9c92b97a08e64268ef36
test/bonafide/iphone15/netherland-flickr_M_31998389253_0a26f25b0d_h.jpg,data/processed/policy_c_official_test/test/bonafide/iphone15/netherland-flickr_M_31998389253_0a26f25b0d_h.jpg,netherland-flickr_M_31998389253_0a26f25b0d_h,bonafide,,iphone15,0,54,af93ee0d8001fbcf929d60d6f503c826c8ba4f6834a6ce37ed5d41745fd887f7,03fa3332a9155d71450065e5a809c24674805337b56885439fae4825b966fcd9
test/bonafide/iphone15/netherland-flickr_M_31998818913_b87fd05689_h.jpg,data/processed/policy_c_official_test/test/bonafide/iphone15/netherland-flickr_M_31998818913_b87fd05689_h.jpg,netherland-flickr_M_31998818913_b87fd05689_h,bonafide,,iphone15,0,76,33ed6865e8685a127276d883cd0bc2dd2c9055c808ff35ba3215fa0c7f5b0de9,c9b61deab0069fb16be6a5c078f2c8c869aa85adeb54bdce660a4d4a7a8e27b2
test/bonafide/iphone15/netherland-flickr_M_32689636931_6ac45273df_h.jpg,data/processed/policy_c_official_test/test/bonafide/iphone15/netherland-flickr_M_32689636931_6ac45273df_h.jpg,netherland-flickr_M_32689636931_6ac45273df_h,bonafide,,iphone15,0,70,362c77f15282941672226436dd8a4da694b6428bd3fbc278a3d9789669a8cf5b,7435a9267b594ac69927a3b489caba45d7c8510ffd87b9bfed70845ed05004be
test/bonafide/iphone15/netherland-flickr_M_33239373490_5b5df42090_k.jpg,data/processed/policy_c_official_test/test/bonafide/iphone15/netherland-flickr_M_33239373490_5b5df42090_k.jpg,netherland-flickr_M_33239373490_5b5df42090_k,bonafide,,iphone15,0,68,1cd899a572acdde3f9fd43f2f80cc885555c84a3048768ac7a1dac01ad32d2d1,73fb42b1ac69ddd21d6996114d8ea34b39ace578deaba920a995d75f4525d013
test/bonafide/iphone15/netherland-flickr_M_33276713046_c88eb6c4c8_c.jpg,data/processed/policy_c_official_test/test/bonafide/iphone15/netherland-flickr_M_33276713046_c88eb6c4c8_c.jpg,netherland-flickr_M_33276713046_c88eb6c4c8_c,bonafide,,iphone15,0,65,69c2deee50fd8e6bd403cc12357393cfa831662a53be3877f658701ee9317aed,18bee632d8783fedfe9adc3e365101755f17283872e266b38f75adbdada7068e
test/bonafide/iphone15/netherland-flickr_M_33297625690_76e3181f5e_c.jpg,data/processed/policy_c_official_test/test/bonafide/iphone15/netherland-flickr_M_33297625690_76e3181f5e_c.jpg,netherland-flickr_M_33297625690_76e3181f5e_c,bonafide,,iphone15,0,82,b3733e7e2676f45a6bee088a5edcf65379dbe73ef531e3889972c6529fd89af2,ed2fa49c6abf93b0a19502b6dc8b166bfed371acdafcc1d12356eee8af996a90
test/bonafide/iphone15/netherland-flickr_M_37190718595_78e318623b_k.jpg,data/processed/policy_c_official_test/test/bonafide/iphone15/netherland-flickr_M_37190718595_78e318623b_k.jpg,netherland-flickr_M_37190718595_78e318623b_k,bonafide,,iphone15,0,60,6eaf65e97042b9c55b49243f11236d7df1c2723a053ab24830529ad8ead7bd9a,1fe5988f4f3bcded10ded813cbbbe219d763520f67add22695059325c347bb55
test/bonafide/iphone15/netherland-flickr_M_4188233342_8473de8906_c.jpg,data/processed/policy_c_official_test/test/bonafide/iphone15/netherland-flickr_M_4188233342_8473de8906_c.jpg,netherland-flickr_M_4188233342_8473de8906_c,bonafide,,iphone15,0,54,16a98263b107439100e51971281c38e8324fc1280ebfb5cabd1cab6accaf5d67,46444029af477c7142a3fe9b1813ef7f688d459c7f01f4d99310a8f5750619f5
test/bonafide/iphone15/netherland-flickr_M_6501027149_988313b64f_h.jpg,data/processed/policy_c_official_test/test/bonafide/iphone15/netherland-flickr_M_6501027149_988313b64f_h.jpg,netherland-flickr_M_6501027149_988313b64f_h,bonafide,,iphone15,0,78,2ca7b4ab6cb92ac6a3eec97d7ceb370072db0ef491f33d35a5c38eddb2b8b39d,91f43bdf2d9d2a982fbab3d37679f59e4cab4084d7c320339092fd29061ffe7c
test/bonafide/iphone15/netherland-flickr_M_6862482951_78a560f107_b.jpg,data/processed/policy_c_official_test/test/bonafide/iphone15/netherland-flickr_M_6862482951_78a560f107_b.jpg,netherland-flickr_M_6862482951_78a560f107_b,bonafide,,iphone15,0,67,1a4ecb9ca8d5f01d9813ce14732a195b65ab282d4d8d63ebef17920b0b61e38e,e6c54962ea2d1f4af35bcdc7d21fffe4357a16aee23a07bb710e06c2da16a722
test/bonafide/iphone15/singapore-flickr_F_17178258920_6f5f1eedd0_k.jpg,data/processed/policy_c_official_test/test/bonafide/iphone15/singapore-flickr_F_17178258920_6f5f1eedd0_k.jpg,singapore-flickr_F_17178258920_6f5f1eedd0_k,bonafide,,iphone15,0,63,65a046b87df8066ee91fd9102a41a2d233f48a23cc236c0cfac1314411d64f9a,b08a04f35e37812b5eb97d0512276ebe87d3b18745fc4bab4a01631f5f96b942
test/bonafide/iphone15/singapore-flickr_F_19679296994_d0fc2a7ac6_o.jpg,data/processed/policy_c_official_test/test/bonafide/iphone15/singapore-flickr_F_19679296994_d0fc2a7ac6_o.jpg,singapore-flickr_F_19679296994_d0fc2a7ac6_o,bonafide,,iphone15,0,80,8ae731e0df85df5b0ba09b4d25287a942104c9d01e295f2fd6a2f3e09510b062,8508fde3e2461533b9b8826207d2e4947850049474925a1eb42efe6e2fe2311b
test/bonafide/iphone15/singapore-flickr_F_20411794293_d7a6aae66c_c.jpg,data/processed/policy_c_official_test/test/bonafide/iphone15/singapore-flickr_F_20411794293_d7a6aae66c_c.jpg,singapore-flickr_F_20411794293_d7a6aae66c_c,bonafide,,iphone15,0,58,dcc8e157fcef558b2efd47dac9041217ef54850ad6f15b8a558d781a88da392d,a3937b458d3abc72f84779407c1ad5d8ca9db0504b093b08c4f22e4e4837ee4d
test/bonafide/iphone15/singapore-flickr_F_30532886723_e55b04664f_k.jpg,data/processed/policy_c_official_test/test/bonafide/iphone15/singapore-flickr_F_30532886723_e55b04664f_k.jpg,singapore-flickr_F_30532886723_e55b04664f_k,bonafide,,iphone15,0,86,9d02c6277e9187748705273f0662d14f20ba707f08a4a4e904a4bff3cb41b6a4,fc587822ed0d8a574f83c1722d8e6a99bda8f143dbe025c614761a48ff7e0b69
test/bonafide/iphone15/singapore-flickr_F_31294646850_53ce869b2e_b.jpg,data/processed/policy_c_official_test/test/bonafide/iphone15/singapore-flickr_F_31294646850_53ce869b2e_b.jpg,singapore-flickr_F_31294646850_53ce869b2e_b,bonafide,,iphone15,0,68,8c8d983ed2e0541c55e31088411e2dbf53bd27fa5b84cd9b1e6d146b8b7c163c,7a8aedfd5f7c67057f673541f43d411b2eac61b5523705540c4738c2a2dd1170
test/bonafide/iphone15/singapore-flickr_F_32272417100_7c8c616f37_c.jpg,data/processed/policy_c_official_test/test/bonafide/iphone15/singapore-flickr_F_32272417100_7c8c616f37_c.jpg,singapore-flickr_F_32272417100_7c8c616f37_c,bonafide,,iphone15,0,87,5fe5cca4a80eebd079eb573a2379ced340475e6dc444c7efaa331d94251b6ab9,fac7b8e994a8cbbd5329f9b936f41c43dffb82d5efe2ced6ed6718d73d4c5699
test/bonafide/iphone15/singapore-flickr_F_33525297682_eee6031622_c.jpg,data/processed/policy_c_official_test/test/bonafide/iphone15/singapore-flickr_F_33525297682_eee6031622_c.jpg,singapore-flickr_F_33525297682_eee6031622_c,bonafide,,iphone15,0,52,7f47bf20d60afed3b5f1fa01cf444484ae17e55ea4b8958bc843ebe3a0fdb337,5fc607ee270c3ee85902f847a9d8402306771a9608fb571d715afa8ea53551b1
test/bonafide/iphone15/singapore-flickr_F_33552363961_ea0fc80afb_k.jpg,data/processed/policy_c_official_test/test/bonafide/iphone15/singapore-flickr_F_33552363961_ea0fc80afb_k.jpg,singapore-flickr_F_33552363961_ea0fc80afb_k,bonafide,,iphone15,0,72,da4317820499b2f51f2fe074c0ce85b0816723c68f44b47834ac38f5fbccf431,5dffb360cad2cd6e7e754ca851d3e630160ba9a7c80b7aab4033d45bf279761c
test/bonafide/iphone15/singapore-flickr_F_33574462985_422fca6322_c.jpg,data/processed/policy_c_official_test/test/bonafide/iphone15/singapore-flickr_F_33574462985_422fca6322_c.jpg,singapore-flickr_F_33574462985_422fca6322_c,bonafide,,iphone15,0,57,9b34a14da1d5373a0de563b69f2a3584df60f615cff39f9de0a0d03eef0a0fea,9c413f0c8ec64ce76db3b240c2025d25ff1889264636eda227ccc4f007d04ae3
test/bonafide/iphone15/singapore-flickr_F_36921282312_c8e6a2674d_c.jpg,data/processed/policy_c_official_test/test/bonafide/iphone15/singapore-flickr_F_36921282312_c8e6a2674d_c.jpg,singapore-flickr_F_36921282312_c8e6a2674d_c,bonafide,,iphone15,0,65,2fd261b45933a57f56f9f64d6d765880dd1981e622fbce3caf09f55444e72da1,93410ef323d28da9e9dd18381be2f4a9e2b509ef14d76da59e817b7b4ee76bbd
test/bonafide/iphone15/singapore-flickr_F_40795084473_21fafd815e_c.jpg,data/processed/policy_c_official_test/test/bonafide/iphone15/singapore-flickr_F_40795084473_21fafd815e_c.jpg,singapore-flickr_F_40795084473_21fafd815e_c,bonafide,,iphone15,0,67,dff68b2aaaa5560f636f65bf90c649a2ecd204523585abf2de138a2ed0a245b9,e4ac9bbdbc72128b2bff4c32806e489bc8f14ee37d729acbbda7a5d194f9e12d
test/bonafide/iphone15/singapore-flickr_F_9641749325_1a753f74b2_c.jpg,data/processed/policy_c_official_test/test/bonafide/iphone15/singapore-flickr_F_9641749325_1a753f74b2_c.jpg,singapore-flickr_F_9641749325_1a753f74b2_c,bonafide,,iphone15,0,69,16381d0457730b83b96540a14363b9a58b656b5d5d32f259ce68ec2eebf3c523,69c1e25bafd09106e6869810939dfc39a0fec71135e4eb1795a36822de53dab3
test/bonafide/iphone15/singapore-flickr_M_15788105142_89e9bca209_k.jpg,data/processed/policy_c_official_test/test/bonafide/iphone15/singapore-flickr_M_15788105142_89e9bca209_k.jpg,singapore-flickr_M_15788105142_89e9bca209_k,bonafide,,iphone15,0,74,83a4ba7487cbd7ac7fc6fe5a823f05bd6c5d7954b237a3e46efa69b7d28006e1,e11433dd652009770e5d0a636105bbaeed7173649dc1254c0621a119716a0593
test/bonafide/iphone15/singapore-flickr_M_21893334161_8c8b011508_k.jpg,data/processed/policy_c_official_test/test/bonafide/iphone15/singapore-flickr_M_21893334161_8c8b011508_k.jpg,singapore-flickr_M_21893334161_8c8b011508_k,bonafide,,iphone15,0,82,574746b33f45b432b01de5f5a1abd0e6e4ed520f15250762ea8b88db0101390c,23bed771077cae67bcf7aaea6da2240f6306d44278ae2be0435c59bb4762d693
test/bonafide/iphone15/singapore-flickr_M_22512816725_a88536de72_c.jpg,data/processed/policy_c_official_test/test/bonafide/iphone15/singapore-flickr_M_22512816725_a88536de72_c.jpg,singapore-flickr_M_22512816725_a88536de72_c,bonafide,,iphone15,0,74,db494c7a7a8599d5a4dabdedbdad5b164f0f40cf0c376fa4de261403b4cf768a,ac9c2e8b168198bb1056a0c22e44d29762d4cb6a13b5cef514ecfe546a750c79
test/bonafide/iphone15/singapore-flickr_M_22942161980_136669b7da_c.jpg,data/processed/policy_c_official_test/test/bonafide/iphone15/singapore-flickr_M_22942161980_136669b7da_c.jpg,singapore-flickr_M_22942161980_136669b7da_c,bonafide,,iphone15,0,76,910fdf06045ff68264d3f2b721e7f4a28c0573a78736d9461f5a09711c0edccb,fe52106a64dc833d09997a70c25a2b6e81230ac3bbe81582094d454cc390a83e
test/bonafide/iphone15/singapore-flickr_M_23543328125_d9409d5ae0_c.jpg,data/processed/policy_c_official_test/test/bonafide/iphone15/singapore-flickr_M_23543328125_d9409d5ae0_c.jpg,singapore-flickr_M_23543328125_d9409d5ae0_c,bonafide,,iphone15,0,71,de97b12aac863bc0373dede5d886efced4609dfe32e72e31b3f6633d52d378c5,524db0954d811534b5d33da981c0a59a1be0531ead4ae27cf9a9c228a0c3c1cd
test/bonafide/iphone15/singapore-flickr_M_24170605047_501e882ccc_o.jpg,data/processed/policy_c_official_test/test/bonafide/iphone15/singapore-flickr_M_24170605047_501e882ccc_o.jpg,singapore-flickr_M_24170605047_501e882ccc_o,bonafide,,iphone15,0,65,74ce85d5fd8be1c4643789e8fa7f1044e7dd10eeb693c5fc3dd808169a80dbc6,fc6031e7f341f5a3ce2d4afa2bfffe2634e4cb56d72cabe202acce3bdbfb7b11
test/bonafide/iphone15/singapore-flickr_M_30456580904_06749c0622_c.jpg,data/processed/policy_c_official_test/test/bonafide/iphone15/singapore-flickr_M_30456580904_06749c0622_c.jpg,singapore-flickr_M_30456580904_06749c0622_c,bonafide,,iphone15,0,58,ecfddf1a3aff032258066d6ecd1e64f83d2c41ca86e9a5d3cce75605eb09f47c,422879f89df18d8670df9baec1451644f252c8f1d2dcb449d127af39e84f368e
test/bonafide/iphone15/singapore-flickr_M_30518529884_4cf8f091df_c.jpg,data/processed/policy_c_official_test/test/bonafide/iphone15/singapore-flickr_M_30518529884_4cf8f091df_c.jpg,singapore-flickr_M_30518529884_4cf8f091df_c,bonafide,,iphone15,0,51,2a8805a50c0df55c1fba926646e8b2a4d52984b0262800844978882a08cd44a6,3d74bc7f338eea0a41512cf631687ff67d5c38114476382646a20eda0dfc503b
test/bonafide/iphone15/singapore-flickr_M_31226087931_7b83422543_c.jpg,data/processed/policy_c_official_test/test/bonafide/iphone15/singapore-flickr_M_31226087931_7b83422543_c.jpg,singapore-flickr_M_31226087931_7b83422543_c,bonafide,,iphone15,0,54,bb624f97c1e8f6f1a1fad5e3a03bc4cc3e6f6af5b3944b64f301d1e1bcc4a925,6d92695d90b061e6f96af3ffe0381bc20c2e8793e8d37aa99ceb9185938478f1
test/bonafide/iphone15/singapore-flickr_M_31226135201_5aa42a5a13_c.jpg,data/processed/policy_c_official_test/test/bonafide/iphone15/singapore-flickr_M_31226135201_5aa42a5a13_c.jpg,singapore-flickr_M_31226135201_5aa42a5a13_c,bonafide,,iphone15,0,62,cd0bfe04f66f1d3faf30d4f907e8b6185e99712227c429b48e63adaabd0bb6f9,1342b314f5c7fef7ce7de025b4491b053a781ada88f61a2bd8149e41ef400990
test/bonafide/iphone15/singapore-flickr_M_31244514601_d2cb0773d7_c.jpg,data/processed/policy_c_official_test/test/bonafide/iphone15/singapore-flickr_M_31244514601_d2cb0773d7_c.jpg,singapore-flickr_M_31244514601_d2cb0773d7_c,bonafide,,iphone15,0,88,503dbb046154ed332790e284dc93e902bed5a2281b1350a5cdf6f18dd3b6b058,8c481c6b33b0c727db4fe759c2031d8ac12b517cd859c33577e9932942614a0e
test/bonafide/iphone15/singapore-flickr_M_31340377345_6781e5f574_k.jpg,data/processed/policy_c_official_test/test/bonafide/iphone15/singapore-flickr_M_31340377345_6781e5f574_k.jpg,singapore-flickr_M_31340377345_6781e5f574_k,bonafide,,iphone15,0,75,7b3006e83d5c57982135aeb64697e07ab7e18f71313bb25e52b545777cca3c04,8f5dcbbe22275fad21e4ea6841dfa5daee31a3b14701e400e5571eb82ed28328
test/bonafide/iphone15/singapore-flickr_M_33525333882_5cf0c0382a_k.jpg,data/processed/policy_c_official_test/test/bonafide/iphone15/singapore-flickr_M_33525333882_5cf0c0382a_k.jpg,singapore-flickr_M_33525333882_5cf0c0382a_k,bonafide,,iphone15,0,73,8ffa0ccbf788155bb429541bdf53e8a7dca8da8b998cdd8e1b4c3351ac1a8a12,793ae03d27e8143d880fbf5d574cc635e060f194f14e85834412acac0adb7b47
test/bonafide/iphone15/singapore-flickr_M_37019084692_714cba8ac1_k.jpg,data/processed/policy_c_official_test/test/bonafide/iphone15/singapore-flickr_M_37019084692_714cba8ac1_k.jpg,singapore-flickr_M_37019084692_714cba8ac1_k,bonafide,,iphone15,0,79,bb23586e18ca0f65a4478b9a4d786861b390da2cca2137c66d5c516a72ba8158,bcd055bb95b2b330809c26e8edfdb6772a08b13b213b41a9c0246190dcf5f658
test/bonafide/iphone15/singapore-flickr_M_46826659491_bab820563f_c.jpg,data/processed/policy_c_official_test/test/bonafide/iphone15/singapore-flickr_M_46826659491_bab820563f_c.jpg,singapore-flickr_M_46826659491_bab820563f_c,bonafide,,iphone15,0,50,484e633407217da92d94348541191727b60e754da8ea808c3a012310413a7e2f,2ecebb35d70b611c26f9fb76c12697853fd452e97a1f3ddf65194b1e6b6cf6d0
test/bonafide/iphone15/singapore-flickr_M_50611940256_8405427c78_k.jpg,data/processed/policy_c_official_test/test/bonafide/iphone15/singapore-flickr_M_50611940256_8405427c78_k.jpg,singapore-flickr_M_50611940256_8405427c78_k,bonafide,,iphone15,0,90,fded084122d22c9fe5d6b02c6a91327ed9b7269ddc8ccdf61a32d575b2ab8b50,98849756243312e04adbd172c3706e171226a5c5bcde9a50af11d67c3c1152d1
test/bonafide/scan/chinese2-flickr_F_16745558933_a3f9fe2bc9_k.jpg,data/processed/policy_c_official_test/test/bonafide/scan/chinese2-flickr_F_16745558933_a3f9fe2bc9_k.jpg,chinese2-flickr_F_16745558933_a3f9fe2bc9_k,bonafide,,scan,0,75,e91219e155cccbb242d0599977c987215673c2cc67854add1871dbb7c900ab8c,b6bf9aaccbc872e78769934a837367567184d1511bc59097b04b64e41d0516e0
test/bonafide/scan/chinese2-flickr_F_16858102101_d4c5c1e7a2_c.jpg,data/processed/policy_c_official_test/test/bonafide/scan/chinese2-flickr_F_16858102101_d4c5c1e7a2_c.jpg,chinese2-flickr_F_16858102101_d4c5c1e7a2_c,bonafide,,scan,0,57,e2a22eb363d65cde4a8f789bbe11c5d2574bcc7496587779635a56627ca3b2e6,48ff97e566628e3bbe7a9fe9310a7855c0c78555e9fce273c02b629f946f1d92
test/bonafide/scan/chinese2-flickr_F_17178039488_60828ef8de_k.jpg,data/processed/policy_c_official_test/test/bonafide/scan/chinese2-flickr_F_17178039488_60828ef8de_k.jpg,chinese2-flickr_F_17178039488_60828ef8de_k,bonafide,,scan,0,63,39ea2efb0ead02a083e536be53b30c4cf56a6698f549525650010be6d774bc26,3dfcefad30f069a9a210c61163908662fb1196c2094800ce2e47c4035f460942
test/bonafide/scan/chinese2-flickr_F_17619703551_9705002b22_b.jpg,data/processed/policy_c_official_test/test/bonafide/scan/chinese2-flickr_F_17619703551_9705002b22_b.jpg,chinese2-flickr_F_17619703551_9705002b22_b,bonafide,,scan,0,90,9b661851f7255eac4ffe870c892b5f27496d65f0ffc324329851f9a9228c8277,afe4109dd35c5a12e570f96bd2f88f9ded499284b11c9087e2f9da71871c6000
test/bonafide/scan/chinese2-flickr_F_17773666675_1bdbd28a62_c.jpg,data/processed/policy_c_official_test/test/bonafide/scan/chinese2-flickr_F_17773666675_1bdbd28a62_c.jpg,chinese2-flickr_F_17773666675_1bdbd28a62_c,bonafide,,scan,0,90,d411999097007f0debbfa0fa80330755691561086ac172546a3e7d46ebf91427,5ee9d4546aa9a1dd81513d0839513bc73ba1e51fd42dc6ae2d5f903ae2318114
test/bonafide/scan/chinese2-flickr_F_21668538829_2fb67bd5fd_c.jpg,data/processed/policy_c_official_test/test/bonafide/scan/chinese2-flickr_F_21668538829_2fb67bd5fd_c.jpg,chinese2-flickr_F_21668538829_2fb67bd5fd_c,bonafide,,scan,0,74,3db9c07674d14a5d1d76e8f2185459e2973e95262bf582a1d8a98cbe636c20e8,c0f3987e18ff117111209902f0d18abb44201395743fcc6ca28bfb5b48a26fa1
test/bonafide/scan/chinese2-flickr_F_21696826019_7407a3bea0_k.jpg,data/processed/policy_c_official_test/test/bonafide/scan/chinese2-flickr_F_21696826019_7407a3bea0_k.jpg,chinese2-flickr_F_21696826019_7407a3bea0_k,bonafide,,scan,0,51,6936a8a522c51462d4dbe0daac1cc619e849dcd6646f7779c0f4b930f8934465,0154ae2cbe49ddaedf7212b9f78aea8eaabe0a3db3f3bb56e2bfe6f6675ac389
test/bonafide/scan/chinese2-flickr_F_25164779518_a723fab6b8_o.jpg,data/processed/policy_c_official_test/test/bonafide/scan/chinese2-flickr_F_25164779518_a723fab6b8_o.jpg,chinese2-flickr_F_25164779518_a723fab6b8_o,bonafide,,scan,0,86,e9f22c0b5cb5e1eb37815b755e2c6f7c631e35680337d9d59124b80e8fe23914,3aebff50145123ef72f32c7806bf7e4b691285066f86cd979e2e1d68e7f489da
test/bonafide/scan/chinese2-flickr_F_25164805428_423bc49285_o.jpg,data/processed/policy_c_official_test/test/bonafide/scan/chinese2-flickr_F_25164805428_423bc49285_o.jpg,chinese2-flickr_F_25164805428_423bc49285_o,bonafide,,scan,0,66,b2df522ff94afdcd505e8169d173d06edd661b7539f25ceada32ce135660f976,cc6fcf05688b2df01d9fbec2f67c04c3a555f2e4d266c2b5b8697fc5420895d3
test/bonafide/scan/chinese2-flickr_F_30990251270_6801e68759_c.jpg,data/processed/policy_c_official_test/test/bonafide/scan/chinese2-flickr_F_30990251270_6801e68759_c.jpg,chinese2-flickr_F_30990251270_6801e68759_c,bonafide,,scan,0,55,bbbe488a87a7d1e72086ed9becb0b0893905b1eed36fa5e54149cc62dd6ecb60,294eefce1adcc4a59fc82e67880d94c3ec1350128128e1840ff48345306c25fc
test/bonafide/scan/chinese2-flickr_F_31196390972_be24a6067c_k.jpg,data/processed/policy_c_official_test/test/bonafide/scan/chinese2-flickr_F_31196390972_be24a6067c_k.jpg,chinese2-flickr_F_31196390972_be24a6067c_k,bonafide,,scan,0,80,7cfae22176ec855d5696751ddccd6b240c00776af424eae4695b3bab4157ea81,c78d3386968172374b22f28bee8f6f79719bedc4a03c90b29e9a3b31964b8fe3
test/bonafide/scan/chinese2-flickr_F_31226153591_900ef17f37_k.jpg,data/processed/policy_c_official_test/test/bonafide/scan/chinese2-flickr_F_31226153591_900ef17f37_k.jpg,chinese2-flickr_F_31226153591_900ef17f37_k,bonafide,,scan,0,53,32b634735c78a222539b621cbfb76f5fad924f0630787551233cd0c43f3f7c6e,0b770b45038a8bae4bca5ba80e4952f82be7fe4eb08c82f4e925e43f47b01ba0
test/bonafide/scan/chinese2-flickr_F_31998401683_5272a75c42_c.jpg,data/processed/policy_c_official_test/test/bonafide/scan/chinese2-flickr_F_31998401683_5272a75c42_c.jpg,chinese2-flickr_F_31998401683_5272a75c42_c,bonafide,,scan,0,84,8c5a4619829e0169743204cfc63c425954dbe2acd8a765da6721f31ee1043085,ad3b082fd47069d71a49845fbcf0730c0eb825fc76f9b179130728839cdfc91b
test/bonafide/scan/chinese2-flickr_F_31998955273_5516f4db28_h.jpg,data/processed/policy_c_official_test/test/bonafide/scan/chinese2-flickr_F_31998955273_5516f4db28_h.jpg,chinese2-flickr_F_31998955273_5516f4db28_h,bonafide,,scan,0,69,d020536b054962288b7712fa04c20450d05284253699e40aaf2cc274995a6c94,ace6fe1a2dc922a9f17a8f61a3d352d929cad36329b0cee8fc63dfe29f387135
test/bonafide/scan/chinese2-flickr_F_32689517821_bfacb0e1ba_h.jpg,data/processed/policy_c_official_test/test/bonafide/scan/chinese2-flickr_F_32689517821_bfacb0e1ba_h.jpg,chinese2-flickr_F_32689517821_bfacb0e1ba_h,bonafide,,scan,0,84,b9c61851b7eb6a179e335d74e7965cb93e3463cf5b83e4995bcd79d35e45ee57,aea383d1e3243a32e36ef5926332de57da6cf72b367816cb1839e5498213c870
test/bonafide/scan/chinese2-flickr_F_33552328531_f6d5dd17b8_c.jpg,data/processed/policy_c_official_test/test/bonafide/scan/chinese2-flickr_F_33552328531_f6d5dd17b8_c.jpg,chinese2-flickr_F_33552328531_f6d5dd17b8_c,bonafide,,scan,0,83,b2e948beb724e3218ad143a8cfc244ec87f1e638c22b6e151028516a36e54160,a616601e51f3f53f8ed1c911b40f87763afb236e80d8a565fdd2c0107fb1e8e2
test/bonafide/scan/chinese2-flickr_F_39035705701_833f3da9bf_o.jpg,data/processed/policy_c_official_test/test/bonafide/scan/chinese2-flickr_F_39035705701_833f3da9bf_o.jpg,chinese2-flickr_F_39035705701_833f3da9bf_o,bonafide,,scan,0,65,16160d72d07d0db0bdeff1681fb32431c45e52eda79982974d563fdc4dd0d7fe,391d16f9ec843c8776c281d6110fda5c8c1e5bd843f32c715e1afe58dd5273f1
test/bonafide/scan/chinese2-flickr_F_40837237721_dedac367d4_c.jpg,data/processed/policy_c_official_test/test/bonafide/scan/chinese2-flickr_F_40837237721_dedac367d4_c.jpg,chinese2-flickr_F_40837237721_dedac367d4_c,bonafide,,scan,0,54,bcb7b0defdb5dcb1a2ad88d4043824e5bb616f7d2c5e4bacafcf0b6a4e1197f0,c3977ffba01486f0a935f66b27ecd5375f22f5b7be67b711b2857f9251186740
test/bonafide/scan/chinese2-flickr_F_48677929383_2cdc743f43_c.jpg,data/processed/policy_c_official_test/test/bonafide/scan/chinese2-flickr_F_48677929383_2cdc743f43_c.jpg,chinese2-flickr_F_48677929383_2cdc743f43_c,bonafide,,scan,0,83,7447b26edce97a9daa1122c4d881385c63a386529f5d363982b283b0e0357b17,9d54e30de91d41f2afd50735dac5e649d94283eafab95f3f3452250065a5ae00
test/bonafide/scan/chinese2-flickr_M_16743317854_732a16acc8_k.jpg,data/processed/policy_c_official_test/test/bonafide/scan/chinese2-flickr_M_16743317854_732a16acc8_k.jpg,chinese2-flickr_M_16743317854_732a16acc8_k,bonafide,,scan,0,51,9e7ead46e25cde8f85601ec64563faae6079ee206d87796b8108d2ae9db64526,7d1ef43959275d2284383a9109639f2be18aedb2fff4a3306cf4dd5e1bc70357
test/bonafide/scan/chinese2-flickr_M_21459989349_7ab0e1ace5_k.jpg,data/processed/policy_c_official_test/test/bonafide/scan/chinese2-flickr_M_21459989349_7ab0e1ace5_k.jpg,chinese2-flickr_M_21459989349_7ab0e1ace5_k,bonafide,,scan,0,89,d0f9962ab16f72034a64c560fce6dfe5c4c5ea3b5fd5aad95037485b329eca4c,05f397d1ae0ddc78f0229ae1497e74002999f678d68aeff41ed0d77cb42eda59
test/bonafide/scan/chinese2-flickr_M_22911363774_20c12ce7ec_c.jpg,data/processed/policy_c_official_test/test/bonafide/scan/chinese2-flickr_M_22911363774_20c12ce7ec_c.jpg,chinese2-flickr_M_22911363774_20c12ce7ec_c,bonafide,,scan,0,51,03eed6ec5bb84239cdef72fc7e75d8e9a2a68392ebd1bc70c4fdda5096f35259,9990bf60ba86bc2820426d821f7243ffaec39417f50d25c50564224089bddad6
test/bonafide/scan/chinese2-flickr_M_24235235151_ae8ac31253_k.jpg,data/processed/policy_c_official_test/test/bonafide/scan/chinese2-flickr_M_24235235151_ae8ac31253_k.jpg,chinese2-flickr_M_24235235151_ae8ac31253_k,bonafide,,scan,0,89,f2788784970d1eb056c679b9f46788105318f848c8261daf8b210529cfbafb20,c533799c2f96128ad620a85e64a771b3008cae33df501664bb9cd4e269368655
test/bonafide/scan/chinese2-flickr_M_24291592906_b097dd45e5_k.jpg,data/processed/policy_c_official_test/test/bonafide/scan/chinese2-flickr_M_24291592906_b097dd45e5_k.jpg,chinese2-flickr_M_24291592906_b097dd45e5_k,bonafide,,scan,0,73,713f745aa2b063e168e94c7c9d5746f175b2bb4faa283a6cb53cada8a9f5893a,929796aa8e197daf91044a69a5e842e7d710da98164550201b886cde3a3737ce
test/bonafide/scan/chinese2-flickr_M_26097180114_4c514c928d_c.jpg,data/processed/policy_c_official_test/test/bonafide/scan/chinese2-flickr_M_26097180114_4c514c928d_c.jpg,chinese2-flickr_M_26097180114_4c514c928d_c,bonafide,,scan,0,66,b09482afda8422f77e71c1bb81fa35558ea6178f48357ca423188d9353a07cf3,7884d4e0aa3838e4cf7c5167ab03f48d2f42aecd3da9b01052a1e176225b3837
test/bonafide/scan/chinese2-flickr_M_30516208604_4a571cf89d_c.jpg,data/processed/policy_c_official_test/test/bonafide/scan/chinese2-flickr_M_30516208604_4a571cf89d_c.jpg,chinese2-flickr_M_30516208604_4a571cf89d_c,bonafide,,scan,0,80,555aafeed2b7f926e7466196ade4da96c50c2ef74a3e90a01dee7ebc8d971205,73326f8b6234c29dc260bcb3beadaca96b055bf124e06687dde8d961523438b6
test/bonafide/scan/chinese2-flickr_M_30518538704_383875f8c4_c.jpg,data/processed/policy_c_official_test/test/bonafide/scan/chinese2-flickr_M_30518538704_383875f8c4_c.jpg,chinese2-flickr_M_30518538704_383875f8c4_c,bonafide,,scan,0,84,06b08438d094a0ca35535c51de94eb7b56632bf916c8d6a21bc5212c186d1cbc,26b127f06e9f5c8a2a3014a568c3fc7ad4baba9d100015ae8190a3549964e32b
test/bonafide/scan/chinese2-flickr_M_31304800026_59e0161aba_c.jpg,data/processed/policy_c_official_test/test/bonafide/scan/chinese2-flickr_M_31304800026_59e0161aba_c.jpg,chinese2-flickr_M_31304800026_59e0161aba_c,bonafide,,scan,0,85,ffaef6bd5a12f63abce208a8c4b156f71544214d008d263f7ee1d5886fd99d6c,8a9a14558c5c7b09f3fec602d65bd10822e758bd8a72a88d573e7866e4ba9773
test/bonafide/scan/chinese2-flickr_M_31840786965_77af814416_h.jpg,data/processed/policy_c_official_test/test/bonafide/scan/chinese2-flickr_M_31840786965_77af814416_h.jpg,chinese2-flickr_M_31840786965_77af814416_h,bonafide,,scan,0,76,4f2ddb3f766031cc5c20d041b1ce58205fa4f4631541ea8f5237ae540306df99,c182b3858d69cad5fb4db69bc72a334ff67651e7c35f587701a5bfd3285bb2c5
test/bonafide/scan/chinese2-flickr_M_31969854474_39f84b92eb_h.jpg,data/processed/policy_c_official_test/test/bonafide/scan/chinese2-flickr_M_31969854474_39f84b92eb_h.jpg,chinese2-flickr_M_31969854474_39f84b92eb_h,bonafide,,scan,0,60,ccbfd7b25307589bdacac0e54b64feaba7452b131a414323816192968b30d11f,6b5b985d6e389331f07fe60c5d7ebc8de48a6235907b481a1f7cf2654d65ed66
test/bonafide/scan/chinese2-flickr_M_32771950686_f8d5084d87_h.jpg,data/processed/policy_c_official_test/test/bonafide/scan/chinese2-flickr_M_32771950686_f8d5084d87_h.jpg,chinese2-flickr_M_32771950686_f8d5084d87_h,bonafide,,scan,0,60,5bba90557d18b7f9c4813c08d037dc8ab6fac0e8c40633b0a21cdaf906c5bfe6,2bf89f114a59e721bacde3caccd8aac8c16ba896b976424130cad8457e486b18
test/bonafide/scan/chinese2-flickr_M_32812741685_462068ee90_h.jpg,data/processed/policy_c_official_test/test/bonafide/scan/chinese2-flickr_M_32812741685_462068ee90_h.jpg,chinese2-flickr_M_32812741685_462068ee90_h,bonafide,,scan,0,63,57db1e460d9e137de8388e996ed066f69261c929491e5af94c08c9b157fe6ade,56e290261f9e4613f2759d80663f2261a528fd834ddd3096a77a200d3c0c5ddb
test/bonafide/scan/chinese2-flickr_M_33525327222_f112b468ed_k.jpg,data/processed/policy_c_official_test/test/bonafide/scan/chinese2-flickr_M_33525327222_f112b468ed_k.jpg,chinese2-flickr_M_33525327222_f112b468ed_k,bonafide,,scan,0,79,c077d1c41a4d546937beb12c630551130a0c2da305068cd332f8d95230cb38d2,b47c682e159693aaaf2f55876d18df7aa4fcd44200fb04634d77646c477ed572
test/bonafide/scan/chinese2-flickr_M_33552319041_2631ab0a0c_c.jpg,data/processed/policy_c_official_test/test/bonafide/scan/chinese2-flickr_M_33552319041_2631ab0a0c_c.jpg,chinese2-flickr_M_33552319041_2631ab0a0c_c,bonafide,,scan,0,86,1c42d9a3f542cb5a3518ba17ab4383704d93af05626c7ea80b65ae8f4a58f5df,bfbe9ea6f5dedaa7641cababc052dd99315e23813eb294fbdaee706529fa6afc
test/bonafide/scan/chinese2-flickr_M_34592740762_6446ed6334_k.jpg,data/processed/policy_c_official_test/test/bonafide/scan/chinese2-flickr_M_34592740762_6446ed6334_k.jpg,chinese2-flickr_M_34592740762_6446ed6334_k,bonafide,,scan,0,65,aae40dad74e23cf01eebb6a6f725321750b011cf631f45382f54e5239e4a3c40,5ddfe8497c6218b8b0a47e9a1fd3738763d570d4164e0e598b540ebe161b377d
test/bonafide/scan/chinese2-flickr_M_3625086942_a3ed938d9c_c.jpg,data/processed/policy_c_official_test/test/bonafide/scan/chinese2-flickr_M_3625086942_a3ed938d9c_c.jpg,chinese2-flickr_M_3625086942_a3ed938d9c_c,bonafide,,scan,0,64,15bb00b9fa56a9ef9909cf1b00ec635662884ca3d0fc997554baaaafd2ea83db,6349da09c8645206a4d5a3a3a9a21bf398d599c7300aea7ac7b634aacb89f8fd
test/bonafide/scan/chinese2-flickr_M_36353666424_ab1a94e172_k.jpg,data/processed/policy_c_official_test/test/bonafide/scan/chinese2-flickr_M_36353666424_ab1a94e172_k.jpg,chinese2-flickr_M_36353666424_ab1a94e172_k,bonafide,,scan,0,59,64dd746301847835cc8899d3a0822b1980292be6111edf6eb7f2277b0f20001b,3435b499766ae27d461e6410d907b68fc27bdb4971dfdfa4e80be6433eea16ba
test/bonafide/scan/chinese2-flickr_M_37190875605_735b3fca0d_c.jpg,data/processed/policy_c_official_test/test/bonafide/scan/chinese2-flickr_M_37190875605_735b3fca0d_c.jpg,chinese2-flickr_M_37190875605_735b3fca0d_c,bonafide,,scan,0,81,946503600ec0e923f67110f503d38a9b7908f5bcd6dd6d05f9426715db8d5f50,bfca0e69ff13bc9d02f2e6df8643e0ff7ea727a41aace40bf5bdda13312a6879
test/bonafide/scan/chinese2-flickr_M_38319821984_1d6e303c3e_o.jpg,data/processed/policy_c_official_test/test/bonafide/scan/chinese2-flickr_M_38319821984_1d6e303c3e_o.jpg,chinese2-flickr_M_38319821984_1d6e303c3e_o,bonafide,,scan,0,84,d78b77d4df621d3cda5cdce5e185169b9a1215fda6e4cadd81e1485843074768,c1d8b5dd0e63a2429330e16723a8de8c52241859e09f0da058bbc5eed005b05a
test/bonafide/scan/chinese2-flickr_M_38999105422_457bedeef7_o.jpg,data/processed/policy_c_official_test/test/bonafide/scan/chinese2-flickr_M_38999105422_457bedeef7_o.jpg,chinese2-flickr_M_38999105422_457bedeef7_o,bonafide,,scan,0,85,935fd9ac562637aade2b550337dca7be9e259f701adad638d0978f14a67fa62b,811dc278acf5977426f19f4ab33431b162a9ca421af65efed03a78c38b94de10
test/bonafide/scan/chinese2-flickr_M_6850649398_5d950a2635_k.jpg,data/processed/policy_c_official_test/test/bonafide/scan/chinese2-flickr_M_6850649398_5d950a2635_k.jpg,chinese2-flickr_M_6850649398_5d950a2635_k,bonafide,,scan,0,62,72749af5acf923c0b244a39c0c234486fd269d737dc1683744c09d9fbc5cf915,796cbc29dc502ba11286917ca4aaf6cb995147f890da1d2d70dec0fadb4543b1
test/bonafide/scan/netherland-flickr_F_10239917343_ca73cd29b5_h.jpg,data/processed/policy_c_official_test/test/bonafide/scan/netherland-flickr_F_10239917343_ca73cd29b5_h.jpg,netherland-flickr_F_10239917343_ca73cd29b5_h,bonafide,,scan,0,55,984bc3d5eda2c9e44e17598a7f2d757f77c90586a9b4ea22840236a235c73ddb,4f2541a15fc6cd3cd72b37be62cc859acfa5395ecd8d09cf02f26f1a7a01ca9d
test/bonafide/scan/netherland-flickr_F_20301931855_4cd18f8166_k.jpg,data/processed/policy_c_official_test/test/bonafide/scan/netherland-flickr_F_20301931855_4cd18f8166_k.jpg,netherland-flickr_F_20301931855_4cd18f8166_k,bonafide,,scan,0,55,6ad5238c7c5bd18a299a972fe23346d207add81db953e54eef43a80a329f9246,8d465f2341d6f87e4618d90f399c25dfde8999760606d47725c10ee79c2b9b2c
test/bonafide/scan/netherland-flickr_F_26297818201_09eab93588_k.jpg,data/processed/policy_c_official_test/test/bonafide/scan/netherland-flickr_F_26297818201_09eab93588_k.jpg,netherland-flickr_F_26297818201_09eab93588_k,bonafide,,scan,0,61,36647202d06fbcadab8a3a001e7750521d34bf3040e0da6e264808ada7a1863e,54aba3890bb49060b91cd33a68181dbb2666d0a96c4f529f73876a16c733da0b
test/bonafide/scan/netherland-flickr_F_28051545714_ab479f15eb_k.jpg,data/processed/policy_c_official_test/test/bonafide/scan/netherland-flickr_F_28051545714_ab479f15eb_k.jpg,netherland-flickr_F_28051545714_ab479f15eb_k,bonafide,,scan,0,62,e6fe3ff8eae7f5362caa2814b11212c62c3814f34ca038a900a0adb69975ada5,553c5adbc4fe17537a232620c2c46a18a62e5df89eadcc4aceaff4ff46b49433
test/bonafide/scan/netherland-flickr_F_28630210242_e3780d0ee9_b.jpg,data/processed/policy_c_official_test/test/bonafide/scan/netherland-flickr_F_28630210242_e3780d0ee9_b.jpg,netherland-flickr_F_28630210242_e3780d0ee9_b,bonafide,,scan,0,74,3d0e59bd863ecda6085709fb97a853c33b0794b65d220db82921d9d2b06fce96,c89895fd78319d3d978ba387b2e2932cef371abdf9357e866da825c87def8698
test/bonafide/scan/netherland-flickr_F_31998547103_f617b19dfc_h.jpg,data/processed/policy_c_official_test/test/bonafide/scan/netherland-flickr_F_31998547103_f617b19dfc_h.jpg,netherland-flickr_F_31998547103_f617b19dfc_h,bonafide,,scan,0,59,014dbcaaa302313ada19ea740724ed01b963dba535c0852045ecc35c95cef529,c13c88e66749dfa546ae7fdd831d32b6f2f544321a011d5566036bd7382745c5
test/bonafide/scan/netherland-flickr_F_31998771523_784e7e9597_h.jpg,data/processed/policy_c_official_test/test/bonafide/scan/netherland-flickr_F_31998771523_784e7e9597_h.jpg,netherland-flickr_F_31998771523_784e7e9597_h,bonafide,,scan,0,82,26f068c135cd840b59e01566cbe5193a08fcb89a2c8f8bb163ac6fe1dd39a1d7,833705e3087518f694b897d339093a738d9a66ec228eb7477ad17c8c680fcba7
test/bonafide/scan/netherland-flickr_F_32868411313_4bb20e41db_c.jpg,data/processed/policy_c_official_test/test/bonafide/scan/netherland-flickr_F_32868411313_4bb20e41db_c.jpg,netherland-flickr_F_32868411313_4bb20e41db_c,bonafide,,scan,0,82,ed3ef6cd61ff4879c4b043af56c008a54478ab7f77f3b6012c28f2020177740a,d5709dbef2d675e08d45fa734f1a1c378ccafb709a8ba5c2e1530d462389b06f
test/bonafide/scan/netherland-flickr_F_36412358965_0ec43e5de3_c.jpg,data/processed/policy_c_official_test/test/bonafide/scan/netherland-flickr_F_36412358965_0ec43e5de3_c.jpg,netherland-flickr_F_36412358965_0ec43e5de3_c,bonafide,,scan,0,90,50b0a54a24038d13c04adf96c4cc56050734963d1f86323515091c58765d46d7,8a5cc304afc0b94ea46d82f7c3273fd3dc249623920fe56c57527e079fb641bf
test/bonafide/scan/netherland-flickr_F_37019045642_0a3fa19256_k.jpg,data/processed/policy_c_official_test/test/bonafide/scan/netherland-flickr_F_37019045642_0a3fa19256_k.jpg,netherland-flickr_F_37019045642_0a3fa19256_k,bonafide,,scan,0,71,03f053b6971a7272676833cbf4e0a97f6a396aed85119c41efb860c561ee3647,73f7760380734df3f79730ed16f2800f8f5328b58377526e7cdcda5953e9d0c1
test/bonafide/scan/netherland-flickr_F_37048326531_f8270ca4df_k.jpg,data/processed/policy_c_official_test/test/bonafide/scan/netherland-flickr_F_37048326531_f8270ca4df_k.jpg,netherland-flickr_F_37048326531_f8270ca4df_k,bonafide,,scan,0,53,4f2c2b8e83e1a2f92bf6f720ab1d16e3236479ae0554d0bb3dd23a3ad01aea33,7f217155a855667c9a1a56c5d1e387d3519c0b8e43ca3a50c4d63a3517d0e512
test/bonafide/scan/netherland-flickr_M_14867283357_afe052b7e3_c.jpg,data/processed/policy_c_official_test/test/bonafide/scan/netherland-flickr_M_14867283357_afe052b7e3_c.jpg,netherland-flickr_M_14867283357_afe052b7e3_c,bonafide,,scan,0,61,01acf5559195e72e983c9bfc17dc3af618ebf6f88e756fa079029ba3193164d0,60c3069e8b5c94c76e73a13c47d11d48c9bf361068cb586b2a4863a0d9597e35
test/bonafide/scan/netherland-flickr_M_15788104622_be592061dc_k.jpg,data/processed/policy_c_official_test/test/bonafide/scan/netherland-flickr_M_15788104622_be592061dc_k.jpg,netherland-flickr_M_15788104622_be592061dc_k,bonafide,,scan,0,58,e644cf36a5523a882f2ec2e63ee07ab4d4972b28bb829e8e48dc0513e06f5346,18895457f67c7012b07e324b277793a7269ad65c74c66dfaf7ef17603c1fef6d
test/bonafide/scan/netherland-flickr_M_17339867026_3135c7e76f_k.jpg,data/processed/policy_c_official_test/test/bonafide/scan/netherland-flickr_M_17339867026_3135c7e76f_k.jpg,netherland-flickr_M_17339867026_3135c7e76f_k,bonafide,,scan,0,59,3f8be279c51b2029a41c65a40796eda12889a93dd86454b08788ecd38e7128d4,2ea66ee3f44c57956cee483047317590e37bf44213fee6c7a325e0d0659c9bcb
test/bonafide/scan/netherland-flickr_M_18042193331_841d026f9a_c.jpg,data/processed/policy_c_official_test/test/bonafide/scan/netherland-flickr_M_18042193331_841d026f9a_c.jpg,netherland-flickr_M_18042193331_841d026f9a_c,bonafide,,scan,0,82,fe9d7e9d845dd0460df542ad712c355ad55fc2e6dd199afe75f2879616e713de,177cbb4fe8b1f2d9c3af3e69a6e18eef8c79a19657155235b6643be4fbaa4d35
test/bonafide/scan/netherland-flickr_M_19475853574_c947539b18_c.jpg,data/processed/policy_c_official_test/test/bonafide/scan/netherland-flickr_M_19475853574_c947539b18_c.jpg,netherland-flickr_M_19475853574_c947539b18_c,bonafide,,scan,0,88,e2129ea869eba3c20bb3993e4c1803a73a0c15925d314d580bdffbe05a79624b,656cda20e15d9fc35005f8ebb353b4dfc57717d4ded2a2a5e78824fb8a4641f9
test/bonafide/scan/netherland-flickr_M_21260956694_6fd7ae0222_k.jpg,data/processed/policy_c_official_test/test/bonafide/scan/netherland-flickr_M_21260956694_6fd7ae0222_k.jpg,netherland-flickr_M_21260956694_6fd7ae0222_k,bonafide,,scan,0,76,2718ed057ebb80c5850800949f2f2918ec8f3e707605e5b3575b21b54c6df2af,79e21a23352c01d4ec088eb9865c192cdc4eca0b61fa8a5a34c4639997106199
test/bonafide/scan/netherland-flickr_M_23559454676_4919252d67_c.jpg,data/processed/policy_c_official_test/test/bonafide/scan/netherland-flickr_M_23559454676_4919252d67_c.jpg,netherland-flickr_M_23559454676_4919252d67_c,bonafide,,scan,0,70,907b316b372f33d6dce83b3f8019b814dd6b771ac27f550e23703c3fdeacad9e,931b7f4fa022cf2106f6d7752f6f2aeea271af44606113f286d134d6a94a8af5
test/bonafide/scan/netherland-flickr_M_2409019110_4f42632225_o.jpg,data/processed/policy_c_official_test/test/bonafide/scan/netherland-flickr_M_2409019110_4f42632225_o.jpg,netherland-flickr_M_2409019110_4f42632225_o,bonafide,,scan,0,73,07b7b862f2ef258a8f7588cccca1339025d45d402610c956cdd7f9ff0ff63676,1dc094fd657f7940c10804c6b44d6e5ec8883b5fec312c172ec69e556f38625e
test/bonafide/scan/netherland-flickr_M_26828968014_910728ddd9_k.jpg,data/processed/policy_c_official_test/test/bonafide/scan/netherland-flickr_M_26828968014_910728ddd9_k.jpg,netherland-flickr_M_26828968014_910728ddd9_k,bonafide,,scan,0,61,7b8a9531fb4f695953aafa732338f7aed3fc120ff125464475b491dbdd6883fb,d615b22fcf1fcbe234c10787541855f8a612c815335c15b2e4820a13d16f6b56
test/bonafide/scan/netherland-flickr_M_30990255070_570d17d9d4_c.jpg,data/processed/policy_c_official_test/test/bonafide/scan/netherland-flickr_M_30990255070_570d17d9d4_c.jpg,netherland-flickr_M_30990255070_570d17d9d4_c,bonafide,,scan,0,88,9bd65b401302de288d2bed41904d6e531cc690570cd47e598cea4663567733ed,8a3535a95a1808088513eb5b7072123ec5b1be0f71caff6f69a23a10c67c1dc1
test/bonafide/scan/netherland-flickr_M_31998389253_0a26f25b0d_h.jpg,data/processed/policy_c_official_test/test/bonafide/scan/netherland-flickr_M_31998389253_0a26f25b0d_h.jpg,netherland-flickr_M_31998389253_0a26f25b0d_h,bonafide,,scan,0,77,b400b5610b2e379f8defd35a2eae27e74ddddb5f64aa642c18155f22a51b5f21,82f9b01f57dfdece314c68fea904e45d60b12d1e6375ca25bea466cbfc7b67a6
test/bonafide/scan/netherland-flickr_M_31998818913_b87fd05689_h.jpg,data/processed/policy_c_official_test/test/bonafide/scan/netherland-flickr_M_31998818913_b87fd05689_h.jpg,netherland-flickr_M_31998818913_b87fd05689_h,bonafide,,scan,0,56,1aee47359b46edc636d062414098f0ab5b94a69f0bb74206b5ac7806cb7394c8,5db2afe7a017207d6320ab60d1fdf0a9264aea02be1e997e41f70df87abee6af
test/bonafide/scan/netherland-flickr_M_32689636931_6ac45273df_h.jpg,data/processed/policy_c_official_test/test/bonafide/scan/netherland-flickr_M_32689636931_6ac45273df_h.jpg,netherland-flickr_M_32689636931_6ac45273df_h,bonafide,,scan,0,56,0f0ccf41e9d9b3495f09172a80541d97c3634943c0c2ea87a7602f0bf53209a6,aa8f29f426d7d8547c6e6ef8598d2d5e54773e234db8964dcaae1958c19425f3
test/bonafide/scan/netherland-flickr_M_33239373490_5b5df42090_k.jpg,data/processed/policy_c_official_test/test/bonafide/scan/netherland-flickr_M_33239373490_5b5df42090_k.jpg,netherland-flickr_M_33239373490_5b5df42090_k,bonafide,,scan,0,82,5b2866ef8b2a2b23495c36cfc2a7b92c24bcd7c8283599b0f215fc1c9be596c4,b5a468a8173bf6c15c7cc764ced4f0f72f4134bfd0d865d8aec6e41d716cb9c0
test/bonafide/scan/netherland-flickr_M_33276713046_c88eb6c4c8_c.jpg,data/processed/policy_c_official_test/test/bonafide/scan/netherland-flickr_M_33276713046_c88eb6c4c8_c.jpg,netherland-flickr_M_33276713046_c88eb6c4c8_c,bonafide,,scan,0,80,4874e7c7b93b2787e6b05c7f64c970082cf582e5ceac4b470e7de7f2fcdb406b,354996abf0039765f23d8f726e65109a271d40aec8d694a3f69c363f9776c45a
test/bonafide/scan/netherland-flickr_M_33297625690_76e3181f5e_c.jpg,data/processed/policy_c_official_test/test/bonafide/scan/netherland-flickr_M_33297625690_76e3181f5e_c.jpg,netherland-flickr_M_33297625690_76e3181f5e_c,bonafide,,scan,0,77,01c187b48390d82c532761ea86072711e563e86c09ce51ed5bef5165fed59f9c,a395c63ecd79fbb41551c74862d6c59d4df9efa6bfc9e865636e129a8673be9d
test/bonafide/scan/netherland-flickr_M_37190718595_78e318623b_k.jpg,data/processed/policy_c_official_test/test/bonafide/scan/netherland-flickr_M_37190718595_78e318623b_k.jpg,netherland-flickr_M_37190718595_78e318623b_k,bonafide,,scan,0,62,19b29a1f2d88cac28354b7fd1d431f45c6feb25af9e0dddbd3b670f56c90e494,20af606f9173b13cbe21189e1cecba4b250feb1af51e7e7a6639a8a4f4b18304
test/bonafide/scan/netherland-flickr_M_4188233342_8473de8906_c.jpg,data/processed/policy_c_official_test/test/bonafide/scan/netherland-flickr_M_4188233342_8473de8906_c.jpg,netherland-flickr_M_4188233342_8473de8906_c,bonafide,,scan,0,59,2520fb736a72945d9f4059ad4aed508295ae617dadb39351f85a40588706bdd7,46c2d248808a1babeb6b4bb6dc5ee4fe1a74ff3c24186090d44d64a734ff786f
test/bonafide/scan/netherland-flickr_M_6501027149_988313b64f_h.jpg,data/processed/policy_c_official_test/test/bonafide/scan/netherland-flickr_M_6501027149_988313b64f_h.jpg,netherland-flickr_M_6501027149_988313b64f_h,bonafide,,scan,0,69,9f08455f5c7146e098d30a11085b01119d0e467d7486e8b1974621f64727c0aa,5e9477631572bad094aadc75c8163782378607c0b521cd195f9bff2a5ff43622
test/bonafide/scan/netherland-flickr_M_6862482951_78a560f107_b.jpg,data/processed/policy_c_official_test/test/bonafide/scan/netherland-flickr_M_6862482951_78a560f107_b.jpg,netherland-flickr_M_6862482951_78a560f107_b,bonafide,,scan,0,64,5a4a44e9d52c9afbd1242175d3bd85a699b87ead09d05a231de2a8b9682699d0,a8fb5be35df1da723f125cee330442f8d5d1857fed8f35462fedaca575f0e51b
test/bonafide/scan/singapore-flickr_F_17178258920_6f5f1eedd0_k.jpg,data/processed/policy_c_official_test/test/bonafide/scan/singapore-flickr_F_17178258920_6f5f1eedd0_k.jpg,singapore-flickr_F_17178258920_6f5f1eedd0_k,bonafide,,scan,0,89,587378a5f51bca9a93e63896be94aa8e2b56fe3d049ebbb682fbd13d4747bc3f,35b969f972dd9f7b99757e1942d849ebbdf60d7190c6dca8396e6526507efe85
test/bonafide/scan/singapore-flickr_F_19679296994_d0fc2a7ac6_o.jpg,data/processed/policy_c_official_test/test/bonafide/scan/singapore-flickr_F_19679296994_d0fc2a7ac6_o.jpg,singapore-flickr_F_19679296994_d0fc2a7ac6_o,bonafide,,scan,0,50,bab984b6e5f3eb3267660416e0a981ae3d01d83917353021470dc2e157664c11,8509e27fa2015f1d67ff5aa812d79b7f43ef7fbe82e3aec5d6abe8fcccb3979e
test/bonafide/scan/singapore-flickr_F_20411794293_d7a6aae66c_c.jpg,data/processed/policy_c_official_test/test/bonafide/scan/singapore-flickr_F_20411794293_d7a6aae66c_c.jpg,singapore-flickr_F_20411794293_d7a6aae66c_c,bonafide,,scan,0,56,3c9aae4389af63af7b014a66ddbfcf06b2482930764fd15950eace0f2c18e829,67abef66b1d9592f9cb7fbf03e5e280f5fe07ec0f8eb1fb4ebce0e30ee9f1aa0
test/bonafide/scan/singapore-flickr_F_30532886723_e55b04664f_k.jpg,data/processed/policy_c_official_test/test/bonafide/scan/singapore-flickr_F_30532886723_e55b04664f_k.jpg,singapore-flickr_F_30532886723_e55b04664f_k,bonafide,,scan,0,58,1bf84e3a38a0c377c681a5103207514520ee0485cc17e45e6a411cb1999bec2e,0e761f1f7edffd5047fd273cddad016ab52aecad1ce59e844419e5c2c13c79c2
test/bonafide/scan/singapore-flickr_F_31294646850_53ce869b2e_b.jpg,data/processed/policy_c_official_test/test/bonafide/scan/singapore-flickr_F_31294646850_53ce869b2e_b.jpg,singapore-flickr_F_31294646850_53ce869b2e_b,bonafide,,scan,0,75,1a1a75a351c10e21c59bbd19c98265cddef983c4fe50812d8904369c4749ef51,e3eef0ea41e44674165e6ed9c576870534b82df3ddbf138fd0fa3db5dbad0ca3
test/bonafide/scan/singapore-flickr_F_32272417100_7c8c616f37_c.jpg,data/processed/policy_c_official_test/test/bonafide/scan/singapore-flickr_F_32272417100_7c8c616f37_c.jpg,singapore-flickr_F_32272417100_7c8c616f37_c,bonafide,,scan,0,53,57d3ab04c40c731266b85e6e3c19e2b662197249e842875773e41bccc0158f52,8bcd9c5d4d3d67c9a55e844528a3ffd411a6024797daad2d8f691f2378470ef0
test/bonafide/scan/singapore-flickr_F_33525297682_eee6031622_c.jpg,data/processed/policy_c_official_test/test/bonafide/scan/singapore-flickr_F_33525297682_eee6031622_c.jpg,singapore-flickr_F_33525297682_eee6031622_c,bonafide,,scan,0,84,aff0fa687bb33d494e4b1d6527302243e0f51d79a02c74da1a87bebfe2453c92,365ea81726b073f54643cf3dce486415207f308fac50da13a2a78de7d1953e8e
test/bonafide/scan/singapore-flickr_F_33552363961_ea0fc80afb_k.jpg,data/processed/policy_c_official_test/test/bonafide/scan/singapore-flickr_F_33552363961_ea0fc80afb_k.jpg,singapore-flickr_F_33552363961_ea0fc80afb_k,bonafide,,scan,0,82,8c2f64ff8cb6e42a15259cf861beb1cb37a8fa4e2cf18c0ce06fcd43303cf42c,51f93899a42b1d293a02af0803b2cd8ac48c7fb51d99be2afbcab84c648a5211
test/bonafide/scan/singapore-flickr_F_33574462985_422fca6322_c.jpg,data/processed/policy_c_official_test/test/bonafide/scan/singapore-flickr_F_33574462985_422fca6322_c.jpg,singapore-flickr_F_33574462985_422fca6322_c,bonafide,,scan,0,74,2133d3758d7bd9ad21d24dd1be90dbdc9844c84eff4898259e2413b86d0754fa,9e76729657c1eecfab7fb510338ab4ab894c110f40301eea7bcd78bdc24d998b
test/bonafide/scan/singapore-flickr_F_36921282312_c8e6a2674d_c.jpg,data/processed/policy_c_official_test/test/bonafide/scan/singapore-flickr_F_36921282312_c8e6a2674d_c.jpg,singapore-flickr_F_36921282312_c8e6a2674d_c,bonafide,,scan,0,51,70e745802998e03072f0f7aa5960353b68f16f86fe304536bff1570311d817ab,bedeee2acaefe509376587dc33d4ca47290185da50f772a77abd469ca3a5de50
test/bonafide/scan/singapore-flickr_F_40795084473_21fafd815e_c.jpg,data/processed/policy_c_official_test/test/bonafide/scan/singapore-flickr_F_40795084473_21fafd815e_c.jpg,singapore-flickr_F_40795084473_21fafd815e_c,bonafide,,scan,0,84,7ea50da78d3f3c8e016ddb461f046ca09a3d64a2e48b6185466c77528282f751,92fa3343285269ebac79915decc93a77541245cf198ba8eb7ce9e79e62b6a091
test/bonafide/scan/singapore-flickr_F_9641749325_1a753f74b2_c.jpg,data/processed/policy_c_official_test/test/bonafide/scan/singapore-flickr_F_9641749325_1a753f74b2_c.jpg,singapore-flickr_F_9641749325_1a753f74b2_c,bonafide,,scan,0,77,70c6fdd65a833144df6433a49b48ad9911e0ef6e767210a9af2c3b10eb3d21fe,154ca00a604788de75049ecf61d5eeda63737d9f752003d02d787e726affc0f3
test/bonafide/scan/singapore-flickr_M_15788105142_89e9bca209_k.jpg,data/processed/policy_c_official_test/test/bonafide/scan/singapore-flickr_M_15788105142_89e9bca209_k.jpg,singapore-flickr_M_15788105142_89e9bca209_k,bonafide,,scan,0,77,929a717df3cfd82a358d8fed925ad1b1f408d317326888e898b537f5c12af4b0,e1cb5b9118c8ed5f6e633380e9445984d28af60c28f253d97ba77f8d70695ed7
test/bonafide/scan/singapore-flickr_M_21893334161_8c8b011508_k.jpg,data/processed/policy_c_official_test/test/bonafide/scan/singapore-flickr_M_21893334161_8c8b011508_k.jpg,singapore-flickr_M_21893334161_8c8b011508_k,bonafide,,scan,0,54,fbf763f1237be76ae83dec3a9c10fb6c95f04fc7d7bf1b80d9a07eef7cd86f7d,cb139730addfcdd4cab225195e831f1922f0c5ec904de6efb99d50e5ea313ffd
test/bonafide/scan/singapore-flickr_M_22512816725_a88536de72_c.jpg,data/processed/policy_c_official_test/test/bonafide/scan/singapore-flickr_M_22512816725_a88536de72_c.jpg,singapore-flickr_M_22512816725_a88536de72_c,bonafide,,scan,0,62,1934294d9994ecf2d841690eb12157218b3ec4e2ca743a5bd1a6784be68e798e,d0f38513653b3112c2df2ecfe4bd3dd6498bc5b2c60a3ed60c455a2872966387
test/bonafide/scan/singapore-flickr_M_22942161980_136669b7da_c.jpg,data/processed/policy_c_official_test/test/bonafide/scan/singapore-flickr_M_22942161980_136669b7da_c.jpg,singapore-flickr_M_22942161980_136669b7da_c,bonafide,,scan,0,89,0f600fa10f0cde79663b0dc09d0dbc01db2605d3b0974c936706682cb4fa65ba,985301f66edb95830664108510af2168a1ded7a481f6cf354b383c1a9a9f13e2
test/bonafide/scan/singapore-flickr_M_23543328125_d9409d5ae0_c.jpg,data/processed/policy_c_official_test/test/bonafide/scan/singapore-flickr_M_23543328125_d9409d5ae0_c.jpg,singapore-flickr_M_23543328125_d9409d5ae0_c,bonafide,,scan,0,60,0172f9c1020006bfbe50b783b8ea016ada0a8959434c72979548e30fa5f2cdbc,6bcc393417198a84d187440605f2137d6611324f5b419fb2cba3b2b34491714b
test/bonafide/scan/singapore-flickr_M_24170605047_501e882ccc_o.jpg,data/processed/policy_c_official_test/test/bonafide/scan/singapore-flickr_M_24170605047_501e882ccc_o.jpg,singapore-flickr_M_24170605047_501e882ccc_o,bonafide,,scan,0,51,f0d60c11c9c2b388be1710d64ce77762401c1d6e483221b6a7e2c179c009f909,88aaff9afdb9ad95cdcb02167af39867e6f2911aba1f77e0ffd271dc382f9c2d
test/bonafide/scan/singapore-flickr_M_30456580904_06749c0622_c.jpg,data/processed/policy_c_official_test/test/bonafide/scan/singapore-flickr_M_30456580904_06749c0622_c.jpg,singapore-flickr_M_30456580904_06749c0622_c,bonafide,,scan,0,76,8d181e3b4023912d98cacf2de548087d828c3f708f8c8b5890741108ef0ef296,30a848dde346e498ea167f7cb39858f033eb824e7a2f2c0abe7b14bc15a85053
test/bonafide/scan/singapore-flickr_M_30518529884_4cf8f091df_c.jpg,data/processed/policy_c_official_test/test/bonafide/scan/singapore-flickr_M_30518529884_4cf8f091df_c.jpg,singapore-flickr_M_30518529884_4cf8f091df_c,bonafide,,scan,0,85,9d44d6af488160dcd6149166e3b7ed48090a516683bc22ee3739fe782e74d89e,f4326a253a30d78bfea33b5a1e953cdf827d12f09102e018a6a10dde96a8835b
test/bonafide/scan/singapore-flickr_M_31226087931_7b83422543_c.jpg,data/processed/policy_c_official_test/test/bonafide/scan/singapore-flickr_M_31226087931_7b83422543_c.jpg,singapore-flickr_M_31226087931_7b83422543_c,bonafide,,scan,0,82,ea0f7b33c1f3c2e3c61164236a4707a670003c97336147bc83e817b1d41fa4a2,3672ad72c7f4269759e0b40bda2540bf4a9d666fb0f14a3bdc82328e47c41688
test/bonafide/scan/singapore-flickr_M_31226135201_5aa42a5a13_c.jpg,data/processed/policy_c_official_test/test/bonafide/scan/singapore-flickr_M_31226135201_5aa42a5a13_c.jpg,singapore-flickr_M_31226135201_5aa42a5a13_c,bonafide,,scan,0,62,0aa143adce9ef9bab47afbafaf68b22a0213aae7cba500284ff93bcf07bf9c88,e6fe9e4e0138a3fab881b7b66734353a14d5d36bc0b5cf4ae04bce2166135773
test/bonafide/scan/singapore-flickr_M_31244514601_d2cb0773d7_c.jpg,data/processed/policy_c_official_test/test/bonafide/scan/singapore-flickr_M_31244514601_d2cb0773d7_c.jpg,singapore-flickr_M_31244514601_d2cb0773d7_c,bonafide,,scan,0,55,1f214778359b3a7b8ead02a0103a43d38b0a461fee6eca5d565548ca26bb10c6,f287c2aea36409839ce5768ce5cabb1e5a859de5a9ca8b7445414d7d1636135e
test/bonafide/scan/singapore-flickr_M_31340377345_6781e5f574_k.jpg,data/processed/policy_c_official_test/test/bonafide/scan/singapore-flickr_M_31340377345_6781e5f574_k.jpg,singapore-flickr_M_31340377345_6781e5f574_k,bonafide,,scan,0,69,7738491c726cc3b56810fe4e4483fa6f085e17093fb2622bb1fad9f920c5433c,430aae9c2257dd1c179bffe5a24fd1261cc1e550d7574c7e56a8b300f4758720
test/bonafide/scan/singapore-flickr_M_33525333882_5cf0c0382a_k.jpg,data/processed/policy_c_official_test/test/bonafide/scan/singapore-flickr_M_33525333882_5cf0c0382a_k.jpg,singapore-flickr_M_33525333882_5cf0c0382a_k,bonafide,,scan,0,73,8a95716fa2a96fd4ee69bd25c2c4f0da282e9fc0ea39b48907a420e4f4df1d5b,1be07b17e1922d44ec8f56091756b7d1ac9e30e376b5ba4a360795ae3b085848
test/bonafide/scan/singapore-flickr_M_37019084692_714cba8ac1_k.jpg,data/processed/policy_c_official_test/test/bonafide/scan/singapore-flickr_M_37019084692_714cba8ac1_k.jpg,singapore-flickr_M_37019084692_714cba8ac1_k,bonafide,,scan,0,55,558cad8359552ad2c60cc4b84fd6d3bf2177bbc74e9b4807e05528630eb588b2,a7367beebba39021129585d0067a9b4de83b8d93ff1a42fe2fef31ebbb1205c4
test/bonafide/scan/singapore-flickr_M_46826659491_bab820563f_c.jpg,data/processed/policy_c_official_test/test/bonafide/scan/singapore-flickr_M_46826659491_bab820563f_c.jpg,singapore-flickr_M_46826659491_bab820563f_c,bonafide,,scan,0,68,ce789c1058beab50a2ac436c388329f7f38c6406bc67e48d82a085e78c4921d3,d5147699cd19dd4ab72a8f6fe8f31925f5c013861985d1ec6b00af9f55516b5f
test/bonafide/scan/singapore-flickr_M_50611940256_8405427c78_k.jpg,data/processed/policy_c_official_test/test/bonafide/scan/singapore-flickr_M_50611940256_8405427c78_k.jpg,singapore-flickr_M_50611940256_8405427c78_k,bonafide,,scan,0,87,d4a4b84a0bea7b4dd95243dca4d74815535d279f1a7946a5ebe049e91f23e31f,d171940c2960fd293d87ffb662871c9e03fa4c851adbafcf39a46abb0392c614
