evaluation_split,variant,selection_scope,evidence_role,file_stem,hardware_source,image_path,label,epsilon_pixel,epsilon_255,alpha_pixel,alpha_255,pgd_steps,pixel_linf,padding_max_abs_error,saved_clean_probability_attack,clean_probability_attack,saved_probability_abs_error,adv_probability_attack,clean_margin,adv_margin,clean_correct,adv_correct,attack_success,A,E_clean,E_adv,delta_E,absolute_E_degradation,relative_E_change,relative_E_degradation,mu_w_clean,mu_w_adv,delta_mu_w,absolute_mu_w_degradation,relative_mu_w_change,relative_mu_w_degradation,PG_clean,PG_adv,delta_PG,absolute_PG_degradation,cam_cosine,cam_tv,clean_zero_cam,adv_zero_cam,cam_change_defined,clean_content_cam_mass,adv_content_cam_mass
dev_val,digital_1,all_attacks,heldout_primary,arabic-024_03,huawei,train/attack/digital_1/huawei/arabic-024_03.jpg,1,0.00392156862745098,1.0,0.000980392156862745,0.25,10,0.0039215851575136185,0.0,1.0,0.9999886751174927,1.1324882507324219e-05,0.0002706821833271533,11.391866683959961,-8.21429443359375,True,False,True,0.11472618579864502,0.5305389165878296,0.3232715129852295,-0.2072674036026001,0.2072674036026001,-0.3906733269175503,0.3906733269175503,4.624392509460449,2.817765712738037,-1.806626796722412,1.806626796722412,-0.39067332477216565,0.39067332477216565,1.0,1.0,0.0,0.0,0.5507873296737671,0.7033411860466003,False,False,True,43668.37890625,7553.427734375
dev_val,digital_1,all_attacks,heldout_primary,arabic-024_03,iphone15pro,train/attack/digital_1/iphone15pro/arabic-024_03.jpg,1,0.00392156862745098,1.0,0.000980392156862745,0.25,10,0.0039215851575136185,0.0,1.0,0.9997965693473816,0.0002034306526184082,0.00042511205538176,8.499818801879883,-7.76273250579834,True,False,True,0.10770123451948166,0.5388723611831665,0.32830315828323364,-0.21056920289993286,0.21056920289993286,-0.39075895901879243,0.39075895901879243,5.003399848937988,3.048276662826538,-1.9551231861114502,1.9551231861114502,-0.39075893295364766,0.39075893295364766,1.0,1.0,0.0,0.0,0.4135266840457916,0.8447997570037842,False,False,True,45444.51953125,3753.67626953125
dev_val,digital_1,all_attacks,heldout_primary,arabic-024_03,scan,train/attack/digital_1/scan/arabic-024_03.jpg,1,0.00392156862745098,1.0,0.000980392156862745,0.25,10,0.0039215851575136185,0.0,1.0,0.9999992847442627,7.152557373046875e-07,8.155836258083582e-05,14.137882232666016,-9.41411018371582,True,False,True,0.11709031462669373,0.6589711308479309,0.3220292031764984,-0.3369419276714325,0.3369419276714325,-0.5113151576729508,0.5113151576729508,5.62788724899292,2.750263214111328,-2.877624034881592,2.877624034881592,-0.5113151539054958,0.5113151539054958,1.0,1.0,0.0,0.0,0.2532109320163727,0.8845265507698059,False,False,True,43339.5078125,4197.58642578125
dev_val,digital_1,all_attacks,heldout_primary,arabic-120_03,huawei,train/attack/digital_1/huawei/arabic-120_03.jpg,1,0.00392156862745098,1.0,0.000980392156862745,0.25,10,0.0039215851575136185,0.0,1.0,0.9999998807907104,1.1920928955078125e-07,4.729111969936639e-05,16.291847229003906,-9.95914077758789,True,False,True,0.14223414659500122,0.7339920401573181,0.0,-0.7339920401573181,0.7339920401573181,-1.0,1.0,5.1604485511779785,0.0,-5.1604485511779785,5.1604485511779785,-1.0,1.0,1.0,0.0,-1.0,1.0,,,False,True,False,40049.2890625,0.0
dev_val,digital_1,all_attacks,heldout_primary,arabic-120_03,iphone15pro,train/attack/digital_1/iphone15pro/arabic-120_03.jpg,1,0.00392156862745098,1.0,0.000980392156862745,0.25,10,0.0039215851575136185,0.0,1.0,0.9999998807907104,1.1920928955078125e-07,0.0005698223249055445,16.367359161376953,-7.469615936279297,True,False,True,0.13355688750743866,0.6574694514274597,0.33509543538093567,-0.32237401604652405,0.32237401604652405,-0.49032546736065713,0.49032546736065713,4.922767162322998,2.5090088844299316,-2.4137582778930664,2.4137582778930664,-0.49032550155267574,0.49032550155267574,1.0,1.0,0.0,0.0,0.3288780152797699,0.7977246642112732,False,False,True,47458.9765625,5751.41748046875
dev_val,digital_1,all_attacks,heldout_primary,arabic-120_03,scan,train/attack/digital_1/scan/arabic-120_03.jpg,1,0.00392156862745098,1.0,0.000980392156862745,0.25,10,0.0039215851575136185,0.0,1.0,0.9999862909317017,1.3709068298339844e-05,8.405309199588373e-05,11.199203491210938,-9.383977890014648,True,False,True,0.15913067758083344,0.79979407787323,0.3434659540653229,-0.4563281238079071,0.4563281238079071,-0.5705570176530322,0.5705570176530322,5.026020526885986,2.1583893299102783,-2.867631196975708,2.867631196975708,-0.5705570006401128,0.5705570006401128,1.0,1.0,0.0,0.0,0.24342095851898193,0.8984781503677368,False,False,True,34205.58984375,4631.77490234375
dev_val,digital_1,all_attacks,heldout_primary,arabic-NF-1048,huawei,train/attack/digital_1/huawei/arabic-NF-1048.jpg,1,0.00392156862745098,1.0,0.000980392156862745,0.25,10,0.0039215851575136185,0.0,1.0,0.9999996423721313,3.5762786865234375e-07,5.953529034741223e-05,14.80477237701416,-9.7288818359375,True,False,True,0.1932384967803955,0.7824844121932983,0.3320022225379944,-0.45048218965530396,0.45048218965530396,-0.5757075574101285,0.5757075574101285,4.049319744110107,1.7180957794189453,-2.331223964691162,2.331223964691162,-0.5757075538630946,0.5757075538630946,1.0,1.0,0.0,0.0,0.25806570053100586,0.9041169881820679,False,False,True,37287.12109375,3962.900390625
dev_val,digital_1,all_attacks,heldout_primary,arabic-NF-1048,iphone15pro,train/attack/digital_1/iphone15pro/arabic-NF-1048.jpg,1,0.00392156862745098,1.0,0.000980392156862745,0.25,10,0.0039215851575136185,0.0,1.0,0.9999996423721313,3.5762786865234375e-07,0.00034100652555935085,14.76966667175293,-7.983267784118652,True,False,True,0.20606283843517303,0.8640400767326355,0.0,-0.8640400767326355,0.8640400767326355,-1.0,1.0,4.193090438842773,0.0,-4.193090438842773,4.193090438842773,-1.0,1.0,1.0,0.0,-1.0,1.0,,,False,True,False,30853.078125,0.0
dev_val,digital_1,all_attacks,heldout_primary,arabic-NF-1048,scan,train/attack/digital_1/scan/arabic-NF-1048.jpg,1,0.00392156862745098,1.0,0.000980392156862745,0.25,10,0.0039215851575136185,0.0,1.0,1.0,0.0,0.00033440449624322355,16.68437385559082,-8.002824783325195,True,False,True,0.2055954784154892,0.8568049669265747,0.35690468549728394,-0.49990028142929077,0.49990028142929077,-0.5834469928698844,0.5834469928698844,4.167430877685547,1.7359559535980225,-2.4314749240875244,2.4314749240875244,-0.5834469713959324,0.5834469713959324,1.0,1.0,0.0,0.0,0.19382232427597046,0.9102654457092285,False,False,True,30694.75390625,4589.5625
dev_val,digital_1,all_attacks,heldout_primary,arabic-NF-1098,huawei,train/attack/digital_1/huawei/arabic-NF-1098.jpg,1,0.00392156862745098,1.0,0.000980392156862745,0.25,10,0.0039215851575136185,0.0,1.0,0.9999996423721313,3.5762786865234375e-07,1.0837250556505751e-05,14.956074714660645,-11.432510375976562,True,False,True,0.20522086322307587,0.833235502243042,0.06822150200605392,-0.7650140002369881,0.7650140002369881,-0.9181245856394693,0.9181245856394693,4.060189247131348,0.3324296474456787,-3.727759599685669,3.727759599685669,-0.9181245929163152,0.9181245929163152,1.0,0.0,-1.0,1.0,0.13109219074249268,0.9571108818054199,False,False,True,35245.828125,1980.364990234375
dev_val,digital_1,all_attacks,heldout_primary,arabic-NF-1098,iphone15pro,train/attack/digital_1/iphone15pro/arabic-NF-1098.jpg,1,0.00392156862745098,1.0,0.000980392156862745,0.25,10,0.0039215851575136185,0.0,1.0,0.9999998807907104,1.1920928955078125e-07,0.000772106577642262,16.249544143676758,-7.165615558624268,True,False,True,0.2187102884054184,0.7911520600318909,0.26985543966293335,-0.5212966203689575,0.5212966203689575,-0.6589082512759233,0.6589082512759233,3.61735200881958,1.2338489294052124,-2.3835030794143677,2.3835030794143677,-0.6589082493500974,0.6589082493500974,1.0,1.0,0.0,0.0,0.2935645580291748,0.8292935490608215,False,False,True,38712.95703125,6368.32275390625
dev_val,digital_1,all_attacks,heldout_primary,arabic-NF-1098,scan,train/attack/digital_1/scan/arabic-NF-1098.jpg,1,0.00392156862745098,1.0,0.000980392156862745,0.25,10,0.0039215851575136185,0.0,1.0,0.9999997615814209,2.384185791015625e-07,8.028573938645422e-05,15.212198257446289,-9.429838180541992,True,False,True,0.20528985559940338,0.7754203081130981,0.14572159945964813,-0.62969870865345,0.62969870865345,-0.8120740481839508,0.8120740481839508,3.7771973609924316,0.7098334431648254,-3.067363917827606,3.067363917827606,-0.8120740392081811,0.8120740392081811,1.0,0.0,-1.0,1.0,0.11557835340499878,0.9680110812187195,False,False,True,37091.984375,1869.1162109375
dev_val,digital_1,all_attacks,heldout_primary,arabic-NM-1090,huawei,train/attack/digital_1/huawei/arabic-NM-1090.jpg,1,0.00392156862745098,1.0,0.000980392156862745,0.25,10,0.0039215851575136185,0.0,1.0,0.9999957084655762,4.291534423828125e-06,3.9077549445210025e-05,12.365957260131836,-10.149923324584961,True,False,True,0.22399607300758362,0.8321530818939209,0.0,-0.8321530818939209,0.8321530818939209,-1.0,1.0,3.715034246444702,0.0,-3.715034246444702,3.715034246444702,-1.0,1.0,1.0,0.0,-1.0,1.0,,,False,True,False,32130.82421875,0.0
dev_val,digital_1,all_attacks,heldout_primary,arabic-NM-1090,iphone15pro,train/attack/digital_1/iphone15pro/arabic-NM-1090.jpg,1,0.00392156862745098,1.0,0.000980392156862745,0.25,10,0.0039215851575136185,0.0,1.0,0.9999910593032837,8.940696716308594e-06,0.00022996602638158947,11.62729263305664,-8.377348899841309,True,False,True,0.19044309854507446,0.8141336441040039,0.0,-0.8141336441040039,0.8141336441040039,-1.0,1.0,4.274944305419922,0.0,-4.274944305419922,4.274944305419922,-1.0,1.0,1.0,0.0,-1.0,1.0,,,False,True,False,34585.20703125,0.0
dev_val,digital_1,all_attacks,heldout_primary,arabic-NM-1090,scan,train/attack/digital_1/scan/arabic-NM-1090.jpg,1,0.00392156862745098,1.0,0.000980392156862745,0.25,10,0.0039215851575136185,0.0,1.0,0.9999877214431763,1.2278556823730469e-05,0.0002553728118073195,11.3095703125,-8.272530555725098,True,False,True,0.2252189815044403,0.808428943157196,0.33906155824661255,-0.4693673849105835,0.4693673849105835,-0.5805920098277787,0.5805920098277787,3.589524030685425,1.5054750442504883,-2.0840489864349365,2.0840489864349365,-0.5805920140439857,0.5805920140439857,1.0,1.0,0.0,0.0,0.2498335838317871,0.8809460401535034,False,False,True,35352.6796875,4562.2109375
dev_val,digital_1,all_attacks,heldout_primary,chinese-001_03,huawei,train/attack/digital_1/huawei/chinese-001_03.jpg,1,0.00392156862745098,1.0,0.000980392156862745,0.25,10,0.0039215851575136185,0.0,1.0,0.9999833106994629,1.6689300537109375e-05,1.2792331460786954e-07,11.001492500305176,-15.871834754943848,True,False,True,0.13946671783924103,0.650385320186615,0.32787272334098816,-0.32251259684562683,0.32251259684562683,-0.4958792685435894,0.4958792685435894,4.66337251663208,2.350902795791626,-2.312469720840454,2.312469720840454,-0.4958792617559396,0.4958792617559396,1.0,1.0,0.0,0.0,0.34499800205230713,0.8659040927886963,False,False,True,41277.55078125,4285.6376953125
dev_val,digital_1,all_attacks,heldout_primary,chinese-001_03,iphone15pro,train/attack/digital_1/iphone15pro/chinese-001_03.jpg,1,0.00392156862745098,1.0,0.000980392156862745,0.25,10,0.0039215851575136185,0.0,1.0,0.9999179840087891,8.20159912109375e-05,3.7127797440916765e-06,9.409313201904297,-12.5037260055542,True,False,True,0.1416015625,0.6885372400283813,0.0,-0.6885372400283813,0.6885372400283813,-1.0,1.0,4.862497329711914,0.0,-4.862497329711914,4.862497329711914,-1.0,1.0,1.0,0.0,-1.0,1.0,,,False,True,False,42564.78125,0.0
dev_val,digital_1,all_attacks,heldout_primary,chinese-001_03,scan,train/attack/digital_1/scan/chinese-001_03.jpg,1,0.00392156862745098,1.0,0.000980392156862745,0.25,10,0.0039215851575136185,0.0,0.99951171875,0.9996151924133301,0.00010347366333007812,1.4468913832388353e-05,7.862371444702148,-11.14349365234375,True,False,True,0.1407732218503952,0.7440676093101501,0.0,-0.7440676093101501,0.7440676093101501,-1.0,1.0,5.285576343536377,0.0,-5.285576343536377,5.285576343536377,-1.0,1.0,1.0,0.0,-1.0,1.0,,,False,True,False,37508.47265625,0.0
dev_val,digital_1,all_attacks,heldout_primary,chinese-113_03,huawei,train/attack/digital_1/huawei/chinese-113_03.jpg,1,0.00392156862745098,1.0,0.000980392156862745,0.25,10,0.0039215851575136185,0.0,1.0,0.9999998807907104,1.1920928955078125e-07,1.3860426406608894e-06,15.62693977355957,-13.489056587219238,True,False,True,0.13277935981750488,0.6600144505500793,0.47530901432037354,-0.1847054362297058,0.1847054362297058,-0.279850594294967,0.279850594294967,4.970760822296143,3.57969069480896,-1.3910701274871826,1.3910701274871826,-0.2798505454633011,0.2798505454633011,1.0,1.0,0.0,0.0,0.19550861418247223,0.9041851758956909,False,False,True,41670.1953125,2473.46875
dev_val,digital_1,all_attacks,heldout_primary,chinese-113_03,iphone15pro,train/attack/digital_1/iphone15pro/chinese-113_03.jpg,1,0.00392156862745098,1.0,0.000980392156862745,0.25,10,0.0039215851575136185,0.0,1.0,1.0,0.0,2.3165250695456052e-06,16.922531127929688,-12.97544002532959,True,False,True,0.1292112022638321,0.6094262003898621,0.34290561079978943,-0.26652058959007263,0.26652058959007263,-0.4373303763762932,0.4373303763762932,4.716512203216553,2.6538381576538086,-2.062674045562744,2.062674045562744,-0.43733037394794566,0.43733037394794566,1.0,1.0,0.0,0.0,0.18978479504585266,0.9283650517463684,False,False,True,44905.859375,2397.055419921875
dev_val,digital_1,all_attacks,heldout_primary,chinese-113_03,scan,train/attack/digital_1/scan/chinese-113_03.jpg,1,0.00392156862745098,1.0,0.000980392156862745,0.25,10,0.0039215851575136185,0.0,1.0,0.9999991655349731,8.344650268554688e-07,2.6040688680950552e-05,14.06682014465332,-10.555824279785156,True,False,True,0.1349261850118637,0.6108195781707764,0.29579171538352966,-0.3150278627872467,0.3150278627872467,-0.5157461778331693,0.5157461778331693,4.527064800262451,2.1922483444213867,-2.3348164558410645,2.3348164558410645,-0.5157461973386611,0.5157461973386611,1.0,0.0,-1.0,1.0,0.21104638278484344,0.9261083602905273,False,False,True,47044.2265625,3069.5634765625
dev_val,digital_1,all_attacks,heldout_primary,chinese-142_03,huawei,train/attack/digital_1/huawei/chinese-142_03.jpg,1,0.00392156862745098,1.0,0.000980392156862745,0.25,10,0.0039215851575136185,0.0,1.0,0.9999977350234985,2.2649765014648438e-06,5.053440332858372e-08,12.974510192871094,-16.80061149597168,True,False,True,0.14119075238704681,0.6759259104728699,0.0,-0.6759259104728699,0.6759259104728699,-1.0,1.0,4.78732442855835,0.0,-4.78732442855835,4.78732442855835,-1.0,1.0,1.0,0.0,-1.0,1.0,,,False,True,False,45228.06640625,0.0
dev_val,digital_1,all_attacks,heldout_primary,chinese-142_03,iphone15pro,train/attack/digital_1/iphone15pro/chinese-142_03.jpg,1,0.00392156862745098,1.0,0.000980392156862745,0.25,10,0.0039215851575136185,0.0,1.0,0.9999995231628418,4.76837158203125e-07,4.0535965695198684e-08,14.474899291992188,-17.021076202392578,True,False,True,0.1391281634569168,0.6911889910697937,0.0,-0.6911889910697937,0.6911889910697937,-1.0,1.0,4.968001842498779,0.0,-4.968001842498779,4.968001842498779,-1.0,1.0,1.0,0.0,-1.0,1.0,,,False,True,False,36890.8984375,0.0
dev_val,digital_1,all_attacks,heldout_primary,chinese-142_03,scan,train/attack/digital_1/scan/chinese-142_03.jpg,1,0.00392156862745098,1.0,0.000980392156862745,0.25,10,0.0039215851575136185,0.0,1.0,1.0,0.0,0.00017635172116570175,17.79375648498535,-8.642853736877441,True,False,True,0.14042921364307404,0.6109970808029175,0.3441177010536194,-0.2668793797492981,0.2668793797492981,-0.4367932157688694,0.4367932157688694,4.350925922393799,2.4504709243774414,-1.9004549980163574,1.9004549980163574,-0.436793232501362,0.436793232501362,1.0,1.0,0.0,0.0,0.3034728169441223,0.8073245286941528,False,False,True,51821.6484375,5193.4677734375
dev_val,digital_1,all_attacks,heldout_primary,chinese-NF-1050,huawei,train/attack/digital_1/huawei/chinese-NF-1050.jpg,1,0.00392156862745098,1.0,0.000980392156862745,0.25,10,0.0039215851575136185,0.0,1.0,0.9999969005584717,3.0994415283203125e-06,1.1464610594202895e-07,12.70298957824707,-15.981415748596191,True,False,True,0.3078449070453644,0.7493416666984558,0.0,-0.7493416666984558,0.7493416666984558,-1.0,1.0,2.4341533184051514,0.0,-2.4341533184051514,2.4341533184051514,-1.0,1.0,1.0,0.0,-1.0,1.0,,,False,True,False,35950.3203125,0.0
dev_val,digital_1,all_attacks,heldout_primary,chinese-NF-1050,iphone15pro,train/attack/digital_1/iphone15pro/chinese-NF-1050.jpg,1,0.00392156862745098,1.0,0.000980392156862745,0.25,10,0.0039215851575136185,0.0,1.0,0.9999983310699463,1.6689300537109375e-06,3.479260158201214e-06,13.282914161682129,-12.568687438964844,True,False,True,0.2957620620727539,0.7944275736808777,0.31658339500427246,-0.4778441786766052,0.4778441786766052,-0.6014949562520544,0.6014949562520544,2.6860361099243164,1.0703989267349243,-1.615637183189392,1.615637183189392,-0.6014949602575951,0.6014949602575951,1.0,1.0,0.0,0.0,0.2710573673248291,0.8868046998977661,False,False,True,34023.88671875,4927.75634765625
dev_val,digital_1,all_attacks,heldout_primary,chinese-NF-1050,scan,train/attack/digital_1/scan/chinese-NF-1050.jpg,1,0.00392156862745098,1.0,0.000980392156862745,0.25,10,0.0039215851575136185,0.0,1.0,0.9999996423721313,3.5762786865234375e-07,5.569563290919177e-05,14.975958824157715,-9.795553207397461,True,False,True,0.3111509680747986,0.781423032283783,0.36200594902038574,-0.4194170832633972,0.4194170832633972,-0.5367349898013768,0.5367349898013768,2.511395215988159,1.16344153881073,-1.3479536771774292,1.3479536771774292,-0.5367349864314565,0.5367349864314565,1.0,1.0,0.0,0.0,0.2194976806640625,0.9123632907867432,False,False,True,35215.3203125,3154.09765625
dev_val,digital_1,all_attacks,heldout_primary,chinese-NF-1085,huawei,train/attack/digital_1/huawei/chinese-NF-1085.jpg,1,0.00392156862745098,1.0,0.000980392156862745,0.25,10,0.0039215851575136185,0.0,1.0,0.9999988079071045,1.1920928955078125e-06,6.226124327213256e-08,13.68706226348877,-16.59192657470703,True,False,True,0.2225763350725174,0.792091429233551,0.33918699622154236,-0.45290443301200867,0.45290443301200867,-0.5717830244044569,0.5717830244044569,3.5587403774261475,1.5239131450653076,-2.03482723236084,2.03482723236084,-0.5717829952609594,0.5717829952609594,1.0,0.0,-1.0,1.0,0.26131558418273926,0.904950737953186,False,False,True,46926.6640625,3834.71435546875
dev_val,digital_1,all_attacks,heldout_primary,chinese-NF-1085,iphone15pro,train/attack/digital_1/iphone15pro/chinese-NF-1085.jpg,1,0.00392156862745098,1.0,0.000980392156862745,0.25,10,0.0039215851575136185,0.0,1.0,0.9999938011169434,6.198883056640625e-06,4.896589302916254e-07,11.988241195678711,-14.529556274414062,True,False,True,0.21816092729568481,0.7141833901405334,0.0,-0.7141833901405334,0.7141833901405334,-1.0,1.0,3.273653984069824,0.0,-3.273653984069824,3.273653984069824,-1.0,1.0,1.0,0.0,-1.0,1.0,,,False,True,False,36487.4609375,0.0
dev_val,digital_1,all_attacks,heldout_primary,chinese-NF-1085,scan,train/attack/digital_1/scan/chinese-NF-1085.jpg,1,0.00392156862745098,1.0,0.000980392156862745,0.25,10,0.0039215851575136185,0.0,1.0,0.9999992847442627,7.152557373046875e-07,0.00017988540639635175,14.124221801757812,-8.623010635375977,True,False,True,0.22498516738414764,0.7303860187530518,0.27611589431762695,-0.4542701244354248,0.4542701244354248,-0.6219589542677384,0.6219589542677384,3.2463741302490234,1.2272627353668213,-2.019111394882202,2.019111394882202,-0.6219589344519942,0.6219589344519942,1.0,1.0,0.0,0.0,0.3123936653137207,0.8565236330032349,False,False,True,46554.6328125,5409.5166015625
dev_val,digital_1,all_attacks,heldout_primary,chinese-NM-1092,huawei,train/attack/digital_1/huawei/chinese-NM-1092.jpg,1,0.00392156862745098,1.0,0.000980392156862745,0.25,10,0.0039215851575136185,0.0,0.99951171875,0.9996029734611511,9.125471115112305e-05,2.792942837004375e-07,7.831173896789551,-15.090999603271484,True,False,True,0.22290857136249542,0.6733676791191101,0.3183574974536896,-0.35501018166542053,0.35501018166542053,-0.5272159515137996,0.5272159515137996,3.020824670791626,1.4281976222991943,-1.5926270484924316,1.5926270484924316,-0.527215983069641,0.527215983069641,1.0,0.0,-1.0,1.0,0.4246913194656372,0.8372451066970825,False,False,True,38298.578125,4445.5830078125
dev_val,digital_1,all_attacks,heldout_primary,chinese-NM-1092,iphone15pro,train/attack/digital_1/iphone15pro/chinese-NM-1092.jpg,1,0.00392156862745098,1.0,0.000980392156862745,0.25,10,0.0039215851575136185,0.0,0.9970703125,0.9970122575759888,5.805492401123047e-05,5.8671603255788796e-06,5.810254096984863,-12.046133995056152,True,False,True,0.22148582339286804,0.7065481543540955,0.25408318638801575,-0.4524649679660797,0.4524649679660797,-0.6403880120240484,0.6403880120240484,3.190037727355957,1.1471757888793945,-2.0428619384765625,2.0428619384765625,-0.6403880182852182,0.6403880182852182,1.0,1.0,0.0,0.0,0.5222179889678955,0.7603559494018555,False,False,True,30034.669921875,4689.04296875
dev_val,digital_1,all_attacks,heldout_primary,chinese-NM-1092,scan,train/attack/digital_1/scan/chinese-NM-1092.jpg,1,0.00392156862745098,1.0,0.000980392156862745,0.25,10,0.0039215851575136185,0.0,1.0,0.9999853372573853,1.4662742614746094e-05,8.403641550103202e-05,11.128219604492188,-9.384176254272461,True,False,True,0.2235330194234848,0.6106332540512085,0.2846340835094452,-0.3259991705417633,0.3259991705417633,-0.5338706471993492,0.5338706471993492,2.731736183166504,1.273342490196228,-1.4583936929702759,1.4583936929702759,-0.5338706211665625,0.5338706211665625,1.0,1.0,0.0,0.0,0.5445098280906677,0.6547974348068237,False,False,True,40009.3359375,7112.2451171875
dev_val,digital_1,all_attacks,heldout_primary,french-019_03,huawei,train/attack/digital_1/huawei/french-019_03.jpg,1,0.00392156862745098,1.0,0.000980392156862745,0.25,10,0.0039215851575136185,0.0,1.0,0.9999980926513672,1.9073486328125e-06,2.7477698338884693e-08,13.14688491821289,-17.40989112854004,True,False,True,0.11716878414154053,0.616313636302948,0.0,-0.616313636302948,0.616313636302948,-1.0,1.0,5.260049819946289,0.0,-5.260049819946289,5.260049819946289,-1.0,1.0,1.0,0.0,-1.0,1.0,,,False,True,False,46062.15625,0.0
dev_val,digital_1,all_attacks,heldout_primary,french-019_03,iphone15pro,train/attack/digital_1/iphone15pro/french-019_03.jpg,1,0.00392156862745098,1.0,0.000980392156862745,0.25,10,0.0039215851575136185,0.0,1.0,0.9999847412109375,1.52587890625e-05,4.7483175876550376e-05,11.091018676757812,-9.955087661743164,True,False,True,0.11225991696119308,0.5313342213630676,0.189998596906662,-0.34133562445640564,0.34133562445640564,-0.642412272224353,0.642412272224353,4.733071804046631,1.6924883127212524,-3.0405834913253784,3.0405834913253784,-0.6424122889337477,0.6424122889337477,1.0,1.0,0.0,0.0,0.533824622631073,0.6968153715133667,False,False,True,41994.69140625,8080.1240234375
dev_val,digital_1,all_attacks,heldout_primary,french-019_03,scan,train/attack/digital_1/scan/french-019_03.jpg,1,0.00392156862745098,1.0,0.000980392156862745,0.25,10,0.0039215851575136185,0.0,1.0,0.9999980926513672,1.9073486328125e-06,8.396241173613816e-05,13.179801940917969,-9.38505744934082,True,False,True,0.117688849568367,0.5529221892356873,0.2400239259004593,-0.31289826333522797,0.31289826333522797,-0.5658992701445966,0.5658992701445966,4.698169708251953,2.0394790172576904,-2.6586906909942627,2.6586906909942627,-0.5658992450452542,0.5658992450452542,1.0,1.0,0.0,0.0,0.4626699686050415,0.736530065536499,False,False,True,46802.5703125,7909.8193359375
dev_val,digital_1,all_attacks,heldout_primary,french-114_03,huawei,train/attack/digital_1/huawei/french-114_03.jpg,1,0.00392156862745098,1.0,0.000980392156862745,0.25,10,0.0039215851575136185,0.0,1.0,0.9999998807907104,1.1920928955078125e-07,4.4080715611016785e-07,15.836591720581055,-14.634657859802246,True,False,True,0.1370297372341156,0.6248430609703064,0.23583334684371948,-0.3890097141265869,0.3890097141265869,-0.6225718719233297,0.6225718719233297,4.559908390045166,1.7210376262664795,-2.8388707637786865,2.8388707637786865,-0.622571885430042,0.622571885430042,1.0,1.0,0.0,0.0,0.5022091865539551,0.7135418653488159,False,False,True,51348.4765625,10504.78515625
dev_val,digital_1,all_attacks,heldout_primary,french-114_03,iphone15pro,train/attack/digital_1/iphone15pro/french-114_03.jpg,1,0.00392156862745098,1.0,0.000980392156862745,0.25,10,0.0039215851575136185,0.0,1.0,0.9999980926513672,1.9073486328125e-06,9.129450336331502e-05,13.182332038879395,-9.301328659057617,True,False,True,0.1362607628107071,0.5791321396827698,0.19658003747463226,-0.3825521022081375,0.3825521022081375,-0.6605609946249701,0.6605609946249701,4.250175476074219,1.4426753520965576,-2.807500123977661,2.807500123977661,-0.6605609909007519,0.6605609909007519,1.0,1.0,0.0,0.0,0.526757001876831,0.6910213232040405,False,False,True,51585.82421875,9286.3779296875
dev_val,digital_1,all_attacks,heldout_primary,french-114_03,scan,train/attack/digital_1/scan/french-114_03.jpg,1,0.00392156862745098,1.0,0.000980392156862745,0.25,10,0.0039215851575136185,0.0,1.0,1.0,0.0,7.017800817266107e-05,17.473508834838867,-9.56440544128418,True,False,True,0.13897070288658142,0.6501440405845642,0.19627302885055542,-0.4538710117340088,0.4538710117340088,-0.6981083935275629,0.6981083935275629,4.678281307220459,1.4123338460922241,-3.265947461128235,3.265947461128235,-0.6981083963650436,0.6981083963650436,1.0,1.0,0.0,0.0,0.4689284563064575,0.7188156843185425,False,False,True,44428.3359375,13314.9248046875
dev_val,digital_1,all_attacks,heldout_primary,french-124_03,huawei,train/attack/digital_1/huawei/french-124_03.jpg,1,0.00392156862745098,1.0,0.000980392156862745,0.25,10,0.0039215851575136185,0.0,1.0,0.9999998807907104,1.1920928955078125e-07,6.942617858385347e-08,15.778553009033203,-16.483001708984375,True,False,True,0.1266992837190628,0.5885551571846008,0.5038563013076782,-0.08469885587692261,0.08469885587692261,-0.14390980155893313,0.14390980155893313,4.645291805267334,3.9767887592315674,-0.6685030460357666,0.6685030460357666,-0.1439098067591245,0.1439098067591245,1.0,1.0,0.0,0.0,0.30874103307724,0.8939896821975708,False,False,True,53454.2109375,1979.3662109375
dev_val,digital_1,all_attacks,heldout_primary,french-124_03,iphone15pro,train/attack/digital_1/iphone15pro/french-124_03.jpg,1,0.00392156862745098,1.0,0.000980392156862745,0.25,10,0.0039215851575136185,0.0,1.0,0.9999996423721313,3.5762786865234375e-07,0.0008700420148670673,14.75222396850586,-7.046098709106445,True,False,True,0.11866442859172821,0.46324580907821655,0.18384799361228943,-0.2793978154659271,0.2793978154659271,-0.6031308000862071,0.6031308000862071,3.9038302898406982,1.5493100881576538,-2.3545202016830444,2.3545202016830444,-0.6031307784588976,0.6031307784588976,1.0,1.0,0.0,0.0,0.6398857235908508,0.6173741817474365,False,False,True,47701.77734375,11816.7666015625
dev_val,digital_1,all_attacks,heldout_primary,french-124_03,scan,train/attack/digital_1/scan/french-124_03.jpg,1,0.00392156862745098,1.0,0.000980392156862745,0.25,10,0.0039215851575136185,0.0,1.0,0.9999995231628418,4.76837158203125e-07,0.0013741616858169436,14.6650390625,-6.588536262512207,True,False,True,0.1272038370370865,0.5039454102516174,0.1886443793773651,-0.3153010308742523,0.3153010308742523,-0.6256650511348523,0.6256650511348523,3.9617156982421875,1.483008623123169,-2.4787070751190186,2.4787070751190186,-0.6256650562327883,0.6256650562327883,1.0,1.0,0.0,0.0,0.6707749366760254,0.6195136308670044,False,False,True,45320.34375,13864.126953125
dev_val,digital_1,all_attacks,heldout_primary,french-128_03,huawei,train/attack/digital_1/huawei/french-128_03.jpg,1,0.00392156862745098,1.0,0.000980392156862745,0.25,10,0.0039215851575136185,0.0,1.0,0.9999970197677612,2.9802322387695312e-06,2.0117465737712337e-07,12.712616920471191,-15.419092178344727,True,False,True,0.1162969321012497,0.6010294556617737,0.2967599630355835,-0.3042694926261902,0.3042694926261902,-0.5062472225943887,0.5062472225943887,5.168059349060059,2.551743745803833,-2.6163156032562256,2.6163156032562256,-0.5062472054876979,0.5062472054876979,1.0,1.0,0.0,0.0,0.3566986918449402,0.855439305305481,False,False,True,45086.203125,4355.72265625
dev_val,digital_1,all_attacks,heldout_primary,french-128_03,iphone15pro,train/attack/digital_1/iphone15pro/french-128_03.jpg,1,0.00392156862745098,1.0,0.000980392156862745,0.25,10,0.0039215851575136185,0.0,1.0,0.9999747276306152,2.5272369384765625e-05,0.00014083365385886282,10.585533142089844,-8.867790222167969,True,False,True,0.11009892076253891,0.43513232469558716,0.16446922719478607,-0.2706630975008011,0.2706630975008011,-0.6220248005940571,0.6220248005940571,3.9521942138671875,1.4938313961029053,-2.4583628177642822,2.4583628177642822,-0.6220248005876199,0.6220248005876199,1.0,1.0,0.0,0.0,0.5773522853851318,0.7500261068344116,False,False,True,35876.734375,7716.56005859375
dev_val,digital_1,all_attacks,heldout_primary,french-128_03,scan,train/attack/digital_1/scan/french-128_03.jpg,1,0.00392156862745098,1.0,0.000980392156862745,0.25,10,0.0039215851575136185,0.0,1.0,0.9999325275421143,6.747245788574219e-05,0.0001424218062311411,9.603400230407715,-8.856575012207031,True,False,True,0.10873349756002426,0.47411012649536133,0.21579749882221222,-0.2583126276731491,0.2583126276731491,-0.5448367652102374,0.5448367652102374,4.360294818878174,1.984645962715149,-2.375648856163025,2.375648856163025,-0.5448367495421416,0.5448367495421416,1.0,1.0,0.0,0.0,0.7297227382659912,0.559366762638092,False,False,True,37588.1484375,11362.5
dev_val,digital_1,all_attacks,heldout_primary,french-NF-1047,huawei,train/attack/digital_1/huawei/french-NF-1047.jpg,1,0.00392156862745098,1.0,0.000980392156862745,0.25,10,0.0039215851575136185,0.0,1.0,1.0,0.0,4.882739972345007e-07,22.41126251220703,-14.532388687133789,True,False,True,0.18716511130332947,0.7284337878227234,0.25452470779418945,-0.47390908002853394,0.47390908002853394,-0.6505863510876402,0.6505863510876402,3.8919315338134766,1.3598939180374146,-2.532037615776062,2.532037615776062,-0.6505863717738801,0.6505863717738801,1.0,1.0,0.0,0.0,0.4025677442550659,0.7352536916732788,False,False,True,45391.9765625,13209.2529296875
dev_val,digital_1,all_attacks,heldout_primary,french-NF-1047,iphone15pro,train/attack/digital_1/iphone15pro/french-NF-1047.jpg,1,0.00392156862745098,1.0,0.000980392156862745,0.25,10,0.0039215851575136185,0.0,1.0,1.0,0.0,8.497318776790053e-05,22.765644073486328,-9.373089790344238,True,False,True,0.18250679969787598,0.7084750533103943,0.22562924027442932,-0.48284581303596497,0.48284581303596497,-0.6815283202701881,0.6815283202701881,3.881910562515259,1.2362785339355469,-2.645632028579712,2.645632028579712,-0.6815283314681757,0.6815283314681757,1.0,1.0,0.0,0.0,0.3517587184906006,0.8046060800552368,False,False,True,46628.8125,8193.705078125
dev_val,digital_1,all_attacks,heldout_primary,french-NF-1047,scan,train/attack/digital_1/scan/french-NF-1047.jpg,1,0.00392156862745098,1.0,0.000980392156862745,0.25,10,0.0039215851575136185,0.0,1.0,1.0,0.0,0.00032666989136487246,21.211910247802734,-8.026233673095703,True,False,True,0.18519912660121918,0.7145249843597412,0.18761895596981049,-0.5269060283899307,0.5269060283899307,-0.7374214197171444,0.7374214197171444,3.858144521713257,1.013066053390503,-2.845078468322754,2.845078468322754,-0.7374214346587933,0.7374214346587933,1.0,1.0,0.0,0.0,0.40339934825897217,0.7439269423484802,False,False,True,39179.390625,11287.115234375
dev_val,digital_1,all_attacks,heldout_primary,french-NF-1082,huawei,train/attack/digital_1/huawei/french-NF-1082.jpg,1,0.00392156862745098,1.0,0.000980392156862745,0.25,10,0.0039215851575136185,0.0,1.0,0.9998500347137451,0.0001499652862548828,4.8135813557337315e-08,8.805286407470703,-16.849239349365234,True,False,True,0.14965204894542694,0.6724241375923157,0.375497043132782,-0.2969270944595337,0.2969270944595337,-0.44157709079675805,0.44157709079675805,4.493250370025635,2.50913405418396,-1.9841163158416748,1.9841163158416748,-0.4415770661429568,0.4415770661429568,1.0,1.0,0.0,0.0,0.49807432293891907,0.785054087638855,False,False,True,31660.947265625,3474.184814453125
dev_val,digital_1,all_attacks,heldout_primary,french-NF-1082,iphone15pro,train/attack/digital_1/iphone15pro/french-NF-1082.jpg,1,0.00392156862745098,1.0,0.000980392156862745,0.25,10,0.0039215851575136185,0.0,1.0,0.9999567270278931,4.3272972106933594e-05,0.0003842680889647454,10.047432899475098,-7.863785743713379,True,False,True,0.15288858115673065,0.5922838449478149,0.1779874861240387,-0.41429635882377625,0.41429635882377625,-0.6994895477189306,0.6994895477189306,3.873957395553589,1.164164662361145,-2.709792733192444,2.709792733192444,-0.6994895546096253,0.6994895546096253,1.0,1.0,0.0,0.0,0.6352931261062622,0.6061561107635498,False,False,True,37574.71875,9705.4345703125
dev_val,digital_1,all_attacks,heldout_primary,french-NF-1082,scan,train/attack/digital_1/scan/french-NF-1082.jpg,1,0.00392156862745098,1.0,0.000980392156862745,0.25,10,0.0039215851575136185,0.0,0.99951171875,0.9996820688247681,0.0001703500747680664,2.6968324164045043e-05,8.053300857543945,-10.520820617675781,True,False,True,0.1560189574956894,0.4927268624305725,0.229744091629982,-0.2629827708005905,0.2629827708005905,-0.5337293150678303,0.5337293150678303,3.1581215858459473,1.4725395441055298,-1.6855820417404175,1.6855820417404175,-0.5337293058300384,0.5337293058300384,1.0,1.0,0.0,0.0,0.7874578833580017,0.5312153100967407,False,False,True,34497.71875,11487.7509765625
dev_val,digital_1,all_attacks,heldout_primary,indian-014_03,huawei,train/attack/digital_1/huawei/indian-014_03.jpg,1,0.00392156862745098,1.0,0.000980392156862745,0.25,10,0.0039215851575136185,0.0,0.99951171875,0.9995213747024536,9.655952453613281e-06,1.6190294900297886e-06,7.644143104553223,-13.3336820602417,True,False,True,0.11545508354902267,0.5120790004730225,0.0,-0.5120790004730225,0.5120790004730225,-1.0,1.0,4.435309410095215,0.0,-4.435309410095215,4.435309410095215,-1.0,1.0,1.0,0.0,-1.0,1.0,,,False,True,False,35114.2265625,0.0
dev_val,digital_1,all_attacks,heldout_primary,indian-014_03,iphone15pro,train/attack/digital_1/iphone15pro/indian-014_03.jpg,1,0.00392156862745098,1.0,0.000980392156862745,0.25,10,0.0039215851575136185,0.0,1.0,0.999994158744812,5.841255187988281e-06,3.6928563531546388e-06,12.045829772949219,-12.509106636047363,True,False,True,0.07439807057380676,0.4575006067752838,0.4267031252384186,-0.030797481536865234,0.030797481536865234,-0.06731681025287123,0.06731681025287123,6.1493611335754395,5.735405921936035,-0.4139552116394043,0.4139552116394043,-0.067316783426365,0.067316783426365,1.0,1.0,0.0,0.0,0.35547006130218506,0.837944507598877,False,False,True,43836.47265625,4589.2216796875
dev_val,digital_1,all_attacks,heldout_primary,indian-014_03,scan,train/attack/digital_1/scan/indian-014_03.jpg,1,0.00392156862745098,1.0,0.000980392156862745,0.25,10,0.0039215851575136185,0.0,0.9990234375,0.9991746544837952,0.00015121698379516602,3.16599034704268e-05,7.098913192749023,-10.360427856445312,True,False,True,0.11360080540180206,0.5007870197296143,0.49389803409576416,-0.006888985633850098,0.006888985633850098,-0.013756318279913905,0.013756318279913905,4.4083051681518555,4.347662925720215,-0.060642242431640625,0.060642242431640625,-0.013756362166066731,0.013756362166066731,1.0,1.0,0.0,0.0,0.32013821601867676,0.8509790301322937,False,False,True,36987.0390625,3212.0576171875
dev_val,digital_1,all_attacks,heldout_primary,indian-021_03,huawei,train/attack/digital_1/huawei/indian-021_03.jpg,1,0.00392156862745098,1.0,0.000980392156862745,0.25,10,0.0039215851575136185,0.0,1.0,0.9999891519546509,1.0848045349121094e-05,4.437175903149182e-06,11.43438720703125,-12.325488090515137,True,False,True,0.07958045601844788,0.5294530987739563,0.6826105117797852,0.15315741300582886,-0.15315741300582886,0.2892747504179168,-0.2892747504179168,6.653054714202881,8.577614784240723,1.9245600700378418,-1.9245600700378418,0.2892746494222133,-0.2892746494222133,1.0,1.0,0.0,0.0,0.19665458798408508,0.9450159072875977,False,False,True,37517.9453125,1024.0
dev_val,digital_1,all_attacks,heldout_primary,indian-021_03,iphone15pro,train/attack/digital_1/iphone15pro/indian-021_03.jpg,1,0.00392156862745098,1.0,0.000980392156862745,0.25,10,0.0039215851575136185,0.0,1.0,0.999997615814209,2.384185791015625e-06,0.00010826181096490473,12.939329147338867,-9.130849838256836,True,False,True,0.07722951471805573,0.49042949080467224,0.3569893538951874,-0.13344013690948486,0.13344013690948486,-0.2720883213824335,0.2720883213824335,6.350285530090332,4.6224470138549805,-1.7278385162353516,1.7278385162353516,-0.2720883191862986,0.2720883191862986,1.0,1.0,0.0,0.0,0.4195506274700165,0.7711056470870972,False,False,True,40081.984375,8465.2294921875
dev_val,digital_1,all_attacks,heldout_primary,indian-021_03,scan,train/attack/digital_1/scan/indian-021_03.jpg,1,0.00392156862745098,1.0,0.000980392156862745,0.25,10,0.0039215851575136185,0.0,0.99951171875,0.9993784427642822,0.00013327598571777344,4.350749804871157e-05,7.382671356201172,-10.042533874511719,True,False,True,0.08133797347545624,0.5592616200447083,0.0,-0.5592616200447083,0.5592616200447083,-1.0,1.0,6.875775337219238,0.0,-6.875775337219238,6.875775337219238,-1.0,1.0,1.0,0.0,-1.0,1.0,,,False,True,False,35832.1015625,0.0
dev_val,digital_1,all_attacks,heldout_primary,indian-NF-1061,huawei,train/attack/digital_1/huawei/indian-NF-1061.jpg,1,0.00392156862745098,1.0,0.000980392156862745,0.25,10,0.0039215851575136185,0.0,1.0,0.9999784231185913,2.1576881408691406e-05,1.38919716619057e-07,10.74471378326416,-15.789369583129883,True,False,True,0.21481072902679443,0.8272166848182678,0.0,-0.8272166848182678,0.8272166848182678,-1.0,1.0,3.850909471511841,0.0,-3.850909471511841,3.850909471511841,-1.0,1.0,1.0,0.0,-1.0,1.0,,,False,True,False,28970.00390625,0.0
dev_val,digital_1,all_attacks,heldout_primary,indian-NF-1061,iphone15pro,train/attack/digital_1/iphone15pro/indian-NF-1061.jpg,1,0.00392156862745098,1.0,0.000980392156862745,0.25,10,0.0039215851575136185,0.0,1.0,0.9999997615814209,2.384185791015625e-07,2.9441753213177435e-05,15.3974027633667,-10.433067321777344,True,False,True,0.18695448338985443,0.6436741352081299,0.37245017290115356,-0.2712239623069763,0.2712239623069763,-0.42136843391924855,0.42136843391924855,3.442945718765259,1.992197036743164,-1.4507486820220947,1.4507486820220947,-0.4213684445023361,0.4213684445023361,1.0,1.0,0.0,0.0,0.3768913745880127,0.8108790516853333,False,False,True,38193.375,6958.130859375
dev_val,digital_1,all_attacks,heldout_primary,indian-NF-1061,scan,train/attack/digital_1/scan/indian-NF-1061.jpg,1,0.00392156862745098,1.0,0.000980392156862745,0.25,10,0.0039215851575136185,0.0,1.0,0.9999942779541016,5.7220458984375e-06,4.275888568372466e-05,12.070699691772461,-10.059890747070312,True,False,True,0.19665110111236572,0.7455954551696777,0.4106231927871704,-0.3349722623825073,0.3349722623825073,-0.4492681118962515,0.4492681118962515,3.7914633750915527,2.0880796909332275,-1.7033836841583252,1.7033836841583252,-0.4492681362423008,0.4492681362423008,1.0,1.0,0.0,0.0,0.2160988301038742,0.895039439201355,False,False,True,30329.2734375,3840.5615234375
dev_val,digital_1,all_attacks,heldout_primary,persian-144_03,huawei,train/attack/digital_1/huawei/persian-144_03.jpg,1,0.00392156862745098,1.0,0.000980392156862745,0.25,10,0.0039215851575136185,0.0,1.0,0.9998297691345215,0.00017023086547851562,1.090625801225542e-06,8.678369522094727,-13.728757858276367,True,False,True,0.10537619888782501,0.796082615852356,0.0,-0.796082615852356,0.796082615852356,-1.0,1.0,7.5546722412109375,0.0,-7.5546722412109375,7.5546722412109375,-1.0,1.0,1.0,0.0,-1.0,1.0,,,False,True,False,32406.890625,0.0
dev_val,digital_1,all_attacks,heldout_primary,persian-144_03,iphone15pro,train/attack/digital_1/iphone15pro/persian-144_03.jpg,1,0.00392156862745098,1.0,0.000980392156862745,0.25,10,0.0039215851575136185,0.0,1.0,0.9999990463256836,9.5367431640625e-07,0.0007163218106143177,13.80639362335205,-7.240664482116699,True,False,True,0.10525251179933548,0.7621768116950989,0.0,-0.7621768116950989,0.7621768116950989,-1.0,1.0,7.241412162780762,0.0,-7.241412162780762,7.241412162780762,-1.0,1.0,1.0,0.0,-1.0,1.0,,,False,True,False,34361.31640625,0.0
dev_val,digital_1,all_attacks,heldout_primary,persian-144_03,scan,train/attack/digital_1/scan/persian-144_03.jpg,1,0.00392156862745098,1.0,0.000980392156862745,0.25,10,0.0039215851575136185,0.0,1.0,0.9997614026069641,0.00023859739303588867,0.0005271215923130512,8.340620040893555,-7.547552108764648,True,False,True,0.10554029047489166,0.7539409399032593,0.0,-0.7539409399032593,0.7539409399032593,-1.0,1.0,7.143631458282471,0.0,-7.143631458282471,7.143631458282471,-1.0,1.0,1.0,0.0,-1.0,1.0,,,False,True,False,30394.021484375,0.0
dev_val,digital_1,all_attacks,heldout_primary,persian-NF-1018,huawei,train/attack/digital_1/huawei/persian-NF-1018.jpg,1,0.00392156862745098,1.0,0.000980392156862745,0.25,10,0.0039215851575136185,0.0,0.998046875,0.9981167316436768,6.985664367675781e-05,5.974423402221873e-06,6.272860527038574,-12.028017044067383,True,False,True,0.1603066772222519,0.8656923770904541,0.0,-0.8656923770904541,0.8656923770904541,-1.0,1.0,5.400226593017578,0.0,-5.400226593017578,5.400226593017578,-1.0,1.0,1.0,0.0,-1.0,1.0,,,False,True,False,23994.349609375,0.0
dev_val,digital_1,all_attacks,heldout_primary,persian-NF-1018,iphone15pro,train/attack/digital_1/iphone15pro/persian-NF-1018.jpg,1,0.00392156862745098,1.0,0.000980392156862745,0.25,10,0.0039215851575136185,0.0,1.0,0.9999991655349731,8.344650268554688e-07,0.00024629084509797394,14.022856712341309,-8.308751106262207,True,False,True,0.15924771130084991,0.8569918870925903,0.0,-0.8569918870925903,0.8569918870925903,-1.0,1.0,5.381502151489258,0.0,-5.381502151489258,5.381502151489258,-1.0,1.0,1.0,0.0,-1.0,1.0,,,False,True,False,32116.302734375,0.0
dev_val,digital_1,all_attacks,heldout_primary,persian-NF-1018,scan,train/attack/digital_1/scan/persian-NF-1018.jpg,1,0.00392156862745098,1.0,0.000980392156862745,0.25,10,0.0039215851575136185,0.0,1.0,0.9999958276748657,4.172325134277344e-06,0.0002846546994987875,12.383426666259766,-8.163949012756348,True,False,True,0.16731612384319305,0.9286704063415527,0.0,-0.9286704063415527,0.9286704063415527,-1.0,1.0,5.550394058227539,0.0,-5.550394058227539,5.550394058227539,-1.0,1.0,1.0,0.0,-1.0,1.0,,,False,True,False,29372.142578125,0.0
dev_val,digital_1,all_attacks,heldout_primary,persian-NF-1097,huawei,train/attack/digital_1/huawei/persian-NF-1097.jpg,1,0.00392156862745098,1.0,0.000980392156862745,0.25,10,0.0039215851575136185,0.0,0.99951171875,0.9993624091148376,0.00014930963516235352,5.396878350438783e-06,7.357115745544434,-12.129684448242188,True,False,True,0.16073372960090637,0.9275352358818054,0.0,-0.9275352358818054,0.9275352358818054,-1.0,1.0,5.770631790161133,0.0,-5.770631790161133,5.770631790161133,-1.0,1.0,1.0,0.0,-1.0,1.0,,,False,True,False,26526.13671875,0.0
dev_val,digital_1,all_attacks,heldout_primary,persian-NF-1097,iphone15pro,train/attack/digital_1/iphone15pro/persian-NF-1097.jpg,1,0.00392156862745098,1.0,0.000980392156862745,0.25,10,0.0039215851575136185,0.0,1.0,0.9999991655349731,8.344650268554688e-07,8.989376510726288e-06,13.955055236816406,-11.619458198547363,True,False,True,0.15171121060848236,0.8878347873687744,0.0,-0.8878347873687744,0.8878347873687744,-1.0,1.0,5.852136611938477,0.0,-5.852136611938477,5.852136611938477,-1.0,1.0,1.0,0.0,-1.0,1.0,,,False,True,False,31491.720703125,0.0
dev_val,digital_1,all_attacks,heldout_primary,persian-NF-1097,scan,train/attack/digital_1/scan/persian-NF-1097.jpg,1,0.00392156862745098,1.0,0.000980392156862745,0.25,10,0.0039215851575136185,0.0,1.0,0.9998863935470581,0.00011360645294189453,0.00020961009431630373,9.082677841186523,-8.470051765441895,True,False,True,0.15559102594852448,0.8789504170417786,0.0,-0.8789504170417786,0.8789504170417786,-1.0,1.0,5.649107456207275,0.0,-5.649107456207275,5.649107456207275,-1.0,1.0,1.0,0.0,-1.0,1.0,,,False,True,False,25321.95703125,0.0
dev_val,digital_1,all_attacks,heldout_primary,persian-NM-1035,huawei,train/attack/digital_1/huawei/persian-NM-1035.jpg,1,0.00392156862745098,1.0,0.000980392156862745,0.25,10,0.0039215851575136185,0.0,0.99609375,0.9960307478904724,6.300210952758789e-05,6.69184873913764e-06,5.525199890136719,-11.914613723754883,True,False,True,0.22370466589927673,0.8837234377861023,0.0,-0.8837234377861023,0.8837234377861023,-1.0,1.0,3.95040225982666,0.0,-3.95040225982666,3.95040225982666,-1.0,1.0,1.0,0.0,-1.0,1.0,,,False,True,False,23313.24609375,0.0
dev_val,digital_1,all_attacks,heldout_primary,persian-NM-1035,iphone15pro,train/attack/digital_1/iphone15pro/persian-NM-1035.jpg,1,0.00392156862745098,1.0,0.000980392156862745,0.25,10,0.0039215851575136185,0.0,1.0,0.9998928308486938,0.00010716915130615234,6.620948988711461e-05,9.14093017578125,-9.622620582580566,True,False,True,0.21982373297214508,0.8451984524726868,1.0,0.15480154752731323,-0.15480154752731323,0.18315408301379463,-0.18315408301379463,3.8448917865753174,4.549099445343018,0.7042076587677002,-0.7042076587677002,0.18315409063695517,-0.18315409063695517,1.0,1.0,0.0,0.0,0.3420611321926117,0.8756211996078491,False,False,True,36402.05859375,1295.802001953125
dev_val,digital_1,all_attacks,heldout_primary,persian-NM-1035,scan,train/attack/digital_1/scan/persian-NM-1035.jpg,1,0.00392156862745098,1.0,0.000980392156862745,0.25,10,0.0039215851575136185,0.0,0.99951171875,0.9995788931846619,6.717443466186523e-05,0.00013350744848139584,7.772061347961426,-8.921219825744629,True,False,True,0.22207435965538025,0.937383770942688,0.0,-0.937383770942688,0.937383770942688,-1.0,1.0,4.221035480499268,0.0,-4.221035480499268,4.221035480499268,-1.0,1.0,1.0,0.0,-1.0,1.0,,,False,True,False,26017.0,0.0
dev_val,digital_1,all_attacks,heldout_primary,portugal-013_03,huawei,train/attack/digital_1/huawei/portugal-013_03.jpg,1,0.00392156862745098,1.0,0.000980392156862745,0.25,10,0.0039215851575136185,0.0,1.0,0.9999786615371704,2.1338462829589844e-05,1.2162824702954822e-07,10.756437301635742,-15.922296524047852,True,False,True,0.11734375357627869,0.6780734062194824,0.0,-0.6780734062194824,0.6780734062194824,-1.0,1.0,5.778521537780762,0.0,-5.778521537780762,5.778521537780762,-1.0,1.0,1.0,0.0,-1.0,1.0,,,False,True,False,35054.1484375,0.0
dev_val,digital_1,all_attacks,heldout_primary,portugal-013_03,iphone15pro,train/attack/digital_1/iphone15pro/portugal-013_03.jpg,1,0.00392156862745098,1.0,0.000980392156862745,0.25,10,0.0039215851575136185,0.0,1.0,0.9999997615814209,2.384185791015625e-07,6.172847406560322e-06,15.310359001159668,-11.995344161987305,True,False,True,0.11968367546796799,0.6644605994224548,0.6102104783058167,-0.054250121116638184,0.054250121116638184,-0.08164535438789307,0.08164535438789307,5.551806449890137,5.098526954650879,-0.4532794952392578,0.4532794952392578,-0.08164540664925876,0.08164540664925876,1.0,1.0,0.0,0.0,0.1442817747592926,0.9539128541946411,False,False,True,43863.9140625,1277.1319580078125
dev_val,digital_1,all_attacks,heldout_primary,portugal-013_03,scan,train/attack/digital_1/scan/portugal-013_03.jpg,1,0.00392156862745098,1.0,0.000980392156862745,0.25,10,0.0039215851575136185,0.0,1.0,0.9998914003372192,0.00010859966278076172,1.3215928447607439e-05,9.127961158752441,-11.234074592590332,True,False,True,0.12135273963212967,0.6322409510612488,0.42943933606147766,-0.20280161499977112,0.20280161499977112,-0.32076633862352355,0.32076633862352355,5.209943771362305,3.538769245147705,-1.6711745262145996,1.6711745262145996,-0.32076632676932293,0.32076632676932293,1.0,1.0,0.0,0.0,0.24394284188747406,0.9063980579376221,False,False,True,43478.484375,3640.352783203125
dev_val,digital_1,all_attacks,heldout_primary,portugal-017_03,huawei,train/attack/digital_1/huawei/portugal-017_03.jpg,1,0.00392156862745098,1.0,0.000980392156862745,0.25,10,0.0039215851575136185,0.0,1.0,1.0,0.0,3.0989735932962503e-07,16.92827796936035,-14.987024307250977,True,False,True,0.11579913645982742,0.6907890439033508,0.4028918147087097,-0.2878972291946411,0.2878972291946411,-0.4167657720334678,0.4167657720334678,5.965407848358154,3.4792299270629883,-2.486177921295166,2.486177921295166,-0.41676579112347384,0.41676579112347384,1.0,1.0,0.0,0.0,0.2088264673948288,0.9063442945480347,False,False,True,39014.953125,4818.6455078125
dev_val,digital_1,all_attacks,heldout_primary,portugal-017_03,iphone15pro,train/attack/digital_1/iphone15pro/portugal-017_03.jpg,1,0.00392156862745098,1.0,0.000980392156862745,0.25,10,0.0039215851575136185,0.0,1.0,1.0,0.0,2.2702059141010977e-05,24.209529876708984,-10.693032264709473,True,False,True,0.10931691527366638,0.6589052677154541,0.3222978413105011,-0.336607426404953,0.336607426404953,-0.5108586057780854,0.5108586057780854,6.027477741241455,2.948288917541504,-3.079188823699951,3.079188823699951,-0.5108585972257349,0.5108585972257349,1.0,1.0,0.0,0.0,0.18611788749694824,0.9062187671661377,False,False,True,42120.66015625,6091.2138671875
dev_val,digital_1,all_attacks,heldout_primary,portugal-017_03,scan,train/attack/digital_1/scan/portugal-017_03.jpg,1,0.00392156862745098,1.0,0.000980392156862745,0.25,10,0.0039215851575136185,0.0,1.0,1.0,0.0,6.735551869496703e-05,19.314502716064453,-9.60545825958252,True,False,True,0.1104520931839943,0.6385200619697571,0.2534353733062744,-0.38508468866348267,0.38508468866348267,-0.6030894119059361,0.6030894119059361,5.78096866607666,2.294527530670166,-3.486441135406494,3.486441135406494,-0.6030894365273595,0.6030894365273595,1.0,1.0,0.0,0.0,0.2105078548192978,0.8286111354827881,False,False,True,40731.33984375,6018.537109375
dev_val,digital_1,all_attacks,heldout_primary,portugal-029_03,huawei,train/attack/digital_1/huawei/portugal-029_03.jpg,1,0.00392156862745098,1.0,0.000980392156862745,0.25,10,0.0039215851575136185,0.0,0.99951171875,0.9994200468063354,9.167194366455078e-05,7.494749820757818e-10,7.4519548416137695,-21.011648178100586,True,False,True,0.10700267553329468,0.6785580515861511,0.0,-0.6785580515861511,0.6785580515861511,-1.0,1.0,6.34150505065918,0.0,-6.34150505065918,6.34150505065918,-1.0,1.0,1.0,0.0,-1.0,1.0,,,False,True,False,38076.49609375,0.0
dev_val,digital_1,all_attacks,heldout_primary,portugal-029_03,iphone15pro,train/attack/digital_1/iphone15pro/portugal-029_03.jpg,1,0.00392156862745098,1.0,0.000980392156862745,0.25,10,0.0039215851575136185,0.0,1.0,1.0,0.0,9.387331374455243e-07,19.46841812133789,-13.87873363494873,True,False,True,0.10462376475334167,0.6087905168533325,0.0,-0.6087905168533325,0.6087905168533325,-1.0,1.0,5.818855285644531,0.0,-5.818855285644531,5.818855285644531,-1.0,1.0,1.0,0.0,-1.0,1.0,,,False,True,False,40700.21875,0.0
dev_val,digital_1,all_attacks,heldout_primary,portugal-029_03,scan,train/attack/digital_1/scan/portugal-029_03.jpg,1,0.00392156862745098,1.0,0.000980392156862745,0.25,10,0.0039215851575136185,0.0,1.0,0.9999992847442627,7.152557373046875e-07,1.4233379488359788e-06,14.16738510131836,-13.462504386901855,True,False,True,0.11171970516443253,0.6215639710426331,0.5148453116416931,-0.10671865940093994,0.10671865940093994,-0.17169376664790648,0.17169376664790648,5.563601970672607,4.608366012573242,-0.9552359580993652,0.9552359580993652,-0.1716937989336219,0.1716937989336219,1.0,0.0,-1.0,1.0,0.1547999531030655,0.9325447678565979,False,False,True,40175.7578125,3490.72802734375
dev_val,digital_1,all_attacks,heldout_primary,portugal-119_03,huawei,train/attack/digital_1/huawei/portugal-119_03.jpg,1,0.00392156862745098,1.0,0.000980392156862745,0.25,10,0.0039215851575136185,0.0,1.0,0.9999967813491821,3.2186508178710938e-06,7.387362899180516e-08,12.660726547241211,-16.420909881591797,True,False,True,0.13028092682361603,0.7376012802124023,0.3772638142108917,-0.3603374660015106,0.3603374660015106,-0.48852608539093983,0.48852608539093983,5.66162109375,2.8957715034484863,-2.7658495903015137,2.7658495903015137,-0.48852608546248383,0.48852608546248383,1.0,1.0,0.0,0.0,0.16557376086711884,0.9329260587692261,False,False,True,34767.4609375,2926.12744140625
dev_val,digital_1,all_attacks,heldout_primary,portugal-119_03,iphone15pro,train/attack/digital_1/iphone15pro/portugal-119_03.jpg,1,0.00392156862745098,1.0,0.000980392156862745,0.25,10,0.0039215851575136185,0.0,1.0,1.0,0.0,2.2498434759654629e-07,17.775638580322266,-15.307234764099121,True,False,True,0.1289757490158081,0.7196348309516907,0.3415440618991852,-0.3780907690525055,0.3780907690525055,-0.5253925363124716,0.5253925363124716,5.57961368560791,2.6481261253356934,-2.931487560272217,2.931487560272217,-0.525392567559599,0.525392567559599,1.0,1.0,0.0,0.0,0.13706570863723755,0.9508039951324463,False,False,True,35761.734375,1936.286376953125
dev_val,digital_1,all_attacks,heldout_primary,portugal-119_03,scan,train/attack/digital_1/scan/portugal-119_03.jpg,1,0.00392156862745098,1.0,0.000980392156862745,0.25,10,0.0039215851575136185,0.0,1.0,0.9999998807907104,1.1920928955078125e-07,1.552893445477821e-05,15.864343643188477,-11.072790145874023,True,False,True,0.13708451390266418,0.750409722328186,0.40403494238853455,-0.3463747799396515,0.3463747799396515,-0.46158087992917435,0.46158087992917435,5.474066257476807,2.9473419189453125,-2.526724338531494,2.526724338531494,-0.46158088332970815,0.46158088332970815,1.0,1.0,0.0,0.0,0.13613498210906982,0.9083945751190186,False,False,True,34057.453125,3403.748291015625
dev_val,digital_1,all_attacks,heldout_primary,portugal-NF-1060,huawei,train/attack/digital_1/huawei/portugal-NF-1060.jpg,1,0.00392156862745098,1.0,0.000980392156862745,0.25,10,0.0039215851575136185,0.0,0.99560546875,0.9956666231155396,6.115436553955078e-05,9.74196456837717e-09,5.437081336975098,-18.446823120117188,True,False,True,0.17121055722236633,0.7879549264907837,0.0,-0.7879549264907837,0.7879549264907837,-1.0,1.0,4.602256774902344,0.0,-4.602256774902344,4.602256774902344,-1.0,1.0,1.0,0.0,-1.0,1.0,,,False,True,False,31288.76953125,0.0
dev_val,digital_1,all_attacks,heldout_primary,portugal-NF-1060,iphone15pro,train/attack/digital_1/iphone15pro/portugal-NF-1060.jpg,1,0.00392156862745098,1.0,0.000980392156862745,0.25,10,0.0039215851575136185,0.0,1.0,0.9999979734420776,2.0265579223632812e-06,6.362780027302506e-07,13.124825477600098,-14.267629623413086,True,False,True,0.17883509397506714,0.7816435098648071,0.033799998462200165,-0.747843511402607,0.747843511402607,-0.9567577827543835,0.9567577827543835,4.3707499504089355,0.1890009194612503,-4.181749030947685,4.181749030947685,-0.9567577826218205,0.9567577826218205,1.0,0.0,-1.0,1.0,0.06316854804754257,0.98797607421875,False,False,True,35850.22265625,312.5
dev_val,digital_1,all_attacks,heldout_primary,portugal-NF-1060,scan,train/attack/digital_1/scan/portugal-NF-1060.jpg,1,0.00392156862745098,1.0,0.000980392156862745,0.25,10,0.0039215851575136185,0.0,1.0,0.9999998807907104,1.1920928955078125e-07,9.54393544816412e-06,16.076444625854492,-11.559595108032227,True,False,True,0.18099355697631836,0.7929906845092773,0.3734700083732605,-0.41952067613601685,0.41952067613601685,-0.5290360710802383,0.5290360710802383,4.381319999694824,2.063443660736084,-2.3178763389587402,2.3178763389587402,-0.5290360756849966,0.5290360756849966,1.0,1.0,0.0,0.0,0.14237070083618164,0.927498459815979,False,False,True,34952.55859375,3617.93603515625
dev_val,digital_1,all_attacks,heldout_primary,portugal-NF-1066,huawei,train/attack/digital_1/huawei/portugal-NF-1066.jpg,1,0.00392156862745098,1.0,0.000980392156862745,0.25,10,0.0039215851575136185,0.0,0.99951171875,0.9994145631790161,9.715557098388672e-05,3.0707894893566845e-08,7.4424848556518555,-17.29874610900879,True,False,True,0.15071535110473633,0.7204331159591675,0.030892830342054367,-0.6895402856171131,0.6895402856171131,-0.957119086202854,0.957119086202854,4.780090808868408,0.20497466623783112,-4.575116142630577,4.575116142630577,-0.9571190852990605,0.9571190852990605,1.0,0.0,-1.0,1.0,0.18492160737514496,0.9299023151397705,False,False,True,30510.87890625,1965.0394287109375
dev_val,digital_1,all_attacks,heldout_primary,portugal-NF-1066,iphone15pro,train/attack/digital_1/iphone15pro/portugal-NF-1066.jpg,1,0.00392156862745098,1.0,0.000980392156862745,0.25,10,0.0039215851575136185,0.0,1.0,0.9999942779541016,5.7220458984375e-06,1.169339327589114e-07,12.074792861938477,-15.96165657043457,True,False,True,0.15397989749908447,0.7414812445640564,0.0751359686255455,-0.6663452759385109,0.6663452759385109,-0.8986677422033504,0.8986677422033504,4.815441608428955,0.4879595935344696,-4.3274820148944855,4.3274820148944855,-0.8986677374136685,0.8986677374136685,1.0,0.0,-1.0,1.0,0.15425540506839752,0.9478820562362671,False,False,True,32826.87109375,2047.955078125
dev_val,digital_1,all_attacks,heldout_primary,portugal-NF-1066,scan,train/attack/digital_1/scan/portugal-NF-1066.jpg,1,0.00392156862745098,1.0,0.000980392156862745,0.25,10,0.0039215851575136185,0.0,1.0,0.9999747276306152,2.5272369384765625e-05,7.64590276958188e-06,10.585537910461426,-11.781332969665527,True,False,True,0.1573551893234253,0.7382277846336365,0.4930605888366699,-0.24516719579696655,0.24516719579696655,-0.33210236853742475,0.33210236853742475,4.691474437713623,3.1334245204925537,-1.5580499172210693,1.5580499172210693,-0.33210239934300495,0.33210239934300495,1.0,1.0,0.0,0.0,0.1998036503791809,0.8573757410049438,False,False,True,30448.23828125,3660.93603515625
dev_val,digital_1,all_attacks,heldout_primary,portugal-NF-1109,huawei,train/attack/digital_1/huawei/portugal-NF-1109.jpg,1,0.00392156862745098,1.0,0.000980392156862745,0.25,10,0.0039215851575136185,0.0,0.99951171875,0.9996684789657593,0.00015676021575927734,6.452101075637984e-09,8.01145076751709,-18.85886001586914,True,False,True,0.1937095671892166,0.7891061902046204,0.6623811721801758,-0.12672501802444458,0.12672501802444458,-0.16059311103817847,0.16059311103817847,4.07365608215332,3.419455051422119,-0.6542010307312012,0.6542010307312012,-0.16059309316691084,0.16059309316691084,1.0,1.0,0.0,0.0,0.1356801688671112,0.9614777565002441,False,False,True,29885.025390625,1024.0
dev_val,digital_1,all_attacks,heldout_primary,portugal-NF-1109,iphone15pro,train/attack/digital_1/iphone15pro/portugal-NF-1109.jpg,1,0.00392156862745098,1.0,0.000980392156862745,0.25,10,0.0039215851575136185,0.0,1.0,0.9999991655349731,8.344650268554688e-07,1.856316629300636e-07,13.990161895751953,-15.49950122833252,True,False,True,0.18605215847492218,0.7916972041130066,0.3422081470489502,-0.4494890570640564,0.4494890570640564,-0.5677537507128754,0.5677537507128754,4.255243301391602,1.8393129110336304,-2.415930390357971,2.415930390357971,-0.5677537614753742,0.5677537614753742,1.0,1.0,0.0,0.0,0.2265910506248474,0.8944600820541382,False,False,True,33065.7890625,4113.3701171875
dev_val,digital_1,all_attacks,heldout_primary,portugal-NF-1109,scan,train/attack/digital_1/scan/portugal-NF-1109.jpg,1,0.00392156862745098,1.0,0.000980392156862745,0.25,10,0.0039215851575136185,0.0,1.0,0.9999991655349731,8.344650268554688e-07,6.440100150939543e-06,14.062909126281738,-11.952960014343262,True,False,True,0.18990017473697662,0.7761381268501282,0.2526204288005829,-0.5235176980495453,0.5235176980495453,-0.6745161459522478,0.6745161459522478,4.087084770202637,1.3302801847457886,-2.756804585456848,2.756804585456848,-0.6745161259085327,0.6745161259085327,1.0,1.0,0.0,0.0,0.22965823113918304,0.8659191131591797,False,False,True,31753.95703125,5436.185546875
dev_val,digital_1,all_attacks,heldout_primary,russian-062_03,huawei,train/attack/digital_1/huawei/russian-062_03.jpg,1,0.00392156862745098,1.0,0.000980392156862745,0.25,10,0.0039215851575136185,0.0,0.99658203125,0.9963759779930115,0.0002060532569885254,4.611794945930114e-09,5.616532802581787,-19.19464874267578,True,False,True,0.13354727625846863,0.8457721471786499,0.0,-0.8457721471786499,0.8457721471786499,-1.0,1.0,6.333129405975342,0.0,-6.333129405975342,6.333129405975342,-1.0,1.0,1.0,0.0,-1.0,1.0,,,False,True,False,26825.9453125,0.0
dev_val,digital_1,all_attacks,heldout_primary,russian-062_03,iphone15pro,train/attack/digital_1/iphone15pro/russian-062_03.jpg,1,0.00392156862745098,1.0,0.000980392156862745,0.25,10,0.0039215851575136185,0.0,1.0,0.9999909400939941,9.059906005859375e-06,2.072405180797432e-08,11.617247581481934,-17.691970825195312,True,False,True,0.1290791630744934,0.8173719048500061,0.0,-0.8173719048500061,0.8173719048500061,-1.0,1.0,6.332330703735352,0.0,-6.332330703735352,6.332330703735352,-1.0,1.0,1.0,0.0,-1.0,1.0,,,False,True,False,30099.48828125,0.0
dev_val,digital_1,all_attacks,heldout_primary,russian-062_03,scan,train/attack/digital_1/scan/russian-062_03.jpg,1,0.00392156862745098,1.0,0.000980392156862745,0.25,10,0.0039215851575136185,0.0,1.0,0.9999953508377075,4.649162292480469e-06,5.7741058157034786e-08,12.280512809753418,-16.66729736328125,True,False,True,0.1263497769832611,0.7585248351097107,0.0,-0.7585248351097107,0.7585248351097107,-1.0,1.0,6.003372669219971,0.0,-6.003372669219971,6.003372669219971,-1.0,1.0,1.0,0.0,-1.0,1.0,,,False,True,False,32312.03125,0.0
dev_val,digital_1,all_attacks,heldout_primary,russian-132_03,huawei,train/attack/digital_1/huawei/russian-132_03.jpg,1,0.00392156862745098,1.0,0.000980392156862745,0.25,10,0.0039215851575136185,0.0,1.0,0.9999207258224487,7.927417755126953e-05,2.292972389739134e-08,9.441994667053223,-17.590831756591797,True,False,True,0.10023362189531326,0.7041972875595093,0.0,-0.7041972875595093,0.7041972875595093,-1.0,1.0,7.025559902191162,0.0,-7.025559902191162,7.025559902191162,-1.0,1.0,1.0,0.0,-1.0,1.0,,,False,True,False,29303.65625,0.0
dev_val,digital_1,all_attacks,heldout_primary,russian-132_03,iphone15pro,train/attack/digital_1/iphone15pro/russian-132_03.jpg,1,0.00392156862745098,1.0,0.000980392156862745,0.25,10,0.0039215851575136185,0.0,1.0,0.9999948740005493,5.125999450683594e-06,4.069928252192767e-07,12.175308227539062,-14.714469909667969,True,False,True,0.09337542951107025,0.6671001315116882,0.0,-0.6671001315116882,0.6671001315116882,-1.0,1.0,7.1442790031433105,0.0,-7.1442790031433105,7.1442790031433105,-1.0,1.0,1.0,0.0,-1.0,1.0,,,False,True,False,29452.1640625,0.0
dev_val,digital_1,all_attacks,heldout_primary,russian-132_03,scan,train/attack/digital_1/scan/russian-132_03.jpg,1,0.00392156862745098,1.0,0.000980392156862745,0.25,10,0.0039215851575136185,0.0,1.0,0.9999364614486694,6.35385513305664e-05,3.3303174973298155e-07,9.663558959960938,-14.915027618408203,True,False,True,0.096323162317276,0.6794798374176025,0.0,-0.6794798374176025,0.6794798374176025,-1.0,1.0,7.054168701171875,0.0,-7.054168701171875,7.054168701171875,-1.0,1.0,1.0,0.0,-1.0,1.0,,,False,True,False,28462.58984375,0.0
dev_val,digital_1,all_attacks,heldout_primary,russian-NF-1089,huawei,train/attack/digital_1/huawei/russian-NF-1089.jpg,1,0.00392156862745098,1.0,0.000980392156862745,0.25,10,0.0039215851575136185,0.0,1.0,0.9999995231628418,4.76837158203125e-07,7.136762292248022e-08,14.443345069885254,-16.455421447753906,True,False,True,0.21138493716716766,0.9411240220069885,0.0,-0.9411240220069885,0.9411240220069885,-1.0,1.0,4.452180862426758,0.0,-4.452180862426758,4.452180862426758,-1.0,1.0,1.0,0.0,-1.0,1.0,,,False,True,False,29767.548828125,0.0
dev_val,digital_1,all_attacks,heldout_primary,russian-NF-1089,iphone15pro,train/attack/digital_1/iphone15pro/russian-NF-1089.jpg,1,0.00392156862745098,1.0,0.000980392156862745,0.25,10,0.0039215851575136185,0.0,1.0,1.0,0.0,1.540533958177548e-07,18.895383834838867,-15.685966491699219,True,False,True,0.21676532924175262,0.8990669846534729,0.0,-0.8990669846534729,0.8990669846534729,-1.0,1.0,4.147651195526123,0.0,-4.147651195526123,4.147651195526123,-1.0,1.0,1.0,0.0,-1.0,1.0,,,False,True,False,32630.5859375,0.0
dev_val,digital_1,all_attacks,heldout_primary,russian-NF-1089,scan,train/attack/digital_1/scan/russian-NF-1089.jpg,1,0.00392156862745098,1.0,0.000980392156862745,0.25,10,0.0039215851575136185,0.0,1.0,0.9999996423721313,3.5762786865234375e-07,2.841115609442113e-08,14.903350830078125,-17.376483917236328,True,False,True,0.21610291302204132,0.8809874057769775,0.0,-0.8809874057769775,0.8809874057769775,-1.0,1.0,4.076703071594238,0.0,-4.076703071594238,4.076703071594238,-1.0,1.0,1.0,0.0,-1.0,1.0,,,False,True,False,29199.169921875,0.0
dev_val,digital_1,all_attacks,heldout_primary,russian-NF-1099,huawei,train/attack/digital_1/huawei/russian-NF-1099.jpg,1,0.00392156862745098,1.0,0.000980392156862745,0.25,10,0.0039215851575136185,0.0,1.0,0.999996542930603,3.4570693969726562e-06,2.3778016000619573e-08,12.590530395507812,-17.55450439453125,True,False,True,0.2476102113723755,0.9400976300239563,0.0,-0.9400976300239563,0.9400976300239563,-1.0,1.0,3.7966835498809814,0.0,-3.7966835498809814,3.7966835498809814,-1.0,1.0,1.0,0.0,-1.0,1.0,,,False,True,False,32164.7421875,0.0
dev_val,digital_1,all_attacks,heldout_primary,russian-NF-1099,iphone15pro,train/attack/digital_1/iphone15pro/russian-NF-1099.jpg,1,0.00392156862745098,1.0,0.000980392156862745,0.25,10,0.0039215851575136185,0.0,1.0,0.9999998807907104,1.1920928955078125e-07,1.790851484884115e-07,16.288005828857422,-15.535404205322266,True,False,True,0.2423422485589981,0.9303931593894958,0.0,-0.9303931593894958,0.9303931593894958,-1.0,1.0,3.839170217514038,0.0,-3.839170217514038,3.839170217514038,-1.0,1.0,1.0,0.0,-1.0,1.0,,,False,True,False,35368.51953125,0.0
dev_val,digital_1,all_attacks,heldout_primary,russian-NF-1099,scan,train/attack/digital_1/scan/russian-NF-1099.jpg,1,0.00392156862745098,1.0,0.000980392156862745,0.25,10,0.0039215851575136185,0.0,1.0,1.0,0.0,2.13329407472429e-08,16.921043395996094,-17.663013458251953,True,False,True,0.23995228111743927,0.9532743692398071,0.9999999403953552,0.046725571155548096,-0.046725571155548096,0.04901586852986471,-0.04901586852986471,3.972766399383545,4.167494773864746,0.19472837448120117,-0.19472837448120117,0.049015812888323164,-0.049015812888323164,1.0,1.0,0.0,0.0,0.33914288878440857,0.8822138905525208,False,False,True,32034.447265625,1936.510498046875
dev_val,digital_1,all_attacks,heldout_primary,turkiye-032_03,huawei,train/attack/digital_1/huawei/turkiye-032_03.jpg,1,0.00392156862745098,1.0,0.000980392156862745,0.25,10,0.0039215851575136185,0.0,1.0,1.0,0.0,5.875217539141886e-06,20.09621238708496,-12.044761657714844,True,False,True,0.11345386505126953,0.6826797723770142,0.1379142701625824,-0.5447655022144318,0.5447655022144318,-0.7979810216400869,0.7979810216400869,6.017245769500732,1.2155978679656982,-4.801647901535034,4.801647901535034,-0.7979810174736207,0.7979810174736207,1.0,0.0,-1.0,1.0,0.08807574212551117,0.9529882669448853,False,False,True,38242.3203125,2072.2666015625
dev_val,digital_1,all_attacks,heldout_primary,turkiye-032_03,iphone15pro,train/attack/digital_1/iphone15pro/turkiye-032_03.jpg,1,0.00392156862745098,1.0,0.000980392156862745,0.25,10,0.0039215851575136185,0.0,1.0,0.9999996423721313,3.5762786865234375e-07,1.4419118087971583e-05,14.745173454284668,-11.146941184997559,True,False,True,0.11834338307380676,0.7062696814537048,0.0,-0.7062696814537048,0.7062696814537048,-1.0,1.0,5.9679694175720215,0.0,-5.9679694175720215,5.9679694175720215,-1.0,1.0,1.0,0.0,-1.0,1.0,,,False,True,False,34076.9296875,0.0
dev_val,digital_1,all_attacks,heldout_primary,turkiye-032_03,scan,train/attack/digital_1/scan/turkiye-032_03.jpg,1,0.00392156862745098,1.0,0.000980392156862745,0.25,10,0.0039215851575136185,0.0,1.0,0.9999785423278809,2.1457672119140625e-05,1.3989669241709635e-05,10.746801376342773,-11.177177429199219,True,False,True,0.11644162982702255,0.6579065322875977,0.32262593507766724,-0.3352805972099304,0.3352805972099304,-0.5096173707899372,0.5096173707899372,5.650097370147705,2.77070951461792,-2.879387855529785,2.879387855529785,-0.5096173865503688,0.5096173865503688,1.0,1.0,0.0,0.0,0.3271664083003998,0.8059329390525818,False,False,True,37749.67578125,7786.2314453125
dev_val,digital_1,all_attacks,heldout_primary,turkiye-101_03,huawei,train/attack/digital_1/huawei/turkiye-101_03.jpg,1,0.00392156862745098,1.0,0.000980392156862745,0.25,10,0.0039215851575136185,0.0,1.0,0.99998939037323,1.0609626770019531e-05,8.05296380690379e-08,11.453840255737305,-16.334640502929688,True,False,True,0.12325655668973923,0.7068093419075012,0.2602434456348419,-0.4465658962726593,0.4465658962726593,-0.6318053112703489,0.6318053112703489,5.7344560623168945,2.111396312713623,-3.6230597496032715,3.6230597496032715,-0.6318053029321573,0.6318053029321573,1.0,0.0,-1.0,1.0,0.1984490007162094,0.9077646732330322,False,False,True,41810.046875,3223.755126953125
dev_val,digital_1,all_attacks,heldout_primary,turkiye-101_03,iphone15pro,train/attack/digital_1/iphone15pro/turkiye-101_03.jpg,1,0.00392156862745098,1.0,0.000980392156862745,0.25,10,0.0039215851575136185,0.0,1.0,0.9999998807907104,1.1920928955078125e-07,4.867508778261254e-07,15.856224060058594,-14.535512924194336,True,False,True,0.11408334225416183,0.6735720038414001,0.3363697826862335,-0.3372022211551666,0.3372022211551666,-0.500617928346328,0.500617928346328,5.904210090637207,2.9484567642211914,-2.9557533264160156,2.9557533264160156,-0.5006179118021558,0.5006179118021558,1.0,1.0,0.0,0.0,0.14903979003429413,0.9399625062942505,False,False,True,37554.1484375,2712.615234375
dev_val,digital_1,all_attacks,heldout_primary,turkiye-101_03,scan,train/attack/digital_1/scan/turkiye-101_03.jpg,1,0.00392156862745098,1.0,0.000980392156862745,0.25,10,0.0039215851575136185,0.0,1.0,0.9999897480010986,1.0251998901367188e-05,7.247177563840523e-05,11.488044738769531,-9.532240867614746,True,False,True,0.12346044927835464,0.6241838932037354,0.22748151421546936,-0.396702378988266,0.396702378988266,-0.6355536938835767,0.6355536938835767,5.055739879608154,1.8425456285476685,-3.213194251060486,3.213194251060486,-0.6355537127257277,0.6355537127257277,1.0,1.0,0.0,0.0,0.49953722953796387,0.6952088475227356,False,False,True,43110.01171875,10009.0400390625
dev_val,digital_1,all_attacks,heldout_primary,turkiye-104_03,huawei,train/attack/digital_1/huawei/turkiye-104_03.jpg,1,0.00392156862745098,1.0,0.000980392156862745,0.25,10,0.0039215851575136185,0.0,1.0,0.9999979734420776,2.0265579223632812e-06,2.3583284303185792e-07,13.10700798034668,-15.26014232635498,True,False,True,0.08925875276327133,0.6044100522994995,0.2137802392244339,-0.3906298130750656,0.3906298130750656,-0.6462993320327824,0.6462993320327824,6.771437168121338,2.395061731338501,-4.376375436782837,4.376375436782837,-0.6462993494772418,0.6462993494772418,1.0,0.0,-1.0,1.0,0.08307749778032303,0.9716523885726929,False,False,True,34974.84375,1306.856201171875
dev_val,digital_1,all_attacks,heldout_primary,turkiye-104_03,iphone15pro,train/attack/digital_1/iphone15pro/turkiye-104_03.jpg,1,0.00392156862745098,1.0,0.000980392156862745,0.25,10,0.0039215851575136185,0.0,1.0,1.0,0.0,1.0336152627132833e-06,17.340206146240234,-13.78244686126709,True,False,True,0.08989470452070236,0.6026114225387573,0.0,-0.6026114225387573,0.6026114225387573,-1.0,1.0,6.703525543212891,0.0,-6.703525543212891,6.703525543212891,-1.0,1.0,1.0,0.0,-1.0,1.0,,,False,True,False,35033.2265625,0.0
dev_val,digital_1,all_attacks,heldout_primary,turkiye-104_03,scan,train/attack/digital_1/scan/turkiye-104_03.jpg,1,0.00392156862745098,1.0,0.000980392156862745,0.25,10,0.0039215851575136185,0.0,1.0,0.9999938011169434,6.198883056640625e-06,1.9065102605964057e-05,11.994285583496094,-10.867631912231445,True,False,True,0.08634579181671143,0.5449699759483337,0.24249665439128876,-0.302473321557045,0.302473321557045,-0.555027496754649,0.555027496754649,6.3114824295043945,2.808436155319214,-3.5030462741851807,3.5030462741851807,-0.5550274936692259,0.5550274936692259,1.0,1.0,0.0,0.0,0.24297329783439636,0.8595190048217773,False,False,True,36139.6328125,5233.001953125
dev_val,digital_1,all_attacks,heldout_primary,turkiye-115_03,huawei,train/attack/digital_1/huawei/turkiye-115_03.jpg,1,0.00392156862745098,1.0,0.000980392156862745,0.25,10,0.0039215851575136185,0.0,1.0,0.9999990463256836,9.5367431640625e-07,1.2255202364030993e-07,13.85920524597168,-15.914730072021484,True,False,True,0.10295961052179337,0.6586518287658691,0.19621938467025757,-0.4624324440956116,0.4624324440956116,-0.7020893648197739,0.7020893648197739,6.397186756134033,1.9057899713516235,-4.49139678478241,4.49139678478241,-0.7020893645907351,0.7020893645907351,1.0,0.0,-1.0,1.0,0.11259929090738297,0.9643017649650574,False,False,True,34223.1796875,1606.868896484375
dev_val,digital_1,all_attacks,heldout_primary,turkiye-115_03,iphone15pro,train/attack/digital_1/iphone15pro/turkiye-115_03.jpg,1,0.00392156862745098,1.0,0.000980392156862745,0.25,10,0.0039215851575136185,0.0,1.0,0.9999998807907104,1.1920928955078125e-07,9.517031685390975e-06,16.263771057128906,-11.562417984008789,True,False,True,0.10248218476772308,0.6154725551605225,0.2754599452018738,-0.3400126099586487,0.3400126099586487,-0.5524415461059339,0.5524415461059339,6.0056538581848145,2.6878812313079834,-3.317772626876831,3.317772626876831,-0.5524415334652029,0.5524415334652029,1.0,1.0,0.0,0.0,0.2232326865196228,0.9104896187782288,False,False,True,39014.55859375,4699.849609375
dev_val,digital_1,all_attacks,heldout_primary,turkiye-115_03,scan,train/attack/digital_1/scan/turkiye-115_03.jpg,1,0.00392156862745098,1.0,0.000980392156862745,0.25,10,0.0039215851575136185,0.0,1.0,0.9999967813491821,3.2186508178710938e-06,2.2734750018571503e-05,12.632625579833984,-10.691593170166016,True,False,True,0.10281773656606674,0.6269314885139465,0.26511067152023315,-0.3618208169937134,0.3618208169937134,-0.5771297559983134,0.5771297559983134,6.097503185272217,2.5784525871276855,-3.5190505981445312,3.5190505981445312,-0.5771297679096541,0.5771297679096541,1.0,1.0,0.0,0.0,0.2540087103843689,0.8761221170425415,False,False,True,36112.88671875,5007.62890625
dev_val,digital_1,all_attacks,heldout_primary,turkiye-NF-1002,huawei,train/attack/digital_1/huawei/turkiye-NF-1002.jpg,1,0.00392156862745098,1.0,0.000980392156862745,0.25,10,0.0039215851575136185,0.0,1.0,0.9999768733978271,2.3126602172851562e-05,7.094370175764197e-07,10.672172546386719,-14.158793449401855,True,False,True,0.15021221339702606,0.7847210168838501,0.2404552847146988,-0.5442657321691513,0.5442657321691513,-0.6935786355390943,0.6935786355390943,5.2240824699401855,1.6007704734802246,-3.623311996459961,3.623311996459961,-0.6935786364990993,0.6935786364990993,1.0,0.0,-1.0,1.0,0.11731620132923126,0.9593076705932617,False,False,True,28191.12890625,1104.15625
dev_val,digital_1,all_attacks,heldout_primary,turkiye-NF-1002,iphone15pro,train/attack/digital_1/iphone15pro/turkiye-NF-1002.jpg,1,0.00392156862745098,1.0,0.000980392156862745,0.25,10,0.0039215851575136185,0.0,1.0,0.9999997615814209,2.384185791015625e-07,3.407792974030599e-06,15.41901683807373,-12.589442253112793,True,False,True,0.14694108068943024,0.7461156249046326,0.29490232467651367,-0.4512133002281189,0.4512133002281189,-0.604749833895775,0.604749833895775,5.0776519775390625,2.0069427490234375,-3.070709228515625,3.070709228515625,-0.6047498414816284,0.6047498414816284,1.0,1.0,0.0,0.0,0.18439175188541412,0.9269718527793884,False,False,True,32789.8125,3521.876708984375
dev_val,digital_1,all_attacks,heldout_primary,turkiye-NF-1002,scan,train/attack/digital_1/scan/turkiye-NF-1002.jpg,1,0.00392156862745098,1.0,0.000980392156862745,0.25,10,0.0039215851575136185,0.0,1.0,0.9999978542327881,2.1457672119140625e-06,5.62170998819056e-06,13.038694381713867,-12.088869094848633,True,False,True,0.14468443393707275,0.7409927248954773,0.23840978741645813,-0.5025829374790192,0.5025829374790192,-0.6782562373333859,0.6782562373333859,5.121440410614014,1.6477915048599243,-3.4736489057540894,3.4736489057540894,-0.6782562379433467,0.6782562379433467,1.0,1.0,0.0,0.0,0.19718076288700104,0.8921173810958862,False,False,True,30011.08984375,4651.080078125
dev_val,digital_1,all_attacks,heldout_primary,turkiye-NM-1055,huawei,train/attack/digital_1/huawei/turkiye-NM-1055.jpg,1,0.00392156862745098,1.0,0.000980392156862745,0.25,10,0.0039215851575136185,0.0,1.0,0.9999983310699463,1.6689300537109375e-06,1.9341925394655846e-07,13.278146743774414,-15.458405494689941,True,False,True,0.118104949593544,0.7267612814903259,0.19894027709960938,-0.5278210043907166,0.5278210043907166,-0.7262646178788523,0.7262646178788523,6.1535210609436035,1.6844364404678345,-4.469084620475769,4.469084620475769,-0.7262646176416049,0.7262646176416049,1.0,0.0,-1.0,1.0,0.0814393162727356,0.9774137735366821,False,False,True,34202.2890625,1024.0
dev_val,digital_1,all_attacks,heldout_primary,turkiye-NM-1055,iphone15pro,train/attack/digital_1/iphone15pro/turkiye-NM-1055.jpg,1,0.00392156862745098,1.0,0.000980392156862745,0.25,10,0.0039215851575136185,0.0,1.0,0.9999998807907104,1.1920928955078125e-07,9.703053365228698e-06,16.130050659179688,-11.543060302734375,True,False,True,0.1131473109126091,0.6667938232421875,0.1544179916381836,-0.5123758316040039,0.5123758316040039,-0.7684171834595758,0.7684171834595758,5.893147945404053,1.3647518157958984,-4.528396129608154,4.528396129608154,-0.7684171806919864,0.7684171806919864,1.0,0.0,-1.0,1.0,0.08953623473644257,0.9755954742431641,False,False,True,36040.875,1024.0
dev_val,digital_1,all_attacks,heldout_primary,turkiye-NM-1055,scan,train/attack/digital_1/scan/turkiye-NM-1055.jpg,1,0.00392156862745098,1.0,0.000980392156862745,0.25,10,0.0039215851575136185,0.0,1.0,1.0,0.0,0.00021300939260981977,18.749927520751953,-8.453961372375488,True,False,True,0.1145889088511467,0.6585047841072083,0.281527578830719,-0.37697720527648926,0.37697720527648926,-0.57247451252399,0.57247451252399,5.746671199798584,2.456848382949829,-3.289822816848755,3.289822816848755,-0.5724745165451715,0.5724745165451715,1.0,1.0,0.0,0.0,0.25613442063331604,0.8404794931411743,False,False,True,34873.3671875,8291.609375
dev_val,digital_1,all_attacks,heldout_primary,ukraine-025_03,huawei,train/attack/digital_1/huawei/ukraine-025_03.jpg,1,0.00392156862745098,1.0,0.000980392156862745,0.25,10,0.0039215851575136185,0.0,1.0,0.9999992847442627,7.152557373046875e-07,4.197415748308231e-08,14.185285568237305,-16.9862117767334,True,False,True,0.1027480736374855,0.644314706325531,0.5197429060935974,-0.1245718002319336,0.1245718002319336,-0.19333999210161662,0.19333999210161662,6.270820140838623,5.058420181274414,-1.212399959564209,1.212399959564209,-0.1933399351814402,0.1933399351814402,1.0,1.0,0.0,0.0,0.10299087315797806,0.9641381502151489,False,False,True,37507.796875,1065.37646484375
dev_val,digital_1,all_attacks,heldout_primary,ukraine-025_03,iphone15pro,train/attack/digital_1/iphone15pro/ukraine-025_03.jpg,1,0.00392156862745098,1.0,0.000980392156862745,0.25,10,0.0039215851575136185,0.0,1.0,1.0,0.0,1.0045652487633561e-07,19.477935791015625,-16.113540649414062,True,False,True,0.10428378731012344,0.6332113742828369,0.32932496070861816,-0.30388641357421875,0.30388641357421875,-0.4799130683942541,0.4799130683942541,6.072001934051514,3.157968759536743,-2.9140331745147705,2.9140331745147705,-0.47991308404778393,0.47991308404778393,1.0,0.0,-1.0,1.0,0.09049758315086365,0.9726696014404297,False,False,True,38135.1953125,1371.955810546875
dev_val,digital_1,all_attacks,heldout_primary,ukraine-025_03,scan,train/attack/digital_1/scan/ukraine-025_03.jpg,1,0.00392156862745098,1.0,0.000980392156862745,0.25,10,0.0039215851575136185,0.0,1.0,0.9999970197677612,2.9802322387695312e-06,5.820117439725436e-05,12.730968475341797,-9.751546859741211,True,False,True,0.10579187422990799,0.6437549591064453,0.34032967686653137,-0.30342528223991394,0.30342528223991394,-0.4713366133304495,0.4713366133304495,6.085107803344727,3.2169735431671143,-2.8681342601776123,2.8681342601776123,-0.4713366390322814,0.4713366390322814,1.0,0.0,-1.0,1.0,0.1911640167236328,0.9031062126159668,False,False,True,38287.12109375,4174.1787109375
dev_val,digital_1,all_attacks,heldout_primary,ukraine-NF-1068,huawei,train/attack/digital_1/huawei/ukraine-NF-1068.jpg,1,0.00392156862745098,1.0,0.000980392156862745,0.25,10,0.0039215851575136185,0.0,1.0,0.9999268054962158,7.319450378417969e-05,2.9418758540344925e-09,9.522650718688965,-19.64421844482422,True,False,True,0.15027061104774475,0.7178295254707336,0.3743680417537689,-0.3434614837169647,0.3434614837169647,-0.4784722159369688,0.4784722159369688,4.776912212371826,2.4912924766540527,-2.2856197357177734,2.2856197357177734,-0.47847220842748556,0.47847220842748556,1.0,1.0,0.0,0.0,0.300584077835083,0.8797240853309631,False,False,True,33190.55859375,2156.30078125
dev_val,digital_1,all_attacks,heldout_primary,ukraine-NF-1068,iphone15pro,train/attack/digital_1/iphone15pro/ukraine-NF-1068.jpg,1,0.00392156862745098,1.0,0.000980392156862745,0.25,10,0.0039215851575136185,0.0,1.0,0.9999985694885254,1.430511474609375e-06,5.588161116065749e-07,13.479940414428711,-14.397444725036621,True,False,True,0.14430803060531616,0.7479585409164429,0.34137654304504395,-0.4065819978713989,0.4065819978713989,-0.5435889499613584,0.5435889499613584,5.183069229125977,2.365610122680664,-2.8174591064453125,2.8174591064453125,-0.5435889396600674,0.5435889396600674,1.0,0.0,-1.0,1.0,0.11604470759630203,0.9678264856338501,False,False,True,36890.4375,1024.0
dev_val,digital_1,all_attacks,heldout_primary,ukraine-NF-1068,scan,train/attack/digital_1/scan/ukraine-NF-1068.jpg,1,0.00392156862745098,1.0,0.000980392156862745,0.25,10,0.0039215851575136185,0.0,1.0,0.9999990463256836,9.5367431640625e-07,1.207699824590236e-05,13.825881004333496,-11.324195861816406,True,False,True,0.1464509814977646,0.7366920709609985,0.22845172882080078,-0.5082403421401978,0.5082403421401978,-0.6898952251205982,0.6898952251205982,5.030297756195068,1.5599193572998047,-3.4703783988952637,3.4703783988952637,-0.6898952243177485,0.6898952243177485,1.0,0.0,-1.0,1.0,0.2893869876861572,0.8223578929901123,False,False,True,32901.66796875,8885.0576171875
dev_val,digital_1,all_attacks,heldout_primary,ukraine-NF-1073,huawei,train/attack/digital_1/huawei/ukraine-NF-1073.jpg,1,0.00392156862745098,1.0,0.000980392156862745,0.25,10,0.0039215851575136185,0.0,0.9990234375,0.9991058707237244,8.243322372436523e-05,4.865510661034023e-09,7.018787384033203,-19.141094207763672,True,False,True,0.22431828081607819,0.7841801643371582,0.41465452313423157,-0.36952564120292664,0.36952564120292664,-0.47122543773505743,0.47122543773505743,3.4958369731903076,1.848509669303894,-1.6473273038864136,1.6473273038864136,-0.4712254365749383,0.4712254365749383,1.0,1.0,0.0,0.0,0.3459314703941345,0.8695067763328552,False,False,True,29069.171875,2328.2783203125
dev_val,digital_1,all_attacks,heldout_primary,ukraine-NF-1073,iphone15pro,train/attack/digital_1/iphone15pro/ukraine-NF-1073.jpg,1,0.00392156862745098,1.0,0.000980392156862745,0.25,10,0.0039215851575136185,0.0,1.0,0.9999983310699463,1.6689300537109375e-06,6.20447735855123e-07,13.272876739501953,-14.292823791503906,True,False,True,0.2297821193933487,0.7711641788482666,0.28507909178733826,-0.48608508706092834,0.48608508706092834,-0.6303263304928093,0.6303263304928093,3.356066942214966,1.2406495809555054,-2.1154173612594604,2.1154173612594604,-0.6303263306968809,0.6303263306968809,1.0,0.0,-1.0,1.0,0.2000252902507782,0.9387365579605103,False,False,True,37401.8359375,2299.12744140625
dev_val,digital_1,all_attacks,heldout_primary,ukraine-NF-1073,scan,train/attack/digital_1/scan/ukraine-NF-1073.jpg,1,0.00392156862745098,1.0,0.000980392156862745,0.25,10,0.0039215851575136185,0.0,0.9970703125,0.9971573352813721,8.702278137207031e-05,2.7748686989070848e-05,5.860152244567871,-10.492294311523438,True,False,True,0.23104418814182281,0.7665296196937561,0.3171073794364929,-0.4494222402572632,0.4494222402572632,-0.5863077286391312,0.5863077286391312,3.3176755905151367,1.3724967241287231,-1.9451788663864136,1.9451788663864136,-0.5863077366417205,0.5863077366417205,1.0,0.0,-1.0,1.0,0.20823141932487488,0.9301164150238037,False,False,True,32359.06640625,1337.9515380859375
dev_val,digital_1,all_attacks,heldout_primary,ukraine-NF-1106,huawei,train/attack/digital_1/huawei/ukraine-NF-1106.jpg,1,0.00392156862745098,1.0,0.000980392156862745,0.25,10,0.0039215851575136185,0.0,1.0,0.9998695850372314,0.0001304149627685547,5.019929805172296e-09,8.944801330566406,-19.10984992980957,True,False,True,0.13011087477207184,0.7016845345497131,0.0,-0.7016845345497131,0.7016845345497131,-1.0,1.0,5.392973899841309,0.0,-5.392973899841309,5.392973899841309,-1.0,1.0,1.0,0.0,-1.0,1.0,,,False,True,False,37502.15234375,0.0
dev_val,digital_1,all_attacks,heldout_primary,ukraine-NF-1106,iphone15pro,train/attack/digital_1/iphone15pro/ukraine-NF-1106.jpg,1,0.00392156862745098,1.0,0.000980392156862745,0.25,10,0.0039215851575136185,0.0,1.0,0.9999947547912598,5.245208740234375e-06,1.842069110580269e-07,12.15903091430664,-15.507205963134766,True,False,True,0.12802782654762268,0.7669350504875183,0.0,-0.7669350504875183,0.7669350504875183,-1.0,1.0,5.990377902984619,0.0,-5.990377902984619,5.990377902984619,-1.0,1.0,1.0,0.0,-1.0,1.0,,,False,True,False,36187.7109375,0.0
dev_val,digital_1,all_attacks,heldout_primary,ukraine-NF-1106,scan,train/attack/digital_1/scan/ukraine-NF-1106.jpg,1,0.00392156862745098,1.0,0.000980392156862745,0.25,10,0.0039215851575136185,0.0,1.0,0.999987006187439,1.2993812561035156e-05,2.6297861040802673e-05,11.25399398803711,-10.54599666595459,True,False,True,0.1354539841413498,0.6914839744567871,0.2599600851535797,-0.4315238893032074,0.4315238893032074,-0.6240547941001843,0.6240547941001843,5.104936599731445,1.9191763401031494,-3.185760259628296,3.185760259628296,-0.6240548138826815,0.6240548138826815,1.0,0.0,-1.0,1.0,0.3426797389984131,0.8011817336082458,False,False,True,43245.84765625,6705.50439453125
dev_val,digital_1,all_attacks,heldout_primary,usa-034_03,huawei,train/attack/digital_1/huawei/usa-034_03.jpg,1,0.00392156862745098,1.0,0.000980392156862745,0.25,10,0.0039215851575136185,0.0,1.0,0.9999996423721313,3.5762786865234375e-07,9.394221223146815e-08,14.7531099319458,-16.180585861206055,True,False,True,0.1514929234981537,0.7160604000091553,0.3413720428943634,-0.37468835711479187,0.37468835711479187,-0.5232636200940608,0.5232636200940608,4.726691722869873,2.2533860206604004,-2.4733057022094727,2.4733057022094727,-0.5232635947553974,0.5232635947553974,1.0,0.0,-1.0,1.0,0.19658319652080536,0.9067367315292358,False,False,True,37979.5,2754.0439453125
dev_val,digital_1,all_attacks,heldout_primary,usa-034_03,iphone15pro,train/attack/digital_1/iphone15pro/usa-034_03.jpg,1,0.00392156862745098,1.0,0.000980392156862745,0.25,10,0.0039215851575136185,0.0,1.0,0.9999998807907104,1.1920928955078125e-07,1.960451299964916e-06,16.023212432861328,-13.142333984375,True,False,True,0.1472880244255066,0.7454904317855835,0.40686196088790894,-0.33862847089767456,0.33862847089767456,-0.4542358378585739,0.4542358378585739,5.061446189880371,2.7623558044433594,-2.2990903854370117,2.2990903854370117,-0.45423586445188535,0.45423586445188535,1.0,1.0,0.0,0.0,0.22024422883987427,0.9010106921195984,False,False,True,39416.8671875,4008.58154296875
dev_val,digital_1,all_attacks,heldout_primary,usa-034_03,scan,train/attack/digital_1/scan/usa-034_03.jpg,1,0.00392156862745098,1.0,0.000980392156862745,0.25,10,0.0039215851575136185,0.0,1.0,0.9999998807907104,1.1920928955078125e-07,1.2965936548425816e-05,15.950336456298828,-11.253171920776367,True,False,True,0.1539306640625,0.7242763042449951,0.17644932866096497,-0.5478269755840302,0.5478269755840302,-0.7563784323375036,0.7563784323375036,4.705211162567139,1.1462910175323486,-3.55892014503479,3.55892014503479,-0.7563784115255439,0.7563784115255439,1.0,1.0,0.0,0.0,0.1845552921295166,0.9194426536560059,False,False,True,36178.03125,4444.4287109375
dev_val,digital_1,all_attacks,heldout_primary,usa-067_03,huawei,train/attack/digital_1/huawei/usa-067_03.jpg,1,0.00392156862745098,1.0,0.000980392156862745,0.25,10,0.0039215851575136185,0.0,1.0,0.9998929500579834,0.00010704994201660156,8.877674986251805e-07,9.142370223999023,-13.934555053710938,True,False,True,0.14398513734340668,0.7579701542854309,0.0,-0.7579701542854309,0.7579701542854309,-1.0,1.0,5.264225006103516,0.0,-5.264225006103516,5.264225006103516,-1.0,1.0,1.0,0.0,-1.0,1.0,,,False,True,False,32813.6328125,0.0
dev_val,digital_1,all_attacks,heldout_primary,usa-067_03,iphone15pro,train/attack/digital_1/iphone15pro/usa-067_03.jpg,1,0.00392156862745098,1.0,0.000980392156862745,0.25,10,0.0039215851575136185,0.0,1.0,0.9999997615814209,2.384185791015625e-07,0.00018787784210871905,15.327251434326172,-8.579530715942383,True,False,True,0.142734095454216,0.6739467978477478,0.3451221287250519,-0.3288246691226959,0.3288246691226959,-0.4879089420304377,0.4879089420304377,4.721694469451904,2.4179375171661377,-2.3037569522857666,2.3037569522857666,-0.48790894184078526,0.48790894184078526,1.0,1.0,0.0,0.0,0.2397143840789795,0.8620157241821289,False,False,True,39933.4375,2785.2421875
dev_val,digital_1,all_attacks,heldout_primary,usa-067_03,scan,train/attack/digital_1/scan/usa-067_03.jpg,1,0.00392156862745098,1.0,0.000980392156862745,0.25,10,0.0039215851575136185,0.0,1.0,0.9999998807907104,1.1920928955078125e-07,0.00014008044672664255,16.334701538085938,-8.873153686523438,True,False,True,0.13996441662311554,0.6872612833976746,0.4963013529777527,-0.19095993041992188,0.19095993041992188,-0.2778563772366986,0.2778563772366986,4.910256862640381,3.5459108352661133,-1.3643460273742676,1.3643460273742676,-0.2778563455111432,0.2778563455111432,1.0,1.0,0.0,0.0,0.1877102255821228,0.9177167415618896,False,False,True,38157.625,3390.064453125
dev_val,digital_1,all_attacks,heldout_primary,usa-NF-1036,huawei,train/attack/digital_1/huawei/usa-NF-1036.jpg,1,0.00392156862745098,1.0,0.000980392156862745,0.25,10,0.0039215851575136185,0.0,1.0,0.9999963045120239,3.6954879760742188e-06,8.5259091520129e-07,12.502520561218262,-13.974985122680664,True,False,True,0.19751833379268646,0.6775191426277161,0.44690829515457153,-0.23061084747314453,0.23061084747314453,-0.340375397481368,0.340375397481368,3.4301583766937256,2.2626168727874756,-1.16754150390625,1.16754150390625,-0.34037539252972465,0.34037539252972465,1.0,1.0,0.0,0.0,0.35778236389160156,0.8647992610931396,False,False,True,40918.4140625,3651.0546875
dev_val,digital_1,all_attacks,heldout_primary,usa-NF-1036,iphone15pro,train/attack/digital_1/iphone15pro/usa-NF-1036.jpg,1,0.00392156862745098,1.0,0.000980392156862745,0.25,10,0.0039215851575136185,0.0,1.0,0.9999988079071045,1.1920928955078125e-06,4.338043072493747e-05,13.618523597717285,-10.045458793640137,True,False,True,0.19874148070812225,0.7573992013931274,0.0,-0.7573992013931274,0.7573992013931274,-1.0,1.0,3.810976982116699,0.0,-3.810976982116699,3.810976982116699,-1.0,1.0,1.0,0.0,-1.0,1.0,,,False,True,False,40019.2734375,0.0
dev_val,digital_1,all_attacks,heldout_primary,usa-NF-1036,scan,train/attack/digital_1/scan/usa-NF-1036.jpg,1,0.00392156862745098,1.0,0.000980392156862745,0.25,10,0.0039215851575136185,0.0,1.0,0.9999992847442627,7.152557373046875e-07,0.0004401978221721947,14.216180801391602,-7.727846145629883,True,False,True,0.2014736384153366,0.6736665368080139,0.18446005880832672,-0.4892064779996872,0.4892064779996872,-0.7261849168249611,0.7261849168249611,3.343695640563965,0.9155543446540833,-2.4281412959098816,2.4281412959098816,-0.7261849034502251,0.7261849034502251,1.0,1.0,0.0,0.0,0.3020531237125397,0.8465001583099365,False,False,True,42363.9375,5612.6015625
dev_val,digital_1,all_attacks,heldout_primary,usa-NF-1065,huawei,train/attack/digital_1/huawei/usa-NF-1065.jpg,1,0.00392156862745098,1.0,0.000980392156862745,0.25,10,0.0039215851575136185,0.0,1.0,0.9999979734420776,2.0265579223632812e-06,1.7571282739936578e-07,13.080385208129883,-15.554414749145508,True,False,True,0.24263493716716766,0.806514322757721,0.40176135301589966,-0.4047529697418213,0.4047529697418213,-0.5018546581514464,0.5018546581514464,3.3239824771881104,1.655826449394226,-1.6681560277938843,1.6681560277938843,-0.5018546395000988,0.5018546395000988,1.0,1.0,0.0,0.0,0.21052643656730652,0.9209139943122864,False,False,True,35672.0859375,2293.290283203125
dev_val,digital_1,all_attacks,heldout_primary,usa-NF-1065,iphone15pro,train/attack/digital_1/iphone15pro/usa-NF-1065.jpg,1,0.00392156862745098,1.0,0.000980392156862745,0.25,10,0.0039215851575136185,0.0,1.0,1.0,0.0,0.0003009274951182306,18.633258819580078,-8.1083402633667,True,False,True,0.2516860365867615,0.820431649684906,0.46589094400405884,-0.35454070568084717,0.35454070568084717,-0.43213923526354897,0.43213923526354897,3.259742259979248,1.8510797023773193,-1.4086625576019287,1.4086625576019287,-0.43213924453367564,0.43213924453367564,1.0,1.0,0.0,0.0,0.180927112698555,0.9469597339630127,False,False,True,36660.1484375,1785.0892333984375
dev_val,digital_1,all_attacks,heldout_primary,usa-NF-1065,scan,train/attack/digital_1/scan/usa-NF-1065.jpg,1,0.00392156862745098,1.0,0.000980392156862745,0.25,10,0.0039215851575136185,0.0,1.0,1.0,0.0,0.000503242074046284,20.500991821289062,-7.593935966491699,True,False,True,0.24654024839401245,0.7862658500671387,0.18329139053821564,-0.602974459528923,0.602974459528923,-0.7668836939534325,0.7668836939534325,3.1891987323760986,0.7434542179107666,-2.445744514465332,2.445744514465332,-0.7668836970354433,0.7668836970354433,1.0,1.0,0.0,0.0,0.28329038619995117,0.829776406288147,False,False,True,37807.8046875,8359.021484375
dev_val,digital_1,all_attacks,heldout_primary,usa-NF-1076,huawei,train/attack/digital_1/huawei/usa-NF-1076.jpg,1,0.00392156862745098,1.0,0.000980392156862745,0.25,10,0.0039215851575136185,0.0,1.0,0.9999803304672241,1.9669532775878906e-05,2.3034592686599353e-06,10.836880683898926,-12.981096267700195,True,False,True,0.299313485622406,0.612699568271637,0.19914481043815613,-0.41355475783348083,0.41355475783348083,-0.6749715182598817,0.6749715182598817,2.0470163822174072,0.6653386354446411,-1.3816777467727661,1.3816777467727661,-0.6749715140413676,0.6749715140413676,1.0,1.0,0.0,0.0,0.4071199893951416,0.85882568359375,False,False,True,42630.74609375,3837.494384765625
dev_val,digital_1,all_attacks,heldout_primary,usa-NF-1076,iphone15pro,train/attack/digital_1/iphone15pro/usa-NF-1076.jpg,1,0.00392156862745098,1.0,0.000980392156862745,0.25,10,0.0039215851575136185,0.0,1.0,0.999997615814209,2.384185791015625e-06,0.0001543505786685273,12.922189712524414,-8.776129722595215,True,False,True,0.3010009825229645,0.832549512386322,0.0,-0.832549512386322,0.832549512386322,-1.0,1.0,2.7659361362457275,0.0,-2.7659361362457275,2.7659361362457275,-1.0,1.0,1.0,0.0,-1.0,1.0,,,False,True,False,33535.44921875,0.0
dev_val,digital_1,all_attacks,heldout_primary,usa-NF-1076,scan,train/attack/digital_1/scan/usa-NF-1076.jpg,1,0.00392156862745098,1.0,0.000980392156862745,0.25,10,0.0039215851575136185,0.0,1.0,0.9999996423721313,3.5762786865234375e-07,0.0002922959974966943,14.791960716247559,-8.137451171875,True,False,True,0.3055550158023834,0.7226588129997253,0.14250482618808746,-0.5801539868116379,0.5801539868116379,-0.8028048317897679,0.8028048317897679,2.3650693893432617,0.46638023853302,-1.8986891508102417,1.8986891508102417,-0.8028048392007113,0.8028048392007113,1.0,1.0,0.0,0.0,0.34025973081588745,0.8530272841453552,False,False,True,34373.63671875,6246.8076171875
dev_val,digital_1,all_attacks,heldout_primary,usa-NM-1038,huawei,train/attack/digital_1/huawei/usa-NM-1038.jpg,1,0.00392156862745098,1.0,0.000980392156862745,0.25,10,0.0039215851575136185,0.0,0.9912109375,0.9910842180252075,0.00012671947479248047,1.4382890185515862e-06,4.7109785079956055,-13.452054977416992,True,False,True,0.1865978240966797,0.37384283542633057,0.3563319742679596,-0.01751086115837097,0.01751086115837097,-0.04684016784326381,0.04684016784326381,2.0034682750701904,1.90962553024292,-0.09384274482727051,0.09384274482727051,-0.046840145159764396,0.046840145159764396,1.0,1.0,0.0,0.0,0.814038872718811,0.5393555164337158,False,False,True,19010.818359375,6581.19873046875
dev_val,digital_1,all_attacks,heldout_primary,usa-NM-1038,iphone15pro,train/attack/digital_1/iphone15pro/usa-NM-1038.jpg,1,0.00392156862745098,1.0,0.000980392156862745,0.25,10,0.0039215851575136185,0.0,1.0,0.9999761581420898,2.384185791015625e-05,0.0003518774174153805,10.641637802124023,-7.951875686645508,True,False,True,0.1938086599111557,0.5491321682929993,0.2724827229976654,-0.27664944529533386,0.27664944529533386,-0.5037939156893876,0.5037939156893876,2.8333725929260254,1.4059367179870605,-1.4274358749389648,1.4274358749389648,-0.5037939163041212,0.5037939163041212,1.0,1.0,0.0,0.0,0.7608934640884399,0.5345034003257751,False,False,True,34605.05078125,11554.9306640625
dev_val,digital_1,all_attacks,heldout_primary,usa-NM-1038,scan,train/attack/digital_1/scan/usa-NM-1038.jpg,1,0.00392156862745098,1.0,0.000980392156862745,0.25,10,0.0039215851575136185,0.0,1.0,0.9997962117195129,0.00020378828048706055,0.0001970466983038932,8.49832820892334,-8.531872749328613,True,False,True,0.1930936872959137,0.6573843955993652,0.3324435353279114,-0.32494086027145386,0.32494086027145386,-0.4942935403496937,0.4942935403496937,3.4044840335845947,1.7216695547103882,-1.6828144788742065,1.6828144788742065,-0.4942935441240312,0.4942935441240312,1.0,1.0,0.0,0.0,0.5810374021530151,0.7400796413421631,False,False,True,32835.828125,5987.3662109375
dev_val,digital_2,all_attacks,heldout_primary,arabic-024_03,huawei,train/attack/digital_2/huawei/arabic-024_03.jpg,1,0.00392156862745098,1.0,0.000980392156862745,0.25,10,0.0039215851575136185,0.0,1.0,0.9999984502792358,1.5497207641601562e-06,2.8560082228068495e-06,13.358124732971191,-12.766082763671875,True,False,True,0.0696895644068718,0.4196980595588684,0.0,-0.4196980595588684,0.4196980595588684,-1.0,1.0,6.022395133972168,0.0,-6.022395133972168,6.022395133972168,-1.0,1.0,0.0,0.0,0.0,0.0,,,False,True,False,30726.6484375,0.0
dev_val,digital_2,all_attacks,heldout_primary,arabic-024_03,iphone15pro,train/attack/digital_2/iphone15pro/arabic-024_03.jpg,1,0.00392156862745098,1.0,0.000980392156862745,0.25,10,0.0039215851575136185,0.0,1.0,0.9999992847442627,7.152557373046875e-07,3.0387229344341904e-05,14.236329078674316,-10.401457786560059,True,False,True,0.06931305676698685,0.44607827067375183,0.0,-0.44607827067375183,0.44607827067375183,-1.0,1.0,6.435703277587891,0.0,-6.435703277587891,6.435703277587891,-1.0,1.0,1.0,0.0,-1.0,1.0,,,False,True,False,35257.109375,0.0
dev_val,digital_2,all_attacks,heldout_primary,arabic-024_03,scan,train/attack/digital_2/scan/arabic-024_03.jpg,1,0.00392156862745098,1.0,0.000980392156862745,0.25,10,0.0039215851575136185,0.0,1.0,0.9999996423721313,3.5762786865234375e-07,1.2383286048134323e-05,14.927652359008789,-11.299150466918945,True,False,True,0.068115234375,0.42420586943626404,0.0,-0.42420586943626404,0.42420586943626404,-1.0,1.0,6.2277679443359375,0.0,-6.2277679443359375,6.2277679443359375,-1.0,1.0,1.0,0.0,-1.0,1.0,,,False,True,False,32345.7109375,0.0
dev_val,digital_2,all_attacks,heldout_primary,arabic-120_03,huawei,train/attack/digital_2/huawei/arabic-120_03.jpg,1,0.00392156862745098,1.0,0.000980392156862745,0.25,10,0.0039215851575136185,0.0,1.0,0.9999915361404419,8.463859558105469e-06,2.2101676222519018e-06,11.684938430786133,-13.022439956665039,True,False,True,0.08492442220449448,0.5585654973983765,0.0,-0.5585654973983765,0.5585654973983765,-1.0,1.0,6.577207088470459,0.0,-6.577207088470459,6.577207088470459,-1.0,1.0,1.0,0.0,-1.0,1.0,,,False,True,False,32089.81640625,0.0
dev_val,digital_2,all_attacks,heldout_primary,arabic-120_03,iphone15pro,train/attack/digital_2/iphone15pro/arabic-120_03.jpg,1,0.00392156862745098,1.0,0.000980392156862745,0.25,10,0.0039215851575136185,0.0,1.0,0.9999790191650391,2.09808349609375e-05,4.804235231858911e-06,10.771982192993164,-12.246007919311523,True,False,True,0.08251234889030457,0.5812150239944458,0.0,-0.5812150239944458,0.5812150239944458,-1.0,1.0,7.043976306915283,0.0,-7.043976306915283,7.043976306915283,-1.0,1.0,1.0,0.0,-1.0,1.0,,,False,True,False,32787.625,0.0
dev_val,digital_2,all_attacks,heldout_primary,arabic-120_03,scan,train/attack/digital_2/scan/arabic-120_03.jpg,1,0.00392156862745098,1.0,0.000980392156862745,0.25,10,0.0039215851575136185,0.0,1.0,0.9999959468841553,4.0531158447265625e-06,1.6734711607568897e-05,12.410652160644531,-10.998008728027344,True,False,True,0.08828268200159073,0.579150378704071,0.0,-0.579150378704071,0.579150378704071,-1.0,1.0,6.5601806640625,0.0,-6.5601806640625,6.5601806640625,-1.0,1.0,1.0,0.0,-1.0,1.0,,,False,True,False,34237.8828125,0.0
dev_val,digital_2,all_attacks,heldout_primary,arabic-NF-1048,huawei,train/attack/digital_2/huawei/arabic-NF-1048.jpg,1,0.00392156862745098,1.0,0.000980392156862745,0.25,10,0.0039215851575136185,0.0,1.0,0.9999995231628418,4.76837158203125e-07,2.606583393571782e-06,14.541788101196289,-12.857467651367188,True,False,True,0.11070948094129562,0.6653338670730591,0.0,-0.6653338670730591,0.6653338670730591,-1.0,1.0,6.009727954864502,0.0,-6.009727954864502,6.009727954864502,-1.0,1.0,1.0,0.0,-1.0,1.0,,,False,True,False,33745.65625,0.0
dev_val,digital_2,all_attacks,heldout_primary,arabic-NF-1048,iphone15pro,train/attack/digital_2/iphone15pro/arabic-NF-1048.jpg,1,0.00392156862745098,1.0,0.000980392156862745,0.25,10,0.0039215851575136185,0.0,1.0,0.9999997615814209,2.384185791015625e-07,4.679195990320295e-05,15.32706069946289,-9.969752311706543,True,False,True,0.10856255888938904,0.7031968235969543,0.0,-0.7031968235969543,0.7031968235969543,-1.0,1.0,6.477342128753662,0.0,-6.477342128753662,6.477342128753662,-1.0,1.0,1.0,0.0,-1.0,1.0,,,False,True,False,34322.703125,0.0
dev_val,digital_2,all_attacks,heldout_primary,arabic-NF-1048,scan,train/attack/digital_2/scan/arabic-NF-1048.jpg,1,0.00392156862745098,1.0,0.000980392156862745,0.25,10,0.0039215851575136185,0.0,1.0,0.9999825954437256,1.7404556274414062e-05,4.71871908303001e-06,10.958327293395996,-12.263968467712402,True,False,True,0.10504157841205597,0.6488408446311951,0.0,-0.6488408446311951,0.6488408446311951,-1.0,1.0,6.176990509033203,0.0,-6.176990509033203,6.176990509033203,-1.0,1.0,0.0,0.0,0.0,0.0,,,False,True,False,28789.619140625,0.0
dev_val,digital_2,all_attacks,heldout_primary,arabic-NF-1098,huawei,train/attack/digital_2/huawei/arabic-NF-1098.jpg,1,0.00392156862745098,1.0,0.000980392156862745,0.25,10,0.0039215851575136185,0.0,1.0,0.9999998807907104,1.1920928955078125e-07,5.146509920450626e-07,16.456567764282227,-14.479776382446289,True,False,True,0.11667602509260178,0.5859412550926208,0.0,-0.5859412550926208,0.5859412550926208,-1.0,1.0,5.021950721740723,0.0,-5.021950721740723,5.021950721740723,-1.0,1.0,1.0,0.0,-1.0,1.0,,,False,True,False,38702.5234375,0.0
dev_val,digital_2,all_attacks,heldout_primary,arabic-NF-1098,iphone15pro,train/attack/digital_2/iphone15pro/arabic-NF-1098.jpg,1,0.00392156862745098,1.0,0.000980392156862745,0.25,10,0.0039215851575136185,0.0,1.0,1.0,0.0,3.3917582186404616e-05,17.806415557861328,-10.291543006896973,True,False,True,0.12296510487794876,0.5575840473175049,0.0,-0.5575840473175049,0.5575840473175049,-1.0,1.0,4.53449010848999,0.0,-4.53449010848999,4.53449010848999,-1.0,1.0,1.0,0.0,-1.0,1.0,,,False,True,False,50923.390625,0.0
dev_val,digital_2,all_attacks,heldout_primary,arabic-NF-1098,scan,train/attack/digital_2/scan/arabic-NF-1098.jpg,1,0.00392156862745098,1.0,0.000980392156862745,0.25,10,0.0039215851575136185,0.0,1.0,0.9999998807907104,1.1920928955078125e-07,3.1146403216553153e-06,16.011314392089844,-12.679393768310547,True,False,True,0.12067504972219467,0.5500797033309937,0.0,-0.5500797033309937,0.5500797033309937,-1.0,1.0,4.55835485458374,0.0,-4.55835485458374,4.55835485458374,-1.0,1.0,1.0,0.0,-1.0,1.0,,,False,True,False,41821.9375,0.0
dev_val,digital_2,all_attacks,heldout_primary,arabic-NM-1090,huawei,train/attack/digital_2/huawei/arabic-NM-1090.jpg,1,0.00392156862745098,1.0,0.000980392156862745,0.25,10,0.0039215851575136185,0.0,1.0,1.0,0.0,5.752983270213008e-06,18.09723472595215,-12.065786361694336,True,False,True,0.14355704188346863,0.7822810411453247,0.0,-0.7822810411453247,0.7822810411453247,-1.0,1.0,5.449269771575928,0.0,-5.449269771575928,5.449269771575928,-1.0,1.0,1.0,0.0,-1.0,1.0,,,False,True,False,38215.3671875,0.0
dev_val,digital_2,all_attacks,heldout_primary,arabic-NM-1090,iphone15pro,train/attack/digital_2/iphone15pro/arabic-NM-1090.jpg,1,0.00392156862745098,1.0,0.000980392156862745,0.25,10,0.0039215851575136185,0.0,1.0,0.9999997615814209,2.384185791015625e-07,2.0254647097317502e-05,15.445188522338867,-10.807106018066406,True,False,True,0.11594881117343903,0.7658517360687256,0.0,-0.7658517360687256,0.7658517360687256,-1.0,1.0,6.6050848960876465,0.0,-6.6050848960876465,6.6050848960876465,-1.0,1.0,1.0,0.0,-1.0,1.0,,,False,True,False,33816.6171875,0.0
dev_val,digital_2,all_attacks,heldout_primary,arabic-NM-1090,scan,train/attack/digital_2/scan/arabic-NM-1090.jpg,1,0.00392156862745098,1.0,0.000980392156862745,0.25,10,0.0039215851575136185,0.0,1.0,1.0,0.0,1.6735286408220418e-05,16.67501449584961,-10.997974395751953,True,False,True,0.13180366158485413,0.7636765837669373,0.0,-0.7636765837669373,0.7636765837669373,-1.0,1.0,5.794046878814697,0.0,-5.794046878814697,5.794046878814697,-1.0,1.0,1.0,0.0,-1.0,1.0,,,False,True,False,33452.65234375,0.0
dev_val,digital_2,all_attacks,heldout_primary,chinese-001_03,huawei,train/attack/digital_2/huawei/chinese-001_03.jpg,1,0.00392156862745098,1.0,0.000980392156862745,0.25,10,0.0039215851575136185,0.0,1.0,0.9999998807907104,1.1920928955078125e-07,8.814608065677021e-08,15.896641731262207,-16.24427032470703,True,False,True,0.084808349609375,0.5183495879173279,0.0,-0.5183495879173279,0.5183495879173279,-1.0,1.0,6.112011432647705,0.0,-6.112011432647705,6.112011432647705,-1.0,1.0,0.0,0.0,0.0,0.0,,,False,True,False,33716.9453125,0.0
dev_val,digital_2,all_attacks,heldout_primary,chinese-001_03,iphone15pro,train/attack/digital_2/iphone15pro/chinese-001_03.jpg,1,0.00392156862745098,1.0,0.000980392156862745,0.25,10,0.0039215851575136185,0.0,1.0,1.0,0.0,6.261016665121133e-07,17.232391357421875,-14.28375244140625,True,False,True,0.09087247401475906,0.5507606267929077,0.0,-0.5507606267929077,0.5507606267929077,-1.0,1.0,6.060807704925537,0.0,-6.060807704925537,6.060807704925537,-1.0,1.0,0.0,0.0,0.0,0.0,,,False,True,False,33240.00390625,0.0
dev_val,digital_2,all_attacks,heldout_primary,chinese-001_03,scan,train/attack/digital_2/scan/chinese-001_03.jpg,1,0.00392156862745098,1.0,0.000980392156862745,0.25,10,0.0039215851575136185,0.0,1.0,0.9999998807907104,1.1920928955078125e-07,3.0383612283912953e-06,15.662544250488281,-12.70418930053711,True,False,True,0.09042563289403915,0.5708378553390503,0.0,-0.5708378553390503,0.5708378553390503,-1.0,1.0,6.312788009643555,0.0,-6.312788009643555,6.312788009643555,-1.0,1.0,1.0,0.0,-1.0,1.0,,,False,True,False,32178.26171875,0.0
dev_val,digital_2,all_attacks,heldout_primary,chinese-113_03,huawei,train/attack/digital_2/huawei/chinese-113_03.jpg,1,0.00392156862745098,1.0,0.000980392156862745,0.25,10,0.0039215851575136185,0.0,1.0,0.9999812841415405,1.8715858459472656e-05,5.868257346719474e-08,10.884923934936523,-16.651123046875,True,False,True,0.07827651500701904,0.4820649325847626,0.0,-0.4820649325847626,0.4820649325847626,-1.0,1.0,6.158487319946289,0.0,-6.158487319946289,6.158487319946289,-1.0,1.0,1.0,0.0,-1.0,1.0,,,False,True,False,34652.3203125,0.0
dev_val,digital_2,all_attacks,heldout_primary,chinese-113_03,iphone15pro,train/attack/digital_2/iphone15pro/chinese-113_03.jpg,1,0.00392156862745098,1.0,0.000980392156862745,0.25,10,0.0039215851575136185,0.0,1.0,1.0,0.0,3.6420065043785144e-06,20.446426391601562,-12.522972106933594,True,False,True,0.07757076621055603,0.4708297550678253,0.0,-0.4708297550678253,0.4708297550678253,-1.0,1.0,6.069680213928223,0.0,-6.069680213928223,6.069680213928223,-1.0,1.0,0.0,0.0,0.0,0.0,,,False,True,False,35082.84765625,0.0
dev_val,digital_2,all_attacks,heldout_primary,chinese-113_03,scan,train/attack/digital_2/scan/chinese-113_03.jpg,1,0.00392156862745098,1.0,0.000980392156862745,0.25,10,0.0039215851575136185,0.0,1.0,0.999998927116394,1.0728836059570312e-06,2.681094656509231e-06,13.802001953125,-12.829282760620117,True,False,True,0.07661762088537216,0.45678332448005676,0.0,-0.45678332448005676,0.45678332448005676,-1.0,1.0,5.961857318878174,0.0,-5.961857318878174,5.961857318878174,-1.0,1.0,1.0,0.0,-1.0,1.0,,,False,True,False,34315.7890625,0.0
dev_val,digital_2,all_attacks,heldout_primary,chinese-142_03,huawei,train/attack/digital_2/huawei/chinese-142_03.jpg,1,0.00392156862745098,1.0,0.000980392156862745,0.25,10,0.0039215851575136185,0.0,1.0,1.0,0.0,3.829013905942702e-08,24.867904663085938,-17.078073501586914,True,False,True,0.08744929730892181,0.4896808862686157,0.0,-0.4896808862686157,0.4896808862686157,-1.0,1.0,5.599597930908203,0.0,-5.599597930908203,5.599597930908203,-1.0,1.0,1.0,0.0,-1.0,1.0,,,False,True,False,39805.1484375,0.0
dev_val,digital_2,all_attacks,heldout_primary,chinese-142_03,iphone15pro,train/attack/digital_2/iphone15pro/chinese-142_03.jpg,1,0.00392156862745098,1.0,0.000980392156862745,0.25,10,0.0039215851575136185,0.0,1.0,1.0,0.0,1.1764731411290086e-08,21.106502532958984,-18.258159637451172,True,False,True,0.08674386143684387,0.48600807785987854,0.0,-0.48600807785987854,0.48600807785987854,-1.0,1.0,5.602795124053955,0.0,-5.602795124053955,5.602795124053955,-1.0,1.0,1.0,0.0,-1.0,1.0,,,False,True,False,38897.4140625,0.0
dev_val,digital_2,all_attacks,heldout_primary,chinese-142_03,scan,train/attack/digital_2/scan/chinese-142_03.jpg,1,0.00392156862745098,1.0,0.000980392156862745,0.25,10,0.0039215851575136185,0.0,1.0,1.0,0.0,3.3093251659011003e-06,18.432758331298828,-12.618762969970703,True,False,True,0.08413718640804291,0.4816199839115143,0.0,-0.4816199839115143,0.4816199839115143,-1.0,1.0,5.724222660064697,0.0,-5.724222660064697,5.724222660064697,-1.0,1.0,1.0,0.0,-1.0,1.0,,,False,True,False,36352.7734375,0.0
dev_val,digital_2,all_attacks,heldout_primary,chinese-NF-1050,huawei,train/attack/digital_2/huawei/chinese-NF-1050.jpg,1,0.00392156862745098,1.0,0.000980392156862745,0.25,10,0.0039215851575136185,0.0,1.0,0.9999151229858398,8.487701416015625e-05,4.9241406507860574e-09,9.374155044555664,-19.12911605834961,True,False,True,0.18487079441547394,0.6269981861114502,0.0,-0.6269981861114502,0.6269981861114502,-1.0,1.0,3.3915481567382812,0.0,-3.3915481567382812,3.3915481567382812,-1.0,1.0,1.0,0.0,-1.0,1.0,,,False,True,False,43800.40625,0.0
dev_val,digital_2,all_attacks,heldout_primary,chinese-NF-1050,iphone15pro,train/attack/digital_2/iphone15pro/chinese-NF-1050.jpg,1,0.00392156862745098,1.0,0.000980392156862745,0.25,10,0.0039215851575136185,0.0,1.0,0.9999990463256836,9.5367431640625e-07,1.8106969434938947e-07,13.812732696533203,-15.524383544921875,True,False,True,0.2003243863582611,0.6258342266082764,0.0,-0.6258342266082764,0.6258342266082764,-1.0,1.0,3.1241040229797363,0.0,-3.1241040229797363,3.1241040229797363,-1.0,1.0,1.0,0.0,-1.0,1.0,,,False,True,False,40933.21484375,0.0
dev_val,digital_2,all_attacks,heldout_primary,chinese-NF-1050,scan,train/attack/digital_2/scan/chinese-NF-1050.jpg,1,0.00392156862745098,1.0,0.000980392156862745,0.25,10,0.0039215851575136185,0.0,1.0,0.9999994039535522,5.960464477539062e-07,3.135608039883664e-07,14.30259895324707,-14.975272178649902,True,False,True,0.18507888913154602,0.6722338795661926,0.0,-0.6722338795661926,0.6722338795661926,-1.0,1.0,3.632147789001465,0.0,-3.632147789001465,3.632147789001465,-1.0,1.0,1.0,0.0,-1.0,1.0,,,False,True,False,38971.421875,0.0
dev_val,digital_2,all_attacks,heldout_primary,chinese-NF-1085,huawei,train/attack/digital_2/huawei/chinese-NF-1085.jpg,1,0.00392156862745098,1.0,0.000980392156862745,0.25,10,0.0039215851575136185,0.0,1.0,1.0,0.0,2.4794928776827874e-08,20.18351173400879,-17.51262664794922,True,False,True,0.11540594696998596,0.5374221801757812,0.0,-0.5374221801757812,0.5374221801757812,-1.0,1.0,4.656797885894775,0.0,-4.656797885894775,4.656797885894775,-1.0,1.0,1.0,0.0,-1.0,1.0,,,False,True,False,47301.0390625,0.0
dev_val,digital_2,all_attacks,heldout_primary,chinese-NF-1085,iphone15pro,train/attack/digital_2/iphone15pro/chinese-NF-1085.jpg,1,0.00392156862745098,1.0,0.000980392156862745,0.25,10,0.0039215851575136185,0.0,1.0,1.0,0.0,7.448567771461967e-07,22.993824005126953,-14.11007308959961,True,False,True,0.12557458877563477,0.5493478178977966,0.0,-0.5493478178977966,0.5493478178977966,-1.0,1.0,4.374673366546631,0.0,-4.374673366546631,4.374673366546631,-1.0,1.0,1.0,0.0,-1.0,1.0,,,False,True,False,49992.98046875,0.0
dev_val,digital_2,all_attacks,heldout_primary,chinese-NF-1085,scan,train/attack/digital_2/scan/chinese-NF-1085.jpg,1,0.00392156862745098,1.0,0.000980392156862745,0.25,10,0.0039215851575136185,0.0,1.0,1.0,0.0,3.573898084141547e-06,21.03826141357422,-12.541850090026855,True,False,True,0.11876484006643295,0.5641192197799683,0.0,-0.5641192197799683,0.5641192197799683,-1.0,1.0,4.749884128570557,0.0,-4.749884128570557,4.749884128570557,-1.0,1.0,1.0,0.0,-1.0,1.0,0.10333377122879028,0.973604679107666,False,False,True,48892.0390625,1024.0
dev_val,digital_2,all_attacks,heldout_primary,chinese-NM-1092,huawei,train/attack/digital_2/huawei/chinese-NM-1092.jpg,1,0.00392156862745098,1.0,0.000980392156862745,0.25,10,0.0039215851575136185,0.0,1.0,0.9999992847442627,7.152557373046875e-07,1.606251842645179e-08,14.21078109741211,-17.94677734375,True,False,True,0.1235678642988205,0.7239036560058594,0.0,-0.7239036560058594,0.7239036560058594,-1.0,1.0,5.858348846435547,0.0,-5.858348846435547,5.858348846435547,-1.0,1.0,1.0,0.0,-1.0,1.0,,,False,True,False,34709.59375,0.0
dev_val,digital_2,all_attacks,heldout_primary,chinese-NM-1092,iphone15pro,train/attack/digital_2/iphone15pro/chinese-NM-1092.jpg,1,0.00392156862745098,1.0,0.000980392156862745,0.25,10,0.0039215851575136185,0.0,1.0,0.9999997615814209,2.384185791015625e-07,2.398536764758319e-07,15.351837158203125,-15.243236541748047,True,False,True,0.12636670470237732,0.7237062454223633,0.0,-0.7237062454223633,0.7237062454223633,-1.0,1.0,5.727032661437988,0.0,-5.727032661437988,5.727032661437988,-1.0,1.0,1.0,0.0,-1.0,1.0,,,False,True,False,35697.6171875,0.0
dev_val,digital_2,all_attacks,heldout_primary,chinese-NM-1092,scan,train/attack/digital_2/scan/chinese-NM-1092.jpg,1,0.00392156862745098,1.0,0.000980392156862745,0.25,10,0.0039215851575136185,0.0,1.0,0.9999592304229736,4.076957702636719e-05,3.7334442026804027e-07,10.106499671936035,-14.800764083862305,True,False,True,0.12616188824176788,0.7629271745681763,0.0,-0.7629271745681763,0.7629271745681763,-1.0,1.0,6.047207832336426,0.0,-6.047207832336426,6.047207832336426,-1.0,1.0,1.0,0.0,-1.0,1.0,,,False,True,False,31955.837890625,0.0
dev_val,digital_2,all_attacks,heldout_primary,french-019_03,huawei,train/attack/digital_2/huawei/french-019_03.jpg,1,0.00392156862745098,1.0,0.000980392156862745,0.25,10,0.0039215851575136185,0.0,1.0,0.9999998807907104,1.1920928955078125e-07,5.2527795446621894e-09,16.542524337768555,-19.06450843811035,True,False,True,0.07415559142827988,0.521047830581665,0.0,-0.521047830581665,0.521047830581665,-1.0,1.0,7.0264129638671875,0.0,-7.0264129638671875,7.0264129638671875,-1.0,1.0,1.0,0.0,-1.0,1.0,,,False,True,False,33035.91796875,0.0
dev_val,digital_2,all_attacks,heldout_primary,french-019_03,iphone15pro,train/attack/digital_2/iphone15pro/french-019_03.jpg,1,0.00392156862745098,1.0,0.000980392156862745,0.25,10,0.0039215851575136185,0.0,1.0,1.0,0.0,1.3275159290060401e-05,17.95698356628418,-11.229602813720703,True,False,True,0.06839568167924881,0.4402466118335724,0.0,-0.4402466118335724,0.4402466118335724,-1.0,1.0,6.436760425567627,0.0,-6.436760425567627,6.436760425567627,-1.0,1.0,0.0,0.0,0.0,0.0,,,False,True,False,38213.828125,0.0
dev_val,digital_2,all_attacks,heldout_primary,french-019_03,scan,train/attack/digital_2/scan/french-019_03.jpg,1,0.00392156862745098,1.0,0.000980392156862745,0.25,10,0.0039215851575136185,0.0,1.0,0.9999986886978149,1.3113021850585938e-06,1.60040997343458e-06,13.553678512573242,-13.34524917602539,True,False,True,0.06933356076478958,0.4441201686859131,0.0,-0.4441201686859131,0.4441201686859131,-1.0,1.0,6.405558109283447,0.0,-6.405558109283447,6.405558109283447,-1.0,1.0,0.0,0.0,0.0,0.0,,,False,True,False,36553.3203125,0.0
dev_val,digital_2,all_attacks,heldout_primary,french-114_03,huawei,train/attack/digital_2/huawei/french-114_03.jpg,1,0.00392156862745098,1.0,0.000980392156862745,0.25,10,0.0039215851575136185,0.0,1.0,1.0,0.0,2.3050047204264956e-08,22.010374069213867,-17.58559799194336,True,False,True,0.08308673650026321,0.5510367751121521,0.0,-0.5510367751121521,0.5510367751121521,-1.0,1.0,6.63206672668457,0.0,-6.63206672668457,6.63206672668457,-1.0,1.0,1.0,0.0,-1.0,1.0,,,False,True,False,39395.5546875,0.0
dev_val,digital_2,all_attacks,heldout_primary,french-114_03,iphone15pro,train/attack/digital_2/iphone15pro/french-114_03.jpg,1,0.00392156862745098,1.0,0.000980392156862745,0.25,10,0.0039215851575136185,0.0,1.0,1.0,0.0,1.998657353396993e-05,19.337013244628906,-10.820429801940918,True,False,True,0.08186162263154984,0.5764938592910767,0.0,-0.5764938592910767,0.5764938592910767,-1.0,1.0,7.042296886444092,0.0,-7.042296886444092,7.042296886444092,-1.0,1.0,1.0,0.0,-1.0,1.0,,,False,True,False,34029.30859375,0.0
dev_val,digital_2,all_attacks,heldout_primary,french-114_03,scan,train/attack/digital_2/scan/french-114_03.jpg,1,0.00392156862745098,1.0,0.000980392156862745,0.25,10,0.0039215851575136185,0.0,1.0,1.0,0.0,1.540738139738096e-06,19.753074645996094,-13.383247375488281,True,False,True,0.07827799767255783,0.5271488428115845,0.0,-0.5271488428115845,0.5271488428115845,-1.0,1.0,6.734316825866699,0.0,-6.734316825866699,6.734316825866699,-1.0,1.0,1.0,0.0,-1.0,1.0,,,False,True,False,36818.64453125,0.0
dev_val,digital_2,all_attacks,heldout_primary,french-124_03,huawei,train/attack/digital_2/huawei/french-124_03.jpg,1,0.00392156862745098,1.0,0.000980392156862745,0.25,10,0.0039215851575136185,0.0,1.0,0.9999603033065796,3.9696693420410156e-05,1.1182495818218285e-08,10.134724617004395,-18.308916091918945,True,False,True,0.07644921541213989,0.5102013349533081,0.0,-0.5102013349533081,0.5102013349533081,-1.0,1.0,6.673728942871094,0.0,-6.673728942871094,6.673728942871094,-1.0,1.0,1.0,0.0,-1.0,1.0,,,False,True,False,37360.40625,0.0
dev_val,digital_2,all_attacks,heldout_primary,french-124_03,iphone15pro,train/attack/digital_2/iphone15pro/french-124_03.jpg,1,0.00392156862745098,1.0,0.000980392156862745,0.25,10,0.0039215851575136185,0.0,1.0,1.0,0.0,2.8731354177580215e-05,21.207977294921875,-10.45749282836914,True,False,True,0.07500193268060684,0.45919036865234375,0.0,-0.45919036865234375,0.45919036865234375,-1.0,1.0,6.122380256652832,0.0,-6.122380256652832,6.122380256652832,-1.0,1.0,0.0,0.0,0.0,0.0,,,False,True,False,39050.75390625,0.0
dev_val,digital_2,all_attacks,heldout_primary,french-124_03,scan,train/attack/digital_2/scan/french-124_03.jpg,1,0.00392156862745098,1.0,0.000980392156862745,0.25,10,0.0039215851575136185,0.0,1.0,0.9999980926513672,1.9073486328125e-06,1.4759622217752622e-06,13.197809219360352,-13.426198959350586,True,False,True,0.08152267336845398,0.5377886891365051,0.0,-0.5377886891365051,0.5377886891365051,-1.0,1.0,6.596798896789551,0.0,-6.596798896789551,6.596798896789551,-1.0,1.0,0.0,0.0,0.0,0.0,,,False,True,False,34627.08984375,0.0
dev_val,digital_2,all_attacks,heldout_primary,french-128_03,huawei,train/attack/digital_2/huawei/french-128_03.jpg,1,0.00392156862745098,1.0,0.000980392156862745,0.25,10,0.0039215851575136185,0.0,1.0,0.999998927116394,1.0728836059570312e-06,9.672886847056361e-08,13.788505554199219,-16.15135383605957,True,False,True,0.06647928804159164,0.43299752473831177,0.0,-0.43299752473831177,0.43299752473831177,-1.0,1.0,6.513269901275635,0.0,-6.513269901275635,6.513269901275635,-1.0,1.0,0.0,0.0,0.0,0.0,,,False,True,False,35036.015625,0.0
dev_val,digital_2,all_attacks,heldout_primary,french-128_03,iphone15pro,train/attack/digital_2/iphone15pro/french-128_03.jpg,1,0.00392156862745098,1.0,0.000980392156862745,0.25,10,0.0039215851575136185,0.0,1.0,0.9998899698257446,0.0001100301742553711,1.1397787602618337e-06,9.115196228027344,-13.684675216674805,True,False,True,0.06855128705501556,0.4463808238506317,0.0,-0.4463808238506317,0.4463808238506317,-1.0,1.0,6.511632919311523,0.0,-6.511632919311523,6.511632919311523,-1.0,1.0,0.0,0.0,0.0,0.0,,,False,True,False,34744.5859375,0.0
dev_val,digital_2,all_attacks,heldout_primary,french-128_03,scan,train/attack/digital_2/scan/french-128_03.jpg,1,0.00392156862745098,1.0,0.000980392156862745,0.25,10,0.0039215851575136185,0.0,1.0,0.9999958276748657,4.172325134277344e-06,3.0721566872671247e-06,12.38243293762207,-12.693127632141113,True,False,True,0.07214877009391785,0.4452766478061676,0.0,-0.4452766478061676,0.4452766478061676,-1.0,1.0,6.171645641326904,0.0,-6.171645641326904,6.171645641326904,-1.0,1.0,0.0,0.0,0.0,0.0,,,False,True,False,36017.3828125,0.0
dev_val,digital_2,all_attacks,heldout_primary,french-NF-1047,huawei,train/attack/digital_2/huawei/french-NF-1047.jpg,1,0.00392156862745098,1.0,0.000980392156862745,0.25,10,0.0039215851575136185,0.0,1.0,1.0,0.0,1.1046251913171545e-08,21.786836624145508,-18.32117462158203,True,False,True,0.10469827055931091,0.691210925579071,0.74169921875,0.050488293170928955,-0.050488293170928955,0.07304325105774583,-0.07304325105774583,6.601932525634766,7.084158897399902,0.4822263717651367,-0.4822263717651367,0.0730432142244246,-0.0730432142244246,1.0,1.0,0.0,0.0,0.13485795259475708,0.9546803832054138,False,False,True,34527.359375,1024.0
dev_val,digital_2,all_attacks,heldout_primary,french-NF-1047,iphone15pro,train/attack/digital_2/iphone15pro/french-NF-1047.jpg,1,0.00392156862745098,1.0,0.000980392156862745,0.25,10,0.0039215851575136185,0.0,1.0,1.0,0.0,7.284921139216749e-06,29.23012924194336,-11.829696655273438,True,False,True,0.10888975113630295,0.636427104473114,0.0,-0.636427104473114,0.636427104473114,-1.0,1.0,5.844692230224609,0.0,-5.844692230224609,5.844692230224609,-1.0,1.0,1.0,0.0,-1.0,1.0,,,False,True,False,43184.453125,0.0
dev_val,digital_2,all_attacks,heldout_primary,french-NF-1047,scan,train/attack/digital_2/scan/french-NF-1047.jpg,1,0.00392156862745098,1.0,0.000980392156862745,0.25,10,0.0039215851575136185,0.0,1.0,1.0,0.0,4.278270353097469e-06,20.568782806396484,-12.361957550048828,True,False,True,0.11076600849628448,0.664252758026123,0.6287876963615417,-0.0354650616645813,0.0354650616645813,-0.05339091367865508,0.05339091367865508,5.996901035308838,5.67672061920166,-0.32018041610717773,0.32018041610717773,-0.053390978810889875,0.053390978810889875,0.0,0.0,0.0,0.0,0.2610175609588623,0.8972265720367432,False,False,True,33478.2421875,2040.736083984375
dev_val,digital_2,all_attacks,heldout_primary,french-NF-1082,huawei,train/attack/digital_2/huawei/french-NF-1082.jpg,1,0.00392156862745098,1.0,0.000980392156862745,0.25,10,0.0039215851575136185,0.0,0.994140625,0.9943284392356873,0.00018781423568725586,1.2338295718450354e-08,5.166595935821533,-18.21055793762207,True,False,True,0.09151551127433777,0.678248941898346,0.0,-0.678248941898346,0.678248941898346,-1.0,1.0,7.411300182342529,0.0,-7.411300182342529,7.411300182342529,-1.0,1.0,1.0,0.0,-1.0,1.0,,,False,True,False,28819.0234375,0.0
dev_val,digital_2,all_attacks,heldout_primary,french-NF-1082,iphone15pro,train/attack/digital_2/iphone15pro/french-NF-1082.jpg,1,0.00392156862745098,1.0,0.000980392156862745,0.25,10,0.0039215851575136185,0.0,1.0,0.9999971389770508,2.86102294921875e-06,3.089687379542738e-05,12.775957107543945,-10.384824752807617,True,False,True,0.09497100859880447,0.657852053642273,0.0,-0.657852053642273,0.657852053642273,-1.0,1.0,6.926872253417969,0.0,-6.926872253417969,6.926872253417969,-1.0,1.0,1.0,0.0,-1.0,1.0,,,False,True,False,36192.8828125,0.0
dev_val,digital_2,all_attacks,heldout_primary,french-NF-1082,scan,train/attack/digital_2/scan/french-NF-1082.jpg,1,0.00392156862745098,1.0,0.000980392156862745,0.25,10,0.0039215851575136185,0.0,0.99951171875,0.9996846914291382,0.0001729726791381836,9.725515610625735e-07,8.061653137207031,-13.843341827392578,True,False,True,0.08950314670801163,0.5933498740196228,0.0,-0.5933498740196228,0.5933498740196228,-1.0,1.0,6.6293745040893555,0.0,-6.6293745040893555,6.6293745040893555,-1.0,1.0,0.0,0.0,0.0,0.0,,,False,True,False,28073.8203125,0.0
dev_val,digital_2,all_attacks,heldout_primary,indian-014_03,huawei,train/attack/digital_2/huawei/indian-014_03.jpg,1,0.00392156862745098,1.0,0.000980392156862745,0.25,10,0.0039215851575136185,0.0,1.0,1.0,0.0,1.040966253640363e-06,19.514232635498047,-13.775360107421875,True,False,True,0.0677589625120163,0.2733648419380188,0.0,-0.2733648419380188,0.2733648419380188,-1.0,1.0,4.034371852874756,0.0,-4.034371852874756,4.034371852874756,-1.0,1.0,0.0,0.0,0.0,0.0,,,False,True,False,41784.6875,0.0
dev_val,digital_2,all_attacks,heldout_primary,indian-014_03,iphone15pro,train/attack/digital_2/iphone15pro/indian-014_03.jpg,1,0.00392156862745098,1.0,0.000980392156862745,0.25,10,0.0039215851575136185,0.0,1.0,1.0,0.0,2.0705740553239593e-06,18.55945587158203,-13.087682723999023,True,False,True,0.0644434317946434,0.27866795659065247,0.0,-0.27866795659065247,0.27866795659065247,-1.0,1.0,4.324225902557373,0.0,-4.324225902557373,4.324225902557373,-1.0,1.0,1.0,0.0,-1.0,1.0,,,False,True,False,40802.03125,0.0
dev_val,digital_2,all_attacks,heldout_primary,indian-014_03,scan,train/attack/digital_2/scan/indian-014_03.jpg,1,0.00392156862745098,1.0,0.000980392156862745,0.25,10,0.0039215851575136185,0.0,1.0,0.9999998807907104,1.1920928955078125e-07,2.0443312678253278e-05,15.63150691986084,-10.797834396362305,True,False,True,0.06871947646141052,0.3080116808414459,0.0,-0.3080116808414459,0.3080116808414459,-1.0,1.0,4.4821600914001465,0.0,-4.4821600914001465,4.4821600914001465,-1.0,1.0,0.0,0.0,0.0,0.0,,,False,True,False,36632.0546875,0.0
dev_val,digital_2,all_attacks,heldout_primary,indian-021_03,huawei,train/attack/digital_2/huawei/indian-021_03.jpg,1,0.00392156862745098,1.0,0.000980392156862745,0.25,10,0.0039215851575136185,0.0,1.0,0.9999997615814209,2.384185791015625e-07,2.6001132482633693e-06,15.531709671020508,-12.859952926635742,True,False,True,0.06717623025178909,0.3032606244087219,0.0,-0.3032606244087219,0.3032606244087219,-1.0,1.0,4.514403820037842,0.0,-4.514403820037842,4.514403820037842,-1.0,1.0,0.0,0.0,0.0,0.0,,,False,True,False,35419.80078125,0.0
dev_val,digital_2,all_attacks,heldout_primary,indian-021_03,iphone15pro,train/attack/digital_2/iphone15pro/indian-021_03.jpg,1,0.00392156862745098,1.0,0.000980392156862745,0.25,10,0.0039215851575136185,0.0,1.0,0.9999972581863403,2.7418136596679688e-06,4.784328211826505e-06,12.80360221862793,-12.250160217285156,True,False,True,0.048907991498708725,0.33174121379852295,0.0,-0.33174121379852295,0.33174121379852295,-1.0,1.0,6.782965183258057,0.0,-6.782965183258057,6.782965183258057,-1.0,1.0,0.0,0.0,0.0,0.0,,,False,True,False,31128.03515625,0.0
dev_val,digital_2,all_attacks,heldout_primary,indian-021_03,scan,train/attack/digital_2/scan/indian-021_03.jpg,1,0.00392156862745098,1.0,0.000980392156862745,0.25,10,0.0039215851575136185,0.0,1.0,0.9999908208847046,9.179115295410156e-06,6.293605838436633e-05,11.60115909576416,-9.673328399658203,True,False,True,0.04848387837409973,0.31036806106567383,0.0,-0.31036806106567383,0.31036806106567383,-1.0,1.0,6.4014692306518555,0.0,-6.4014692306518555,6.4014692306518555,-1.0,1.0,0.0,0.0,0.0,0.0,,,False,True,False,31224.05078125,0.0
dev_val,digital_2,all_attacks,heldout_primary,indian-NF-1061,huawei,train/attack/digital_2/huawei/indian-NF-1061.jpg,1,0.00392156862745098,1.0,0.000980392156862745,0.25,10,0.0039215851575136185,0.0,1.0,0.9999996423721313,3.5762786865234375e-07,1.5058489566399658e-08,14.727030754089355,-18.011323928833008,True,False,True,0.11168666929006577,0.5552310943603516,0.0,-0.5552310943603516,0.5552310943603516,-1.0,1.0,4.971328258514404,0.0,-4.971328258514404,4.971328258514404,-1.0,1.0,1.0,0.0,-1.0,1.0,,,False,True,False,31606.822265625,0.0
dev_val,digital_2,all_attacks,heldout_primary,indian-NF-1061,iphone15pro,train/attack/digital_2/iphone15pro/indian-NF-1061.jpg,1,0.00392156862745098,1.0,0.000980392156862745,0.25,10,0.0039215851575136185,0.0,1.0,1.0,0.0,9.133156709140167e-06,28.946144104003906,-11.60359001159668,True,False,True,0.11292325705289841,0.4930882751941681,0.0,-0.4930882751941681,0.4930882751941681,-1.0,1.0,4.366578578948975,0.0,-4.366578578948975,4.366578578948975,-1.0,1.0,0.0,0.0,0.0,0.0,,,False,True,False,49203.6640625,0.0
dev_val,digital_2,all_attacks,heldout_primary,indian-NF-1061,scan,train/attack/digital_2/scan/indian-NF-1061.jpg,1,0.00392156862745098,1.0,0.000980392156862745,0.25,10,0.0039215851575136185,0.0,1.0,0.9999997615814209,2.384185791015625e-07,3.9369682781398296e-05,15.452537536621094,-10.142475128173828,True,False,True,0.11605849862098694,0.5541387796401978,0.0,-0.5541387796401978,0.5541387796401978,-1.0,1.0,4.774650573730469,0.0,-4.774650573730469,4.774650573730469,-1.0,1.0,1.0,0.0,-1.0,1.0,,,False,True,False,28796.833984375,0.0
dev_val,digital_2,all_attacks,heldout_primary,persian-144_03,huawei,train/attack/digital_2/huawei/persian-144_03.jpg,1,0.00392156862745098,1.0,0.000980392156862745,0.25,10,0.0039215851575136185,0.0,1.0,0.9999996423721313,3.5762786865234375e-07,1.5967024182828027e-06,15.015308380126953,-13.34756851196289,True,False,True,0.06455279886722565,0.4866067171096802,0.0,-0.4866067171096802,0.4866067171096802,-1.0,1.0,7.538119792938232,0.0,-7.538119792938232,7.538119792938232,-1.0,1.0,0.0,0.0,0.0,0.0,,,False,True,False,31274.05859375,0.0
dev_val,digital_2,all_attacks,heldout_primary,persian-144_03,iphone15pro,train/attack/digital_2/iphone15pro/persian-144_03.jpg,1,0.00392156862745098,1.0,0.000980392156862745,0.25,10,0.0039215851575136185,0.0,1.0,0.9999997615814209,2.384185791015625e-07,0.0008053550845943391,15.199592590332031,-7.123421669006348,True,False,True,0.06479492038488388,0.5173605680465698,0.0,-0.5173605680465698,0.5173605680465698,-1.0,1.0,7.984585285186768,0.0,-7.984585285186768,7.984585285186768,-1.0,1.0,0.0,0.0,0.0,0.0,,,False,True,False,28907.12109375,0.0
dev_val,digital_2,all_attacks,heldout_primary,persian-144_03,scan,train/attack/digital_2/scan/persian-144_03.jpg,1,0.00392156862745098,1.0,0.000980392156862745,0.25,10,0.0039215851575136185,0.0,1.0,0.9999991655349731,8.344650268554688e-07,0.00029860998620279133,14.017131805419922,-8.116073608398438,True,False,True,0.06428380310535431,0.5021128058433533,0.0,-0.5021128058433533,0.5021128058433533,-1.0,1.0,7.810875415802002,0.0,-7.810875415802002,7.810875415802002,-1.0,1.0,0.0,0.0,0.0,0.0,,,False,True,False,28854.45703125,0.0
dev_val,digital_2,all_attacks,heldout_primary,persian-NF-1018,huawei,train/attack/digital_2/huawei/persian-NF-1018.jpg,1,0.00392156862745098,1.0,0.000980392156862745,0.25,10,0.0039215851575136185,0.0,1.0,0.9999986886978149,1.3113021850585938e-06,1.7822931113187224e-06,13.515466690063477,-13.237607955932617,True,False,True,0.09060055762529373,0.6072325110435486,0.0,-0.6072325110435486,0.6072325110435486,-1.0,1.0,6.702304363250732,0.0,-6.702304363250732,6.702304363250732,-1.0,1.0,0.0,0.0,0.0,0.0,,,False,True,False,28557.65234375,0.0
dev_val,digital_2,all_attacks,heldout_primary,persian-NF-1018,iphone15pro,train/attack/digital_2/iphone15pro/persian-NF-1018.jpg,1,0.00392156862745098,1.0,0.000980392156862745,0.25,10,0.0039215851575136185,0.0,1.0,0.9999998807907104,1.1920928955078125e-07,1.806585532904137e-05,16.045886993408203,-10.921468734741211,True,False,True,0.09188432991504669,0.601982057094574,0.0,-0.601982057094574,0.601982057094574,-1.0,1.0,6.551520347595215,0.0,-6.551520347595215,6.551520347595215,-1.0,1.0,0.0,0.0,0.0,0.0,,,False,True,False,32397.791015625,0.0
dev_val,digital_2,all_attacks,heldout_primary,persian-NF-1018,scan,train/attack/digital_2/scan/persian-NF-1018.jpg,1,0.00392156862745098,1.0,0.000980392156862745,0.25,10,0.0039215851575136185,0.0,1.0,0.9999992847442627,7.152557373046875e-07,3.207533518434502e-05,14.152227401733398,-10.347391128540039,True,False,True,0.09226609766483307,0.6203847527503967,0.0,-0.6203847527503967,0.6203847527503967,-1.0,1.0,6.723864555358887,0.0,-6.723864555358887,6.723864555358887,-1.0,1.0,0.0,0.0,0.0,0.0,,,False,True,False,33047.76953125,0.0
dev_val,digital_2,all_attacks,heldout_primary,persian-NF-1097,huawei,train/attack/digital_2/huawei/persian-NF-1097.jpg,1,0.00392156862745098,1.0,0.000980392156862745,0.25,10,0.0039215851575136185,0.0,1.0,0.9999734163284302,2.658367156982422e-05,4.244583578838501e-06,10.536502838134766,-12.36986255645752,True,False,True,0.08321204781532288,0.6513481736183167,0.0,-0.6513481736183167,0.6513481736183167,-1.0,1.0,7.827570915222168,0.0,-7.827570915222168,7.827570915222168,-1.0,1.0,1.0,0.0,-1.0,1.0,,,False,True,False,32089.314453125,0.0
dev_val,digital_2,all_attacks,heldout_primary,persian-NF-1097,iphone15pro,train/attack/digital_2/iphone15pro/persian-NF-1097.jpg,1,0.00392156862745098,1.0,0.000980392156862745,0.25,10,0.0039215851575136185,0.0,0.99951171875,0.9997045397758484,0.00019282102584838867,1.1245571158724488e-06,8.126967430114746,-13.6981201171875,True,False,True,0.0897689089179039,0.6434244513511658,0.0,-0.6434244513511658,0.6434244513511658,-1.0,1.0,7.167564392089844,0.0,-7.167564392089844,7.167564392089844,-1.0,1.0,1.0,0.0,-1.0,1.0,,,False,True,False,35021.765625,0.0
dev_val,digital_2,all_attacks,heldout_primary,persian-NF-1097,scan,train/attack/digital_2/scan/persian-NF-1097.jpg,1,0.00392156862745098,1.0,0.000980392156862745,0.25,10,0.0039215851575136185,0.0,1.0,0.9999673366546631,3.266334533691406e-05,2.4775208657956682e-05,10.330251693725586,-10.605642318725586,True,False,True,0.09299349039793015,0.6855484247207642,0.0,-0.6855484247207642,0.6855484247207642,-1.0,1.0,7.372004508972168,0.0,-7.372004508972168,7.372004508972168,-1.0,1.0,1.0,0.0,-1.0,1.0,,,False,True,False,33468.70703125,0.0
dev_val,digital_2,all_attacks,heldout_primary,persian-NM-1035,huawei,train/attack/digital_2/huawei/persian-NM-1035.jpg,1,0.00392156862745098,1.0,0.000980392156862745,0.25,10,0.0039215851575136185,0.0,0.9951171875,0.9950354099273682,8.177757263183594e-05,3.3022584489117435e-07,5.300431251525879,-14.92348861694336,True,False,True,0.1343085616827011,0.8363879323005676,0.0,-0.8363879323005676,0.8363879323005676,-1.0,1.0,6.22736120223999,0.0,-6.22736120223999,6.22736120223999,-1.0,1.0,1.0,0.0,-1.0,1.0,,,False,True,False,32421.921875,0.0
dev_val,digital_2,all_attacks,heldout_primary,persian-NM-1035,iphone15pro,train/attack/digital_2/iphone15pro/persian-NM-1035.jpg,1,0.00392156862745098,1.0,0.000980392156862745,0.25,10,0.0039215851575136185,0.0,0.99951171875,0.9997383952140808,0.00022667646408081055,5.020579010306392e-07,8.248617172241211,-14.504549980163574,True,False,True,0.11372580379247665,0.7862356305122375,0.0,-0.7862356305122375,0.7862356305122375,-1.0,1.0,6.9134321212768555,0.0,-6.9134321212768555,6.9134321212768555,-1.0,1.0,1.0,0.0,-1.0,1.0,,,False,True,False,30257.134765625,0.0
dev_val,digital_2,all_attacks,heldout_primary,persian-NM-1035,scan,train/attack/digital_2/scan/persian-NM-1035.jpg,1,0.00392156862745098,1.0,0.000980392156862745,0.25,10,0.0039215851575136185,0.0,0.99951171875,0.9997336268424988,0.0002219080924987793,1.2004060408798978e-05,8.230523109436035,-11.330253601074219,True,False,True,0.12998178601264954,0.8467288613319397,0.0,-0.8467288613319397,0.8467288613319397,-1.0,1.0,6.514212131500244,0.0,-6.514212131500244,6.514212131500244,-1.0,1.0,1.0,0.0,-1.0,1.0,,,False,True,False,33258.4609375,0.0
dev_val,digital_2,all_attacks,heldout_primary,portugal-013_03,huawei,train/attack/digital_2/huawei/portugal-013_03.jpg,1,0.00392156862745098,1.0,0.000980392156862745,0.25,10,0.0039215851575136185,0.0,1.0,0.9999972581863403,2.7418136596679688e-06,8.60932602986253e-10,12.814302444458008,-20.873004913330078,True,False,True,0.0722443163394928,0.45883122086524963,0.0,-0.45883122086524963,0.45883122086524963,-1.0,1.0,6.351104736328125,0.0,-6.351104736328125,6.351104736328125,-1.0,1.0,0.0,0.0,0.0,0.0,,,False,True,False,32883.6171875,0.0
dev_val,digital_2,all_attacks,heldout_primary,portugal-013_03,iphone15pro,train/attack/digital_2/iphone15pro/portugal-013_03.jpg,1,0.00392156862745098,1.0,0.000980392156862745,0.25,10,0.0039215851575136185,0.0,1.0,1.0,0.0,8.043236334742687e-07,18.413997650146484,-14.033263206481934,True,False,True,0.07123079150915146,0.44275006651878357,0.0,-0.44275006651878357,0.44275006651878357,-1.0,1.0,6.21571159362793,0.0,-6.21571159362793,6.21571159362793,-1.0,1.0,0.0,0.0,0.0,0.0,,,False,True,False,36611.26171875,0.0
dev_val,digital_2,all_attacks,heldout_primary,portugal-013_03,scan,train/attack/digital_2/scan/portugal-013_03.jpg,1,0.00392156862745098,1.0,0.000980392156862745,0.25,10,0.0039215851575136185,0.0,1.0,0.999958872795105,4.112720489501953e-05,1.0663194416338229e-07,10.099069595336914,-16.053882598876953,True,False,True,0.07308536767959595,0.47015777230262756,0.0,-0.47015777230262756,0.47015777230262756,-1.0,1.0,6.432994365692139,0.0,-6.432994365692139,6.432994365692139,-1.0,1.0,0.0,0.0,0.0,0.0,,,False,True,False,31124.044921875,0.0
dev_val,digital_2,all_attacks,heldout_primary,portugal-017_03,huawei,train/attack/digital_2/huawei/portugal-017_03.jpg,1,0.00392156862745098,1.0,0.000980392156862745,0.25,10,0.0039215851575136185,0.0,1.0,0.9999997615814209,2.384185791015625e-07,1.1002389221914655e-08,15.117645263671875,-18.325153350830078,True,False,True,0.06929828971624374,0.4780295789241791,0.0,-0.4780295789241791,0.4780295789241791,-1.0,1.0,6.898144245147705,0.0,-6.898144245147705,6.898144245147705,-1.0,1.0,1.0,0.0,-1.0,1.0,,,False,True,False,31905.5234375,0.0
dev_val,digital_2,all_attacks,heldout_primary,portugal-017_03,iphone15pro,train/attack/digital_2/iphone15pro/portugal-017_03.jpg,1,0.00392156862745098,1.0,0.000980392156862745,0.25,10,0.0039215851575136185,0.0,1.0,1.0,0.0,2.606528539672581e-07,18.082122802734375,-15.160076141357422,True,False,True,0.0631486177444458,0.4364852011203766,0.0,-0.4364852011203766,0.4364852011203766,-1.0,1.0,6.9120306968688965,0.0,-6.9120306968688965,6.9120306968688965,-1.0,1.0,0.0,0.0,0.0,0.0,,,False,True,False,33348.1171875,0.0
dev_val,digital_2,all_attacks,heldout_primary,portugal-017_03,scan,train/attack/digital_2/scan/portugal-017_03.jpg,1,0.00392156862745098,1.0,0.000980392156862745,0.25,10,0.0039215851575136185,0.0,1.0,0.9999978542327881,2.1457672119140625e-06,1.9136577122935705e-07,13.03154182434082,-15.46907901763916,True,False,True,0.06523580849170685,0.4520621597766876,0.0,-0.4520621597766876,0.4520621597766876,-1.0,1.0,6.929662704467773,0.0,-6.929662704467773,6.929662704467773,-1.0,1.0,0.0,0.0,0.0,0.0,,,False,True,False,31765.953125,0.0
dev_val,digital_2,all_attacks,heldout_primary,portugal-029_03,huawei,train/attack/digital_2/huawei/portugal-029_03.jpg,1,0.00392156862745098,1.0,0.000980392156862745,0.25,10,0.0039215851575136185,0.0,1.0,0.9999997615814209,2.384185791015625e-07,4.718223034494429e-10,15.123432159423828,-21.47441864013672,True,False,True,0.06698001176118851,0.4275943636894226,0.0,-0.4275943636894226,0.4275943636894226,-1.0,1.0,6.383910179138184,0.0,-6.383910179138184,6.383910179138184,-1.0,1.0,0.0,0.0,0.0,0.0,,,False,True,False,35949.42578125,0.0
dev_val,digital_2,all_attacks,heldout_primary,portugal-029_03,iphone15pro,train/attack/digital_2/iphone15pro/portugal-029_03.jpg,1,0.00392156862745098,1.0,0.000980392156862745,0.25,10,0.0039215851575136185,0.0,1.0,0.9999927282333374,7.271766662597656e-06,5.061376651127603e-09,11.836745262145996,-19.101627349853516,True,False,True,0.06784755736589432,0.4688555598258972,0.0,-0.4688555598258972,0.4688555598258972,-1.0,1.0,6.910426616668701,0.0,-6.910426616668701,6.910426616668701,-1.0,1.0,0.0,0.0,0.0,0.0,,,False,True,False,34171.6875,0.0
dev_val,digital_2,all_attacks,heldout_primary,portugal-029_03,scan,train/attack/digital_2/scan/portugal-029_03.jpg,1,0.00392156862745098,1.0,0.000980392156862745,0.25,10,0.0039215851575136185,0.0,1.0,0.9999692440032959,3.075599670410156e-05,9.881269136258197e-09,10.388111114501953,-18.43262481689453,True,False,True,0.06767172366380692,0.4341467618942261,0.0,-0.4341467618942261,0.4341467618942261,-1.0,1.0,6.415482521057129,0.0,-6.415482521057129,6.415482521057129,-1.0,1.0,0.0,0.0,0.0,0.0,,,False,True,False,34310.7265625,0.0
dev_val,digital_2,all_attacks,heldout_primary,portugal-119_03,huawei,train/attack/digital_2/huawei/portugal-119_03.jpg,1,0.00392156862745098,1.0,0.000980392156862745,0.25,10,0.0039215851575136185,0.0,1.0,0.999994158744812,5.841255187988281e-06,5.457056473368027e-10,12.05821418762207,-21.328941345214844,True,False,True,0.07335459440946579,0.48965927958488464,0.0,-0.48965927958488464,0.48965927958488464,-1.0,1.0,6.675236225128174,0.0,-6.675236225128174,6.675236225128174,-1.0,1.0,0.0,0.0,0.0,0.0,,,False,True,False,27724.765625,0.0
dev_val,digital_2,all_attacks,heldout_primary,portugal-119_03,iphone15pro,train/attack/digital_2/iphone15pro/portugal-119_03.jpg,1,0.00392156862745098,1.0,0.000980392156862745,0.25,10,0.0039215851575136185,0.0,1.0,0.999982476234436,1.7523765563964844e-05,6.173264566200487e-09,10.9547758102417,-18.903038024902344,True,False,True,0.07371069490909576,0.5002054572105408,0.0,-0.5002054572105408,0.5002054572105408,-1.0,1.0,6.786063194274902,0.0,-6.786063194274902,6.786063194274902,-1.0,1.0,0.0,0.0,0.0,0.0,,,False,True,False,27098.53125,0.0
dev_val,digital_2,all_attacks,heldout_primary,portugal-119_03,scan,train/attack/digital_2/scan/portugal-119_03.jpg,1,0.00392156862745098,1.0,0.000980392156862745,0.25,10,0.0039215851575136185,0.0,1.0,0.9999998807907104,1.1920928955078125e-07,7.059443873913551e-08,16.08295440673828,-16.4663143157959,True,False,True,0.078089140355587,0.5055977702140808,0.0,-0.5055977702140808,0.5055977702140808,-1.0,1.0,6.474623203277588,0.0,-6.474623203277588,6.474623203277588,-1.0,1.0,0.0,0.0,0.0,0.0,,,False,True,False,30703.41796875,0.0
dev_val,digital_2,all_attacks,heldout_primary,portugal-NF-1060,huawei,train/attack/digital_2/huawei/portugal-NF-1060.jpg,1,0.00392156862745098,1.0,0.000980392156862745,0.25,10,0.0039215851575136185,0.0,1.0,0.9998959302902222,0.00010406970977783203,9.076066981306141e-11,9.170845031738281,-23.12279510498047,True,False,True,0.09254644066095352,0.655097246170044,0.0,-0.655097246170044,0.655097246170044,-1.0,1.0,7.078578472137451,0.0,-7.078578472137451,7.078578472137451,-1.0,1.0,1.0,0.0,-1.0,1.0,,,False,True,False,30254.96484375,0.0
dev_val,digital_2,all_attacks,heldout_primary,portugal-NF-1060,iphone15pro,train/attack/digital_2/iphone15pro/portugal-NF-1060.jpg,1,0.00392156862745098,1.0,0.000980392156862745,0.25,10,0.0039215851575136185,0.0,1.0,0.9999997615814209,2.384185791015625e-07,1.3981093616166618e-08,15.460594177246094,-18.085559844970703,True,False,True,0.10073874890804291,0.7052563428878784,0.0,-0.7052563428878784,0.7052563428878784,-1.0,1.0,7.000844955444336,0.0,-7.000844955444336,7.000844955444336,-1.0,1.0,1.0,0.0,-1.0,1.0,,,False,True,False,32982.68359375,0.0
dev_val,digital_2,all_attacks,heldout_primary,portugal-NF-1060,scan,train/attack/digital_2/scan/portugal-NF-1060.jpg,1,0.00392156862745098,1.0,0.000980392156862745,0.25,10,0.0039215851575136185,0.0,1.0,0.9999998807907104,1.1920928955078125e-07,1.0079489953795928e-07,16.490867614746094,-16.110177993774414,True,False,True,0.10379976034164429,0.6780467629432678,0.0,-0.6780467629432678,0.6780467629432678,-1.0,1.0,6.532257556915283,0.0,-6.532257556915283,6.532257556915283,-1.0,1.0,1.0,0.0,-1.0,1.0,,,False,True,False,36397.6484375,0.0
dev_val,digital_2,all_attacks,heldout_primary,portugal-NF-1066,huawei,train/attack/digital_2/huawei/portugal-NF-1066.jpg,1,0.00392156862745098,1.0,0.000980392156862745,0.25,10,0.0039215851575136185,0.0,1.0,0.9999960660934448,3.933906555175781e-06,2.234461282668576e-09,12.432124137878418,-19.919265747070312,True,False,True,0.09101704508066177,0.6116554141044617,0.0,-0.6116554141044617,0.6116554141044617,-1.0,1.0,6.720229148864746,0.0,-6.720229148864746,6.720229148864746,-1.0,1.0,1.0,0.0,-1.0,1.0,,,False,True,False,35805.1875,0.0
dev_val,digital_2,all_attacks,heldout_primary,portugal-NF-1066,iphone15pro,train/attack/digital_2/iphone15pro/portugal-NF-1066.jpg,1,0.00392156862745098,1.0,0.000980392156862745,0.25,10,0.0039215851575136185,0.0,1.0,0.9999996423721313,3.5762786865234375e-07,1.6210921494064223e-09,14.748272895812988,-20.24016571044922,True,False,True,0.09224437177181244,0.6214424967765808,0.0,-0.6214424967765808,0.6214424967765808,-1.0,1.0,6.736915111541748,0.0,-6.736915111541748,6.736915111541748,-1.0,1.0,0.0,0.0,0.0,0.0,,,False,True,False,34707.0390625,0.0
dev_val,digital_2,all_attacks,heldout_primary,portugal-NF-1066,scan,train/attack/digital_2/scan/portugal-NF-1066.jpg,1,0.00392156862745098,1.0,0.000980392156862745,0.25,10,0.0039215851575136185,0.0,1.0,0.9999998807907104,1.1920928955078125e-07,2.0824704449751152e-07,16.14822769165039,-15.384540557861328,True,False,True,0.09431688487529755,0.612544596195221,0.0,-0.612544596195221,0.612544596195221,-1.0,1.0,6.494538307189941,0.0,-6.494538307189941,6.494538307189941,-1.0,1.0,0.0,0.0,0.0,0.0,,,False,True,False,37073.0078125,0.0
dev_val,digital_2,all_attacks,heldout_primary,portugal-NF-1109,huawei,train/attack/digital_2/huawei/portugal-NF-1109.jpg,1,0.00392156862745098,1.0,0.000980392156862745,0.25,10,0.0039215851575136185,0.0,1.0,0.9999997615814209,2.384185791015625e-07,7.262068724145365e-10,15.289555549621582,-21.04318618774414,True,False,True,0.10682018846273422,0.7237405180931091,0.0,-0.7237405180931091,0.7237405180931091,-1.0,1.0,6.775315761566162,0.0,-6.775315761566162,6.775315761566162,-1.0,1.0,1.0,0.0,-1.0,1.0,,,False,True,False,33825.9765625,0.0
dev_val,digital_2,all_attacks,heldout_primary,portugal-NF-1109,iphone15pro,train/attack/digital_2/iphone15pro/portugal-NF-1109.jpg,1,0.00392156862745098,1.0,0.000980392156862745,0.25,10,0.0039215851575136185,0.0,1.0,1.0,0.0,5.1569521986039035e-09,20.573749542236328,-19.08292007446289,True,False,True,0.09776556491851807,0.660206139087677,0.0,-0.660206139087677,0.660206139087677,-1.0,1.0,6.752951622009277,0.0,-6.752951622009277,6.752951622009277,-1.0,1.0,1.0,0.0,-1.0,1.0,,,False,True,False,36969.0390625,0.0
dev_val,digital_2,all_attacks,heldout_primary,portugal-NF-1109,scan,train/attack/digital_2/scan/portugal-NF-1109.jpg,1,0.00392156862745098,1.0,0.000980392156862745,0.25,10,0.0039215851575136185,0.0,1.0,1.0,0.0,4.246318496825552e-08,18.147485733032227,-16.974628448486328,True,False,True,0.11335775256156921,0.7366742491722107,0.0,-0.7366742491722107,0.7366742491722107,-1.0,1.0,6.498666763305664,0.0,-6.498666763305664,6.498666763305664,-1.0,1.0,1.0,0.0,-1.0,1.0,,,False,True,False,32512.15234375,0.0
dev_val,digital_2,all_attacks,heldout_primary,russian-062_03,huawei,train/attack/digital_2/huawei/russian-062_03.jpg,1,0.00392156862745098,1.0,0.000980392156862745,0.25,10,0.0039215851575136185,0.0,1.0,0.9999319314956665,6.80685043334961e-05,3.16673043343485e-09,9.595602989196777,-19.570566177368164,True,False,True,0.07702871412038803,0.5496106743812561,0.0,-0.5496106743812561,0.5496106743812561,-1.0,1.0,7.1351399421691895,0.0,-7.1351399421691895,7.1351399421691895,-1.0,1.0,0.0,0.0,0.0,0.0,,,False,True,False,31866.521484375,0.0
dev_val,digital_2,all_attacks,heldout_primary,russian-062_03,iphone15pro,train/attack/digital_2/iphone15pro/russian-062_03.jpg,1,0.00392156862745098,1.0,0.000980392156862745,0.25,10,0.0039215851575136185,0.0,1.0,0.9999948740005493,5.125999450683594e-06,3.780371571338037e-08,12.192314147949219,-17.090858459472656,True,False,True,0.07289636880159378,0.5008009076118469,0.0,-0.5008009076118469,0.5008009076118469,-1.0,1.0,6.870038986206055,0.0,-6.870038986206055,6.870038986206055,-1.0,1.0,0.0,0.0,0.0,0.0,,,False,True,False,32947.09375,0.0
dev_val,digital_2,all_attacks,heldout_primary,russian-062_03,scan,train/attack/digital_2/scan/russian-062_03.jpg,1,0.00392156862745098,1.0,0.000980392156862745,0.25,10,0.0039215851575136185,0.0,1.0,0.9999661445617676,3.3855438232421875e-05,4.666361963501231e-09,10.294462203979492,-19.182886123657227,True,False,True,0.07243017107248306,0.4952421486377716,0.0,-0.4952421486377716,0.4952421486377716,-1.0,1.0,6.8375115394592285,0.0,-6.8375115394592285,6.8375115394592285,-1.0,1.0,0.0,0.0,0.0,0.0,,,False,True,False,32444.529296875,0.0
dev_val,digital_2,all_attacks,heldout_primary,russian-132_03,huawei,train/attack/digital_2/huawei/russian-132_03.jpg,1,0.00392156862745098,1.0,0.000980392156862745,0.25,10,0.0039215851575136185,0.0,1.0,0.9999916553497314,8.344650268554688e-06,1.2857602094129561e-08,11.69955825805664,-18.169330596923828,True,False,True,0.05919434875249863,0.44015491008758545,0.0,-0.44015491008758545,0.44015491008758545,-1.0,1.0,7.4357590675354,0.0,-7.4357590675354,7.4357590675354,-1.0,1.0,1.0,0.0,-1.0,1.0,,,False,True,False,28071.046875,0.0
dev_val,digital_2,all_attacks,heldout_primary,russian-132_03,iphone15pro,train/attack/digital_2/iphone15pro/russian-132_03.jpg,1,0.00392156862745098,1.0,0.000980392156862745,0.25,10,0.0039215851575136185,0.0,1.0,0.9999940395355225,5.9604644775390625e-06,2.8429215603864577e-07,12.021833419799805,-15.073263168334961,True,False,True,0.05550717934966087,0.39963027834892273,0.0,-0.39963027834892273,0.39963027834892273,-1.0,1.0,7.19961404800415,0.0,-7.19961404800415,7.19961404800415,-1.0,1.0,0.0,0.0,0.0,0.0,,,False,True,False,28488.73828125,0.0
dev_val,digital_2,all_attacks,heldout_primary,russian-132_03,scan,train/attack/digital_2/scan/russian-132_03.jpg,1,0.00392156862745098,1.0,0.000980392156862745,0.25,10,0.0039215851575136185,0.0,0.99169921875,0.9915989637374878,0.00010025501251220703,3.26843299092161e-08,4.770962715148926,-17.236370086669922,True,False,True,0.055097680538892746,0.41143307089805603,0.0,-0.41143307089805603,0.41143307089805603,-1.0,1.0,7.467339515686035,0.0,-7.467339515686035,7.467339515686035,-1.0,1.0,0.0,0.0,0.0,0.0,,,False,True,False,24386.640625,0.0
dev_val,digital_2,all_attacks,heldout_primary,russian-NF-1089,huawei,train/attack/digital_2/huawei/russian-NF-1089.jpg,1,0.00392156862745098,1.0,0.000980392156862745,0.25,10,0.003921577241271734,0.0,1.0,0.9999996423721313,3.5762786865234375e-07,2.68287418947466e-08,14.872852325439453,-17.433792114257812,True,False,True,0.11326704174280167,0.6817892789840698,0.0,-0.6817892789840698,0.6817892789840698,-1.0,1.0,6.019308567047119,0.0,-6.019308567047119,6.019308567047119,-1.0,1.0,1.0,0.0,-1.0,1.0,,,False,True,False,33488.2734375,0.0
dev_val,digital_2,all_attacks,heldout_primary,russian-NF-1089,iphone15pro,train/attack/digital_2/iphone15pro/russian-NF-1089.jpg,1,0.00392156862745098,1.0,0.000980392156862745,0.25,10,0.0039215851575136185,0.0,1.0,1.0,0.0,1.2039767227634002e-07,20.865816116333008,-15.932465553283691,True,False,True,0.11200747638940811,0.628786563873291,0.0,-0.628786563873291,0.628786563873291,-1.0,1.0,5.613790988922119,0.0,-5.613790988922119,5.613790988922119,-1.0,1.0,1.0,0.0,-1.0,1.0,,,False,True,False,41087.09375,0.0
dev_val,digital_2,all_attacks,heldout_primary,russian-NF-1089,scan,train/attack/digital_2/scan/russian-NF-1089.jpg,1,0.00392156862745098,1.0,0.000980392156862745,0.25,10,0.0039215851575136185,0.0,1.0,0.9999958276748657,4.172325134277344e-06,6.760402904149032e-09,12.389385223388672,-18.812183380126953,True,False,True,0.12447535246610641,0.6451782584190369,0.0,-0.6451782584190369,0.6451782584190369,-1.0,1.0,5.183180809020996,0.0,-5.183180809020996,5.183180809020996,-1.0,1.0,1.0,0.0,-1.0,1.0,,,False,True,False,35288.0234375,0.0
dev_val,digital_2,all_attacks,heldout_primary,russian-NF-1099,huawei,train/attack/digital_2/huawei/russian-NF-1099.jpg,1,0.00392156862745098,1.0,0.000980392156862745,0.25,10,0.0039215851575136185,0.0,1.0,1.0,0.0,3.1621494311906417e-09,21.827964782714844,-19.57201385498047,True,False,True,0.15599843859672546,0.7954792380332947,0.0,-0.7954792380332947,0.7954792380332947,-1.0,1.0,5.099276542663574,0.0,-5.099276542663574,5.099276542663574,-1.0,1.0,1.0,0.0,-1.0,1.0,,,False,True,False,36366.828125,0.0
dev_val,digital_2,all_attacks,heldout_primary,russian-NF-1099,iphone15pro,train/attack/digital_2/iphone15pro/russian-NF-1099.jpg,1,0.00392156862745098,1.0,0.000980392156862745,0.25,10,0.0039215851575136185,0.0,1.0,1.0,0.0,2.345563032690734e-08,22.77102279663086,-17.56815528869629,True,False,True,0.15136601030826569,0.7309072017669678,0.0,-0.7309072017669678,0.7309072017669678,-1.0,1.0,4.82874059677124,0.0,-4.82874059677124,4.82874059677124,-1.0,1.0,1.0,0.0,-1.0,1.0,,,False,True,False,38460.7890625,0.0
dev_val,digital_2,all_attacks,heldout_primary,russian-NF-1099,scan,train/attack/digital_2/scan/russian-NF-1099.jpg,1,0.00392156862745098,1.0,0.000980392156862745,0.25,10,0.0039215851575136185,0.0,1.0,1.0,0.0,1.6684410519829385e-09,17.78949737548828,-20.211376190185547,True,False,True,0.15349602699279785,0.7499823570251465,0.0,-0.7499823570251465,0.7499823570251465,-1.0,1.0,4.886005401611328,0.0,-4.886005401611328,4.886005401611328,-1.0,1.0,1.0,0.0,-1.0,1.0,,,False,True,False,33540.8671875,0.0
dev_val,digital_2,all_attacks,heldout_primary,turkiye-032_03,huawei,train/attack/digital_2/huawei/turkiye-032_03.jpg,1,0.00392156862745098,1.0,0.000980392156862745,0.25,10,0.0039215851575136185,0.0,1.0,0.9999756813049316,2.4318695068359375e-05,2.534795271458279e-07,10.626172065734863,-15.187982559204102,True,False,True,0.06818203628063202,0.49569064378738403,0.0,-0.49569064378738403,0.49569064378738403,-1.0,1.0,7.270106315612793,0.0,-7.270106315612793,7.270106315612793,-1.0,1.0,1.0,0.0,-1.0,1.0,,,False,True,False,31495.0703125,0.0
dev_val,digital_2,all_attacks,heldout_primary,turkiye-032_03,iphone15pro,train/attack/digital_2/iphone15pro/turkiye-032_03.jpg,1,0.00392156862745098,1.0,0.000980392156862745,0.25,10,0.0039215851575136185,0.0,1.0,0.999893307685852,0.00010669231414794922,2.9729465040873038e-06,9.14598560333252,-12.725954055786133,True,False,True,0.07169374078512192,0.5427244901657104,0.0,-0.5427244901657104,0.5427244901657104,-1.0,1.0,7.570039749145508,0.0,-7.570039749145508,7.570039749145508,-1.0,1.0,1.0,0.0,-1.0,1.0,,,False,True,False,31979.54296875,0.0
dev_val,digital_2,all_attacks,heldout_primary,turkiye-032_03,scan,train/attack/digital_2/scan/turkiye-032_03.jpg,1,0.00392156862745098,1.0,0.000980392156862745,0.25,10,0.0039215851575136185,0.0,1.0,0.9997879862785339,0.00021201372146606445,2.6836373763217125e-06,8.45883560180664,-12.82833480834961,True,False,True,0.06822789460420609,0.4912697374820709,0.0,-0.4912697374820709,0.4912697374820709,-1.0,1.0,7.200423717498779,0.0,-7.200423717498779,7.200423717498779,-1.0,1.0,0.0,0.0,0.0,0.0,,,False,True,False,32130.517578125,0.0
dev_val,digital_2,all_attacks,heldout_primary,turkiye-101_03,huawei,train/attack/digital_2/huawei/turkiye-101_03.jpg,1,0.00392156862745098,1.0,0.000980392156862745,0.25,10,0.0039215851575136185,0.0,1.0,0.9999985694885254,1.430511474609375e-06,1.0403192085561841e-08,13.456243515014648,-18.381153106689453,True,False,True,0.06490783393383026,0.4484454393386841,0.0,-0.4484454393386841,0.4484454393386841,-1.0,1.0,6.908957004547119,0.0,-6.908957004547119,6.908957004547119,-1.0,1.0,0.0,0.0,0.0,0.0,,,False,True,False,29395.029296875,0.0
dev_val,digital_2,all_attacks,heldout_primary,turkiye-101_03,iphone15pro,train/attack/digital_2/iphone15pro/turkiye-101_03.jpg,1,0.00392156862745098,1.0,0.000980392156862745,0.25,10,0.0039215851575136185,0.0,1.0,0.9999994039535522,5.960464477539062e-07,5.157594955562672e-07,14.381571769714355,-14.477624893188477,True,False,True,0.06508558988571167,0.43542444705963135,0.0,-0.43542444705963135,0.43542444705963135,-1.0,1.0,6.690028667449951,0.0,-6.690028667449951,6.690028667449951,-1.0,1.0,1.0,0.0,-1.0,1.0,,,False,True,False,33693.62890625,0.0
dev_val,digital_2,all_attacks,heldout_primary,turkiye-101_03,scan,train/attack/digital_2/scan/turkiye-101_03.jpg,1,0.00392156862745098,1.0,0.000980392156862745,0.25,10,0.0039215851575136185,0.0,1.0,0.9999217987060547,7.82012939453125e-05,3.466775808647071e-07,9.45616340637207,-14.874870300292969,True,False,True,0.0659281313419342,0.4576656222343445,0.0,-0.4576656222343445,0.4576656222343445,-1.0,1.0,6.941886901855469,0.0,-6.941886901855469,6.941886901855469,-1.0,1.0,0.0,0.0,0.0,0.0,,,False,True,False,28211.365234375,0.0
dev_val,digital_2,all_attacks,heldout_primary,turkiye-104_03,huawei,train/attack/digital_2/huawei/turkiye-104_03.jpg,1,0.00392156862745098,1.0,0.000980392156862745,0.25,10,0.0039215851575136185,0.0,1.0,0.999998927116394,1.0728836059570312e-06,6.330857615921559e-08,13.706019401550293,-16.575244903564453,True,False,True,0.05212343484163284,0.34854206442832947,0.0,-0.34854206442832947,0.34854206442832947,-1.0,1.0,6.686859130859375,0.0,-6.686859130859375,6.686859130859375,-1.0,1.0,0.0,0.0,0.0,0.0,,,False,True,False,28840.1015625,0.0
dev_val,digital_2,all_attacks,heldout_primary,turkiye-104_03,iphone15pro,train/attack/digital_2/iphone15pro/turkiye-104_03.jpg,1,0.00392156862745098,1.0,0.000980392156862745,0.25,10,0.0039215851575136185,0.0,1.0,0.9998656511306763,0.00013434886932373047,2.527466733681649e-07,8.915032386779785,-15.190877914428711,True,False,True,0.05083948001265526,0.3581809401512146,0.0,-0.3581809401512146,0.3581809401512146,-1.0,1.0,7.04533052444458,0.0,-7.04533052444458,7.04533052444458,-1.0,1.0,1.0,0.0,-1.0,1.0,,,False,True,False,28683.623046875,0.0
dev_val,digital_2,all_attacks,heldout_primary,turkiye-104_03,scan,train/attack/digital_2/scan/turkiye-104_03.jpg,1,0.00392156862745098,1.0,0.000980392156862745,0.25,10,0.0039215851575136185,0.0,0.99267578125,0.9927154183387756,3.9637088775634766e-05,4.2953317347382836e-07,4.9146833419799805,-14.660566329956055,True,False,True,0.05143069848418236,0.37604835629463196,0.0,-0.37604835629463196,0.37604835629463196,-1.0,1.0,7.31174898147583,0.0,-7.31174898147583,7.31174898147583,-1.0,1.0,1.0,0.0,-1.0,1.0,,,False,True,False,25418.00390625,0.0
dev_val,digital_2,all_attacks,heldout_primary,turkiye-115_03,huawei,train/attack/digital_2/huawei/turkiye-115_03.jpg,1,0.00392156862745098,1.0,0.000980392156862745,0.25,10,0.0039215851575136185,0.0,1.0,1.0,0.0,2.567860413194012e-08,17.40835189819336,-17.47760772705078,True,False,True,0.05855134129524231,0.40425992012023926,0.0,-0.40425992012023926,0.40425992012023926,-1.0,1.0,6.904366493225098,0.0,-6.904366493225098,6.904366493225098,-1.0,1.0,1.0,0.0,-1.0,1.0,,,False,True,False,32624.60546875,0.0
dev_val,digital_2,all_attacks,heldout_primary,turkiye-115_03,iphone15pro,train/attack/digital_2/iphone15pro/turkiye-115_03.jpg,1,0.00392156862745098,1.0,0.000980392156862745,0.25,10,0.0039215851575136185,0.0,1.0,0.9999940395355225,5.9604644775390625e-06,5.055937890574569e-07,12.030324935913086,-14.49753189086914,True,False,True,0.06098251789808273,0.4421085715293884,0.0,-0.4421085715293884,0.4421085715293884,-1.0,1.0,7.249759197235107,0.0,-7.249759197235107,7.249759197235107,-1.0,1.0,0.0,0.0,0.0,0.0,,,False,True,False,32202.16015625,0.0
dev_val,digital_2,all_attacks,heldout_primary,turkiye-115_03,scan,train/attack/digital_2/scan/turkiye-115_03.jpg,1,0.00392156862745098,1.0,0.000980392156862745,0.25,10,0.0039215851575136185,0.0,1.0,0.9997768998146057,0.0002231001853942871,4.4843216073786607e-07,8.407724380493164,-14.617507934570312,True,False,True,0.060361091047525406,0.44046714901924133,0.0,-0.44046714901924133,0.44046714901924133,-1.0,1.0,7.297203540802002,0.0,-7.297203540802002,7.297203540802002,-1.0,1.0,0.0,0.0,0.0,0.0,,,False,True,False,29665.2734375,0.0
dev_val,digital_2,all_attacks,heldout_primary,turkiye-NF-1002,huawei,train/attack/digital_2/huawei/turkiye-NF-1002.jpg,1,0.00392156862745098,1.0,0.000980392156862745,0.25,10,0.0039215851575136185,0.0,1.0,0.9999821186065674,1.7881393432617188e-05,2.538528178774868e-07,10.929315567016602,-15.186511039733887,True,False,True,0.08285757154226303,0.5693032741546631,0.0,-0.5693032741546631,0.5693032741546631,-1.0,1.0,6.870865821838379,0.0,-6.870865821838379,6.870865821838379,-1.0,1.0,0.0,0.0,0.0,0.0,,,False,True,False,30102.34375,0.0
dev_val,digital_2,all_attacks,heldout_primary,turkiye-NF-1002,iphone15pro,train/attack/digital_2/iphone15pro/turkiye-NF-1002.jpg,1,0.00392156862745098,1.0,0.000980392156862745,0.25,10,0.0039215851575136185,0.0,1.0,0.9999997615814209,2.384185791015625e-07,4.5137463189348637e-07,15.353189468383789,-14.610967636108398,True,False,True,0.0830126702785492,0.5186591148376465,0.0,-0.5186591148376465,0.5186591148376465,-1.0,1.0,6.247951030731201,0.0,-6.247951030731201,6.247951030731201,-1.0,1.0,0.0,0.0,0.0,0.0,,,False,True,False,40042.25390625,0.0
dev_val,digital_2,all_attacks,heldout_primary,turkiye-NF-1002,scan,train/attack/digital_2/scan/turkiye-NF-1002.jpg,1,0.00392156862745098,1.0,0.000980392156862745,0.25,10,0.0039215851575136185,0.0,1.0,0.9999898672103882,1.0132789611816406e-05,2.5156546712423733e-07,11.49963092803955,-15.195562362670898,True,False,True,0.08452531695365906,0.5898215174674988,0.0,-0.5898215174674988,0.5898215174674988,-1.0,1.0,6.97804594039917,0.0,-6.97804594039917,6.97804594039917,-1.0,1.0,0.0,0.0,0.0,0.0,,,False,True,False,33192.359375,0.0
dev_val,digital_2,all_attacks,heldout_primary,turkiye-NM-1055,huawei,train/attack/digital_2/huawei/turkiye-NM-1055.jpg,1,0.00392156862745098,1.0,0.000980392156862745,0.25,10,0.0039215851575136185,0.0,1.0,0.9998990297317505,0.00010097026824951172,2.42709621289805e-08,9.200849533081055,-17.533985137939453,True,False,True,0.06983249634504318,0.4959877133369446,0.0,-0.4959877133369446,0.4959877133369446,-1.0,1.0,7.102534770965576,0.0,-7.102534770965576,7.102534770965576,-1.0,1.0,0.0,0.0,0.0,0.0,,,False,True,False,25899.6640625,0.0
dev_val,digital_2,all_attacks,heldout_primary,turkiye-NM-1055,iphone15pro,train/attack/digital_2/iphone15pro/turkiye-NM-1055.jpg,1,0.00392156862745098,1.0,0.000980392156862745,0.25,10,0.0039215851575136185,0.0,1.0,0.9999892711639404,1.0728836059570312e-05,2.6988695935870055e-06,11.447211265563965,-12.822674751281738,True,False,True,0.0679575502872467,0.4664362370967865,0.0,-0.4664362370967865,0.4664362370967865,-1.0,1.0,6.863641262054443,0.0,-6.863641262054443,6.863641262054443,-1.0,1.0,0.0,0.0,0.0,0.0,,,False,True,False,28707.75390625,0.0
dev_val,digital_2,all_attacks,heldout_primary,turkiye-NM-1055,scan,train/attack/digital_2/scan/turkiye-NM-1055.jpg,1,0.00392156862745098,1.0,0.000980392156862745,0.25,10,0.0039215851575136185,0.0,1.0,0.9999961853027344,3.814697265625e-06,2.3832878923712997e-06,12.49172592163086,-12.947027206420898,True,False,True,0.06937777251005173,0.4739258289337158,0.0,-0.4739258289337158,0.4739258289337158,-1.0,1.0,6.831090450286865,0.0,-6.831090450286865,6.831090450286865,-1.0,1.0,0.0,0.0,0.0,0.0,,,False,True,False,27783.7265625,0.0
dev_val,digital_2,all_attacks,heldout_primary,ukraine-025_03,huawei,train/attack/digital_2/huawei/ukraine-025_03.jpg,1,0.00392156862745098,1.0,0.000980392156862745,0.25,10,0.0039215851575136185,0.0,1.0,0.9999955892562866,4.410743713378906e-06,2.004490573526141e-09,12.326866149902344,-20.027875900268555,True,False,True,0.05515039339661598,0.4391072690486908,0.0,-0.4391072690486908,0.4391072690486908,-1.0,1.0,7.961997032165527,0.0,-7.961997032165527,7.961997032165527,-1.0,1.0,0.0,0.0,0.0,0.0,,,False,True,False,30913.984375,0.0
dev_val,digital_2,all_attacks,heldout_primary,ukraine-025_03,iphone15pro,train/attack/digital_2/iphone15pro/ukraine-025_03.jpg,1,0.00392156862745098,1.0,0.000980392156862745,0.25,10,0.0039215851575136185,0.0,1.0,0.9999988079071045,1.1920928955078125e-06,1.2967248608219961e-08,13.673246383666992,-18.160839080810547,True,False,True,0.05575856938958168,0.4299846291542053,0.0,-0.4299846291542053,0.4299846291542053,-1.0,1.0,7.711543560028076,0.0,-7.711543560028076,7.711543560028076,-1.0,1.0,0.0,0.0,0.0,0.0,,,False,True,False,29847.533203125,0.0
dev_val,digital_2,all_attacks,heldout_primary,ukraine-025_03,scan,train/attack/digital_2/scan/ukraine-025_03.jpg,1,0.00392156862745098,1.0,0.000980392156862745,0.25,10,0.0039215851575136185,0.0,1.0,0.9999998807907104,1.1920928955078125e-07,1.0544073120399844e-05,16.07208824157715,-11.459936141967773,True,False,True,0.0581868477165699,0.4468245506286621,0.0,-0.4468245506286621,0.4468245506286621,-1.0,1.0,7.67913293838501,0.0,-7.67913293838501,7.67913293838501,-1.0,1.0,0.0,0.0,0.0,0.0,,,False,True,False,31451.6328125,0.0
dev_val,digital_2,all_attacks,heldout_primary,ukraine-NF-1068,huawei,train/attack/digital_2/huawei/ukraine-NF-1068.jpg,1,0.00392156862745098,1.0,0.000980392156862745,0.25,10,0.0039215851575136185,0.0,1.0,0.9999997615814209,2.384185791015625e-07,1.209136235580388e-09,15.321982383728027,-20.53335952758789,True,False,True,0.07751552760601044,0.5112496614456177,0.0,-0.5112496614456177,0.5112496614456177,-1.0,1.0,6.595448017120361,0.0,-6.595448017120361,6.595448017120361,-1.0,1.0,0.0,0.0,0.0,0.0,,,False,True,False,32154.63671875,0.0
dev_val,digital_2,all_attacks,heldout_primary,ukraine-NF-1068,iphone15pro,train/attack/digital_2/iphone15pro/ukraine-NF-1068.jpg,1,0.00392156862745098,1.0,0.000980392156862745,0.25,10,0.0039215851575136185,0.0,1.0,1.0,0.0,9.828648899201653e-07,22.448591232299805,-13.832793235778809,True,False,True,0.06819438934326172,0.48747503757476807,0.49788549542427063,0.010410457849502563,-0.010410457849502563,0.021355878859552528,-0.021355878859552528,7.148315906524658,7.300974369049072,0.15265846252441406,-0.15265846252441406,0.021355864027368228,-0.021355864027368228,0.0,0.0,0.0,0.0,0.45055150985717773,0.7720782160758972,False,False,True,36095.234375,5220.75390625
dev_val,digital_2,all_attacks,heldout_primary,ukraine-NF-1068,scan,train/attack/digital_2/scan/ukraine-NF-1068.jpg,1,0.00392156862745098,1.0,0.000980392156862745,0.25,10,0.0039215851575136185,0.0,1.0,1.0,0.0,2.4962519091786817e-05,23.48907470703125,-10.59811019897461,True,False,True,0.07653912901878357,0.5502799153327942,0.24984927475452423,-0.30043064057826996,0.30043064057826996,-0.5459596692650099,0.5459596692650099,7.189524173736572,3.264333963394165,-3.9251902103424072,3.9251902103424072,-0.545959665130716,0.545959665130716,1.0,0.0,-1.0,1.0,0.27336937189102173,0.8345052003860474,False,False,True,37335.23828125,3925.537841796875
dev_val,digital_2,all_attacks,heldout_primary,ukraine-NF-1073,huawei,train/attack/digital_2/huawei/ukraine-NF-1073.jpg,1,0.00392156862745098,1.0,0.000980392156862745,0.25,10,0.0039215851575136185,0.0,1.0,0.9998959302902222,0.00010406970977783203,3.821764571476649e-10,9.170196533203125,-21.685138702392578,True,False,True,0.12915977835655212,0.7122625708580017,0.0,-0.7122625708580017,0.7122625708580017,-1.0,1.0,5.514585018157959,0.0,-5.514585018157959,5.514585018157959,-1.0,1.0,1.0,0.0,-1.0,1.0,,,False,True,False,31494.42578125,0.0
dev_val,digital_2,all_attacks,heldout_primary,ukraine-NF-1073,iphone15pro,train/attack/digital_2/iphone15pro/ukraine-NF-1073.jpg,1,0.00392156862745098,1.0,0.000980392156862745,0.25,10,0.0039215851575136185,0.0,1.0,0.9999932050704956,6.794929504394531e-06,2.1930334881403724e-08,11.9005765914917,-17.635395050048828,True,False,True,0.13661442697048187,0.7269276976585388,0.0,-0.7269276976585388,0.7269276976585388,-1.0,1.0,5.321017265319824,0.0,-5.321017265319824,5.321017265319824,-1.0,1.0,1.0,0.0,-1.0,1.0,,,False,True,False,41496.42578125,0.0
dev_val,digital_2,all_attacks,heldout_primary,ukraine-NF-1073,scan,train/attack/digital_2/scan/ukraine-NF-1073.jpg,1,0.00392156862745098,1.0,0.000980392156862745,0.25,10,0.0039215851575136185,0.0,0.99609375,0.9959073066711426,0.00018644332885742188,1.7333871937807999e-06,5.494460105895996,-13.26543140411377,True,False,True,0.1395457684993744,0.836822509765625,0.0,-0.836822509765625,0.836822509765625,-1.0,1.0,5.996760368347168,0.0,-5.996760368347168,5.996760368347168,-1.0,1.0,1.0,0.0,-1.0,1.0,,,False,True,False,32994.05078125,0.0
dev_val,digital_2,all_attacks,heldout_primary,ukraine-NF-1106,huawei,train/attack/digital_2/huawei/ukraine-NF-1106.jpg,1,0.00392156862745098,1.0,0.000980392156862745,0.25,10,0.0039215851575136185,0.0,1.0,0.9999442100524902,5.5789947509765625e-05,1.4854599772462507e-09,9.794271469116211,-20.32754135131836,True,False,True,0.07250186800956726,0.49570512771606445,0.0,-0.49570512771606445,0.49570512771606445,-1.0,1.0,6.8371357917785645,0.0,-6.8371357917785645,6.8371357917785645,-1.0,1.0,0.0,0.0,0.0,0.0,,,False,True,False,34160.546875,0.0
dev_val,digital_2,all_attacks,heldout_primary,ukraine-NF-1106,iphone15pro,train/attack/digital_2/iphone15pro/ukraine-NF-1106.jpg,1,0.00392156862745098,1.0,0.000980392156862745,0.25,10,0.0039215851575136185,0.0,1.0,0.9999946355819702,5.364418029785156e-06,4.9615902497635034e-08,12.125003814697266,-16.818954467773438,True,False,True,0.06801949441432953,0.5196416974067688,0.0,-0.5196416974067688,0.5196416974067688,-1.0,1.0,7.639599800109863,0.0,-7.639599800109863,7.639599800109863,-1.0,1.0,0.0,0.0,0.0,0.0,,,False,True,False,32754.3515625,0.0
dev_val,digital_2,all_attacks,heldout_primary,ukraine-NF-1106,scan,train/attack/digital_2/scan/ukraine-NF-1106.jpg,1,0.00392156862745098,1.0,0.000980392156862745,0.25,10,0.0039215851575136185,0.0,0.99951171875,0.9995317459106445,2.002716064453125e-05,8.80271045389236e-07,7.665976524353027,-13.943035125732422,True,False,True,0.07005763798952103,0.5274694561958313,0.0,-0.5274694561958313,0.5274694561958313,-1.0,1.0,7.529078006744385,0.0,-7.529078006744385,7.529078006744385,-1.0,1.0,0.0,0.0,0.0,0.0,,,False,True,False,32973.390625,0.0
dev_val,digital_2,all_attacks,heldout_primary,usa-034_03,huawei,train/attack/digital_2/huawei/usa-034_03.jpg,1,0.00392156862745098,1.0,0.000980392156862745,0.25,10,0.0039215851575136185,0.0,1.0,0.9999979734420776,2.0265579223632812e-06,1.833225482528178e-08,13.120279312133789,-17.814603805541992,True,False,True,0.08471062779426575,0.5116212368011475,0.0,-0.5116212368011475,0.5116212368011475,-1.0,1.0,6.039634704589844,0.0,-6.039634704589844,6.039634704589844,-1.0,1.0,1.0,0.0,-1.0,1.0,,,False,True,False,31858.658203125,0.0
dev_val,digital_2,all_attacks,heldout_primary,usa-034_03,iphone15pro,train/attack/digital_2/iphone15pro/usa-034_03.jpg,1,0.00392156862745098,1.0,0.000980392156862745,0.25,10,0.0039215851575136185,0.0,1.0,1.0,0.0,3.2461900900671026e-06,18.798791885375977,-12.638025283813477,True,False,True,0.08882822096347809,0.5136902928352356,0.0,-0.5136902928352356,0.5136902928352356,-1.0,1.0,5.782962799072266,0.0,-5.782962799072266,5.782962799072266,-1.0,1.0,0.0,0.0,0.0,0.0,,,False,True,False,35481.37109375,0.0
dev_val,digital_2,all_attacks,heldout_primary,usa-034_03,scan,train/attack/digital_2/scan/usa-034_03.jpg,1,0.00392156862745098,1.0,0.000980392156862745,0.25,10,0.0039215851575136185,0.0,1.0,0.9999977350234985,2.2649765014648438e-06,1.026596123665513e-06,12.975408554077148,-13.789260864257812,True,False,True,0.08933153003454208,0.5013599991798401,0.0,-0.5013599991798401,0.5013599991798401,-1.0,1.0,5.612351894378662,0.0,-5.612351894378662,5.612351894378662,-1.0,1.0,0.0,0.0,0.0,0.0,,,False,True,False,31044.84375,0.0
dev_val,digital_2,all_attacks,heldout_primary,usa-067_03,huawei,train/attack/digital_2/huawei/usa-067_03.jpg,1,0.00392156862745098,1.0,0.000980392156862745,0.25,10,0.0039215851575136185,0.0,1.0,0.9999997615814209,2.384185791015625e-07,3.043483332021424e-07,15.150439262390137,-15.00509262084961,True,False,True,0.08149944990873337,0.4885246157646179,0.0,-0.4885246157646179,0.4885246157646179,-1.0,1.0,5.994207859039307,0.0,-5.994207859039307,5.994207859039307,-1.0,1.0,0.0,0.0,0.0,0.0,,,False,True,False,30512.576171875,0.0
dev_val,digital_2,all_attacks,heldout_primary,usa-067_03,iphone15pro,train/attack/digital_2/iphone15pro/usa-067_03.jpg,1,0.00392156862745098,1.0,0.000980392156862745,0.25,10,0.0039215851575136185,0.0,1.0,0.9999997615814209,2.384185791015625e-07,9.869980203802697e-06,15.441997528076172,-11.526002883911133,True,False,True,0.08372830599546432,0.47297605872154236,0.0,-0.47297605872154236,0.47297605872154236,-1.0,1.0,5.6489386558532715,0.0,-5.6489386558532715,5.6489386558532715,-1.0,1.0,0.0,0.0,0.0,0.0,,,False,True,False,30570.87109375,0.0
dev_val,digital_2,all_attacks,heldout_primary,usa-067_03,scan,train/attack/digital_2/scan/usa-067_03.jpg,1,0.00392156862745098,1.0,0.000980392156862745,0.25,10,0.0039215851575136185,0.0,1.0,0.9999998807907104,1.1920928955078125e-07,8.314294973388314e-05,16.011137008666992,-9.394865989685059,True,False,True,0.08437786251306534,0.47306498885154724,0.0,-0.47306498885154724,0.47306498885154724,-1.0,1.0,5.606505870819092,0.0,-5.606505870819092,5.606505870819092,-1.0,1.0,0.0,0.0,0.0,0.0,,,False,True,False,30790.66796875,0.0
dev_val,digital_2,all_attacks,heldout_primary,usa-NF-1036,huawei,train/attack/digital_2/huawei/usa-NF-1036.jpg,1,0.00392156862745098,1.0,0.000980392156862745,0.25,10,0.0039215851575136185,0.0,1.0,1.0,0.0,4.485365323603219e-08,22.273279190063477,-16.91986083984375,True,False,True,0.10630715638399124,0.4672873616218567,0.0,-0.4672873616218567,0.4672873616218567,-1.0,1.0,4.395634174346924,0.0,-4.395634174346924,4.395634174346924,-1.0,1.0,0.0,0.0,0.0,0.0,,,False,True,False,49709.9921875,0.0
dev_val,digital_2,all_attacks,heldout_primary,usa-NF-1036,iphone15pro,train/attack/digital_2/iphone15pro/usa-NF-1036.jpg,1,0.00392156862745098,1.0,0.000980392156862745,0.25,10,0.0039215851575136185,0.0,1.0,1.0,0.0,4.692337370215682e-06,23.254316329956055,-12.269575119018555,True,False,True,0.10593133419752121,0.49752163887023926,0.0,-0.49752163887023926,0.49752163887023926,-1.0,1.0,4.696642875671387,0.0,-4.696642875671387,4.696642875671387,-1.0,1.0,1.0,0.0,-1.0,1.0,,,False,True,False,49207.140625,0.0
dev_val,digital_2,all_attacks,heldout_primary,usa-NF-1036,scan,train/attack/digital_2/scan/usa-NF-1036.jpg,1,0.00392156862745098,1.0,0.000980392156862745,0.25,10,0.0039215851575136185,0.0,1.0,1.0,0.0,4.1312458051834255e-05,26.140213012695312,-10.094305038452148,True,False,True,0.11267297714948654,0.5194109678268433,0.0,-0.5194109678268433,0.5194109678268433,-1.0,1.0,4.609898090362549,0.0,-4.609898090362549,4.609898090362549,-1.0,1.0,0.0,0.0,0.0,0.0,,,False,True,False,47845.5390625,0.0
dev_val,digital_2,all_attacks,heldout_primary,usa-NF-1065,huawei,train/attack/digital_2/huawei/usa-NF-1065.jpg,1,0.00392156862745098,1.0,0.000980392156862745,0.25,10,0.0039215851575136185,0.0,1.0,1.0,0.0,1.0695597438825644e-06,28.060298919677734,-13.748262405395508,True,False,True,0.13910748064517975,0.6090099811553955,0.0,-0.6090099811553955,0.6090099811553955,-1.0,1.0,4.377981662750244,0.0,-4.377981662750244,4.377981662750244,-1.0,1.0,1.0,0.0,-1.0,1.0,,,False,True,False,48385.1875,0.0
dev_val,digital_2,all_attacks,heldout_primary,usa-NF-1065,iphone15pro,train/attack/digital_2/iphone15pro/usa-NF-1065.jpg,1,0.00392156862745098,1.0,0.000980392156862745,0.25,10,0.0039215851575136185,0.0,1.0,1.0,0.0,2.1635578377754427e-05,25.07236099243164,-10.74114990234375,True,False,True,0.13104981184005737,0.6002494692802429,0.0,-0.6002494692802429,0.6002494692802429,-1.0,1.0,4.580315589904785,0.0,-4.580315589904785,4.580315589904785,-1.0,1.0,1.0,0.0,-1.0,1.0,,,False,True,False,48619.6171875,0.0
dev_val,digital_2,all_attacks,heldout_primary,usa-NF-1065,scan,train/attack/digital_2/scan/usa-NF-1065.jpg,1,0.00392156862745098,1.0,0.000980392156862745,0.25,10,0.0039215851575136185,0.0,1.0,1.0,0.0,3.7055178836453706e-06,23.074071884155273,-12.505683898925781,True,False,True,0.12860779464244843,0.5687693357467651,0.0,-0.5687693357467651,0.5687693357467651,-1.0,1.0,4.422510623931885,0.0,-4.422510623931885,4.422510623931885,-1.0,1.0,1.0,0.0,-1.0,1.0,,,False,True,False,41186.71875,0.0
dev_val,digital_2,all_attacks,heldout_primary,usa-NF-1076,huawei,train/attack/digital_2/huawei/usa-NF-1076.jpg,1,0.00392156862745098,1.0,0.000980392156862745,0.25,10,0.0039215851575136185,0.0,1.0,1.0,0.0,3.3583006597837084e-08,20.84687042236328,-17.209245681762695,True,False,True,0.18234872817993164,0.6172969341278076,0.0,-0.6172969341278076,0.6172969341278076,-1.0,1.0,3.3852550983428955,0.0,-3.3852550983428955,3.3852550983428955,-1.0,1.0,1.0,0.0,-1.0,1.0,,,False,True,False,55578.0546875,0.0
dev_val,digital_2,all_attacks,heldout_primary,usa-NF-1076,iphone15pro,train/attack/digital_2/iphone15pro/usa-NF-1076.jpg,1,0.00392156862745098,1.0,0.000980392156862745,0.25,10,0.0039215851575136185,0.0,1.0,1.0,0.0,2.36524624597223e-06,19.551944732666016,-12.954626083374023,True,False,True,0.1903051733970642,0.623909056186676,0.0,-0.623909056186676,0.623909056186676,-1.0,1.0,3.278465986251831,0.0,-3.278465986251831,3.278465986251831,-1.0,1.0,1.0,0.0,-1.0,1.0,,,False,True,False,45338.40625,0.0
dev_val,digital_2,all_attacks,heldout_primary,usa-NF-1076,scan,train/attack/digital_2/scan/usa-NF-1076.jpg,1,0.00392156862745098,1.0,0.000980392156862745,0.25,10,0.0039215851575136185,0.0,1.0,1.0,0.0,7.614799528710137e-07,20.821420669555664,-14.088001251220703,True,False,True,0.18732984364032745,0.5795756578445435,0.0,-0.5795756578445435,0.5795756578445435,-1.0,1.0,3.0938777923583984,0.0,-3.0938777923583984,3.0938777923583984,-1.0,1.0,0.0,0.0,0.0,0.0,,,False,True,False,47918.1875,0.0
dev_val,digital_2,all_attacks,heldout_primary,usa-NM-1038,huawei,train/attack/digital_2/huawei/usa-NM-1038.jpg,1,0.00392156862745098,1.0,0.000980392156862745,0.25,10,0.0039215851575136185,0.0,1.0,1.0,0.0,2.281308155716033e-07,19.110645294189453,-15.293346405029297,True,False,True,0.10249301046133041,0.5227487683296204,0.0,-0.5227487683296204,0.5227487683296204,-1.0,1.0,5.100335597991943,0.0,-5.100335597991943,5.100335597991943,-1.0,1.0,0.0,0.0,0.0,0.0,,,False,True,False,41038.6484375,0.0
dev_val,digital_2,all_attacks,heldout_primary,usa-NM-1038,iphone15pro,train/attack/digital_2/iphone15pro/usa-NM-1038.jpg,1,0.00392156862745098,1.0,0.000980392156862745,0.25,10,0.0039215851575136185,0.0,1.0,1.0,0.0,4.140694727539085e-06,21.675533294677734,-12.39464282989502,True,False,True,0.1048518493771553,0.5059726238250732,0.0,-0.5059726238250732,0.5059726238250732,-1.0,1.0,4.825595378875732,0.0,-4.825595378875732,4.825595378875732,-1.0,1.0,1.0,0.0,-1.0,1.0,,,False,True,False,48111.15625,0.0
dev_val,digital_2,all_attacks,heldout_primary,usa-NM-1038,scan,train/attack/digital_2/scan/usa-NM-1038.jpg,1,0.00392156862745098,1.0,0.000980392156862745,0.25,10,0.0039215851575136185,0.0,1.0,1.0,0.0,7.991650636540726e-05,22.105030059814453,-9.4344482421875,True,False,True,0.1051216870546341,0.4897761344909668,0.0,-0.4897761344909668,0.4897761344909668,-1.0,1.0,4.659134864807129,0.0,-4.659134864807129,4.659134864807129,-1.0,1.0,1.0,0.0,-1.0,1.0,,,False,True,False,44531.1640625,0.0
official_test,facedancer,all_family,unseen_family_primary,chinese2-flickr_F_16745558933_a3f9fe2bc9_k,huawei,test/attack/facedancer/huawei/chinese2-flickr_F_16745558933_a3f9fe2bc9_k.jpg,1,0.00392156862745098,1.0,0.000980392156862745,0.25,10,0.0039215851575136185,0.0,1.0,0.9999998807907104,1.1920928955078125e-07,1.666466960159596e-05,15.759029388427734,-11.002202987670898,True,False,True,0.0771317258477211,0.4940258264541626,0.0,-0.4940258264541626,0.4940258264541626,-1.0,1.0,6.40496301651001,0.0,-6.40496301651001,6.40496301651001,-1.0,1.0,1.0,0.0,-1.0,1.0,,,False,True,False,36617.21484375,0.0
official_test,facedancer,all_family,unseen_family_primary,chinese2-flickr_F_16745558933_a3f9fe2bc9_k,iphone15,test/attack/facedancer/iphone15/chinese2-flickr_F_16745558933_a3f9fe2bc9_k.jpg,1,0.00392156862745098,1.0,0.000980392156862745,0.25,10,0.0039215851575136185,0.0,1.0,1.0,0.0,0.00012121490726713091,17.91686248779297,-9.017824172973633,True,False,True,0.08090867847204208,0.5385501980781555,0.0,-0.5385501980781555,0.5385501980781555,-1.0,1.0,6.656271934509277,0.0,-6.656271934509277,6.656271934509277,-1.0,1.0,1.0,0.0,-1.0,1.0,,,False,True,False,35062.65625,0.0
official_test,facedancer,all_family,unseen_family_primary,chinese2-flickr_F_16745558933_a3f9fe2bc9_k,scan,test/attack/facedancer/scan/chinese2-flickr_F_16745558933_a3f9fe2bc9_k.jpg,1,0.00392156862745098,1.0,0.000980392156862745,0.25,10,0.0039215851575136185,0.0,1.0,1.0,0.0,3.4585238608997315e-05,16.767301559448242,-10.272048950195312,True,False,True,0.0795031189918518,0.5055806040763855,0.0,-0.5055806040763855,0.5055806040763855,-1.0,1.0,6.359255313873291,0.0,-6.359255313873291,6.359255313873291,-1.0,1.0,1.0,0.0,-1.0,1.0,,,False,True,False,34951.890625,0.0
official_test,facedancer,all_family,unseen_family_primary,chinese2-flickr_F_16858102101_d4c5c1e7a2_c,huawei,test/attack/facedancer/huawei/chinese2-flickr_F_16858102101_d4c5c1e7a2_c.jpg,1,0.00392156862745098,1.0,0.000980392156862745,0.25,10,0.0039215851575136185,0.0,1.0,1.0,0.0,8.558284753235057e-05,25.656627655029297,-9.36594009399414,True,False,True,0.07415064424276352,0.5173302292823792,0.0008618554566055536,-0.5164683738257736,0.5164683738257736,-0.998334032291519,0.998334032291519,6.976746082305908,0.011623033322393894,-6.965123048983514,6.965123048983514,-0.9983340323432622,0.9983340323432622,1.0,0.0,-1.0,1.0,0.10563638061285019,0.931464672088623,False,False,True,35698.7109375,3753.107666015625
official_test,facedancer,all_family,unseen_family_primary,chinese2-flickr_F_16858102101_d4c5c1e7a2_c,scan,test/attack/facedancer/scan/chinese2-flickr_F_16858102101_d4c5c1e7a2_c.jpg,1,0.00392156862745098,1.0,0.000980392156862745,0.25,10,0.0039215851575136185,0.0,1.0,1.0,0.0,0.00027388823218643665,24.565731048583984,-8.202516555786133,True,False,True,0.07587212324142456,0.5154814720153809,0.7011322379112244,0.1856507658958435,-0.1856507658958435,0.36015022066652297,-0.36015022066652297,6.794082164764404,9.240972518920898,2.446890354156494,-2.446890354156494,0.36015024470069007,-0.36015024470069007,1.0,1.0,0.0,0.0,0.40619510412216187,0.8183285593986511,False,False,True,35042.3671875,2871.55615234375
official_test,facedancer,all_family,unseen_family_primary,chinese2-flickr_F_17178039488_60828ef8de_k,iphone15,test/attack/facedancer/iphone15/chinese2-flickr_F_17178039488_60828ef8de_k.jpg,1,0.00392156862745098,1.0,0.000980392156862745,0.25,10,0.0039215851575136185,0.0,0.31982421875,0.31952032446861267,0.0003038942813873291,5.679628884536214e-06,-0.7559771537780762,-12.078619003295898,False,False,False,0.0764666423201561,0.46257510781288147,0.0,-0.46257510781288147,0.46257510781288147,-1.0,1.0,6.049371242523193,0.0,-6.049371242523193,6.049371242523193,-1.0,1.0,0.0,0.0,0.0,0.0,,,False,True,False,11735.98828125,0.0
official_test,facedancer,all_family,unseen_family_primary,chinese2-flickr_F_17619703551_9705002b22_b,iphone15,test/attack/facedancer/iphone15/chinese2-flickr_F_17619703551_9705002b22_b.jpg,1,0.00392156862745098,1.0,0.000980392156862745,0.25,10,0.0039215851575136185,0.0,1.0,1.0,0.0,0.00027091041556559503,20.673263549804688,-8.213451385498047,True,False,True,0.07752933353185654,0.5222469568252563,0.0,-0.5222469568252563,0.5222469568252563,-1.0,1.0,6.736120700836182,0.0,-6.736120700836182,6.736120700836182,-1.0,1.0,1.0,0.0,-1.0,1.0,,,False,True,False,40294.296875,0.0
official_test,facedancer,all_family,unseen_family_primary,chinese2-flickr_F_17619703551_9705002b22_b,scan,test/attack/facedancer/scan/chinese2-flickr_F_17619703551_9705002b22_b.jpg,1,0.00392156862745098,1.0,0.000980392156862745,0.25,10,0.0039215851575136185,0.0,1.0,1.0,0.0,0.00029713893309235573,20.277313232421875,-8.121013641357422,True,False,True,0.07421398162841797,0.5142802000045776,0.0,-0.5142802000045776,0.5142802000045776,-1.0,1.0,6.929694175720215,0.0,-6.929694175720215,6.929694175720215,-1.0,1.0,1.0,0.0,-1.0,1.0,,,False,True,False,38673.171875,0.0
official_test,facedancer,all_family,unseen_family_primary,chinese2-flickr_F_17773666675_1bdbd28a62_c,iphone15,test/attack/facedancer/iphone15/chinese2-flickr_F_17773666675_1bdbd28a62_c.jpg,1,0.00392156862745098,1.0,0.000980392156862745,0.25,10,0.0039215851575136185,0.0,1.0,0.9999974966049194,2.5033950805664062e-06,1.7917271179612726e-05,12.889846801757812,-10.929727554321289,True,False,True,0.08239240944385529,0.5977606177330017,0.0,-0.5977606177330017,0.5977606177330017,-1.0,1.0,7.255044460296631,0.0,-7.255044460296631,7.255044460296631,-1.0,1.0,1.0,0.0,-1.0,1.0,,,False,True,False,35097.65625,0.0
official_test,facedancer,all_family,unseen_family_primary,chinese2-flickr_F_17773666675_1bdbd28a62_c,scan,test/attack/facedancer/scan/chinese2-flickr_F_17773666675_1bdbd28a62_c.jpg,1,0.00392156862745098,1.0,0.000980392156862745,0.25,10,0.0039215851575136185,0.0,1.0,0.9999997615814209,2.384185791015625e-07,5.358506314223632e-05,15.324981689453125,-9.834186553955078,True,False,True,0.08487606793642044,0.5701566934585571,0.0,-0.5701566934585571,0.5701566934585571,-1.0,1.0,6.717519760131836,0.0,-6.717519760131836,6.717519760131836,-1.0,1.0,1.0,0.0,-1.0,1.0,,,False,True,False,37756.234375,0.0
official_test,facedancer,all_family,unseen_family_primary,chinese2-flickr_F_21668538829_2fb67bd5fd_c,iphone15,test/attack/facedancer/iphone15/chinese2-flickr_F_21668538829_2fb67bd5fd_c.jpg,1,0.00392156862745098,1.0,0.000980392156862745,0.25,10,0.0039215851575136185,0.0,1.0,0.9997780919075012,0.0002219080924987793,1.121299465012271e-05,8.413119316101074,-11.398426055908203,True,False,True,0.09224098175764084,0.5529330372810364,0.0,-0.5529330372810364,0.5529330372810364,-1.0,1.0,5.994440078735352,0.0,-5.994440078735352,5.994440078735352,-1.0,1.0,1.0,0.0,-1.0,1.0,,,False,True,False,36915.31640625,0.0
official_test,facedancer,all_family,unseen_family_primary,chinese2-flickr_F_21696826019_7407a3bea0_k,huawei,test/attack/facedancer/huawei/chinese2-flickr_F_21696826019_7407a3bea0_k.jpg,1,0.00392156862745098,1.0,0.000980392156862745,0.25,10,0.0039215851575136185,0.0,1.0,1.0,0.0,5.960986072750529e-06,20.364032745361328,-12.030268669128418,True,False,True,0.08438365906476974,0.5684539079666138,0.0,-0.5684539079666138,0.5684539079666138,-1.0,1.0,6.7365403175354,0.0,-6.7365403175354,6.7365403175354,-1.0,1.0,1.0,0.0,-1.0,1.0,,,False,True,False,34088.42578125,0.0
official_test,facedancer,all_family,unseen_family_primary,chinese2-flickr_F_21696826019_7407a3bea0_k,scan,test/attack/facedancer/scan/chinese2-flickr_F_21696826019_7407a3bea0_k.jpg,1,0.00392156862745098,1.0,0.000980392156862745,0.25,10,0.0039215851575136185,0.0,1.0,0.9999938011169434,6.198883056640625e-06,1.2708560461760499e-05,11.991439819335938,-11.273221969604492,True,False,True,0.08522770553827286,0.5246714949607849,0.0,-0.5246714949607849,0.5246714949607849,-1.0,1.0,6.156114101409912,0.0,-6.156114101409912,6.156114101409912,-1.0,1.0,1.0,0.0,-1.0,1.0,,,False,True,False,27985.7421875,0.0
official_test,facedancer,all_family,unseen_family_primary,chinese2-flickr_F_25164779518_a723fab6b8_o,iphone15,test/attack/facedancer/iphone15/chinese2-flickr_F_25164779518_a723fab6b8_o.jpg,1,0.00392156862745098,1.0,0.000980392156862745,0.25,10,0.0039215851575136185,0.0,1.0,1.0,0.0,4.11109285778366e-05,25.143354415893555,-10.09919548034668,True,False,True,0.09468347579240799,0.5140594244003296,0.25808823108673096,-0.25597119331359863,0.25597119331359863,-0.497940862794606,0.497940862794606,5.429241180419922,2.725800037384033,-2.7034411430358887,2.7034411430358887,-0.49794088219650473,0.49794088219650473,1.0,0.0,-1.0,1.0,0.2829822599887848,0.8665798902511597,False,False,True,43612.8984375,4536.66650390625
official_test,facedancer,all_family,unseen_family_primary,chinese2-flickr_F_30990251270_6801e68759_c,iphone15,test/attack/facedancer/iphone15/chinese2-flickr_F_30990251270_6801e68759_c.jpg,1,0.00392156862745098,1.0,0.000980392156862745,0.25,10,0.0039215851575136185,0.0,1.0,1.0,0.0,0.00047632105997763574,19.48199462890625,-7.648941993713379,True,False,True,0.07624385505914688,0.5746145248413086,0.8046876192092896,0.23007309436798096,-0.23007309436798096,0.40039554244042175,-0.40039554244042175,7.536535263061523,10.554130554199219,3.0175952911376953,-3.0175952911376953,0.4003955645145983,-0.4003955645145983,1.0,1.0,0.0,0.0,0.2815483808517456,0.8776901960372925,False,False,True,34840.0859375,2441.460205078125
official_test,facedancer,all_family,unseen_family_primary,chinese2-flickr_F_30990251270_6801e68759_c,scan,test/attack/facedancer/scan/chinese2-flickr_F_30990251270_6801e68759_c.jpg,1,0.00392156862745098,1.0,0.000980392156862745,0.25,10,0.0039215851575136185,0.0,1.0,0.9999986886978149,1.3113021850585938e-06,5.52907949895598e-05,13.502440452575684,-9.802848815917969,True,False,True,0.08271412551403046,0.5828641057014465,0.0,-0.5828641057014465,0.5828641057014465,-1.0,1.0,7.046729564666748,0.0,-7.046729564666748,7.046729564666748,-1.0,1.0,1.0,0.0,-1.0,1.0,,,False,True,False,34002.5,0.0
official_test,facedancer,all_family,unseen_family_primary,chinese2-flickr_F_31196390972_be24a6067c_k,huawei,test/attack/facedancer/huawei/chinese2-flickr_F_31196390972_be24a6067c_k.jpg,1,0.00392156862745098,1.0,0.000980392156862745,0.25,10,0.0039215851575136185,0.0,1.0,1.0,0.0,3.841585566988215e-06,21.588054656982422,-12.469621658325195,True,False,True,0.08630310744047165,0.5148659348487854,0.0,-0.5148659348487854,0.5148659348487854,-1.0,1.0,5.965786457061768,0.0,-5.965786457061768,5.965786457061768,-1.0,1.0,1.0,0.0,-1.0,1.0,,,False,True,False,37986.15234375,0.0
official_test,facedancer,all_family,unseen_family_primary,chinese2-flickr_F_31196390972_be24a6067c_k,scan,test/attack/facedancer/scan/chinese2-flickr_F_31196390972_be24a6067c_k.jpg,1,0.00392156862745098,1.0,0.000980392156862745,0.25,10,0.0039215851575136185,0.0,1.0,1.0,0.0,8.486936712870374e-05,17.811748504638672,-9.374312400817871,True,False,True,0.08569484949111938,0.5397896766662598,0.0,-0.5397896766662598,0.5397896766662598,-1.0,1.0,6.298974990844727,0.0,-6.298974990844727,6.298974990844727,-1.0,1.0,1.0,0.0,-1.0,1.0,,,False,True,False,37663.8828125,0.0
official_test,facedancer,all_family,unseen_family_primary,chinese2-flickr_F_31226153591_900ef17f37_k,huawei,test/attack/facedancer/huawei/chinese2-flickr_F_31226153591_900ef17f37_k.jpg,1,0.00392156862745098,1.0,0.000980392156862745,0.25,10,0.0039215851575136185,0.0,0.99462890625,0.9947629570960999,0.00013405084609985352,1.8916307453764603e-05,5.2467360496521,-10.875467300415039,True,False,True,0.09142473340034485,0.657719612121582,0.0,-0.657719612121582,0.657719612121582,-1.0,1.0,7.194109916687012,0.0,-7.194109916687012,7.194109916687012,-1.0,1.0,1.0,0.0,-1.0,1.0,,,False,True,False,22896.134765625,0.0
official_test,facedancer,all_family,unseen_family_primary,chinese2-flickr_F_31226153591_900ef17f37_k,iphone15,test/attack/facedancer/iphone15/chinese2-flickr_F_31226153591_900ef17f37_k.jpg,1,0.00392156862745098,1.0,0.000980392156862745,0.25,10,0.0039215851575136185,0.0,1.0,0.9999929666519165,7.033348083496094e-06,8.171405352186412e-05,11.866392135620117,-9.412202835083008,True,False,True,0.09001629799604416,0.6217663884162903,0.0,-0.6217663884162903,0.6217663884162903,-1.0,1.0,6.907264709472656,0.0,-6.907264709472656,6.907264709472656,-1.0,1.0,1.0,0.0,-1.0,1.0,,,False,True,False,28855.875,0.0
official_test,facedancer,all_family,unseen_family_primary,chinese2-flickr_F_31226153591_900ef17f37_k,scan,test/attack/facedancer/scan/chinese2-flickr_F_31226153591_900ef17f37_k.jpg,1,0.00392156862745098,1.0,0.000980392156862745,0.25,10,0.0039215851575136185,0.0,1.0,0.9999854564666748,1.4543533325195312e-05,0.00017561911954544485,11.141915321350098,-8.647017478942871,True,False,True,0.08855359256267548,0.6060121655464172,0.875,0.26898783445358276,-0.26898783445358276,0.4438654036112411,-0.4438654036112411,6.843451023101807,9.881022453308105,3.037571430206299,-3.037571430206299,0.4438654444887828,-0.4438654444887828,1.0,1.0,0.0,0.0,0.3263859152793884,0.8961721062660217,False,False,True,29777.646484375,1024.0
official_test,facedancer,all_family,unseen_family_primary,chinese2-flickr_F_31998401683_5272a75c42_c,scan,test/attack/facedancer/scan/chinese2-flickr_F_31998401683_5272a75c42_c.jpg,1,0.00392156862745098,1.0,0.000980392156862745,0.25,10,0.0039215851575136185,0.0,1.0,1.0,0.0,3.0088058338151313e-05,22.089115142822266,-10.411352157592773,True,False,True,0.08504668623209,0.4722224473953247,0.0,-0.4722224473953247,0.4722224473953247,-1.0,1.0,5.55250883102417,0.0,-5.55250883102417,5.55250883102417,-1.0,1.0,1.0,0.0,-1.0,1.0,,,False,True,False,47914.5,0.0
official_test,facedancer,all_family,unseen_family_primary,chinese2-flickr_F_31998955273_5516f4db28_h,huawei,test/attack/facedancer/huawei/chinese2-flickr_F_31998955273_5516f4db28_h.jpg,1,0.00392156862745098,1.0,0.000980392156862745,0.25,10,0.0039215851575136185,0.0,0.28857421875,0.28855204582214355,2.2172927856445312e-05,9.956919484466198e-07,-0.9024267792701721,-13.81982707977295,False,False,False,0.07144899666309357,0.4990970492362976,0.0,-0.4990970492362976,0.4990970492362976,-1.0,1.0,6.985361099243164,0.0,-6.985361099243164,6.985361099243164,-1.0,1.0,1.0,0.0,-1.0,1.0,,,False,True,False,13236.1552734375,0.0
official_test,facedancer,all_family,unseen_family_primary,chinese2-flickr_F_31998955273_5516f4db28_h,scan,test/attack/facedancer/scan/chinese2-flickr_F_31998955273_5516f4db28_h.jpg,1,0.00392156862745098,1.0,0.000980392156862745,0.25,10,0.0039215851575136185,0.0,0.9013671875,0.9023389220237732,0.0009717345237731934,8.528848411515355e-06,2.2234866619110107,-11.67204761505127,True,False,True,0.07144076377153397,0.5566983819007874,0.0,-0.5566983819007874,0.5566983819007874,-1.0,1.0,7.792447566986084,0.0,-7.792447566986084,7.792447566986084,-1.0,1.0,1.0,0.0,-1.0,1.0,,,False,True,False,25574.9609375,0.0
official_test,facedancer,all_family,unseen_family_primary,chinese2-flickr_F_32689517821_bfacb0e1ba_h,scan,test/attack/facedancer/scan/chinese2-flickr_F_32689517821_bfacb0e1ba_h.jpg,1,0.00392156862745098,1.0,0.000980392156862745,0.25,10,0.0039215851575136185,0.0,1.0,0.9998828172683716,0.00011718273162841797,2.1328489310690202e-05,9.052228927612305,-10.75544548034668,True,False,True,0.08736836165189743,0.39884430170059204,0.0,-0.39884430170059204,0.39884430170059204,-1.0,1.0,4.565088748931885,0.0,-4.565088748931885,4.565088748931885,-1.0,1.0,1.0,0.0,-1.0,1.0,0.1545102596282959,0.9608864784240723,False,False,True,36072.4453125,1024.0
official_test,facedancer,all_family,unseen_family_primary,chinese2-flickr_F_33552328531_f6d5dd17b8_c,iphone15,test/attack/facedancer/iphone15/chinese2-flickr_F_33552328531_f6d5dd17b8_c.jpg,1,0.00392156862745098,1.0,0.000980392156862745,0.25,10,0.0039215851575136185,0.0,1.0,1.0,0.0,0.00040898771840147674,31.714384078979492,-7.801416397094727,True,False,True,0.08121165633201599,0.5030055046081543,0.26146605610847473,-0.24153944849967957,0.24153944849967957,-0.48019245572240987,0.48019245572240987,6.193759918212891,3.2195632457733154,-2.974196672439575,2.974196672439575,-0.48019243750373386,0.48019243750373386,1.0,0.0,-1.0,1.0,0.21002788841724396,0.866607129573822,False,False,True,42152.40625,5229.6103515625
official_test,facedancer,all_family,unseen_family_primary,chinese2-flickr_F_33552328531_f6d5dd17b8_c,scan,test/attack/facedancer/scan/chinese2-flickr_F_33552328531_f6d5dd17b8_c.jpg,1,0.00392156862745098,1.0,0.000980392156862745,0.25,10,0.0039215851575136185,0.0,1.0,1.0,0.0,0.0035477452911436558,29.286544799804688,-5.6378889083862305,True,False,True,0.07838255167007446,0.47576475143432617,0.6136415004730225,0.1378767490386963,-0.1378767490386963,0.28980026078650883,-0.28980026078650883,6.0697784423828125,7.828802108764648,1.759023666381836,-1.759023666381836,0.28980030870637447,-0.28980030870637447,1.0,1.0,0.0,0.0,0.7032792568206787,0.561903715133667,False,False,True,40799.0390625,10775.8642578125
official_test,facedancer,all_family,unseen_family_primary,chinese2-flickr_F_39035705701_833f3da9bf_o,huawei,test/attack/facedancer/huawei/chinese2-flickr_F_39035705701_833f3da9bf_o.jpg,1,0.00392156862745098,1.0,0.000980392156862745,0.25,10,0.0039215851575136185,0.0,1.0,0.9998941421508789,0.00010585784912109375,3.2779937555460492e-06,9.153429985046387,-12.628275871276855,True,False,True,0.08396491408348083,0.4705065190792084,0.0,-0.4705065190792084,0.4705065190792084,-1.0,1.0,5.60360860824585,0.0,-5.60360860824585,5.60360860824585,-1.0,1.0,1.0,0.0,-1.0,1.0,,,False,True,False,29974.25390625,0.0
official_test,facedancer,all_family,unseen_family_primary,chinese2-flickr_F_39035705701_833f3da9bf_o,iphone15,test/attack/facedancer/iphone15/chinese2-flickr_F_39035705701_833f3da9bf_o.jpg,1,0.00392156862745098,1.0,0.000980392156862745,0.25,10,0.0039215851575136185,0.0,1.0,1.0,0.0,9.634328307583928e-05,17.69115447998047,-9.247496604919434,True,False,True,0.08281250298023224,0.520258367061615,0.0,-0.520258367061615,0.520258367061615,-1.0,1.0,6.282365322113037,0.0,-6.282365322113037,6.282365322113037,-1.0,1.0,1.0,0.0,-1.0,1.0,,,False,True,False,37918.9453125,0.0
official_test,facedancer,all_family,unseen_family_primary,chinese2-flickr_F_48677929383_2cdc743f43_c,huawei,test/attack/facedancer/huawei/chinese2-flickr_F_48677929383_2cdc743f43_c.jpg,1,0.00392156862745098,1.0,0.000980392156862745,0.25,10,0.0039215851575136185,0.0,1.0,0.9999324083328247,6.759166717529297e-05,6.583734375453787e-07,9.601451873779297,-14.233492851257324,True,False,True,0.08266207575798035,0.5580588579177856,0.0,-0.5580588579177856,0.5580588579177856,-1.0,1.0,6.751087188720703,0.0,-6.751087188720703,6.751087188720703,-1.0,1.0,1.0,0.0,-1.0,1.0,,,False,True,False,33129.2265625,0.0
official_test,facedancer,all_family,unseen_family_primary,chinese2-flickr_F_48677929383_2cdc743f43_c,scan,test/attack/facedancer/scan/chinese2-flickr_F_48677929383_2cdc743f43_c.jpg,1,0.00392156862745098,1.0,0.000980392156862745,0.25,10,0.0039215851575136185,0.0,1.0,0.9999983310699463,1.6689300537109375e-06,0.00012543113552965224,13.32499885559082,-8.983628273010254,True,False,True,0.08507155627012253,0.558403491973877,0.0,-0.558403491973877,0.558403491973877,-1.0,1.0,6.563926696777344,0.0,-6.563926696777344,6.563926696777344,-1.0,1.0,1.0,0.0,-1.0,1.0,,,False,True,False,34158.06640625,0.0
official_test,facedancer,all_family,unseen_family_primary,chinese2-flickr_M_16743317854_732a16acc8_k,scan,test/attack/facedancer/scan/chinese2-flickr_M_16743317854_732a16acc8_k.jpg,1,0.00392156862745098,1.0,0.000980392156862745,0.25,10,0.0039215851575136185,0.0,1.0,1.0,0.0,6.591434794245288e-05,16.867942810058594,-9.62708854675293,True,False,True,0.07216282933950424,0.5033846497535706,0.0,-0.5033846497535706,0.5033846497535706,-1.0,1.0,6.975677967071533,0.0,-6.975677967071533,6.975677967071533,-1.0,1.0,1.0,0.0,-1.0,1.0,,,False,True,False,32048.439453125,0.0
official_test,facedancer,all_family,unseen_family_primary,chinese2-flickr_M_21459989349_7ab0e1ace5_k,huawei,test/attack/facedancer/huawei/chinese2-flickr_M_21459989349_7ab0e1ace5_k.jpg,1,0.00392156862745098,1.0,0.000980392156862745,0.25,10,0.0039215851575136185,0.0,1.0,0.9999992847442627,7.152557373046875e-07,5.82361678880261e-07,14.166535377502441,-14.356173515319824,True,False,True,0.08095533400774002,0.5335236191749573,0.0,-0.5335236191749573,0.5335236191749573,-1.0,1.0,6.59034538269043,0.0,-6.59034538269043,6.59034538269043,-1.0,1.0,1.0,0.0,-1.0,1.0,,,False,True,False,33136.6015625,0.0
official_test,facedancer,all_family,unseen_family_primary,chinese2-flickr_M_22911363774_20c12ce7ec_c,huawei,test/attack/facedancer/huawei/chinese2-flickr_M_22911363774_20c12ce7ec_c.jpg,1,0.00392156862745098,1.0,0.000980392156862745,0.25,10,0.0039215851575136185,0.0,1.0,1.0,0.0,3.5960970308224205e-06,16.79900550842285,-12.53565788269043,True,False,True,0.068359375,0.522599995136261,0.0,-0.522599995136261,0.522599995136261,-1.0,1.0,7.644891262054443,0.0,-7.644891262054443,7.644891262054443,-1.0,1.0,1.0,0.0,-1.0,1.0,,,False,True,False,32031.1484375,0.0
official_test,facedancer,all_family,unseen_family_primary,chinese2-flickr_M_22911363774_20c12ce7ec_c,scan,test/attack/facedancer/scan/chinese2-flickr_M_22911363774_20c12ce7ec_c.jpg,1,0.00392156862745098,1.0,0.000980392156862745,0.25,10,0.0039215851575136185,0.0,1.0,0.9999973773956299,2.6226043701171875e-06,3.061179813812487e-05,12.857210159301758,-10.394094467163086,True,False,True,0.06832122057676315,0.5220000147819519,0.0,-0.5220000147819519,0.5220000147819519,-1.0,1.0,7.640378952026367,0.0,-7.640378952026367,7.640378952026367,-1.0,1.0,1.0,0.0,-1.0,1.0,,,False,True,False,27920.734375,0.0
official_test,facedancer,all_family,unseen_family_primary,chinese2-flickr_M_24235235151_ae8ac31253_k,huawei,test/attack/facedancer/huawei/chinese2-flickr_M_24235235151_ae8ac31253_k.jpg,1,0.00392156862745098,1.0,0.000980392156862745,0.25,10,0.0039215851575136185,0.0,1.0,1.0,0.0,4.848590833717026e-05,22.247312545776367,-9.934188842773438,True,False,True,0.0832400992512703,0.529304027557373,0.0,-0.529304027557373,0.529304027557373,-1.0,1.0,6.358762741088867,0.0,-6.358762741088867,6.358762741088867,-1.0,1.0,1.0,0.0,-1.0,1.0,,,False,True,False,33390.98046875,0.0
official_test,facedancer,all_family,unseen_family_primary,chinese2-flickr_M_24291592906_b097dd45e5_k,huawei,test/attack/facedancer/huawei/chinese2-flickr_M_24291592906_b097dd45e5_k.jpg,1,0.00392156862745098,1.0,0.000980392156862745,0.25,10,0.0039215851575136185,0.0,1.0,1.0,0.0,1.8957433667310397e-06,23.652076721191406,-13.175897598266602,True,False,True,0.08033562451601028,0.5645413398742676,0.0,-0.5645413398742676,0.5645413398742676,-1.0,1.0,7.027285099029541,0.0,-7.027285099029541,7.027285099029541,-1.0,1.0,1.0,0.0,-1.0,1.0,,,False,True,False,34291.57421875,0.0
official_test,facedancer,all_family,unseen_family_primary,chinese2-flickr_M_24291592906_b097dd45e5_k,iphone15,test/attack/facedancer/iphone15/chinese2-flickr_M_24291592906_b097dd45e5_k.jpg,1,0.00392156862745098,1.0,0.000980392156862745,0.25,10,0.0039215851575136185,0.0,1.0,1.0,0.0,1.9622095805971185e-06,22.53125762939453,-13.141437530517578,True,False,True,0.08265280723571777,0.559023916721344,0.0,-0.559023916721344,0.559023916721344,-1.0,1.0,6.763519763946533,0.0,-6.763519763946533,6.763519763946533,-1.0,1.0,1.0,0.0,-1.0,1.0,,,False,True,False,35743.453125,0.0
official_test,facedancer,all_family,unseen_family_primary,chinese2-flickr_M_26097180114_4c514c928d_c,huawei,test/attack/facedancer/huawei/chinese2-flickr_M_26097180114_4c514c928d_c.jpg,1,0.00392156862745098,1.0,0.000980392156862745,0.25,10,0.0039215851575136185,0.0,1.0,1.0,0.0,4.799569433089346e-05,27.24834442138672,-9.944351196289062,True,False,True,0.08101233094930649,0.4916101396083832,0.7454907298088074,0.2538805902004242,-0.2538805902004242,0.5164266758262259,-0.5164266758262259,6.0683369636535645,9.202188491821289,3.1338515281677246,-3.1338515281677246,0.5164267487019913,-0.5164267487019913,1.0,1.0,0.0,0.0,0.4694100022315979,0.7894971966743469,False,False,True,37811.21484375,3280.42724609375
official_test,facedancer,all_family,unseen_family_primary,chinese2-flickr_M_26097180114_4c514c928d_c,iphone15,test/attack/facedancer/iphone15/chinese2-flickr_M_26097180114_4c514c928d_c.jpg,1,0.00392156862745098,1.0,0.000980392156862745,0.25,10,0.0039215851575136185,0.0,1.0,1.0,0.0,1.8719192667049356e-05,23.530254364013672,-10.885942459106445,True,False,True,0.07670951634645462,0.4643247723579407,0.0,-0.4643247723579407,0.4643247723579407,-1.0,1.0,6.0530266761779785,0.0,-6.0530266761779785,6.0530266761779785,-1.0,1.0,1.0,0.0,-1.0,1.0,,,False,True,False,37957.9453125,0.0
official_test,facedancer,all_family,unseen_family_primary,chinese2-flickr_M_26097180114_4c514c928d_c,scan,test/attack/facedancer/scan/chinese2-flickr_M_26097180114_4c514c928d_c.jpg,1,0.00392156862745098,1.0,0.000980392156862745,0.25,10,0.0039215851575136185,0.0,1.0,1.0,0.0,0.0016752874944359064,28.971012115478516,-6.390093803405762,True,False,True,0.07901928573846817,0.47041982412338257,0.5526707172393799,0.08225089311599731,-0.08225089311599731,0.17484572056305264,-0.17484572056305264,5.953227996826172,6.994124412536621,1.0408964157104492,-1.0408964157104492,0.17484571668771623,-0.17484571668771623,1.0,1.0,0.0,0.0,0.6732596158981323,0.5993019342422485,False,False,True,37627.7578125,8397.9296875
official_test,facedancer,all_family,unseen_family_primary,chinese2-flickr_M_30516208604_4a571cf89d_c,huawei,test/attack/facedancer/huawei/chinese2-flickr_M_30516208604_4a571cf89d_c.jpg,1,0.00392156862745098,1.0,0.000980392156862745,0.25,10,0.0039215851575136185,0.0,1.0,1.0,0.0,5.851547371094057e-07,18.50458526611328,-14.351388931274414,True,False,True,0.07994051277637482,0.5586073994636536,0.0,-0.5586073994636536,0.5586073994636536,-1.0,1.0,6.987788677215576,0.0,-6.987788677215576,6.987788677215576,-1.0,1.0,1.0,0.0,-1.0,1.0,,,False,True,False,37495.4140625,0.0
official_test,facedancer,all_family,unseen_family_primary,chinese2-flickr_M_30516208604_4a571cf89d_c,iphone15,test/attack/facedancer/iphone15/chinese2-flickr_M_30516208604_4a571cf89d_c.jpg,1,0.00392156862745098,1.0,0.000980392156862745,0.25,10,0.0039215851575136185,0.0,1.0,0.9999420642852783,5.793571472167969e-05,3.265185796408332e-06,9.756654739379883,-12.632190704345703,True,False,True,0.07936877012252808,0.5222252011299133,0.0,-0.5222252011299133,0.5222252011299133,-1.0,1.0,6.579731464385986,0.0,-6.579731464385986,6.579731464385986,-1.0,1.0,1.0,0.0,-1.0,1.0,,,False,True,False,37394.0703125,0.0
official_test,facedancer,all_family,unseen_family_primary,chinese2-flickr_M_30518538704_383875f8c4_c,scan,test/attack/facedancer/scan/chinese2-flickr_M_30518538704_383875f8c4_c.jpg,1,0.00392156862745098,1.0,0.000980392156862745,0.25,10,0.0039215851575136185,0.0,1.0,1.0,0.0,0.00017826193652581424,18.560287475585938,-8.632078170776367,True,False,True,0.07821085304021835,0.4883480668067932,0.0,-0.4883480668067932,0.4883480668067932,-1.0,1.0,6.243993759155273,0.0,-6.243993759155273,6.243993759155273,-1.0,1.0,1.0,0.0,-1.0,1.0,0.11398995667695999,0.9682167172431946,False,False,True,34007.0703125,1024.002685546875
official_test,facedancer,all_family,unseen_family_primary,chinese2-flickr_M_31304800026_59e0161aba_c,huawei,test/attack/facedancer/huawei/chinese2-flickr_M_31304800026_59e0161aba_c.jpg,1,0.00392156862745098,1.0,0.000980392156862745,0.25,10,0.0039215851575136185,0.0,1.0,0.9999903440475464,9.655952453613281e-06,1.9132894522044808e-05,11.554095268249512,-10.864082336425781,True,False,True,0.07899386435747147,0.5877284407615662,0.0,-0.5877284407615662,0.5877284407615662,-1.0,1.0,7.440178394317627,0.0,-7.440178394317627,7.440178394317627,-1.0,1.0,1.0,0.0,-1.0,1.0,,,False,True,False,32191.02734375,0.0
official_test,facedancer,all_family,unseen_family_primary,chinese2-flickr_M_31304800026_59e0161aba_c,scan,test/attack/facedancer/scan/chinese2-flickr_M_31304800026_59e0161aba_c.jpg,1,0.00392156862745098,1.0,0.000980392156862745,0.25,10,0.0039215851575136185,0.0,1.0,0.9999852180480957,1.4781951904296875e-05,5.2294242777861655e-05,11.121058464050293,-9.858572006225586,True,False,True,0.07174558937549591,0.528992772102356,0.0,-0.528992772102356,0.528992772102356,-1.0,1.0,7.373174667358398,0.0,-7.373174667358398,7.373174667358398,-1.0,1.0,1.0,0.0,-1.0,1.0,,,False,True,False,27396.46484375,0.0
official_test,facedancer,all_family,unseen_family_primary,chinese2-flickr_M_31840786965_77af814416_h,iphone15,test/attack/facedancer/iphone15/chinese2-flickr_M_31840786965_77af814416_h.jpg,1,0.00392156862745098,1.0,0.000980392156862745,0.25,10,0.0039215851575136185,0.0,1.0,1.0,0.0,4.4081989472033456e-05,22.25528335571289,-10.029415130615234,True,False,True,0.08288544416427612,0.5759795904159546,0.0,-0.5759795904159546,0.5759795904159546,-1.0,1.0,6.949104309082031,0.0,-6.949104309082031,6.949104309082031,-1.0,1.0,1.0,0.0,-1.0,1.0,,,False,True,False,37921.8828125,0.0
official_test,facedancer,all_family,unseen_family_primary,chinese2-flickr_M_32771950686_f8d5084d87_h,huawei,test/attack/facedancer/huawei/chinese2-flickr_M_32771950686_f8d5084d87_h.jpg,1,0.00392156862745098,1.0,0.000980392156862745,0.25,10,0.0039215851575136185,0.0,1.0,0.9999998807907104,1.1920928955078125e-07,2.75577207276001e-07,16.316457748413086,-15.104397773742676,True,False,True,0.08805399388074875,0.5272332429885864,0.0,-0.5272332429885864,0.5272332429885864,-1.0,1.0,5.987613201141357,0.0,-5.987613201141357,5.987613201141357,-1.0,1.0,1.0,0.0,-1.0,1.0,,,False,True,False,34117.34375,0.0
official_test,facedancer,all_family,unseen_family_primary,chinese2-flickr_M_32812741685_462068ee90_h,huawei,test/attack/facedancer/huawei/chinese2-flickr_M_32812741685_462068ee90_h.jpg,1,0.00392156862745098,1.0,0.000980392156862745,0.25,10,0.0039215851575136185,0.0,0.9990234375,0.9988131523132324,0.00021028518676757812,1.961872840183787e-06,6.735292911529541,-13.141609191894531,True,False,True,0.06755486130714417,0.5443515181541443,0.0,-0.5443515181541443,0.5443515181541443,-1.0,1.0,8.057917594909668,0.0,-8.057917594909668,8.057917594909668,-1.0,1.0,0.0,0.0,0.0,0.0,,,False,True,False,30960.400390625,0.0
official_test,facedancer,all_family,unseen_family_primary,chinese2-flickr_M_33525327222_f112b468ed_k,huawei,test/attack/facedancer/huawei/chinese2-flickr_M_33525327222_f112b468ed_k.jpg,1,0.00392156862745098,1.0,0.000980392156862745,0.25,10,0.0039215851575136185,0.0,0.99951171875,0.9995208978652954,9.179115295410156e-06,7.578758959425613e-05,7.6430439949035645,-9.487500190734863,True,False,True,0.0788005143404007,0.5327883958816528,0.0,-0.5327883958816528,0.5327883958816528,-1.0,1.0,6.761229515075684,0.0,-6.761229515075684,6.761229515075684,-1.0,1.0,1.0,0.0,-1.0,1.0,,,False,True,False,24980.69921875,0.0
official_test,facedancer,all_family,unseen_family_primary,chinese2-flickr_M_33525327222_f112b468ed_k,scan,test/attack/facedancer/scan/chinese2-flickr_M_33525327222_f112b468ed_k.jpg,1,0.00392156862745098,1.0,0.000980392156862745,0.25,10,0.0039215851575136185,0.0,1.0,0.9997628331184387,0.0002371668815612793,0.00013396397116594017,8.346257209777832,-8.917805671691895,True,False,True,0.08097220957279205,0.5653768181800842,0.0,-0.5653768181800842,0.5653768181800842,-1.0,1.0,6.982356071472168,0.0,-6.982356071472168,6.982356071472168,-1.0,1.0,1.0,0.0,-1.0,1.0,,,False,True,False,28148.453125,0.0
official_test,facedancer,all_family,unseen_family_primary,chinese2-flickr_M_33552319041_2631ab0a0c_c,iphone15,test/attack/facedancer/iphone15/chinese2-flickr_M_33552319041_2631ab0a0c_c.jpg,1,0.00392156862745098,1.0,0.000980392156862745,0.25,10,0.0039215851575136185,0.0,1.0,1.0,0.0,3.590770575101487e-05,22.896669387817383,-10.234522819519043,True,False,True,0.08196693658828735,0.5645076036453247,0.0,-0.5645076036453247,0.5645076036453247,-1.0,1.0,6.8870158195495605,0.0,-6.8870158195495605,6.8870158195495605,-1.0,1.0,1.0,0.0,-1.0,1.0,,,False,True,False,38428.1875,0.0
official_test,facedancer,all_family,unseen_family_primary,chinese2-flickr_M_33552319041_2631ab0a0c_c,scan,test/attack/facedancer/scan/chinese2-flickr_M_33552319041_2631ab0a0c_c.jpg,1,0.00392156862745098,1.0,0.000980392156862745,0.25,10,0.0039215851575136185,0.0,1.0,1.0,0.0,0.0011583081213757396,23.26242446899414,-6.759635925292969,True,False,True,0.08168826252222061,0.519071638584137,0.6565914750099182,0.13751983642578125,-0.13751983642578125,0.2649342137067858,-0.2649342137067858,6.354299068450928,8.03777027130127,1.6834712028503418,-1.6834712028503418,0.2649342098499535,-0.2649342098499535,1.0,1.0,0.0,0.0,0.5955649018287659,0.6899430751800537,False,False,True,36281.859375,6825.2734375
official_test,facedancer,all_family,unseen_family_primary,chinese2-flickr_M_34592740762_6446ed6334_k,huawei,test/attack/facedancer/huawei/chinese2-flickr_M_34592740762_6446ed6334_k.jpg,1,0.00392156862745098,1.0,0.000980392156862745,0.25,10,0.0039215851575136185,0.0,1.0,0.9999167919158936,8.320808410644531e-05,9.191682693199255e-06,9.393836975097656,-11.59720230102539,True,False,True,0.08375058323144913,0.5951462388038635,0.0,-0.5951462388038635,0.5951462388038635,-1.0,1.0,7.106173992156982,0.0,-7.106173992156982,7.106173992156982,-1.0,1.0,1.0,0.0,-1.0,1.0,,,False,True,False,29323.328125,0.0
official_test,facedancer,all_family,unseen_family_primary,chinese2-flickr_M_34592740762_6446ed6334_k,iphone15,test/attack/facedancer/iphone15/chinese2-flickr_M_34592740762_6446ed6334_k.jpg,1,0.00392156862745098,1.0,0.000980392156862745,0.25,10,0.0039215851575136185,0.0,0.9990234375,0.9990975856781006,7.414817810058594e-05,1.2711954695987515e-05,7.009459495544434,-11.272954940795898,True,False,True,0.08143175393342972,0.6071693301200867,0.0,-0.6071693301200867,0.6071693301200867,-1.0,1.0,7.456174373626709,0.0,-7.456174373626709,7.456174373626709,-1.0,1.0,0.0,0.0,0.0,0.0,,,False,True,False,27154.970703125,0.0
official_test,facedancer,all_family,unseen_family_primary,chinese2-flickr_M_34592740762_6446ed6334_k,scan,test/attack/facedancer/scan/chinese2-flickr_M_34592740762_6446ed6334_k.jpg,1,0.00392156862745098,1.0,0.000980392156862745,0.25,10,0.0039215851575136185,0.0,1.0,0.9999921321868896,7.867813110351562e-06,2.4438984837615862e-05,11.756128311157227,-10.619306564331055,True,False,True,0.08395341038703918,0.6196587085723877,0.0,-0.6196587085723877,0.6196587085723877,-1.0,1.0,7.380983352661133,0.0,-7.380983352661133,7.380983352661133,-1.0,1.0,1.0,0.0,-1.0,1.0,,,False,True,False,33626.0625,0.0
official_test,facedancer,all_family,unseen_family_primary,chinese2-flickr_M_3625086942_a3ed938d9c_c,huawei,test/attack/facedancer/huawei/chinese2-flickr_M_3625086942_a3ed938d9c_c.jpg,1,0.00392156862745098,1.0,0.000980392156862745,0.25,10,0.0039215851575136185,0.0,1.0,0.9998001456260681,0.00019985437393188477,1.0004224350268487e-05,8.517884254455566,-11.512493133544922,True,False,True,0.08884785324335098,0.6297459602355957,0.0,-0.6297459602355957,0.6297459602355957,-1.0,1.0,7.08791446685791,0.0,-7.08791446685791,7.08791446685791,-1.0,1.0,1.0,0.0,-1.0,1.0,,,False,True,False,25977.48046875,0.0
official_test,facedancer,all_family,unseen_family_primary,chinese2-flickr_M_3625086942_a3ed938d9c_c,scan,test/attack/facedancer/scan/chinese2-flickr_M_3625086942_a3ed938d9c_c.jpg,1,0.00392156862745098,1.0,0.000980392156862745,0.25,10,0.0039215851575136185,0.0,1.0,0.9999998807907104,1.1920928955078125e-07,7.588687731185928e-05,15.850586891174316,-9.486190795898438,True,False,True,0.08636198937892914,0.585554838180542,0.0,-0.585554838180542,0.585554838180542,-1.0,1.0,6.780238151550293,0.0,-6.780238151550293,6.780238151550293,-1.0,1.0,1.0,0.0,-1.0,1.0,,,False,True,False,30650.40234375,0.0
official_test,facedancer,all_family,unseen_family_primary,chinese2-flickr_M_37190875605_735b3fca0d_c,huawei,test/attack/facedancer/huawei/chinese2-flickr_M_37190875605_735b3fca0d_c.jpg,1,0.00392156862745098,1.0,0.000980392156862745,0.25,10,0.0039215851575136185,0.0,1.0,1.0,0.0,1.9882452761521563e-05,17.71612548828125,-10.825653076171875,True,False,True,0.07694099098443985,0.4904460906982422,0.0,-0.4904460906982422,0.4904460906982422,-1.0,1.0,6.374314308166504,0.0,-6.374314308166504,6.374314308166504,-1.0,1.0,1.0,0.0,-1.0,1.0,,,False,True,False,36545.0390625,0.0
official_test,facedancer,all_family,unseen_family_primary,chinese2-flickr_M_38319821984_1d6e303c3e_o,huawei,test/attack/facedancer/huawei/chinese2-flickr_M_38319821984_1d6e303c3e_o.jpg,1,0.00392156862745098,1.0,0.000980392156862745,0.25,10,0.0039215851575136185,0.0,1.0,0.9999980926513672,1.9073486328125e-06,1.6770178262959234e-05,13.188158988952637,-10.995891571044922,True,False,True,0.07447497546672821,0.5237382650375366,0.0,-0.5237382650375366,0.5237382650375366,-1.0,1.0,7.032405853271484,0.0,-7.032405853271484,7.032405853271484,-1.0,1.0,1.0,0.0,-1.0,1.0,,,False,True,False,26691.486328125,0.0
official_test,facedancer,all_family,unseen_family_primary,chinese2-flickr_M_38319821984_1d6e303c3e_o,iphone15,test/attack/facedancer/iphone15/chinese2-flickr_M_38319821984_1d6e303c3e_o.jpg,1,0.00392156862745098,1.0,0.000980392156862745,0.25,10,0.0039215851575136185,0.0,1.0,1.0,0.0,3.8082307582953945e-06,17.653654098510742,-12.478342056274414,True,False,True,0.07170245051383972,0.45117226243019104,0.0,-0.45117226243019104,0.45117226243019104,-1.0,1.0,6.292284965515137,0.0,-6.292284965515137,6.292284965515137,-1.0,1.0,1.0,0.0,-1.0,1.0,,,False,True,False,32593.82421875,0.0
official_test,facedancer,all_family,unseen_family_primary,chinese2-flickr_M_38319821984_1d6e303c3e_o,scan,test/attack/facedancer/scan/chinese2-flickr_M_38319821984_1d6e303c3e_o.jpg,1,0.00392156862745098,1.0,0.000980392156862745,0.25,10,0.0039215851575136185,0.0,1.0,0.999998927116394,1.0728836059570312e-06,0.00017834475147537887,13.693742752075195,-8.631613731384277,True,False,True,0.07596014440059662,0.5466549396514893,0.0,-0.5466549396514893,0.5466549396514893,-1.0,1.0,7.196601867675781,0.0,-7.196601867675781,7.196601867675781,-1.0,1.0,1.0,0.0,-1.0,1.0,,,False,True,False,30892.76953125,0.0
official_test,facedancer,all_family,unseen_family_primary,chinese2-flickr_M_6850649398_5d950a2635_k,huawei,test/attack/facedancer/huawei/chinese2-flickr_M_6850649398_5d950a2635_k.jpg,1,0.00392156862745098,1.0,0.000980392156862745,0.25,10,0.0039215851575136185,0.0,1.0,0.9999998807907104,1.1920928955078125e-07,4.898475253867218e-06,15.582050323486328,-12.226581573486328,True,False,True,0.07981754839420319,0.5835922360420227,0.0,-0.5835922360420227,0.5835922360420227,-1.0,1.0,7.311578273773193,0.0,-7.311578273773193,7.311578273773193,-1.0,1.0,1.0,0.0,-1.0,1.0,,,False,True,False,33910.234375,0.0
official_test,facedancer,all_family,unseen_family_primary,chinese2-flickr_M_6850649398_5d950a2635_k,scan,test/attack/facedancer/scan/chinese2-flickr_M_6850649398_5d950a2635_k.jpg,1,0.00392156862745098,1.0,0.000980392156862745,0.25,10,0.0039215851575136185,0.0,1.0,1.0,0.0,0.00015546503709629178,21.296398162841797,-8.76893424987793,True,False,True,0.06789981573820114,0.4478183388710022,0.0,-0.4478183388710022,0.4478183388710022,-1.0,1.0,6.595280647277832,0.0,-6.595280647277832,6.595280647277832,-1.0,1.0,1.0,0.0,-1.0,1.0,,,False,True,False,33754.74609375,0.0
official_test,facedancer,all_family,unseen_family_primary,netherland-flickr_F_10239917343_ca73cd29b5_h,huawei,test/attack/facedancer/huawei/netherland-flickr_F_10239917343_ca73cd29b5_h.jpg,1,0.00392156862745098,1.0,0.000980392156862745,0.25,10,0.0039215851575136185,0.0,1.0,0.9999995231628418,4.76837158203125e-07,8.580072830000063e-08,14.577096939086914,-16.271238327026367,True,False,True,0.07083141058683395,0.5637381672859192,0.0,-0.5637381672859192,0.5637381672859192,-1.0,1.0,7.958872318267822,0.0,-7.958872318267822,7.958872318267822,-1.0,1.0,1.0,0.0,-1.0,1.0,,,False,True,False,27320.396484375,0.0
official_test,facedancer,all_family,unseen_family_primary,netherland-flickr_F_10239917343_ca73cd29b5_h,iphone15,test/attack/facedancer/iphone15/netherland-flickr_F_10239917343_ca73cd29b5_h.jpg,1,0.00392156862745098,1.0,0.000980392156862745,0.25,10,0.0039215851575136185,0.0,1.0,0.9999998807907104,1.1920928955078125e-07,2.7573360057431273e-06,16.238718032836914,-12.80124282836914,True,False,True,0.06979373842477798,0.5645860433578491,0.0,-0.5645860433578491,0.5645860433578491,-1.0,1.0,8.089350700378418,0.0,-8.089350700378418,8.089350700378418,-1.0,1.0,1.0,0.0,-1.0,1.0,,,False,True,False,28299.052734375,0.0
official_test,facedancer,all_family,unseen_family_primary,netherland-flickr_F_20301931855_4cd18f8166_k,huawei,test/attack/facedancer/huawei/netherland-flickr_F_20301931855_4cd18f8166_k.jpg,1,0.00392156862745098,1.0,0.000980392156862745,0.25,10,0.0039215851575136185,0.0,1.0,0.9999998807907104,1.1920928955078125e-07,4.308419221388249e-08,16.29367446899414,-16.96010971069336,True,False,True,0.07396157085895538,0.5635652542114258,0.0,-0.5635652542114258,0.5635652542114258,-1.0,1.0,7.619703769683838,0.0,-7.619703769683838,7.619703769683838,-1.0,1.0,1.0,0.0,-1.0,1.0,,,False,True,False,31108.517578125,0.0
official_test,facedancer,all_family,unseen_family_primary,netherland-flickr_F_20301931855_4cd18f8166_k,iphone15,test/attack/facedancer/iphone15/netherland-flickr_F_20301931855_4cd18f8166_k.jpg,1,0.00392156862745098,1.0,0.000980392156862745,0.25,10,0.0039215851575136185,0.0,1.0,1.0,0.0,2.1217731500655646e-06,16.851428985595703,-13.06325626373291,True,False,True,0.0641077533364296,0.49601510167121887,0.0,-0.49601510167121887,0.49601510167121887,-1.0,1.0,7.737208843231201,0.0,-7.737208843231201,7.737208843231201,-1.0,1.0,1.0,0.0,-1.0,1.0,,,False,True,False,31955.552734375,0.0
official_test,facedancer,all_family,unseen_family_primary,netherland-flickr_F_20301931855_4cd18f8166_k,scan,test/attack/facedancer/scan/netherland-flickr_F_20301931855_4cd18f8166_k.jpg,1,0.00392156862745098,1.0,0.000980392156862745,0.25,10,0.0039215851575136185,0.0,1.0,0.9999998807907104,1.1920928955078125e-07,3.6663516311818967e-06,15.673397064208984,-12.51630973815918,True,False,True,0.07200297713279724,0.5510159730911255,0.0,-0.5510159730911255,0.5510159730911255,-1.0,1.0,7.652682781219482,0.0,-7.652682781219482,7.652682781219482,-1.0,1.0,1.0,0.0,-1.0,1.0,,,False,True,False,29815.56640625,0.0
official_test,facedancer,all_family,unseen_family_primary,netherland-flickr_F_26297818201_09eab93588_k,huawei,test/attack/facedancer/huawei/netherland-flickr_F_26297818201_09eab93588_k.jpg,1,0.00392156862745098,1.0,0.000980392156862745,0.25,10,0.0039215851575136185,0.0,1.0,1.0,0.0,1.115507802751381e-05,19.535419464111328,-11.403604507446289,True,False,True,0.07915081083774567,0.6122501492500305,0.5928187966346741,-0.019431352615356445,0.019431352615356445,-0.03173760372154859,0.03173760372154859,7.735235214233398,7.489737510681152,-0.2454977035522461,0.2454977035522461,-0.03173758738461015,0.03173758738461015,1.0,1.0,0.0,0.0,0.6430854797363281,0.6248085498809814,False,False,True,31801.84765625,6665.658203125
official_test,facedancer,all_family,unseen_family_primary,netherland-flickr_F_28051545714_ab479f15eb_k,iphone15,test/attack/facedancer/iphone15/netherland-flickr_F_28051545714_ab479f15eb_k.jpg,1,0.00392156862745098,1.0,0.000980392156862745,0.25,10,0.0039215851575136185,0.0,1.0,0.9999998807907104,1.1920928955078125e-07,3.3935670273876894e-08,16.007572174072266,-17.19879913330078,True,False,True,0.07274369895458221,0.5920280814170837,0.0,-0.5920280814170837,0.5920280814170837,-1.0,1.0,8.138547897338867,0.0,-8.138547897338867,8.138547897338867,-1.0,1.0,1.0,0.0,-1.0,1.0,,,False,True,False,32754.44921875,0.0
official_test,facedancer,all_family,unseen_family_primary,netherland-flickr_F_28630210242_e3780d0ee9_b,huawei,test/attack/facedancer/huawei/netherland-flickr_F_28630210242_e3780d0ee9_b.jpg,1,0.00392156862745098,1.0,0.000980392156862745,0.25,10,0.0039215851575136185,0.0,1.0,1.0,0.0,1.0421433671581326e-06,18.95072364807129,-13.774230003356934,True,False,True,0.07634478062391281,0.6078762412071228,0.0,-0.6078762412071228,0.6078762412071228,-1.0,1.0,7.962249755859375,0.0,-7.962249755859375,7.962249755859375,-1.0,1.0,1.0,0.0,-1.0,1.0,,,False,True,False,31135.7578125,0.0
official_test,facedancer,all_family,unseen_family_primary,netherland-flickr_F_28630210242_e3780d0ee9_b,iphone15,test/attack/facedancer/iphone15/netherland-flickr_F_28630210242_e3780d0ee9_b.jpg,1,0.00392156862745098,1.0,0.000980392156862745,0.25,10,0.0039215851575136185,0.0,1.0,0.9999995231628418,4.76837158203125e-07,1.1907487532880623e-05,14.688901901245117,-11.33833122253418,True,False,True,0.07796163856983185,0.6166686415672302,0.0,-0.6166686415672302,0.6166686415672302,-1.0,1.0,7.909898281097412,0.0,-7.909898281097412,7.909898281097412,-1.0,1.0,1.0,0.0,-1.0,1.0,,,False,True,False,30597.322265625,0.0
official_test,facedancer,all_family,unseen_family_primary,netherland-flickr_F_31998547103_f617b19dfc_h,scan,test/attack/facedancer/scan/netherland-flickr_F_31998547103_f617b19dfc_h.jpg,1,0.00392156862745098,1.0,0.000980392156862745,0.25,10,0.0039215851575136185,0.0,1.0,0.999992847442627,7.152557373046875e-06,3.2927458960330114e-05,11.851566314697266,-10.321170806884766,True,False,True,0.07309112697839737,0.5763391852378845,0.0,-0.5763391852378845,0.5763391852378845,-1.0,1.0,7.885214328765869,0.0,-7.885214328765869,7.885214328765869,-1.0,1.0,1.0,0.0,-1.0,1.0,,,False,True,False,29652.65625,0.0
official_test,facedancer,all_family,unseen_family_primary,netherland-flickr_F_31998771523_784e7e9597_h,huawei,test/attack/facedancer/huawei/netherland-flickr_F_31998771523_784e7e9597_h.jpg,1,0.00392156862745098,1.0,0.000980392156862745,0.25,10,0.0039215851575136185,0.0,1.0,1.0,0.0,2.4945356358330173e-07,18.92170524597168,-15.20399284362793,True,False,True,0.0709749087691307,0.5503246188163757,0.0,-0.5503246188163757,0.5503246188163757,-1.0,1.0,7.753791332244873,0.0,-7.753791332244873,7.753791332244873,-1.0,1.0,1.0,0.0,-1.0,1.0,,,False,True,False,30183.8671875,0.0
official_test,facedancer,all_family,unseen_family_primary,netherland-flickr_F_31998771523_784e7e9597_h,scan,test/attack/facedancer/scan/netherland-flickr_F_31998771523_784e7e9597_h.jpg,1,0.00392156862745098,1.0,0.000980392156862745,0.25,10,0.0039215851575136185,0.0,1.0,0.9999998807907104,1.1920928955078125e-07,3.300227035651915e-05,16.196908950805664,-10.318901062011719,True,False,True,0.07290951162576675,0.570828914642334,0.0,-0.570828914642334,0.570828914642334,-1.0,1.0,7.829278945922852,0.0,-7.829278945922852,7.829278945922852,-1.0,1.0,1.0,0.0,-1.0,1.0,,,False,True,False,31913.076171875,0.0
official_test,facedancer,all_family,unseen_family_primary,netherland-flickr_F_32868411313_4bb20e41db_c,scan,test/attack/facedancer/scan/netherland-flickr_F_32868411313_4bb20e41db_c.jpg,1,0.00392156862745098,1.0,0.000980392156862745,0.25,10,0.0039215851575136185,0.0,1.0,1.0,0.0,6.170506094349548e-05,20.12453842163086,-9.693082809448242,True,False,True,0.0786340981721878,0.6048629283905029,0.7156801819801331,0.11081725358963013,-0.11081725358963013,0.18321052322466996,-0.18321052322466996,7.69212007522583,9.101397514343262,1.4092774391174316,-1.4092774391174316,0.1832105356306541,-0.1832105356306541,1.0,1.0,0.0,0.0,0.476755291223526,0.7050126791000366,False,False,True,36359.39453125,5462.25439453125
official_test,facedancer,all_family,unseen_family_primary,netherland-flickr_F_36412358965_0ec43e5de3_c,huawei,test/attack/facedancer/huawei/netherland-flickr_F_36412358965_0ec43e5de3_c.jpg,1,0.00392156862745098,1.0,0.000980392156862745,0.25,10,0.0039215851575136185,0.0,1.0,1.0,0.0,4.440640921643535e-08,20.445175170898438,-16.929882049560547,True,False,True,0.07569508999586105,0.5782756805419922,0.0,-0.5782756805419922,0.5782756805419922,-1.0,1.0,7.639540195465088,0.0,-7.639540195465088,7.639540195465088,-1.0,1.0,1.0,0.0,-1.0,1.0,,,False,True,False,35865.0078125,0.0
official_test,facedancer,all_family,unseen_family_primary,netherland-flickr_F_37019045642_0a3fa19256_k,iphone15,test/attack/facedancer/iphone15/netherland-flickr_F_37019045642_0a3fa19256_k.jpg,1,0.00392156862745098,1.0,0.000980392156862745,0.25,10,0.0039215851575136185,0.0,1.0,1.0,0.0,1.8559302361609298e-06,24.817886352539062,-13.197122573852539,True,False,True,0.07672269642353058,0.586817741394043,0.0,-0.586817741394043,0.586817741394043,-1.0,1.0,7.648554801940918,0.0,-7.648554801940918,7.648554801940918,-1.0,1.0,1.0,0.0,-1.0,1.0,,,False,True,False,36305.765625,0.0
official_test,facedancer,all_family,unseen_family_primary,netherland-flickr_F_37019045642_0a3fa19256_k,scan,test/attack/facedancer/scan/netherland-flickr_F_37019045642_0a3fa19256_k.jpg,1,0.00392156862745098,1.0,0.000980392156862745,0.25,10,0.0039215851575136185,0.0,1.0,0.9999997615814209,2.384185791015625e-07,5.4562315199291334e-05,15.251896858215332,-9.816112518310547,True,False,True,0.07330299913883209,0.5693662762641907,0.0,-0.5693662762641907,0.5693662762641907,-1.0,1.0,7.767298698425293,0.0,-7.767298698425293,7.767298698425293,-1.0,1.0,1.0,0.0,-1.0,1.0,,,False,True,False,31093.47265625,0.0
official_test,facedancer,all_family,unseen_family_primary,netherland-flickr_F_37048326531_f8270ca4df_k,huawei,test/attack/facedancer/huawei/netherland-flickr_F_37048326531_f8270ca4df_k.jpg,1,0.00392156862745098,1.0,0.000980392156862745,0.25,10,0.0039215851575136185,0.0,1.0,0.9999350309371948,6.496906280517578e-05,2.809263932590511e-08,9.642111778259277,-17.387758255004883,True,False,True,0.07958197593688965,0.5938532948493958,0.0,-0.5938532948493958,0.5938532948493958,-1.0,1.0,7.462158203125,0.0,-7.462158203125,7.462158203125,-1.0,1.0,1.0,0.0,-1.0,1.0,,,False,True,False,28383.3515625,0.0
official_test,facedancer,all_family,unseen_family_primary,netherland-flickr_M_15788104622_be592061dc_k,scan,test/attack/facedancer/scan/netherland-flickr_M_15788104622_be592061dc_k.jpg,1,0.00392156862745098,1.0,0.000980392156862745,0.25,10,0.0039215851575136185,0.0,0.99951171875,0.9993332028388977,0.00017851591110229492,7.801865285728127e-05,7.312311172485352,-9.458484649658203,True,False,True,0.0783245861530304,0.6167358160018921,0.0,-0.6167358160018921,0.6167358160018921,-1.0,1.0,7.8741021156311035,0.0,-7.8741021156311035,7.8741021156311035,-1.0,1.0,1.0,0.0,-1.0,1.0,,,False,True,False,26973.34765625,0.0
official_test,facedancer,all_family,unseen_family_primary,netherland-flickr_M_17339867026_3135c7e76f_k,huawei,test/attack/facedancer/huawei/netherland-flickr_M_17339867026_3135c7e76f_k.jpg,1,0.00392156862745098,1.0,0.000980392156862745,0.25,10,0.0039215851575136185,0.0,1.0,1.0,0.0,5.9148579367729326e-08,17.212852478027344,-16.643213272094727,True,False,True,0.0643431544303894,0.5222445726394653,0.0,-0.5222445726394653,0.5222445726394653,-1.0,1.0,8.116551399230957,0.0,-8.116551399230957,8.116551399230957,-1.0,1.0,1.0,0.0,-1.0,1.0,,,False,True,False,31025.9375,0.0
official_test,facedancer,all_family,unseen_family_primary,netherland-flickr_M_17339867026_3135c7e76f_k,iphone15,test/attack/facedancer/iphone15/netherland-flickr_M_17339867026_3135c7e76f_k.jpg,1,0.00392156862745098,1.0,0.000980392156862745,0.25,10,0.0039215851575136185,0.0,1.0,0.9999995231628418,4.76837158203125e-07,1.539701202091237e-07,14.673614501953125,-15.686507225036621,True,False,True,0.0653298944234848,0.5071886777877808,0.0,-0.5071886777877808,0.5071886777877808,-1.0,1.0,7.763500690460205,0.0,-7.763500690460205,7.763500690460205,-1.0,1.0,1.0,0.0,-1.0,1.0,,,False,True,False,29387.609375,0.0
official_test,facedancer,all_family,unseen_family_primary,netherland-flickr_M_18042193331_841d026f9a_c,huawei,test/attack/facedancer/huawei/netherland-flickr_M_18042193331_841d026f9a_c.jpg,1,0.00392156862745098,1.0,0.000980392156862745,0.25,10,0.0039215851575136185,0.0,1.0,0.99998939037323,1.0609626770019531e-05,3.9004558516353427e-07,11.455642700195312,-14.757001876831055,True,False,True,0.06969975680112839,0.5462573170661926,0.0,-0.5462573170661926,0.5462573170661926,-1.0,1.0,7.837291717529297,0.0,-7.837291717529297,7.837291717529297,-1.0,1.0,1.0,0.0,-1.0,1.0,,,False,True,False,28509.40234375,0.0
official_test,facedancer,all_family,unseen_family_primary,netherland-flickr_M_18042193331_841d026f9a_c,iphone15,test/attack/facedancer/iphone15/netherland-flickr_M_18042193331_841d026f9a_c.jpg,1,0.00392156862745098,1.0,0.000980392156862745,0.25,10,0.0039215851575136185,0.0,1.0,0.9999946355819702,5.364418029785156e-06,5.771776727669931e-07,12.125911712646484,-14.36511516571045,True,False,True,0.07465117424726486,0.5912282466888428,0.0,-0.5912282466888428,0.5912282466888428,-1.0,1.0,7.9198784828186035,0.0,-7.9198784828186035,7.9198784828186035,-1.0,1.0,1.0,0.0,-1.0,1.0,,,False,True,False,28607.1171875,0.0
official_test,facedancer,all_family,unseen_family_primary,netherland-flickr_M_19475853574_c947539b18_c,iphone15,test/attack/facedancer/iphone15/netherland-flickr_M_19475853574_c947539b18_c.jpg,1,0.00392156862745098,1.0,0.000980392156862745,0.25,10,0.0039215851575136185,0.0,1.0,1.0,0.0,1.4230134866011213e-06,17.52956199645996,-13.462732315063477,True,False,True,0.07046549767255783,0.5414702892303467,0.0,-0.5414702892303467,0.5414702892303467,-1.0,1.0,7.684190273284912,0.0,-7.684190273284912,7.684190273284912,-1.0,1.0,1.0,0.0,-1.0,1.0,,,False,True,False,31039.7109375,0.0
official_test,facedancer,all_family,unseen_family_primary,netherland-flickr_M_19475853574_c947539b18_c,scan,test/attack/facedancer/scan/netherland-flickr_M_19475853574_c947539b18_c.jpg,1,0.00392156862745098,1.0,0.000980392156862745,0.25,10,0.0039215851575136185,0.0,1.0,1.0,0.0,9.418558329343796e-05,18.544445037841797,-9.270149230957031,True,False,True,0.07308560609817505,0.5688239932060242,0.0,-0.5688239932060242,0.5688239932060242,-1.0,1.0,7.78298282623291,0.0,-7.78298282623291,7.78298282623291,-1.0,1.0,1.0,0.0,-1.0,1.0,,,False,True,False,32878.6953125,0.0
official_test,facedancer,all_family,unseen_family_primary,netherland-flickr_M_21260956694_6fd7ae0222_k,scan,test/attack/facedancer/scan/netherland-flickr_M_21260956694_6fd7ae0222_k.jpg,1,0.00392156862745098,1.0,0.000980392156862745,0.25,10,0.0039215851575136185,0.0,1.0,0.9999994039535522,5.960464477539062e-07,8.209495717892423e-06,14.371746063232422,-11.710210800170898,True,False,True,0.07150475680828094,0.5819010734558105,0.0,-0.5819010734558105,0.5819010734558105,-1.0,1.0,8.137934684753418,0.0,-8.137934684753418,8.137934684753418,-1.0,1.0,1.0,0.0,-1.0,1.0,,,False,True,False,28748.583984375,0.0
official_test,facedancer,all_family,unseen_family_primary,netherland-flickr_M_23559454676_4919252d67_c,scan,test/attack/facedancer/scan/netherland-flickr_M_23559454676_4919252d67_c.jpg,1,0.00392156862745098,1.0,0.000980392156862745,0.25,10,0.0039215851575136185,0.0,0.99755859375,0.9977279305458069,0.00016933679580688477,6.138013759482419e-06,6.084799766540527,-12.00100326538086,True,False,True,0.08327696472406387,0.6580389738082886,0.0,-0.6580389738082886,0.6580389738082886,-1.0,1.0,7.90181303024292,0.0,-7.90181303024292,7.90181303024292,-1.0,1.0,1.0,0.0,-1.0,1.0,,,False,True,False,23013.4453125,0.0
official_test,facedancer,all_family,unseen_family_primary,netherland-flickr_M_2409019110_4f42632225_o,iphone15,test/attack/facedancer/iphone15/netherland-flickr_M_2409019110_4f42632225_o.jpg,1,0.00392156862745098,1.0,0.000980392156862745,0.25,10,0.0039215851575136185,0.0,0.9892578125,0.9892165660858154,4.124641418457031e-05,1.2138343663536943e-06,4.51890230178833,-13.621725082397461,True,False,True,0.07381810992956161,0.574709415435791,0.0,-0.574709415435791,0.574709415435791,-1.0,1.0,7.78548002243042,0.0,-7.78548002243042,7.78548002243042,-1.0,1.0,0.0,0.0,0.0,0.0,,,False,True,False,31660.931640625,0.0
official_test,facedancer,all_family,unseen_family_primary,netherland-flickr_M_2409019110_4f42632225_o,scan,test/attack/facedancer/scan/netherland-flickr_M_2409019110_4f42632225_o.jpg,1,0.00392156862745098,1.0,0.000980392156862745,0.25,10,0.0039215851575136185,0.0,0.9677734375,0.9677162766456604,5.716085433959961e-05,1.0552431376709137e-05,3.4003772735595703,-11.45914363861084,True,False,True,0.0739988163113594,0.5811501741409302,0.0,-0.5811501741409302,0.5811501741409302,-1.0,1.0,7.853506565093994,0.0,-7.853506565093994,7.853506565093994,-1.0,1.0,1.0,0.0,-1.0,1.0,,,False,True,False,31206.712890625,0.0
official_test,facedancer,all_family,unseen_family_primary,netherland-flickr_M_26828968014_910728ddd9_k,iphone15,test/attack/facedancer/iphone15/netherland-flickr_M_26828968014_910728ddd9_k.jpg,1,0.00392156862745098,1.0,0.000980392156862745,0.25,10,0.0039215851575136185,0.0,1.0,1.0,0.0,9.613304428057745e-06,29.1364688873291,-11.552352905273438,True,False,True,0.06882575899362564,0.5375727415084839,0.683114767074585,0.14554202556610107,-0.14554202556610107,0.27073922155668706,-0.27073922155668706,7.810633182525635,9.925277709960938,2.1146445274353027,-2.1146445274353027,0.27073919335583424,-0.27073919335583424,1.0,1.0,0.0,0.0,0.47526639699935913,0.7499145269393921,False,False,True,33657.7265625,3854.7158203125
official_test,facedancer,all_family,unseen_family_primary,netherland-flickr_M_26828968014_910728ddd9_k,scan,test/attack/facedancer/scan/netherland-flickr_M_26828968014_910728ddd9_k.jpg,1,0.00392156862745098,1.0,0.000980392156862745,0.25,10,0.0039215851575136185,0.0,1.0,1.0,0.0,8.64103640196845e-05,19.175567626953125,-9.356316566467285,True,False,True,0.07331381738185883,0.5663006901741028,0.0,-0.5663006901741028,0.5663006901741028,-1.0,1.0,7.724337577819824,0.0,-7.724337577819824,7.724337577819824,-1.0,1.0,1.0,0.0,-1.0,1.0,,,False,True,False,29734.33203125,0.0
official_test,facedancer,all_family,unseen_family_primary,netherland-flickr_M_31998389253_0a26f25b0d_h,scan,test/attack/facedancer/scan/netherland-flickr_M_31998389253_0a26f25b0d_h.jpg,1,0.00392156862745098,1.0,0.000980392156862745,0.25,10,0.0039215851575136185,0.0,1.0,0.9999998807907104,1.1920928955078125e-07,4.8563742893747985e-05,15.737567901611328,-9.932584762573242,True,False,True,0.07597345113754272,0.5836207866668701,0.0,-0.5836207866668701,0.5836207866668701,-1.0,1.0,7.681903839111328,0.0,-7.681903839111328,7.681903839111328,-1.0,1.0,1.0,0.0,-1.0,1.0,,,False,True,False,33830.0546875,0.0
official_test,facedancer,all_family,unseen_family_primary,netherland-flickr_M_31998818913_b87fd05689_h,huawei,test/attack/facedancer/huawei/netherland-flickr_M_31998818913_b87fd05689_h.jpg,1,0.00392156862745098,1.0,0.000980392156862745,0.25,10,0.003921577241271734,0.0,1.0,1.0,0.0,1.0675241668423041e-07,17.661636352539062,-16.052753448486328,True,False,True,0.07684685289859772,0.5839374661445618,0.0,-0.5839374661445618,0.5839374661445618,-1.0,1.0,7.598716735839844,0.0,-7.598716735839844,7.598716735839844,-1.0,1.0,1.0,0.0,-1.0,1.0,,,False,True,False,31950.95703125,0.0
official_test,facedancer,all_family,unseen_family_primary,netherland-flickr_M_32689636931_6ac45273df_h,huawei,test/attack/facedancer/huawei/netherland-flickr_M_32689636931_6ac45273df_h.jpg,1,0.00392156862745098,1.0,0.000980392156862745,0.25,10,0.0039215851575136185,0.0,1.0,0.999998927116394,1.0728836059570312e-06,2.457464063354564e-07,13.751596450805664,-15.218965530395508,True,False,True,0.07590845227241516,0.5946057438850403,0.0,-0.5946057438850403,0.5946057438850403,-1.0,1.0,7.833195686340332,0.0,-7.833195686340332,7.833195686340332,-1.0,1.0,1.0,0.0,-1.0,1.0,,,False,True,False,36030.41796875,0.0
official_test,facedancer,all_family,unseen_family_primary,netherland-flickr_M_32689636931_6ac45273df_h,iphone15,test/attack/facedancer/iphone15/netherland-flickr_M_32689636931_6ac45273df_h.jpg,1,0.00392156862745098,1.0,0.000980392156862745,0.25,10,0.0039215851575136185,0.0,1.0,1.0,0.0,6.665314685960766e-06,17.61785888671875,-11.918586730957031,True,False,True,0.07947993278503418,0.5977513790130615,0.0,-0.5977513790130615,0.5977513790130615,-1.0,1.0,7.520783424377441,0.0,-7.520783424377441,7.520783424377441,-1.0,1.0,1.0,0.0,-1.0,1.0,,,False,True,False,30869.57421875,0.0
official_test,facedancer,all_family,unseen_family_primary,netherland-flickr_M_33239373490_5b5df42090_k,huawei,test/attack/facedancer/huawei/netherland-flickr_M_33239373490_5b5df42090_k.jpg,1,0.00392156862745098,1.0,0.000980392156862745,0.25,10,0.0039215851575136185,0.0,1.0,1.0,0.0,6.41513082655365e-08,20.549793243408203,-16.562021255493164,True,False,True,0.0670231506228447,0.541011393070221,0.0,-0.541011393070221,0.541011393070221,-1.0,1.0,8.072007179260254,0.0,-8.072007179260254,8.072007179260254,-1.0,1.0,1.0,0.0,-1.0,1.0,,,False,True,False,32159.705078125,0.0
official_test,facedancer,all_family,unseen_family_primary,netherland-flickr_M_33239373490_5b5df42090_k,iphone15,test/attack/facedancer/iphone15/netherland-flickr_M_33239373490_5b5df42090_k.jpg,1,0.00392156862745098,1.0,0.000980392156862745,0.25,10,0.0039215851575136185,0.0,1.0,0.9999997615814209,2.384185791015625e-07,1.227511575052631e-06,15.38564395904541,-13.610520362854004,True,False,True,0.07219328731298447,0.5929599404335022,0.0,-0.5929599404335022,0.5929599404335022,-1.0,1.0,8.213504791259766,0.0,-8.213504791259766,8.213504791259766,-1.0,1.0,1.0,0.0,-1.0,1.0,,,False,True,False,34428.265625,0.0
official_test,facedancer,all_family,unseen_family_primary,netherland-flickr_M_33239373490_5b5df42090_k,scan,test/attack/facedancer/scan/netherland-flickr_M_33239373490_5b5df42090_k.jpg,1,0.00392156862745098,1.0,0.000980392156862745,0.25,10,0.0039215851575136185,0.0,1.0,1.0,0.0,3.3045042073354125e-05,18.38886070251465,-10.317605972290039,True,False,True,0.07517382502555847,0.5870100259780884,0.8841434121131897,0.2971333861351013,-0.2971333861351013,0.5061811093260485,-0.5061811093260485,7.80870246887207,11.761320114135742,3.952617645263672,-3.952617645263672,0.5061811051221431,-0.5061811051221431,1.0,1.0,0.0,0.0,0.44374731183052063,0.783644437789917,False,False,True,29203.4921875,2839.658935546875
official_test,facedancer,all_family,unseen_family_primary,netherland-flickr_M_33276713046_c88eb6c4c8_c,scan,test/attack/facedancer/scan/netherland-flickr_M_33276713046_c88eb6c4c8_c.jpg,1,0.00392156862745098,1.0,0.000980392156862745,0.25,10,0.0039215851575136185,0.0,1.0,0.999997615814209,2.384185791015625e-06,0.00010188542364630848,12.939338684082031,-9.191559791564941,True,False,True,0.07614799588918686,0.5885962843894958,0.0,-0.5885962843894958,0.5885962843894958,-1.0,1.0,7.729635715484619,0.0,-7.729635715484619,7.729635715484619,-1.0,1.0,1.0,0.0,-1.0,1.0,,,False,True,False,32380.095703125,0.0
official_test,facedancer,all_family,unseen_family_primary,netherland-flickr_M_33297625690_76e3181f5e_c,huawei,test/attack/facedancer/huawei/netherland-flickr_M_33297625690_76e3181f5e_c.jpg,1,0.00392156862745098,1.0,0.000980392156862745,0.25,10,0.0039215851575136185,0.0,1.0,0.9999983310699463,1.6689300537109375e-06,6.575151019205805e-07,13.317581176757812,-14.234797477722168,True,False,True,0.07825632393360138,0.6334288120269775,0.0,-0.6334288120269775,0.6334288120269775,-1.0,1.0,8.094283103942871,0.0,-8.094283103942871,8.094283103942871,-1.0,1.0,1.0,0.0,-1.0,1.0,,,False,True,False,33855.37109375,0.0
official_test,facedancer,all_family,unseen_family_primary,netherland-flickr_M_37190718595_78e318623b_k,huawei,test/attack/facedancer/huawei/netherland-flickr_M_37190718595_78e318623b_k.jpg,1,0.00392156862745098,1.0,0.000980392156862745,0.25,10,0.003921577241271734,0.0,1.0,0.9999995231628418,4.76837158203125e-07,3.575492257823498e-08,14.619159698486328,-17.146577835083008,True,False,True,0.07849521934986115,0.6193403601646423,0.0,-0.6193403601646423,0.6193403601646423,-1.0,1.0,7.890166759490967,0.0,-7.890166759490967,7.890166759490967,-1.0,1.0,1.0,0.0,-1.0,1.0,,,False,True,False,28957.72265625,0.0
official_test,facedancer,all_family,unseen_family_primary,netherland-flickr_M_37190718595_78e318623b_k,scan,test/attack/facedancer/scan/netherland-flickr_M_37190718595_78e318623b_k.jpg,1,0.00392156862745098,1.0,0.000980392156862745,0.25,10,0.0039215851575136185,0.0,1.0,1.0,0.0,1.0913749974861275e-05,18.43171501159668,-11.42547607421875,True,False,True,0.08367473632097244,0.6198015213012695,0.0,-0.6198015213012695,0.6198015213012695,-1.0,1.0,7.4072723388671875,0.0,-7.4072723388671875,7.4072723388671875,-1.0,1.0,1.0,0.0,-1.0,1.0,,,False,True,False,30247.73828125,0.0
official_test,facedancer,all_family,unseen_family_primary,netherland-flickr_M_4188233342_8473de8906_c,scan,test/attack/facedancer/scan/netherland-flickr_M_4188233342_8473de8906_c.jpg,1,0.00392156862745098,1.0,0.000980392156862745,0.25,10,0.0039215851575136185,0.0,0.998046875,0.9980723857879639,2.5510787963867188e-05,9.884269275062252e-06,6.24953556060791,-11.524556159973145,True,False,True,0.07020014524459839,0.5812574625015259,0.0,-0.5812574625015259,0.5812574625015259,-1.0,1.0,8.280004501342773,0.0,-8.280004501342773,8.280004501342773,-1.0,1.0,1.0,0.0,-1.0,1.0,,,False,True,False,30439.26953125,0.0
official_test,facedancer,all_family,unseen_family_primary,netherland-flickr_M_6862482951_78a560f107_b,huawei,test/attack/facedancer/huawei/netherland-flickr_M_6862482951_78a560f107_b.jpg,1,0.00392156862745098,1.0,0.000980392156862745,0.25,10,0.0039215851575136185,0.0,1.0,0.9999997615814209,2.384185791015625e-07,7.801909873705881e-08,15.174383163452148,-16.36631202697754,True,False,True,0.07983732968568802,0.6014297008514404,0.0,-0.6014297008514404,0.6014297008514404,-1.0,1.0,7.533189296722412,0.0,-7.533189296722412,7.533189296722412,-1.0,1.0,1.0,0.0,-1.0,1.0,,,False,True,False,30472.828125,0.0
official_test,facedancer,all_family,unseen_family_primary,netherland-flickr_M_6862482951_78a560f107_b,scan,test/attack/facedancer/scan/netherland-flickr_M_6862482951_78a560f107_b.jpg,1,0.00392156862745098,1.0,0.000980392156862745,0.25,10,0.0039215851575136185,0.0,1.0,0.9998935461044312,0.00010645389556884766,1.1133334737678524e-05,9.147520065307617,-11.405555725097656,True,False,True,0.07508733123540878,0.5986433625221252,0.0,-0.5986433625221252,0.5986433625221252,-1.0,1.0,7.972627639770508,0.0,-7.972627639770508,7.972627639770508,-1.0,1.0,1.0,0.0,-1.0,1.0,,,False,True,False,31804.1171875,0.0
official_test,facedancer,all_family,unseen_family_primary,singapore-flickr_F_17178258920_6f5f1eedd0_k,huawei,test/attack/facedancer/huawei/singapore-flickr_F_17178258920_6f5f1eedd0_k.jpg,1,0.00392156862745098,1.0,0.000980392156862745,0.25,10,0.0039215851575136185,0.0,1.0,0.9999496936798096,5.030632019042969e-05,3.223271107799519e-07,9.897473335266113,-14.947698593139648,True,False,True,0.032370489090681076,0.29848814010620117,0.0,-0.29848814010620117,0.29848814010620117,-1.0,1.0,9.220995903015137,0.0,-9.220995903015137,9.220995903015137,-1.0,1.0,0.0,0.0,0.0,0.0,,,False,True,False,25558.650390625,0.0
official_test,facedancer,all_family,unseen_family_primary,singapore-flickr_F_17178258920_6f5f1eedd0_k,scan,test/attack/facedancer/scan/singapore-flickr_F_17178258920_6f5f1eedd0_k.jpg,1,0.00392156862745098,1.0,0.000980392156862745,0.25,10,0.0039215851575136185,0.0,1.0,0.9999973773956299,2.6226043701171875e-06,0.00027735266485251486,12.837059020996094,-8.189943313598633,True,False,True,0.03471159562468529,0.32852721214294434,0.0,-0.32852721214294434,0.32852721214294434,-1.0,1.0,9.464479446411133,0.0,-9.464479446411133,9.464479446411133,-1.0,1.0,0.0,0.0,0.0,0.0,,,False,True,False,29257.43359375,0.0
official_test,facedancer,all_family,unseen_family_primary,singapore-flickr_F_19679296994_d0fc2a7ac6_o,huawei,test/attack/facedancer/huawei/singapore-flickr_F_19679296994_d0fc2a7ac6_o.jpg,1,0.00392156862745098,1.0,0.000980392156862745,0.25,10,0.0039215851575136185,0.0,1.0,0.9999494552612305,5.054473876953125e-05,1.708572199277114e-07,9.893122673034668,-15.582437515258789,True,False,True,0.03347741439938545,0.3289719521999359,0.0,-0.3289719521999359,0.3289719521999359,-1.0,1.0,9.82668399810791,0.0,-9.82668399810791,9.82668399810791,-1.0,1.0,0.0,0.0,0.0,0.0,,,False,True,False,24848.31640625,0.0
official_test,facedancer,all_family,unseen_family_primary,singapore-flickr_F_20411794293_d7a6aae66c_c,huawei,test/attack/facedancer/huawei/singapore-flickr_F_20411794293_d7a6aae66c_c.jpg,1,0.00392156862745098,1.0,0.000980392156862745,0.25,10,0.0039215851575136185,0.0,1.0,1.0,0.0,2.8453123377403244e-05,17.53378677368164,-10.46722412109375,True,False,True,0.034551091492176056,0.32451823353767395,0.4276881217956543,0.10316988825798035,-0.10316988825798035,0.31791707705694494,-0.31791707705694494,9.392416954040527,12.378426551818848,2.9860095977783203,-2.9860095977783203,0.31791706143260257,-0.31791706143260257,0.0,1.0,1.0,-1.0,0.5932654142379761,0.5793042182922363,False,False,True,29426.4140625,5753.513671875
official_test,facedancer,all_family,unseen_family_primary,singapore-flickr_F_20411794293_d7a6aae66c_c,iphone15,test/attack/facedancer/iphone15/singapore-flickr_F_20411794293_d7a6aae66c_c.jpg,1,0.00392156862745098,1.0,0.000980392156862745,0.25,10,0.0039215851575136185,0.0,1.0,0.999931812286377,6.818771362304688e-05,4.350492235971615e-05,9.593376159667969,-10.042593002319336,True,False,True,0.03500988706946373,0.34588977694511414,0.0,-0.34588977694511414,0.34588977694511414,-1.0,1.0,9.87977409362793,0.0,-9.87977409362793,9.87977409362793,-1.0,1.0,0.0,0.0,0.0,0.0,,,False,True,False,28541.62109375,0.0
official_test,facedancer,all_family,unseen_family_primary,singapore-flickr_F_20411794293_d7a6aae66c_c,scan,test/attack/facedancer/scan/singapore-flickr_F_20411794293_d7a6aae66c_c.jpg,1,0.00392156862745098,1.0,0.000980392156862745,0.25,10,0.0039215851575136185,0.0,1.0,0.9999234676361084,7.653236389160156e-05,0.0003944951167795807,9.477776527404785,-7.8375091552734375,True,False,True,0.033930759876966476,0.33797982335090637,0.0,-0.33797982335090637,0.33797982335090637,-1.0,1.0,9.960867881774902,0.0,-9.960867881774902,9.960867881774902,-1.0,1.0,0.0,0.0,0.0,0.0,,,False,True,False,27241.02734375,0.0
official_test,facedancer,all_family,unseen_family_primary,singapore-flickr_F_30532886723_e55b04664f_k,huawei,test/attack/facedancer/huawei/singapore-flickr_F_30532886723_e55b04664f_k.jpg,1,0.00392156862745098,1.0,0.000980392156862745,0.25,10,0.0039215851575136185,0.0,1.0,0.9998903274536133,0.00010967254638671875,9.45019905884692e-07,9.117834091186523,-13.872058868408203,True,False,True,0.031193455681204796,0.3168030083179474,0.0,-0.3168030083179474,0.3168030083179474,-1.0,1.0,10.156072616577148,0.0,-10.156072616577148,10.156072616577148,-1.0,1.0,0.0,0.0,0.0,0.0,,,False,True,False,26736.505859375,0.0
official_test,facedancer,all_family,unseen_family_primary,singapore-flickr_F_31294646850_53ce869b2e_b,huawei,test/attack/facedancer/huawei/singapore-flickr_F_31294646850_53ce869b2e_b.jpg,1,0.00392156862745098,1.0,0.000980392156862745,0.25,10,0.0039215851575136185,0.0,1.0,0.9999938011169434,6.198883056640625e-06,1.0933752491837367e-05,11.983366012573242,-11.42364501953125,True,False,True,0.030675550922751427,0.2889176607131958,0.0,-0.2889176607131958,0.2889176607131958,-1.0,1.0,9.418498992919922,0.0,-9.418498992919922,9.418498992919922,-1.0,1.0,0.0,0.0,0.0,0.0,,,False,True,False,30012.759765625,0.0
official_test,facedancer,all_family,unseen_family_primary,singapore-flickr_F_33525297682_eee6031622_c,huawei,test/attack/facedancer/huawei/singapore-flickr_F_33525297682_eee6031622_c.jpg,1,0.00392156862745098,1.0,0.000980392156862745,0.25,10,0.0039215851575136185,0.0,0.99951171875,0.9996230602264404,0.00011134147644042969,3.399096897283016e-07,7.883142948150635,-14.894585609436035,True,False,True,0.030360480770468712,0.29513782262802124,0.0,-0.29513782262802124,0.29513782262802124,-1.0,1.0,9.721117973327637,0.0,-9.721117973327637,9.721117973327637,-1.0,1.0,0.0,0.0,0.0,0.0,,,False,True,False,28335.3125,0.0
official_test,facedancer,all_family,unseen_family_primary,singapore-flickr_F_33525297682_eee6031622_c,iphone15,test/attack/facedancer/iphone15/singapore-flickr_F_33525297682_eee6031622_c.jpg,1,0.00392156862745098,1.0,0.000980392156862745,0.25,10,0.0039215851575136185,0.0,0.99951171875,0.9997475743293762,0.0002358555793762207,1.5302186511689797e-05,8.284192085266113,-11.087499618530273,True,False,True,0.03185391053557396,0.3130667805671692,0.0,-0.3130667805671692,0.3130667805671692,-1.0,1.0,9.828205108642578,0.0,-9.828205108642578,9.828205108642578,-1.0,1.0,0.0,0.0,0.0,0.0,,,False,True,False,27329.84375,0.0
official_test,facedancer,all_family,unseen_family_primary,singapore-flickr_F_33525297682_eee6031622_c,scan,test/attack/facedancer/scan/singapore-flickr_F_33525297682_eee6031622_c.jpg,1,0.00392156862745098,1.0,0.000980392156862745,0.25,10,0.0039215851575136185,0.0,0.99658203125,0.9966919422149658,0.00010991096496582031,0.00013384356861934066,5.708091735839844,-8.918704986572266,True,False,True,0.03299114108085632,0.3249354064464569,0.0,-0.3249354064464569,0.3249354064464569,-1.0,1.0,9.84917163848877,0.0,-9.84917163848877,9.84917163848877,-1.0,1.0,0.0,0.0,0.0,0.0,,,False,True,False,28214.642578125,0.0
official_test,facedancer,all_family,unseen_family_primary,singapore-flickr_F_33552363961_ea0fc80afb_k,huawei,test/attack/facedancer/huawei/singapore-flickr_F_33552363961_ea0fc80afb_k.jpg,1,0.00392156862745098,1.0,0.000980392156862745,0.25,10,0.0039215851575136185,0.0,0.97412109375,0.974528431892395,0.00040733814239501953,1.5032610178877803e-07,3.6443896293640137,-15.710458755493164,True,False,True,0.03166580945253372,0.2952718734741211,0.0,-0.2952718734741211,0.2952718734741211,-1.0,1.0,9.324626922607422,0.0,-9.324626922607422,9.324626922607422,-1.0,1.0,1.0,0.0,-1.0,1.0,,,False,True,False,30345.21484375,0.0
official_test,facedancer,all_family,unseen_family_primary,singapore-flickr_F_33574462985_422fca6322_c,huawei,test/attack/facedancer/huawei/singapore-flickr_F_33574462985_422fca6322_c.jpg,1,0.00392156862745098,1.0,0.000980392156862745,0.25,10,0.0039215851575136185,0.0,1.0,0.9999991655349731,8.344650268554688e-07,9.458239219384268e-06,14.022777557373047,-11.568614959716797,True,False,True,0.03365384787321091,0.32817962765693665,0.0,-0.32817962765693665,0.32817962765693665,-1.0,1.0,9.751623153686523,0.0,-9.751623153686523,9.751623153686523,-1.0,1.0,0.0,0.0,0.0,0.0,,,False,True,False,25480.41796875,0.0
official_test,facedancer,all_family,unseen_family_primary,singapore-flickr_F_33574462985_422fca6322_c,scan,test/attack/facedancer/scan/singapore-flickr_F_33574462985_422fca6322_c.jpg,1,0.00392156862745098,1.0,0.000980392156862745,0.25,10,0.0039215851575136185,0.0,0.99951171875,0.9995519518852234,4.023313522338867e-05,7.112431921996176e-05,7.710146903991699,-9.551010131835938,True,False,True,0.03368782624602318,0.33892562985420227,0.0,-0.33892562985420227,0.33892562985420227,-1.0,1.0,10.060774803161621,0.0,-10.060774803161621,10.060774803161621,-1.0,1.0,0.0,0.0,0.0,0.0,,,False,True,False,25337.552734375,0.0
official_test,facedancer,all_family,unseen_family_primary,singapore-flickr_F_36921282312_c8e6a2674d_c,scan,test/attack/facedancer/scan/singapore-flickr_F_36921282312_c8e6a2674d_c.jpg,1,0.00392156862745098,1.0,0.000980392156862745,0.25,10,0.0039215851575136185,0.0,0.99951171875,0.9995474219322205,3.5703182220458984e-05,0.00012753157352562994,7.700281143188477,-8.967019081115723,True,False,True,0.032456133514642715,0.30742189288139343,0.0,-0.30742189288139343,0.30742189288139343,-1.0,1.0,9.471920013427734,0.0,-9.471920013427734,9.471920013427734,-1.0,1.0,0.0,0.0,0.0,0.0,,,False,True,False,29344.29296875,0.0
official_test,facedancer,all_family,unseen_family_primary,singapore-flickr_F_40795084473_21fafd815e_c,huawei,test/attack/facedancer/huawei/singapore-flickr_F_40795084473_21fafd815e_c.jpg,1,0.00392156862745098,1.0,0.000980392156862745,0.25,10,0.0039215851575136185,0.0,0.94677734375,0.9467343688011169,4.297494888305664e-05,2.30396449296677e-06,2.8777270317077637,-12.980876922607422,True,False,True,0.03335994482040405,0.3278130292892456,0.0,-0.3278130292892456,0.3278130292892456,-1.0,1.0,9.826545715332031,0.0,-9.826545715332031,9.826545715332031,-1.0,1.0,0.0,0.0,0.0,0.0,,,False,True,False,26874.4375,0.0
official_test,facedancer,all_family,unseen_family_primary,singapore-flickr_F_40795084473_21fafd815e_c,iphone15,test/attack/facedancer/iphone15/singapore-flickr_F_40795084473_21fafd815e_c.jpg,1,0.00392156862745098,1.0,0.000980392156862745,0.25,10,0.0039215851575136185,0.0,1.0,0.999924898147583,7.510185241699219e-05,1.685544521023985e-05,9.497041702270508,-10.990819931030273,True,False,True,0.03224794566631317,0.3079873025417328,0.0,-0.3079873025417328,0.3079873025417328,-1.0,1.0,9.550601959228516,0.0,-9.550601959228516,9.550601959228516,-1.0,1.0,0.0,0.0,0.0,0.0,,,False,True,False,29257.716796875,0.0
official_test,facedancer,all_family,unseen_family_primary,singapore-flickr_F_9641749325_1a753f74b2_c,huawei,test/attack/facedancer/huawei/singapore-flickr_F_9641749325_1a753f74b2_c.jpg,1,0.00392156862745098,1.0,0.000980392156862745,0.25,10,0.0039215851575136185,0.0,1.0,0.9999852180480957,1.4781951904296875e-05,1.1566148714337032e-05,11.118372917175293,-11.367416381835938,True,False,True,0.031799908727407455,0.3027542233467102,0.0,-0.3027542233467102,0.3027542233467102,-1.0,1.0,9.520600318908691,0.0,-9.520600318908691,9.520600318908691,-1.0,1.0,0.0,0.0,0.0,0.0,,,False,True,False,25350.484375,0.0
official_test,facedancer,all_family,unseen_family_primary,singapore-flickr_M_21893334161_8c8b011508_k,huawei,test/attack/facedancer/huawei/singapore-flickr_M_21893334161_8c8b011508_k.jpg,1,0.00392156862745098,1.0,0.000980392156862745,0.25,10,0.0039215851575136185,0.0,0.6259765625,0.6256571412086487,0.00031942129135131836,4.112215265195118e-06,0.5136303901672363,-12.401544570922852,True,False,True,0.03200796619057655,0.2765648066997528,0.0,-0.2765648066997528,0.2765648066997528,-1.0,1.0,8.64050006866455,0.0,-8.64050006866455,8.64050006866455,-1.0,1.0,0.0,0.0,0.0,0.0,,,False,True,False,24036.94140625,0.0
official_test,facedancer,all_family,unseen_family_primary,singapore-flickr_M_21893334161_8c8b011508_k,iphone15,test/attack/facedancer/iphone15/singapore-flickr_M_21893334161_8c8b011508_k.jpg,1,0.00392156862745098,1.0,0.000980392156862745,0.25,10,0.0039215851575136185,0.0,0.74267578125,0.7433046698570251,0.0006288886070251465,1.5462313967873342e-05,1.063216209411621,-11.077089309692383,True,False,True,0.03594565764069557,0.3700654208660126,0.0,-0.3700654208660126,0.3700654208660126,-1.0,1.0,10.295135498046875,0.0,-10.295135498046875,10.295135498046875,-1.0,1.0,0.0,0.0,0.0,0.0,,,False,True,False,20402.025390625,0.0
official_test,facedancer,all_family,unseen_family_primary,singapore-flickr_M_21893334161_8c8b011508_k,scan,test/attack/facedancer/scan/singapore-flickr_M_21893334161_8c8b011508_k.jpg,1,0.00392156862745098,1.0,0.000980392156862745,0.25,10,0.0039215851575136185,0.0,0.78662109375,0.7877692580223083,0.0011481642723083496,0.00013052202120888978,1.3115311861038208,-8.943838119506836,True,False,True,0.03205942362546921,0.3322553336620331,0.0,-0.3322553336620331,0.3322553336620331,-1.0,1.0,10.363733291625977,0.0,-10.363733291625977,10.363733291625977,-1.0,1.0,0.0,0.0,0.0,0.0,,,False,True,False,20246.51171875,0.0
official_test,facedancer,all_family,unseen_family_primary,singapore-flickr_M_22512816725_a88536de72_c,huawei,test/attack/facedancer/huawei/singapore-flickr_M_22512816725_a88536de72_c.jpg,1,0.00392156862745098,1.0,0.000980392156862745,0.25,10,0.0039215851575136185,0.0,0.99658203125,0.9964483976364136,0.00013363361358642578,1.7565397456564824e-06,5.636812210083008,-13.25216293334961,True,False,True,0.03491418436169624,0.32724466919898987,0.0,-0.32724466919898987,0.32724466919898987,-1.0,1.0,9.372828483581543,0.0,-9.372828483581543,9.372828483581543,-1.0,1.0,0.0,0.0,0.0,0.0,,,False,True,False,25985.099609375,0.0
official_test,facedancer,all_family,unseen_family_primary,singapore-flickr_M_22512816725_a88536de72_c,scan,test/attack/facedancer/scan/singapore-flickr_M_22512816725_a88536de72_c.jpg,1,0.00392156862745098,1.0,0.000980392156862745,0.25,10,0.0039215851575136185,0.0,0.99609375,0.9960577487945557,3.600120544433594e-05,0.00015050280489958823,5.532037734985352,-8.80137825012207,True,False,True,0.03261076286435127,0.3179682195186615,0.0,-0.3179682195186615,0.3179682195186615,-1.0,1.0,9.750407218933105,0.0,-9.750407218933105,9.750407218933105,-1.0,1.0,0.0,0.0,0.0,0.0,,,False,True,False,27480.08203125,0.0
official_test,facedancer,all_family,unseen_family_primary,singapore-flickr_M_22942161980_136669b7da_c,iphone15,test/attack/facedancer/iphone15/singapore-flickr_M_22942161980_136669b7da_c.jpg,1,0.00392156862745098,1.0,0.000980392156862745,0.25,10,0.0039215851575136185,0.0,0.99951171875,0.9994636178016663,4.8100948333740234e-05,1.690080353000667e-05,7.530193328857422,-10.98813247680664,True,False,True,0.034770891070365906,0.34521108865737915,0.0,-0.34521108865737915,0.34521108865737915,-1.0,1.0,9.928163528442383,0.0,-9.928163528442383,9.928163528442383,-1.0,1.0,0.0,0.0,0.0,0.0,,,False,True,False,24955.49609375,0.0
official_test,facedancer,all_family,unseen_family_primary,singapore-flickr_M_22942161980_136669b7da_c,scan,test/attack/facedancer/scan/singapore-flickr_M_22942161980_136669b7da_c.jpg,1,0.00392156862745098,1.0,0.000980392156862745,0.25,10,0.0039215851575136185,0.0,1.0,0.9999877214431763,1.2278556823730469e-05,0.0003098651650361717,11.30836296081543,-8.079063415527344,True,False,True,0.03306464105844498,0.3270221948623657,0.43698638677597046,0.10996419191360474,-0.10996419191360474,0.3362591091405448,-0.3362591091405448,9.890390396118164,13.216124534606934,3.3257341384887695,-3.3257341384887695,0.3362591369289196,-0.3362591369289196,0.0,0.0,0.0,0.0,0.7507334351539612,0.4252837300300598,False,False,True,28087.51953125,8668.73046875
official_test,facedancer,all_family,unseen_family_primary,singapore-flickr_M_23543328125_d9409d5ae0_c,huawei,test/attack/facedancer/huawei/singapore-flickr_M_23543328125_d9409d5ae0_c.jpg,1,0.00392156862745098,1.0,0.000980392156862745,0.25,10,0.0039215851575136185,0.0,0.99951171875,0.9995076656341553,4.0531158447265625e-06,2.459114739394863e-06,7.615911483764648,-12.915706634521484,True,False,True,0.033291686326265335,0.2977496385574341,0.0,-0.2977496385574341,0.2977496385574341,-1.0,1.0,8.943663597106934,0.0,-8.943663597106934,8.943663597106934,-1.0,1.0,0.0,0.0,0.0,0.0,,,False,True,False,29803.01171875,0.0
official_test,facedancer,all_family,unseen_family_primary,singapore-flickr_M_24170605047_501e882ccc_o,iphone15,test/attack/facedancer/iphone15/singapore-flickr_M_24170605047_501e882ccc_o.jpg,1,0.00392156862745098,1.0,0.000980392156862745,0.25,10,0.0039215851575136185,0.0,0.99951171875,0.9997524619102478,0.00024074316024780273,7.839153113309294e-05,8.303552627563477,-9.453716278076172,True,False,True,0.03447814658284187,0.3323560059070587,0.0,-0.3323560059070587,0.3323560059070587,-1.0,1.0,9.639613151550293,0.0,-9.639613151550293,9.639613151550293,-1.0,1.0,0.0,0.0,0.0,0.0,,,False,True,False,27354.427734375,0.0
official_test,facedancer,all_family,unseen_family_primary,singapore-flickr_M_30456580904_06749c0622_c,iphone15,test/attack/facedancer/iphone15/singapore-flickr_M_30456580904_06749c0622_c.jpg,1,0.00392156862745098,1.0,0.000980392156862745,0.25,10,0.0039215851575136185,0.0,0.9990234375,0.9990273714065552,3.933906555175781e-06,1.66293957590824e-05,6.9345316886901855,-11.004322052001953,True,False,True,0.033076733350753784,0.32265663146972656,0.0,-0.32265663146972656,0.32265663146972656,-1.0,1.0,9.754791259765625,0.0,-9.754791259765625,9.754791259765625,-1.0,1.0,0.0,0.0,0.0,0.0,,,False,True,False,28574.73046875,0.0
official_test,facedancer,all_family,unseen_family_primary,singapore-flickr_M_30518529884_4cf8f091df_c,iphone15,test/attack/facedancer/iphone15/singapore-flickr_M_30518529884_4cf8f091df_c.jpg,1,0.00392156862745098,1.0,0.000980392156862745,0.25,10,0.0039215851575136185,0.0,0.99951171875,0.9994194507598877,9.226799011230469e-05,3.156090679112822e-05,7.450899124145508,-10.36355972290039,True,False,True,0.04029756411910057,0.40522587299346924,0.0,-0.40522587299346924,0.40522587299346924,-1.0,1.0,10.055840492248535,0.0,-10.055840492248535,10.055840492248535,-1.0,1.0,0.0,0.0,0.0,0.0,,,False,True,False,27033.994140625,0.0
official_test,facedancer,all_family,unseen_family_primary,singapore-flickr_M_31226135201_5aa42a5a13_c,iphone15,test/attack/facedancer/iphone15/singapore-flickr_M_31226135201_5aa42a5a13_c.jpg,1,0.00392156862745098,1.0,0.000980392156862745,0.25,10,0.0039215851575136185,0.0,0.7578125,0.7574107646942139,0.0004017353057861328,1.2484514627431054e-05,1.138535976409912,-11.291008949279785,True,False,True,0.03338330239057541,0.3568268418312073,0.0,-0.3568268418312073,0.3568268418312073,-1.0,1.0,10.68878173828125,0.0,-10.68878173828125,10.68878173828125,-1.0,1.0,0.0,0.0,0.0,0.0,,,False,True,False,25655.4765625,0.0
official_test,facedancer,all_family,unseen_family_primary,singapore-flickr_M_31226135201_5aa42a5a13_c,scan,test/attack/facedancer/scan/singapore-flickr_M_31226135201_5aa42a5a13_c.jpg,1,0.00392156862745098,1.0,0.000980392156862745,0.25,10,0.0039215851575136185,0.0,0.9990234375,0.9988211989402771,0.0002022385597229004,8.848347351886332e-05,6.742086410522461,-9.332606315612793,True,False,True,0.03418564796447754,0.3452209234237671,0.0,-0.3452209234237671,0.3452209234237671,-1.0,1.0,10.098416328430176,0.0,-10.098416328430176,10.098416328430176,-1.0,1.0,0.0,0.0,0.0,0.0,,,False,True,False,23596.005859375,0.0
official_test,facedancer,all_family,unseen_family_primary,singapore-flickr_M_31244514601_d2cb0773d7_c,huawei,test/attack/facedancer/huawei/singapore-flickr_M_31244514601_d2cb0773d7_c.jpg,1,0.00392156862745098,1.0,0.000980392156862745,0.25,10,0.0039215851575136185,0.0,0.5068359375,0.5054199695587158,0.0014159679412841797,4.019080392936303e-07,0.02168077975511551,-14.727042198181152,True,False,True,0.033505622297525406,0.28160175681114197,0.0,-0.28160175681114197,0.28160175681114197,-1.0,1.0,8.40461254119873,0.0,-8.40461254119873,8.40461254119873,-1.0,1.0,0.0,0.0,0.0,0.0,0.0,0.9999999403953552,False,False,True,22637.296875,1024.0
official_test,facedancer,all_family,unseen_family_primary,singapore-flickr_M_31244514601_d2cb0773d7_c,iphone15,test/attack/facedancer/iphone15/singapore-flickr_M_31244514601_d2cb0773d7_c.jpg,1,0.00392156862745098,1.0,0.000980392156862745,0.25,10,0.0039215851575136185,0.0,0.020294189453125,0.020234063267707825,6.012618541717529e-05,1.598305175321002e-06,-3.879946231842041,-13.346565246582031,False,False,False,0.03296580910682678,0.18408361077308655,0.0,-0.18408361077308655,0.18408361077308655,-1.0,1.0,5.58407735824585,0.0,-5.58407735824585,5.58407735824585,-1.0,1.0,0.0,0.0,0.0,0.0,,,False,True,False,6413.5546875,0.0
official_test,facedancer,all_family,unseen_family_primary,singapore-flickr_M_31244514601_d2cb0773d7_c,scan,test/attack/facedancer/scan/singapore-flickr_M_31244514601_d2cb0773d7_c.jpg,1,0.00392156862745098,1.0,0.000980392156862745,0.25,10,0.0039215851575136185,0.0,0.0357666015625,0.035750988870859146,1.5612691640853882e-05,9.517449143459089e-06,-3.294771671295166,-11.562374114990234,False,False,False,0.03406773880124092,0.4289068877696991,0.0,-0.4289068877696991,0.4289068877696991,-1.0,1.0,12.589824676513672,0.0,-12.589824676513672,12.589824676513672,-1.0,1.0,0.0,0.0,0.0,0.0,,,False,True,False,7298.1708984375,0.0
official_test,facedancer,all_family,unseen_family_primary,singapore-flickr_M_31340377345_6781e5f574_k,iphone15,test/attack/facedancer/iphone15/singapore-flickr_M_31340377345_6781e5f574_k.jpg,1,0.00392156862745098,1.0,0.000980392156862745,0.25,10,0.0039215851575136185,0.0,1.0,0.9999985694885254,1.430511474609375e-06,0.00036583509063348174,13.472489356994629,-7.912961959838867,True,False,True,0.03299223631620407,0.3170173764228821,0.34822878241539,0.031211405992507935,-0.031211405992507935,0.09845329724410375,-0.09845329724410375,9.608847618103027,10.55487060546875,0.9460229873657227,-0.9460229873657227,0.09845332395358414,-0.09845332395358414,0.0,0.0,0.0,0.0,0.6493070721626282,0.5986400246620178,False,False,True,27601.61328125,6565.7578125
official_test,facedancer,all_family,unseen_family_primary,singapore-flickr_M_31340377345_6781e5f574_k,scan,test/attack/facedancer/scan/singapore-flickr_M_31340377345_6781e5f574_k.jpg,1,0.00392156862745098,1.0,0.000980392156862745,0.25,10,0.0039215851575136185,0.0,1.0,0.9999727010726929,2.7298927307128906e-05,0.00038977828808128834,10.507020950317383,-7.849542617797852,True,False,True,0.03414973244071007,0.3322397768497467,0.0,-0.3322397768497467,0.3322397768497467,-1.0,1.0,9.728913307189941,0.0,-9.728913307189941,9.728913307189941,-1.0,1.0,0.0,0.0,0.0,0.0,,,False,True,False,27029.798828125,0.0
official_test,facedancer,all_family,unseen_family_primary,singapore-flickr_M_33525333882_5cf0c0382a_k,iphone15,test/attack/facedancer/iphone15/singapore-flickr_M_33525333882_5cf0c0382a_k.jpg,1,0.00392156862745098,1.0,0.000980392156862745,0.25,10,0.0039215851575136185,0.0,0.9892578125,0.989461362361908,0.00020354986190795898,2.6397739929961972e-05,4.542110443115234,-10.542205810546875,True,False,True,0.03640720993280411,0.35522839426994324,0.0,-0.35522839426994324,0.35522839426994324,-1.0,1.0,9.757089614868164,0.0,-9.757089614868164,9.757089614868164,-1.0,1.0,0.0,0.0,0.0,0.0,,,False,True,False,26944.0859375,0.0
official_test,facedancer,all_family,unseen_family_primary,singapore-flickr_M_33525333882_5cf0c0382a_k,scan,test/attack/facedancer/scan/singapore-flickr_M_33525333882_5cf0c0382a_k.jpg,1,0.00392156862745098,1.0,0.000980392156862745,0.25,10,0.0039215851575136185,0.0,1.0,0.9999303817749023,6.961822509765625e-05,0.0003362520947121084,9.571990966796875,-7.997313022613525,True,False,True,0.03494902700185776,0.3320069909095764,0.0,-0.3320069909095764,0.3320069909095764,-1.0,1.0,9.499749183654785,0.0,-9.499749183654785,9.499749183654785,-1.0,1.0,0.0,0.0,0.0,0.0,,,False,True,False,25106.587890625,0.0
official_test,facedancer,all_family,unseen_family_primary,singapore-flickr_M_37019084692_714cba8ac1_k,iphone15,test/attack/facedancer/iphone15/singapore-flickr_M_37019084692_714cba8ac1_k.jpg,1,0.00392156862745098,1.0,0.000980392156862745,0.25,10,0.0039215851575136185,0.0,0.285888671875,0.28571879863739014,0.00016987323760986328,2.4629991912661353e-06,-0.9162685871124268,-12.914128303527832,False,False,False,0.03464426472783089,0.31684279441833496,0.0,-0.31684279441833496,0.31684279441833496,-1.0,1.0,9.14560604095459,0.0,-9.14560604095459,9.14560604095459,-1.0,1.0,0.0,0.0,0.0,0.0,,,False,True,False,16436.451171875,0.0
official_test,facedancer,all_family,unseen_family_primary,singapore-flickr_M_46826659491_bab820563f_c,iphone15,test/attack/facedancer/iphone15/singapore-flickr_M_46826659491_bab820563f_c.jpg,1,0.00392156862745098,1.0,0.000980392156862745,0.25,10,0.0039215851575136185,0.0,0.07537841796875,0.07539427280426025,1.5854835510253906e-05,1.2094124940631445e-05,-2.506636142730713,-11.322778701782227,False,False,False,0.03489838168025017,0.27934372425079346,0.0,-0.27934372425079346,0.27934372425079346,-1.0,1.0,8.00448989868164,0.0,-8.00448989868164,8.00448989868164,-1.0,1.0,0.0,0.0,0.0,0.0,,,False,True,False,14095.3623046875,0.0
official_test,facedancer,all_family,unseen_family_primary,singapore-flickr_M_50611940256_8405427c78_k,huawei,test/attack/facedancer/huawei/singapore-flickr_M_50611940256_8405427c78_k.jpg,1,0.00392156862745098,1.0,0.000980392156862745,0.25,10,0.0039215851575136185,0.0,1.0,0.9999932050704956,6.794929504394531e-06,1.1232667020522058e-05,11.895076751708984,-11.396673202514648,True,False,True,0.03327714279294014,0.304105669260025,0.0,-0.304105669260025,0.304105669260025,-1.0,1.0,9.138574600219727,0.0,-9.138574600219727,9.138574600219727,-1.0,1.0,0.0,0.0,0.0,0.0,,,False,True,False,29768.482421875,0.0
official_test,facedancer,all_family,unseen_family_primary,singapore-flickr_M_50611940256_8405427c78_k,iphone15,test/attack/facedancer/iphone15/singapore-flickr_M_50611940256_8405427c78_k.jpg,1,0.00392156862745098,1.0,0.000980392156862745,0.25,10,0.0039215851575136185,0.0,1.0,0.9998278617858887,0.00017213821411132812,4.231720959069207e-05,8.6668701171875,-10.070274353027344,True,False,True,0.03382305055856705,0.3339231312274933,0.0,-0.3339231312274933,0.3339231312274933,-1.0,1.0,9.872650146484375,0.0,-9.872650146484375,9.872650146484375,-1.0,1.0,0.0,0.0,0.0,0.0,,,False,True,False,27766.33203125,0.0
