evaluation_split,variant,file_stem,hardware_source,image_path,saved_clean_probability_attack,clean_probability_attack,saved_probability_abs_error,adv_probability_attack,clean_margin,adv_margin,classification_preserved,epsilon_255,alpha_255,steps,pixel_linf,padding_max_abs_error,accepted_steps,boundary_pullbacks,objective_E_initial,objective_E_final,A,E_clean,E_adv,absolute_E_degradation,relative_E_degradation,E_strictly_improved,mu_w_clean,mu_w_adv,absolute_mu_w_degradation,relative_mu_w_degradation,PG_clean,PG_adv,absolute_PG_degradation,cam_cosine,cam_tv,clean_zero_cam,adv_zero_cam,cam_change_defined,exact_bundle_path,exact_bundle_sha256,exact_bundle_bytes,exact_input_dtype,exact_cam_dtype,exact_cam_height,exact_cam_width,exact_archive_schema
dev_val,digital_1,arabic-024_03,huawei,train/attack/digital_1/huawei/arabic-024_03.jpg,1.0,0.9999886751174927,1.1324882507324219e-05,0.9972816705703735,11.391756057739258,5.905041694641113,True,1.0,0.25,10,0.0039215851575136185,0.0,10,0,0.5305448770523071,0.044145241379737854,0.11472618579864502,0.5305448770523071,0.044145241379737854,0.4863996356725693,0.9167926347248745,True,4.624444484710693,0.38478782773017883,4.2396566569805145,0.916792637688189,1.0,0.0,1.0,0.21462155878543854,0.8094508647918701,False,False,True,output/resnet18_localisation_attack_preserve_cls_full_archive_v2/exact_archive/dev_val/digital_1/huawei/arabic-024_03__c059abb99123__exact.npz,3013a4cee02c78f3f5c83971d762acc435f46d80ee1cbbd2b14ae130055f5053,4665068,float32,float32,512,864,resnet_exact_archive_v1
dev_val,digital_1,arabic-024_03,iphone15pro,train/attack/digital_1/iphone15pro/arabic-024_03.jpg,1.0,0.9997957348823547,0.00020426511764526367,0.8652201890945435,8.496027946472168,1.8593411445617676,True,1.0,0.25,10,0.0039215851575136185,0.0,10,0,0.5389240980148315,0.020948559045791626,0.10770123451948166,0.5389240384101868,0.020948559045791626,0.5179754793643951,0.9611289206775979,True,5.003879547119141,0.1945062130689621,4.8093733340501785,0.9611289178251814,1.0,0.0,1.0,0.09340520203113556,0.8830406665802002,False,False,True,output/resnet18_localisation_attack_preserve_cls_full_archive_v2/exact_archive/dev_val/digital_1/iphone15pro/arabic-024_03__8a15bc3597b8__exact.npz,cbfe7cbe10c3c3d51bac55cfa368fb6b1d767d512795b61d23282dde00e4684e,4757427,float32,float32,512,864,resnet_exact_archive_v1
dev_val,digital_1,arabic-024_03,scan,train/attack/digital_1/scan/arabic-024_03.jpg,1.0,0.9999992847442627,7.152557373046875e-07,0.9985437393188477,14.128520011901855,6.530393600463867,True,1.0,0.25,10,0.003921577241271734,0.0,4,0,0.6589217782020569,0.21986250579357147,0.11709031462669373,0.6589217782020569,0.21986249089241028,0.4390592873096466,0.6663299071821087,True,5.627466201782227,1.877717137336731,3.7497490644454956,0.6663299129647273,1.0,1.0,0.0,0.3180190324783325,0.7640806436538696,False,False,True,output/resnet18_localisation_attack_preserve_cls_full_archive_v2/exact_archive/dev_val/digital_1/scan/arabic-024_03__79b9e6078a93__exact.npz,a2832eb34d50cc311421481ba3971fa574244b7a4eb4abea299ea7984c9d5113,4495182,float32,float32,512,864,resnet_exact_archive_v1
dev_val,digital_1,arabic-120_03,huawei,train/attack/digital_1/huawei/arabic-120_03.jpg,1.0,0.9999998807907104,1.1920928955078125e-07,0.9999712705612183,16.28217315673828,10.456815719604492,True,1.0,0.25,10,0.0029412410221993923,0.0,3,0,0.7339490652084351,0.18870751559734344,0.14223414659500122,0.7339490652084351,0.18870751559734344,0.5452415496110916,0.7428874501750987,True,5.160146713256836,1.3267384767532349,3.833408236503601,0.7428874505942368,1.0,1.0,0.0,0.33622458577156067,0.7119044065475464,False,False,True,output/resnet18_localisation_attack_preserve_cls_full_archive_v2/exact_archive/dev_val/digital_1/huawei/arabic-120_03__0276e20a0ead__exact.npz,e6f3e1a796e5ec9865762978e592663cdda811044d87897807e2416fd73715bd,4611310,float32,float32,512,864,resnet_exact_archive_v1
dev_val,digital_1,arabic-120_03,iphone15pro,train/attack/digital_1/iphone15pro/arabic-120_03.jpg,1.0,0.9999998807907104,1.1920928955078125e-07,0.9854981899261475,16.367679595947266,4.218874454498291,True,1.0,0.25,10,0.0039215851575136185,0.0,10,0,0.6574225425720215,0.06063614413142204,0.13355688750743866,0.6574224829673767,0.06063615158200264,0.5967863313853741,0.9077668422468423,True,4.922415256500244,0.45400992035865784,4.468405336141586,0.907766838695878,1.0,0.0,1.0,0.1847725808620453,0.7784208059310913,False,False,True,output/resnet18_localisation_attack_preserve_cls_full_archive_v2/exact_archive/dev_val/digital_1/iphone15pro/arabic-120_03__e1549485f43a__exact.npz,007e353a84f562e4a79513cd350bda94ae35c4ce88b0e7318fe3a2bbd04b7cfd,4941400,float32,float32,512,864,resnet_exact_archive_v1
dev_val,digital_1,arabic-120_03,scan,train/attack/digital_1/scan/arabic-120_03.jpg,1.0,0.9999862909317017,1.3709068298339844e-05,0.9882627129554749,11.197652816772461,4.433173179626465,True,1.0,0.25,10,0.0029412410221993923,0.0,3,0,0.7997737526893616,0.15074802935123444,0.15913067758083344,0.7997736930847168,0.15074807405471802,0.6490256190299988,0.8115115871425019,True,5.025892734527588,0.9473224878311157,4.078570246696472,0.8115115984622859,1.0,1.0,0.0,0.24866385757923126,0.8309834003448486,False,False,True,output/resnet18_localisation_attack_preserve_cls_full_archive_v2/exact_archive/dev_val/digital_1/scan/arabic-120_03__5f783b197c8a__exact.npz,1135ceb82b6337ef3cae59231ce2905be6f04fff1793c1ecc95d3543b3bf410a,4383414,float32,float32,512,864,resnet_exact_archive_v1
dev_val,digital_1,arabic-NF-1048,huawei,train/attack/digital_1/huawei/arabic-NF-1048.jpg,1.0,0.9999996423721313,3.5762786865234375e-07,0.9832339286804199,14.801379203796387,4.071492671966553,True,1.0,0.25,10,0.0039215851575136185,0.0,7,0,0.7823598980903625,0.1183338463306427,0.1932384967803955,0.7823599576950073,0.1183338388800621,0.6640261188149452,0.848747577485052,True,4.048675537109375,0.6123719811439514,3.4363035559654236,0.8487475779347916,1.0,1.0,0.0,0.2630350589752197,0.7787683010101318,False,False,True,output/resnet18_localisation_attack_preserve_cls_full_archive_v2/exact_archive/dev_val/digital_1/huawei/arabic-NF-1048__109430720360__exact.npz,ffc4a4aab35366b54f8a5a2c605bc53d8a1da3a62d047694726a884226a752f2,4580608,float32,float32,512,864,resnet_exact_archive_v1
dev_val,digital_1,arabic-NF-1048,iphone15pro,train/attack/digital_1/iphone15pro/arabic-NF-1048.jpg,1.0,0.9999996423721313,3.5762786865234375e-07,0.9987781643867493,14.777191162109375,6.706183433532715,True,1.0,0.25,10,0.0039215851575136185,0.0,5,0,0.8640734553337097,0.17088939249515533,0.20606283843517303,0.8640733361244202,0.17088940739631653,0.6931839287281036,0.8022281208643733,True,4.193251609802246,0.8293072581291199,3.363944351673126,0.8022281190590826,1.0,1.0,0.0,0.17083166539669037,0.8486372232437134,False,False,True,output/resnet18_localisation_attack_preserve_cls_full_archive_v2/exact_archive/dev_val/digital_1/iphone15pro/arabic-NF-1048__b270f8c9b09e__exact.npz,823738e102ceed76bc5136fc4d5e293164e27f18f5640b32134aec665b92354e,5009011,float32,float32,512,864,resnet_exact_archive_v1
dev_val,digital_1,arabic-NF-1048,scan,train/attack/digital_1/scan/arabic-NF-1048.jpg,1.0,1.0,0.0,0.9721918702125549,16.681827545166016,3.554224729537964,True,1.0,0.25,10,0.0039215851575136185,0.0,6,0,0.8567985892295837,0.2060025930404663,0.2055954784154892,0.8567985892295837,0.2060026079416275,0.6507959812879562,0.7595670551618661,True,4.167399883270264,1.0019803047180176,3.165419578552246,0.7595670363335187,1.0,1.0,0.0,0.22390618920326233,0.8630766868591309,False,False,True,output/resnet18_localisation_attack_preserve_cls_full_archive_v2/exact_archive/dev_val/digital_1/scan/arabic-NF-1048__f425baf8e50a__exact.npz,d05b247179ed6962c4180b0946cfa2967563293c414dc9936d25176a511b3f4e,4256805,float32,float32,512,864,resnet_exact_archive_v1
dev_val,digital_1,arabic-NF-1098,huawei,train/attack/digital_1/huawei/arabic-NF-1098.jpg,1.0,0.9999996423721313,3.5762786865234375e-07,0.9973047971725464,14.955587387084961,5.913570404052734,True,1.0,0.25,10,0.0039215851575136185,0.0,5,0,0.8332381248474121,0.17311906814575195,0.20522086322307587,0.8332382440567017,0.17311908304691315,0.6601191610097885,0.7922333926920276,True,4.060202598571777,0.8435744643211365,3.216628134250641,0.792233406131538,1.0,1.0,0.0,0.2511153817176819,0.810807466506958,False,False,True,output/resnet18_localisation_attack_preserve_cls_full_archive_v2/exact_archive/dev_val/digital_1/huawei/arabic-NF-1098__795dc6e7fad7__exact.npz,ce37e745a3baf47180c96fad081f5dd262a45b5d3b67892b1dc1d1e24aca0957,4531190,float32,float32,512,864,resnet_exact_archive_v1
dev_val,digital_1,arabic-NF-1098,iphone15pro,train/attack/digital_1/iphone15pro/arabic-NF-1098.jpg,1.0,0.9999998807907104,1.1920928955078125e-07,0.9959179759025574,16.25337028503418,5.497075080871582,True,1.0,0.25,10,0.0039215851575136185,0.0,8,0,0.7910969257354736,0.16361881792545319,0.2187102884054184,0.7910969257354736,0.16361881792545319,0.6274781078100204,0.7931747519138206,True,3.6170997619628906,0.7481075525283813,2.8689922094345093,0.793174752768664,1.0,1.0,0.0,0.35108375549316406,0.7652068138122559,False,False,True,output/resnet18_localisation_attack_preserve_cls_full_archive_v2/exact_archive/dev_val/digital_1/iphone15pro/arabic-NF-1098__aff0336f2532__exact.npz,455c9af0041e0dbb220e6492f96e526730cd9dc5d1230cdbb75b67e11c70d1f0,5012119,float32,float32,512,864,resnet_exact_archive_v1
dev_val,digital_1,arabic-NF-1098,scan,train/attack/digital_1/scan/arabic-NF-1098.jpg,1.0,0.9999997615814209,2.384185791015625e-07,0.9999842643737793,15.21890926361084,11.05662727355957,True,1.0,0.25,10,0.0039215851575136185,0.0,6,0,0.7755129933357239,0.21407370269298553,0.20528985559940338,0.7755130529403687,0.21407368779182434,0.5614393651485443,0.7239586271563567,True,3.777649164199829,1.0427874326705933,2.734861731529236,0.7239586347634075,1.0,1.0,0.0,0.3140016794204712,0.711599588394165,False,False,True,output/resnet18_localisation_attack_preserve_cls_full_archive_v2/exact_archive/dev_val/digital_1/scan/arabic-NF-1098__74f92af0e67a__exact.npz,5181ba972be146ab8f734d778aa7a82926cea72f37bea00eeec03004d7356a3c,4925083,float32,float32,512,864,resnet_exact_archive_v1
dev_val,digital_1,arabic-NM-1090,huawei,train/attack/digital_1/huawei/arabic-NM-1090.jpg,1.0,0.9999957084655762,4.291534423828125e-06,0.9999701976776123,12.359123229980469,10.41904067993164,True,1.0,0.25,10,0.0019608272705227137,0.0,2,0,0.8321663737297058,0.20357152819633484,0.22399607300758362,0.8321664333343506,0.20357154309749603,0.6285948902368546,0.7553716000273897,True,3.7150938510894775,0.9088174700737,2.8062763810157776,0.7553715985378989,1.0,1.0,0.0,0.2725873291492462,0.7653307914733887,False,False,True,output/resnet18_localisation_attack_preserve_cls_full_archive_v2/exact_archive/dev_val/digital_1/huawei/arabic-NM-1090__9e1bef3fc392__exact.npz,60b24f29ccfdb05a344c666b480bc9aa28787c5820042b25beef34c789763549,4841063,float32,float32,512,864,resnet_exact_archive_v1
dev_val,digital_1,arabic-NM-1090,iphone15pro,train/attack/digital_1/iphone15pro/arabic-NM-1090.jpg,1.0,0.9999910593032837,8.940696716308594e-06,0.9406031966209412,11.626869201660156,2.762281894683838,True,1.0,0.25,10,0.0039215851575136185,0.0,10,0,0.8141950368881226,0.010736827738583088,0.19044309854507446,0.8141950368881226,0.010736827738583088,0.8034582091495395,0.9868129535895729,True,4.275266647338867,0.056378141045570374,4.218888506293297,0.9868129532737653,1.0,0.0,1.0,0.021946605294942856,0.941961944103241,False,False,True,output/resnet18_localisation_attack_preserve_cls_full_archive_v2/exact_archive/dev_val/digital_1/iphone15pro/arabic-NM-1090__319cd7c8bef4__exact.npz,60b8c7a09db16011eb20f8a1c808d6c5b9421a6216f0b95d6e8c5eb567229c0a,4725898,float32,float32,512,864,resnet_exact_archive_v1
dev_val,digital_1,arabic-NM-1090,scan,train/attack/digital_1/scan/arabic-NM-1090.jpg,1.0,0.9999877214431763,1.2278556823730469e-05,0.9984758496284485,11.308552742004395,6.484758377075195,True,1.0,0.25,10,0.0039215851575136185,0.0,5,0,0.8084657788276672,0.11621361970901489,0.2252189815044403,0.808465838432312,0.1162136048078537,0.6922522336244583,0.8562541553602285,True,3.5896878242492676,0.5160027146339417,3.073685109615326,0.8562541535929085,1.0,1.0,0.0,0.26873648166656494,0.7655500769615173,False,False,True,output/resnet18_localisation_attack_preserve_cls_full_archive_v2/exact_archive/dev_val/digital_1/scan/arabic-NM-1090__2155706f18a3__exact.npz,24ae6bb9b5700e284cc7a95e9021ede11a27fc0b42d2dded0ee46498ca48c3f7,4610232,float32,float32,512,864,resnet_exact_archive_v1
dev_val,digital_1,chinese-001_03,huawei,train/attack/digital_1/huawei/chinese-001_03.jpg,1.0,0.9999833106994629,1.6689300537109375e-05,0.9823213815689087,11.002176284790039,4.017563343048096,True,1.0,0.25,10,0.0019608272705227137,0.0,2,0,0.6503745317459106,0.19619227945804596,0.13946671783924103,0.6503745317459106,0.19619227945804596,0.4541822522878647,0.6983395414771643,True,4.663295269012451,1.4067318439483643,3.256563425064087,0.698339529710657,1.0,1.0,0.0,0.46202176809310913,0.7018227577209473,False,False,True,output/resnet18_localisation_attack_preserve_cls_full_archive_v2/exact_archive/dev_val/digital_1/huawei/chinese-001_03__b72bb8d023e3__exact.npz,58d0012ec14b5b8c2305fad424c94eb796f0f17042e7dd4464d6f1853e35a00d,3553524,float32,float32,512,864,resnet_exact_archive_v1
dev_val,digital_1,chinese-001_03,iphone15pro,train/attack/digital_1/iphone15pro/chinese-001_03.jpg,1.0,0.99991774559021,8.225440979003906e-05,0.9976497292518616,9.405238151550293,6.050851821899414,True,1.0,0.25,10,0.0039215851575136185,0.0,5,0,0.6884941458702087,0.17230702936649323,0.1416015625,0.6884942650794983,0.17230702936649323,0.5161872357130051,0.7497335299567129,True,4.862194061279297,1.216844081878662,3.6453499794006348,0.7497335428116382,1.0,1.0,0.0,0.3001987934112549,0.7678616046905518,False,False,True,output/resnet18_localisation_attack_preserve_cls_full_archive_v2/exact_archive/dev_val/digital_1/iphone15pro/chinese-001_03__0e6185f6d1e0__exact.npz,2efe7324e144bf0fb3d3faadc624165d81d8ece373636c1c7830d88b96e37aed,4437106,float32,float32,512,864,resnet_exact_archive_v1
dev_val,digital_1,chinese-001_03,scan,train/attack/digital_1/scan/chinese-001_03.jpg,0.99951171875,0.9996157884597778,0.00010406970977783203,0.9880148768424988,7.864067077636719,4.412034034729004,True,1.0,0.25,10,0.0039215851575136185,0.0,5,0,0.7440134286880493,0.17321684956550598,0.1407732218503952,0.7440134286880493,0.1732168346643448,0.5707965940237045,0.7671858759729842,True,5.285191535949707,1.2304672002792358,4.054724335670471,0.7671858830640977,1.0,1.0,0.0,0.18931743502616882,0.8577145934104919,False,False,True,output/resnet18_localisation_attack_preserve_cls_full_archive_v2/exact_archive/dev_val/digital_1/scan/chinese-001_03__f3a61eaf41b1__exact.npz,16bca07bddfd818a4a7cb93d206298f2d3e60305befc63fe8c24d32614b3d20d,4313906,float32,float32,512,864,resnet_exact_archive_v1
dev_val,digital_1,chinese-113_03,huawei,train/attack/digital_1/huawei/chinese-113_03.jpg,1.0,0.9999998807907104,1.1920928955078125e-07,0.9972237348556519,15.626230239868164,5.883875370025635,True,1.0,0.25,10,0.003921577241271734,0.0,4,0,0.6599735021591187,0.1898719072341919,0.13277935981750488,0.6599735021591187,0.1898719072341919,0.47010159492492676,0.7123037415698941,True,4.970452785491943,1.4299806356430054,3.540472149848938,0.712303748298964,1.0,1.0,0.0,0.292538046836853,0.8003663420677185,False,False,True,output/resnet18_localisation_attack_preserve_cls_full_archive_v2/exact_archive/dev_val/digital_1/huawei/chinese-113_03__80b1dbcdfcfd__exact.npz,a4dc9e1cf9bff0be0801964ca722f749454ffd81e3757389727fbd6fee99fa5b,3657962,float32,float32,512,864,resnet_exact_archive_v1
dev_val,digital_1,chinese-113_03,iphone15pro,train/attack/digital_1/iphone15pro/chinese-113_03.jpg,1.0,1.0,0.0,0.9929424524307251,16.92319107055664,4.946563720703125,True,1.0,0.25,10,0.0039215851575136185,0.0,10,0,0.6094513535499573,0.09880103915929794,0.1292112022638321,0.609451413154602,0.09880104660987854,0.5106503665447235,0.8378852776819876,True,4.716707229614258,0.7646477222442627,3.952059507369995,0.8378852693159848,1.0,1.0,0.0,0.2837003469467163,0.7991793155670166,False,False,True,output/resnet18_localisation_attack_preserve_cls_full_archive_v2/exact_archive/dev_val/digital_1/iphone15pro/chinese-113_03__fc161e4330d3__exact.npz,8df3a3f06bf17af4e6d6a3afca5bfed134ef4c230db1483da048e590704eb5f0,4475573,float32,float32,512,864,resnet_exact_archive_v1
dev_val,digital_1,chinese-113_03,scan,train/attack/digital_1/scan/chinese-113_03.jpg,1.0,0.9999991655349731,8.344650268554688e-07,0.99962317943573,14.066080093383789,7.883472919464111,True,1.0,0.25,10,0.0029412410221993923,0.0,3,0,0.6107090711593628,0.19495998322963715,0.1349261850118637,0.6107090711593628,0.19495993852615356,0.41574913263320923,0.6807646263448421,True,4.526245594024658,1.4449377059936523,3.081307888031006,0.6807646257858405,1.0,1.0,0.0,0.36560627818107605,0.7286920547485352,False,False,True,output/resnet18_localisation_attack_preserve_cls_full_archive_v2/exact_archive/dev_val/digital_1/scan/chinese-113_03__757716d45d2e__exact.npz,93099a39fe7a1798403f8c4fd06ce6c6d91a020e75df4631fad877148289ad99,4331070,float32,float32,512,864,resnet_exact_archive_v1
dev_val,digital_1,chinese-142_03,huawei,train/attack/digital_1/huawei/chinese-142_03.jpg,1.0,0.9999977350234985,2.2649765014648438e-06,0.9693006277084351,12.973529815673828,3.4523324966430664,True,1.0,0.25,10,0.0039215851575136185,0.0,10,0,0.6759697794914246,0.12209659814834595,0.14119075238704681,0.6759697794914246,0.12209660559892654,0.553873173892498,0.8193756447354974,True,4.78763484954834,0.8647634983062744,3.9228713512420654,0.8193756363044572,1.0,1.0,0.0,0.3147752285003662,0.7611104249954224,False,False,True,output/resnet18_localisation_attack_preserve_cls_full_archive_v2/exact_archive/dev_val/digital_1/huawei/chinese-142_03__b6cea35284cd__exact.npz,7282940bb630fcc1d894aadbc44856b98119f5066b2aaafdb6ec0150bbe439bc,4052104,float32,float32,512,864,resnet_exact_archive_v1
dev_val,digital_1,chinese-142_03,iphone15pro,train/attack/digital_1/iphone15pro/chinese-142_03.jpg,1.0,0.9999995231628418,4.76837158203125e-07,0.9982068538665771,14.477293014526367,6.322021484375,True,1.0,0.25,10,0.0039215851575136185,0.0,10,0,0.691241443157196,0.1003326028585434,0.1391281634569168,0.691241443157196,0.10033261030912399,0.590908832848072,0.8548515698785912,True,4.968379020690918,0.7211523652076721,4.247226655483246,0.8548515799208518,1.0,0.0,1.0,0.2207825779914856,0.7827465534210205,False,False,True,output/resnet18_localisation_attack_preserve_cls_full_archive_v2/exact_archive/dev_val/digital_1/iphone15pro/chinese-142_03__1cc6f3761f34__exact.npz,19f9f1922c86cf60c2432398f626fdcf1b31c9b31499ab0e8419d1883c49a03e,4618070,float32,float32,512,864,resnet_exact_archive_v1
dev_val,digital_1,chinese-142_03,scan,train/attack/digital_1/scan/chinese-142_03.jpg,1.0,1.0,0.0,0.9999617338180542,17.79965591430664,10.17180347442627,True,1.0,0.25,10,0.0029412410221993923,0.0,3,0,0.610985279083252,0.18698909878730774,0.14042921364307404,0.6109853386878967,0.18698909878730774,0.423996239900589,0.6939548513735688,True,4.350842475891113,1.3315541744232178,3.0192883014678955,0.693954864649404,1.0,1.0,0.0,0.444995641708374,0.6671425700187683,False,False,True,output/resnet18_localisation_attack_preserve_cls_full_archive_v2/exact_archive/dev_val/digital_1/scan/chinese-142_03__db99c7c94d43__exact.npz,9d8e3d1247bbac794dbaa9e59567cd7028c445fcc7b99f7e91d35ef0d040cbba,4339121,float32,float32,512,864,resnet_exact_archive_v1
dev_val,digital_1,chinese-NF-1050,huawei,train/attack/digital_1/huawei/chinese-NF-1050.jpg,1.0,0.9999969005584717,3.0994415283203125e-06,0.996728777885437,12.698421478271484,5.719331741333008,True,1.0,0.25,10,0.0039215851575136185,0.0,6,0,0.7494081854820251,0.19052225351333618,0.3078449070453644,0.7494081258773804,0.1905222237110138,0.5588859021663666,0.7457697386347965,True,2.4343690872192383,0.6188902854919434,1.815478801727295,0.7457697402003666,1.0,1.0,0.0,0.39838433265686035,0.7110946178436279,False,False,True,output/resnet18_localisation_attack_preserve_cls_full_archive_v2/exact_archive/dev_val/digital_1/huawei/chinese-NF-1050__777e05d2d6ce__exact.npz,45afbab26392ea806abeb9c55e458d5f1398f934eb64e6fd87c5daeb8f668051,4145338,float32,float32,512,864,resnet_exact_archive_v1
dev_val,digital_1,chinese-NF-1050,iphone15pro,train/attack/digital_1/iphone15pro/chinese-NF-1050.jpg,1.0,0.9999983310699463,1.6689300537109375e-06,0.8603759407997131,13.269538879394531,1.8184159994125366,True,1.0,0.25,10,0.0039215851575136185,0.0,10,0,0.7943056225776672,0.13931910693645477,0.2957620620727539,0.7943056225776672,0.13931909203529358,0.6549865305423737,0.8246026616515976,True,2.68562388420105,0.47105127573013306,2.2145726084709167,0.8246026636487608,1.0,1.0,0.0,0.31835246086120605,0.7726249098777771,False,False,True,output/resnet18_localisation_attack_preserve_cls_full_archive_v2/exact_archive/dev_val/digital_1/iphone15pro/chinese-NF-1050__d629d973254a__exact.npz,816e46c10705c2c576ecd4427f821f8b38447134b247207e4c7ef2a9e7c04060,4410806,float32,float32,512,864,resnet_exact_archive_v1
dev_val,digital_1,chinese-NF-1050,scan,train/attack/digital_1/scan/chinese-NF-1050.jpg,1.0,0.9999996423721313,3.5762786865234375e-07,0.9967042803764343,14.975914001464844,5.711827278137207,True,1.0,0.25,10,0.0039215851575136185,0.0,5,0,0.7813866138458252,0.20629462599754333,0.3111509680747986,0.78138667345047,0.20629462599754333,0.5750920474529266,0.7359890653284609,True,2.5112783908843994,0.6630049347877502,1.8482734560966492,0.735989073455827,1.0,1.0,0.0,0.3691592514514923,0.7296053171157837,False,False,True,output/resnet18_localisation_attack_preserve_cls_full_archive_v2/exact_archive/dev_val/digital_1/scan/chinese-NF-1050__7be1d5f032bd__exact.npz,a2a097888253e37d4c489f2e6bd34d6bda234016796edf3bb3734ad2bdba9d30,4518794,float32,float32,512,864,resnet_exact_archive_v1
dev_val,digital_1,chinese-NF-1085,huawei,train/attack/digital_1/huawei/chinese-NF-1085.jpg,1.0,0.9999988079071045,1.1920928955078125e-06,0.98653644323349,13.687442779541016,4.294211387634277,True,1.0,0.25,10,0.0039215851575136185,0.0,7,0,0.7920458912849426,0.11864790320396423,0.2225763350725174,0.7920458316802979,0.11864791065454483,0.673397921025753,0.8502007006301171,True,3.558535575866699,0.5330661535263062,3.025469422340393,0.8502006957183573,1.0,0.0,1.0,0.3064521253108978,0.783469557762146,False,False,True,output/resnet18_localisation_attack_preserve_cls_full_archive_v2/exact_archive/dev_val/digital_1/huawei/chinese-NF-1085__39a10f6fdad2__exact.npz,07acf09440fb8aacae20666adae60042f1b34fa41ed9127193fea1a0289e6479,3955953,float32,float32,512,864,resnet_exact_archive_v1
dev_val,digital_1,chinese-NF-1085,iphone15pro,train/attack/digital_1/iphone15pro/chinese-NF-1085.jpg,1.0,0.9999938011169434,6.198883056640625e-06,0.9985170960426331,11.989307403564453,6.512285232543945,True,1.0,0.25,10,0.003921577241271734,0.0,4,0,0.714330792427063,0.18593737483024597,0.21816092729568481,0.714330792427063,0.18593735992908478,0.5283934324979782,0.739704123215338,True,3.274329662322998,0.8522945046424866,2.4220351576805115,0.7397041249542907,1.0,1.0,0.0,0.3679009675979614,0.7361032366752625,False,False,True,output/resnet18_localisation_attack_preserve_cls_full_archive_v2/exact_archive/dev_val/digital_1/iphone15pro/chinese-NF-1085__585bb04e89c8__exact.npz,bcecea594f3090362b95be1c26950e9472e8c77861e8a75ecab9541f694886f7,4329323,float32,float32,512,864,resnet_exact_archive_v1
dev_val,digital_1,chinese-NF-1085,scan,train/attack/digital_1/scan/chinese-NF-1085.jpg,1.0,0.9999992847442627,7.152557373046875e-07,0.997389018535614,14.116448402404785,5.945392608642578,True,1.0,0.25,10,0.0039215851575136185,0.0,8,0,0.7301738858222961,0.16249704360961914,0.22498516738414764,0.7301738262176514,0.16249702870845795,0.5676767975091934,0.7774543226916208,True,3.2454309463500977,0.7222566604614258,2.523174285888672,0.7774543127242637,1.0,1.0,0.0,0.40901654958724976,0.7140771150588989,False,False,True,output/resnet18_localisation_attack_preserve_cls_full_archive_v2/exact_archive/dev_val/digital_1/scan/chinese-NF-1085__48fe0696de20__exact.npz,004ebed89d94295fba080e359ec74ce1c262c7f15e0743f6e8bf4a0367fb68d6,4496097,float32,float32,512,864,resnet_exact_archive_v1
dev_val,digital_1,chinese-NM-1092,huawei,train/attack/digital_1/huawei/chinese-NM-1092.jpg,0.99951171875,0.9996021389961243,9.042024612426758e-05,0.8388512134552002,7.828988075256348,1.649705171585083,True,1.0,0.25,10,0.0039215851575136185,0.0,10,0,0.6733065843582153,0.07457327097654343,0.22290857136249542,0.6733066439628601,0.07457325607538223,0.5987333878874779,0.8892432493514861,True,3.0205507278442383,0.33454638719558716,2.686004340648651,0.8892432482223689,1.0,0.0,1.0,0.33553770184516907,0.7162683606147766,False,False,True,output/resnet18_localisation_attack_preserve_cls_full_archive_v2/exact_archive/dev_val/digital_1/huawei/chinese-NM-1092__56c6136eff30__exact.npz,03cbb96b50f8b63ccb4d496d51ecd81109d78865a1ed121f284e1d1c73e2b903,4098257,float32,float32,512,864,resnet_exact_archive_v1
dev_val,digital_1,chinese-NM-1092,iphone15pro,train/attack/digital_1/iphone15pro/chinese-NM-1092.jpg,0.9970703125,0.9970108270645142,5.9485435485839844e-05,0.9695976376533508,5.809759140014648,3.4623634815216064,True,1.0,0.25,10,0.0039215851575136185,0.0,5,0,0.7065348029136658,0.1418890804052353,0.22148582339286804,0.706534743309021,0.1418890804052353,0.5646456629037857,0.7991760748513163,True,3.1899771690368652,0.6406237483024597,2.5493534207344055,0.7991760710638941,1.0,1.0,0.0,0.5178026556968689,0.712443470954895,False,False,True,output/resnet18_localisation_attack_preserve_cls_full_archive_v2/exact_archive/dev_val/digital_1/iphone15pro/chinese-NM-1092__ef5a522172ee__exact.npz,49062f7755b2b3c0a0771709e47cfd0054a63cb37f605cea1b779469eafc13b8,4239519,float32,float32,512,864,resnet_exact_archive_v1
dev_val,digital_1,chinese-NM-1092,scan,train/attack/digital_1/scan/chinese-NM-1092.jpg,1.0,0.9999853372573853,1.4662742614746094e-05,0.9987500905990601,11.131511688232422,6.683459758758545,True,1.0,0.25,10,0.0039215851575136185,0.0,10,0,0.6105265021324158,0.16739565134048462,0.2235330194234848,0.6105265021324158,0.16739565134048462,0.44313085079193115,0.7258175513170786,True,2.7312586307525635,0.7488632202148438,1.9823954105377197,0.7258175363610644,1.0,1.0,0.0,0.6222397089004517,0.5461270213127136,False,False,True,output/resnet18_localisation_attack_preserve_cls_full_archive_v2/exact_archive/dev_val/digital_1/scan/chinese-NM-1092__0e84d3d1e3ed__exact.npz,3557380672a366b442578fe779047ee495ba73376c8b7f33802afab5e8fbc24d,4524456,float32,float32,512,864,resnet_exact_archive_v1
dev_val,digital_1,french-019_03,huawei,train/attack/digital_1/huawei/french-019_03.jpg,1.0,0.9999979734420776,2.0265579223632812e-06,0.9969480633735657,13.138481140136719,5.788906574249268,True,1.0,0.25,10,0.0019608272705227137,0.0,2,0,0.6163201928138733,0.13833056390285492,0.11716878414154053,0.6163202524185181,0.1383305788040161,0.47798967361450195,0.7755540593365389,True,5.260106086730957,1.1806094646453857,4.079496622085571,0.7755540581921782,1.0,1.0,0.0,0.47626903653144836,0.6812077760696411,False,False,True,output/resnet18_localisation_attack_preserve_cls_full_archive_v2/exact_archive/dev_val/digital_1/huawei/french-019_03__b50f98e59275__exact.npz,444aa8f38c7bc971ac1a3bfe7f8bc5b9c888ce79838a0ab8a345acc2e38eff37,4093524,float32,float32,512,864,resnet_exact_archive_v1
dev_val,digital_1,french-019_03,iphone15pro,train/attack/digital_1/iphone15pro/french-019_03.jpg,1.0,0.999984860420227,1.5139579772949219e-05,0.9960579872131348,11.095464706420898,5.532098770141602,True,1.0,0.25,10,0.0039215851575136185,0.0,6,0,0.5313891172409058,0.058956582099199295,0.11225991696119308,0.5313891172409058,0.0589565746486187,0.47243254259228706,0.8890519720186691,True,4.733560562133789,0.5251792073249817,4.208381354808807,0.8890519725201864,1.0,0.0,1.0,0.39423203468322754,0.603400707244873,False,False,True,output/resnet18_localisation_attack_preserve_cls_full_archive_v2/exact_archive/dev_val/digital_1/iphone15pro/french-019_03__92c21c257a9f__exact.npz,2cb22abc9bd50e3484eb46c5d140f46cbfb02feff0708c2780d64dd2daad213b,4797902,float32,float32,512,864,resnet_exact_archive_v1
dev_val,digital_1,french-019_03,scan,train/attack/digital_1/scan/french-019_03.jpg,1.0,0.9999980926513672,1.9073486328125e-06,0.9996873140335083,13.17582893371582,8.069758415222168,True,1.0,0.25,10,0.0019608272705227137,0.0,2,0,0.5527710318565369,0.19004316627979279,0.117688849568367,0.5527710318565369,0.19004316627979279,0.3627278655767441,0.656199121648047,True,4.696885108947754,1.614793300628662,3.082091808319092,0.6561991057536374,1.0,1.0,0.0,0.59522545337677,0.5669536590576172,False,False,True,output/resnet18_localisation_attack_preserve_cls_full_archive_v2/exact_archive/dev_val/digital_1/scan/french-019_03__40d3689b9f23__exact.npz,d0ae1b82299c2eb17667db8b841f883ec484a6f726b4f17d36d529d3abd606f6,4476337,float32,float32,512,864,resnet_exact_archive_v1
dev_val,digital_1,french-114_03,huawei,train/attack/digital_1/huawei/french-114_03.jpg,1.0,0.9999998807907104,1.1920928955078125e-07,0.9998414516448975,15.832592010498047,8.749396324157715,True,1.0,0.25,10,0.0039215851575136185,0.0,5,0,0.6248816847801208,0.14473684132099152,0.1370297372341156,0.6248817443847656,0.14473682641983032,0.4801449179649353,0.7683772526234822,True,4.560190677642822,1.056243896484375,3.5039467811584473,0.7683772519287831,1.0,1.0,0.0,0.5396535992622375,0.6156783103942871,False,False,True,output/resnet18_localisation_attack_preserve_cls_full_archive_v2/exact_archive/dev_val/digital_1/huawei/french-114_03__d384829751dd__exact.npz,eb51f0a943fed4d2b46f342777c524815d2aa883c8a97372f6cafba3f252946c,4638282,float32,float32,512,864,resnet_exact_archive_v1
dev_val,digital_1,french-114_03,iphone15pro,train/attack/digital_1/iphone15pro/french-114_03.jpg,1.0,0.9999980926513672,1.9073486328125e-06,0.9939650893211365,13.182902336120605,5.1041340827941895,True,1.0,0.25,10,0.0039215851575136185,0.0,10,0,0.5790687799453735,0.08352454751729965,0.1362607628107071,0.5790687203407288,0.08352454751729965,0.4955441728234291,0.8557605607359466,True,4.2497100830078125,0.6129757761955261,3.6367343068122864,0.8557605661980403,1.0,1.0,0.0,0.5147642493247986,0.6522476077079773,False,False,True,output/resnet18_localisation_attack_preserve_cls_full_archive_v2/exact_archive/dev_val/digital_1/iphone15pro/french-114_03__5467e3b45d29__exact.npz,a6d7ad53b6a379716c58e1eb65969fb9991b154ea571228199173af15cec4634,4955171,float32,float32,512,864,resnet_exact_archive_v1
dev_val,digital_1,french-114_03,scan,train/attack/digital_1/scan/french-114_03.jpg,1.0,1.0,0.0,0.9985862970352173,17.466129302978516,6.560086250305176,True,1.0,0.25,10,0.0039215851575136185,0.0,10,0,0.6500038504600525,0.13843108713626862,0.13897070288658142,0.6500037908554077,0.1384311020374298,0.5115726888179779,0.7870303158459216,True,4.677272319793701,0.9961171746253967,3.6811551451683044,0.7870303231201787,1.0,1.0,0.0,0.47192421555519104,0.695931077003479,False,False,True,output/resnet18_localisation_attack_preserve_cls_full_archive_v2/exact_archive/dev_val/digital_1/scan/french-114_03__ae9a04258488__exact.npz,6d3455194e98bc4352f5caca8c2f52f5fe8217b3512cfff97aaaded0c04038b5,4725354,float32,float32,512,864,resnet_exact_archive_v1
dev_val,digital_1,french-124_03,huawei,train/attack/digital_1/huawei/french-124_03.jpg,1.0,0.9999998807907104,1.1920928955078125e-07,0.9999749660491943,15.77811336517334,10.594245910644531,True,1.0,0.25,10,0.0029412410221993923,0.0,3,0,0.5887401700019836,0.16182419657707214,0.1266992837190628,0.5887401700019836,0.16182421147823334,0.4269159585237503,0.7251347543047927,True,4.646751880645752,1.2772306203842163,3.3695212602615356,0.7251347493495346,1.0,1.0,0.0,0.5340665578842163,0.589009165763855,False,False,True,output/resnet18_localisation_attack_preserve_cls_full_archive_v2/exact_archive/dev_val/digital_1/huawei/french-124_03__2dae8e352c70__exact.npz,bbcc7820ba5fb71bea0ab96b58379252e24ed97355ad9daa6e39ca05745ddbc9,4640056,float32,float32,512,864,resnet_exact_archive_v1
dev_val,digital_1,french-124_03,iphone15pro,train/attack/digital_1/iphone15pro/french-124_03.jpg,1.0,0.9999996423721313,3.5762786865234375e-07,0.9997190833091736,14.753440856933594,8.177191734313965,True,1.0,0.25,10,0.0039215851575136185,0.0,10,0,0.463187038898468,0.12639865279197693,0.11866442859172821,0.4631870985031128,0.12639863789081573,0.33678846061229706,0.7271110566349976,True,3.9033355712890625,1.065177083015442,2.8381584882736206,0.7271110660199602,1.0,1.0,0.0,0.6587631106376648,0.5990570783615112,False,False,True,output/resnet18_localisation_attack_preserve_cls_full_archive_v2/exact_archive/dev_val/digital_1/iphone15pro/french-124_03__c085cc7b9f38__exact.npz,dc99cacc4d6d148f4818d6e2b12f4adc43aff12d5d6c089d6630e1e257603140,4819173,float32,float32,512,864,resnet_exact_archive_v1
dev_val,digital_1,french-124_03,scan,train/attack/digital_1/scan/french-124_03.jpg,1.0,0.9999995231628418,4.76837158203125e-07,0.9996114373207092,14.66987419128418,7.85252046585083,True,1.0,0.25,10,0.0039215851575136185,0.0,10,0,0.5040237903594971,0.1508721113204956,0.1272038370370865,0.5040238499641418,0.1508721113204956,0.35315173864364624,0.7006647377277301,True,3.962332248687744,1.1860657930374146,2.7762664556503296,0.7006647301143868,1.0,1.0,0.0,0.6897021532058716,0.564173698425293,False,False,True,output/resnet18_localisation_attack_preserve_cls_full_archive_v2/exact_archive/dev_val/digital_1/scan/french-124_03__337d04a50a96__exact.npz,733c4d2c668bb2971e60cf52fb8c06d0f92acc33f0743fc42ce26685ba6d5fe7,4679971,float32,float32,512,864,resnet_exact_archive_v1
dev_val,digital_1,french-128_03,huawei,train/attack/digital_1/huawei/french-128_03.jpg,1.0,0.9999970197677612,2.9802322387695312e-06,0.5795879364013672,12.707634925842285,0.321082204580307,True,1.0,0.25,10,0.0039215851575136185,0.0,10,0,0.6010814905166626,0.04897152632474899,0.1162969321012497,0.601081371307373,0.04897153005003929,0.5521098412573338,0.9185276197405278,True,5.168505668640137,0.4210904836654663,4.74741518497467,0.9185276150086418,1.0,0.0,1.0,0.21286386251449585,0.7772061824798584,False,False,True,output/resnet18_localisation_attack_preserve_cls_full_archive_v2/exact_archive/dev_val/digital_1/huawei/french-128_03__d3222a381663__exact.npz,6c1f5c01479234a8d14b21d962dae5944e7600e0c2a033d974bf04729fa502e8,4281035,float32,float32,512,864,resnet_exact_archive_v1
dev_val,digital_1,french-128_03,iphone15pro,train/attack/digital_1/iphone15pro/french-128_03.jpg,1.0,0.9999747276306152,2.5272369384765625e-05,0.9753527641296387,10.583969116210938,3.6781322956085205,True,1.0,0.25,10,0.0039215851575136185,0.0,10,0,0.4351518750190735,0.025312356650829315,0.11009892076253891,0.4351518154144287,0.025312354788184166,0.40983946062624454,0.9418309796913584,True,3.95237135887146,0.22990557551383972,3.7224657833576202,0.9418309782561815,1.0,0.0,1.0,0.3445039987564087,0.7226940393447876,False,False,True,output/resnet18_localisation_attack_preserve_cls_full_archive_v2/exact_archive/dev_val/digital_1/iphone15pro/french-128_03__7bda8be1ad20__exact.npz,9d6325188ad71995c53916c7aa5d4e87189bffab243365b55909453007cf48ce,4691010,float32,float32,512,864,resnet_exact_archive_v1
dev_val,digital_1,french-128_03,scan,train/attack/digital_1/scan/french-128_03.jpg,1.0,0.9999321699142456,6.783008575439453e-05,0.9337711930274963,9.597789764404297,2.646116256713867,True,1.0,0.25,10,0.0039215851575136185,0.0,10,0,0.47393274307250977,0.09990709275007248,0.10873349756002426,0.4739327132701874,0.09990708529949188,0.3740256279706955,0.7891956336794688,True,4.358663558959961,0.9188252687454224,3.4398382902145386,0.7891956430414034,1.0,0.0,1.0,0.5582605600357056,0.527834415435791,False,False,True,output/resnet18_localisation_attack_preserve_cls_full_archive_v2/exact_archive/dev_val/digital_1/scan/french-128_03__a4bf128051e3__exact.npz,a8fff035a5a0e9fa0b22a7569f96387cd25feddbb6e63b87f9470a6b053ff819,4722123,float32,float32,512,864,resnet_exact_archive_v1
dev_val,digital_1,french-NF-1047,huawei,train/attack/digital_1/huawei/french-NF-1047.jpg,1.0,1.0,0.0,0.9999902248382568,22.405399322509766,11.539308547973633,True,1.0,0.25,10,0.0029412410221993923,0.0,3,0,0.7284142374992371,0.1601695716381073,0.18716511130332947,0.7284141778945923,0.1601695716381073,0.568244606256485,0.7801119521024957,True,3.891826629638672,0.8557661771774292,3.0360604524612427,0.7801119477778791,1.0,1.0,0.0,0.42752009630203247,0.6757788062095642,False,False,True,output/resnet18_localisation_attack_preserve_cls_full_archive_v2/exact_archive/dev_val/digital_1/huawei/french-NF-1047__65c5ffa3c2da__exact.npz,8c7cc8928950e1cbc930cab103053ea825a98c3423d70fa32026dfbe123cad94,4703094,float32,float32,512,864,resnet_exact_archive_v1
dev_val,digital_1,french-NF-1047,iphone15pro,train/attack/digital_1/iphone15pro/french-NF-1047.jpg,1.0,1.0,0.0,0.9999353885650635,22.759864807128906,9.647327423095703,True,1.0,0.25,10,0.0039215851575136185,0.0,9,0,0.7084940671920776,0.10145282745361328,0.18250679969787598,0.7084940075874329,0.10145282745361328,0.6070411801338196,0.8568049604271447,True,3.882014513015747,0.5558851957321167,3.3261293172836304,0.856804967145711,1.0,1.0,0.0,0.38668954372406006,0.7004008293151855,False,False,True,output/resnet18_localisation_attack_preserve_cls_full_archive_v2/exact_archive/dev_val/digital_1/iphone15pro/french-NF-1047__4af5820e4449__exact.npz,03711f264b018709764a4f8278703b331ecefa5c5239a27f777f51ab22b1d377,5080548,float32,float32,512,864,resnet_exact_archive_v1
dev_val,digital_1,french-NF-1047,scan,train/attack/digital_1/scan/french-NF-1047.jpg,1.0,1.0,0.0,0.9995948672294617,21.210987091064453,7.810873508453369,True,1.0,0.25,10,0.0039215851575136185,0.0,10,0,0.7144984602928162,0.1440269649028778,0.18519912660121918,0.7144984006881714,0.1440269649028778,0.5704714357852936,0.798422271114732,True,3.8580009937286377,0.7776870727539062,3.0803139209747314,0.7984222725660068,1.0,1.0,0.0,0.42504212260246277,0.7166278958320618,False,False,True,output/resnet18_localisation_attack_preserve_cls_full_archive_v2/exact_archive/dev_val/digital_1/scan/french-NF-1047__9528e5d9a79d__exact.npz,15eb6c454f60b3c1353dd3d28696c94094d8a4848229260cdb8063821425ef4b,4841242,float32,float32,512,864,resnet_exact_archive_v1
dev_val,digital_1,french-NF-1082,huawei,train/attack/digital_1/huawei/french-NF-1082.jpg,1.0,0.9998481273651123,0.0001518726348876953,0.9981005787849426,8.792646408081055,6.264294624328613,True,1.0,0.25,10,0.0039215851575136185,0.0,7,0,0.672183632850647,0.03456379473209381,0.14965204894542694,0.672183632850647,0.03456379473209381,0.6376198381185532,0.9485798328865684,True,4.49164342880249,0.23096105456352234,4.260682374238968,0.948579833144703,1.0,0.0,1.0,0.3052777051925659,0.7467166781425476,False,False,True,output/resnet18_localisation_attack_preserve_cls_full_archive_v2/exact_archive/dev_val/digital_1/huawei/french-NF-1082__c6127104327d__exact.npz,cb2ab7bfbbb169185276f6830edd3b9cc060d356edbd29c0479572f13e2fc7ae,4784458,float32,float32,512,864,resnet_exact_archive_v1
dev_val,digital_1,french-NF-1082,iphone15pro,train/attack/digital_1/iphone15pro/french-NF-1082.jpg,1.0,0.9999566078186035,4.3392181396484375e-05,0.9866264462471008,10.046520233154297,4.301015853881836,True,1.0,0.25,10,0.0039215851575136185,0.0,10,0,0.5922411680221558,0.10474442690610886,0.15288858115673065,0.5922411680221558,0.10474443435668945,0.4874967336654663,0.8231388832584989,True,3.873678207397461,0.6851030588150024,3.1885751485824585,0.8231388819270844,1.0,1.0,0.0,0.6529308557510376,0.5696200132369995,False,False,True,output/resnet18_localisation_attack_preserve_cls_full_archive_v2/exact_archive/dev_val/digital_1/iphone15pro/french-NF-1082__3abfb729e3b7__exact.npz,c636318468b7cf74fa2526b0a016bcdb6aa5ba53d3b070becec51548133fe633,4578426,float32,float32,512,864,resnet_exact_archive_v1
dev_val,digital_1,french-NF-1082,scan,train/attack/digital_1/scan/french-NF-1082.jpg,0.99951171875,0.9996800422668457,0.00016832351684570312,0.9966161847114563,8.047040939331055,5.685359477996826,True,1.0,0.25,10,0.0019608272705227137,0.0,2,0,0.49246689677238464,0.16569364070892334,0.1560189574956894,0.49246686697006226,0.16569361090660095,0.3267732560634613,0.6635436371058975,True,3.1564552783966064,1.0620094537734985,2.094445824623108,0.6635436399045164,1.0,1.0,0.0,0.8298933506011963,0.4206444323062897,False,False,True,output/resnet18_localisation_attack_preserve_cls_full_archive_v2/exact_archive/dev_val/digital_1/scan/french-NF-1082__666bd6087d94__exact.npz,0d9f7b0268d351c1865b177f13e7b2ea70393228773ff129a1b66c1a5a4a784a,4446214,float32,float32,512,864,resnet_exact_archive_v1
dev_val,digital_1,indian-014_03,huawei,train/attack/digital_1/huawei/indian-014_03.jpg,0.99951171875,0.9995200634002686,8.344650268554688e-06,0.9999997615814209,7.641264915466309,15.027994155883789,True,1.0,0.25,10,0.0039215851575136185,0.0,10,0,0.511982798576355,0.00857167411595583,0.11545508354902267,0.511982798576355,0.008571673184633255,0.5034111253917217,0.983257888334397,True,4.434475898742676,0.0742424950003624,4.360233403742313,0.9832578873590422,1.0,0.0,1.0,0.04108981788158417,0.9326159358024597,False,False,True,output/resnet18_localisation_attack_preserve_cls_full_archive_v2/exact_archive/dev_val/digital_1/huawei/indian-014_03__117986531e7f__exact.npz,7fcc55c7505984468d910d0e6d7403fb5c6eff6b83e7cec6092c7c1d23d8e19c,4161271,float32,float32,512,864,resnet_exact_archive_v1
dev_val,digital_1,indian-014_03,iphone15pro,train/attack/digital_1/iphone15pro/indian-014_03.jpg,1.0,0.999994158744812,5.841255187988281e-06,0.9993341565132141,12.04444694519043,7.313901901245117,True,1.0,0.25,10,0.0039215851575136185,0.0,10,0,0.45748355984687805,0.11876360327005386,0.07439807057380676,0.4574835002422333,0.11876361072063446,0.3387198895215988,0.7403980457049265,True,6.1491312980651855,1.596326470375061,4.5528048276901245,0.7403980508795864,1.0,1.0,0.0,0.41034847497940063,0.6206473112106323,False,False,True,output/resnet18_localisation_attack_preserve_cls_full_archive_v2/exact_archive/dev_val/digital_1/iphone15pro/indian-014_03__54ea13bdff1b__exact.npz,a09954bc0820bc36e7b60c3aabf5e207b4925f68e3783f0db1f0a41fde989714,4691756,float32,float32,512,864,resnet_exact_archive_v1
dev_val,digital_1,indian-014_03,scan,train/attack/digital_1/scan/indian-014_03.jpg,0.9990234375,0.9991710186004639,0.0001475811004638672,0.936762809753418,7.094510078430176,2.6955373287200928,True,1.0,0.25,10,0.0039215851575136185,0.0,10,0,0.5008071660995483,0.19928710162639618,0.11360080540180206,0.5008070468902588,0.19928710162639618,0.3015199452638626,0.6020680961582681,True,4.408481121063232,1.7542753219604492,2.654205799102783,0.6020680879002256,1.0,1.0,0.0,0.4058428704738617,0.6068407297134399,False,False,True,output/resnet18_localisation_attack_preserve_cls_full_archive_v2/exact_archive/dev_val/digital_1/scan/indian-014_03__a4de0d51b39f__exact.npz,76adef1c7c6b6d68c898420d175e30748a426990f8a29212f5df9495b0b8bbca,4112731,float32,float32,512,864,resnet_exact_archive_v1
dev_val,digital_1,indian-021_03,huawei,train/attack/digital_1/huawei/indian-021_03.jpg,1.0,0.9999892711639404,1.0728836059570312e-05,0.9983514547348022,11.43716812133789,6.4061689376831055,True,1.0,0.25,10,0.0039215851575136185,0.0,6,0,0.5294379591941833,0.059994738548994064,0.07958045601844788,0.5294379591941833,0.05999474227428436,0.469443216919899,0.8866822047183814,True,6.652864456176758,0.7538878917694092,5.898976564407349,0.8866822108378486,1.0,1.0,0.0,0.20833879709243774,0.8198272585868835,False,False,True,output/resnet18_localisation_attack_preserve_cls_full_archive_v2/exact_archive/dev_val/digital_1/huawei/indian-021_03__e6510cba178c__exact.npz,2309ef5270bfc348ce869631e99305d1915f80d0ffebcb6e4bed7aeba782aa3d,4070294,float32,float32,512,864,resnet_exact_archive_v1
dev_val,digital_1,indian-021_03,iphone15pro,train/attack/digital_1/iphone15pro/indian-021_03.jpg,1.0,0.999997615814209,2.384185791015625e-06,0.9994968175888062,12.93519401550293,7.593975067138672,True,1.0,0.25,10,0.0039215851575136185,0.0,5,0,0.4903784692287445,0.16535814106464386,0.07722951471805573,0.4903784990310669,0.16535814106464386,0.32502035796642303,0.6627948790752999,True,6.349625587463379,2.1411261558532715,4.208499431610107,0.662794896114712,1.0,0.0,1.0,0.40078461170196533,0.6639267206192017,False,False,True,output/resnet18_localisation_attack_preserve_cls_full_archive_v2/exact_archive/dev_val/digital_1/iphone15pro/indian-021_03__93a8e3ad1589__exact.npz,2f3d13f85e6aaa5be8fd419368efec9864024489177f98e76df5d5b9676ff243,4364108,float32,float32,512,864,resnet_exact_archive_v1
dev_val,digital_1,indian-021_03,scan,train/attack/digital_1/scan/indian-021_03.jpg,0.99951171875,0.9993752837181091,0.00013643503189086914,0.5567589402198792,7.37746524810791,0.22801867127418518,True,1.0,0.25,10,0.0039215851575136185,0.0,10,0,0.559272289276123,0.1659347265958786,0.08133797347545624,0.5592723488807678,0.1659347116947174,0.3933376371860504,0.7033024929146044,True,6.875906944274902,2.040064573287964,4.8358423709869385,0.7033024748849188,1.0,1.0,0.0,0.1980973482131958,0.8387279510498047,False,False,True,output/resnet18_localisation_attack_preserve_cls_full_archive_v2/exact_archive/dev_val/digital_1/scan/indian-021_03__b04df46e1b98__exact.npz,c07b3c7481916168307ed438451935727a621d59f165abcda64652dbe7b7d85b,3963151,float32,float32,512,864,resnet_exact_archive_v1
dev_val,digital_1,indian-NF-1061,huawei,train/attack/digital_1/huawei/indian-NF-1061.jpg,1.0,0.9999784231185913,2.1576881408691406e-05,0.9999854564666748,10.745086669921875,11.134744644165039,True,1.0,0.25,10,0.0039215851575136185,0.0,8,0,0.8271538615226746,0.005629761144518852,0.21481072902679443,0.8271539211273193,0.00562975974753499,0.8215241613797843,0.9931938184614271,True,3.8506174087524414,0.026208000257611275,3.82440940849483,0.9931938186852736,1.0,0.0,1.0,0.012414611876010895,0.969504714012146,False,False,True,output/resnet18_localisation_attack_preserve_cls_full_archive_v2/exact_archive/dev_val/digital_1/huawei/indian-NF-1061__d898205c3f7c__exact.npz,9c03d1768f359f48a8fafa01547659028d23600c50c74af5a6632ec38148b46a,4389845,float32,float32,512,864,resnet_exact_archive_v1
dev_val,digital_1,indian-NF-1061,iphone15pro,train/attack/digital_1/iphone15pro/indian-NF-1061.jpg,1.0,0.9999997615814209,2.384185791015625e-07,0.9992496371269226,15.39773178100586,7.194215774536133,True,1.0,0.25,10,0.0039215851575136185,0.0,7,0,0.6437792181968689,0.11866308748722076,0.18695448338985443,0.6437792778015137,0.11866308748722076,0.5251161903142929,0.8156773733189245,True,3.4435079097747803,0.6347164511680603,2.80879145860672,0.8156773651176038,1.0,0.0,1.0,0.3119170367717743,0.6833088397979736,False,False,True,output/resnet18_localisation_attack_preserve_cls_full_archive_v2/exact_archive/dev_val/digital_1/iphone15pro/indian-NF-1061__ad4dfa2e4423__exact.npz,97f8d6447e7faed8d3f91771cf58dfa21d997129bfae0b649f1854ddab1096ed,4761444,float32,float32,512,864,resnet_exact_archive_v1
dev_val,digital_1,indian-NF-1061,scan,train/attack/digital_1/scan/indian-NF-1061.jpg,1.0,0.9999942779541016,5.7220458984375e-06,0.9497791528701782,12.064340591430664,2.9397993087768555,True,1.0,0.25,10,0.0039215851575136185,0.0,10,0,0.745586097240448,0.20318390429019928,0.19665110111236572,0.7455861568450928,0.20318388938903809,0.5424022674560547,0.7274843590862796,True,3.7914161682128906,1.0332201719284058,2.758195996284485,0.7274843683500403,1.0,1.0,0.0,0.26790186762809753,0.7814342379570007,False,False,True,output/resnet18_localisation_attack_preserve_cls_full_archive_v2/exact_archive/dev_val/digital_1/scan/indian-NF-1061__a4c277ba396b__exact.npz,e42de69249a1f63deed992d613e0480f6a2aba3c89675cbd9f5cec59ddc698b6,4189442,float32,float32,512,864,resnet_exact_archive_v1
dev_val,digital_1,persian-144_03,huawei,train/attack/digital_1/huawei/persian-144_03.jpg,1.0,0.9998311996459961,0.00016880035400390625,0.5022865533828735,8.687040328979492,0.00914628617465496,True,1.0,0.25,10,0.0039215851575136185,0.0,10,1,0.7960183620452881,0.07060697674751282,0.10537619888782501,0.7960183620452881,0.07060697674751282,0.7254113852977753,0.9112998140318078,True,7.554062366485596,0.6700467467308044,6.884015619754791,0.91129981270693,1.0,0.0,1.0,0.0020477622747421265,0.997331976890564,False,False,True,output/resnet18_localisation_attack_preserve_cls_full_archive_v2/exact_archive/dev_val/digital_1/huawei/persian-144_03__392f79c027bf__exact.npz,9115ddc566534d32990b5776f611db24f6c9fa480d2ee9edf03e3cb28992f30f,3977773,float32,float32,512,864,resnet_exact_archive_v1
dev_val,digital_1,persian-144_03,iphone15pro,train/attack/digital_1/iphone15pro/persian-144_03.jpg,1.0,0.9999990463256836,9.5367431640625e-07,0.962721049785614,13.805059432983398,3.2513341903686523,True,1.0,0.25,10,0.0039215851575136185,0.0,10,0,0.7621582746505737,0.11144334822893143,0.10525251179933548,0.7621582746505737,0.11144336313009262,0.6507149115204811,0.8537792387267776,True,7.241236209869385,1.058819055557251,6.182417154312134,0.853779240882359,1.0,0.0,1.0,0.1896246373653412,0.802245020866394,False,False,True,output/resnet18_localisation_attack_preserve_cls_full_archive_v2/exact_archive/dev_val/digital_1/iphone15pro/persian-144_03__b95af17b15d7__exact.npz,4ebda4ff29c20cd444b3da15dca77c2920596dd4a54b30204e59e29d40df3e31,4432608,float32,float32,512,864,resnet_exact_archive_v1
dev_val,digital_1,persian-144_03,scan,train/attack/digital_1/scan/persian-144_03.jpg,1.0,0.9997612833976746,0.00023871660232543945,0.502338707447052,8.339841842651367,0.009354889392852783,True,1.0,0.25,10,0.0039215851575136185,0.0,10,3,0.7538074254989624,0.13103501498699188,0.10554029047489166,0.7538073062896729,0.1310350000858307,0.6227723062038422,0.8261691031746559,True,7.142364978790283,1.2415636777877808,5.900801301002502,0.8261691076450609,1.0,1.0,0.0,0.1894035041332245,0.8419913053512573,False,False,True,output/resnet18_localisation_attack_preserve_cls_full_archive_v2/exact_archive/dev_val/digital_1/scan/persian-144_03__c74106c37608__exact.npz,ce1ec0632d4f5262118ac56df57835897d31881b928a6b25a0c1724a7e9d32b5,4127942,float32,float32,512,864,resnet_exact_archive_v1
dev_val,digital_1,persian-NF-1018,huawei,train/attack/digital_1/huawei/persian-NF-1018.jpg,0.998046875,0.9980989098548889,5.2034854888916016e-05,0.5007715821266174,6.263423919677734,0.0030864495784044266,True,1.0,0.25,10,0.0039215851575136185,0.0,10,2,0.8656007647514343,0.09631551802158356,0.1603066772222519,0.8656007051467896,0.09631551802158356,0.769285187125206,0.8887298526342463,True,5.399654865264893,0.6008204221725464,4.798834443092346,0.8887298471542084,1.0,0.0,1.0,0.08345647156238556,0.8996241092681885,False,False,True,output/resnet18_localisation_attack_preserve_cls_full_archive_v2/exact_archive/dev_val/digital_1/huawei/persian-NF-1018__df5fd0d17eb0__exact.npz,ccc3038170152ad35b0ea98a709bde860c2b5159da6eb1090ac188b8328a83fe,4224900,float32,float32,512,864,resnet_exact_archive_v1
dev_val,digital_1,persian-NF-1018,iphone15pro,train/attack/digital_1/iphone15pro/persian-NF-1018.jpg,1.0,0.9999991655349731,8.344650268554688e-07,0.9390642046928406,14.010032653808594,2.7350637912750244,True,1.0,0.25,10,0.0039215851575136185,0.0,5,0,0.8569271564483643,0.17641985416412354,0.15924771130084991,0.8569271564483643,0.17641986906528473,0.6805072873830795,0.7941250108159978,True,5.381095886230469,1.1078330278396606,4.273262858390808,0.7941250163048641,1.0,1.0,0.0,0.17238447070121765,0.8502018451690674,False,False,True,output/resnet18_localisation_attack_preserve_cls_full_archive_v2/exact_archive/dev_val/digital_1/iphone15pro/persian-NF-1018__a9c9beab7918__exact.npz,df444755b89368066770474f3f151a6cb6b39aa30a8e6ac0b43441616cacd684,4225636,float32,float32,512,864,resnet_exact_archive_v1
dev_val,digital_1,persian-NF-1018,scan,train/attack/digital_1/scan/persian-NF-1018.jpg,1.0,0.9999958276748657,4.172325134277344e-06,0.9026669859886169,12.39399528503418,2.22721529006958,True,1.0,0.25,10,0.0039215851575136185,0.0,8,0,0.9286609292030334,0.16061918437480927,0.16731612384319305,0.9286608695983887,0.16061915457248688,0.7680417150259018,0.8270421853330068,True,5.550337314605713,0.9599741697311401,4.590363144874573,0.827042193056453,1.0,0.0,1.0,0.02274218387901783,0.9735474586486816,False,False,True,output/resnet18_localisation_attack_preserve_cls_full_archive_v2/exact_archive/dev_val/digital_1/scan/persian-NF-1018__eef08f9e3f22__exact.npz,21af9d29f9b54b3935a7b039a41b3a32526474d8491d45ba3423ea9605894921,4064336,float32,float32,512,864,resnet_exact_archive_v1
dev_val,digital_1,persian-NF-1097,huawei,train/attack/digital_1/huawei/persian-NF-1097.jpg,0.99951171875,0.9993621706962585,0.00014954805374145508,0.5000196695327759,7.356870651245117,7.870793342590332e-05,True,1.0,0.25,10,0.0039215851575136185,0.0,10,2,0.9275451898574829,0.029590031132102013,0.16073372960090637,0.9275451302528381,0.029590032994747162,0.897955097258091,0.9680985517257998,True,5.770693302154541,0.18409347534179688,5.586599826812744,0.9680985514733448,1.0,0.0,1.0,0.007199767976999283,0.9767972230911255,False,False,True,output/resnet18_localisation_attack_preserve_cls_full_archive_v2/exact_archive/dev_val/digital_1/huawei/persian-NF-1097__0fd2e29de4fb__exact.npz,c9d7dd49b98aab75e5fbf92f518d43ede216b13025eea5871327b7acd8679fc2,4067471,float32,float32,512,864,resnet_exact_archive_v1
dev_val,digital_1,persian-NF-1097,iphone15pro,train/attack/digital_1/iphone15pro/persian-NF-1097.jpg,1.0,0.9999991655349731,8.344650268554688e-07,0.8892550468444824,13.942726135253906,2.0831542015075684,True,1.0,0.25,10,0.0039215851575136185,0.0,6,0,0.8878931403160095,0.146301731467247,0.15171121060848236,0.8878931403160095,0.146301731467247,0.7415914088487625,0.8352259694053084,True,5.8525214195251465,0.9643435478210449,4.888177871704102,0.8352259686562089,1.0,0.0,1.0,0.055060312151908875,0.9634371399879456,False,False,True,output/resnet18_localisation_attack_preserve_cls_full_archive_v2/exact_archive/dev_val/digital_1/iphone15pro/persian-NF-1097__3781ce7689be__exact.npz,f6679c65787e87a78ea23eaeb850334553a1f14a465d3d78dcbd7c74b19296ad,4044477,float32,float32,512,864,resnet_exact_archive_v1
dev_val,digital_1,persian-NF-1097,scan,train/attack/digital_1/scan/persian-NF-1097.jpg,1.0,0.9998874664306641,0.0001125335693359375,0.6857740879058838,9.092753410339355,0.780436098575592,True,1.0,0.25,10,0.0039215851575136185,0.0,5,0,0.8789079785346985,0.18106241524219513,0.15559102594852448,0.8789080381393433,0.18106243014335632,0.6978456079959869,0.7939916097175909,True,5.648834705352783,1.1637073755264282,4.485127329826355,0.7939916042464988,1.0,1.0,0.0,0.09095585346221924,0.9412167072296143,False,False,True,output/resnet18_localisation_attack_preserve_cls_full_archive_v2/exact_archive/dev_val/digital_1/scan/persian-NF-1097__f302052abbb9__exact.npz,2992e4de7f4724dcf5b02fa9a85a7d33e8642c59380b9c57426648ab3765c498,3797843,float32,float32,512,864,resnet_exact_archive_v1
dev_val,digital_1,persian-NM-1035,huawei,train/attack/digital_1/huawei/persian-NM-1035.jpg,0.99609375,0.9960259199142456,6.783008575439453e-05,0.914806604385376,5.523980140686035,2.373789072036743,True,1.0,0.25,10,0.0019608272705227137,0.0,2,0,0.8837084174156189,0.24008327722549438,0.22370466589927673,0.8837084174156189,0.24008327722549438,0.6436251401901245,0.7283229711361001,True,3.9503350257873535,1.073215365409851,2.8771196603775024,0.7283229502297859,1.0,0.0,1.0,0.3046504557132721,0.769315242767334,False,False,True,output/resnet18_localisation_attack_preserve_cls_full_archive_v2/exact_archive/dev_val/digital_1/huawei/persian-NM-1035__c9cee6c60957__exact.npz,0b87c35e50d0ce34d756fdab3399b6cb75e707fecf8fe8edb60271df6bfda097,3638551,float32,float32,512,864,resnet_exact_archive_v1
dev_val,digital_1,persian-NM-1035,iphone15pro,train/attack/digital_1/iphone15pro/persian-NM-1035.jpg,1.0,0.9998922348022461,0.00010776519775390625,0.9884021878242493,9.135156631469727,4.445271968841553,True,1.0,0.25,10,0.0029412410221993923,0.0,3,0,0.8450745940208435,0.13783182203769684,0.21982373297214508,0.8450746536254883,0.13783183693885803,0.7072428166866302,0.8368998095641134,True,3.8443286418914795,0.627010703086853,3.2173179388046265,0.8368998174988618,1.0,0.0,1.0,0.24570107460021973,0.8169593811035156,False,False,True,output/resnet18_localisation_attack_preserve_cls_full_archive_v2/exact_archive/dev_val/digital_1/iphone15pro/persian-NM-1035__000b41c1fc8a__exact.npz,1f5dd44070b1da40dd57bbd2cbefe540c22c4222ba743829017994640ac57bea,4200304,float32,float32,512,864,resnet_exact_archive_v1
dev_val,digital_1,persian-NM-1035,scan,train/attack/digital_1/scan/persian-NM-1035.jpg,0.99951171875,0.9995800852775574,6.836652755737305e-05,0.7048525214195251,7.775125026702881,0.8705135583877563,True,1.0,0.25,10,0.0039215851575136185,0.0,5,0,0.9372483491897583,0.14495952427387238,0.22207435965538025,0.9372482895851135,0.14495953917503357,0.79228875041008,0.845334965359924,True,4.220425128936768,0.6527522206306458,3.567672908306122,0.8453349601785044,1.0,0.0,1.0,0.10469261556863785,0.9335328340530396,False,False,True,output/resnet18_localisation_attack_preserve_cls_full_archive_v2/exact_archive/dev_val/digital_1/scan/persian-NM-1035__15b12ca31712__exact.npz,64c7c052595b1ef5aadb7e860b45a7837df58551e722a736ee0b6805e7d911a0,3933492,float32,float32,512,864,resnet_exact_archive_v1
dev_val,digital_1,portugal-013_03,huawei,train/attack/digital_1/huawei/portugal-013_03.jpg,1.0,0.9999790191650391,2.09808349609375e-05,0.9711580872535706,10.771366119384766,3.516660213470459,True,1.0,0.25,10,0.0039215851575136185,0.0,10,0,0.678115725517273,0.14315766096115112,0.11734375357627869,0.678115725517273,0.14315766096115112,0.5349580645561218,0.7888890412444732,True,5.7788825035095215,1.2199853658676147,4.558897137641907,0.7888890516243035,1.0,1.0,0.0,0.17473067343235016,0.815711259841919,False,False,True,output/resnet18_localisation_attack_preserve_cls_full_archive_v2/exact_archive/dev_val/digital_1/huawei/portugal-013_03__7ea7b7a1df39__exact.npz,f6aa26729cc984d8cf439705d98f86a5ae2c280a90ca9d43bf9a786320b2c732,4208174,float32,float32,512,864,resnet_exact_archive_v1
dev_val,digital_1,portugal-013_03,iphone15pro,train/attack/digital_1/iphone15pro/portugal-013_03.jpg,1.0,0.9999997615814209,2.384185791015625e-07,0.9793788194656372,15.299915313720703,3.860600709915161,True,1.0,0.25,10,0.0039215851575136185,0.0,10,0,0.6641446948051453,0.14731867611408234,0.11960909515619278,0.6641446948051453,0.14731867611408234,0.5168260186910629,0.7781828609542617,True,5.552627086639404,1.2316678762435913,4.320959210395813,0.7781828570466761,1.0,1.0,0.0,0.24352489411830902,0.849990963935852,False,False,True,output/resnet18_localisation_attack_preserve_cls_full_archive_v2/exact_archive/dev_val/digital_1/iphone15pro/portugal-013_03__d96ab5a1cbf8__exact.npz,8d0e828eb226a3b1b80bd94adcef4a3bd55b4979da333fb860f82c7a688cc682,4571411,float32,float32,512,864,resnet_exact_archive_v1
dev_val,digital_1,portugal-013_03,scan,train/attack/digital_1/scan/portugal-013_03.jpg,1.0,0.9998921155929565,0.00010788440704345703,0.9079474210739136,9.134057998657227,2.2888262271881104,True,1.0,0.25,10,0.0039215851575136185,0.0,10,0,0.6321818828582764,0.17578820884227753,0.12135273963212967,0.6321818232536316,0.17578820884227753,0.45639361441135406,0.7219340981087474,True,5.209456443786621,1.4485721588134766,3.7608842849731445,0.7219341068603797,1.0,1.0,0.0,0.31579452753067017,0.7597298622131348,False,False,True,output/resnet18_localisation_attack_preserve_cls_full_archive_v2/exact_archive/dev_val/digital_1/scan/portugal-013_03__49af15556b38__exact.npz,a318a83eaeb84e35ff95205aa1543624b6905bb2ad7bc182fb49f22797052db3,4356494,float32,float32,512,864,resnet_exact_archive_v1
dev_val,digital_1,portugal-017_03,huawei,train/attack/digital_1/huawei/portugal-017_03.jpg,1.0,1.0,0.0,0.9850286245346069,16.914697647094727,4.186527729034424,True,1.0,0.25,10,0.0039215851575136185,0.0,10,0,0.6907243728637695,0.1611594408750534,0.11579913645982742,0.6907243728637695,0.1611594259738922,0.5295649468898773,0.766680556955419,True,5.96484899520874,1.3917152881622314,4.573133707046509,0.7666805497875763,1.0,1.0,0.0,0.2129344642162323,0.7858829498291016,False,False,True,output/resnet18_localisation_attack_preserve_cls_full_archive_v2/exact_archive/dev_val/digital_1/huawei/portugal-017_03__c39a0d5e1bc2__exact.npz,e3058b95e7f7a825fa5166920628b45789a0fec42a6ce86648e0c93155893329,4233078,float32,float32,512,864,resnet_exact_archive_v1
dev_val,digital_1,portugal-017_03,iphone15pro,train/attack/digital_1/iphone15pro/portugal-017_03.jpg,1.0,1.0,0.0,0.9999653100967407,24.207279205322266,10.267768859863281,True,1.0,0.25,10,0.0039215851575136185,0.0,5,0,0.6588999032974243,0.1731179654598236,0.10931691527366638,0.6588999629020691,0.17311795055866241,0.4857820123434067,0.7372621637491387,True,6.027429103851318,1.5836336612701416,4.443795442581177,0.7372621670061197,1.0,1.0,0.0,0.22673454880714417,0.8119508028030396,False,False,True,output/resnet18_localisation_attack_preserve_cls_full_archive_v2/exact_archive/dev_val/digital_1/iphone15pro/portugal-017_03__f6083f363d27__exact.npz,4cd6e5921391f24f9b4f6921ff04a994e1b9abdc47559265dfd35da1f48930c3,4569421,float32,float32,512,864,resnet_exact_archive_v1
dev_val,digital_1,portugal-017_03,scan,train/attack/digital_1/scan/portugal-017_03.jpg,1.0,1.0,0.0,0.995772659778595,19.311687469482422,5.461935997009277,True,1.0,0.25,10,0.0039215851575136185,0.0,10,0,0.6385044455528259,0.16565273702144623,0.1104520931839943,0.6385043859481812,0.16565275192260742,0.47285163402557373,0.7405612935976743,True,5.780826568603516,1.499770164489746,4.2810564041137695,0.7405612940136953,1.0,0.0,1.0,0.2709539234638214,0.7732269167900085,False,False,True,output/resnet18_localisation_attack_preserve_cls_full_archive_v2/exact_archive/dev_val/digital_1/scan/portugal-017_03__e4bb489e2754__exact.npz,da8b751b70e3174c2607572c46eb440574d068edbec6975a3b2253aec5d42c1e,4430344,float32,float32,512,864,resnet_exact_archive_v1
dev_val,digital_1,portugal-029_03,huawei,train/attack/digital_1/huawei/portugal-029_03.jpg,0.99951171875,0.9994182586669922,9.34600830078125e-05,0.6973997950553894,7.448890686035156,0.8349464535713196,True,1.0,0.25,10,0.0029412410221993923,0.0,3,0,0.678621232509613,0.20954503118991852,0.10700267553329468,0.6786212921142578,0.20954503118991852,0.4690762609243393,0.6912194862954021,True,6.342096328735352,1.9583157300949097,4.383780598640442,0.6912194913814234,1.0,1.0,0.0,0.2257876694202423,0.8508451581001282,False,False,True,output/resnet18_localisation_attack_preserve_cls_full_archive_v2/exact_archive/dev_val/digital_1/huawei/portugal-029_03__74cbfa8bd0e8__exact.npz,fdec13bc03afea6c7ddbaa6a307445f0b03193d172eff866f9c5cf014a6ee85c,3683537,float32,float32,512,864,resnet_exact_archive_v1
dev_val,digital_1,portugal-029_03,iphone15pro,train/attack/digital_1/iphone15pro/portugal-029_03.jpg,1.0,1.0,0.0,0.9940401911735535,19.470142364501953,5.116744041442871,True,1.0,0.25,10,0.0039215851575136185,0.0,10,0,0.6087543964385986,0.0924987941980362,0.10462376475334167,0.6087544560432434,0.0924987867474556,0.5162556692957878,0.8480523865916723,True,5.81851053237915,0.8841087818145752,4.934401750564575,0.8480523878242309,1.0,1.0,0.0,0.2066848874092102,0.7548730373382568,False,False,True,output/resnet18_localisation_attack_preserve_cls_full_archive_v2/exact_archive/dev_val/digital_1/iphone15pro/portugal-029_03__45c88920e359__exact.npz,9ec16d536591c331f4a8bbca1cf284de5ef727ee5bd5632f99cb11c2e8116434,4614393,float32,float32,512,864,resnet_exact_archive_v1
dev_val,digital_1,portugal-029_03,scan,train/attack/digital_1/scan/portugal-029_03.jpg,1.0,0.9999992847442627,7.152557373046875e-07,0.9748048186302185,14.169950485229492,3.6555862426757812,True,1.0,0.25,10,0.0039215851575136185,0.0,10,0,0.6215996742248535,0.17330433428287506,0.11171970516443253,0.6215996742248535,0.17330434918403625,0.44829532504081726,0.7211962033278894,True,5.5639214515686035,1.551242470741272,4.0126789808273315,0.7211961951217087,1.0,1.0,0.0,0.25274866819381714,0.793061375617981,False,False,True,output/resnet18_localisation_attack_preserve_cls_full_archive_v2/exact_archive/dev_val/digital_1/scan/portugal-029_03__b6f71508eee8__exact.npz,097dc31d4dea4c41872cab863fd32b37aa53b25d38be81fa78b3411735ee3e7c,4464893,float32,float32,512,864,resnet_exact_archive_v1
dev_val,digital_1,portugal-119_03,huawei,train/attack/digital_1/huawei/portugal-119_03.jpg,1.0,0.9999967813491821,3.2186508178710938e-06,0.979999303817749,12.654033660888672,3.891787052154541,True,1.0,0.25,10,0.0019608272705227137,0.0,2,0,0.7373937964439392,0.2558823227882385,0.13020598888397217,0.7373937964439392,0.2558823227882385,0.4815114736557007,0.6529909472764434,True,5.663286209106445,1.9652116298675537,3.6980745792388916,0.6529909389520991,1.0,1.0,0.0,0.2828766703605652,0.7796543836593628,False,False,True,output/resnet18_localisation_attack_preserve_cls_full_archive_v2/exact_archive/dev_val/digital_1/huawei/portugal-119_03__b87c30bc7e20__exact.npz,11ded8fa25cfabb1f4cac6a751a43216d88a332df10f80766f357383e358d196,3711789,float32,float32,512,864,resnet_exact_archive_v1
dev_val,digital_1,portugal-119_03,iphone15pro,train/attack/digital_1/iphone15pro/portugal-119_03.jpg,1.0,1.0,0.0,0.9998059868812561,17.776676177978516,8.547576904296875,True,1.0,0.25,10,0.0039215851575136185,0.0,5,0,0.719651460647583,0.1534012109041214,0.1289757490158081,0.7196515202522278,0.1534012109041214,0.5662503093481064,0.7868395930708846,True,5.579742908477783,1.1893802881240845,4.390362620353699,0.7868395896310999,1.0,1.0,0.0,0.22093063592910767,0.7895169854164124,False,False,True,output/resnet18_localisation_attack_preserve_cls_full_archive_v2/exact_archive/dev_val/digital_1/iphone15pro/portugal-119_03__bc8bc47695e5__exact.npz,033e208c2b61df5d4e96d4f86f739f3c04e4d6990e1936f4dd098b3ec25ba725,4488131,float32,float32,512,864,resnet_exact_archive_v1
dev_val,digital_1,portugal-119_03,scan,train/attack/digital_1/scan/portugal-119_03.jpg,1.0,0.9999998807907104,1.1920928955078125e-07,0.9854639172554016,15.865899085998535,4.216483116149902,True,1.0,0.25,10,0.0039215851575136185,0.0,10,0,0.7503206729888916,0.19459432363510132,0.13708451390266418,0.7503207325935364,0.19459432363510132,0.5557264089584351,0.7406518103765141,True,5.473417282104492,1.4195208549499512,4.053896427154541,0.740651811877907,1.0,1.0,0.0,0.18640896677970886,0.8327332139015198,False,False,True,output/resnet18_localisation_attack_preserve_cls_full_archive_v2/exact_archive/dev_val/digital_1/scan/portugal-119_03__26e175f907a4__exact.npz,b9134a95c4bd8d6a473793d34c8e8b0212c7a4b9d886fd62f640885144cc3226,4411869,float32,float32,512,864,resnet_exact_archive_v1
dev_val,digital_1,portugal-NF-1060,huawei,train/attack/digital_1/huawei/portugal-NF-1060.jpg,0.99560546875,0.995684027671814,7.855892181396484e-05,0.5000419020652771,5.4411163330078125,0.00016765296459197998,True,1.0,0.25,10,0.0039215851575136185,0.0,10,1,0.7878906726837158,0.1322840452194214,0.17121055722236633,0.7878907322883606,0.1322840452194214,0.6556066870689392,0.8321035648747717,True,4.601881504058838,0.7726395130157471,3.829241991043091,0.8321035619160809,1.0,1.0,0.0,0.2421208620071411,0.8640164732933044,False,False,True,output/resnet18_localisation_attack_preserve_cls_full_archive_v2/exact_archive/dev_val/digital_1/huawei/portugal-NF-1060__ecf44787190f__exact.npz,75654dbd7ee27fcbdafc1a04fb6c1a9b70a5bf87da10a91b4ff59ec59d5e1f8f,4215402,float32,float32,512,864,resnet_exact_archive_v1
dev_val,digital_1,portugal-NF-1060,iphone15pro,train/attack/digital_1/iphone15pro/portugal-NF-1060.jpg,1.0,0.9999979734420776,2.0265579223632812e-06,0.9865096211433411,13.11054801940918,4.292196273803711,True,1.0,0.25,10,0.0039215851575136185,0.0,7,0,0.7812133431434631,0.1189103052020073,0.17876824736595154,0.7812132835388184,0.1189102903008461,0.6623029932379723,0.8477876748815709,True,4.369977951049805,0.6651645302772522,3.7048134207725525,0.8477876690161654,1.0,0.0,1.0,0.28823602199554443,0.8171764016151428,False,False,True,output/resnet18_localisation_attack_preserve_cls_full_archive_v2/exact_archive/dev_val/digital_1/iphone15pro/portugal-NF-1060__3ea2dd9e9782__exact.npz,531e71d99e58c3e14b70d28b07e889c743729769a1cc024a91b9eff5e721bd4b,4412171,float32,float32,512,864,resnet_exact_archive_v1
dev_val,digital_1,portugal-NF-1060,scan,train/attack/digital_1/scan/portugal-NF-1060.jpg,1.0,0.9999998807907104,1.1920928955078125e-07,0.9977267384529114,16.0755672454834,6.084251403808594,True,1.0,0.25,10,0.0039215851575136185,0.0,5,0,0.7930114269256592,0.16940131783485413,0.18099355697631836,0.7930114269256592,0.1694013476371765,0.6236100792884827,0.7863822110434014,True,4.381434440612793,0.9359523057937622,3.4454821348190308,0.7863822183168718,1.0,0.0,1.0,0.2664005756378174,0.7727475166320801,False,False,True,output/resnet18_localisation_attack_preserve_cls_full_archive_v2/exact_archive/dev_val/digital_1/scan/portugal-NF-1060__b98096f927a5__exact.npz,e29db7f4049be48edf6f4b60ae4af104ee2017cdb57c1f06d252649cb44415da,4423547,float32,float32,512,864,resnet_exact_archive_v1
dev_val,digital_1,portugal-NF-1066,huawei,train/attack/digital_1/huawei/portugal-NF-1066.jpg,0.99951171875,0.9994158744812012,9.584426879882812e-05,0.9783123731613159,7.444682598114014,3.8090882301330566,True,1.0,0.25,10,0.0019608272705227137,0.0,2,0,0.720400333404541,0.22397898137569427,0.15071535110473633,0.7204002737998962,0.22397898137569427,0.49642129242420197,0.6890909269172372,True,4.779872894287109,1.4861059188842773,3.293766975402832,0.689090912718523,1.0,1.0,0.0,0.400442898273468,0.6849510073661804,False,False,True,output/resnet18_localisation_attack_preserve_cls_full_archive_v2/exact_archive/dev_val/digital_1/huawei/portugal-NF-1066__6e4aa48a8c9b__exact.npz,6fa2f239feb3e31646c491678f6a7c21a99b93a09e4da02af62ecd288526833c,3757848,float32,float32,512,864,resnet_exact_archive_v1
dev_val,digital_1,portugal-NF-1066,iphone15pro,train/attack/digital_1/iphone15pro/portugal-NF-1066.jpg,1.0,0.9999942779541016,5.7220458984375e-06,0.9989976286888123,12.074115753173828,6.9044318199157715,True,1.0,0.25,10,0.003921577241271734,0.0,4,0,0.7414270043373108,0.213505819439888,0.15397989749908447,0.7414270639419556,0.2135057896375656,0.52792127430439,0.7120339949523606,True,4.815089702606201,1.3865822553634644,3.428507447242737,0.7120339721577841,1.0,1.0,0.0,0.3358284831047058,0.7172049283981323,False,False,True,output/resnet18_localisation_attack_preserve_cls_full_archive_v2/exact_archive/dev_val/digital_1/iphone15pro/portugal-NF-1066__e72a58e9fcdd__exact.npz,e23c75637826e24d4c7ce7b1c55c5de11c53e10d7207147d684cd092366950f5,4391047,float32,float32,512,864,resnet_exact_archive_v1
dev_val,digital_1,portugal-NF-1066,scan,train/attack/digital_1/scan/portugal-NF-1066.jpg,1.0,0.9999748468399048,2.5153160095214844e-05,0.9793495535850525,10.590429306030273,3.8591535091400146,True,1.0,0.25,10,0.0039215851575136185,0.0,10,0,0.7382341027259827,0.18451343476772308,0.1573551893234253,0.7382341027259827,0.18451343476772308,0.5537206679582596,0.7500610794240012,True,4.691514492034912,1.172592043876648,3.518922448158264,0.750061084567162,1.0,1.0,0.0,0.2802680730819702,0.779639482498169,False,False,True,output/resnet18_localisation_attack_preserve_cls_full_archive_v2/exact_archive/dev_val/digital_1/scan/portugal-NF-1066__74222ec1da01__exact.npz,2c9084a85d70cdb3eaada96e74cedfacd991ac6b98049cc120c4dee2c0c29e0a,4420354,float32,float32,512,864,resnet_exact_archive_v1
dev_val,digital_1,portugal-NF-1109,huawei,train/attack/digital_1/huawei/portugal-NF-1109.jpg,0.99951171875,0.9996694326400757,0.0001577138900756836,0.9232210516929626,8.01430892944336,2.486938714981079,True,1.0,0.25,10,0.0019608272705227137,0.0,2,0,0.7891481518745422,0.2313096821308136,0.1937095671892166,0.789148211479187,0.2313096672296524,0.5578385442495346,0.7068869144414794,True,4.073873043060303,1.1941055059432983,2.8797675371170044,0.7068869124487287,1.0,1.0,0.0,0.3447723984718323,0.7394514679908752,False,False,True,output/resnet18_localisation_attack_preserve_cls_full_archive_v2/exact_archive/dev_val/digital_1/huawei/portugal-NF-1109__a97ae97b1f33__exact.npz,8f0914dd09998120913f63d922b0b03ebee39be07875e6c3fd862ae5476dda60,3543016,float32,float32,512,864,resnet_exact_archive_v1
dev_val,digital_1,portugal-NF-1109,iphone15pro,train/attack/digital_1/iphone15pro/portugal-NF-1109.jpg,1.0,0.9999991655349731,8.344650268554688e-07,0.9787879586219788,13.9913330078125,3.8317465782165527,True,1.0,0.25,10,0.0039215851575136185,0.0,10,0,0.7917285561561584,0.12113053351640701,0.18598413467407227,0.7917286157608032,0.12113052606582642,0.6705980896949768,0.8470049917932708,True,4.2569684982299805,0.6512948870658875,3.605673611164093,0.8470050019546324,1.0,1.0,0.0,0.21741172671318054,0.8036261796951294,False,False,True,output/resnet18_localisation_attack_preserve_cls_full_archive_v2/exact_archive/dev_val/digital_1/iphone15pro/portugal-NF-1109__01a29bde747d__exact.npz,91f925e48f85d44d88e4c3e0b56b70bb50c050376299e668d228964881f40318,4437813,float32,float32,512,864,resnet_exact_archive_v1
dev_val,digital_1,portugal-NF-1109,scan,train/attack/digital_1/scan/portugal-NF-1109.jpg,1.0,0.9999991655349731,8.344650268554688e-07,0.9918226599693298,14.055496215820312,4.7981719970703125,True,1.0,0.25,10,0.0019608272705227137,0.0,2,0,0.775976300239563,0.20935110747814178,0.18990017473697662,0.7759762406349182,0.20935113728046417,0.566625103354454,0.7302093462176508,True,4.086232662200928,1.102427363395691,2.983805298805237,0.7302093506340138,1.0,1.0,0.0,0.3378145098686218,0.732949435710907,False,False,True,output/resnet18_localisation_attack_preserve_cls_full_archive_v2/exact_archive/dev_val/digital_1/scan/portugal-NF-1109__98ee27d9e1a4__exact.npz,000a070d415b9fcc6ecb34f17f3e5b688f647c66ac1fc241418336e5c330e224,4006299,float32,float32,512,864,resnet_exact_archive_v1
dev_val,digital_1,russian-062_03,huawei,train/attack/digital_1/huawei/russian-062_03.jpg,0.99658203125,0.9963592886924744,0.00022274255752563477,0.5000028610229492,5.611947536468506,1.1444091796875e-05,True,1.0,0.25,10,0.0039215851575136185,0.0,10,6,0.8458414673805237,0.19462458789348602,0.13354727625846863,0.8458415865898132,0.19462458789348602,0.6512169986963272,0.7699042102219689,True,6.333649635314941,1.4573460817337036,4.876303553581238,0.7699042154766685,1.0,0.0,1.0,0.09552090615034103,0.9350024461746216,False,False,True,output/resnet18_localisation_attack_preserve_cls_full_archive_v2/exact_archive/dev_val/digital_1/huawei/russian-062_03__c6ec6c889ef4__exact.npz,a999f3516aee90e898f22dd6cdcf18aa382282b48de6be834ad3b0df4df0fb64,3873706,float32,float32,512,864,resnet_exact_archive_v1
dev_val,digital_1,russian-062_03,iphone15pro,train/attack/digital_1/iphone15pro/russian-062_03.jpg,1.0,0.9999909400939941,9.059906005859375e-06,0.5041561722755432,11.614114761352539,0.016625016927719116,True,1.0,0.25,10,0.0039215851575136185,0.0,10,3,0.8173573017120361,0.28309938311576843,0.1290791630744934,0.8173574209213257,0.28309935331344604,0.5342580676078796,0.6536406888013125,True,6.332218647003174,2.193222761154175,4.138995885848999,0.6536407089808636,1.0,1.0,0.0,0.36662840843200684,0.6710948348045349,False,False,True,output/resnet18_localisation_attack_preserve_cls_full_archive_v2/exact_archive/dev_val/digital_1/iphone15pro/russian-062_03__a8e0ef4a3717__exact.npz,e9e8807e940e59ace12872780d6089a883ed8e8050897fac6c01f13296a5c72f,4223037,float32,float32,512,864,resnet_exact_archive_v1
dev_val,digital_1,russian-062_03,scan,train/attack/digital_1/scan/russian-062_03.jpg,1.0,0.9999953508377075,4.649162292480469e-06,0.5694912672042847,12.281715393066406,0.27977585792541504,True,1.0,0.25,10,0.0039215851575136185,0.0,10,0,0.7585409879684448,0.1470051109790802,0.1263497769832611,0.7585410475730896,0.1470051407814026,0.611535906791687,0.8062001506026109,True,6.0035014152526855,1.1634776592254639,4.840023756027222,0.8062001524194704,1.0,0.0,1.0,0.1669856309890747,0.8836795687675476,False,False,True,output/resnet18_localisation_attack_preserve_cls_full_archive_v2/exact_archive/dev_val/digital_1/scan/russian-062_03__ce4615567ebd__exact.npz,297539d78993f54a6a78f2378d7b12660fdb0a4049a31e3ec264332774018bf9,4160438,float32,float32,512,864,resnet_exact_archive_v1
dev_val,digital_1,russian-132_03,huawei,train/attack/digital_1/huawei/russian-132_03.jpg,1.0,0.9999204874038696,7.95125961303711e-05,0.8017868399620056,9.440225601196289,1.3974995613098145,True,1.0,0.25,10,0.003921577241271734,0.0,4,0,0.7041895389556885,0.1608242392539978,0.10023362189531326,0.7041895389556885,0.1608242392539978,0.5433652997016907,0.771617965963397,True,7.025482654571533,1.6044939756393433,5.42098867893219,0.7716179720982889,1.0,1.0,0.0,0.16577187180519104,0.8599591255187988,False,False,True,output/resnet18_localisation_attack_preserve_cls_full_archive_v2/exact_archive/dev_val/digital_1/huawei/russian-132_03__692e42c52664__exact.npz,db12afc4841bac6202b0fe5eff137732597e4e2096e56d2500e8a0df28131b67,3652210,float32,float32,512,864,resnet_exact_archive_v1
dev_val,digital_1,russian-132_03,iphone15pro,train/attack/digital_1/iphone15pro/russian-132_03.jpg,1.0,0.9999948740005493,5.125999450683594e-06,0.853898286819458,12.174673080444336,1.765508770942688,True,1.0,0.25,10,0.0039215851575136185,0.0,7,0,0.6671440601348877,0.1283901333808899,0.09337542951107025,0.6671441197395325,0.1283901184797287,0.5387540012598038,0.80755264914895,True,7.144750118255615,1.374988317489624,5.769761800765991,0.8075526372886885,1.0,0.0,1.0,0.06456714123487473,0.9368194937705994,False,False,True,output/resnet18_localisation_attack_preserve_cls_full_archive_v2/exact_archive/dev_val/digital_1/iphone15pro/russian-132_03__e86b90f0c8d4__exact.npz,96b2e7c29bda8a5de87ce8c51f8d8718e1a7ce267b87d1bf626fe1cc728f8636,4130308,float32,float32,512,864,resnet_exact_archive_v1
dev_val,digital_1,russian-132_03,scan,train/attack/digital_1/scan/russian-132_03.jpg,1.0,0.9999357461929321,6.42538070678711e-05,0.8632150292396545,9.653382301330566,1.8422536849975586,True,1.0,0.25,10,0.0039215851575136185,0.0,6,0,0.6795069575309753,0.1123599037528038,0.096323162317276,0.6795070171356201,0.1123598963022232,0.5671471208333969,0.8346449801565512,True,7.054450511932373,1.1664888858795166,5.8879616260528564,0.834644968604367,1.0,0.0,1.0,0.13013875484466553,0.915777325630188,False,False,True,output/resnet18_localisation_attack_preserve_cls_full_archive_v2/exact_archive/dev_val/digital_1/scan/russian-132_03__b40dad6eb658__exact.npz,422f5ba3bd1b58992b19d6525c4107a805a35a0c8169764bdc4101928dfc82b5,4201503,float32,float32,512,864,resnet_exact_archive_v1
dev_val,digital_1,russian-NF-1089,huawei,train/attack/digital_1/huawei/russian-NF-1089.jpg,1.0,0.9999995231628418,4.76837158203125e-07,0.9999998807907104,14.467520713806152,16.2908878326416,True,1.0,0.25,10,0.0039215851575136185,0.0,10,0,0.9411511421203613,0.0007804217166267335,0.21138493716716766,0.9411511421203613,0.0007804217748343945,0.9403707203455269,0.9991707795486747,True,4.4523091316223145,0.0036919459234923124,4.448617185698822,0.9991707795181448,1.0,0.0,1.0,0.0045170048251748085,0.9866424202919006,False,False,True,output/resnet18_localisation_attack_preserve_cls_full_archive_v2/exact_archive/dev_val/digital_1/huawei/russian-NF-1089__e9b07d0c1941__exact.npz,427011f26b021da9e1de1849b8c7b2546d71573b3fc6566467caed505cd4584a,4492552,float32,float32,512,864,resnet_exact_archive_v1
dev_val,digital_1,russian-NF-1089,iphone15pro,train/attack/digital_1/iphone15pro/russian-NF-1089.jpg,1.0,1.0,0.0,0.9998190999031067,18.885520935058594,8.617262840270996,True,1.0,0.25,10,0.0039215851575136185,0.0,5,0,0.8990359306335449,0.24224241077899933,0.21676532924175262,0.8990358114242554,0.24224244058132172,0.6567933708429337,0.7305530686285339,True,4.147507190704346,1.1175330877304077,3.029974102973938,0.7305530680609564,1.0,0.0,1.0,0.15444208681583405,0.8774333596229553,False,False,True,output/resnet18_localisation_attack_preserve_cls_full_archive_v2/exact_archive/dev_val/digital_1/iphone15pro/russian-NF-1089__e93781601779__exact.npz,5f4eec3169cf1556b6da14a7d6d6444a7581269539fffb19d6cbd7f78d61040c,4409683,float32,float32,512,864,resnet_exact_archive_v1
dev_val,digital_1,russian-NF-1089,scan,train/attack/digital_1/scan/russian-NF-1089.jpg,1.0,0.9999996423721313,3.5762786865234375e-07,0.6642287969589233,14.883304595947266,0.6821967959403992,True,1.0,0.25,10,0.0039215851575136185,0.0,10,0,0.8808756470680237,0.13741637766361237,0.21610291302204132,0.8808755874633789,0.13741634786128998,0.7434592396020889,0.84400027675077,True,4.076185703277588,0.6358838677406311,3.440301835536957,0.844000270343589,1.0,0.0,1.0,0.08542035520076752,0.9389076232910156,False,False,True,output/resnet18_localisation_attack_preserve_cls_full_archive_v2/exact_archive/dev_val/digital_1/scan/russian-NF-1089__81bbcff3bdcd__exact.npz,9de18cf18769e62f47eacdba51e3a708ab745990e07229b15e93015e737f6f6e,4313118,float32,float32,512,864,resnet_exact_archive_v1
dev_val,digital_1,russian-NF-1099,huawei,train/attack/digital_1/huawei/russian-NF-1099.jpg,1.0,0.999996542930603,3.4570693969726562e-06,0.5024182200431824,12.580991744995117,0.009673081338405609,True,1.0,0.25,10,0.001455360441468656,0.0,10,9,0.9400219321250916,0.49083730578422546,0.2476102113723755,0.9400219321250916,0.4908372759819031,0.4491846561431885,0.4778448680742208,True,3.7963778972625732,1.9822982549667358,1.8140796422958374,0.47784485406574057,1.0,1.0,0.0,0.4399470090866089,0.6166700720787048,False,False,True,output/resnet18_localisation_attack_preserve_cls_full_archive_v2/exact_archive/dev_val/digital_1/huawei/russian-NF-1099__2fbd3cb4bfe6__exact.npz,db8c93699f2eb7d5d7bb757bcb3a95919f5b993cf1266873e5d240f2dd4d172f,3701863,float32,float32,512,864,resnet_exact_archive_v1
dev_val,digital_1,russian-NF-1099,iphone15pro,train/attack/digital_1/iphone15pro/russian-NF-1099.jpg,1.0,0.9999998807907104,1.1920928955078125e-07,0.8871665000915527,16.302946090698242,2.062119722366333,True,1.0,0.25,10,0.0039215851575136185,0.0,10,0,0.9304441213607788,0.16290539503097534,0.2423422485589981,0.9304441809654236,0.16290538012981415,0.7675388008356094,0.8249165468896968,True,3.8393807411193848,0.6722120642662048,3.16716867685318,0.8249165400381159,1.0,0.0,1.0,0.14522215723991394,0.907774031162262,False,False,True,output/resnet18_localisation_attack_preserve_cls_full_archive_v2/exact_archive/dev_val/digital_1/iphone15pro/russian-NF-1099__202bf56fff17__exact.npz,2c0aef6d61dcf6fd0b9e71259bb0b844556660e1e01ed4362e6a5afe7472676c,4570429,float32,float32,512,864,resnet_exact_archive_v1
dev_val,digital_1,russian-NF-1099,scan,train/attack/digital_1/scan/russian-NF-1099.jpg,1.0,1.0,0.0,0.9999933242797852,16.9250431060791,11.914731979370117,True,1.0,0.25,10,0.0039215851575136185,0.0,6,0,0.953262984752655,0.27438080310821533,0.23995228111743927,0.9532630443572998,0.27438080310821533,0.6788822412490845,0.7121667469096048,True,3.972719192504883,1.143480658531189,2.829238533973694,0.7121667545270924,1.0,1.0,0.0,0.09831614792346954,0.902468204498291,False,False,True,output/resnet18_localisation_attack_preserve_cls_full_archive_v2/exact_archive/dev_val/digital_1/scan/russian-NF-1099__f0cdc8ac2449__exact.npz,b7f1a6eb39f5c44a25b17c13267d401d1ee1b4923f08d3b312a557da3a47b401,4612076,float32,float32,512,864,resnet_exact_archive_v1
dev_val,digital_1,turkiye-032_03,huawei,train/attack/digital_1/huawei/turkiye-032_03.jpg,1.0,1.0,0.0,0.9922711849212646,20.107254028320312,4.855048179626465,True,1.0,0.25,10,0.0039215851575136185,0.0,5,0,0.6826587915420532,0.18453842401504517,0.11345386505126953,0.682658851146698,0.18453842401504517,0.49812042713165283,0.7296769481490407,True,6.017061233520508,1.6265504360198975,4.39051079750061,0.7296769348201858,1.0,1.0,0.0,0.19926849007606506,0.8437088131904602,False,False,True,output/resnet18_localisation_attack_preserve_cls_full_archive_v2/exact_archive/dev_val/digital_1/huawei/turkiye-032_03__2aca9eb60c0e__exact.npz,4932dfa6f2f64f30c9d24cb50cd41534fa96e6185568fb48c2372e95d5475f43,3891751,float32,float32,512,864,resnet_exact_archive_v1
dev_val,digital_1,turkiye-032_03,iphone15pro,train/attack/digital_1/iphone15pro/turkiye-032_03.jpg,1.0,0.9999996423721313,3.5762786865234375e-07,0.9851705431938171,14.740898132324219,4.196198463439941,True,1.0,0.25,10,0.003921577241271734,0.0,4,0,0.7062564492225647,0.16383963823318481,0.11834338307380676,0.7062564492225647,0.16383963823318481,0.5424168109893799,0.7680167899159905,True,5.967857360839844,1.3844428062438965,4.583414554595947,0.7680167734355724,1.0,1.0,0.0,0.23913311958312988,0.8244800567626953,False,False,True,output/resnet18_localisation_attack_preserve_cls_full_archive_v2/exact_archive/dev_val/digital_1/iphone15pro/turkiye-032_03__e8c801757727__exact.npz,9106eb4b9b0b21c83e1dfc43e124d37d2b7680680e56f328848a6f21d8d14fbb,4092923,float32,float32,512,864,resnet_exact_archive_v1
dev_val,digital_1,turkiye-032_03,scan,train/attack/digital_1/scan/turkiye-032_03.jpg,1.0,0.9999783039093018,2.1696090698242188e-05,0.9286767244338989,10.73811149597168,2.566537857055664,True,1.0,0.25,10,0.0029412410221993923,0.0,3,0,0.6578011512756348,0.1910420060157776,0.11644162982702255,0.65780109167099,0.1910420060157776,0.4667590856552124,0.7095748115429849,True,5.649191856384277,1.6406675577163696,4.008524298667908,0.709574820713123,1.0,1.0,0.0,0.36517056822776794,0.7568562030792236,False,False,True,output/resnet18_localisation_attack_preserve_cls_full_archive_v2/exact_archive/dev_val/digital_1/scan/turkiye-032_03__8647bfdf8090__exact.npz,774cd2c1f3da4806aeea412a27d3cbe143424f065095e009b4b3b6449b36afb5,3867603,float32,float32,512,864,resnet_exact_archive_v1
dev_val,digital_1,turkiye-101_03,huawei,train/attack/digital_1/huawei/turkiye-101_03.jpg,1.0,0.99998939037323,1.0609626770019531e-05,0.6580736637115479,11.452071189880371,0.6547216176986694,True,1.0,0.25,10,0.0039215851575136185,0.0,10,0,0.706814169883728,0.12540683150291443,0.12325655668973923,0.7068142294883728,0.12540686130523682,0.581407368183136,0.8225745095765651,True,5.734495639801025,1.017445683479309,4.717049956321716,0.8225745126707233,1.0,1.0,0.0,0.2967427372932434,0.7753245234489441,False,False,True,output/resnet18_localisation_attack_preserve_cls_full_archive_v2/exact_archive/dev_val/digital_1/huawei/turkiye-101_03__7643bc90b018__exact.npz,06ff888a0087acd2a8cdc3785d94b84e5aad8cbd5936eaa38c535c831748bc3a,3848525,float32,float32,512,864,resnet_exact_archive_v1
dev_val,digital_1,turkiye-101_03,iphone15pro,train/attack/digital_1/iphone15pro/turkiye-101_03.jpg,1.0,0.9999998807907104,1.1920928955078125e-07,0.9200266599655151,15.852312088012695,2.442708730697632,True,1.0,0.25,10,0.0029412410221993923,0.0,3,0,0.673610508441925,0.15723076462745667,0.11408334225416183,0.673610508441925,0.15723073482513428,0.5163797736167908,0.766585092045532,True,5.904547691345215,1.3782094717025757,4.526338219642639,0.7665850893671785,1.0,1.0,0.0,0.2512999176979065,0.825096070766449,False,False,True,output/resnet18_localisation_attack_preserve_cls_full_archive_v2/exact_archive/dev_val/digital_1/iphone15pro/turkiye-101_03__72b8016630b3__exact.npz,4e7cf2f18120f78c67fc253f292087f4ebb34164a0cbd049d77fa18f34a82048,3989996,float32,float32,512,864,resnet_exact_archive_v1
dev_val,digital_1,turkiye-101_03,scan,train/attack/digital_1/scan/turkiye-101_03.jpg,1.0,0.9999897480010986,1.0251998901367188e-05,0.9654117822647095,11.486610412597656,3.3290414810180664,True,1.0,0.25,10,0.0019608272705227137,0.0,2,0,0.6241641044616699,0.18229098618030548,0.12346044927835464,0.6241640448570251,0.1822909712791443,0.44187307357788086,0.7079438125582819,True,5.055578708648682,1.476513147354126,3.5790655612945557,0.7079437919088818,1.0,1.0,0.0,0.5201846361160278,0.6634461879730225,False,False,True,output/resnet18_localisation_attack_preserve_cls_full_archive_v2/exact_archive/dev_val/digital_1/scan/turkiye-101_03__f5fe4e108d1b__exact.npz,fc705f1bbb6407cba24128137c0c8bec384dc1a31a42137a58f8781fb352a88c,3738662,float32,float32,512,864,resnet_exact_archive_v1
dev_val,digital_1,turkiye-104_03,huawei,train/attack/digital_1/huawei/turkiye-104_03.jpg,1.0,0.9999979734420776,2.0265579223632812e-06,0.923771858215332,13.108795166015625,2.494734525680542,True,1.0,0.25,10,0.0039215851575136185,0.0,5,0,0.6044261455535889,0.18032807111740112,0.08925875276327133,0.6044262051582336,0.18032807111740112,0.4240981340408325,0.7016541149631447,True,6.771617889404297,2.020284414291382,4.751333475112915,0.7016541028618041,1.0,1.0,0.0,0.20134824514389038,0.8493174910545349,False,False,True,output/resnet18_localisation_attack_preserve_cls_full_archive_v2/exact_archive/dev_val/digital_1/huawei/turkiye-104_03__7ae09fff9101__exact.npz,9846d3eead0de694579d0b96a43ddc140dbaeac4e2e8112a2241bd7b3a1deae3,3769089,float32,float32,512,864,resnet_exact_archive_v1
dev_val,digital_1,turkiye-104_03,iphone15pro,train/attack/digital_1/iphone15pro/turkiye-104_03.jpg,1.0,1.0,0.0,0.996894359588623,17.337722778320312,5.771435737609863,True,1.0,0.25,10,0.003921577241271734,0.0,4,0,0.6026192307472229,0.13110952079296112,0.08989470452070236,0.6026192307472229,0.13110950589179993,0.471509724855423,0.7824339164728786,True,6.703612327575684,1.4584786891937256,5.245133638381958,0.7824339150409709,1.0,1.0,0.0,0.19108673930168152,0.8527358770370483,False,False,True,output/resnet18_localisation_attack_preserve_cls_full_archive_v2/exact_archive/dev_val/digital_1/iphone15pro/turkiye-104_03__5bb6703d4738__exact.npz,f2dea7a1924532ecd08c8c2a4b3e10656a1a214f30c5a01937a0cb83b6a28d0e,4275316,float32,float32,512,864,resnet_exact_archive_v1
dev_val,digital_1,turkiye-104_03,scan,train/attack/digital_1/scan/turkiye-104_03.jpg,1.0,0.9999938011169434,6.198883056640625e-06,0.6428745985031128,11.985103607177734,0.5878626108169556,True,1.0,0.25,10,0.0039215851575136185,0.0,10,0,0.5449184775352478,0.09055373072624207,0.08634579181671143,0.5449185371398926,0.09055374562740326,0.4543647915124893,0.8338214990763727,True,6.310886859893799,1.0487337112426758,5.262153148651123,0.8338215001274284,1.0,0.0,1.0,0.2293587327003479,0.7775267362594604,False,False,True,output/resnet18_localisation_attack_preserve_cls_full_archive_v2/exact_archive/dev_val/digital_1/scan/turkiye-104_03__c6163226a98a__exact.npz,bba1d17f9a9020f4d602d77326380abe3ca32b46c53534cb1e0f28944128c8d7,4185948,float32,float32,512,864,resnet_exact_archive_v1
dev_val,digital_1,turkiye-115_03,huawei,train/attack/digital_1/huawei/turkiye-115_03.jpg,1.0,0.9999990463256836,9.5367431640625e-07,0.8610458970069885,13.861539840698242,1.8240039348602295,True,1.0,0.25,10,0.0039215851575136185,0.0,8,0,0.6586481928825378,0.1015721932053566,0.10295961052179337,0.6586482524871826,0.1015722006559372,0.5570760518312454,0.8457868820385069,True,6.397151947021484,0.986524760723114,5.41062718629837,0.8457868800220636,1.0,0.0,1.0,0.17889812588691711,0.8150965571403503,False,False,True,output/resnet18_localisation_attack_preserve_cls_full_archive_v2/exact_archive/dev_val/digital_1/huawei/turkiye-115_03__fc481ae25931__exact.npz,5b649eec349ace4d7623e7f0047ae9473fefd6bbc4f4909745360720c5e6f8e0,3805678,float32,float32,512,864,resnet_exact_archive_v1
dev_val,digital_1,turkiye-115_03,iphone15pro,train/attack/digital_1/iphone15pro/turkiye-115_03.jpg,1.0,0.9999998807907104,1.1920928955078125e-07,0.9552188515663147,16.262195587158203,3.060154438018799,True,1.0,0.25,10,0.0039215851575136185,0.0,7,0,0.6154704093933105,0.1510569006204605,0.10248218476772308,0.6154704093933105,0.1510569006204605,0.46441350877285004,0.7545667536326202,True,6.0056328773498535,1.4739819765090942,4.531650900840759,0.7545667531446697,1.0,1.0,0.0,0.29101112484931946,0.8175585269927979,False,False,True,output/resnet18_localisation_attack_preserve_cls_full_archive_v2/exact_archive/dev_val/digital_1/iphone15pro/turkiye-115_03__a5e0d16d7a2b__exact.npz,0cead3cff0ca85b62b7c9cf58eef05596d20ff9714e378519712ce55e6daca77,4157197,float32,float32,512,864,resnet_exact_archive_v1
dev_val,digital_1,turkiye-115_03,scan,train/attack/digital_1/scan/turkiye-115_03.jpg,1.0,0.9999966621398926,3.337860107421875e-06,0.9603041410446167,12.625343322753906,3.1860029697418213,True,1.0,0.25,10,0.003921577241271734,0.0,4,0,0.6268704533576965,0.15530246496200562,0.10281773656606674,0.6268705129623413,0.1553024798631668,0.4715680330991745,0.7522574811674122,True,6.096909999847412,1.510463833808899,4.586446166038513,0.7522574822579469,1.0,1.0,0.0,0.31810498237609863,0.7865216732025146,False,False,True,output/resnet18_localisation_attack_preserve_cls_full_archive_v2/exact_archive/dev_val/digital_1/scan/turkiye-115_03__2a4432615b70__exact.npz,4e76410a553540f690502aa7e48f7bb0c79648628d5d843160517678cc3436bf,3943715,float32,float32,512,864,resnet_exact_archive_v1
dev_val,digital_1,turkiye-NF-1002,huawei,train/attack/digital_1/huawei/turkiye-NF-1002.jpg,1.0,0.9999768733978271,2.3126602172851562e-05,0.6378049254417419,10.675517082214355,0.5658495426177979,True,1.0,0.25,10,0.0039215851575136185,0.0,10,0,0.7847138047218323,0.13381987810134888,0.15021221339702606,0.784713864326477,0.1338198482990265,0.6508940160274506,0.8294666955911572,True,5.224034786224365,0.8908719420433044,4.333162844181061,0.8294666903075552,1.0,1.0,0.0,0.25208544731140137,0.8265228271484375,False,False,True,output/resnet18_localisation_attack_preserve_cls_full_archive_v2/exact_archive/dev_val/digital_1/huawei/turkiye-NF-1002__8c50d6836678__exact.npz,f42c02c5ccaec4227f5667afc3feb0401e8646fbda37fff062438b2e96275120,4014611,float32,float32,512,864,resnet_exact_archive_v1
dev_val,digital_1,turkiye-NF-1002,iphone15pro,train/attack/digital_1/iphone15pro/turkiye-NF-1002.jpg,1.0,0.9999997615814209,2.384185791015625e-07,0.9999959468841553,15.4091796875,12.410820007324219,True,1.0,0.25,10,0.003921577241271734,0.0,4,0,0.7460962533950806,0.15775007009506226,0.14694108068943024,0.7460962533950806,0.15775007009506226,0.5883461833000183,0.7885660605086449,True,5.07751989364624,1.073560118675232,4.003959774971008,0.7885660438241449,1.0,1.0,0.0,0.22465242445468903,0.7942842841148376,False,False,True,output/resnet18_localisation_attack_preserve_cls_full_archive_v2/exact_archive/dev_val/digital_1/iphone15pro/turkiye-NF-1002__5f84bb701812__exact.npz,9eb5e488b68c1e3b263fa6894b5a2f28b48efa9ecf26bb5084d5f7d282c8a78f,4552456,float32,float32,512,864,resnet_exact_archive_v1
dev_val,digital_1,turkiye-NF-1002,scan,train/attack/digital_1/scan/turkiye-NF-1002.jpg,1.0,0.9999978542327881,2.1457672119140625e-06,0.9418341517448425,13.03551959991455,2.7845308780670166,True,1.0,0.25,10,0.0039215851575136185,0.0,6,0,0.7409271001815796,0.15733511745929718,0.14468443393707275,0.7409271001815796,0.15733513236045837,0.5835919678211212,0.78765099518981,True,5.1209869384765625,1.0874364376068115,4.033550500869751,0.7876510034742811,1.0,1.0,0.0,0.2846558690071106,0.8055827617645264,False,False,True,output/resnet18_localisation_attack_preserve_cls_full_archive_v2/exact_archive/dev_val/digital_1/scan/turkiye-NF-1002__d05a346f061d__exact.npz,5d64746bfb01de437a9fdc370fca05a1bb751a44683aa3b1297d3a05c6abcd7b,3923948,float32,float32,512,864,resnet_exact_archive_v1
dev_val,digital_1,turkiye-NM-1055,huawei,train/attack/digital_1/huawei/turkiye-NM-1055.jpg,1.0,0.9999983310699463,1.6689300537109375e-06,0.5000550746917725,13.281266212463379,0.0002202540636062622,True,1.0,0.25,10,0.0039215851575136185,0.0,10,1,0.726783812046051,0.12280295044183731,0.118104949593544,0.7267838716506958,0.12280295044183731,0.6039809212088585,0.8310323670736898,True,6.153712272644043,1.039778232574463,5.11393404006958,0.8310323611981771,1.0,1.0,0.0,0.18231385946273804,0.86021888256073,False,False,True,output/resnet18_localisation_attack_preserve_cls_full_archive_v2/exact_archive/dev_val/digital_1/huawei/turkiye-NM-1055__a2c2cb13845a__exact.npz,30055e569f929dfb380a566808900b24257a8bad38c84a4da173813576c186d4,4154236,float32,float32,512,864,resnet_exact_archive_v1
dev_val,digital_1,turkiye-NM-1055,iphone15pro,train/attack/digital_1/iphone15pro/turkiye-NM-1055.jpg,1.0,0.9999998807907104,1.1920928955078125e-07,0.9943559765815735,16.125316619873047,5.171496391296387,True,1.0,0.25,10,0.0039215851575136185,0.0,5,0,0.6667788624763489,0.11993829905986786,0.1131473109126091,0.6667788028717041,0.11993829905986786,0.5468405038118362,0.820122807528803,True,5.893015384674072,1.0600190162658691,4.832996368408203,0.8201228153887645,1.0,1.0,0.0,0.2169959843158722,0.836054801940918,False,False,True,output/resnet18_localisation_attack_preserve_cls_full_archive_v2/exact_archive/dev_val/digital_1/iphone15pro/turkiye-NM-1055__ddd217589118__exact.npz,62ae5f3532b7c992ac67b5ef6eb489431acf356b513ad3ca34bfec622fd48ed5,4447841,float32,float32,512,864,resnet_exact_archive_v1
dev_val,digital_1,turkiye-NM-1055,scan,train/attack/digital_1/scan/turkiye-NM-1055.jpg,1.0,1.0,0.0,0.9929419755935669,18.745563507080078,4.946507930755615,True,1.0,0.25,10,0.0039215851575136185,0.0,5,0,0.6584905982017517,0.1869381070137024,0.1145889088511467,0.6584905385971069,0.1869381070137024,0.47155243158340454,0.7161111723610061,True,5.746546745300293,1.6313804388046265,4.1151663064956665,0.7161111688269445,1.0,1.0,0.0,0.2898227274417877,0.7895433902740479,False,False,True,output/resnet18_localisation_attack_preserve_cls_full_archive_v2/exact_archive/dev_val/digital_1/scan/turkiye-NM-1055__ec91fbe52c37__exact.npz,01a49a659158da1b4716a051ad0998fa35c8d31d223b525da2e363e348b886e2,4053420,float32,float32,512,864,resnet_exact_archive_v1
dev_val,digital_1,ukraine-025_03,huawei,train/attack/digital_1/huawei/ukraine-025_03.jpg,1.0,0.9999992847442627,7.152557373046875e-07,1.0,14.188423156738281,27.20121192932129,True,1.0,0.25,10,0.003921577241271734,0.0,8,0,0.6443264484405518,0.0103254159912467,0.1027480736374855,0.6443265676498413,0.010325416922569275,0.634001150727272,0.9839748701342071,True,6.270936012268066,0.10049255937337875,6.170443452894688,0.9839748708682753,1.0,0.0,1.0,0.0381145253777504,0.9260777831077576,False,False,True,output/resnet18_localisation_attack_preserve_cls_full_archive_v2/exact_archive/dev_val/digital_1/huawei/ukraine-025_03__752ca3e488b1__exact.npz,9d851784689534a13927ee73fb1632b57b11d949af52f87da8ed2c4230ab8ffd,4040727,float32,float32,512,864,resnet_exact_archive_v1
dev_val,digital_1,ukraine-025_03,iphone15pro,train/attack/digital_1/iphone15pro/ukraine-025_03.jpg,1.0,1.0,0.0,0.9833483099937439,19.4746150970459,4.078448295593262,True,1.0,0.25,10,0.0039215851575136185,0.0,6,0,0.6332491040229797,0.1580009162425995,0.10428378731012344,0.633249044418335,0.1580009162425995,0.4752481281757355,0.7504916625847738,True,6.072363376617432,1.5151052474975586,4.557258129119873,0.7504916696303611,1.0,0.0,1.0,0.2225791960954666,0.8407570719718933,False,False,True,output/resnet18_localisation_attack_preserve_cls_full_archive_v2/exact_archive/dev_val/digital_1/iphone15pro/ukraine-025_03__e606f3d1adc9__exact.npz,82208dafaf42506bbcfebd35598e64731e197810185a5f14078f7644ebf937d4,3932567,float32,float32,512,864,resnet_exact_archive_v1
dev_val,digital_1,ukraine-025_03,scan,train/attack/digital_1/scan/ukraine-025_03.jpg,1.0,0.9999970197677612,2.9802322387695312e-06,0.9512971043586731,12.734106063842773,2.9720869064331055,True,1.0,0.25,10,0.0039215851575136185,0.0,9,0,0.6436865925788879,0.17023281753063202,0.10579187422990799,0.6436866521835327,0.17023281753063202,0.4734538346529007,0.7355346472493048,True,6.0844621658325195,1.6091294288635254,4.475332736968994,0.7355346479267074,1.0,0.0,1.0,0.2804095149040222,0.7861259579658508,False,False,True,output/resnet18_localisation_attack_preserve_cls_full_archive_v2/exact_archive/dev_val/digital_1/scan/ukraine-025_03__c244383f9f3c__exact.npz,fd80707435686fdf752c05fa7513eb61a9434f3563a7578f8cfbac3e64383418,4034853,float32,float32,512,864,resnet_exact_archive_v1
dev_val,digital_1,ukraine-NF-1068,huawei,train/attack/digital_1/huawei/ukraine-NF-1068.jpg,1.0,0.9999264478683472,7.355213165283203e-05,0.9999994039535522,9.517073631286621,14.356388092041016,True,1.0,0.25,10,0.0039215851575136185,0.0,6,0,0.7178175449371338,0.02717198058962822,0.15027061104774475,0.717817485332489,0.02717198058962822,0.6906455047428608,0.9621463935542859,True,4.776832103729248,0.1808203160762787,4.596011787652969,0.9621463949015262,1.0,0.0,1.0,0.11186769604682922,0.8469407558441162,False,False,True,output/resnet18_localisation_attack_preserve_cls_full_archive_v2/exact_archive/dev_val/digital_1/huawei/ukraine-NF-1068__9038d6dc8e8a__exact.npz,84eeb29c953f8d14b2f0c45849d2cf85eb5d10c5100313ea650f3b7404c4c022,3993098,float32,float32,512,864,resnet_exact_archive_v1
dev_val,digital_1,ukraine-NF-1068,iphone15pro,train/attack/digital_1/iphone15pro/ukraine-NF-1068.jpg,1.0,0.9999985694885254,1.430511474609375e-06,0.9003012180328369,13.487407684326172,2.2005763053894043,True,1.0,0.25,10,0.0039215851575136185,0.0,10,0,0.7479860186576843,0.1356280893087387,0.14430803060531616,0.7479860186576843,0.13562807440757751,0.6123579442501068,0.8186756556613558,True,5.1832594871521,0.9398511648178101,4.2434083223342896,0.8186756485668049,1.0,0.0,1.0,0.26617416739463806,0.8295733332633972,False,False,True,output/resnet18_localisation_attack_preserve_cls_full_archive_v2/exact_archive/dev_val/digital_1/iphone15pro/ukraine-NF-1068__8d560821307d__exact.npz,2fa36d789c84148b123d3b1e4184ec9413dd6c843255d17cc836af9257e93db4,3960878,float32,float32,512,864,resnet_exact_archive_v1
dev_val,digital_1,ukraine-NF-1068,scan,train/attack/digital_1/scan/ukraine-NF-1068.jpg,1.0,0.9999990463256836,9.5367431640625e-07,0.9669050574302673,13.823323249816895,3.374720573425293,True,1.0,0.25,10,0.0039215851575136185,0.0,5,0,0.7366632223129272,0.15474292635917664,0.1464509814977646,0.736663281917572,0.15474291145801544,0.5819203704595566,0.7899407839967104,True,5.030101299285889,1.0566190481185913,3.9734822511672974,0.7899408013376198,1.0,0.0,1.0,0.32983168959617615,0.7632964253425598,False,False,True,output/resnet18_localisation_attack_preserve_cls_full_archive_v2/exact_archive/dev_val/digital_1/scan/ukraine-NF-1068__c6a8848e2845__exact.npz,3ccdaba8d06a47770697f62d3d536a139723761d58376a50f29641937921128d,4012225,float32,float32,512,864,resnet_exact_archive_v1
dev_val,digital_1,ukraine-NF-1073,huawei,train/attack/digital_1/huawei/ukraine-NF-1073.jpg,0.9990234375,0.9991071820259094,8.374452590942383e-05,0.9999992847442627,7.020282745361328,14.15243148803711,True,1.0,0.25,10,0.0039215851575136185,0.0,10,0,0.7841277122497559,0.0006572099518962204,0.22431828081607819,0.7841277718544006,0.0006572098936885595,0.7834705619607121,0.9991618586698768,True,3.495603561401367,0.0029298097360879183,3.4926737516652793,0.9991618586934631,1.0,0.0,1.0,0.004721933975815773,0.9862884283065796,False,False,True,output/resnet18_localisation_attack_preserve_cls_full_archive_v2/exact_archive/dev_val/digital_1/huawei/ukraine-NF-1073__943c161a0abe__exact.npz,cb4d824f3f80d6831f12d6b0f0dbcb90e04863924a5bb764efe37f7cf4d7cb29,4067067,float32,float32,512,864,resnet_exact_archive_v1
dev_val,digital_1,ukraine-NF-1073,iphone15pro,train/attack/digital_1/iphone15pro/ukraine-NF-1073.jpg,1.0,0.9999982118606567,1.7881393432617188e-06,0.9999945163726807,13.260612487792969,12.11962890625,True,1.0,0.25,10,0.0019608272705227137,0.0,2,0,0.7710474729537964,0.23268386721611023,0.2297821193933487,0.7710475325584412,0.23268386721611023,0.5383636653423309,0.6982237055554366,True,3.3555593490600586,1.012628197669983,2.3429311513900757,0.698223725962816,1.0,0.0,1.0,0.32868504524230957,0.701526939868927,False,False,True,output/resnet18_localisation_attack_preserve_cls_full_archive_v2/exact_archive/dev_val/digital_1/iphone15pro/ukraine-NF-1073__725b0612a000__exact.npz,d05f6083c11ac05c1be0e83303e8df56dcdd3844c61b0da87503993998d2366c,4217112,float32,float32,512,864,resnet_exact_archive_v1
dev_val,digital_1,ukraine-NF-1073,scan,train/attack/digital_1/scan/ukraine-NF-1073.jpg,0.9970703125,0.9971200227737427,4.971027374267578e-05,0.6643872857093811,5.847099304199219,0.682907223701477,True,1.0,0.25,10,0.0009804136352613568,0.0,1,0,0.7661243677139282,0.20754100382328033,0.23104418814182281,0.7661243677139282,0.20754101872444153,0.5585833489894867,0.7291027051603486,True,3.3159215450286865,0.8982741832733154,2.417647361755371,0.7291027031022399,1.0,0.0,1.0,0.49466443061828613,0.6877610683441162,False,False,True,output/resnet18_localisation_attack_preserve_cls_full_archive_v2/exact_archive/dev_val/digital_1/scan/ukraine-NF-1073__e76388eb61c0__exact.npz,1d863bc192ccc6f04cf456be5e9aac9c6678b4424f0928ca1e170848e26d24e3,3489654,float32,float32,512,864,resnet_exact_archive_v1
dev_val,digital_1,ukraine-NF-1106,huawei,train/attack/digital_1/huawei/ukraine-NF-1106.jpg,1.0,0.9998693466186523,0.00013065338134765625,0.9999988079071045,8.943166732788086,13.645691871643066,True,1.0,0.25,10,0.0039215851575136185,0.0,10,0,0.7018132209777832,0.0002977561962325126,0.13011087477207184,0.7018131017684937,0.0002977561962325126,0.7015153455722611,0.9995757329188039,True,5.3939619064331055,0.0022884805221110582,5.391673425910994,0.9995757329099078,1.0,0.0,1.0,0.0022942540235817432,0.9909198880195618,False,False,True,output/resnet18_localisation_attack_preserve_cls_full_archive_v2/exact_archive/dev_val/digital_1/huawei/ukraine-NF-1106__9de056fc8b1d__exact.npz,5fc1698abae106a23d193e4182e8e0624c81943a0b996f0cf51d40a0fc91e4a3,3969486,float32,float32,512,864,resnet_exact_archive_v1
dev_val,digital_1,ukraine-NF-1106,iphone15pro,train/attack/digital_1/iphone15pro/ukraine-NF-1106.jpg,1.0,0.9999947547912598,5.245208740234375e-06,0.9325524568557739,12.161489486694336,2.6265764236450195,True,1.0,0.25,10,0.0039215851575136185,0.0,6,0,0.7669953107833862,0.14286558330059052,0.12802782654762268,0.766995370388031,0.14286556839942932,0.6241298019886017,0.8137334670910046,True,5.990849018096924,1.1158946752548218,4.874954342842102,0.8137334671790308,1.0,1.0,0.0,0.19278916716575623,0.8569624423980713,False,False,True,output/resnet18_localisation_attack_preserve_cls_full_archive_v2/exact_archive/dev_val/digital_1/iphone15pro/ukraine-NF-1106__5c82a0a4c04d__exact.npz,ce978ea643846fca282ed7ad91f4bbfb68c8c1952b2bb481404ad52700a6fb57,3953487,float32,float32,512,864,resnet_exact_archive_v1
dev_val,digital_1,ukraine-NF-1106,scan,train/attack/digital_1/scan/ukraine-NF-1106.jpg,1.0,0.999987006187439,1.2993812561035156e-05,0.6088138222694397,11.250953674316406,0.4423287510871887,True,1.0,0.25,10,0.0039215851575136185,0.0,10,0,0.691376805305481,0.12231466174125671,0.1354539841413498,0.6913766860961914,0.12231467664241791,0.5690620094537735,0.8230853323489126,True,5.10414457321167,0.9029980301856995,4.2011465430259705,0.8230853344309744,1.0,0.0,1.0,0.3568249046802521,0.7485076785087585,False,False,True,output/resnet18_localisation_attack_preserve_cls_full_archive_v2/exact_archive/dev_val/digital_1/scan/ukraine-NF-1106__f02adeb62db1__exact.npz,e80a803eb79fb01b3f08480452701f0360aa6e6c78c4d41ac6f31b86c6577c7d,3919018,float32,float32,512,864,resnet_exact_archive_v1
dev_val,digital_1,usa-034_03,huawei,train/attack/digital_1/huawei/usa-034_03.jpg,1.0,0.9999996423721313,3.5762786865234375e-07,0.9793294668197632,14.75289535522461,3.858156681060791,True,1.0,0.25,10,0.0019608272705227137,0.0,2,0,0.716183066368103,0.20746052265167236,0.1514929234981537,0.7161830067634583,0.20746052265167236,0.5087224841117859,0.7103247065450232,True,4.727501392364502,1.3694403171539307,3.3580610752105713,0.7103247141575155,1.0,1.0,0.0,0.34185951948165894,0.7691363096237183,False,False,True,output/resnet18_localisation_attack_preserve_cls_full_archive_v2/exact_archive/dev_val/digital_1/huawei/usa-034_03__18f7a98c4240__exact.npz,dd91c39a57e476fbd51dee063900fd5cd29dcbc1e8f529128dfe0ab9c1a866a2,3351669,float32,float32,512,864,resnet_exact_archive_v1
dev_val,digital_1,usa-034_03,iphone15pro,train/attack/digital_1/iphone15pro/usa-034_03.jpg,1.0,0.9999998807907104,1.1920928955078125e-07,0.970437228679657,16.024497985839844,3.491232395172119,True,1.0,0.25,10,0.0039215851575136185,0.0,6,0,0.7455596923828125,0.15689542889595032,0.1472880244255066,0.7455596923828125,0.1568954586982727,0.5886642336845398,0.7895601649321545,True,5.061916351318359,1.065228819847107,3.9966875314712524,0.789560169328031,1.0,1.0,0.0,0.2271479368209839,0.8382711410522461,False,False,True,output/resnet18_localisation_attack_preserve_cls_full_archive_v2/exact_archive/dev_val/digital_1/iphone15pro/usa-034_03__6799654928ab__exact.npz,d061c87e4f2a72ca6bb03129a5764a6b69735913ef52f3dac428d1a3d375df01,3911524,float32,float32,512,864,resnet_exact_archive_v1
dev_val,digital_1,usa-034_03,scan,train/attack/digital_1/scan/usa-034_03.jpg,1.0,0.9999998807907104,1.1920928955078125e-07,0.9952675104141235,15.941953659057617,5.348550319671631,True,1.0,0.25,10,0.0039215851575136185,0.0,5,0,0.7242426872253418,0.14990189671516418,0.1539306640625,0.7242426872253418,0.14990189671516418,0.5743407905101776,0.7930225608636025,True,4.704992771148682,0.9738273620605469,3.7311654090881348,0.7930225593475682,1.0,1.0,0.0,0.26978838443756104,0.8084319829940796,False,False,True,output/resnet18_localisation_attack_preserve_cls_full_archive_v2/exact_archive/dev_val/digital_1/scan/usa-034_03__3b8af47e8bc6__exact.npz,eef6eae3b59976052c748b26725d3fc514ae5b1efee8782c788056c3f408c726,4050933,float32,float32,512,864,resnet_exact_archive_v1
dev_val,digital_1,usa-067_03,huawei,train/attack/digital_1/huawei/usa-067_03.jpg,1.0,0.9998934268951416,0.00010657310485839844,0.7168228030204773,9.146601676940918,0.9287557601928711,True,1.0,0.25,10,0.0039215851575136185,0.0,10,0,0.7580177187919617,0.0012504059122875333,0.14398513734340668,0.7580177783966064,0.0012504057958722115,0.7567673726007342,0.9983504268217599,True,5.26455545425415,0.008684270083904266,5.255871184170246,0.998350426705661,1.0,0.0,1.0,0.0067452313378453255,0.9796223044395447,False,False,True,output/resnet18_localisation_attack_preserve_cls_full_archive_v2/exact_archive/dev_val/digital_1/huawei/usa-067_03__ad0291cdb7df__exact.npz,9195428f666a1259f1dfd51dc87680c1fefd1cb8a0ccacae52c52dbfa52ede64,3646227,float32,float32,512,864,resnet_exact_archive_v1
dev_val,digital_1,usa-067_03,iphone15pro,train/attack/digital_1/iphone15pro/usa-067_03.jpg,1.0,0.9999997615814209,2.384185791015625e-07,0.9905641078948975,15.32325267791748,4.653759479522705,True,1.0,0.25,10,0.0039215851575136185,0.0,6,0,0.6738778352737427,0.11348481476306915,0.142734095454216,0.6738778948783875,0.11348481476306915,0.5603930801153183,0.8315943947329666,True,4.721211910247803,0.7950785160064697,3.926133394241333,0.8315944017931747,1.0,1.0,0.0,0.302995502948761,0.7634775638580322,False,False,True,output/resnet18_localisation_attack_preserve_cls_full_archive_v2/exact_archive/dev_val/digital_1/iphone15pro/usa-067_03__31f2d45c67aa__exact.npz,780bd9313dbff62356d0d8b508cc805bfa7254ef77de0fd0d5cc697723dfabea,4198837,float32,float32,512,864,resnet_exact_archive_v1
dev_val,digital_1,usa-067_03,scan,train/attack/digital_1/scan/usa-067_03.jpg,1.0,0.9999998807907104,1.1920928955078125e-07,0.9791247248649597,16.339786529541016,3.8480942249298096,True,1.0,0.25,10,0.0039215851575136185,0.0,10,0,0.687272310256958,0.07644859701395035,0.13996441662311554,0.6872722506523132,0.07644858956336975,0.6108236610889435,0.8887652025950272,True,4.910335540771484,0.546200156211853,4.364135384559631,0.8887652072497602,1.0,1.0,0.0,0.17346976697444916,0.8247150182723999,False,False,True,output/resnet18_localisation_attack_preserve_cls_full_archive_v2/exact_archive/dev_val/digital_1/scan/usa-067_03__4a9ef7617e47__exact.npz,ee5824e545da9a771f622ff99161cef983608471b5f85fb19cfea220e86e5fd0,4305457,float32,float32,512,864,resnet_exact_archive_v1
dev_val,digital_1,usa-NF-1036,huawei,train/attack/digital_1/huawei/usa-NF-1036.jpg,1.0,0.9999963045120239,3.6954879760742188e-06,0.9996628761291504,12.501075744628906,7.994606018066406,True,1.0,0.25,10,0.0019608272705227137,0.0,2,0,0.6776258945465088,0.2523496448993683,0.19751833379268646,0.677625834941864,0.2523496747016907,0.42527616024017334,0.627597323346828,True,3.4306986331939697,1.2776013612747192,2.1530972719192505,0.6275973211656669,1.0,1.0,0.0,0.5573217868804932,0.595435380935669,False,False,True,output/resnet18_localisation_attack_preserve_cls_full_archive_v2/exact_archive/dev_val/digital_1/huawei/usa-NF-1036__7d72d80be87d__exact.npz,21f47b8eba7ef05c982d4cc90c6e3d3f979aa2e82e9ba5cb01e29f341dce56e7,3947225,float32,float32,512,864,resnet_exact_archive_v1
dev_val,digital_1,usa-NF-1036,iphone15pro,train/attack/digital_1/iphone15pro/usa-NF-1036.jpg,1.0,0.9999988079071045,1.1920928955078125e-06,0.9995903372764587,13.598240852355957,7.799877166748047,True,1.0,0.25,10,0.0039215851575136185,0.0,5,0,0.7572669982910156,0.1446053385734558,0.19874148070812225,0.7572670578956604,0.14460532367229462,0.6126617342233658,0.8090431609766142,True,3.810312032699585,0.7276051640510559,3.082706868648529,0.8090431550469236,1.0,1.0,0.0,0.2628399729728699,0.7863224744796753,False,False,True,output/resnet18_localisation_attack_preserve_cls_full_archive_v2/exact_archive/dev_val/digital_1/iphone15pro/usa-NF-1036__9d69241e1f1b__exact.npz,3fc0ea661433b488e6323b784248d3f65090a45c2c0a1553b1ad93dff20de46d,4651112,float32,float32,512,864,resnet_exact_archive_v1
dev_val,digital_1,usa-NF-1036,scan,train/attack/digital_1/scan/usa-NF-1036.jpg,1.0,0.9999992847442627,7.152557373046875e-07,0.9977176189422607,14.209663391113281,6.080222129821777,True,1.0,0.25,10,0.0039215851575136185,0.0,10,0,0.6733902096748352,0.09481807053089142,0.2014736384153366,0.6733900904655457,0.09481806308031082,0.5785720273852348,0.8591929634504144,True,3.3423235416412354,0.4706226885318756,2.8717008531093597,0.859192958829839,1.0,1.0,0.0,0.3527688980102539,0.7228199243545532,False,False,True,output/resnet18_localisation_attack_preserve_cls_full_archive_v2/exact_archive/dev_val/digital_1/scan/usa-NF-1036__d5d3682b04d9__exact.npz,bc19843a3a3a78a42268b170d6e60ef8fb25ae706194d02f4415fd82226c6fa6,4584320,float32,float32,512,864,resnet_exact_archive_v1
dev_val,digital_1,usa-NF-1065,huawei,train/attack/digital_1/huawei/usa-NF-1065.jpg,1.0,0.9999978542327881,2.1457672119140625e-06,0.9961305856704712,13.073721885681152,5.550779819488525,True,1.0,0.25,10,0.0019608272705227137,0.0,2,0,0.8065563440322876,0.31607434153556824,0.24263493716716766,0.8065563440322876,0.31607434153556824,0.49048200249671936,0.6081187087868032,True,3.324155807495117,1.302674412727356,2.0214813947677612,0.6081187260265719,1.0,1.0,0.0,0.41091060638427734,0.6881489157676697,False,False,True,output/resnet18_localisation_attack_preserve_cls_full_archive_v2/exact_archive/dev_val/digital_1/huawei/usa-NF-1065__fec0be7dedc5__exact.npz,84433008a7396ba8c37e98c6fd58da1b64b69ae90b79c5d55909101b588f88ec,3875798,float32,float32,512,864,resnet_exact_archive_v1
dev_val,digital_1,usa-NF-1065,iphone15pro,train/attack/digital_1/iphone15pro/usa-NF-1065.jpg,1.0,1.0,0.0,0.9999748468399048,18.614009857177734,10.589381217956543,True,1.0,0.25,10,0.003921577241271734,0.0,4,0,0.8203129768371582,0.19679945707321167,0.2516860365867615,0.820313036441803,0.19679944217205048,0.6235135942697525,0.7600922654774701,True,3.2592709064483643,0.781924307346344,2.4773465991020203,0.7600922630274974,1.0,1.0,0.0,0.3048556447029114,0.735173225402832,False,False,True,output/resnet18_localisation_attack_preserve_cls_full_archive_v2/exact_archive/dev_val/digital_1/iphone15pro/usa-NF-1065__523e5c558d74__exact.npz,ab830bad059f0a422658571d97b92ff9cd69e7295ce117819ef61ebbde9512a3,4677015,float32,float32,512,864,resnet_exact_archive_v1
dev_val,digital_1,usa-NF-1065,scan,train/attack/digital_1/scan/usa-NF-1065.jpg,1.0,1.0,0.0,0.998544454574585,20.484607696533203,6.530862808227539,True,1.0,0.25,10,0.0039215851575136185,0.0,7,0,0.7861659526824951,0.14000464975833893,0.24654024839401245,0.7861660122871399,0.14000463485717773,0.6461613774299622,0.8219146685699733,True,3.188793897628784,0.5678774118423462,2.620916485786438,0.821914670539032,1.0,1.0,0.0,0.3067079484462738,0.7892017364501953,False,False,True,output/resnet18_localisation_attack_preserve_cls_full_archive_v2/exact_archive/dev_val/digital_1/scan/usa-NF-1065__b9284824402a__exact.npz,4cbc428f8e65be2838c1d10962d863e228cf0ea3d51ebce4b7afe7ee905ad48e,4387903,float32,float32,512,864,resnet_exact_archive_v1
dev_val,digital_1,usa-NF-1076,huawei,train/attack/digital_1/huawei/usa-NF-1076.jpg,1.0,0.9999803304672241,1.9669532775878906e-05,0.9955413937568665,10.835745811462402,5.408445358276367,True,1.0,0.25,10,0.0039215851575136185,0.0,6,0,0.6129086017608643,0.10415266454219818,0.299313485622406,0.612908661365509,0.10415266454219818,0.5087559968233109,0.8300682122681138,True,2.047714948654175,0.3479718565940857,1.6997430920600891,0.8300682149032588,1.0,1.0,0.0,0.5372560024261475,0.6446026563644409,False,False,True,output/resnet18_localisation_attack_preserve_cls_full_archive_v2/exact_archive/dev_val/digital_1/huawei/usa-NF-1076__3e77bcc46ab5__exact.npz,58306bf88b16b521ea74498ce06a2e3137bf345b1e65698977fb6f4756d8f3a9,4153862,float32,float32,512,864,resnet_exact_archive_v1
dev_val,digital_1,usa-NF-1076,iphone15pro,train/attack/digital_1/iphone15pro/usa-NF-1076.jpg,1.0,0.999997615814209,2.384185791015625e-06,0.9461573958396912,12.934354782104492,2.8663439750671387,True,1.0,0.25,10,0.0039215851575136185,0.0,10,0,0.8327071666717529,0.0754145085811615,0.3010009825229645,0.8327072262763977,0.0754145011305809,0.7572927251458168,0.9094345542456613,True,2.7664601802825928,0.2505457103252411,2.5159144699573517,0.9094345502924795,1.0,1.0,0.0,0.13315939903259277,0.8562518358230591,False,False,True,output/resnet18_localisation_attack_preserve_cls_full_archive_v2/exact_archive/dev_val/digital_1/iphone15pro/usa-NF-1076__813a1d657885__exact.npz,0dea849722badc59421024022db23b54b9f608b50e9fca8a3f768be33965fbd0,4443477,float32,float32,512,864,resnet_exact_archive_v1
dev_val,digital_1,usa-NF-1076,scan,train/attack/digital_1/scan/usa-NF-1076.jpg,1.0,0.9999996423721313,3.5762786865234375e-07,0.9984754920005798,14.803505897521973,6.4845404624938965,True,1.0,0.25,10,0.0019608272705227137,0.0,2,0,0.7226460576057434,0.20574119687080383,0.3055550158023834,0.7226460576057434,0.20574118196964264,0.5169048756361008,0.715294673230073,True,2.365027666091919,0.6733359694480896,1.6916916966438293,0.7152946753638865,1.0,1.0,0.0,0.48690253496170044,0.6693567037582397,False,False,True,output/resnet18_localisation_attack_preserve_cls_full_archive_v2/exact_archive/dev_val/digital_1/scan/usa-NF-1076__762eef4f26b5__exact.npz,bec2bece75b9a3a5ffe0e3f0db7e9cb9aa9b1c0379b87b7f70da95290c9170fa,4129117,float32,float32,512,864,resnet_exact_archive_v1
dev_val,digital_1,usa-NM-1038,huawei,train/attack/digital_1/huawei/usa-NM-1038.jpg,0.9912109375,0.9910650849342346,0.00014585256576538086,0.9922205805778503,4.708812236785889,4.848467826843262,True,1.0,0.25,10,0.0009804136352613568,0.0,1,0,0.37390878796577454,0.20003953576087952,0.1865978240966797,0.3739088177680969,0.20003953576087952,0.1738692820072174,0.46500449774108665,True,2.003821849822998,1.0720356702804565,0.9317861795425415,0.46500450108618596,1.0,1.0,0.0,0.9459190368652344,0.20838505029678345,False,False,True,output/resnet18_localisation_attack_preserve_cls_full_archive_v2/exact_archive/dev_val/digital_1/huawei/usa-NM-1038__26fc306b5fd1__exact.npz,d4f677d38c49c562eed65f414c716648c4dbe14e303ec9b7b651e7610a25568d,3239822,float32,float32,512,864,resnet_exact_archive_v1
dev_val,digital_1,usa-NM-1038,iphone15pro,train/attack/digital_1/iphone15pro/usa-NM-1038.jpg,1.0,0.9999761581420898,2.384185791015625e-05,0.998065173625946,10.645498275756836,6.245795249938965,True,1.0,0.25,10,0.0019608272705227137,0.0,2,0,0.5492557883262634,0.18323563039302826,0.1938086599111557,0.5492557883262634,0.18323561549186707,0.36602017283439636,0.6663929276917819,True,2.834010601043701,0.9454459547996521,1.888564646244049,0.6663929364091066,1.0,1.0,0.0,0.7800755500793457,0.472584068775177,False,False,True,output/resnet18_localisation_attack_preserve_cls_full_archive_v2/exact_archive/dev_val/digital_1/iphone15pro/usa-NM-1038__2a32d99f6472__exact.npz,28ea707d5e7d9d34dda8a74337686db34ddd1e9fca9ca6343f02e7c342af9eb8,3985200,float32,float32,512,864,resnet_exact_archive_v1
dev_val,digital_1,usa-NM-1038,scan,train/attack/digital_1/scan/usa-NM-1038.jpg,1.0,0.9997979998588562,0.00020200014114379883,0.9961873888969421,8.506861686706543,5.565605163574219,True,1.0,0.25,10,0.0039215851575136185,0.0,5,0,0.657404363155365,0.13540968298912048,0.1930936872959137,0.6574043035507202,0.1354096680879593,0.5219946354627609,0.7940237577445184,True,3.4045870304107666,0.7012640833854675,2.703322947025299,0.7940237458694486,1.0,1.0,0.0,0.5376503467559814,0.6393387317657471,False,False,True,output/resnet18_localisation_attack_preserve_cls_full_archive_v2/exact_archive/dev_val/digital_1/scan/usa-NM-1038__3a400d69e124__exact.npz,501471d29c320019b008c6eaeae00ae277416641a7f66a8f52a9b26bb6b219a7,4223734,float32,float32,512,864,resnet_exact_archive_v1
dev_val,digital_2,arabic-024_03,huawei,train/attack/digital_2/huawei/arabic-024_03.jpg,1.0,0.9999984502792358,1.5497207641601562e-06,0.9658535122871399,13.358942985534668,3.3423550128936768,True,1.0,0.25,10,0.0039215851575136185,0.0,10,0,0.41971415281295776,0.0013823490589857101,0.0696895644068718,0.41971415281295776,0.0013823490589857101,0.41833180375397205,0.9967064511651058,True,6.022625923156738,0.019835812970995903,6.002790110185742,0.996706451102213,0.0,0.0,0.0,0.05603885278105736,0.9342533946037292,False,False,True,output/resnet18_localisation_attack_preserve_cls_full_archive_v2/exact_archive/dev_val/digital_2/huawei/arabic-024_03__098c59508303__exact.npz,b360917ef1bbc48bde6f2ff1e0ade9076caf3a7f07f6acd62be7dcfd2beb70f6,4573499,float32,float32,512,864,resnet_exact_archive_v1
dev_val,digital_2,arabic-024_03,iphone15pro,train/attack/digital_2/iphone15pro/arabic-024_03.jpg,1.0,0.9999992847442627,7.152557373046875e-07,0.9799158573150635,14.23469352722168,3.8875374794006348,True,1.0,0.25,10,0.0039215851575136185,0.0,10,0,0.4460954964160919,0.0107398247346282,0.06931305676698685,0.4460955262184143,0.010739822871983051,0.43535570334643126,0.9759248361824533,True,6.435952186584473,0.15494659543037415,6.2810055911540985,0.9759248373918384,1.0,0.0,1.0,0.10931754112243652,0.8551287055015564,False,False,True,output/resnet18_localisation_attack_preserve_cls_full_archive_v2/exact_archive/dev_val/digital_2/iphone15pro/arabic-024_03__af12047648ad__exact.npz,43e1303cb01f29ad83fd363f2de7cba4359e0b8cf7b7e8265ca75270dbcf6687,4930071,float32,float32,512,864,resnet_exact_archive_v1
dev_val,digital_2,arabic-024_03,scan,train/attack/digital_2/scan/arabic-024_03.jpg,1.0,0.9999996423721313,3.5762786865234375e-07,0.9271811842918396,14.92149543762207,2.544175624847412,True,1.0,0.25,10,0.0039215851575136185,0.0,10,0,0.42420899868011475,0.06919892877340317,0.068115234375,0.42420899868011475,0.06919892132282257,0.3550100773572922,0.8368754044866368,True,6.227813720703125,1.0159095525741577,5.211904168128967,0.836875411158017,1.0,0.0,1.0,0.42611873149871826,0.6559290885925293,False,False,True,output/resnet18_localisation_attack_preserve_cls_full_archive_v2/exact_archive/dev_val/digital_2/scan/arabic-024_03__fbed0fa88c98__exact.npz,df072c9fccb1bbbd665b27ba9ff92f1ad762de5d79ac046ad19e0f8369a56018,4581239,float32,float32,512,864,resnet_exact_archive_v1
dev_val,digital_2,arabic-120_03,huawei,train/attack/digital_2/huawei/arabic-120_03.jpg,1.0,0.9999915361404419,8.463859558105469e-06,0.716090977191925,11.68321418762207,0.9251536130905151,True,1.0,0.25,10,0.0039215851575136185,0.0,10,0,0.558602511882782,0.004953528288751841,0.08492442220449448,0.558602511882782,0.004953527357429266,0.5536489845253527,0.9911322859241479,True,6.577642917633057,0.05832865834236145,6.519314259290695,0.9911322856724258,1.0,0.0,1.0,0.0047822799533605576,0.9805538654327393,False,False,True,output/resnet18_localisation_attack_preserve_cls_full_archive_v2/exact_archive/dev_val/digital_2/huawei/arabic-120_03__98468458e77c__exact.npz,2d77e1f99e36f512d012ee8ac15bbe934bc35420dc07de503609d28e9903deba,4554560,float32,float32,512,864,resnet_exact_archive_v1
dev_val,digital_2,arabic-120_03,iphone15pro,train/attack/digital_2/iphone15pro/arabic-120_03.jpg,1.0,0.9999790191650391,2.09808349609375e-05,0.6694784760475159,10.769096374511719,0.7058272957801819,True,1.0,0.25,10,0.0039215851575136185,0.0,10,0,0.5812207460403442,0.0,0.08251234889030457,0.5812206864356995,0.0,0.5812206864356995,1.0,True,7.044044494628906,0.0,7.044044494628906,1.0,1.0,0.0,1.0,0.0006955740391276777,0.9995770454406738,False,False,True,output/resnet18_localisation_attack_preserve_cls_full_archive_v2/exact_archive/dev_val/digital_2/iphone15pro/arabic-120_03__d6f31557c840__exact.npz,e7a5d0e398e87d12bad3c77b9c646fb74849651b2ef75b8d77fccf31e034062b,4257284,float32,float32,512,864,resnet_exact_archive_v1
dev_val,digital_2,arabic-120_03,scan,train/attack/digital_2/scan/arabic-120_03.jpg,1.0,0.9999959468841553,4.0531158447265625e-06,0.8866158127784729,12.40422534942627,2.0566296577453613,True,1.0,0.25,10,0.0039215851575136185,0.0,7,0,0.5791480541229248,0.0956605076789856,0.08828268200159073,0.57914799451828,0.0956604927778244,0.4834875017404556,0.8348254786630276,True,6.560153961181641,1.0835702419281006,5.47658371925354,0.8348254860572016,1.0,0.0,1.0,0.08857294917106628,0.9253835082054138,False,False,True,output/resnet18_localisation_attack_preserve_cls_full_archive_v2/exact_archive/dev_val/digital_2/scan/arabic-120_03__e0ba0cf07d62__exact.npz,77458e9cd9197100e87f49dc6ccb8a8093742c35951360245922f50b3efb8132,4375156,float32,float32,512,864,resnet_exact_archive_v1
dev_val,digital_2,arabic-NF-1048,huawei,train/attack/digital_2/huawei/arabic-NF-1048.jpg,1.0,0.9999995231628418,4.76837158203125e-07,0.971255898475647,14.534346580505371,3.5201563835144043,True,1.0,0.25,10,0.0039215851575136185,0.0,7,0,0.665306031703949,0.12796178460121155,0.11070948094129562,0.6653060913085938,0.12796178460121155,0.5373443067073822,0.8076647932840614,True,6.009477138519287,1.1558340787887573,4.85364305973053,0.8076647847813345,1.0,1.0,0.0,0.16205888986587524,0.83286052942276,False,False,True,output/resnet18_localisation_attack_preserve_cls_full_archive_v2/exact_archive/dev_val/digital_2/huawei/arabic-NF-1048__c09d0d826273__exact.npz,97f36cf650499b6c78ce6e3dc8b614c5f3465b588d1468fdbbe1bf1d1d7dd866,4415683,float32,float32,512,864,resnet_exact_archive_v1
dev_val,digital_2,arabic-NF-1048,iphone15pro,train/attack/digital_2/iphone15pro/arabic-NF-1048.jpg,1.0,0.9999997615814209,2.384185791015625e-07,0.9524437189102173,15.329202651977539,2.9971179962158203,True,1.0,0.25,10,0.0039215851575136185,0.0,8,0,0.7032065987586975,0.09949486702680588,0.10856255888938904,0.7032066583633423,0.09949485957622528,0.603711798787117,0.8585126315387973,True,6.477432727813721,0.9164749383926392,5.5609577894210815,0.8585126273164754,1.0,0.0,1.0,0.06196882948279381,0.9245155453681946,False,False,True,output/resnet18_localisation_attack_preserve_cls_full_archive_v2/exact_archive/dev_val/digital_2/iphone15pro/arabic-NF-1048__b94c3b91cfb4__exact.npz,bc7cbe76d73d0cdd10c0a371d263d667765ea79eb32b5ccc9ae34e95f8ee9879,4833138,float32,float32,512,864,resnet_exact_archive_v1
dev_val,digital_2,arabic-NF-1048,scan,train/attack/digital_2/scan/arabic-NF-1048.jpg,1.0,0.9999823570251465,1.7642974853515625e-05,0.9613255858421326,10.945439338684082,3.213134527206421,True,1.0,0.25,10,0.0039215851575136185,0.0,10,0,0.6488068103790283,0.19401815533638,0.10504157841205597,0.6488068699836731,0.19401815533638,0.4547887146472931,0.700961619994464,True,6.176667213439941,1.8470605611801147,4.329606652259827,0.7009616193728138,0.0,1.0,-1.0,0.17577201128005981,0.8193017244338989,False,False,True,output/resnet18_localisation_attack_preserve_cls_full_archive_v2/exact_archive/dev_val/digital_2/scan/arabic-NF-1048__cdd8866c72c7__exact.npz,4971e97fb060073677a744bb5f867450aa507c9e8fe8842ca6fbd4c25374d6d9,4442343,float32,float32,512,864,resnet_exact_archive_v1
dev_val,digital_2,arabic-NF-1098,huawei,train/attack/digital_2/huawei/arabic-NF-1098.jpg,1.0,0.9999998807907104,1.1920928955078125e-07,0.7997005581855774,16.470735549926758,1.3844242095947266,True,1.0,0.25,10,0.0039215851575136185,0.0,10,0,0.5859782695770264,0.007656131871044636,0.11667602509260178,0.5859782695770264,0.007656131871044636,0.5783221377059817,0.9869344440424881,True,5.022268295288086,0.06561872363090515,4.956649571657181,0.986934444802069,1.0,0.0,1.0,0.023998141288757324,0.9530029892921448,False,False,True,output/resnet18_localisation_attack_preserve_cls_full_archive_v2/exact_archive/dev_val/digital_2/huawei/arabic-NF-1098__2b7e373888ff__exact.npz,000ece76d0ee91df0ef42259a40ead3e14c63f9ddc69ad53863b1d45993b650e,4526350,float32,float32,512,864,resnet_exact_archive_v1
dev_val,digital_2,arabic-NF-1098,iphone15pro,train/attack/digital_2/iphone15pro/arabic-NF-1098.jpg,1.0,1.0,0.0,0.9994099140167236,17.793052673339844,7.43463134765625,True,1.0,0.25,10,0.0039215851575136185,0.0,10,0,0.5577025413513184,0.11010103672742844,0.12296510487794876,0.5577024817466736,0.11010103672742844,0.44760144501924515,0.8025810529252049,True,4.5354533195495605,0.8953843712806702,3.6400689482688904,0.8025810634140547,1.0,0.0,1.0,0.48139488697052,0.6698172688484192,False,False,True,output/resnet18_localisation_attack_preserve_cls_full_archive_v2/exact_archive/dev_val/digital_2/iphone15pro/arabic-NF-1098__bce26a91c0ff__exact.npz,b99aaea51d8ff1141b3b02d871895a871da2de9798cbacf94dee21ef5bb7e091,5056099,float32,float32,512,864,resnet_exact_archive_v1
dev_val,digital_2,arabic-NF-1098,scan,train/attack/digital_2/scan/arabic-NF-1098.jpg,1.0,0.9999998807907104,1.1920928955078125e-07,0.9977503418922424,15.996232986450195,6.094722270965576,True,1.0,0.25,10,0.0039215851575136185,0.0,10,0,0.5501385927200317,0.11865999549627304,0.12067504972219467,0.550138533115387,0.11865999549627304,0.4314785376191139,0.7843088815751339,True,4.558842182159424,0.9833017587661743,3.5755404233932495,0.7843088838183019,1.0,0.0,1.0,0.45852750539779663,0.6949934363365173,False,False,True,output/resnet18_localisation_attack_preserve_cls_full_archive_v2/exact_archive/dev_val/digital_2/scan/arabic-NF-1098__7c977c998d30__exact.npz,96793a3c40cf9944fa0fac1c1b632ec593eb5d29f6a450e41b275c1daa203485,4385827,float32,float32,512,864,resnet_exact_archive_v1
dev_val,digital_2,arabic-NM-1090,huawei,train/attack/digital_2/huawei/arabic-NM-1090.jpg,1.0,1.0,0.0,0.9996522665023804,18.098575592041016,7.96383810043335,True,1.0,0.25,10,0.0039215851575136185,0.0,8,0,0.7823019027709961,0.037281036376953125,0.14355704188346863,0.7823019623756409,0.03728104010224342,0.7450209222733974,0.9523444374483852,True,5.44941520690918,0.2596949636936188,5.189720243215561,0.9523444344331924,1.0,0.0,1.0,0.05153151601552963,0.9244272708892822,False,False,True,output/resnet18_localisation_attack_preserve_cls_full_archive_v2/exact_archive/dev_val/digital_2/huawei/arabic-NM-1090__725b8ce3558d__exact.npz,416510c7cf5e8e1e160c532f618cea39e81c546386ece570f6d2a07d2c102b3e,4822659,float32,float32,512,864,resnet_exact_archive_v1
dev_val,digital_2,arabic-NM-1090,iphone15pro,train/attack/digital_2/iphone15pro/arabic-NM-1090.jpg,1.0,0.9999997615814209,2.384185791015625e-07,0.9419001340866089,15.446123123168945,2.785736560821533,True,1.0,0.25,10,0.0039215851575136185,0.0,10,0,0.7658765316009521,0.00798266101628542,0.11594881117343903,0.7658765912055969,0.00798266101628542,0.7578939301893115,0.9895770923044931,True,6.60529899597168,0.06884641945362091,6.536452576518059,0.9895770926500665,1.0,0.0,1.0,0.0022560711950063705,0.991030752658844,False,False,True,output/resnet18_localisation_attack_preserve_cls_full_archive_v2/exact_archive/dev_val/digital_2/iphone15pro/arabic-NM-1090__dcb62e3c3963__exact.npz,cf19d203ce5e9efa6bbcc5c40a45d4832a564a8fb3e1df38fd5e62f9a46d81a9,4594568,float32,float32,512,864,resnet_exact_archive_v1
dev_val,digital_2,arabic-NM-1090,scan,train/attack/digital_2/scan/arabic-NM-1090.jpg,1.0,1.0,0.0,0.9899744391441345,16.673887252807617,4.592546463012695,True,1.0,0.25,10,0.0039215851575136185,0.0,10,0,0.7636985182762146,0.020017478615045547,0.13180366158485413,0.7636985778808594,0.020017482340335846,0.7436810955405235,0.9737887657249786,True,5.794213771820068,0.15187348425388336,5.642340287566185,0.9737887675127704,1.0,0.0,1.0,0.046795718371868134,0.9384764432907104,False,False,True,output/resnet18_localisation_attack_preserve_cls_full_archive_v2/exact_archive/dev_val/digital_2/scan/arabic-NM-1090__871b8ecbf0ff__exact.npz,c6483278708f43752c8e37c1718097edb3dae1b29b22f7d5846f9e964775a413,4485324,float32,float32,512,864,resnet_exact_archive_v1
dev_val,digital_2,chinese-001_03,huawei,train/attack/digital_2/huawei/chinese-001_03.jpg,1.0,0.9999998807907104,1.1920928955078125e-07,0.7006076574325562,15.89097785949707,0.850193202495575,True,1.0,0.25,10,0.0039215851575136185,0.0,10,0,0.5183777809143066,0.0210699662566185,0.084808349609375,0.5183777809143066,0.02106996811926365,0.497307812795043,0.9593540292523712,True,6.112343788146973,0.248442143201828,5.863901644945145,0.9593540298430848,0.0,0.0,0.0,0.16590765118598938,0.7938723564147949,False,False,True,output/resnet18_localisation_attack_preserve_cls_full_archive_v2/exact_archive/dev_val/digital_2/huawei/chinese-001_03__d8bde492bfa3__exact.npz,fb5317ea36cc43c10b620a8dad776cdf9c1e2df45248f833ed001bb0f9f338be,3992720,float32,float32,512,864,resnet_exact_archive_v1
dev_val,digital_2,chinese-001_03,iphone15pro,train/attack/digital_2/iphone15pro/chinese-001_03.jpg,1.0,1.0,0.0,0.9511114358901978,17.22910499572754,2.9680888652801514,True,1.0,0.25,10,0.0039215851575136185,0.0,10,0,0.5508123636245728,0.09224793314933777,0.09087247401475906,0.5508123636245728,0.09224793314933777,0.458564430475235,0.8325238516029155,True,6.061377048492432,1.0151361227035522,5.046240925788879,0.8325238448982424,0.0,0.0,0.0,0.2648252844810486,0.7339044809341431,False,False,True,output/resnet18_localisation_attack_preserve_cls_full_archive_v2/exact_archive/dev_val/digital_2/iphone15pro/chinese-001_03__5fad7f364737__exact.npz,3e19daceba199018b525a9baf712f6fe23b5c039b4cf8d07a755e5f8afe8bae0,4445659,float32,float32,512,864,resnet_exact_archive_v1
dev_val,digital_2,chinese-001_03,scan,train/attack/digital_2/scan/chinese-001_03.jpg,1.0,0.9999998807907104,1.1920928955078125e-07,0.9596021771430969,15.648504257202148,3.1677422523498535,True,1.0,0.25,10,0.0039215851575136185,0.0,10,0,0.5708537101745605,0.09668803960084915,0.09042563289403915,0.5708537101745605,0.09668803960084915,0.4741656705737114,0.8306255387719508,True,6.312963485717773,1.069254755973816,5.2437087297439575,0.830625544026532,1.0,0.0,1.0,0.17293652892112732,0.8248841762542725,False,False,True,output/resnet18_localisation_attack_preserve_cls_full_archive_v2/exact_archive/dev_val/digital_2/scan/chinese-001_03__4b7a86ad268d__exact.npz,3e896350d2f8602e76987679751a0893f0babdcb2f59a1a6543798a440548906,4323819,float32,float32,512,864,resnet_exact_archive_v1
dev_val,digital_2,chinese-113_03,huawei,train/attack/digital_2/huawei/chinese-113_03.jpg,1.0,0.9999814033508301,1.8596649169921875e-05,0.5014360547065735,10.8914213180542,0.005744218826293945,True,1.0,0.25,10,0.003921577241271734,0.0,10,6,0.4820786714553833,0.12868578732013702,0.07827651500701904,0.4820786714553833,0.12868578732013702,0.3533928841352463,0.733060608278649,True,6.158662796020508,1.6439896821975708,4.514673113822937,0.7330606112645339,1.0,0.0,1.0,0.5159987211227417,0.5562515258789062,False,False,True,output/resnet18_localisation_attack_preserve_cls_full_archive_v2/exact_archive/dev_val/digital_2/huawei/chinese-113_03__8d4683b83d83__exact.npz,e082e9949ae8665eafbb1d4b5feb24d68cf14b9be92d4a46889665ee12821d09,3258406,float32,float32,512,864,resnet_exact_archive_v1
dev_val,digital_2,chinese-113_03,iphone15pro,train/attack/digital_2/iphone15pro/chinese-113_03.jpg,1.0,1.0,0.0,0.8522924780845642,20.457231521606445,1.7526960372924805,True,1.0,0.25,10,0.0039215851575136185,0.0,10,0,0.47084841132164,0.07839658111333847,0.07757076621055603,0.4708483815193176,0.07839657366275787,0.39245180785655975,0.8334993243264627,True,6.069920539855957,1.010645866394043,5.059274673461914,0.8334993251134015,0.0,0.0,0.0,0.2885443866252899,0.7180368304252625,False,False,True,output/resnet18_localisation_attack_preserve_cls_full_archive_v2/exact_archive/dev_val/digital_2/iphone15pro/chinese-113_03__4c9271537386__exact.npz,ef2f5227656112caa011fa47d3b7b8023b1446438ad10ac3e4965ceaa4ced4b5,4057547,float32,float32,512,864,resnet_exact_archive_v1
dev_val,digital_2,chinese-113_03,scan,train/attack/digital_2/scan/chinese-113_03.jpg,1.0,0.999998927116394,1.0728836059570312e-06,0.5002378821372986,13.793985366821289,0.0009515434503555298,True,1.0,0.25,10,0.0039215851575136185,0.0,10,3,0.4568353295326233,0.08110927045345306,0.07661762088537216,0.4568352699279785,0.08110926300287247,0.37572600692510605,0.8224540258994022,True,5.962535381317139,1.0586241483688354,4.903911232948303,0.8224540265730075,1.0,0.0,1.0,0.2839754819869995,0.7354038953781128,False,False,True,output/resnet18_localisation_attack_preserve_cls_full_archive_v2/exact_archive/dev_val/digital_2/scan/chinese-113_03__9ea16bc95786__exact.npz,d8a7d29da5eafb650cd7cf74e2893f2952cb368f88b4fd917d544e30b26ef31a,4206466,float32,float32,512,864,resnet_exact_archive_v1
dev_val,digital_2,chinese-142_03,huawei,train/attack/digital_2/huawei/chinese-142_03.jpg,1.0,1.0,0.0,0.9988452196121216,24.866783142089844,6.7626752853393555,True,1.0,0.25,10,0.0039215851575136185,0.0,10,0,0.4896414875984192,0.04491019994020462,0.08744929730892181,0.4896414279937744,0.04491019994020462,0.4447312280535698,0.9082794114782795,True,5.599146842956543,0.5135570168495178,5.085589826107025,0.9082794162657928,1.0,0.0,1.0,0.23547470569610596,0.7311147451400757,False,False,True,output/resnet18_localisation_attack_preserve_cls_full_archive_v2/exact_archive/dev_val/digital_2/huawei/chinese-142_03__17a1befbac73__exact.npz,70a8074917405bc5618a10f52fe429e0c2b6ae4223dab54f1c1f45633a357f46,4146814,float32,float32,512,864,resnet_exact_archive_v1
dev_val,digital_2,chinese-142_03,iphone15pro,train/attack/digital_2/iphone15pro/chinese-142_03.jpg,1.0,1.0,0.0,0.9753791689872742,21.102075576782227,3.6792349815368652,True,1.0,0.25,10,0.0039215851575136185,0.0,10,0,0.4860125184059143,0.04519612342119217,0.08674386143684387,0.48601245880126953,0.04519612714648247,0.44081633165478706,0.90700623753976,True,5.602845668792725,0.5210297107696533,5.081815958023071,0.9070062354792788,1.0,0.0,1.0,0.26554661989212036,0.7002395391464233,False,False,True,output/resnet18_localisation_attack_preserve_cls_full_archive_v2/exact_archive/dev_val/digital_2/iphone15pro/chinese-142_03__b76181f67b96__exact.npz,aa1091cac4c63b82ccbcfb49a5566bf9a16eafd06cbde6fb5ffdf5b02b99c8c6,4372552,float32,float32,512,864,resnet_exact_archive_v1
dev_val,digital_2,chinese-142_03,scan,train/attack/digital_2/scan/chinese-142_03.jpg,1.0,1.0,0.0,0.9833643436431885,18.428131103515625,4.079428672790527,True,1.0,0.25,10,0.0039215851575136185,0.0,10,0,0.4815962314605713,0.056124839931726456,0.08413718640804291,0.4815962612628937,0.056124839931726456,0.4254714213311672,0.8834608063929943,True,5.723940849304199,0.6670634150505066,5.056877434253693,0.8834608126442126,1.0,0.0,1.0,0.2592083811759949,0.7431929111480713,False,False,True,output/resnet18_localisation_attack_preserve_cls_full_archive_v2/exact_archive/dev_val/digital_2/scan/chinese-142_03__91ef7aa56902__exact.npz,aed41c47e9d85a89dd0f628f8fbbe08cc9c0bb2784996aabf726d4e6923e14a3,4424102,float32,float32,512,864,resnet_exact_archive_v1
dev_val,digital_2,chinese-NF-1050,huawei,train/attack/digital_2/huawei/chinese-NF-1050.jpg,1.0,0.9999151229858398,8.487701416015625e-05,0.9999992847442627,9.373783111572266,14.217460632324219,True,1.0,0.25,10,0.0019608272705227137,0.0,2,0,0.6270044445991516,0.31675246357917786,0.18487079441547394,0.6270044445991516,0.3167524039745331,0.31025204062461853,0.49481633391445073,True,3.3915820121765137,1.713371753692627,1.6782102584838867,0.49481635781141325,1.0,0.0,1.0,0.6948521137237549,0.538972020149231,False,False,True,output/resnet18_localisation_attack_preserve_cls_full_archive_v2/exact_archive/dev_val/digital_2/huawei/chinese-NF-1050__c34f17520ff5__exact.npz,ca43c5764b6b521b34f5eb7b6e1d3bf48b98552656e095112e5a13de22c3309d,3592815,float32,float32,512,864,resnet_exact_archive_v1
dev_val,digital_2,chinese-NF-1050,iphone15pro,train/attack/digital_2/iphone15pro/chinese-NF-1050.jpg,1.0,0.9999990463256836,9.5367431640625e-07,0.9694218635559082,13.812285423278809,3.456413745880127,True,1.0,0.25,10,0.0039215851575136185,0.0,9,0,0.625856876373291,0.09269649535417557,0.2003243863582611,0.625856876373291,0.09269650280475616,0.5331603735685349,0.8518886564897826,True,3.1242170333862305,0.4627319872379303,2.6614850461483,0.8518886548875924,1.0,0.0,1.0,0.2327638864517212,0.7927900552749634,False,False,True,output/resnet18_localisation_attack_preserve_cls_full_archive_v2/exact_archive/dev_val/digital_2/iphone15pro/chinese-NF-1050__63d8a3b3944f__exact.npz,bda4aa403982de169df098bd3d82976a240301da3027f48fff1c3db648b8a064,4557607,float32,float32,512,864,resnet_exact_archive_v1
dev_val,digital_2,chinese-NF-1050,scan,train/attack/digital_2/scan/chinese-NF-1050.jpg,1.0,0.9999994039535522,5.960464477539062e-07,0.8330361247062683,14.297822952270508,1.607299566268921,True,1.0,0.25,10,0.0039215851575136185,0.0,9,0,0.6722811460494995,0.11220374703407288,0.18507888913154602,0.6722811460494995,0.11220373958349228,0.5600774064660072,0.8330999757425432,True,3.6324031352996826,0.6062481999397278,3.026154935359955,0.8330999678840133,1.0,0.0,1.0,0.2671869993209839,0.770148754119873,False,False,True,output/resnet18_localisation_attack_preserve_cls_full_archive_v2/exact_archive/dev_val/digital_2/scan/chinese-NF-1050__cf7e1120b238__exact.npz,4b0a69472e8c334318d8e4a2b9d8c281f21e0e8cae1f8b086d8cc9e33b83bbd5,4412340,float32,float32,512,864,resnet_exact_archive_v1
dev_val,digital_2,chinese-NF-1085,huawei,train/attack/digital_2/huawei/chinese-NF-1085.jpg,1.0,1.0,0.0,1.0,20.162498474121094,19.14211654663086,True,1.0,0.25,10,0.0029412410221993923,0.0,3,0,0.53733891248703,0.20704343914985657,0.11540594696998596,0.53733891248703,0.20704346895217896,0.3302954435348511,0.6146873711529752,True,4.656076431274414,1.7940449714660645,2.8620314598083496,0.6146873879870961,1.0,0.0,1.0,0.43305617570877075,0.703665018081665,False,False,True,output/resnet18_localisation_attack_preserve_cls_full_archive_v2/exact_archive/dev_val/digital_2/huawei/chinese-NF-1085__ca46c08ac27c__exact.npz,732abc7cc9609a8fe4df58b1984378041a400ce10034da5367ee5f9013e8865d,3761038,float32,float32,512,864,resnet_exact_archive_v1
dev_val,digital_2,chinese-NF-1085,iphone15pro,train/attack/digital_2/iphone15pro/chinese-NF-1085.jpg,1.0,1.0,0.0,1.0,22.986434936523438,21.23089027404785,True,1.0,0.25,10,0.0039215851575136185,0.0,5,0,0.5494242906570435,0.17860034108161926,0.12557458877563477,0.5494242310523987,0.17860034108161926,0.3708238899707794,0.6749318086326154,True,4.375281810760498,1.4222649335861206,2.9530168771743774,0.6749318112291133,1.0,0.0,1.0,0.45550286769866943,0.6544721126556396,False,False,True,output/resnet18_localisation_attack_preserve_cls_full_archive_v2/exact_archive/dev_val/digital_2/iphone15pro/chinese-NF-1085__ddffe2a0abec__exact.npz,542821b701a306d6118b79f857e9d3d549d77ecfefb078340a513bcbb73ae75d,4820230,float32,float32,512,864,resnet_exact_archive_v1
dev_val,digital_2,chinese-NF-1085,scan,train/attack/digital_2/scan/chinese-NF-1085.jpg,1.0,1.0,0.0,0.9998958110809326,21.03282928466797,9.169210433959961,True,1.0,0.25,10,0.0039215851575136185,0.0,10,0,0.5641142129898071,0.14900152385234833,0.11876484006643295,0.5641142129898071,0.14900152385234833,0.4151126891374588,0.7358663894273471,True,4.749841690063477,1.2545928955078125,3.495248794555664,0.7358663767400117,1.0,1.0,0.0,0.4295051693916321,0.5973087549209595,False,False,True,output/resnet18_localisation_attack_preserve_cls_full_archive_v2/exact_archive/dev_val/digital_2/scan/chinese-NF-1085__94c7891c6243__exact.npz,f96faaf7ddd3509dfaefe2d3feb06241451afc1bcb119214753bc8e905b23261,4736292,float32,float32,512,864,resnet_exact_archive_v1
dev_val,digital_2,chinese-NM-1092,huawei,train/attack/digital_2/huawei/chinese-NM-1092.jpg,1.0,0.9999992847442627,7.152557373046875e-07,0.9836392998695374,14.21948528289795,4.096378803253174,True,1.0,0.25,10,0.0039215851575136185,0.0,9,0,0.7238802909851074,0.03626253455877304,0.1235678642988205,0.7238802313804626,0.03626253828406334,0.6876176930963993,0.9499053341808913,True,5.858159065246582,0.2934625446796417,5.56469652056694,0.9499053300855891,1.0,0.0,1.0,0.08943983912467957,0.8824142813682556,False,False,True,output/resnet18_localisation_attack_preserve_cls_full_archive_v2/exact_archive/dev_val/digital_2/huawei/chinese-NM-1092__9de47aa6d7b2__exact.npz,3f42074969abcec270d10349e728c9d4fee1fbaa815b644d669eb7689969db0c,4300394,float32,float32,512,864,resnet_exact_archive_v1
dev_val,digital_2,chinese-NM-1092,iphone15pro,train/attack/digital_2/iphone15pro/chinese-NM-1092.jpg,1.0,0.9999997615814209,2.384185791015625e-07,0.9790615439414978,15.347105026245117,3.8450045585632324,True,1.0,0.25,10,0.0039215851575136185,0.0,10,0,0.723752498626709,0.1258215755224228,0.12636670470237732,0.7237524390220642,0.1258215606212616,0.5979308784008026,0.8261538699734512,True,5.72739839553833,0.9956860542297363,4.731712341308594,0.8261538685687763,1.0,1.0,0.0,0.10574644804000854,0.8682651519775391,False,False,True,output/resnet18_localisation_attack_preserve_cls_full_archive_v2/exact_archive/dev_val/digital_2/iphone15pro/chinese-NM-1092__ffea6d304ce1__exact.npz,4323a630b340c3dae70204301d170c5840211b4573466ca68f37681116328047,4575921,float32,float32,512,864,resnet_exact_archive_v1
dev_val,digital_2,chinese-NM-1092,scan,train/attack/digital_2/scan/chinese-NM-1092.jpg,1.0,0.9999592304229736,4.076957702636719e-05,0.9355929493904114,10.107921600341797,2.6759586334228516,True,1.0,0.25,10,0.0039215851575136185,0.0,10,0,0.7629156112670898,0.11214829236268997,0.12616188824176788,0.7629156112670898,0.11214828491210938,0.6507673263549805,0.8530004062626957,True,6.047115802764893,0.8889235854148865,5.158192217350006,0.8530004030998631,1.0,1.0,0.0,0.17728394269943237,0.8236725926399231,False,False,True,output/resnet18_localisation_attack_preserve_cls_full_archive_v2/exact_archive/dev_val/digital_2/scan/chinese-NM-1092__58a084792efd__exact.npz,6c29e036bf1b92e89699d07a519b558b62117cc0c8ab027ec1de55cf1cf3ac83,4483539,float32,float32,512,864,resnet_exact_archive_v1
dev_val,digital_2,french-019_03,huawei,train/attack/digital_2/huawei/french-019_03.jpg,1.0,0.9999998807907104,1.1920928955078125e-07,0.9841933846473694,16.54863739013672,4.131397724151611,True,1.0,0.25,10,0.0039215851575136185,0.0,10,0,0.5210191011428833,0.011636778712272644,0.07415559142827988,0.5210191011428833,0.01163677778095007,0.5093823233619332,0.9776653528528528,True,7.026025295257568,0.1569238007068634,6.869101494550705,0.9776653521568185,1.0,0.0,1.0,0.056680865585803986,0.9132469296455383,False,False,True,output/resnet18_localisation_attack_preserve_cls_full_archive_v2/exact_archive/dev_val/digital_2/huawei/french-019_03__0e88fbc99fcd__exact.npz,16f07031c475b6a3afc5036998746ecf7b31d10a7d4bbaf18cee51f3afa8274b,4661931,float32,float32,512,864,resnet_exact_archive_v1
dev_val,digital_2,french-019_03,iphone15pro,train/attack/digital_2/iphone15pro/french-019_03.jpg,1.0,1.0,0.0,0.9995452761650085,17.959819793701172,7.6955366134643555,True,1.0,0.25,10,0.0039215851575136185,0.0,5,0,0.4402709901332855,0.0776902586221695,0.06839568167924881,0.4402709901332855,0.0776902586221695,0.36258073151111603,0.8235399098208812,True,6.437117099761963,1.1358942985534668,5.301222801208496,0.8235399044402236,0.0,1.0,-1.0,0.15540140867233276,0.8628998398780823,False,False,True,output/resnet18_localisation_attack_preserve_cls_full_archive_v2/exact_archive/dev_val/digital_2/iphone15pro/french-019_03__dba817be7ec2__exact.npz,f461dbb58f570df1979dcd86782b37a5dfcccf62cbc6a64d158160ad9700bc71,4916681,float32,float32,512,864,resnet_exact_archive_v1
dev_val,digital_2,french-019_03,scan,train/attack/digital_2/scan/french-019_03.jpg,1.0,0.9999986886978149,1.3113021850585938e-06,0.9989898800849915,13.549358367919922,6.896706581115723,True,1.0,0.25,10,0.0039215851575136185,0.0,6,0,0.4441244304180145,0.15559305250644684,0.06933356076478958,0.44412440061569214,0.15559303760528564,0.2885313630104065,0.6496633884794752,True,6.405619144439697,2.2441229820251465,4.161496162414551,0.6496633765725638,0.0,1.0,-1.0,0.1861659586429596,0.8233175277709961,False,False,True,output/resnet18_localisation_attack_preserve_cls_full_archive_v2/exact_archive/dev_val/digital_2/scan/french-019_03__5ebe8067fcfe__exact.npz,990edc49da6d35d6c6ae0b511afc8ba6d517523dc046bc49b0eb951c12516c70,4676316,float32,float32,512,864,resnet_exact_archive_v1
dev_val,digital_2,french-114_03,huawei,train/attack/digital_2/huawei/french-114_03.jpg,1.0,1.0,0.0,0.9913439750671387,22.00347900390625,4.740801811218262,True,1.0,0.25,10,0.0039215851575136185,0.0,10,0,0.5510563850402832,0.11649484932422638,0.08308673650026321,0.5510563850402832,0.11649485677480698,0.4345615282654762,0.7885972108529493,True,6.632302284240723,1.4020872116088867,5.230215072631836,0.7885972093068734,1.0,1.0,0.0,0.14413759112358093,0.8542051315307617,False,False,True,output/resnet18_localisation_attack_preserve_cls_full_archive_v2/exact_archive/dev_val/digital_2/huawei/french-114_03__cdc4093b2a79__exact.npz,e1edcb3deca30c968b2400f577292f63a6f0c1bc74d75eb9dce6d835cda74d72,4760545,float32,float32,512,864,resnet_exact_archive_v1
dev_val,digital_2,french-114_03,iphone15pro,train/attack/digital_2/iphone15pro/french-114_03.jpg,1.0,1.0,0.0,0.9941028952598572,19.333145141601562,5.12738037109375,True,1.0,0.25,10,0.0039215851575136185,0.0,10,0,0.5765646696090698,0.09358125180006027,0.08186162263154984,0.5765647292137146,0.09358124434947968,0.4829834848642349,0.8376916942576416,True,7.043162822723389,1.143163800239563,5.899999022483826,0.8376916977481526,1.0,1.0,0.0,0.04400438815355301,0.9611629247665405,False,False,True,output/resnet18_localisation_attack_preserve_cls_full_archive_v2/exact_archive/dev_val/digital_2/iphone15pro/french-114_03__a7ce04efa6f1__exact.npz,f75d51208eeb97d6bf5dc7a0131dec5839e867eb5b00115f589bca24f6aab5af,4883528,float32,float32,512,864,resnet_exact_archive_v1
dev_val,digital_2,french-114_03,scan,train/attack/digital_2/scan/french-114_03.jpg,1.0,1.0,0.0,0.9316498637199402,19.750104904174805,2.6123127937316895,True,1.0,0.25,10,0.0039215851575136185,0.0,10,0,0.5271586775779724,0.16980594396591187,0.07827799767255783,0.5271586179733276,0.16980594396591187,0.35735267400741577,0.6778845338453645,True,6.734441757202148,2.1692678928375244,4.565173864364624,0.6778845268774355,1.0,1.0,0.0,0.30806413292884827,0.705849826335907,False,False,True,output/resnet18_localisation_attack_preserve_cls_full_archive_v2/exact_archive/dev_val/digital_2/scan/french-114_03__920ee2ce7a9d__exact.npz,0dfb08a03e0c8ef1dc641e13619813a7fbab3c116072c1869d2d213ad758957c,4536437,float32,float32,512,864,resnet_exact_archive_v1
dev_val,digital_2,french-124_03,huawei,train/attack/digital_2/huawei/french-124_03.jpg,1.0,0.9999604225158691,3.9577484130859375e-05,0.9036628007888794,10.138374328613281,2.2386021614074707,True,1.0,0.25,10,0.0039215851575136185,0.0,10,0,0.5102235078811646,0.03699985146522522,0.07644921541213989,0.5102236270904541,0.03699985891580582,0.4732237681746483,0.9274830545837377,True,6.674020767211914,0.48397958278656006,6.190041184425354,0.9274830571153971,1.0,0.0,1.0,0.1634530872106552,0.8210625052452087,False,False,True,output/resnet18_localisation_attack_preserve_cls_full_archive_v2/exact_archive/dev_val/digital_2/huawei/french-124_03__b0226581b161__exact.npz,2f6b32a38e1e3e270e91bcd9e79215c34f68f0e1719676e279613b7010b19f6b,4608863,float32,float32,512,864,resnet_exact_archive_v1
dev_val,digital_2,french-124_03,iphone15pro,train/attack/digital_2/iphone15pro/french-124_03.jpg,1.0,1.0,0.0,0.9998552799224854,21.204193115234375,8.840890884399414,True,1.0,0.25,10,0.0039215851575136185,0.0,10,0,0.4591449797153473,0.1274551898241043,0.07500193268060684,0.4591449797153473,0.1274551898241043,0.331689789891243,0.7224075282209951,True,6.121775150299072,1.6993587017059326,4.42241644859314,0.7224075272312293,0.0,1.0,-1.0,0.22998711466789246,0.7538566589355469,False,False,True,output/resnet18_localisation_attack_preserve_cls_full_archive_v2/exact_archive/dev_val/digital_2/iphone15pro/french-124_03__5db2303bf335__exact.npz,3ee9ad1b781ea34209703b9406b918ec1e6c517606d629f5d29f83b9867bf332,5046107,float32,float32,512,864,resnet_exact_archive_v1
dev_val,digital_2,french-124_03,scan,train/attack/digital_2/scan/french-124_03.jpg,1.0,0.9999980926513672,1.9073486328125e-06,0.9967949986457825,13.1893310546875,5.739839553833008,True,1.0,0.25,10,0.0039215851575136185,0.0,8,0,0.5377770066261292,0.1774762123823166,0.08152267336845398,0.5377770066261292,0.17747622728347778,0.36030077934265137,0.6699817487606681,True,6.59665584564209,2.1770167350769043,4.4196391105651855,0.6699817625751852,0.0,0.0,0.0,0.40608447790145874,0.6591814756393433,False,False,True,output/resnet18_localisation_attack_preserve_cls_full_archive_v2/exact_archive/dev_val/digital_2/scan/french-124_03__ceb6c68f36e6__exact.npz,63104805bff6c97b6bbf7da50b2a69f7745ad756309f2a16e5de99aade637e28,4655873,float32,float32,512,864,resnet_exact_archive_v1
dev_val,digital_2,french-128_03,huawei,train/attack/digital_2/huawei/french-128_03.jpg,1.0,0.999998927116394,1.0728836059570312e-06,0.9967073202133179,13.783903121948242,5.712767601013184,True,1.0,0.25,10,0.0039215851575136185,0.0,10,0,0.43298202753067017,0.01580691523849964,0.06647928804159164,0.43298202753067017,0.01580691710114479,0.4171751104295254,0.9634929024853691,True,6.513036727905273,0.23777206242084503,6.275264665484428,0.9634929031795407,0.0,0.0,0.0,0.09661047160625458,0.8579382300376892,False,False,True,output/resnet18_localisation_attack_preserve_cls_full_archive_v2/exact_archive/dev_val/digital_2/huawei/french-128_03__1730da6fbf20__exact.npz,396822ecc782957c349072129300e31bb7532afc78e6c43b5c91516f49a59f00,4895283,float32,float32,512,864,resnet_exact_archive_v1
dev_val,digital_2,french-128_03,iphone15pro,train/attack/digital_2/iphone15pro/french-128_03.jpg,1.0,0.9998894929885864,0.00011050701141357422,0.8256001472473145,9.1107177734375,1.554760217666626,True,1.0,0.25,10,0.0039215851575136185,0.0,10,0,0.44644254446029663,0.0,0.06855128705501556,0.44644254446029663,0.0,0.44644254446029663,1.0,True,6.512533187866211,0.0,6.512533187866211,1.0,0.0,0.0,0.0,0.18006816506385803,0.895459771156311,False,False,True,output/resnet18_localisation_attack_preserve_cls_full_archive_v2/exact_archive/dev_val/digital_2/iphone15pro/french-128_03__9f7824c7fb99__exact.npz,21dc05c57b88626331aa47c6dc5b66482dbbc3ba5a5c50663e7fb9634197fb5a,4426323,float32,float32,512,864,resnet_exact_archive_v1
dev_val,digital_2,french-128_03,scan,train/attack/digital_2/scan/french-128_03.jpg,1.0,0.9999958276748657,4.172325134277344e-06,0.7877114415168762,12.37542724609375,1.311185598373413,True,1.0,0.25,10,0.0039215851575136185,0.0,10,0,0.44524911046028137,0.02549043484032154,0.07214877009391785,0.44524914026260376,0.02549043297767639,0.41975870728492737,0.9427501803537625,True,6.171264171600342,0.3533037602901459,5.817960411310196,0.9427501804385524,0.0,0.0,0.0,0.11395680904388428,0.8166435956954956,False,False,True,output/resnet18_localisation_attack_preserve_cls_full_archive_v2/exact_archive/dev_val/digital_2/scan/french-128_03__63249a250b78__exact.npz,babf0d61abc94fd9373c6d26e945f8fb016931f48fff438e0b21edd628778123,4791309,float32,float32,512,864,resnet_exact_archive_v1
dev_val,digital_2,french-NF-1047,huawei,train/attack/digital_2/huawei/french-NF-1047.jpg,1.0,1.0,0.0,0.5454263091087341,21.787918090820312,0.1822076439857483,True,1.0,0.25,10,0.0039215851575136185,0.0,10,0,0.6911889314651489,0.08674696832895279,0.10469827055931091,0.6911890506744385,0.08674698323011398,0.6044420674443245,0.8744960106855436,True,6.601723670959473,0.8285426497459412,5.7731810212135315,0.8744960117930044,1.0,0.0,1.0,0.2349901795387268,0.7424620389938354,False,False,True,output/resnet18_localisation_attack_preserve_cls_full_archive_v2/exact_archive/dev_val/digital_2/huawei/french-NF-1047__894738025275__exact.npz,1554a57e906f8ca5d765ea547154d7638dfe39c83edacc2016b4da339816cceb,4283293,float32,float32,512,864,resnet_exact_archive_v1
dev_val,digital_2,french-NF-1047,iphone15pro,train/attack/digital_2/iphone15pro/french-NF-1047.jpg,1.0,1.0,0.0,0.9998664855957031,29.226572036743164,8.92088794708252,True,1.0,0.25,10,0.0039215851575136185,0.0,10,0,0.6364964842796326,0.09869133681058884,0.10888975113630295,0.6364964246749878,0.09869132190942764,0.5378051027655602,0.8449459917079313,True,5.8453288078308105,0.9063416719436646,4.938987135887146,0.8449459899108728,1.0,1.0,0.0,0.1422872543334961,0.8650986552238464,False,False,True,output/resnet18_localisation_attack_preserve_cls_full_archive_v2/exact_archive/dev_val/digital_2/iphone15pro/french-NF-1047__0c0f3720d9e4__exact.npz,34be52ee8b35af902727ab9f8191bcbca611a4db7c9c407c25a68a915fae0be9,5179605,float32,float32,512,864,resnet_exact_archive_v1
dev_val,digital_2,french-NF-1047,scan,train/attack/digital_2/scan/french-NF-1047.jpg,1.0,1.0,0.0,0.9994797110557556,20.557151794433594,7.560530662536621,True,1.0,0.25,10,0.0039215851575136185,0.0,10,0,0.6642429232597351,0.15102893114089966,0.11076600849628448,0.6642428636550903,0.15102894604206085,0.5132139176130295,0.7726299305482897,True,5.996811389923096,1.3634954690933228,4.633315920829773,0.7726299227311852,0.0,1.0,-1.0,0.25582996010780334,0.7625079154968262,False,False,True,output/resnet18_localisation_attack_preserve_cls_full_archive_v2/exact_archive/dev_val/digital_2/scan/french-NF-1047__1e6938f1c4c7__exact.npz,bc4761e3e51b5932c111bb7a24a55bfd9da6334c81855cd9b4c84eaf50152a5a,4947056,float32,float32,512,864,resnet_exact_archive_v1
dev_val,digital_2,french-NF-1082,huawei,train/attack/digital_2/huawei/french-NF-1082.jpg,0.994140625,0.9942969679832458,0.0001563429832458496,0.9712262153625488,5.161035537719727,3.5190963745117188,True,1.0,0.25,10,0.0039215851575136185,0.0,9,0,0.6782762408256531,4.560999059322057e-06,0.09151551127433777,0.6782761812210083,4.560999059322057e-06,0.678271620221949,0.9999932756019073,True,7.411597728729248,4.983853432349861e-05,7.4115478901949245,0.9999932756018138,1.0,0.0,1.0,0.010107309557497501,0.9816440939903259,False,False,True,output/resnet18_localisation_attack_preserve_cls_full_archive_v2/exact_archive/dev_val/digital_2/huawei/french-NF-1082__22d725a4a656__exact.npz,bef32712a0db1889cb3c2c3e76e560fb3ef13f664a2454253dc00e91c301f3ce,4563014,float32,float32,512,864,resnet_exact_archive_v1
dev_val,digital_2,french-NF-1082,iphone15pro,train/attack/digital_2/iphone15pro/french-NF-1082.jpg,1.0,0.9999971389770508,2.86102294921875e-06,0.9844328165054321,12.777682304382324,4.146902084350586,True,1.0,0.25,10,0.0039215851575136185,0.0,10,0,0.657875120639801,0.06173845753073692,0.09497100859880447,0.6578751802444458,0.061738453805446625,0.5961367264389992,0.9061547605694646,True,6.9271159172058105,0.6500768661499023,6.277039051055908,0.9061547584998225,1.0,0.0,1.0,0.12831127643585205,0.8584094643592834,False,False,True,output/resnet18_localisation_attack_preserve_cls_full_archive_v2/exact_archive/dev_val/digital_2/iphone15pro/french-NF-1082__98bb21c36279__exact.npz,7dfaef6b6ccc4ec1490a54044151f7c13338cd59d3a2ec605f2d4172f122465d,4955376,float32,float32,512,864,resnet_exact_archive_v1
dev_val,digital_2,french-NF-1082,scan,train/attack/digital_2/scan/french-NF-1082.jpg,0.99951171875,0.9996801614761353,0.0001684427261352539,0.8544529676437378,8.047372817993164,1.7699620723724365,True,1.0,0.25,10,0.0039215851575136185,0.0,8,0,0.5932475924491882,0.10587550699710846,0.08950314670801163,0.5932475328445435,0.10587549209594727,0.4873720407485962,0.8215323516167218,True,6.628231048583984,1.1829248666763306,5.445306181907654,0.8215323427916649,0.0,1.0,-1.0,0.3136078119277954,0.7298486232757568,False,False,True,output/resnet18_localisation_attack_preserve_cls_full_archive_v2/exact_archive/dev_val/digital_2/scan/french-NF-1082__741d9721edbe__exact.npz,110fb459b24d04084cc72f4fd465060673f4b86eab73417882e2760b26699f71,4512369,float32,float32,512,864,resnet_exact_archive_v1
dev_val,digital_2,indian-014_03,huawei,train/attack/digital_2/huawei/indian-014_03.jpg,1.0,1.0,0.0,0.9442949295043945,19.51421356201172,2.8303675651550293,True,1.0,0.25,10,0.0039215851575136185,0.0,10,0,0.27335378527641296,0.0011981750139966607,0.0677589625120163,0.27335378527641296,0.0011981750139966607,0.2721556102624163,0.9956167608479061,True,4.03420877456665,0.01768290065228939,4.016525873914361,0.9956167611443985,0.0,0.0,0.0,0.09136737883090973,0.8905272483825684,False,False,True,output/resnet18_localisation_attack_preserve_cls_full_archive_v2/exact_archive/dev_val/digital_2/huawei/indian-014_03__988e9f068184__exact.npz,45aa7fae82686b6f8ca85558f35165348a090cd8a9622bb8d9bf348220d1e877,4193533,float32,float32,512,864,resnet_exact_archive_v1
dev_val,digital_2,indian-014_03,iphone15pro,train/attack/digital_2/iphone15pro/indian-014_03.jpg,1.0,1.0,0.0,0.999968409538269,18.559120178222656,10.364143371582031,True,1.0,0.25,10,0.0039215851575136185,0.0,10,0,0.27868035435676575,0.12018046528100967,0.0644434317946434,0.27868035435676575,0.12018047273159027,0.15849988162517548,0.5687515432905773,True,4.324418067932129,1.864898681640625,2.459519386291504,0.5687515285652316,1.0,0.0,1.0,0.5349475145339966,0.5175632238388062,False,False,True,output/resnet18_localisation_attack_preserve_cls_full_archive_v2/exact_archive/dev_val/digital_2/iphone15pro/indian-014_03__7946a12e125d__exact.npz,223c6051b58aee2e980869e9d0ba64636cd6e56c3401253bc5247806cbb064e5,4620454,float32,float32,512,864,resnet_exact_archive_v1
dev_val,digital_2,indian-014_03,scan,train/attack/digital_2/scan/indian-014_03.jpg,1.0,0.9999998807907104,1.1920928955078125e-07,1.0,15.617446899414062,16.92584228515625,True,1.0,0.25,10,0.0039215851575136185,0.0,10,0,0.30804964900016785,0.18245483934879303,0.06871947646141052,0.30804961919784546,0.18245483934879303,0.12559477984905243,0.4077095767107212,True,4.482712268829346,2.6550674438476562,1.8276448249816895,0.4077095997640233,0.0,0.0,0.0,0.5757402181625366,0.5312020778656006,False,False,True,output/resnet18_localisation_attack_preserve_cls_full_archive_v2/exact_archive/dev_val/digital_2/scan/indian-014_03__c28e03a7ace1__exact.npz,437b20ef77fbab826d465485c924fd4424efd1b2682b112610e530d04397e78d,4445904,float32,float32,512,864,resnet_exact_archive_v1
dev_val,digital_2,indian-021_03,huawei,train/attack/digital_2/huawei/indian-021_03.jpg,1.0,0.9999997615814209,2.384185791015625e-07,0.9980390667915344,15.530929565429688,6.232332706451416,True,1.0,0.25,10,0.0039215851575136185,0.0,9,0,0.30324122309684753,0.0033427998423576355,0.06717623025178909,0.30324122309684753,0.0033427998423576355,0.2998984232544899,0.9889764333218969,True,4.514114856719971,0.04976164549589157,4.464353211224079,0.9889764334591944,0.0,0.0,0.0,0.15265816450119019,0.8487399816513062,False,False,True,output/resnet18_localisation_attack_preserve_cls_full_archive_v2/exact_archive/dev_val/digital_2/huawei/indian-021_03__7edc6039756b__exact.npz,b59544f5927bebc4f6bfe4cab123c3f2d0340997ed6b96cbec470fcfe4739d2a,4270045,float32,float32,512,864,resnet_exact_archive_v1
dev_val,digital_2,indian-021_03,iphone15pro,train/attack/digital_2/iphone15pro/indian-021_03.jpg,1.0,0.9999972581863403,2.7418136596679688e-06,0.9535637497901917,12.79483413696289,3.022124767303467,True,1.0,0.25,10,0.0039215851575136185,0.0,10,0,0.3317468464374542,0.04894246533513069,0.048907991498708725,0.33174681663513184,0.04894246533513069,0.28280435130000114,0.8524704296139199,True,6.783079624176025,1.0007048845291138,5.782374739646912,0.8524704205207271,0.0,0.0,0.0,0.3954501152038574,0.6356799602508545,False,False,True,output/resnet18_localisation_attack_preserve_cls_full_archive_v2/exact_archive/dev_val/digital_2/iphone15pro/indian-021_03__2be780df317f__exact.npz,2fa3722edae5642381f00809ed687ee920be05759f395a71d00c0d5df451463f,4142220,float32,float32,512,864,resnet_exact_archive_v1
dev_val,digital_2,indian-021_03,scan,train/attack/digital_2/scan/indian-021_03.jpg,1.0,0.9999908208847046,9.179115295410156e-06,0.9356188774108887,11.594406127929688,2.6763877868652344,True,1.0,0.25,10,0.0039215851575136185,0.0,10,0,0.31036376953125,0.08821818977594376,0.04848387837409973,0.3103637397289276,0.08821818977594376,0.22214554995298386,0.7157587099156825,True,6.4013800621032715,1.819536566734314,4.5818434953689575,0.7157587037354446,0.0,0.0,0.0,0.6670364737510681,0.42559289932250977,False,False,True,output/resnet18_localisation_attack_preserve_cls_full_archive_v2/exact_archive/dev_val/digital_2/scan/indian-021_03__3348e00aaad9__exact.npz,309967617f6448b12edaa68b15fb36c6c66fc20fad5370bdbb6f1723f9c21554,3582718,float32,float32,512,864,resnet_exact_archive_v1
dev_val,digital_2,indian-NF-1061,huawei,train/attack/digital_2/huawei/indian-NF-1061.jpg,1.0,0.9999996423721313,3.5762786865234375e-07,0.9988701939582825,14.73274040222168,6.784602642059326,True,1.0,0.25,10,0.003921577241271734,0.0,10,0,0.5552101135253906,0.004686300177127123,0.11168666929006577,0.5552100539207458,0.004686300177127123,0.5505237537436187,0.9915594104536946,True,4.971139907836914,0.04195935279130936,4.929180555045605,0.991559410201841,1.0,0.0,1.0,0.02139372192323208,0.9539308547973633,False,False,True,output/resnet18_localisation_attack_preserve_cls_full_archive_v2/exact_archive/dev_val/digital_2/huawei/indian-NF-1061__bac7a1736da0__exact.npz,6b20f1f1931f04a50b72ae7c2208f3cbf648177584bf45d029b294182e15fa07,3871654,float32,float32,512,864,resnet_exact_archive_v1
dev_val,digital_2,indian-NF-1061,iphone15pro,train/attack/digital_2/iphone15pro/indian-NF-1061.jpg,1.0,1.0,0.0,0.9983898401260376,28.950763702392578,6.4298295974731445,True,1.0,0.25,10,0.0039215851575136185,0.0,10,0,0.4931009113788605,0.09960508346557617,0.11292325705289841,0.4931009113788605,0.09960508346557617,0.3934958279132843,0.7980026376608188,True,4.366690635681152,0.8820599317550659,3.4846307039260864,0.7980026511272478,0.0,0.0,0.0,0.09993765503168106,0.89637291431427,False,False,True,output/resnet18_localisation_attack_preserve_cls_full_archive_v2/exact_archive/dev_val/digital_2/iphone15pro/indian-NF-1061__f9da0b764c89__exact.npz,dadf5696a6daa747db10703442d5e76bae918311caf1e95481eedcb23bee5254,4989360,float32,float32,512,864,resnet_exact_archive_v1
dev_val,digital_2,indian-NF-1061,scan,train/attack/digital_2/scan/indian-NF-1061.jpg,1.0,0.9999997615814209,2.384185791015625e-07,0.9634807705879211,15.451940536499023,3.2727150917053223,True,1.0,0.25,10,0.0039215851575136185,0.0,10,0,0.55414217710495,0.22849638760089874,0.11605849862098694,0.5541422367095947,0.22849638760089874,0.325645849108696,0.587657513786221,True,4.7746806144714355,1.9688035249710083,2.8058770895004272,0.5876575453018111,1.0,1.0,0.0,0.48852211236953735,0.5969332456588745,False,False,True,output/resnet18_localisation_attack_preserve_cls_full_archive_v2/exact_archive/dev_val/digital_2/scan/indian-NF-1061__beddcb399a63__exact.npz,436cd788e9a5efbb28d81e833beeca687eb832161fb2d2ec182768ef0792694a,4054336,float32,float32,512,864,resnet_exact_archive_v1
dev_val,digital_2,persian-144_03,huawei,train/attack/digital_2/huawei/persian-144_03.jpg,1.0,0.9999997615814209,2.384185791015625e-07,0.9980084300041199,15.026595115661621,6.216835975646973,True,1.0,0.25,10,0.003921577241271734,0.0,6,0,0.48660391569137573,0.10148929804563522,0.06455279886722565,0.4866039752960205,0.10148929804563522,0.3851146772503853,0.7914334793835269,True,7.538077354431152,1.572190523147583,5.965886831283569,0.7914334850618914,0.0,1.0,-1.0,0.17578530311584473,0.8347610235214233,False,False,True,output/resnet18_localisation_attack_preserve_cls_full_archive_v2/exact_archive/dev_val/digital_2/huawei/persian-144_03__b65dc18f6be9__exact.npz,612ecd10104b97c319e0bd858b6e6bbffa9c3fcf2a585606b9cf5c3d1524c566,3838814,float32,float32,512,864,resnet_exact_archive_v1
dev_val,digital_2,persian-144_03,iphone15pro,train/attack/digital_2/iphone15pro/persian-144_03.jpg,1.0,0.9999997615814209,2.384185791015625e-07,0.9889093041419983,15.209352493286133,4.490495681762695,True,1.0,0.25,10,0.0039215851575136185,0.0,10,0,0.5173132419586182,0.11452729254961014,0.06479492038488388,0.5173131823539734,0.11452730745077133,0.40278587490320206,0.7786112719385418,True,7.983853816986084,1.7675352096557617,6.216318607330322,0.7786112759360355,0.0,0.0,0.0,0.31559908390045166,0.7210328578948975,False,False,True,output/resnet18_localisation_attack_preserve_cls_full_archive_v2/exact_archive/dev_val/digital_2/iphone15pro/persian-144_03__edd5a6a6a71d__exact.npz,d30d1b258e8e68500bd8ccae61575db51a0631a02e1ac05ee98d8a9ac266cead,4445861,float32,float32,512,864,resnet_exact_archive_v1
dev_val,digital_2,persian-144_03,scan,train/attack/digital_2/scan/persian-144_03.jpg,1.0,0.9999991655349731,8.344650268554688e-07,0.9718372821807861,14.019418716430664,3.5411911010742188,True,1.0,0.25,10,0.0039215851575136185,0.0,9,0,0.5021227598190308,0.13241466879844666,0.06428380310535431,0.5021228194236755,0.13241466879844666,0.3697081506252289,0.7362902786405345,True,7.811031341552734,2.059844970703125,5.751186370849609,0.7362902694109976,0.0,1.0,-1.0,0.239862322807312,0.7704041600227356,False,False,True,output/resnet18_localisation_attack_preserve_cls_full_archive_v2/exact_archive/dev_val/digital_2/scan/persian-144_03__404dbd1bc3d8__exact.npz,410e527d9d885d53372f450dc7687f2b7e3134715c803619d31650ba50de02b8,3812180,float32,float32,512,864,resnet_exact_archive_v1
dev_val,digital_2,persian-NF-1018,huawei,train/attack/digital_2/huawei/persian-NF-1018.jpg,1.0,0.9999986886978149,1.3113021850585938e-06,0.502936065196991,13.5160551071167,0.011744197458028793,True,1.0,0.25,10,0.0039215851575136185,0.0,10,3,0.6072161197662354,0.07863081991672516,0.09060055762529373,0.6072160601615906,0.07863081991672516,0.5285852402448654,0.8705060273013857,True,6.702122688293457,0.8678845167160034,5.834238171577454,0.87050602367636,0.0,0.0,0.0,0.28087353706359863,0.7002829313278198,False,False,True,output/resnet18_localisation_attack_preserve_cls_full_archive_v2/exact_archive/dev_val/digital_2/huawei/persian-NF-1018__272b39b34fec__exact.npz,4ee8dc9f426f7a25cde486c6190a1e9051264254ba3f886df7d04d4bc118229f,3615198,float32,float32,512,864,resnet_exact_archive_v1
dev_val,digital_2,persian-NF-1018,iphone15pro,train/attack/digital_2/iphone15pro/persian-NF-1018.jpg,1.0,0.9999998807907104,1.1920928955078125e-07,0.5005671977996826,16.042394638061523,0.0022688284516334534,True,1.0,0.25,10,0.0039215851575136185,0.0,10,3,0.6019647121429443,0.08736083656549454,0.09188432991504669,0.6019646525382996,0.08736083656549454,0.514603815972805,0.8548738099535899,True,6.551331043243408,0.9507697224617004,5.600561320781708,0.8548738086678952,0.0,0.0,0.0,0.4260379672050476,0.6358538866043091,False,False,True,output/resnet18_localisation_attack_preserve_cls_full_archive_v2/exact_archive/dev_val/digital_2/iphone15pro/persian-NF-1018__1d204f601ac1__exact.npz,a4e9d7e54e19ded75923cf6b7882f978dd5b4f13fdc58e540afa11dc48bc172d,4014860,float32,float32,512,864,resnet_exact_archive_v1
dev_val,digital_2,persian-NF-1018,scan,train/attack/digital_2/scan/persian-NF-1018.jpg,1.0,0.9999992847442627,7.152557373046875e-07,0.5019636154174805,14.147829055786133,0.007854439318180084,True,1.0,0.25,10,0.0039215851575136185,0.0,10,3,0.6203687787055969,0.12596061825752258,0.09226609766483307,0.6203686594963074,0.12596063315868378,0.4944080263376236,0.7969584194324801,True,6.723690032958984,1.3651885986328125,5.358501434326172,0.7969584273009659,0.0,0.0,0.0,0.5123915672302246,0.5888140201568604,False,False,True,output/resnet18_localisation_attack_preserve_cls_full_archive_v2/exact_archive/dev_val/digital_2/scan/persian-NF-1018__474eca139c7a__exact.npz,65a65ba86bc1acdc716b2b829a6f11f1c33bbb9af43d75d783af07af8a6d183c,3764278,float32,float32,512,864,resnet_exact_archive_v1
dev_val,digital_2,persian-NF-1097,huawei,train/attack/digital_2/huawei/persian-NF-1097.jpg,1.0,0.9999737739562988,2.6226043701171875e-05,0.9300399422645569,10.547689437866211,2.5873026847839355,True,1.0,0.25,10,0.0039215851575136185,0.0,6,0,0.6512964367866516,0.10430151969194412,0.08321204781532288,0.6512963771820068,0.10430152714252472,0.5469948500394821,0.8398555084955166,True,7.826948165893555,1.253442645072937,6.573505520820618,0.8398555070883316,1.0,0.0,1.0,0.01479010097682476,0.9757332801818848,False,False,True,output/resnet18_localisation_attack_preserve_cls_full_archive_v2/exact_archive/dev_val/digital_2/huawei/persian-NF-1097__d8fa9c819ba0__exact.npz,dcdf4fa9c5e61ccbf7d4282eb71cd294e16774ec5608bdb5bf76a5e90d687293,3815461,float32,float32,512,864,resnet_exact_archive_v1
dev_val,digital_2,persian-NF-1097,iphone15pro,train/attack/digital_2/iphone15pro/persian-NF-1097.jpg,0.99951171875,0.999705970287323,0.00019425153732299805,0.5025028586387634,8.131624221801758,0.01001158356666565,True,1.0,0.25,10,0.0039215851575136185,0.0,10,6,0.6434149742126465,0.19603484869003296,0.0897689089179039,0.6434150338172913,0.19603484869003296,0.4473801851272583,0.695321311460527,True,7.167459487915039,2.183772325515747,4.983687162399292,0.6953212879406186,1.0,0.0,1.0,0.5492380857467651,0.5539911389350891,False,False,True,output/resnet18_localisation_attack_preserve_cls_full_archive_v2/exact_archive/dev_val/digital_2/iphone15pro/persian-NF-1097__0141c78ab92e__exact.npz,e4aee2b5a58a5975057b2d75f20478619f99617faa5bffe487cc1316ecaae5c7,3739141,float32,float32,512,864,resnet_exact_archive_v1
dev_val,digital_2,persian-NF-1097,scan,train/attack/digital_2/scan/persian-NF-1097.jpg,1.0,0.9999675750732422,3.24249267578125e-05,0.5010403394699097,10.33723258972168,0.004161357879638672,True,1.0,0.25,10,0.0039215851575136185,0.0,10,3,0.6855291128158569,0.15752749145030975,0.09299349039793015,0.6855289936065674,0.15752747654914856,0.5280015170574188,0.7702103368080806,True,7.371795654296875,1.6939623355865479,5.677833318710327,0.7702103510426024,1.0,0.0,1.0,0.4533799886703491,0.6190688610076904,False,False,True,output/resnet18_localisation_attack_preserve_cls_full_archive_v2/exact_archive/dev_val/digital_2/scan/persian-NF-1097__23f519e0b01f__exact.npz,6eb52a7dc4893ac11af1e38f853fb1b663fd059505561ac3c0ff127d428bdb69,3647023,float32,float32,512,864,resnet_exact_archive_v1
dev_val,digital_2,persian-NM-1035,huawei,train/attack/digital_2/huawei/persian-NM-1035.jpg,0.9951171875,0.9950791597366333,3.802776336669922e-05,0.5007854700088501,5.3093390464782715,0.0031417105346918106,True,1.0,0.25,10,0.0019531836733222008,0.0,10,9,0.8363931775093079,0.34094178676605225,0.1343085616827011,0.8363931179046631,0.34094175696372986,0.4954513609409332,0.5923666160502861,True,6.227399826049805,2.5384960174560547,3.68890380859375,0.592366623572605,1.0,0.0,1.0,0.3904346823692322,0.6676825881004333,False,False,True,output/resnet18_localisation_attack_preserve_cls_full_archive_v2/exact_archive/dev_val/digital_2/huawei/persian-NM-1035__2f2cf8122deb__exact.npz,9c4bed1eeaf0097e95b822ae0036f0734a654aa461f93b955204fd8ce05b3828,3431185,float32,float32,512,864,resnet_exact_archive_v1
dev_val,digital_2,persian-NM-1035,iphone15pro,train/attack/digital_2/iphone15pro/persian-NM-1035.jpg,0.99951171875,0.9997372031211853,0.00022548437118530273,0.5023155808448792,8.243908882141113,0.00926245003938675,True,1.0,0.25,10,0.0039215851575136185,0.0,10,5,0.7862884402275085,0.03981475904583931,0.11372580379247665,0.7862884402275085,0.03981475159525871,0.7464736886322498,0.9493636818776854,True,6.913896560668945,0.3500942587852478,6.5638023018836975,0.9493636828793726,1.0,0.0,1.0,0.07356135547161102,0.9069972038269043,False,False,True,output/resnet18_localisation_attack_preserve_cls_full_archive_v2/exact_archive/dev_val/digital_2/iphone15pro/persian-NM-1035__7e808dc5de23__exact.npz,cbf34ea8fdca6aff87d39decb5487556dfa52015d2b5f06da7bcb26996f64aa3,4212280,float32,float32,512,864,resnet_exact_archive_v1
dev_val,digital_2,persian-NM-1035,scan,train/attack/digital_2/scan/persian-NM-1035.jpg,0.99951171875,0.9997320771217346,0.00022035837173461914,0.5009214282035828,8.224504470825195,0.0036858655512332916,True,1.0,0.25,10,0.0039215851575136185,0.0,10,4,0.8466895222663879,0.11493010818958282,0.12998178601264954,0.8466895222663879,0.11493011564016342,0.7317594066262245,0.8642594332187759,True,6.513909339904785,0.88420170545578,5.629707634449005,0.8642594394062131,1.0,0.0,1.0,0.08142003417015076,0.8856090903282166,False,False,True,output/resnet18_localisation_attack_preserve_cls_full_archive_v2/exact_archive/dev_val/digital_2/scan/persian-NM-1035__ff9a6a72c2a2__exact.npz,85c4173333756f31d7afdfcff08870ad3b92d388f9f7af90ad7eb5408e2b4c1a,3993270,float32,float32,512,864,resnet_exact_archive_v1
dev_val,digital_2,portugal-013_03,huawei,train/attack/digital_2/huawei/portugal-013_03.jpg,1.0,0.9999973773956299,2.6226043701171875e-06,0.9308138489723206,12.829720497131348,2.5992588996887207,True,1.0,0.25,10,0.0039215851575136185,0.0,9,0,0.45882144570350647,0.11657698452472687,0.0722443163394928,0.45882144570350647,0.11657698452472687,0.3422444611787796,0.7459208029258952,True,6.350969314575195,1.6136491298675537,4.737320184707642,0.745920811463488,0.0,0.0,0.0,0.5445306301116943,0.545197069644928,False,False,True,output/resnet18_localisation_attack_preserve_cls_full_archive_v2/exact_archive/dev_val/digital_2/huawei/portugal-013_03__1649c58561d3__exact.npz,bce99dad7cf83457d4dc79a2603223cb95eb9b4ec2a1dfb4a8f9fc6f68936702,3844076,float32,float32,512,864,resnet_exact_archive_v1
dev_val,digital_2,portugal-013_03,iphone15pro,train/attack/digital_2/iphone15pro/portugal-013_03.jpg,1.0,1.0,0.0,0.9279677867889404,18.410781860351562,2.5558836460113525,True,1.0,0.25,10,0.0039215851575136185,0.0,10,0,0.44273632764816284,0.08734633773565292,0.07123079150915146,0.44273632764816284,0.08734633773565292,0.3553899899125099,0.8027125124345658,True,6.215518474578857,1.2262440919876099,4.989274382591248,0.8027125014585857,0.0,0.0,0.0,0.3737960457801819,0.6896572113037109,False,False,True,output/resnet18_localisation_attack_preserve_cls_full_archive_v2/exact_archive/dev_val/digital_2/iphone15pro/portugal-013_03__938ada69d803__exact.npz,ce1781766e499f123ead3c87188340b3af34d9c3dfd5bdb331ac8918b32562a2,4755745,float32,float32,512,864,resnet_exact_archive_v1
dev_val,digital_2,portugal-013_03,scan,train/attack/digital_2/scan/portugal-013_03.jpg,1.0,0.9999589920043945,4.100799560546875e-05,0.5037100315093994,10.102432250976562,0.014840513467788696,True,1.0,0.25,10,0.0039215851575136185,0.0,10,4,0.47013893723487854,0.11516044288873672,0.07308536767959595,0.47013890743255615,0.11516044288873672,0.3549784645438194,0.7550501754521198,True,6.432736396789551,1.575697660446167,4.857038736343384,0.7550501741012478,0.0,0.0,0.0,0.5311170816421509,0.5463962554931641,False,False,True,output/resnet18_localisation_attack_preserve_cls_full_archive_v2/exact_archive/dev_val/digital_2/scan/portugal-013_03__b473e0fcdd4a__exact.npz,81bd89d3265821983c19e55ee38f305535904a44282744143b042d3c1d3e9ac9,4285986,float32,float32,512,864,resnet_exact_archive_v1
dev_val,digital_2,portugal-017_03,huawei,train/attack/digital_2/huawei/portugal-017_03.jpg,1.0,0.9999997615814209,2.384185791015625e-07,0.9087169766426086,15.119428634643555,2.2980685234069824,True,1.0,0.25,10,0.0039215851575136185,0.0,7,0,0.4780513346195221,0.125033900141716,0.06929828971624374,0.4780513644218445,0.1250339150428772,0.3530174493789673,0.738450877147703,True,6.898458480834961,1.8042857646942139,5.094172716140747,0.738450877147871,1.0,0.0,1.0,0.4095023274421692,0.6519137620925903,False,False,True,output/resnet18_localisation_attack_preserve_cls_full_archive_v2/exact_archive/dev_val/digital_2/huawei/portugal-017_03__dce2dffaebe9__exact.npz,ef84b13241e3a4511804340257f4bd34c5a4c4088ba41400902b7197937f0691,3948571,float32,float32,512,864,resnet_exact_archive_v1
dev_val,digital_2,portugal-017_03,iphone15pro,train/attack/digital_2/iphone15pro/portugal-017_03.jpg,1.0,1.0,0.0,0.5856958627700806,18.0738468170166,0.34620028734207153,True,1.0,0.25,10,0.0039215851575136185,0.0,10,0,0.4364742636680603,0.06114694103598595,0.0631486177444458,0.4364743232727051,0.06114692986011505,0.37532739341259,0.8599071546714765,True,6.911858081817627,0.9683018922805786,5.943556189537048,0.8599071507518653,0.0,0.0,0.0,0.30500537157058716,0.7140811681747437,False,False,True,output/resnet18_localisation_attack_preserve_cls_full_archive_v2/exact_archive/dev_val/digital_2/iphone15pro/portugal-017_03__271dc7a0442b__exact.npz,adc1e04db19e75556dadf2031d92eca77b09755306dc5d42e98c9b0146e3018d,4287287,float32,float32,512,864,resnet_exact_archive_v1
dev_val,digital_2,portugal-017_03,scan,train/attack/digital_2/scan/portugal-017_03.jpg,1.0,0.9999977350234985,2.2649765014648438e-06,0.5006179213523865,13.022200584411621,0.0024715662002563477,True,1.0,0.25,10,0.0039215851575136185,0.0,10,3,0.4520610272884369,0.10742561519145966,0.06523580849170685,0.4520609974861145,0.10742561519145966,0.34463538229465485,0.7623647786718001,True,6.929644584655762,1.6467276811599731,5.282916903495789,0.7623647705098319,0.0,0.0,0.0,0.5629583597183228,0.509441077709198,False,False,True,output/resnet18_localisation_attack_preserve_cls_full_archive_v2/exact_archive/dev_val/digital_2/scan/portugal-017_03__f6137f1def06__exact.npz,902ea67764bcfbda58b0bc19e9cac657558432854bc1d3f20c072adaf698f2dd,3945544,float32,float32,512,864,resnet_exact_archive_v1
dev_val,digital_2,portugal-029_03,huawei,train/attack/digital_2/huawei/portugal-029_03.jpg,1.0,0.9999997615814209,2.384185791015625e-07,0.8508583307266235,15.125596046447754,1.7413489818572998,True,1.0,0.25,10,0.0039215851575136185,0.0,10,0,0.4275718629360199,0.03432715684175491,0.06698001176118851,0.4275718331336975,0.03432715684175491,0.3932446762919426,0.9197160472658611,True,6.383573532104492,0.5124985575675964,5.871074974536896,0.9197160407113475,0.0,0.0,0.0,0.2845913767814636,0.7288448214530945,False,False,True,output/resnet18_localisation_attack_preserve_cls_full_archive_v2/exact_archive/dev_val/digital_2/huawei/portugal-029_03__87ac7a25cf1b__exact.npz,dd9b9dedc86a4f8619f4e15ab412b4163a89d0a8725ed7f63e0b59d6c5f3d1a1,4052859,float32,float32,512,864,resnet_exact_archive_v1
dev_val,digital_2,portugal-029_03,iphone15pro,train/attack/digital_2/iphone15pro/portugal-029_03.jpg,1.0,0.9999927282333374,7.271766662597656e-06,0.5020536184310913,11.836925506591797,0.008214488625526428,True,1.0,0.25,10,0.0039215851575136185,0.0,10,3,0.4688359797000885,0.030232936143875122,0.06784755736589432,0.4688360393047333,0.030232932418584824,0.43860310688614845,0.9355149137779187,True,6.910139083862305,0.4456009268760681,6.464538156986237,0.9355149120056485,0.0,0.0,0.0,0.28855156898498535,0.7281181812286377,False,False,True,output/resnet18_localisation_attack_preserve_cls_full_archive_v2/exact_archive/dev_val/digital_2/iphone15pro/portugal-029_03__a1b72c4f4ad0__exact.npz,c76f7c2976a47ff132f2d2a4057571ed1aebe5cde8842553054f0379889e3a81,4215931,float32,float32,512,864,resnet_exact_archive_v1
dev_val,digital_2,portugal-029_03,scan,train/attack/digital_2/scan/portugal-029_03.jpg,1.0,0.9999688863754272,3.1113624572753906e-05,0.5004425048828125,10.378799438476562,0.001769930124282837,True,1.0,0.25,10,0.0039215851575136185,0.0,10,3,0.43410471081733704,0.118949756026268,0.06767172366380692,0.4341047704219818,0.1189497634768486,0.3151550069451332,0.7259883521638781,True,6.414862155914307,1.757746934890747,4.65711522102356,0.7259883545166815,0.0,0.0,0.0,0.3855542838573456,0.6528692245483398,False,False,True,output/resnet18_localisation_attack_preserve_cls_full_archive_v2/exact_archive/dev_val/digital_2/scan/portugal-029_03__d1d75dc8607c__exact.npz,9923fa95439416eaf50f87a9d8c81da3e74e837911eab43b37cc101f97fe3141,4554866,float32,float32,512,864,resnet_exact_archive_v1
dev_val,digital_2,portugal-119_03,huawei,train/attack/digital_2/huawei/portugal-119_03.jpg,1.0,0.999994158744812,5.841255187988281e-06,0.5018647909164429,12.055351257324219,0.007459118962287903,True,1.0,0.25,10,0.0039215851575136185,0.0,10,4,0.4896581172943115,0.12355256080627441,0.07335459440946579,0.4896581768989563,0.12355256080627441,0.3661056160926819,0.7476758958897767,True,6.6752214431762695,1.684319257736206,4.9909021854400635,0.7476758977849345,0.0,0.0,0.0,0.5597032308578491,0.5359010100364685,False,False,True,output/resnet18_localisation_attack_preserve_cls_full_archive_v2/exact_archive/dev_val/digital_2/huawei/portugal-119_03__b97afa669aeb__exact.npz,4f7949e385ca2c48d193b626e31bb9fafab2885b5e4836d0d7e811c3e144629f,3451295,float32,float32,512,864,resnet_exact_archive_v1
dev_val,digital_2,portugal-119_03,iphone15pro,train/attack/digital_2/iphone15pro/portugal-119_03.jpg,1.0,0.999982476234436,1.7523765563964844e-05,0.9624669551849365,10.952499389648438,3.2442779541015625,True,1.0,0.25,10,0.0039215851575136185,0.0,6,0,0.5002079010009766,0.09160877019166946,0.07371069490909576,0.5002078413963318,0.09160877019166946,0.4085990712046623,0.816858588350108,True,6.78609561920166,1.2428151369094849,5.543280482292175,0.8168585875222764,0.0,1.0,-1.0,0.20273494720458984,0.8088845014572144,False,False,True,output/resnet18_localisation_attack_preserve_cls_full_archive_v2/exact_archive/dev_val/digital_2/iphone15pro/portugal-119_03__92dbbe0367eb__exact.npz,edd203829e6c00a45d59be626957d0eea61333b5f55b52b3ba4c9de1debfbd19,4152338,float32,float32,512,864,resnet_exact_archive_v1
dev_val,digital_2,portugal-119_03,scan,train/attack/digital_2/scan/portugal-119_03.jpg,1.0,0.9999998807907104,1.1920928955078125e-07,0.9988943934440613,16.075353622436523,6.806217193603516,True,1.0,0.25,10,0.0039215851575136185,0.0,9,0,0.5056312084197998,0.1422349214553833,0.078089140355587,0.5056312680244446,0.1422349512577057,0.3633963167667389,0.7186982683776009,True,6.475052356719971,1.8214434385299683,4.653608918190002,0.7186982686495764,0.0,1.0,-1.0,0.3315806984901428,0.6883763074874878,False,False,True,output/resnet18_localisation_attack_preserve_cls_full_archive_v2/exact_archive/dev_val/digital_2/scan/portugal-119_03__9cd4c9c96304__exact.npz,73382e6a22d4214b86d2e81bc6d72c0369d2f6c10f8b522d6c14fcb8fa8502bf,4520389,float32,float32,512,864,resnet_exact_archive_v1
dev_val,digital_2,portugal-NF-1060,huawei,train/attack/digital_2/huawei/portugal-NF-1060.jpg,1.0,0.9998964071273804,0.0001035928726196289,0.5034624338150024,9.175004959106445,0.013849973678588867,True,1.0,0.25,10,0.0039215851575136185,0.0,10,3,0.6550692319869995,0.12144218385219574,0.09254644066095352,0.6550692319869995,0.12144217640161514,0.5336270555853844,0.8146116922126709,True,7.078275680541992,1.3122296333312988,5.766046047210693,0.8146116805059478,1.0,0.0,1.0,0.41133973002433777,0.6209183931350708,False,False,True,output/resnet18_localisation_attack_preserve_cls_full_archive_v2/exact_archive/dev_val/digital_2/huawei/portugal-NF-1060__3d90026e78b2__exact.npz,0925597dffbd9555d9912c7d16dcd2b3baa89eb2f8c299beeaf7f34c82647f7e,3707614,float32,float32,512,864,resnet_exact_archive_v1
dev_val,digital_2,portugal-NF-1060,iphone15pro,train/attack/digital_2/iphone15pro/portugal-NF-1060.jpg,1.0,0.9999997615814209,2.384185791015625e-07,0.5012675523757935,15.457160949707031,0.005070216953754425,True,1.0,0.25,10,0.0039215851575136185,0.0,9,1,0.7052984833717346,0.15182936191558838,0.10073874890804291,0.7052984833717346,0.15182934701442719,0.5534691363573074,0.7847303650950799,True,7.00126314163208,1.5071593523025513,5.494103789329529,0.7847303662477091,1.0,1.0,0.0,0.10686144977807999,0.8829659819602966,False,False,True,output/resnet18_localisation_attack_preserve_cls_full_archive_v2/exact_archive/dev_val/digital_2/iphone15pro/portugal-NF-1060__487cec904848__exact.npz,f1500b2de0567b38ba5a165602992168e00d22267f87989ab002001c82d8b6fe,4354620,float32,float32,512,864,resnet_exact_archive_v1
dev_val,digital_2,portugal-NF-1060,scan,train/attack/digital_2/scan/portugal-NF-1060.jpg,1.0,0.9999998807907104,1.1920928955078125e-07,0.8805292248725891,16.491186141967773,1.9974507093429565,True,1.0,0.25,10,0.0039215851575136185,0.0,7,0,0.6780397295951843,0.21977169811725616,0.10379976034164429,0.6780397891998291,0.21977168321609497,0.45826810598373413,0.6758719964274474,True,6.532190322875977,2.1172659397125244,4.414924383163452,0.6758719763112567,1.0,1.0,0.0,0.1867416948080063,0.8210341930389404,False,False,True,output/resnet18_localisation_attack_preserve_cls_full_archive_v2/exact_archive/dev_val/digital_2/scan/portugal-NF-1060__7db10377b55f__exact.npz,daac51f4b4fa94ba5b682834216d874e446f9ca98ea7a705f7111b7bc62c61a2,4233697,float32,float32,512,864,resnet_exact_archive_v1
dev_val,digital_2,portugal-NF-1066,huawei,train/attack/digital_2/huawei/portugal-NF-1066.jpg,1.0,0.9999960660934448,3.933906555175781e-06,0.9921446442604065,12.43951416015625,4.8386712074279785,True,1.0,0.25,10,0.0039215851575136185,0.0,5,0,0.6116706728935242,0.19912540912628174,0.09101704508066177,0.6116706728935242,0.19912545382976532,0.41254521906375885,0.6744564311252702,True,6.720396995544434,2.187782049179077,4.5326149463653564,0.6744564271084642,1.0,1.0,0.0,0.3089887797832489,0.7084718346595764,False,False,True,output/resnet18_localisation_attack_preserve_cls_full_archive_v2/exact_archive/dev_val/digital_2/huawei/portugal-NF-1066__d1024382668e__exact.npz,65ac2efce3612cdb58b6855f29a399f1506c439ff39736a4673b6ccba206e090,3981533,float32,float32,512,864,resnet_exact_archive_v1
dev_val,digital_2,portugal-NF-1066,iphone15pro,train/attack/digital_2/iphone15pro/portugal-NF-1066.jpg,1.0,0.9999996423721313,3.5762786865234375e-07,0.9972777962684631,14.754671096801758,5.903559684753418,True,1.0,0.25,10,0.0039215851575136185,0.0,6,0,0.6214585900306702,0.22378067672252655,0.09224437177181244,0.6214585304260254,0.22378070652484894,0.39767782390117645,0.639910475810121,True,6.737089157104492,2.425955295562744,4.311133861541748,0.6399104659310482,0.0,0.0,0.0,0.4043385982513428,0.6556434631347656,False,False,True,output/resnet18_localisation_attack_preserve_cls_full_archive_v2/exact_archive/dev_val/digital_2/iphone15pro/portugal-NF-1066__3ecae9b10bcd__exact.npz,d4cfcb46da49822aea88bb7421682c9d0108be26d0be9a2cacc28baa6b20701e,4305161,float32,float32,512,864,resnet_exact_archive_v1
dev_val,digital_2,portugal-NF-1066,scan,train/attack/digital_2/scan/portugal-NF-1066.jpg,1.0,0.9999998807907104,1.1920928955078125e-07,0.9369279146194458,16.15207290649414,2.6983284950256348,True,1.0,0.25,10,0.0039215851575136185,0.0,7,0,0.6125621795654297,0.202060267329216,0.09431688487529755,0.6125621199607849,0.202060267329216,0.4105018526315689,0.6701391405949955,True,6.494723796844482,2.14235520362854,4.352368593215942,0.6701391359137672,0.0,1.0,-1.0,0.24271684885025024,0.761197030544281,False,False,True,output/resnet18_localisation_attack_preserve_cls_full_archive_v2/exact_archive/dev_val/digital_2/scan/portugal-NF-1066__1637321b7d45__exact.npz,1ad2556e21f1be815c5501127c0d24f9f16d3ee2ff83b22d8a450fc7e7be6f03,4297942,float32,float32,512,864,resnet_exact_archive_v1
dev_val,digital_2,portugal-NF-1109,huawei,train/attack/digital_2/huawei/portugal-NF-1109.jpg,1.0,0.9999997615814209,2.384185791015625e-07,0.9488523602485657,15.29196548461914,2.920536518096924,True,1.0,0.25,10,0.0039215851575136185,0.0,8,0,0.7237578630447388,0.17537981271743774,0.10682018846273422,0.7237578630447388,0.17537979781627655,0.5483780652284622,0.7576816684540316,True,6.775478363037109,1.6418225765228271,5.133655786514282,0.7576816737428292,1.0,1.0,0.0,0.25438812375068665,0.7558155059814453,False,False,True,output/resnet18_localisation_attack_preserve_cls_full_archive_v2/exact_archive/dev_val/digital_2/huawei/portugal-NF-1109__27083cedb9d1__exact.npz,ed0beaba2d1da9c81a04f9ed83b03c2881e84afffe83595ad6fc4355bb3bbc41,3796004,float32,float32,512,864,resnet_exact_archive_v1
dev_val,digital_2,portugal-NF-1109,iphone15pro,train/attack/digital_2/iphone15pro/portugal-NF-1109.jpg,1.0,1.0,0.0,0.9842460751533508,20.571914672851562,4.134787082672119,True,1.0,0.25,10,0.0039215851575136185,0.0,7,0,0.6601744890213013,0.20413459837436676,0.09776556491851807,0.6601744294166565,0.20413459837436676,0.45603983104228973,0.6907868749858364,True,6.752627372741699,2.088001012802124,4.664626359939575,0.6907868748643308,1.0,1.0,0.0,0.32980725169181824,0.6914591789245605,False,False,True,output/resnet18_localisation_attack_preserve_cls_full_archive_v2/exact_archive/dev_val/digital_2/iphone15pro/portugal-NF-1109__a7f830d3eb95__exact.npz,b25dd3048c2b0fb62c18a2157fe5896979e8be9d4ffae39ba60419f184ae50cb,4258680,float32,float32,512,864,resnet_exact_archive_v1
dev_val,digital_2,portugal-NF-1109,scan,train/attack/digital_2/scan/portugal-NF-1109.jpg,1.0,1.0,0.0,0.7975739240646362,18.133285522460938,1.3711998462677002,True,1.0,0.25,10,0.0039215851575136185,0.0,10,0,0.7366459369659424,0.21929430961608887,0.11335775256156921,0.7366459965705872,0.21929429471492767,0.5173517018556595,0.7023070840867397,True,6.498417854309082,1.934532880783081,4.563884973526001,0.7023070962572378,1.0,0.0,1.0,0.4292413592338562,0.6301922798156738,False,False,True,output/resnet18_localisation_attack_preserve_cls_full_archive_v2/exact_archive/dev_val/digital_2/scan/portugal-NF-1109__cde9c43c1604__exact.npz,cfc135e70e0019e5c0b48694f6ab42957c759472d491e94a9dd24b38b93ba4d0,4010881,float32,float32,512,864,resnet_exact_archive_v1
dev_val,digital_2,russian-062_03,huawei,train/attack/digital_2/huawei/russian-062_03.jpg,1.0,0.9999319314956665,6.80685043334961e-05,0.5011788010597229,9.594808578491211,0.004715144634246826,True,1.0,0.25,10,0.0039215851575136185,0.0,10,1,0.5496008992195129,0.05898924544453621,0.07702871412038803,0.5496008396148682,0.05898924171924591,0.49061159789562225,0.8926689381322952,True,7.135012626647949,0.7658084630966187,6.369204163551331,0.8926689407336904,0.0,0.0,0.0,0.24192525446414948,0.7568302154541016,False,False,True,output/resnet18_localisation_attack_preserve_cls_full_archive_v2/exact_archive/dev_val/digital_2/huawei/russian-062_03__f6dc4127e57d__exact.npz,24e13148e3be219ca6d6d8ff25b49992d8ee1aefc8f635f2418be0be1669282c,4114842,float32,float32,512,864,resnet_exact_archive_v1
dev_val,digital_2,russian-062_03,iphone15pro,train/attack/digital_2/iphone15pro/russian-062_03.jpg,1.0,0.9999948740005493,5.125999450683594e-06,0.9525995850563049,12.190163612365723,3.0005643367767334,True,1.0,0.25,10,0.0039215851575136185,0.0,10,0,0.5008012056350708,0.1864568144083023,0.07289636880159378,0.5008012056350708,0.1864568144083023,0.3143443912267685,0.6276829761784326,True,6.87004280090332,2.5578339099884033,4.312208890914917,0.627682973146531,0.0,0.0,0.0,0.6108663082122803,0.5146971344947815,False,False,True,output/resnet18_localisation_attack_preserve_cls_full_archive_v2/exact_archive/dev_val/digital_2/iphone15pro/russian-062_03__3749ed2cfd94__exact.npz,70b1e86f58c96fbb012b3369316ca8f59919cbdeb6f4cdea16689050531e5dbd,4093798,float32,float32,512,864,resnet_exact_archive_v1
dev_val,digital_2,russian-062_03,scan,train/attack/digital_2/scan/russian-062_03.jpg,1.0,0.999966025352478,3.3974647521972656e-05,0.5013366937637329,10.290590286254883,0.005346745252609253,True,1.0,0.25,10,0.0039215851575136185,0.0,10,2,0.495256632566452,0.18482044339179993,0.07243017107248306,0.49525654315948486,0.18482044339179993,0.31043609976768494,0.6268187751488562,True,6.837710380554199,2.5517051219940186,4.286005258560181,0.6268187770498694,0.0,0.0,0.0,0.5985889434814453,0.5328965187072754,False,False,True,output/resnet18_localisation_attack_preserve_cls_full_archive_v2/exact_archive/dev_val/digital_2/scan/russian-062_03__d8483ea57a98__exact.npz,70258ab72f31ddf9376abfe265de725fc7861b883c1b7e9cd685af5f6197c276,4109872,float32,float32,512,864,resnet_exact_archive_v1
dev_val,digital_2,russian-132_03,huawei,train/attack/digital_2/huawei/russian-132_03.jpg,1.0,0.9999916553497314,8.344650268554688e-06,0.866651713848114,11.693397521972656,1.8716726303100586,True,1.0,0.25,10,0.0039215851575136185,0.0,10,0,0.44015756249427795,0.11893031001091003,0.05919434875249863,0.44015753269195557,0.11893031001091003,0.32122722268104553,0.7298005800706279,True,7.435803413391113,2.0091497898101807,5.426653623580933,0.72980057727294,1.0,0.0,1.0,0.579115629196167,0.49742963910102844,False,False,True,output/resnet18_localisation_attack_preserve_cls_full_archive_v2/exact_archive/dev_val/digital_2/huawei/russian-132_03__4003eac474a7__exact.npz,1e49d18e5510f9fd4264ca7a13f224018f12801c53946194dfcb70dd7a6da642,3544435,float32,float32,512,864,resnet_exact_archive_v1
dev_val,digital_2,russian-132_03,iphone15pro,train/attack/digital_2/iphone15pro/russian-132_03.jpg,1.0,0.9999939203262329,6.079673767089844e-06,0.5012653470039368,12.007391929626465,0.00506138801574707,True,1.0,0.25,10,0.0039215851575136185,0.0,10,2,0.3995991349220276,0.08892238140106201,0.05550717934966087,0.3995991349220276,0.08892238885164261,0.310676746070385,0.7774710176262175,True,7.1990532875061035,1.601997971534729,5.5970553159713745,0.7774710218751981,0.0,0.0,0.0,0.5556913614273071,0.5318728685379028,False,False,True,output/resnet18_localisation_attack_preserve_cls_full_archive_v2/exact_archive/dev_val/digital_2/iphone15pro/russian-132_03__d5630e16fe0a__exact.npz,0030de49d1c72715e2023a6a000afe079002650c2c8101583502eb79540aab03,4013642,float32,float32,512,864,resnet_exact_archive_v1
dev_val,digital_2,russian-132_03,scan,train/attack/digital_2/scan/russian-132_03.jpg,0.99169921875,0.9915761351585388,0.00012308359146118164,0.5013472437858582,4.768223762512207,0.0053889453411102295,True,1.0,0.25,10,0.0039215851575136185,0.0,10,4,0.41142991185188293,0.1940397024154663,0.055097680538892746,0.4114300310611725,0.1940397024154663,0.21739032864570618,0.5283773964798015,True,7.467284202575684,3.521739959716797,3.9455442428588867,0.5283774041301326,0.0,0.0,0.0,0.7960301637649536,0.33863282203674316,False,False,True,output/resnet18_localisation_attack_preserve_cls_full_archive_v2/exact_archive/dev_val/digital_2/scan/russian-132_03__055de2838397__exact.npz,f59cf011f4b5f564dc50fab44175d6b3a2cfd332a77841e925f7eec90f15f615,3835330,float32,float32,512,864,resnet_exact_archive_v1
dev_val,digital_2,russian-NF-1089,huawei,train/attack/digital_2/huawei/russian-NF-1089.jpg,1.0,0.9999996423721313,3.5762786865234375e-07,0.9999997615814209,14.86550521850586,15.195194244384766,True,1.0,0.25,10,0.003921577241271734,0.0,10,0,0.6817880868911743,0.0006998555618338287,0.11326704174280167,0.6817880272865295,0.0006998555618338287,0.6810881717246957,0.9989734997773146,True,6.019297122955322,0.006178810261189938,6.013118312694132,0.9989734997068634,1.0,0.0,1.0,0.004001183435320854,0.9854221940040588,False,False,True,output/resnet18_localisation_attack_preserve_cls_full_archive_v2/exact_archive/dev_val/digital_2/huawei/russian-NF-1089__ce0f2be1da74__exact.npz,368bd604804d2a578ac132e51617cc68ee242e037630a2252d0ac1f796b8eb02,4436891,float32,float32,512,864,resnet_exact_archive_v1
dev_val,digital_2,russian-NF-1089,iphone15pro,train/attack/digital_2/iphone15pro/russian-NF-1089.jpg,1.0,1.0,0.0,0.9999990463256836,20.86931037902832,13.913070678710938,True,1.0,0.25,10,0.0039215851575136185,0.0,5,0,0.6288117170333862,0.14180362224578857,0.11200747638940811,0.6288117170333862,0.14180362224578857,0.48700809478759766,0.774489535731314,True,5.614015579223633,1.266019344329834,4.347996234893799,0.7744895206534299,1.0,0.0,1.0,0.2515791356563568,0.8037566542625427,False,False,True,output/resnet18_localisation_attack_preserve_cls_full_archive_v2/exact_archive/dev_val/digital_2/iphone15pro/russian-NF-1089__d1b4783eff5c__exact.npz,859b27edf27540237d83998103d5b57e570521c926dc6919722007c2e1de99ce,4588539,float32,float32,512,864,resnet_exact_archive_v1
dev_val,digital_2,russian-NF-1089,scan,train/attack/digital_2/scan/russian-NF-1089.jpg,1.0,0.9999958276748657,4.172325134277344e-06,0.9998863935470581,12.40062141418457,9.082576751708984,True,1.0,0.25,10,0.0039215851575136185,0.0,9,0,0.6452723741531372,0.12941168248653412,0.12447535246610641,0.6452723741531372,0.12941168248653412,0.5158606916666031,0.7994464234481207,True,5.183937072753906,1.0396571159362793,4.144279956817627,0.7994464243401833,1.0,0.0,1.0,0.36392903327941895,0.7178517580032349,False,False,True,output/resnet18_localisation_attack_preserve_cls_full_archive_v2/exact_archive/dev_val/digital_2/scan/russian-NF-1089__cfac1bd9d8ef__exact.npz,16955d423be419ee5b0127f48afaaeac5f7d499b0114e7ed4ea230026a84a408,4387917,float32,float32,512,864,resnet_exact_archive_v1
dev_val,digital_2,russian-NF-1099,huawei,train/attack/digital_2/huawei/russian-NF-1099.jpg,1.0,1.0,0.0,0.9978877902030945,21.827526092529297,6.157885551452637,True,1.0,0.25,10,0.0039215851575136185,0.0,10,0,0.7955459356307983,0.16321159899234772,0.15599843859672546,0.7955459952354431,0.1632116138935089,0.6323343813419342,0.7948432713243612,True,5.099704742431641,1.0462387800216675,4.053465962409973,0.7948432639018235,1.0,0.0,1.0,0.1104731559753418,0.9244237542152405,False,False,True,output/resnet18_localisation_attack_preserve_cls_full_archive_v2/exact_archive/dev_val/digital_2/huawei/russian-NF-1099__457408b26994__exact.npz,5fe496f518b5c60737fc8fb530fdc24fa7ea6bd03cde7046b7a2e436c6c5bece,3884393,float32,float32,512,864,resnet_exact_archive_v1
dev_val,digital_2,russian-NF-1099,iphone15pro,train/attack/digital_2/iphone15pro/russian-NF-1099.jpg,1.0,1.0,0.0,0.999997615814209,22.7614803314209,12.967390060424805,True,1.0,0.25,10,0.0039215851575136185,0.0,6,0,0.7310085892677307,0.16921375691890717,0.15136601030826569,0.7310086488723755,0.16921377182006836,0.5617948770523071,0.7685201507792134,True,4.829410552978516,1.1179112195968628,3.711499333381653,0.7685201522352668,1.0,0.0,1.0,0.1916169375181198,0.8536728024482727,False,False,True,output/resnet18_localisation_attack_preserve_cls_full_archive_v2/exact_archive/dev_val/digital_2/iphone15pro/russian-NF-1099__e307f3f8637d__exact.npz,d3cd02e3538965775c03d6e5f6be8b97e97eae4affc33fa259e70d09c30d1262,4409826,float32,float32,512,864,resnet_exact_archive_v1
dev_val,digital_2,russian-NF-1099,scan,train/attack/digital_2/scan/russian-NF-1099.jpg,1.0,1.0,0.0,0.9986615180969238,17.7723331451416,6.614865303039551,True,1.0,0.25,10,0.0039215851575136185,0.0,10,0,0.7499361634254456,0.13208362460136414,0.15349602699279785,0.7499361634254456,0.13208362460136414,0.6178525388240814,0.8238735094490544,True,4.885704040527344,0.8605019450187683,4.025202095508575,0.8238735015709447,1.0,0.0,1.0,0.27412647008895874,0.7605259418487549,False,False,True,output/resnet18_localisation_attack_preserve_cls_full_archive_v2/exact_archive/dev_val/digital_2/scan/russian-NF-1099__32ff5cb46dc8__exact.npz,3f7ea55b63a8ed956228bd6a11a1cf0d57d093bf6ecfaac88009b48b29ecc7c7,4410012,float32,float32,512,864,resnet_exact_archive_v1
dev_val,digital_2,turkiye-032_03,huawei,train/attack/digital_2/huawei/turkiye-032_03.jpg,1.0,0.9999758005142212,2.4199485778808594e-05,0.6749678254127502,10.629754066467285,0.7307407855987549,True,1.0,0.25,10,0.0039215851575136185,0.0,10,0,0.49570101499557495,0.20563429594039917,0.06818203628063202,0.4957011044025421,0.20563431084156036,0.29006679356098175,0.5851647111228309,True,7.270259857177734,3.015960454940796,4.2542994022369385,0.5851646964223406,1.0,0.0,1.0,0.7068785429000854,0.39238932728767395,False,False,True,output/resnet18_localisation_attack_preserve_cls_full_archive_v2/exact_archive/dev_val/digital_2/huawei/turkiye-032_03__98cae95966c3__exact.npz,48f6dd449221a815d4cbcd7a284c9286f570d8b21d886ba36aa9fc173e12ba0c,3513702,float32,float32,512,864,resnet_exact_archive_v1
dev_val,digital_2,turkiye-032_03,iphone15pro,train/attack/digital_2/iphone15pro/turkiye-032_03.jpg,1.0,0.9998929500579834,0.00010704994201660156,0.7519282698631287,9.142570495605469,1.1089229583740234,True,1.0,0.25,10,0.0039215851575136185,0.0,8,0,0.542759895324707,0.14998659491539001,0.07169374078512192,0.5427598357200623,0.14998658001422882,0.39277325570583344,0.7236593975026793,True,7.57053279876709,2.092045545578003,5.478487253189087,0.7236594040093577,1.0,1.0,0.0,0.050333548337221146,0.9380776882171631,False,False,True,output/resnet18_localisation_attack_preserve_cls_full_archive_v2/exact_archive/dev_val/digital_2/iphone15pro/turkiye-032_03__0483560f50cb__exact.npz,7f023da5353e69505a967d523bebe17884a7c024f37b8b26615028f354f8c51d,4073061,float32,float32,512,864,resnet_exact_archive_v1
dev_val,digital_2,turkiye-032_03,scan,train/attack/digital_2/scan/turkiye-032_03.jpg,1.0,0.9997878670692444,0.00021213293075561523,0.5530982613563538,8.458109855651855,0.21319687366485596,True,1.0,0.25,10,0.0039215851575136185,0.0,8,0,0.49126675724983215,0.16098003089427948,0.06822789460420609,0.49126672744750977,0.16098003089427948,0.3302866965532303,0.6723164385044178,True,7.200379848480225,2.3594460487365723,4.840933799743652,0.6723164474115102,0.0,1.0,-1.0,0.12374481558799744,0.8721100091934204,False,False,True,output/resnet18_localisation_attack_preserve_cls_full_archive_v2/exact_archive/dev_val/digital_2/scan/turkiye-032_03__613ba54c42f1__exact.npz,e46849a18e301fbb354e8af583ce5373dce67508638ca1cae4bf2c39b7443dff,3991532,float32,float32,512,864,resnet_exact_archive_v1
dev_val,digital_2,turkiye-101_03,huawei,train/attack/digital_2/huawei/turkiye-101_03.jpg,1.0,0.9999985694885254,1.430511474609375e-06,0.6352501511573792,13.450332641601562,0.5548070669174194,True,1.0,0.25,10,0.0039215851575136185,0.0,10,0,0.44845178723335266,0.1325322687625885,0.06490783393383026,0.44845184683799744,0.1325322687625885,0.31591957807540894,0.7044671134770338,True,6.909055709838867,2.041853189468384,4.867202520370483,0.704467111683486,0.0,1.0,-1.0,0.3519752025604248,0.6718924045562744,False,False,True,output/resnet18_localisation_attack_preserve_cls_full_archive_v2/exact_archive/dev_val/digital_2/huawei/turkiye-101_03__d99491cfcc04__exact.npz,52ab53944fade30fac57fb5359b672785ec634acbf96e96a08c42d120f60a777,3913916,float32,float32,512,864,resnet_exact_archive_v1
dev_val,digital_2,turkiye-101_03,iphone15pro,train/attack/digital_2/iphone15pro/turkiye-101_03.jpg,1.0,0.9999994039535522,5.960464477539062e-07,0.9749211668968201,14.377580642700195,3.660332202911377,True,1.0,0.25,10,0.0039215851575136185,0.0,7,0,0.43544578552246094,0.11013586074113846,0.06508558988571167,0.43544575572013855,0.11013586819171906,0.3253098875284195,0.747073276648255,True,6.6903557777404785,1.6921697854995728,4.998185992240906,0.7470732735724458,1.0,1.0,0.0,0.1928529143333435,0.8045929670333862,False,False,True,output/resnet18_localisation_attack_preserve_cls_full_archive_v2/exact_archive/dev_val/digital_2/iphone15pro/turkiye-101_03__d99698d7f4a8__exact.npz,44fd1c953a331ba78c43ed7b07225f778902728be53b1941f07deb6d0a7d03bc,4392797,float32,float32,512,864,resnet_exact_archive_v1
dev_val,digital_2,turkiye-101_03,scan,train/attack/digital_2/scan/turkiye-101_03.jpg,1.0,0.9999213218688965,7.867813110351562e-05,0.5001705884933472,9.450149536132812,0.0006825029850006104,True,1.0,0.25,10,0.0039215851575136185,0.0,10,3,0.45766863226890564,0.22969181835651398,0.0659281313419342,0.45766863226890564,0.22969180345535278,0.22797682881355286,0.49812640137330594,True,6.941932678222656,3.4839727878570557,3.4579598903656006,0.49812639370783157,0.0,0.0,0.0,0.7601872086524963,0.3672454059123993,False,False,True,output/resnet18_localisation_attack_preserve_cls_full_archive_v2/exact_archive/dev_val/digital_2/scan/turkiye-101_03__6bc660db2dac__exact.npz,4e2856342d1da7667aa3ce75a9d0322cd947201caa42898b995115bfb256236e,3848339,float32,float32,512,864,resnet_exact_archive_v1
dev_val,digital_2,turkiye-104_03,huawei,train/attack/digital_2/huawei/turkiye-104_03.jpg,1.0,0.999998927116394,1.0728836059570312e-06,0.9960752129554749,13.710382461547852,5.536530494689941,True,1.0,0.25,10,0.0039215851575136185,0.0,10,0,0.3485356569290161,0.15278202295303345,0.05212343484163284,0.3485356569290161,0.15278202295303345,0.19575363397598267,0.5616459323008391,True,6.686736106872559,2.9311580657958984,3.75557804107666,0.5616459182854122,0.0,0.0,0.0,0.6415818333625793,0.4810061454772949,False,False,True,output/resnet18_localisation_attack_preserve_cls_full_archive_v2/exact_archive/dev_val/digital_2/huawei/turkiye-104_03__fbeb8158ec3a__exact.npz,5f42acf943b8018e1e4359fad0cf6afadcf1a2adf2aa7ccc443190ccc40ea238,3876371,float32,float32,512,864,resnet_exact_archive_v1
dev_val,digital_2,turkiye-104_03,iphone15pro,train/attack/digital_2/iphone15pro/turkiye-104_03.jpg,1.0,0.9998652935028076,0.0001347064971923828,0.7458741664886475,8.912210464477539,1.0767271518707275,True,1.0,0.25,10,0.0039215851575136185,0.0,7,0,0.3582066595554352,0.11008529365062714,0.05083948001265526,0.3582066297531128,0.11008530110120773,0.24812132865190506,0.6926765393005653,True,7.045835971832275,2.1653506755828857,4.88048529624939,0.6926765419689745,1.0,1.0,0.0,0.0735694020986557,0.9357129335403442,False,False,True,output/resnet18_localisation_attack_preserve_cls_full_archive_v2/exact_archive/dev_val/digital_2/iphone15pro/turkiye-104_03__5b9780131599__exact.npz,8d99d5a31d203cbdcf69b58761b3d947a0e09a62046e4df5493e8effbab346e0,4264757,float32,float32,512,864,resnet_exact_archive_v1
dev_val,digital_2,turkiye-104_03,scan,train/attack/digital_2/scan/turkiye-104_03.jpg,0.99267578125,0.9926782846450806,2.5033950805664062e-06,0.500696063041687,4.909567832946777,0.0027842670679092407,True,1.0,0.25,10,0.0039215851575136185,0.0,10,4,0.3760436475276947,0.1313200294971466,0.05143069848418236,0.3760436475276947,0.1313200294971466,0.2447236180305481,0.6507851406066494,True,7.311657428741455,2.5533392429351807,4.758318185806274,0.6507851649479313,1.0,0.0,1.0,0.5844162702560425,0.5470126867294312,False,False,True,output/resnet18_localisation_attack_preserve_cls_full_archive_v2/exact_archive/dev_val/digital_2/scan/turkiye-104_03__9a6bc59a66c7__exact.npz,5d5b2f00677efda970322d8fe33f83ba99b795b3057763ec7762d478703457c7,4183230,float32,float32,512,864,resnet_exact_archive_v1
dev_val,digital_2,turkiye-115_03,huawei,train/attack/digital_2/huawei/turkiye-115_03.jpg,1.0,1.0,0.0,0.9870451092720032,17.411407470703125,4.333240032196045,True,1.0,0.25,10,0.003921577241271734,0.0,10,0,0.40423357486724854,0.030068065971136093,0.05855134129524231,0.40423357486724854,0.030068067833781242,0.3741655070334673,0.9256170944146446,True,6.903916358947754,0.513533353805542,6.390383005142212,0.9256170951231206,1.0,0.0,1.0,0.24383874237537384,0.7491250038146973,False,False,True,output/resnet18_localisation_attack_preserve_cls_full_archive_v2/exact_archive/dev_val/digital_2/huawei/turkiye-115_03__e06a3c19e734__exact.npz,6984469c3eba71e0be1cd35dbd72a329ee88580784e1c835293d0bfa1cebb1e5,3894682,float32,float32,512,864,resnet_exact_archive_v1
dev_val,digital_2,turkiye-115_03,iphone15pro,train/attack/digital_2/iphone15pro/turkiye-115_03.jpg,1.0,0.9999940395355225,5.9604644775390625e-06,0.9875432252883911,12.025480270385742,4.372960090637207,True,1.0,0.25,10,0.0039215851575136185,0.0,6,0,0.44214409589767456,0.13647666573524475,0.06098251789808273,0.44214412569999695,0.13647666573524475,0.3056674599647522,0.6913299130251326,True,7.25034236907959,2.237963914871216,5.012378454208374,0.6913298985141141,0.0,1.0,-1.0,0.19811958074569702,0.7862016558647156,False,False,True,output/resnet18_localisation_attack_preserve_cls_full_archive_v2/exact_archive/dev_val/digital_2/iphone15pro/turkiye-115_03__ba9719914bf8__exact.npz,b0377bdb86701a966d22ac06257405e00f1b80f59da884ace28d409d8d627b56,4191416,float32,float32,512,864,resnet_exact_archive_v1
dev_val,digital_2,turkiye-115_03,scan,train/attack/digital_2/scan/turkiye-115_03.jpg,1.0,0.9997765421867371,0.00022345781326293945,0.5038055181503296,8.406103134155273,0.015222340822219849,True,1.0,0.25,10,0.0039215851575136185,0.0,10,3,0.4404686689376831,0.15083329379558563,0.060361091047525406,0.4404686987400055,0.15083330869674683,0.28963539004325867,0.6575617992192928,True,7.297228813171387,2.498849868774414,4.798378944396973,0.657561804247658,0.0,0.0,0.0,0.6479687690734863,0.43023067712783813,False,False,True,output/resnet18_localisation_attack_preserve_cls_full_archive_v2/exact_archive/dev_val/digital_2/scan/turkiye-115_03__3719ca277919__exact.npz,45e4c5d00cba3873a6089e515e802c2baadbcf3b5f3708f0e252d94a9a785993,3919894,float32,float32,512,864,resnet_exact_archive_v1
dev_val,digital_2,turkiye-NF-1002,huawei,train/attack/digital_2/huawei/turkiye-NF-1002.jpg,1.0,0.9999819993972778,1.800060272216797e-05,0.9999009370803833,10.925943374633789,9.220250129699707,True,1.0,0.25,10,0.0039215851575136185,0.0,5,0,0.5693164467811584,0.13044597208499908,0.08285757154226303,0.5693164467811584,0.1304459571838379,0.43887048959732056,0.770872670337626,True,6.871025085449219,1.5743396282196045,5.296685457229614,0.7708726705781375,0.0,0.0,0.0,0.06308994442224503,0.9177179336547852,False,False,True,output/resnet18_localisation_attack_preserve_cls_full_archive_v2/exact_archive/dev_val/digital_2/huawei/turkiye-NF-1002__c78d57c6ef91__exact.npz,324b5a3951adee96fcea390f5553839cce657b5dfa6bbe09688cc5ec5a54c229,4336458,float32,float32,512,864,resnet_exact_archive_v1
dev_val,digital_2,turkiye-NF-1002,iphone15pro,train/attack/digital_2/iphone15pro/turkiye-NF-1002.jpg,1.0,0.9999997615814209,2.384185791015625e-07,0.9999946355819702,15.351619720458984,12.131410598754883,True,1.0,0.25,10,0.003921577241271734,0.0,4,0,0.5186097025871277,0.09937474131584167,0.0830126702785492,0.5186096429824829,0.09937474876642227,0.41923489421606064,0.8083823736964744,True,6.247354984283447,1.1971033811569214,5.050251603126526,0.8083823659503118,0.0,0.0,0.0,0.199927419424057,0.8501062393188477,False,False,True,output/resnet18_localisation_attack_preserve_cls_full_archive_v2/exact_archive/dev_val/digital_2/iphone15pro/turkiye-NF-1002__45b767ed7bb0__exact.npz,44c8c642645f134a869fda758c0ff789b082f90a5abb861700b5fe93fa0e4aae,4364229,float32,float32,512,864,resnet_exact_archive_v1
dev_val,digital_2,turkiye-NF-1002,scan,train/attack/digital_2/scan/turkiye-NF-1002.jpg,1.0,0.9999898672103882,1.0132789611816406e-05,0.9999746084213257,11.503898620605469,10.578967094421387,True,1.0,0.25,10,0.0039215851575136185,0.0,6,0,0.5898248553276062,0.10674424469470978,0.08452531695365906,0.5898249745368958,0.10674423724412918,0.48308073729276657,0.8190238768239002,True,6.978086948394775,1.2628670930862427,5.715219855308533,0.8190238811259367,0.0,0.0,0.0,0.03520125895738602,0.9600657224655151,False,False,True,output/resnet18_localisation_attack_preserve_cls_full_archive_v2/exact_archive/dev_val/digital_2/scan/turkiye-NF-1002__0473adb87fbb__exact.npz,7960957b42decab9fd62597688737ed118637c382db7342480c5b3ed64b7009d,4387027,float32,float32,512,864,resnet_exact_archive_v1
dev_val,digital_2,turkiye-NM-1055,huawei,train/attack/digital_2/huawei/turkiye-NM-1055.jpg,1.0,0.9998992681503296,0.00010073184967041016,0.5002133846282959,9.202531814575195,0.0008534938097000122,True,1.0,0.25,10,0.0039215851575136185,0.0,10,3,0.49599283933639526,0.16544893383979797,0.06983249634504318,0.4959927499294281,0.16544891893863678,0.3305438309907913,0.6664287553352796,True,7.102606773376465,2.369225263595581,4.733381509780884,0.6664287719719433,0.0,0.0,0.0,0.6328155994415283,0.49369412660598755,False,False,True,output/resnet18_localisation_attack_preserve_cls_full_archive_v2/exact_archive/dev_val/digital_2/huawei/turkiye-NM-1055__3f2e3e76f15c__exact.npz,232fa57e49dc2378a9ee124f07ee3bd8ca0b30a826c1634d9ce42ee362bcf105,3775036,float32,float32,512,864,resnet_exact_archive_v1
dev_val,digital_2,turkiye-NM-1055,iphone15pro,train/attack/digital_2/iphone15pro/turkiye-NM-1055.jpg,1.0,0.9999891519546509,1.0848045349121094e-05,0.7461767196655273,11.43661880493164,1.0783241987228394,True,1.0,0.25,10,0.0039215851575136185,0.0,8,0,0.46644651889801025,0.0594317801296711,0.0679575502872467,0.46644654870033264,0.0594317764043808,0.40701477229595184,0.8725860946554831,True,6.86379337310791,0.8745427131652832,5.989250659942627,0.8725860955267521,0.0,0.0,0.0,0.03626640513539314,0.9661102890968323,False,False,True,output/resnet18_localisation_attack_preserve_cls_full_archive_v2/exact_archive/dev_val/digital_2/iphone15pro/turkiye-NM-1055__64e3719b4d6f__exact.npz,be54640d38aba6941b67d5c35e76ea9133401ca7c0eb394a970199c31d712e4d,4306932,float32,float32,512,864,resnet_exact_archive_v1
dev_val,digital_2,turkiye-NM-1055,scan,train/attack/digital_2/scan/turkiye-NM-1055.jpg,1.0,0.9999961853027344,3.814697265625e-06,0.9350908994674683,12.485148429870605,2.667656421661377,True,1.0,0.25,10,0.0039215851575136185,0.0,10,0,0.473910927772522,0.13959871232509613,0.06937777251005173,0.4739108383655548,0.13959872722625732,0.3343121111392975,0.7054325077102863,True,6.830873966217041,2.012153387069702,4.818720579147339,0.7054325117077165,0.0,1.0,-1.0,0.3550592064857483,0.7004751563072205,False,False,True,output/resnet18_localisation_attack_preserve_cls_full_archive_v2/exact_archive/dev_val/digital_2/scan/turkiye-NM-1055__2e93611899af__exact.npz,dd81c2fe040287f2ed4d4adbcb1f8c8a47a707fb57f3a132cb9ad1734a86a7cb,4136582,float32,float32,512,864,resnet_exact_archive_v1
dev_val,digital_2,ukraine-025_03,huawei,train/attack/digital_2/huawei/ukraine-025_03.jpg,1.0,0.9999955892562866,4.410743713378906e-06,1.0,12.32453441619873,18.522266387939453,True,1.0,0.25,10,0.003921577241271734,0.0,9,0,0.4390919804573059,0.0010939051862806082,0.05515039339661598,0.4390919506549835,0.00109390530269593,0.4379980453522876,0.9975087101891433,True,7.961719512939453,0.01983495056629181,7.941884562373161,0.9975087102058725,0.0,0.0,0.0,0.0022075455635786057,0.990675687789917,False,False,True,output/resnet18_localisation_attack_preserve_cls_full_archive_v2/exact_archive/dev_val/digital_2/huawei/ukraine-025_03__a0aea883a5b0__exact.npz,2e9d9ef2daf2800fcbad1141e55d7d2bf96a7ac9ad48245d5c77c9b6e6580750,3917105,float32,float32,512,864,resnet_exact_archive_v1
dev_val,digital_2,ukraine-025_03,iphone15pro,train/attack/digital_2/iphone15pro/ukraine-025_03.jpg,1.0,0.9999988079071045,1.1920928955078125e-06,0.5026502013206482,13.671356201171875,0.010601133108139038,True,1.0,0.25,10,0.0039215851575136185,0.0,10,3,0.4299701750278473,0.08019906282424927,0.05575856938958168,0.4299701452255249,0.08019906282424927,0.34977108240127563,0.8134776013758261,True,7.7112836837768555,1.4383271932601929,6.272956490516663,0.8134775930645409,0.0,0.0,0.0,0.5088554620742798,0.547238826751709,False,False,True,output/resnet18_localisation_attack_preserve_cls_full_archive_v2/exact_archive/dev_val/digital_2/iphone15pro/ukraine-025_03__444f2c806f6a__exact.npz,d35cbf1d61349af6b0cc4b2c3cf73a2a53f55974e2d7691dbb701f80b429b790,3721314,float32,float32,512,864,resnet_exact_archive_v1
dev_val,digital_2,ukraine-025_03,scan,train/attack/digital_2/scan/ukraine-025_03.jpg,1.0,0.9999998807907104,1.1920928955078125e-07,0.7212462425231934,16.068086624145508,0.9506517052650452,True,1.0,0.25,10,0.0039215851575136185,0.0,10,0,0.4468371570110321,0.11274053901433945,0.0581868477165699,0.4468371570110321,0.11274055391550064,0.33409660309553146,0.7476920794375272,True,7.679349422454834,1.9375606775283813,5.741788744926453,0.7476920802870555,0.0,0.0,0.0,0.2068115770816803,0.7863919138908386,False,False,True,output/resnet18_localisation_attack_preserve_cls_full_archive_v2/exact_archive/dev_val/digital_2/scan/ukraine-025_03__7a8ab2cafa98__exact.npz,930c1ae8d0d691cc377815c32aad78ff465f14a0f81fdcbcd8938f20990843ac,3913184,float32,float32,512,864,resnet_exact_archive_v1
dev_val,digital_2,ukraine-NF-1068,huawei,train/attack/digital_2/huawei/ukraine-NF-1068.jpg,1.0,0.9999997615814209,2.384185791015625e-07,0.9691512584686279,15.322779655456543,3.4473252296447754,True,1.0,0.25,10,0.0039215851575136185,0.0,10,0,0.5112378597259521,0.02649720199406147,0.07751552760601044,0.5112378001213074,0.02649720013141632,0.48474059998989105,0.9481704988850022,True,6.595294952392578,0.341830849647522,6.253464102745056,0.948170498497036,0.0,0.0,0.0,0.2051159143447876,0.8132221102714539,False,False,True,output/resnet18_localisation_attack_preserve_cls_full_archive_v2/exact_archive/dev_val/digital_2/huawei/ukraine-NF-1068__7fda38b05a13__exact.npz,230ae6dfb5454c0df6d993e8702eedd23989ba9de4e65151ac3f31487373318c,4069855,float32,float32,512,864,resnet_exact_archive_v1
dev_val,digital_2,ukraine-NF-1068,iphone15pro,train/attack/digital_2/iphone15pro/ukraine-NF-1068.jpg,1.0,1.0,0.0,0.9970024228096008,22.44957733154297,5.806942939758301,True,1.0,0.25,10,0.0039215851575136185,0.0,10,0,0.48749300837516785,0.09526924788951874,0.06819438934326172,0.48749297857284546,0.09526924788951874,0.3922237306833267,0.8045730870454316,True,7.148578643798828,1.3970247507095337,5.751553893089294,0.8045730738485461,0.0,0.0,0.0,0.4687521457672119,0.5777372717857361,False,False,True,output/resnet18_localisation_attack_preserve_cls_full_archive_v2/exact_archive/dev_val/digital_2/iphone15pro/ukraine-NF-1068__feb2b0b9220e__exact.npz,976aec85cae5364ac4ea095239f234c87c87aca1cd66e1e301b9ddfc1d6ec5be,3858109,float32,float32,512,864,resnet_exact_archive_v1
dev_val,digital_2,ukraine-NF-1068,scan,train/attack/digital_2/scan/ukraine-NF-1068.jpg,1.0,1.0,0.0,0.9997686743736267,23.487010955810547,8.371417999267578,True,1.0,0.25,10,0.0039215851575136185,0.0,10,0,0.5502866506576538,0.2313755452632904,0.07653912901878357,0.5502867102622986,0.23137551546096802,0.31891119480133057,0.57953642865429,True,7.189612865447998,3.022970199584961,4.166642665863037,0.579536442899058,1.0,0.0,1.0,0.688029408454895,0.43641602993011475,False,False,True,output/resnet18_localisation_attack_preserve_cls_full_archive_v2/exact_archive/dev_val/digital_2/scan/ukraine-NF-1068__c56ec87d86c9__exact.npz,507a1524a026fc4c66cf6b8811edfddf8b4093202a525485dbb27e180a8512e3,3994977,float32,float32,512,864,resnet_exact_archive_v1
dev_val,digital_2,ukraine-NF-1073,huawei,train/attack/digital_2/huawei/ukraine-NF-1073.jpg,1.0,0.9998960494995117,0.00010395050048828125,0.9434657692909241,9.171092987060547,2.814714193344116,True,1.0,0.25,10,0.0039215851575136185,0.0,10,0,0.7123265862464905,0.00039488161564804614,0.12915977835655212,0.7123265266418457,0.0003948815574403852,0.7119316450844053,0.9994456453007555,True,5.515079975128174,0.003057310590520501,5.512022664537653,0.9994456452845093,1.0,0.0,1.0,0.008621272630989552,0.9751890897750854,False,False,True,output/resnet18_localisation_attack_preserve_cls_full_archive_v2/exact_archive/dev_val/digital_2/huawei/ukraine-NF-1073__bff2a70d8124__exact.npz,41098410f27adbde82927a6673a48e46938f5d4b8c31bf2e5bfc344ce120ca7e,4124598,float32,float32,512,864,resnet_exact_archive_v1
dev_val,digital_2,ukraine-NF-1073,iphone15pro,train/attack/digital_2/iphone15pro/ukraine-NF-1073.jpg,1.0,0.9999932050704956,6.794929504394531e-06,0.999982476234436,11.892277717590332,10.95109748840332,True,1.0,0.25,10,0.0029412410221993923,0.0,3,0,0.7268528938293457,0.14626286923885345,0.13661442697048187,0.7268528938293457,0.14626286923885345,0.5805900245904922,0.7987723919371313,True,5.320469856262207,1.0706254243850708,4.249844431877136,0.798772391666698,1.0,0.0,1.0,0.20943067967891693,0.8544930219650269,False,False,True,output/resnet18_localisation_attack_preserve_cls_full_archive_v2/exact_archive/dev_val/digital_2/iphone15pro/ukraine-NF-1073__ea584b896b59__exact.npz,2b13c5551b42a39e2abede0bb2bdee6385411ecbd28313a4a68dd31ff0c8c210,3973961,float32,float32,512,864,resnet_exact_archive_v1
dev_val,digital_2,ukraine-NF-1073,scan,train/attack/digital_2/scan/ukraine-NF-1073.jpg,0.99609375,0.9959034323692322,0.00019031763076782227,0.9998610019683838,5.49349308013916,8.881181716918945,True,1.0,0.25,10,0.003921577241271734,0.0,4,0,0.8368573784828186,0.14569026231765747,0.1395457684993744,0.8368574380874634,0.14569024741649628,0.6911671906709671,0.8259079255488799,True,5.997010707855225,1.0440319776535034,4.952978730201721,0.8259079350507127,1.0,0.0,1.0,0.0037045609205961227,0.9975139498710632,False,False,True,output/resnet18_localisation_attack_preserve_cls_full_archive_v2/exact_archive/dev_val/digital_2/scan/ukraine-NF-1073__20daa7620de7__exact.npz,1112d10a701a7997baca19dfead74b9c025fe6f18987a24022c2ec092bf2ceb3,3829943,float32,float32,512,864,resnet_exact_archive_v1
dev_val,digital_2,ukraine-NF-1106,huawei,train/attack/digital_2/huawei/ukraine-NF-1106.jpg,1.0,0.9999439716339111,5.602836608886719e-05,0.9999990463256836,9.790477752685547,13.89880657196045,True,1.0,0.25,10,0.0039215851575136185,0.0,8,0,0.4956827461719513,0.004426296334713697,0.07250186800956726,0.4956826865673065,0.004426296800374985,0.49125638976693153,0.9910703017871617,True,6.836826324462891,0.06105079501867294,6.775775529444218,0.9910703019030589,0.0,0.0,0.0,0.01261596567928791,0.9648556709289551,False,False,True,output/resnet18_localisation_attack_preserve_cls_full_archive_v2/exact_archive/dev_val/digital_2/huawei/ukraine-NF-1106__c8abd279cfc7__exact.npz,4935dfc86fd8c1f4052ece30ec8d7c517246ee8f900fc1580441f1ab9785fa8b,4152948,float32,float32,512,864,resnet_exact_archive_v1
dev_val,digital_2,ukraine-NF-1106,iphone15pro,train/attack/digital_2/iphone15pro/ukraine-NF-1106.jpg,1.0,0.9999945163726807,5.4836273193359375e-06,0.500934898853302,12.11695671081543,0.0037395134568214417,True,1.0,0.25,10,0.0039215851575136185,0.0,9,2,0.5196316838264465,0.03557337075471878,0.06801949441432953,0.5196316242218018,0.03557337448000908,0.4840582497417927,0.9315411672003535,True,7.639451503753662,0.522987961769104,7.116463541984558,0.9315411634575947,0.0,0.0,0.0,0.17309248447418213,0.8313979506492615,False,False,True,output/resnet18_localisation_attack_preserve_cls_full_archive_v2/exact_archive/dev_val/digital_2/iphone15pro/ukraine-NF-1106__abb077e66702__exact.npz,43c42c94e4d94c666c024872b79b413c43da3d27358da3d1eaa3c5f8455fabed,4279056,float32,float32,512,864,resnet_exact_archive_v1
dev_val,digital_2,ukraine-NF-1106,scan,train/attack/digital_2/scan/ukraine-NF-1106.jpg,0.99951171875,0.9995328187942505,2.110004425048828e-05,0.5001540780067444,7.66840934753418,0.000616319477558136,True,1.0,0.25,10,0.0039215851575136185,0.0,7,1,0.5274676084518433,0.049578677862882614,0.07005763798952103,0.5274676084518433,0.04957868158817291,0.47788892686367035,0.9060062062698219,True,7.529051780700684,0.7076841592788696,6.821367621421814,0.9060062037170623,0.0,0.0,0.0,0.1336676925420761,0.8672876358032227,False,False,True,output/resnet18_localisation_attack_preserve_cls_full_archive_v2/exact_archive/dev_val/digital_2/scan/ukraine-NF-1106__808025317e23__exact.npz,6bc4595b77cccbbde9843839c68c13454a8edaf13df9c4b57000dc0c1978dd6d,3926920,float32,float32,512,864,resnet_exact_archive_v1
dev_val,digital_2,usa-034_03,huawei,train/attack/digital_2/huawei/usa-034_03.jpg,1.0,0.9999979734420776,2.0265579223632812e-06,0.7624397873878479,13.124652862548828,1.1661021709442139,True,1.0,0.25,10,0.0039215851575136185,0.0,10,0,0.51165771484375,0.01455681212246418,0.08471062779426575,0.5116576552391052,0.01455681025981903,0.4971008449792862,0.9715497068972486,True,6.040064334869385,0.1718416064977646,5.86822272837162,0.9715497059351305,1.0,0.0,1.0,0.16791176795959473,0.8271316885948181,False,False,True,output/resnet18_localisation_attack_preserve_cls_full_archive_v2/exact_archive/dev_val/digital_2/huawei/usa-034_03__5fae0f73f135__exact.npz,4f9074e491f9f4c880911962c348d7305699055baa3a2a3bf2016052da9700dc,3873569,float32,float32,512,864,resnet_exact_archive_v1
dev_val,digital_2,usa-034_03,iphone15pro,train/attack/digital_2/iphone15pro/usa-034_03.jpg,1.0,1.0,0.0,0.9972079396247864,18.796621322631836,5.878196716308594,True,1.0,0.25,10,0.0039215851575136185,0.0,10,0,0.5137084126472473,0.06465108692646027,0.08882822096347809,0.5137084722518921,0.06465107947587967,0.4490573927760124,0.8741483098527162,True,5.783167362213135,0.727821409702301,5.055345952510834,0.8741483059166086,0.0,1.0,-1.0,0.15341812372207642,0.8364075422286987,False,False,True,output/resnet18_localisation_attack_preserve_cls_full_archive_v2/exact_archive/dev_val/digital_2/iphone15pro/usa-034_03__dc4ce9de852f__exact.npz,bb777f802272da0df747335bdcb2399941e99fdfaee74309895b34cf8c565105,4455043,float32,float32,512,864,resnet_exact_archive_v1
dev_val,digital_2,usa-034_03,scan,train/attack/digital_2/scan/usa-034_03.jpg,1.0,0.9999977350234985,2.2649765014648438e-06,0.8040584325790405,12.973812103271484,1.4118554592132568,True,1.0,0.25,10,0.0039215851575136185,0.0,10,0,0.5014232397079468,0.027714725583791733,0.08933153003454208,0.501423180103302,0.02771473117172718,0.4737084489315748,0.9447278620704821,True,5.613059043884277,0.3102457821369171,5.30281326174736,0.9447278605638495,0.0,0.0,0.0,0.18263497948646545,0.8302839398384094,False,False,True,output/resnet18_localisation_attack_preserve_cls_full_archive_v2/exact_archive/dev_val/digital_2/scan/usa-034_03__02374b29b3d3__exact.npz,e574f5b022f1b92b4ee3a1c5d9a74a10a5d3dabeda5545d230e458b4173fb5ad,4098215,float32,float32,512,864,resnet_exact_archive_v1
dev_val,digital_2,usa-067_03,huawei,train/attack/digital_2/huawei/usa-067_03.jpg,1.0,0.9999997615814209,2.384185791015625e-07,0.5004330277442932,15.157171249389648,0.0017321780323982239,True,1.0,0.25,10,0.0039215851575136185,0.0,10,1,0.48854416608810425,0.01844014972448349,0.08149944990873337,0.48854413628578186,0.01844015158712864,0.4701039846986532,0.9622548911807187,True,5.994447231292725,0.22626106441020966,5.768186166882515,0.9622548909549054,0.0,0.0,0.0,0.06994819641113281,0.8998831510543823,False,False,True,output/resnet18_localisation_attack_preserve_cls_full_archive_v2/exact_archive/dev_val/digital_2/huawei/usa-067_03__70b511389e06__exact.npz,f41901d661246f125bcdbb24da795247ee8440755c8aa24c5ec3c8c7b236e2da,3790570,float32,float32,512,864,resnet_exact_archive_v1
dev_val,digital_2,usa-067_03,iphone15pro,train/attack/digital_2/iphone15pro/usa-067_03.jpg,1.0,0.9999997615814209,2.384185791015625e-07,0.7096120715141296,15.432150840759277,0.893500566482544,True,1.0,0.25,10,0.0039215851575136185,0.0,8,0,0.47298699617385864,0.08446191251277924,0.08372830599546432,0.47298696637153625,0.08446191251277924,0.388525053858757,0.8214286681920248,True,5.649068832397461,1.0087617635726929,4.640307068824768,0.8214286648823546,0.0,1.0,-1.0,0.1627454310655594,0.831755518913269,False,False,True,output/resnet18_localisation_attack_preserve_cls_full_archive_v2/exact_archive/dev_val/digital_2/iphone15pro/usa-067_03__6c99052efad0__exact.npz,c24c2ba48eb904032c2690748413bb90db9d9e06ed6c0e056c0e2ba234554ad8,3742958,float32,float32,512,864,resnet_exact_archive_v1
dev_val,digital_2,usa-067_03,scan,train/attack/digital_2/scan/usa-067_03.jpg,1.0,0.9999998807907104,1.1920928955078125e-07,0.9888060092926025,16.0076904296875,4.481118202209473,True,1.0,0.25,10,0.0039215851575136185,0.0,10,0,0.4730728268623352,0.13203559815883636,0.08437786251306534,0.4730727970600128,0.13203559815883636,0.34103719890117645,0.7208979273815935,True,5.606598377227783,1.564813256263733,4.04178512096405,0.7208979222375718,0.0,1.0,-1.0,0.5025007724761963,0.5868133902549744,False,False,True,output/resnet18_localisation_attack_preserve_cls_full_archive_v2/exact_archive/dev_val/digital_2/scan/usa-067_03__e66367fa4b73__exact.npz,4d439f7c9620e341f261faff588aa0ceba6fd3613061c383cf41d163d4c2fddc,3825320,float32,float32,512,864,resnet_exact_archive_v1
dev_val,digital_2,usa-NF-1036,huawei,train/attack/digital_2/huawei/usa-NF-1036.jpg,1.0,1.0,0.0,0.9851332902908325,22.270980834960938,4.193653106689453,True,1.0,0.25,10,0.0039215851575136185,0.0,10,0,0.4672929644584656,0.060450248420238495,0.10630715638399124,0.4672929346561432,0.060450248420238495,0.4068426862359047,0.8706373584168982,True,4.395686626434326,0.5686376094818115,3.8270490169525146,0.8706373638961892,0.0,0.0,0.0,0.2215588390827179,0.7769720554351807,False,False,True,output/resnet18_localisation_attack_preserve_cls_full_archive_v2/exact_archive/dev_val/digital_2/huawei/usa-NF-1036__05cae596aac9__exact.npz,9b969ebb973107a19fb58c7e7896e3da176acd222762529bcb28f8f3e6cfdb51,4263480,float32,float32,512,864,resnet_exact_archive_v1
dev_val,digital_2,usa-NF-1036,iphone15pro,train/attack/digital_2/iphone15pro/usa-NF-1036.jpg,1.0,1.0,0.0,0.9744485020637512,23.242521286010742,3.6411733627319336,True,1.0,0.25,10,0.0039215851575136185,0.0,10,0,0.497533917427063,0.026182251051068306,0.10593133419752121,0.4975339472293854,0.026182252913713455,0.4713516943156719,0.9473759467881249,True,4.696759223937988,0.24716250598430634,4.449596717953682,0.9473759470733368,1.0,0.0,1.0,0.07995538413524628,0.8892569541931152,False,False,True,output/resnet18_localisation_attack_preserve_cls_full_archive_v2/exact_archive/dev_val/digital_2/iphone15pro/usa-NF-1036__151ec583628a__exact.npz,6b9a0c306c7897c8994b41810bd0f34c7983e20e1d2e345ab5f8ae09f4e81c84,4697712,float32,float32,512,864,resnet_exact_archive_v1
dev_val,digital_2,usa-NF-1036,scan,train/attack/digital_2/scan/usa-NF-1036.jpg,1.0,1.0,0.0,0.9999744892120361,26.119525909423828,10.57652473449707,True,1.0,0.25,10,0.0039215851575136185,0.0,10,0,0.5194159746170044,0.07593142241239548,0.11267297714948654,0.5194159746170044,0.07593142986297607,0.4434845447540283,0.8538138340489725,True,4.60994291305542,0.6739098429679871,3.936033070087433,0.853813842019721,0.0,1.0,-1.0,0.25463956594467163,0.7131633162498474,False,False,True,output/resnet18_localisation_attack_preserve_cls_full_archive_v2/exact_archive/dev_val/digital_2/scan/usa-NF-1036__1b2fa637edda__exact.npz,8a71718ae42e602a4e39f2135bbb9d397e8987bee1bb584f6a0ef6fa74a9757f,4737608,float32,float32,512,864,resnet_exact_archive_v1
dev_val,digital_2,usa-NF-1065,huawei,train/attack/digital_2/huawei/usa-NF-1065.jpg,1.0,1.0,0.0,0.9999661445617676,28.048370361328125,10.293643951416016,True,1.0,0.25,10,0.0039215851575136185,0.0,10,0,0.60903000831604,0.14464522898197174,0.13910748064517975,0.6090299487113953,0.14464521408081055,0.4643847346305847,0.7624990127548646,True,4.378125190734863,1.039808988571167,3.3383162021636963,0.7624990279465635,1.0,0.0,1.0,0.41927972435951233,0.6110875606536865,False,False,True,output/resnet18_localisation_attack_preserve_cls_full_archive_v2/exact_archive/dev_val/digital_2/huawei/usa-NF-1065__30f9e3ef244f__exact.npz,902b112a547b14a7821c25a4fc562b442496f4f8a81e17361163cc26f70a39f2,4187858,float32,float32,512,864,resnet_exact_archive_v1
dev_val,digital_2,usa-NF-1065,iphone15pro,train/attack/digital_2/iphone15pro/usa-NF-1065.jpg,1.0,1.0,0.0,0.9668529033660889,25.059616088867188,3.373088836669922,True,1.0,0.25,10,0.0039215851575136185,0.0,10,0,0.6002303957939148,0.04340936616063118,0.13104981184005737,0.6002304553985596,0.04340936616063118,0.5568210892379284,0.9276788344040175,True,4.580170154571533,0.33124324679374695,4.248926907777786,0.9276788338391472,1.0,0.0,1.0,0.11606243252754211,0.8357698917388916,False,False,True,output/resnet18_localisation_attack_preserve_cls_full_archive_v2/exact_archive/dev_val/digital_2/iphone15pro/usa-NF-1065__dd98dfb903fd__exact.npz,079f6aa6f48779b6f469b6a91b02b52d5a33819de77e0beb4627f5c9b04f52bd,4729159,float32,float32,512,864,resnet_exact_archive_v1
dev_val,digital_2,usa-NF-1065,scan,train/attack/digital_2/scan/usa-NF-1065.jpg,1.0,1.0,0.0,0.9985160231590271,23.064067840576172,6.511544227600098,True,1.0,0.25,10,0.0039215851575136185,0.0,10,0,0.5687732100486755,0.08202913403511047,0.12860779464244843,0.5687732100486755,0.08202914148569107,0.48674406856298447,0.855778823551357,True,4.42254114151001,0.6378240585327148,3.784717082977295,0.8557788298347091,1.0,1.0,0.0,0.25238537788391113,0.7484164237976074,False,False,True,output/resnet18_localisation_attack_preserve_cls_full_archive_v2/exact_archive/dev_val/digital_2/scan/usa-NF-1065__b70ba3d392f8__exact.npz,b52b171ff6a279a4f0d2a65e661ac2fe43920f02cbf24c7b7cf8eeb8992a9fe1,4424618,float32,float32,512,864,resnet_exact_archive_v1
dev_val,digital_2,usa-NF-1076,huawei,train/attack/digital_2/huawei/usa-NF-1076.jpg,1.0,1.0,0.0,0.9632704257965088,20.849224090576172,3.2667527198791504,True,1.0,0.25,10,0.0039215851575136185,0.0,10,0,0.6172469854354858,0.053832754492759705,0.18234872817993164,0.6172469854354858,0.0538327656686306,0.5634142197668552,0.9127856969108565,True,3.384981155395508,0.2952187657356262,3.0897623896598816,0.9127856988908015,1.0,1.0,0.0,0.2081049382686615,0.8489391803741455,False,False,True,output/resnet18_localisation_attack_preserve_cls_full_archive_v2/exact_archive/dev_val/digital_2/huawei/usa-NF-1076__2160c6b7a2f6__exact.npz,3225b2d56986d40f607b4e2fc08e9c200c4701ec3e7d661c92786f3dca621366,4276317,float32,float32,512,864,resnet_exact_archive_v1
dev_val,digital_2,usa-NF-1076,iphone15pro,train/attack/digital_2/iphone15pro/usa-NF-1076.jpg,1.0,1.0,0.0,0.9968542456626892,19.550254821777344,5.758555889129639,True,1.0,0.25,10,0.0039215851575136185,0.0,10,0,0.6236827373504639,0.10784563422203064,0.1903051733970642,0.6236827969551086,0.10784564167261124,0.5158371552824974,0.8270825454876644,True,3.2772772312164307,0.566698431968689,2.7105787992477417,0.8270825468865364,1.0,0.0,1.0,0.4064334034919739,0.6542463898658752,False,False,True,output/resnet18_localisation_attack_preserve_cls_full_archive_v2/exact_archive/dev_val/digital_2/iphone15pro/usa-NF-1076__2eed734bbfbf__exact.npz,26b9dae9ce7930167837974c69f1e1e96b980bc190aabc7fcfe6854865b2a035,4309971,float32,float32,512,864,resnet_exact_archive_v1
dev_val,digital_2,usa-NF-1076,scan,train/attack/digital_2/scan/usa-NF-1076.jpg,1.0,1.0,0.0,0.9959867596626282,20.79943084716797,5.514145851135254,True,1.0,0.25,10,0.0039215851575136185,0.0,10,0,0.5795676708221436,0.03566283732652664,0.18732984364032745,0.5795677304267883,0.03566283732652664,0.5439048931002617,0.9384664889809085,True,3.0938353538513184,0.19037455320358276,2.9034608006477356,0.9384664885393472,0.0,0.0,0.0,0.18117648363113403,0.8269480466842651,False,False,True,output/resnet18_localisation_attack_preserve_cls_full_archive_v2/exact_archive/dev_val/digital_2/scan/usa-NF-1076__f621f0d054e5__exact.npz,93ac2efa4b0e28fefafe10c1fbd0c0a7bbaa61ebd920060c62815d3e8bfc9f4c,4668420,float32,float32,512,864,resnet_exact_archive_v1
dev_val,digital_2,usa-NM-1038,huawei,train/attack/digital_2/huawei/usa-NM-1038.jpg,1.0,1.0,0.0,0.9796526432037354,19.10451889038086,3.874248504638672,True,1.0,0.25,10,0.0039215851575136185,0.0,10,0,0.5227404832839966,0.002394837560132146,0.10249301046133041,0.5227404832839966,0.002394837560132146,0.5203456457238644,0.9954186874047192,True,5.100255012512207,0.023365862667560577,5.0768891498446465,0.9954186873773492,0.0,0.0,0.0,0.05781487002968788,0.9056802988052368,False,False,True,output/resnet18_localisation_attack_preserve_cls_full_archive_v2/exact_archive/dev_val/digital_2/huawei/usa-NM-1038__ad9d0a84f491__exact.npz,2655bb8bebec92dea5ddfb21a564e71f667fc7227372a02a15a2e12b507b1fd6,4243622,float32,float32,512,864,resnet_exact_archive_v1
dev_val,digital_2,usa-NM-1038,iphone15pro,train/attack/digital_2/iphone15pro/usa-NM-1038.jpg,1.0,1.0,0.0,0.8912832140922546,21.673545837402344,2.1039161682128906,True,1.0,0.25,10,0.0039215851575136185,0.0,10,0,0.5060579776763916,0.02165353298187256,0.1048518493771553,0.5060580372810364,0.021653534844517708,0.48440450243651867,0.9572113606556701,True,4.826410293579102,0.20651552081108093,4.619894772768021,0.9572113624310344,1.0,0.0,1.0,0.020129172131419182,0.9720489978790283,False,False,True,output/resnet18_localisation_attack_preserve_cls_full_archive_v2/exact_archive/dev_val/digital_2/iphone15pro/usa-NM-1038__7d08ffc9f7fc__exact.npz,c7c8a2c34f582ea05b6266b4ba5ba9224104d395407bc6801aee1b9b86bc95d6,4470014,float32,float32,512,864,resnet_exact_archive_v1
dev_val,digital_2,usa-NM-1038,scan,train/attack/digital_2/scan/usa-NM-1038.jpg,1.0,1.0,0.0,0.9926405549049377,22.106599807739258,4.904393196105957,True,1.0,0.25,10,0.0039215851575136185,0.0,10,0,0.4898264408111572,0.05663576349616051,0.1051216870546341,0.4898264706134796,0.056635767221450806,0.4331907033920288,0.8843758542683131,True,4.659614086151123,0.5387638807296753,4.120850205421448,0.8843758580070097,1.0,0.0,1.0,0.27098947763442993,0.7118133306503296,False,False,True,output/resnet18_localisation_attack_preserve_cls_full_archive_v2/exact_archive/dev_val/digital_2/scan/usa-NM-1038__85ac62be897d__exact.npz,b466f86fc68ccecd4ca519dfc1d9f4d5b40f6e28269b24cfea552b224bbe55bd,4556873,float32,float32,512,864,resnet_exact_archive_v1
official_test,facedancer,chinese2-flickr_F_16745558933_a3f9fe2bc9_k,huawei,test/attack/facedancer/huawei/chinese2-flickr_F_16745558933_a3f9fe2bc9_k.jpg,1.0,0.9999998807907104,1.1920928955078125e-07,0.999354898929596,15.764225006103516,7.345489978790283,True,1.0,0.25,10,0.0039215851575136185,0.0,8,0,0.4941183030605316,0.0019832190591841936,0.0771317258477211,0.49411824345588684,0.00198321882635355,0.4921350246295333,0.9959863476958818,True,6.406160831451416,0.02571210265159607,6.38044872879982,0.9959863476225322,1.0,0.0,1.0,0.08037305623292923,0.904428243637085,False,False,True,output/resnet18_localisation_attack_preserve_cls_full_archive_v2/exact_archive/official_test/facedancer/huawei/chinese2-flickr_F_16745558933_a3f9fe2bc9_k__4a9b5367f65e__exact.npz,39c897ef5f65708a9824b28608d3382ca6786cea503a065988f2affc6b24e14a,4411224,float32,float32,512,864,resnet_exact_archive_v1
official_test,facedancer,chinese2-flickr_F_16745558933_a3f9fe2bc9_k,iphone15,test/attack/facedancer/iphone15/chinese2-flickr_F_16745558933_a3f9fe2bc9_k.jpg,1.0,1.0,0.0,0.9976291060447693,17.92530059814453,6.042089462280273,True,1.0,0.25,10,0.0039215851575136185,0.0,10,0,0.5385997295379639,0.0013518795603886247,0.08090867847204208,0.5385996699333191,0.0013518797932192683,0.5372477901400998,0.9974900099857346,True,6.656883716583252,0.01670871116220951,6.640175005421042,0.9974900100597243,1.0,0.0,1.0,0.08188848942518234,0.9054381847381592,False,False,True,output/resnet18_localisation_attack_preserve_cls_full_archive_v2/exact_archive/official_test/facedancer/iphone15/chinese2-flickr_F_16745558933_a3f9fe2bc9_k__2fe0af6ed96d__exact.npz,07f844906a8b1a4ea80a72c1546569c24553934941ceb031a555a0820e10bc47,5004179,float32,float32,512,864,resnet_exact_archive_v1
official_test,facedancer,chinese2-flickr_F_16745558933_a3f9fe2bc9_k,scan,test/attack/facedancer/scan/chinese2-flickr_F_16745558933_a3f9fe2bc9_k.jpg,1.0,1.0,0.0,0.9722033739089966,16.769428253173828,3.5546488761901855,True,1.0,0.25,10,0.0039215851575136185,0.0,10,0,0.505659282207489,0.0011213154066354036,0.0795031189918518,0.5056592226028442,0.0011213152902200818,0.5045379073126242,0.9977824684291365,True,6.360243797302246,0.014104042202234268,6.346139755100012,0.9977824683059765,1.0,0.0,1.0,0.05749490112066269,0.9132124185562134,False,False,True,output/resnet18_localisation_attack_preserve_cls_full_archive_v2/exact_archive/official_test/facedancer/scan/chinese2-flickr_F_16745558933_a3f9fe2bc9_k__76595e866bfe__exact.npz,4df3f4bb68c3bec597adce9333523d19a276ec71f8ddfeb1fde02260e988818b,4749418,float32,float32,512,864,resnet_exact_archive_v1
official_test,facedancer,chinese2-flickr_F_16858102101_d4c5c1e7a2_c,huawei,test/attack/facedancer/huawei/chinese2-flickr_F_16858102101_d4c5c1e7a2_c.jpg,1.0,1.0,0.0,0.999683141708374,25.657190322875977,8.056492805480957,True,1.0,0.25,10,0.0039215851575136185,0.0,10,0,0.5173344612121582,0.017173007130622864,0.07415064424276352,0.5173344612121582,0.017173008993268013,0.5001614522188902,0.9668048230287419,True,6.976803302764893,0.2315962165594101,6.7452070862054825,0.9668048235690364,1.0,0.0,1.0,0.10456582903862,0.8533927798271179,False,False,True,output/resnet18_localisation_attack_preserve_cls_full_archive_v2/exact_archive/official_test/facedancer/huawei/chinese2-flickr_F_16858102101_d4c5c1e7a2_c__ea1a4ad9a50b__exact.npz,bda393acea8676232e1813b01206210da5ac674b43ffc907cdbad03ff0d0ed9a,4389102,float32,float32,512,864,resnet_exact_archive_v1
official_test,facedancer,chinese2-flickr_F_16858102101_d4c5c1e7a2_c,scan,test/attack/facedancer/scan/chinese2-flickr_F_16858102101_d4c5c1e7a2_c.jpg,1.0,1.0,0.0,0.9998438358306885,24.56475067138672,8.764410018920898,True,1.0,0.25,10,0.0039215851575136185,0.0,10,0,0.5155195593833923,0.01678800955414772,0.07587212324142456,0.5155196189880371,0.01678801141679287,0.49873160757124424,0.9674347768766829,True,6.794585227966309,0.22126717865467072,6.573318049311638,0.9674347776603137,1.0,0.0,1.0,0.10841017961502075,0.8455657958984375,False,False,True,output/resnet18_localisation_attack_preserve_cls_full_archive_v2/exact_archive/official_test/facedancer/scan/chinese2-flickr_F_16858102101_d4c5c1e7a2_c__5749d184df87__exact.npz,43dd3a5cf482efcfa07e4b1ea344eedbb42ef3a164e0f1f4c5c4cfec4cd43f1e,4893852,float32,float32,512,864,resnet_exact_archive_v1
official_test,facedancer,chinese2-flickr_F_17619703551_9705002b22_b,iphone15,test/attack/facedancer/iphone15/chinese2-flickr_F_17619703551_9705002b22_b.jpg,1.0,1.0,0.0,1.0,20.671146392822266,17.00381851196289,True,1.0,0.25,10,0.0039215851575136185,0.0,5,0,0.522188663482666,0.08287591487169266,0.07752933353185654,0.522188663482666,0.08287592232227325,0.43931274116039276,0.8412912264897832,True,6.7353692054748535,1.0689620971679688,5.666407108306885,0.8412912396399798,1.0,0.0,1.0,0.2070850133895874,0.8069800138473511,False,False,True,output/resnet18_localisation_attack_preserve_cls_full_archive_v2/exact_archive/official_test/facedancer/iphone15/chinese2-flickr_F_17619703551_9705002b22_b__2c5d0166a348__exact.npz,ee7e6ff012b4860fb725b86463b2441be11f662c13205a834089fbfce11e8d68,4895487,float32,float32,512,864,resnet_exact_archive_v1
official_test,facedancer,chinese2-flickr_F_17619703551_9705002b22_b,scan,test/attack/facedancer/scan/chinese2-flickr_F_17619703551_9705002b22_b.jpg,1.0,1.0,0.0,0.9999243021011353,20.284204483032227,9.488811492919922,True,1.0,0.25,10,0.0039215851575136185,0.0,10,0,0.5143450498580933,0.00014587416080757976,0.07421398162841797,0.5143449306488037,0.00014587416080757976,0.5141990564879961,0.9997163884542936,True,6.930566787719727,0.0019655886571854353,6.928601199062541,0.9997163884690257,1.0,0.0,1.0,0.022062119096517563,0.9604431390762329,False,False,True,output/resnet18_localisation_attack_preserve_cls_full_archive_v2/exact_archive/official_test/facedancer/scan/chinese2-flickr_F_17619703551_9705002b22_b__82c0da954285__exact.npz,dfb89b475252f1fcc7c622f73fd5869f56e01a084167a8486e33b037ee1db4ed,4776296,float32,float32,512,864,resnet_exact_archive_v1
official_test,facedancer,chinese2-flickr_F_17773666675_1bdbd28a62_c,iphone15,test/attack/facedancer/iphone15/chinese2-flickr_F_17773666675_1bdbd28a62_c.jpg,1.0,0.9999974966049194,2.5033950805664062e-06,0.993550181388855,12.890466690063477,5.037233352661133,True,1.0,0.25,10,0.0039215851575136185,0.0,9,0,0.5977206230163574,7.214584911707789e-05,0.08239240944385529,0.5977206230163574,7.21458563930355e-05,0.5976484771599644,0.9998792983651309,True,7.25455904006958,0.0008756371680647135,7.253683402901515,0.9998792983607648,1.0,0.0,1.0,0.007130919955670834,0.9930078983306885,False,False,True,output/resnet18_localisation_attack_preserve_cls_full_archive_v2/exact_archive/official_test/facedancer/iphone15/chinese2-flickr_F_17773666675_1bdbd28a62_c__f05c35d7ec9d__exact.npz,57d925963d8af3b36d0138227f639867fa2534d96532e05b3cbad680ebfea36b,4761276,float32,float32,512,864,resnet_exact_archive_v1
official_test,facedancer,chinese2-flickr_F_17773666675_1bdbd28a62_c,scan,test/attack/facedancer/scan/chinese2-flickr_F_17773666675_1bdbd28a62_c.jpg,1.0,0.9999997615814209,2.384185791015625e-07,0.9928463101387024,15.333803176879883,4.932945728302002,True,1.0,0.25,10,0.0039215851575136185,0.0,10,0,0.570155680179596,0.0010967169655486941,0.08487606793642044,0.5701556205749512,0.0010967169655486941,0.5690589036094025,0.998076460310182,True,6.717507362365723,0.012921391986310482,6.704585970379412,0.9980764603164112,1.0,0.0,1.0,0.0437120757997036,0.9322226643562317,False,False,True,output/resnet18_localisation_attack_preserve_cls_full_archive_v2/exact_archive/official_test/facedancer/scan/chinese2-flickr_F_17773666675_1bdbd28a62_c__08c3d1db04bc__exact.npz,8e29c356dc9f108322506c34dc4fef7cf4612837ed9b2038140374122d2e7127,4771712,float32,float32,512,864,resnet_exact_archive_v1
official_test,facedancer,chinese2-flickr_F_21668538829_2fb67bd5fd_c,iphone15,test/attack/facedancer/iphone15/chinese2-flickr_F_21668538829_2fb67bd5fd_c.jpg,1.0,0.9997765421867371,0.00022345781326293945,0.9982245564460754,8.405986785888672,6.331943511962891,True,1.0,0.25,10,0.0039215851575136185,0.0,5,0,0.5529710650444031,0.004379954654723406,0.09224098175764084,0.5529710650444031,0.004379954654723406,0.5485911103896797,0.9920792335592249,True,5.994852066040039,0.04748382419347763,5.947368241846561,0.9920792333705002,1.0,0.0,1.0,0.09642228484153748,0.8800441026687622,False,False,True,output/resnet18_localisation_attack_preserve_cls_full_archive_v2/exact_archive/official_test/facedancer/iphone15/chinese2-flickr_F_21668538829_2fb67bd5fd_c__e9bc22c9e444__exact.npz,fb88fab4547968b860d919435affbc1dd45a6829a7baf8b3e31ddbf7aa12ae35,4993507,float32,float32,512,864,resnet_exact_archive_v1
official_test,facedancer,chinese2-flickr_F_21696826019_7407a3bea0_k,huawei,test/attack/facedancer/huawei/chinese2-flickr_F_21696826019_7407a3bea0_k.jpg,1.0,1.0,0.0,0.9980296492576599,20.361841201782227,6.227568626403809,True,1.0,0.25,10,0.0039215851575136185,0.0,10,0,0.568466067314148,2.5680052203824744e-05,0.08438365906476974,0.568466067314148,2.568005038483534e-05,0.5684403872637631,0.999954825711047,True,6.736684322357178,0.0003043249307665974,6.736379997426411,0.9999548257100668,1.0,0.0,1.0,0.012631752528250217,0.9814382791519165,False,False,True,output/resnet18_localisation_attack_preserve_cls_full_archive_v2/exact_archive/official_test/facedancer/huawei/chinese2-flickr_F_21696826019_7407a3bea0_k__33f56a2028a8__exact.npz,9d5c5996d18d14dba4258f43a7186739488bf4e3454c2aa387ae8c0714af5db7,4322486,float32,float32,512,864,resnet_exact_archive_v1
official_test,facedancer,chinese2-flickr_F_21696826019_7407a3bea0_k,scan,test/attack/facedancer/scan/chinese2-flickr_F_21696826019_7407a3bea0_k.jpg,1.0,0.9999938011169434,6.198883056640625e-06,0.8260354995727539,11.988815307617188,1.5577867031097412,True,1.0,0.25,10,0.0039215851575136185,0.0,10,0,0.5246915817260742,2.4390925318584777e-05,0.08522770553827286,0.5246915221214294,2.4390928956563585e-05,0.5246671311924729,0.9999535137734684,True,6.156349182128906,0.0002861854445654899,6.156062996684341,0.9999535137731634,1.0,0.0,1.0,0.017423372715711594,0.9772287011146545,False,False,True,output/resnet18_localisation_attack_preserve_cls_full_archive_v2/exact_archive/official_test/facedancer/scan/chinese2-flickr_F_21696826019_7407a3bea0_k__c90d8cddc6d7__exact.npz,9b289f593ad64bb149d103e4a0c708c2098b73e337da941a56aaf99e59f7d577,4479338,float32,float32,512,864,resnet_exact_archive_v1
official_test,facedancer,chinese2-flickr_F_25164779518_a723fab6b8_o,iphone15,test/attack/facedancer/iphone15/chinese2-flickr_F_25164779518_a723fab6b8_o.jpg,1.0,1.0,0.0,0.9999903440475464,25.149398803710938,11.54279899597168,True,1.0,0.25,10,0.0039215851575136185,0.0,10,0,0.5140414237976074,0.03613416478037834,0.09468347579240799,0.5140414237976074,0.03613417223095894,0.4779072515666485,0.929705719114991,True,5.429050922393799,0.3816312253475189,5.04741969704628,0.9297057200599532,1.0,0.0,1.0,0.2703067660331726,0.7138884663581848,False,False,True,output/resnet18_localisation_attack_preserve_cls_full_archive_v2/exact_archive/official_test/facedancer/iphone15/chinese2-flickr_F_25164779518_a723fab6b8_o__269f1ddb1009__exact.npz,d2be28d56d5154600992c4d835118082238667a5ad4ee054d7517d3855312e80,5010851,float32,float32,512,864,resnet_exact_archive_v1
official_test,facedancer,chinese2-flickr_F_30990251270_6801e68759_c,iphone15,test/attack/facedancer/iphone15/chinese2-flickr_F_30990251270_6801e68759_c.jpg,1.0,1.0,0.0,0.9974321722984314,19.48649787902832,5.962099552154541,True,1.0,0.25,10,0.0039215851575136185,0.0,10,0,0.574619472026825,0.0931515172123909,0.07624385505914688,0.5746195316314697,0.0931515246629715,0.48146800696849823,0.8378900828544862,True,7.5366010665893555,1.2217577695846558,6.3148432970047,0.8378900835018517,1.0,0.0,1.0,0.08357889205217361,0.9216582179069519,False,False,True,output/resnet18_localisation_attack_preserve_cls_full_archive_v2/exact_archive/official_test/facedancer/iphone15/chinese2-flickr_F_30990251270_6801e68759_c__7edd24910f4e__exact.npz,14cd62f699ea9462e7e336c2531153ce24e27597068bf42d545ba07224031de2,4688490,float32,float32,512,864,resnet_exact_archive_v1
official_test,facedancer,chinese2-flickr_F_30990251270_6801e68759_c,scan,test/attack/facedancer/scan/chinese2-flickr_F_30990251270_6801e68759_c.jpg,1.0,0.9999986886978149,1.3113021850585938e-06,0.9733253121376038,13.501655578613281,3.5970025062561035,True,1.0,0.25,10,0.0039215851575136185,0.0,7,0,0.5828462839126587,0.07514666765928268,0.08271412551403046,0.5828462839126587,0.07514665275812149,0.5076996311545372,0.8710695172427616,True,7.046514511108398,0.9085105061531067,6.138004004955292,0.8710695188776103,1.0,0.0,1.0,0.03752411901950836,0.9678027629852295,False,False,True,output/resnet18_localisation_attack_preserve_cls_full_archive_v2/exact_archive/official_test/facedancer/scan/chinese2-flickr_F_30990251270_6801e68759_c__21619e620255__exact.npz,e3ee9d172909b96c475750bcfadc4c05f4765a1fba272ac3bc1a80e3a5543eff,4457775,float32,float32,512,864,resnet_exact_archive_v1
official_test,facedancer,chinese2-flickr_F_31196390972_be24a6067c_k,huawei,test/attack/facedancer/huawei/chinese2-flickr_F_31196390972_be24a6067c_k.jpg,1.0,1.0,0.0,0.9995489716529846,21.572893142700195,7.7036824226379395,True,1.0,0.25,10,0.0039215851575136185,0.0,10,0,0.5148497819900513,0.05220947042107582,0.08630310744047165,0.5148497223854065,0.05220947414636612,0.4626402482390404,0.898592789553292,True,5.9655985832214355,0.604954719543457,5.3606438636779785,0.8985927881160284,1.0,0.0,1.0,0.2765408456325531,0.7007806301116943,False,False,True,output/resnet18_localisation_attack_preserve_cls_full_archive_v2/exact_archive/official_test/facedancer/huawei/chinese2-flickr_F_31196390972_be24a6067c_k__381c40a8a231__exact.npz,be3f8b1354c670bfc5a95ed0bedc514bb43cfce9530be98e2d9243b0c2713db1,4370953,float32,float32,512,864,resnet_exact_archive_v1
official_test,facedancer,chinese2-flickr_F_31196390972_be24a6067c_k,scan,test/attack/facedancer/scan/chinese2-flickr_F_31196390972_be24a6067c_k.jpg,1.0,1.0,0.0,0.998389720916748,17.801410675048828,6.429756164550781,True,1.0,0.25,10,0.0039215851575136185,0.0,10,0,0.5397642850875854,0.047762610018253326,0.08569484949111938,0.5397642254829407,0.04776260256767273,0.49200162291526794,0.9115121004454523,True,6.298677921295166,0.5573567748069763,5.74132114648819,0.9115121011470341,1.0,0.0,1.0,0.25367850065231323,0.685325562953949,False,False,True,output/resnet18_localisation_attack_preserve_cls_full_archive_v2/exact_archive/official_test/facedancer/scan/chinese2-flickr_F_31196390972_be24a6067c_k__ff024cc16823__exact.npz,e61e130c03683bde1fb12b909e76018585ab51b2174594960964a9c053fc7ba4,4719687,float32,float32,512,864,resnet_exact_archive_v1
official_test,facedancer,chinese2-flickr_F_31226153591_900ef17f37_k,huawei,test/attack/facedancer/huawei/chinese2-flickr_F_31226153591_900ef17f37_k.jpg,0.99462890625,0.9947828650474548,0.00015395879745483398,0.895718514919281,5.250582695007324,2.1505320072174072,True,1.0,0.25,10,0.0039215851575136185,0.0,9,0,0.6577514410018921,5.622665412374772e-05,0.09142473340034485,0.6577514410018921,5.622665776172653e-05,0.6576952143441304,0.9999145168611473,True,7.1944580078125,0.0006150048575364053,7.193843002954964,0.9999145168604961,1.0,0.0,1.0,0.001402875641360879,0.9990065097808838,False,False,True,output/resnet18_localisation_attack_preserve_cls_full_archive_v2/exact_archive/official_test/facedancer/huawei/chinese2-flickr_F_31226153591_900ef17f37_k__ad3e4bb6bb85__exact.npz,2220b87ea5d055dd3d8dfc2da9edba48bc31f13a5c9877bd379102f29db6db6b,3858977,float32,float32,512,864,resnet_exact_archive_v1
official_test,facedancer,chinese2-flickr_F_31226153591_900ef17f37_k,iphone15,test/attack/facedancer/iphone15/chinese2-flickr_F_31226153591_900ef17f37_k.jpg,1.0,0.9999929666519165,7.033348083496094e-06,0.9998074173927307,11.865912437438965,8.554947853088379,True,1.0,0.25,10,0.0039215851575136185,0.0,10,0,0.6217929124832153,0.011019406840205193,0.09001629799604416,0.6217930316925049,0.011019405908882618,0.6107736257836223,0.9822780164021973,True,6.9075608253479,0.12241567671298981,6.785145148634911,0.9822780168270434,1.0,0.0,1.0,0.08059859275817871,0.923385739326477,False,False,True,output/resnet18_localisation_attack_preserve_cls_full_archive_v2/exact_archive/official_test/facedancer/iphone15/chinese2-flickr_F_31226153591_900ef17f37_k__c16723a8b132__exact.npz,a08d04e2dddc6dc2d0fffdfb1a0c87045a93820a473c311f29e84cb9e4886bd0,4872246,float32,float32,512,864,resnet_exact_archive_v1
official_test,facedancer,chinese2-flickr_F_31226153591_900ef17f37_k,scan,test/attack/facedancer/scan/chinese2-flickr_F_31226153591_900ef17f37_k.jpg,1.0,0.9999854564666748,1.4543533325195312e-05,0.9561751484870911,11.141765594482422,3.0827417373657227,True,1.0,0.25,10,0.0039215851575136185,0.0,10,0,0.6060704588890076,0.00017943205602932721,0.08855359256267548,0.6060705184936523,0.00017943205602932721,0.605891086437623,0.9997039419497333,True,6.844110012054443,0.0020262538455426693,6.842083758208901,0.9997039419527194,1.0,0.0,1.0,0.008967028930783272,0.9877378940582275,False,False,True,output/resnet18_localisation_attack_preserve_cls_full_archive_v2/exact_archive/official_test/facedancer/scan/chinese2-flickr_F_31226153591_900ef17f37_k__c1ffc523e413__exact.npz,ece974225ee026afb23fcc60f55f37ec4a80404391f81478150cd2e6d01efeba,4509816,float32,float32,512,864,resnet_exact_archive_v1
official_test,facedancer,chinese2-flickr_F_31998401683_5272a75c42_c,scan,test/attack/facedancer/scan/chinese2-flickr_F_31998401683_5272a75c42_c.jpg,1.0,1.0,0.0,0.9996426105499268,22.10008430480957,7.936339378356934,True,1.0,0.25,10,0.0039215851575136185,0.0,10,0,0.4721987843513489,0.019073903560638428,0.08504668623209,0.4721987843513489,0.019073903560638428,0.45312488079071045,0.9596061993534356,True,5.552230358123779,0.22427569329738617,5.327954664826393,0.9596061980805181,1.0,0.0,1.0,0.19693930447101593,0.7814090251922607,False,False,True,output/resnet18_localisation_attack_preserve_cls_full_archive_v2/exact_archive/official_test/facedancer/scan/chinese2-flickr_F_31998401683_5272a75c42_c__468660bcd164__exact.npz,c7d56f8404e32acf49bc8cc0685a158caf0080b1f684dc1fa2cbc901415318b7,5073832,float32,float32,512,864,resnet_exact_archive_v1
official_test,facedancer,chinese2-flickr_F_31998955273_5516f4db28_h,scan,test/attack/facedancer/scan/chinese2-flickr_F_31998955273_5516f4db28_h.jpg,0.9013671875,0.9015035629272461,0.00013637542724609375,0.5002187490463257,2.214043617248535,0.0008748993277549744,True,1.0,0.25,10,0.0039215851575136185,0.0,10,1,0.5567411780357361,0.0,0.07144076377153397,0.5567411780357361,0.0,0.5567411780357361,1.0,True,7.793046474456787,0.0,7.793046474456787,1.0,1.0,0.0,1.0,0.014536537230014801,0.9909359216690063,False,False,True,output/resnet18_localisation_attack_preserve_cls_full_archive_v2/exact_archive/official_test/facedancer/scan/chinese2-flickr_F_31998955273_5516f4db28_h__0da69bbf32a6__exact.npz,051e3ba45b33145188e21d0e80e1008722f9d88258bc48abf3efa4f665c107bb,4513567,float32,float32,512,864,resnet_exact_archive_v1
official_test,facedancer,chinese2-flickr_F_32689517821_bfacb0e1ba_h,scan,test/attack/facedancer/scan/chinese2-flickr_F_32689517821_bfacb0e1ba_h.jpg,1.0,0.999882698059082,0.00011730194091796875,0.9816060662269592,9.051092147827148,3.9771664142608643,True,1.0,0.25,10,0.0039215851575136185,0.0,7,0,0.39866936206817627,0.0009171233396045864,0.08736836165189743,0.39866936206817627,0.0009171233978122473,0.397752238670364,0.9976995388031463,True,4.563086032867432,0.010497203096747398,4.552588829770684,0.9976995386409248,1.0,0.0,1.0,0.26053279638290405,0.8241917490959167,False,False,True,output/resnet18_localisation_attack_preserve_cls_full_archive_v2/exact_archive/official_test/facedancer/scan/chinese2-flickr_F_32689517821_bfacb0e1ba_h__37f2a7ea30cb__exact.npz,05e10ec989d310ce04454e6a60ead5c8150fcbdc2377dcd25c80abf804072dc8,4798158,float32,float32,512,864,resnet_exact_archive_v1
official_test,facedancer,chinese2-flickr_F_33552328531_f6d5dd17b8_c,iphone15,test/attack/facedancer/iphone15/chinese2-flickr_F_33552328531_f6d5dd17b8_c.jpg,1.0,1.0,0.0,0.9999992847442627,31.713260650634766,14.073360443115234,True,1.0,0.25,10,0.0039215851575136185,0.0,10,0,0.5030538439750671,0.040996845811605453,0.08121165633201599,0.5030538439750671,0.04099683836102486,0.4620570056140423,0.9185040749573186,True,6.194355010986328,0.5048146843910217,5.689540326595306,0.9185040761313032,1.0,0.0,1.0,0.200333833694458,0.7695350646972656,False,False,True,output/resnet18_localisation_attack_preserve_cls_full_archive_v2/exact_archive/official_test/facedancer/iphone15/chinese2-flickr_F_33552328531_f6d5dd17b8_c__493b1c11ed00__exact.npz,7b304940f409f85e7939df18ae9b6f33cf33c7216773e14f453ac5fed73b48a0,5162513,float32,float32,512,864,resnet_exact_archive_v1
official_test,facedancer,chinese2-flickr_F_33552328531_f6d5dd17b8_c,scan,test/attack/facedancer/scan/chinese2-flickr_F_33552328531_f6d5dd17b8_c.jpg,1.0,1.0,0.0,1.0,29.28249168395996,18.2121524810791,True,1.0,0.25,10,0.0039215851575136185,0.0,10,0,0.47576677799224854,0.06174283102154732,0.07838255167007446,0.4757668077945709,0.06174283102154732,0.4140239767730236,0.8702245932040578,True,6.069804668426514,0.7877113819122314,5.282093286514282,0.8702245912443124,1.0,0.0,1.0,0.3147726058959961,0.7078644037246704,False,False,True,output/resnet18_localisation_attack_preserve_cls_full_archive_v2/exact_archive/official_test/facedancer/scan/chinese2-flickr_F_33552328531_f6d5dd17b8_c__59e5fe59833b__exact.npz,2eb8169e2e9033401def0b9cb7bc0291ec0075fb91a97e59d31bda9754ce87d8,5268049,float32,float32,512,864,resnet_exact_archive_v1
official_test,facedancer,chinese2-flickr_F_39035705701_833f3da9bf_o,huawei,test/attack/facedancer/huawei/chinese2-flickr_F_39035705701_833f3da9bf_o.jpg,1.0,0.9998937845230103,0.0001062154769897461,0.9231588840484619,9.14981460571289,2.4860610961914062,True,1.0,0.25,10,0.0039215851575136185,0.0,7,0,0.47041055560112,0.00036252447171136737,0.08396491408348083,0.4704105257987976,0.00036252447171136737,0.47004800132708624,0.9992293444729031,True,5.6024651527404785,0.004317570943385363,5.598147581797093,0.9992293444357662,1.0,0.0,1.0,0.08130155503749847,0.9204336404800415,False,False,True,output/resnet18_localisation_attack_preserve_cls_full_archive_v2/exact_archive/official_test/facedancer/huawei/chinese2-flickr_F_39035705701_833f3da9bf_o__23a150fa5ec7__exact.npz,b98fb8ee2ab98e52ca381f2910bb5aeacb83049c6037cf23c59d8ec37f1a740d,4183380,float32,float32,512,864,resnet_exact_archive_v1
official_test,facedancer,chinese2-flickr_F_39035705701_833f3da9bf_o,iphone15,test/attack/facedancer/iphone15/chinese2-flickr_F_39035705701_833f3da9bf_o.jpg,1.0,1.0,0.0,0.9000269174575806,17.690025329589844,2.1975231170654297,True,1.0,0.25,10,0.0039215851575136185,0.0,10,0,0.5201801061630249,0.002762541174888611,0.08281250298023224,0.5201801061630249,0.002762540942057967,0.5174175652209669,0.9946892606823526,True,6.2814202308654785,0.03335898369550705,6.2480612471699715,0.9946892609522304,1.0,0.0,1.0,0.07475471496582031,0.8840057849884033,False,False,True,output/resnet18_localisation_attack_preserve_cls_full_archive_v2/exact_archive/official_test/facedancer/iphone15/chinese2-flickr_F_39035705701_833f3da9bf_o__a6def5427fed__exact.npz,cc0d0a1506edb25786f0e75a02d62ae27872c7956dfb9a86ede9207ffa7c7656,4705354,float32,float32,512,864,resnet_exact_archive_v1
official_test,facedancer,chinese2-flickr_F_48677929383_2cdc743f43_c,huawei,test/attack/facedancer/huawei/chinese2-flickr_F_48677929383_2cdc743f43_c.jpg,1.0,0.9999324083328247,6.759166717529297e-05,0.9698007702827454,9.60177230834961,3.4692742824554443,True,1.0,0.25,10,0.0039215851575136185,0.0,7,0,0.5581416487693787,0.01809799298644066,0.08266207575798035,0.5581417083740234,0.01809799112379551,0.5400437172502279,0.9675745588400506,True,6.752089500427246,0.21893948316574097,6.533150017261505,0.967574558490096,1.0,0.0,1.0,0.046432726085186005,0.9142060279846191,False,False,True,output/resnet18_localisation_attack_preserve_cls_full_archive_v2/exact_archive/official_test/facedancer/huawei/chinese2-flickr_F_48677929383_2cdc743f43_c__41ca80af995a__exact.npz,8c21bfc78ad92ad081a24f2e936e4b7970783c351eae4c3cb3575c61942352ba,4205939,float32,float32,512,864,resnet_exact_archive_v1
official_test,facedancer,chinese2-flickr_F_48677929383_2cdc743f43_c,scan,test/attack/facedancer/scan/chinese2-flickr_F_48677929383_2cdc743f43_c.jpg,1.0,0.9999983310699463,1.6689300537109375e-06,0.981748640537262,13.336580276489258,3.9850940704345703,True,1.0,0.25,10,0.0039215851575136185,0.0,10,0,0.5583657622337341,0.017036298289895058,0.08507155627012253,0.5583657622337341,0.017036300152540207,0.5413294620811939,0.9694889957357221,True,6.563483238220215,0.20025846362113953,6.363224774599075,0.9694889959564454,1.0,0.0,1.0,0.110481858253479,0.8704359531402588,False,False,True,output/resnet18_localisation_attack_preserve_cls_full_archive_v2/exact_archive/official_test/facedancer/scan/chinese2-flickr_F_48677929383_2cdc743f43_c__5b69e5f27561__exact.npz,cc46bb420f4ad3e8996ff488e5c48e446a3d5414c6897b3505551d9871fd2056,4594694,float32,float32,512,864,resnet_exact_archive_v1
official_test,facedancer,chinese2-flickr_M_16743317854_732a16acc8_k,scan,test/attack/facedancer/scan/chinese2-flickr_M_16743317854_732a16acc8_k.jpg,1.0,1.0,0.0,0.9993220567703247,16.87342071533203,7.295809745788574,True,1.0,0.25,10,0.0039215851575136185,0.0,9,0,0.5033518075942993,0.0014629234792664647,0.07216282933950424,0.5033518075942993,0.001462923246435821,0.5018888843478635,0.9970936366486342,True,6.975222587585449,0.02027253247797489,6.954950055107474,0.9970936364792062,1.0,0.0,1.0,0.040741123259067535,0.9376465082168579,False,False,True,output/resnet18_localisation_attack_preserve_cls_full_archive_v2/exact_archive/official_test/facedancer/scan/chinese2-flickr_M_16743317854_732a16acc8_k__2bc634668d35__exact.npz,24f782e98871d22b0f922c8803aebe8c947e92e843d2727adfab7e04837028db,4835147,float32,float32,512,864,resnet_exact_archive_v1
official_test,facedancer,chinese2-flickr_M_21459989349_7ab0e1ace5_k,huawei,test/attack/facedancer/huawei/chinese2-flickr_M_21459989349_7ab0e1ace5_k.jpg,1.0,0.9999992847442627,7.152557373046875e-07,0.9729703664779663,14.162471771240234,3.583421230316162,True,1.0,0.25,10,0.0039215851575136185,0.0,10,0,0.5335472226142883,0.01327475719153881,0.08095533400774002,0.5335471630096436,0.01327475719153881,0.5202724058181047,0.9751198054982463,True,6.590636253356934,0.16397631168365479,6.426659941673279,0.9751198055271016,1.0,0.0,1.0,0.12229273468255997,0.8395990133285522,False,False,True,output/resnet18_localisation_attack_preserve_cls_full_archive_v2/exact_archive/official_test/facedancer/huawei/chinese2-flickr_M_21459989349_7ab0e1ace5_k__f0a5015a3643__exact.npz,38f29f34a03f852fd1cebea5488d1d4908c64756b1ebba8b6d8e955914c47d25,4267339,float32,float32,512,864,resnet_exact_archive_v1
official_test,facedancer,chinese2-flickr_M_22911363774_20c12ce7ec_c,huawei,test/attack/facedancer/huawei/chinese2-flickr_M_22911363774_20c12ce7ec_c.jpg,1.0,1.0,0.0,0.9669507145881653,16.798933029174805,3.3761491775512695,True,1.0,0.25,10,0.0039215851575136185,0.0,10,0,0.5225905776023865,0.0005426706047728658,0.068359375,0.5225905179977417,0.0005426706047728658,0.5220478473929688,0.9989615758685174,True,7.644752502441406,0.007938495837152004,7.636814006604254,0.9989615758215041,1.0,0.0,1.0,0.04642365127801895,0.9323753118515015,False,False,True,output/resnet18_localisation_attack_preserve_cls_full_archive_v2/exact_archive/official_test/facedancer/huawei/chinese2-flickr_M_22911363774_20c12ce7ec_c__749c1e73f4b7__exact.npz,0a3a8c9c1f5d464cbc36f41f491f04cb6f402cac1cae3a5c40e09ff16581f522,4207119,float32,float32,512,864,resnet_exact_archive_v1
official_test,facedancer,chinese2-flickr_M_22911363774_20c12ce7ec_c,scan,test/attack/facedancer/scan/chinese2-flickr_M_22911363774_20c12ce7ec_c.jpg,1.0,0.9999973773956299,2.6226043701171875e-06,0.6082795262336731,12.858213424682617,0.44008612632751465,True,1.0,0.25,10,0.0039215851575136185,0.0,10,0,0.5219963788986206,0.0011837881756946445,0.06832122057676315,0.5219964385032654,0.0011837881756946445,0.5208126503275707,0.9977321910871865,True,7.640326976776123,0.017326802015304565,7.6230001747608185,0.9977321910347591,1.0,0.0,1.0,0.03385067731142044,0.9742816686630249,False,False,True,output/resnet18_localisation_attack_preserve_cls_full_archive_v2/exact_archive/official_test/facedancer/scan/chinese2-flickr_M_22911363774_20c12ce7ec_c__126d1855fe54__exact.npz,68e4016c2ebb2a8f8a0d4891c39a01e27470d4a28c0eefdbf4a6c7a9627d3ae4,4178641,float32,float32,512,864,resnet_exact_archive_v1
official_test,facedancer,chinese2-flickr_M_24235235151_ae8ac31253_k,huawei,test/attack/facedancer/huawei/chinese2-flickr_M_24235235151_ae8ac31253_k.jpg,1.0,1.0,0.0,0.9999369382858276,22.241943359375,9.672204971313477,True,1.0,0.25,10,0.0039215851575136185,0.0,10,0,0.529354453086853,0.02261543832719326,0.0832400992512703,0.5293543934822083,0.02261543646454811,0.5067389570176601,0.9572773235794287,True,6.359367847442627,0.27168920636177063,6.087678641080856,0.9572773249040738,1.0,0.0,1.0,0.14064420759677887,0.7950515747070312,False,False,True,output/resnet18_localisation_attack_preserve_cls_full_archive_v2/exact_archive/official_test/facedancer/huawei/chinese2-flickr_M_24235235151_ae8ac31253_k__8a1d642b54af__exact.npz,e6db6c630fb23c1c5d50af39ca2dd0f96f9e6cbf518b44e8dd12df10d5549c9f,4705584,float32,float32,512,864,resnet_exact_archive_v1
official_test,facedancer,chinese2-flickr_M_24291592906_b097dd45e5_k,huawei,test/attack/facedancer/huawei/chinese2-flickr_M_24291592906_b097dd45e5_k.jpg,1.0,1.0,0.0,0.9993857145309448,23.637365341186523,7.394495964050293,True,1.0,0.25,10,0.0039215851575136185,0.0,10,0,0.5645595788955688,0.060949090868234634,0.08033562451601028,0.5645595788955688,0.06094908341765404,0.5036104954779148,0.8920413616276126,True,7.027512073516846,0.7586806416511536,6.268831431865692,0.8920413606245887,1.0,0.0,1.0,0.2029813826084137,0.8123587965965271,False,False,True,output/resnet18_localisation_attack_preserve_cls_full_archive_v2/exact_archive/official_test/facedancer/huawei/chinese2-flickr_M_24291592906_b097dd45e5_k__0aad19324c65__exact.npz,91400439f7a510d961a24d9a35351c8418e96192cda48edfeddb2489f2f8abac,4357372,float32,float32,512,864,resnet_exact_archive_v1
official_test,facedancer,chinese2-flickr_M_24291592906_b097dd45e5_k,iphone15,test/attack/facedancer/iphone15/chinese2-flickr_M_24291592906_b097dd45e5_k.jpg,1.0,1.0,0.0,0.9978625178337097,22.53797149658203,6.146001815795898,True,1.0,0.25,10,0.0039215851575136185,0.0,10,0,0.55904221534729,0.007682363037019968,0.08265280723571777,0.5590422749519348,0.007682362105697393,0.5513599128462374,0.9862579943415587,True,6.763741970062256,0.09294737875461578,6.67079459130764,0.9862579945884955,1.0,0.0,1.0,0.09435537457466125,0.890713632106781,False,False,True,output/resnet18_localisation_attack_preserve_cls_full_archive_v2/exact_archive/official_test/facedancer/iphone15/chinese2-flickr_M_24291592906_b097dd45e5_k__22e0ffb26f1c__exact.npz,e54e666e07c7747b51faf029c670252fe677acbaad3e7f5653ea0faaa957a183,4822154,float32,float32,512,864,resnet_exact_archive_v1
official_test,facedancer,chinese2-flickr_M_26097180114_4c514c928d_c,huawei,test/attack/facedancer/huawei/chinese2-flickr_M_26097180114_4c514c928d_c.jpg,1.0,1.0,0.0,0.9999986886978149,27.242097854614258,13.500696182250977,True,1.0,0.25,10,0.0039215851575136185,0.0,10,0,0.4915977716445923,0.05232185870409012,0.08101233094930649,0.49159783124923706,0.05232185497879982,0.43927597627043724,0.8935677668759426,True,6.068184852600098,0.6458504796028137,5.422334372997284,0.8935677644483623,1.0,0.0,1.0,0.2893536686897278,0.712234377861023,False,False,True,output/resnet18_localisation_attack_preserve_cls_full_archive_v2/exact_archive/official_test/facedancer/huawei/chinese2-flickr_M_26097180114_4c514c928d_c__382905ebb99d__exact.npz,82133399b1ac177cad3c5444670da8d38fa46f3289eb961ec66f7a259fedf93c,4672779,float32,float32,512,864,resnet_exact_archive_v1
official_test,facedancer,chinese2-flickr_M_26097180114_4c514c928d_c,iphone15,test/attack/facedancer/iphone15/chinese2-flickr_M_26097180114_4c514c928d_c.jpg,1.0,1.0,0.0,0.9999326467514038,23.52750015258789,9.604752540588379,True,1.0,0.25,10,0.0039215851575136185,0.0,10,0,0.46436548233032227,0.017321763560175896,0.07670951634645462,0.46436551213264465,0.017321763560175896,0.44704374857246876,0.9626979973585377,True,6.053557872772217,0.22580982744693756,5.827748045325279,0.9626979980710867,1.0,0.0,1.0,0.2084970772266388,0.763029158115387,False,False,True,output/resnet18_localisation_attack_preserve_cls_full_archive_v2/exact_archive/official_test/facedancer/iphone15/chinese2-flickr_M_26097180114_4c514c928d_c__a0f039df6f57__exact.npz,a4b6cd624a7076d16fbdcf3ce67d2b67b4b8a53eb2afbfb6d1e1b21183d6edec,5073410,float32,float32,512,864,resnet_exact_archive_v1
official_test,facedancer,chinese2-flickr_M_26097180114_4c514c928d_c,scan,test/attack/facedancer/scan/chinese2-flickr_M_26097180114_4c514c928d_c.jpg,1.0,1.0,0.0,1.0,28.961322784423828,17.60055160522461,True,1.0,0.25,10,0.0039215851575136185,0.0,10,0,0.47037506103515625,0.08952563256025314,0.07901928573846817,0.47037506103515625,0.08952562510967255,0.3808494359254837,0.8096718288749128,True,5.952661514282227,1.1329591274261475,4.819702386856079,0.8096718375960337,1.0,0.0,1.0,0.4261400103569031,0.6448516845703125,False,False,True,output/resnet18_localisation_attack_preserve_cls_full_archive_v2/exact_archive/official_test/facedancer/scan/chinese2-flickr_M_26097180114_4c514c928d_c__ae2c21a3fe98__exact.npz,010b11191bedae7f102dd58b6ea0358875fbec4f55b4dc33240ab42cc0016348,4967097,float32,float32,512,864,resnet_exact_archive_v1
official_test,facedancer,chinese2-flickr_M_30516208604_4a571cf89d_c,huawei,test/attack/facedancer/huawei/chinese2-flickr_M_30516208604_4a571cf89d_c.jpg,1.0,1.0,0.0,0.9999366998672485,18.502735137939453,9.66786003112793,True,1.0,0.25,10,0.0039215851575136185,0.0,6,0,0.5586058497428894,0.10213547945022583,0.07994051277637482,0.5586059093475342,0.10213547199964523,0.45647043734788895,0.8171600581187155,True,6.987770080566406,1.2776434421539307,5.710126638412476,0.8171600628779748,1.0,0.0,1.0,0.09012015163898468,0.9122270941734314,False,False,True,output/resnet18_localisation_attack_preserve_cls_full_archive_v2/exact_archive/official_test/facedancer/huawei/chinese2-flickr_M_30516208604_4a571cf89d_c__84433a30b26e__exact.npz,0d6fd5a78950dd33d230283dc058862469316329d7f3de1fab32e97fcd4cfc7d,4034056,float32,float32,512,864,resnet_exact_archive_v1
official_test,facedancer,chinese2-flickr_M_30516208604_4a571cf89d_c,iphone15,test/attack/facedancer/iphone15/chinese2-flickr_M_30516208604_4a571cf89d_c.jpg,1.0,0.9999419450759888,5.805492401123047e-05,0.9980247020721436,9.754707336425781,6.225039482116699,True,1.0,0.25,10,0.0039215851575136185,0.0,5,0,0.5221757888793945,0.04301547259092331,0.07936877012252808,0.5221758484840393,0.04301547259092331,0.479160375893116,0.9176226309282511,True,6.5791096687316895,0.5419697761535645,6.037139892578125,0.9176226262454074,1.0,0.0,1.0,0.124066062271595,0.8519978523254395,False,False,True,output/resnet18_localisation_attack_preserve_cls_full_archive_v2/exact_archive/official_test/facedancer/iphone15/chinese2-flickr_M_30516208604_4a571cf89d_c__6587a4648aa6__exact.npz,acdc8916f59bef8c6f2401bb703ee6b53a1ff1d38ea262ade75a93530742a759,4650216,float32,float32,512,864,resnet_exact_archive_v1
official_test,facedancer,chinese2-flickr_M_30518538704_383875f8c4_c,scan,test/attack/facedancer/scan/chinese2-flickr_M_30518538704_383875f8c4_c.jpg,1.0,1.0,0.0,0.9999186992645264,18.561161041259766,9.416728973388672,True,1.0,0.25,10,0.0039215851575136185,0.0,8,0,0.4883579611778259,0.0371028296649456,0.07821085304021835,0.48835793137550354,0.0371028333902359,0.45125509798526764,0.9240253285418495,True,6.244119644165039,0.47439494729042053,5.7697246968746185,0.9240253271357909,1.0,0.0,1.0,0.2267940789461136,0.7505434155464172,False,False,True,output/resnet18_localisation_attack_preserve_cls_full_archive_v2/exact_archive/official_test/facedancer/scan/chinese2-flickr_M_30518538704_383875f8c4_c__d8a15465f3fd__exact.npz,96e295761feea930877263a98874b56bdc5a192dfa494251a5df665b25e8d859,4833267,float32,float32,512,864,resnet_exact_archive_v1
official_test,facedancer,chinese2-flickr_M_31304800026_59e0161aba_c,huawei,test/attack/facedancer/huawei/chinese2-flickr_M_31304800026_59e0161aba_c.jpg,1.0,0.9999903440475464,9.655952453613281e-06,0.9771227836608887,11.550725936889648,3.754472494125366,True,1.0,0.25,10,0.0039215851575136185,0.0,8,0,0.5877103805541992,5.221093488216866e-06,0.07899386435747147,0.5877103805541992,5.221093033469515e-06,0.5877051594611657,0.9999911162143699,True,7.439949989318848,6.609492265852168e-05,7.439883894396189,0.9999911162141206,1.0,0.0,1.0,0.04512188583612442,0.9646142721176147,False,False,True,output/resnet18_localisation_attack_preserve_cls_full_archive_v2/exact_archive/official_test/facedancer/huawei/chinese2-flickr_M_31304800026_59e0161aba_c__b0ca522ee6d0__exact.npz,3901e2154071d056723e1f9901a3412828355387672f71e7661aa5c481c34ba6,4073280,float32,float32,512,864,resnet_exact_archive_v1
official_test,facedancer,chinese2-flickr_M_31304800026_59e0161aba_c,scan,test/attack/facedancer/scan/chinese2-flickr_M_31304800026_59e0161aba_c.jpg,1.0,0.9999852180480957,1.4781951904296875e-05,0.9907163381576538,11.12075138092041,4.670167922973633,True,1.0,0.25,10,0.0039215851575136185,0.0,9,0,0.5289482474327087,6.613285222556442e-05,0.07174558937549591,0.528948187828064,6.613285222556442e-05,0.5288820549758384,0.9998749729108685,True,7.37255334854126,0.0009217688930220902,7.371631579648238,0.9998749729097308,1.0,0.0,1.0,0.03415415436029434,0.963360071182251,False,False,True,output/resnet18_localisation_attack_preserve_cls_full_archive_v2/exact_archive/official_test/facedancer/scan/chinese2-flickr_M_31304800026_59e0161aba_c__e8796a525333__exact.npz,e6a87e68ac0f27f3f7d9b08afb447f4571793d24eae59968dcbd362c26a48aeb,4468034,float32,float32,512,864,resnet_exact_archive_v1
official_test,facedancer,chinese2-flickr_M_31840786965_77af814416_h,iphone15,test/attack/facedancer/iphone15/chinese2-flickr_M_31840786965_77af814416_h.jpg,1.0,1.0,0.0,0.9997500777244568,22.250171661376953,8.294275283813477,True,1.0,0.25,10,0.0039215851575136185,0.0,9,0,0.5759770274162292,0.027899952605366707,0.08288544416427612,0.5759770274162292,0.027899952605366707,0.5480770748108625,0.951560650377806,True,6.949073314666748,0.3366085886955261,6.612464725971222,0.9515606508302225,1.0,0.0,1.0,0.04794008284807205,0.9258562326431274,False,False,True,output/resnet18_localisation_attack_preserve_cls_full_archive_v2/exact_archive/official_test/facedancer/iphone15/chinese2-flickr_M_31840786965_77af814416_h__35ecf4175b2b__exact.npz,d3ac9af99dbb62925b76b616ae4f0ce6d5420f8e383b005743c8de651238d0fe,5048762,float32,float32,512,864,resnet_exact_archive_v1
official_test,facedancer,chinese2-flickr_M_32771950686_f8d5084d87_h,huawei,test/attack/facedancer/huawei/chinese2-flickr_M_32771950686_f8d5084d87_h.jpg,1.0,0.9999998807907104,1.1920928955078125e-07,0.9195696711540222,16.318740844726562,2.436514139175415,True,1.0,0.25,10,0.0039215851575136185,0.0,10,0,0.5271920561790466,0.00016691102064214647,0.08805399388074875,0.5271919965744019,0.00016691097698640078,0.5270250855974155,0.9996833962236321,True,5.987144470214844,0.0018955526174977422,5.985248917597346,0.9996833962121796,1.0,0.0,1.0,0.025859329849481583,0.9590279459953308,False,False,True,output/resnet18_localisation_attack_preserve_cls_full_archive_v2/exact_archive/official_test/facedancer/huawei/chinese2-flickr_M_32771950686_f8d5084d87_h__706d66caa235__exact.npz,a1da3fd473860f32b7cfc91171193c4d4b73d6db9f32d7b66ff5feb11e5286e3,4069768,float32,float32,512,864,resnet_exact_archive_v1
official_test,facedancer,chinese2-flickr_M_32812741685_462068ee90_h,huawei,test/attack/facedancer/huawei/chinese2-flickr_M_32812741685_462068ee90_h.jpg,0.9990234375,0.9988154172897339,0.00020802021026611328,0.8644159436225891,6.737171173095703,1.8524621725082397,True,1.0,0.25,10,0.0039215851575136185,0.0,7,0,0.5443453788757324,2.7634063371806405e-05,0.06755486130714417,0.5443453192710876,2.763406519079581e-05,0.5443176852058969,0.9999492343109925,True,8.057826042175293,0.00040906108915805817,8.057416981086135,0.9999492343112129,0.0,0.0,0.0,0.00016704938025213778,0.9998420476913452,False,False,True,output/resnet18_localisation_attack_preserve_cls_full_archive_v2/exact_archive/official_test/facedancer/huawei/chinese2-flickr_M_32812741685_462068ee90_h__3f49dc23cdb6__exact.npz,938d589c39cd2c4d7420e3588700bb071cdb2d09672b2b16e014ecdf725e20d6,3945483,float32,float32,512,864,resnet_exact_archive_v1
official_test,facedancer,chinese2-flickr_M_33525327222_f112b468ed_k,huawei,test/attack/facedancer/huawei/chinese2-flickr_M_33525327222_f112b468ed_k.jpg,0.99951171875,0.9995204210281372,8.702278137207031e-06,0.9083095788955688,7.642199993133545,2.29316782951355,True,1.0,0.25,10,0.0039215851575136185,0.0,8,0,0.5328897833824158,0.005978013388812542,0.0788005143404007,0.532889723777771,0.005978013854473829,0.5269117099232972,0.9887818931615074,True,6.762515544891357,0.07586262375116348,6.686652921140194,0.9887818928847457,1.0,0.0,1.0,0.04374459385871887,0.9365746974945068,False,False,True,output/resnet18_localisation_attack_preserve_cls_full_archive_v2/exact_archive/official_test/facedancer/huawei/chinese2-flickr_M_33525327222_f112b468ed_k__0607c90866b5__exact.npz,7390aecbf0598ac8a43299a41cc60eb399a9a31b811d20e4458b962e1f750e88,4061397,float32,float32,512,864,resnet_exact_archive_v1
official_test,facedancer,chinese2-flickr_M_33525327222_f112b468ed_k,scan,test/attack/facedancer/scan/chinese2-flickr_M_33525327222_f112b468ed_k.jpg,1.0,0.9997627139091492,0.00023728609085083008,0.9935543537139893,8.345983505249023,5.037876129150391,True,1.0,0.25,10,0.0039215851575136185,0.0,7,0,0.5653712153434753,0.0005458852974697948,0.08097220957279205,0.5653712153434753,0.0005458852974697948,0.5648253300460055,0.9990344657056194,True,6.9822869300842285,0.006741637364029884,6.975545292720199,0.9990344657228304,1.0,0.0,1.0,0.025069715455174446,0.9555850028991699,False,False,True,output/resnet18_localisation_attack_preserve_cls_full_archive_v2/exact_archive/official_test/facedancer/scan/chinese2-flickr_M_33525327222_f112b468ed_k__78d0499f72c6__exact.npz,5c9a01efd4a7d1bead601b392c49d0362246d4a83d7181d5d3530bec6a27103c,4648248,float32,float32,512,864,resnet_exact_archive_v1
official_test,facedancer,chinese2-flickr_M_33552319041_2631ab0a0c_c,iphone15,test/attack/facedancer/iphone15/chinese2-flickr_M_33552319041_2631ab0a0c_c.jpg,1.0,1.0,0.0,0.9987909197807312,22.893020629882812,6.716656684875488,True,1.0,0.25,10,0.0039215851575136185,0.0,10,0,0.5645413398742676,0.0008574285893701017,0.08196693658828735,0.5645412802696228,0.0008574287639930844,0.5636838515056297,0.9984811938578104,True,6.887426376342773,0.010460665449500084,6.876965710893273,0.9984811938628584,1.0,0.0,1.0,0.015208592638373375,0.972775936126709,False,False,True,output/resnet18_localisation_attack_preserve_cls_full_archive_v2/exact_archive/official_test/facedancer/iphone15/chinese2-flickr_M_33552319041_2631ab0a0c_c__f6bfafb17106__exact.npz,6fb0f09f84a1276f40b2f2470cd9044afa9f61347eaf7f0ee4e71a22af8f0c61,4911465,float32,float32,512,864,resnet_exact_archive_v1
official_test,facedancer,chinese2-flickr_M_33552319041_2631ab0a0c_c,scan,test/attack/facedancer/scan/chinese2-flickr_M_33552319041_2631ab0a0c_c.jpg,1.0,1.0,0.0,0.9999955892562866,23.25186538696289,12.343934059143066,True,1.0,0.25,10,0.0039215851575136185,0.0,10,0,0.519034743309021,0.07167400419712067,0.08168826252222061,0.519034743309021,0.07167401164770126,0.44736073166131973,0.8619090290743249,True,6.353847503662109,0.8774089217185974,5.476438581943512,0.8619090368138528,1.0,0.0,1.0,0.3062460422515869,0.724136471748352,False,False,True,output/resnet18_localisation_attack_preserve_cls_full_archive_v2/exact_archive/official_test/facedancer/scan/chinese2-flickr_M_33552319041_2631ab0a0c_c__c90d09c6d94d__exact.npz,1c3b45a7c140a6c246f874ba2930c32e3aa5029e892d73ba8520a3e6a7306a9f,5023479,float32,float32,512,864,resnet_exact_archive_v1
official_test,facedancer,chinese2-flickr_M_34592740762_6446ed6334_k,huawei,test/attack/facedancer/huawei/chinese2-flickr_M_34592740762_6446ed6334_k.jpg,1.0,0.9999169111251831,8.308887481689453e-05,0.9999786615371704,9.395745277404785,10.753929138183594,True,1.0,0.25,10,0.0039215851575136185,0.0,5,0,0.5950632095336914,0.029275963082909584,0.08375058323144913,0.5950632095336914,0.029275961220264435,0.565787248313427,0.950801930364329,True,7.105182647705078,0.34956127405166626,6.755621373653412,0.9508019298892236,1.0,0.0,1.0,0.07194490730762482,0.9145113229751587,False,False,True,output/resnet18_localisation_attack_preserve_cls_full_archive_v2/exact_archive/official_test/facedancer/huawei/chinese2-flickr_M_34592740762_6446ed6334_k__0e2899f815de__exact.npz,10acffa932749d85eda96ed44dd298a5562b56c7180933106617be639ba00d83,4588890,float32,float32,512,864,resnet_exact_archive_v1
official_test,facedancer,chinese2-flickr_M_34592740762_6446ed6334_k,iphone15,test/attack/facedancer/iphone15/chinese2-flickr_M_34592740762_6446ed6334_k.jpg,0.9990234375,0.9991010427474976,7.76052474975586e-05,0.9781736731529236,7.013329982757568,3.8025708198547363,True,1.0,0.25,10,0.0039215851575136185,0.0,7,0,0.6072230935096741,5.696251901099458e-05,0.08143175393342972,0.6072230935096741,5.6962515373015776e-05,0.6071661309943011,0.999906191783577,True,7.456834316253662,0.000699512311257422,7.456134803942405,0.9999061917857377,0.0,0.0,0.0,0.0040111965499818325,0.9913683533668518,False,False,True,output/resnet18_localisation_attack_preserve_cls_full_archive_v2/exact_archive/official_test/facedancer/iphone15/chinese2-flickr_M_34592740762_6446ed6334_k__42cb22aaa8ed__exact.npz,5a2434eaed0306d0eabcd988299f9efd7e965315d33096fecc6f93d81617a8f7,4654534,float32,float32,512,864,resnet_exact_archive_v1
official_test,facedancer,chinese2-flickr_M_34592740762_6446ed6334_k,scan,test/attack/facedancer/scan/chinese2-flickr_M_34592740762_6446ed6334_k.jpg,1.0,0.9999921321868896,7.867813110351562e-06,0.9965360164642334,11.758467674255371,5.661868095397949,True,1.0,0.25,10,0.0039215851575136185,0.0,10,0,0.6196473240852356,0.0,0.08395341038703918,0.6196472644805908,0.0,0.6196472644805908,1.0,True,7.380846977233887,0.0,7.380846977233887,1.0,1.0,0.0,1.0,0.015381038188934326,0.9856410026550293,False,False,True,output/resnet18_localisation_attack_preserve_cls_full_archive_v2/exact_archive/official_test/facedancer/scan/chinese2-flickr_M_34592740762_6446ed6334_k__706e64b901f5__exact.npz,2b1fb5e3d6a0d43a512bef958d2850e730e37c35de64c8bbf65c4e2ddc8954fe,4589014,float32,float32,512,864,resnet_exact_archive_v1
official_test,facedancer,chinese2-flickr_M_3625086942_a3ed938d9c_c,huawei,test/attack/facedancer/huawei/chinese2-flickr_M_3625086942_a3ed938d9c_c.jpg,1.0,0.9998015761375427,0.0001984238624572754,0.9844350218772888,8.524710655212402,4.14704704284668,True,1.0,0.25,10,0.0039215851575136185,0.0,5,0,0.6297421455383301,0.00012924348993692547,0.08884785324335098,0.6297422051429749,0.00012924348993692547,0.6296129616530379,0.9997947676225583,True,7.08787202835083,0.001454660901799798,7.08641736744903,0.9997947676120589,1.0,0.0,1.0,0.013791763223707676,0.9847671389579773,False,False,True,output/resnet18_localisation_attack_preserve_cls_full_archive_v2/exact_archive/official_test/facedancer/huawei/chinese2-flickr_M_3625086942_a3ed938d9c_c__869fdc100d51__exact.npz,07f3fd44f625adb749d10b891dffcc24756b83c01337e18440bbc51c17e904f9,4212903,float32,float32,512,864,resnet_exact_archive_v1
official_test,facedancer,chinese2-flickr_M_3625086942_a3ed938d9c_c,scan,test/attack/facedancer/scan/chinese2-flickr_M_3625086942_a3ed938d9c_c.jpg,1.0,0.9999998807907104,1.1920928955078125e-07,0.9993799924850464,15.8551664352417,7.3852643966674805,True,1.0,0.25,10,0.0039215851575136185,0.0,9,0,0.5855684876441956,0.0002766562101896852,0.08636198937892914,0.5855685472488403,0.0002766561519820243,0.5852918910968583,0.9995275426706544,True,6.780396938323975,0.0032034481409937143,6.777193490182981,0.9995275426836905,1.0,0.0,1.0,0.02779562957584858,0.9550790786743164,False,False,True,output/resnet18_localisation_attack_preserve_cls_full_archive_v2/exact_archive/official_test/facedancer/scan/chinese2-flickr_M_3625086942_a3ed938d9c_c__36c06bda45d4__exact.npz,f252a4ba75af85f84d882d43d752f1248e79aced501f988f42df859c13fa29b3,4875807,float32,float32,512,864,resnet_exact_archive_v1
official_test,facedancer,chinese2-flickr_M_37190875605_735b3fca0d_c,huawei,test/attack/facedancer/huawei/chinese2-flickr_M_37190875605_735b3fca0d_c.jpg,1.0,1.0,0.0,0.9998477697372437,17.727806091308594,8.790095329284668,True,1.0,0.25,10,0.0039215851575136185,0.0,9,0,0.4904017150402069,4.566097049973905e-05,0.07694099098443985,0.4904017448425293,4.5660966861760244e-05,0.49035608387566754,0.9999068906924945,True,6.3737382888793945,0.0005934543441981077,6.373144834535196,0.9999068906947068,1.0,0.0,1.0,0.03010866791009903,0.9495487213134766,False,False,True,output/resnet18_localisation_attack_preserve_cls_full_archive_v2/exact_archive/official_test/facedancer/huawei/chinese2-flickr_M_37190875605_735b3fca0d_c__4b504bf2d931__exact.npz,6e9d848150956b80959bfb39456a2397843b6c18b0fb34a7f5a0a93e0c571fa3,4431886,float32,float32,512,864,resnet_exact_archive_v1
official_test,facedancer,chinese2-flickr_M_38319821984_1d6e303c3e_o,huawei,test/attack/facedancer/huawei/chinese2-flickr_M_38319821984_1d6e303c3e_o.jpg,1.0,0.9999980926513672,1.9073486328125e-06,0.9966375827789307,13.187376022338867,5.691741466522217,True,1.0,0.25,10,0.0039215851575136185,0.0,9,0,0.5237422585487366,0.005425761919468641,0.07447497546672821,0.5237422585487366,0.005425761453807354,0.5183164970949292,0.9896403978001663,True,7.032459735870361,0.07285348325967789,6.959606252610683,0.9896403980974003,1.0,0.0,1.0,0.03708809241652489,0.9445756673812866,False,False,True,output/resnet18_localisation_attack_preserve_cls_full_archive_v2/exact_archive/official_test/facedancer/huawei/chinese2-flickr_M_38319821984_1d6e303c3e_o__027f4ad3bc5d__exact.npz,6decc291d74fcbb106411398dd1dc887c92ec7032b5e287a27b231b61737cb9a,4075609,float32,float32,512,864,resnet_exact_archive_v1
official_test,facedancer,chinese2-flickr_M_38319821984_1d6e303c3e_o,iphone15,test/attack/facedancer/iphone15/chinese2-flickr_M_38319821984_1d6e303c3e_o.jpg,1.0,1.0,0.0,0.9999990463256836,17.658111572265625,13.889278411865234,True,1.0,0.25,10,0.003921577241271734,0.0,4,0,0.4511808454990387,0.08120029419660568,0.07170245051383972,0.45118075609207153,0.08120029419660568,0.36998046189546585,0.820027133027732,True,6.292403221130371,1.1324619054794312,5.15994131565094,0.8200271238695357,1.0,0.0,1.0,0.19709964096546173,0.8287028670310974,False,False,True,output/resnet18_localisation_attack_preserve_cls_full_archive_v2/exact_archive/official_test/facedancer/iphone15/chinese2-flickr_M_38319821984_1d6e303c3e_o__048247d38aa1__exact.npz,c3621ec418fbceb579502bd49c84282907fb52e7432897ed2c2d9595c67e9db2,4576953,float32,float32,512,864,resnet_exact_archive_v1
official_test,facedancer,chinese2-flickr_M_38319821984_1d6e303c3e_o,scan,test/attack/facedancer/scan/chinese2-flickr_M_38319821984_1d6e303c3e_o.jpg,1.0,0.9999988079071045,1.1920928955078125e-06,0.9921397566795349,13.688365936279297,4.8380513191223145,True,1.0,0.25,10,0.0039215851575136185,0.0,8,0,0.546585202217102,5.062129275756888e-05,0.07596014440059662,0.5465852618217468,5.0621289119590074e-05,0.5465346405326272,0.9999073862896506,True,7.195684432983398,0.000666419044137001,7.195018013939261,0.9999073862882198,1.0,0.0,1.0,0.00741609837859869,0.987444281578064,False,False,True,output/resnet18_localisation_attack_preserve_cls_full_archive_v2/exact_archive/official_test/facedancer/scan/chinese2-flickr_M_38319821984_1d6e303c3e_o__55c5bbabaa2b__exact.npz,0acbc3c6b3553c98b0d30e80c8e10dd0b5e70d4d3dcda15a1445b9b80058fd5f,4412020,float32,float32,512,864,resnet_exact_archive_v1
official_test,facedancer,chinese2-flickr_M_6850649398_5d950a2635_k,huawei,test/attack/facedancer/huawei/chinese2-flickr_M_6850649398_5d950a2635_k.jpg,1.0,0.9999998807907104,1.1920928955078125e-07,0.9299215078353882,15.577266693115234,2.5854835510253906,True,1.0,0.25,10,0.0039215851575136185,0.0,10,0,0.5835832953453064,0.005378785077482462,0.07981754839420319,0.5835832953453064,0.005378785077482462,0.5782045102678239,0.9907831750490736,True,7.311466217041016,0.06738850474357605,7.24407771229744,0.9907831749825347,1.0,0.0,1.0,0.07193145155906677,0.9079443216323853,False,False,True,output/resnet18_localisation_attack_preserve_cls_full_archive_v2/exact_archive/official_test/facedancer/huawei/chinese2-flickr_M_6850649398_5d950a2635_k__9144d734e0e1__exact.npz,33ba9f8e805f4e6af4129b136e2f8197bc4b1309c1b5d1e763393db7521f9529,4177577,float32,float32,512,864,resnet_exact_archive_v1
official_test,facedancer,chinese2-flickr_M_6850649398_5d950a2635_k,scan,test/attack/facedancer/scan/chinese2-flickr_M_6850649398_5d950a2635_k.jpg,1.0,1.0,0.0,0.9998000264167786,21.291893005371094,8.51714038848877,True,1.0,0.25,10,0.0039215851575136185,0.0,10,0,0.4477767050266266,0.01639559492468834,0.06789981573820114,0.4477767050266266,0.01639559492468834,0.43138111010193825,0.9633844397427656,True,6.594667434692383,0.2414674460887909,6.353199988603592,0.9633844392488224,1.0,0.0,1.0,0.16833937168121338,0.8077936768531799,False,False,True,output/resnet18_localisation_attack_preserve_cls_full_archive_v2/exact_archive/official_test/facedancer/scan/chinese2-flickr_M_6850649398_5d950a2635_k__694bec8bb2a1__exact.npz,cb6a6b649c5bafa784d947c0b6d571b8e6bf248d17a7e9b472d5aa09a973b156,4867223,float32,float32,512,864,resnet_exact_archive_v1
official_test,facedancer,netherland-flickr_F_10239917343_ca73cd29b5_h,huawei,test/attack/facedancer/huawei/netherland-flickr_F_10239917343_ca73cd29b5_h.jpg,1.0,0.9999995231628418,4.76837158203125e-07,0.503665030002594,14.584405899047852,0.014660365879535675,True,1.0,0.25,10,0.003921577241271734,0.0,10,2,0.5637475252151489,0.037852942943573,0.07083141058683395,0.5637475252151489,0.037852946668863297,0.5258945785462856,0.9328547887559824,True,7.9590044021606445,0.5344090461730957,7.424595355987549,0.9328547869595324,1.0,0.0,1.0,0.28639113903045654,0.7395371198654175,False,False,True,output/resnet18_localisation_attack_preserve_cls_full_archive_v2/exact_archive/official_test/facedancer/huawei/netherland-flickr_F_10239917343_ca73cd29b5_h__58bac7c29b14__exact.npz,d89b9f89b20023ba0aa3e331d9e28fa7692d7d7cf998c4036fa7d4ba3c865aa4,3723845,float32,float32,512,864,resnet_exact_archive_v1
official_test,facedancer,netherland-flickr_F_10239917343_ca73cd29b5_h,iphone15,test/attack/facedancer/iphone15/netherland-flickr_F_10239917343_ca73cd29b5_h.jpg,1.0,0.9999998807907104,1.1920928955078125e-07,0.5103791356086731,16.241180419921875,0.041522420942783356,True,1.0,0.25,10,0.0039215851575136185,0.0,9,0,0.5645583868026733,0.0056135766208171844,0.06979373842477798,0.5645583271980286,0.005613577086478472,0.5589447501115501,0.9900566924336421,True,8.088953971862793,0.08043095469474792,8.008523017168045,0.9900566927473534,1.0,0.0,1.0,0.02942887507379055,0.967011570930481,False,False,True,output/resnet18_localisation_attack_preserve_cls_full_archive_v2/exact_archive/official_test/facedancer/iphone15/netherland-flickr_F_10239917343_ca73cd29b5_h__15cddcf35bb0__exact.npz,2422bb3c3fdc505745ec464b7564f15f124b98c0a5b930605c119ee8bd8e92e6,4050625,float32,float32,512,864,resnet_exact_archive_v1
official_test,facedancer,netherland-flickr_F_20301931855_4cd18f8166_k,huawei,test/attack/facedancer/huawei/netherland-flickr_F_20301931855_4cd18f8166_k.jpg,1.0,0.9999998807907104,1.1920928955078125e-07,0.5001938939094543,16.282014846801758,0.0007757171988487244,True,1.0,0.25,10,0.003921577241271734,0.0,10,3,0.5635284781455994,0.026674598455429077,0.07396157085895538,0.5635285973548889,0.026674596592783928,0.536854000762105,0.9526650524605315,True,7.619208335876465,0.3606548309326172,7.258553504943848,0.9526650519274547,1.0,0.0,1.0,0.19925865530967712,0.795793354511261,False,False,True,output/resnet18_localisation_attack_preserve_cls_full_archive_v2/exact_archive/official_test/facedancer/huawei/netherland-flickr_F_20301931855_4cd18f8166_k__326d8e8622f6__exact.npz,34b70cdc3153ed2a1994ed31f0c26166f97bdda1f30ebca8fd137c22f5e5a27a,3827968,float32,float32,512,864,resnet_exact_archive_v1
official_test,facedancer,netherland-flickr_F_20301931855_4cd18f8166_k,iphone15,test/attack/facedancer/iphone15/netherland-flickr_F_20301931855_4cd18f8166_k.jpg,1.0,1.0,0.0,0.863862156867981,16.829456329345703,1.847745418548584,True,1.0,0.25,10,0.0039215851575136185,0.0,10,0,0.49600377678871155,0.0,0.0641077533364296,0.49600380659103394,0.0,0.49600380659103394,1.0,True,7.737032890319824,0.0,7.737032890319824,1.0,1.0,0.0,1.0,0.007540681399405003,0.9959679841995239,False,False,True,output/resnet18_localisation_attack_preserve_cls_full_archive_v2/exact_archive/official_test/facedancer/iphone15/netherland-flickr_F_20301931855_4cd18f8166_k__5e0dca6e3ac6__exact.npz,9884ca106b020dfc0a23346d2ab035b1d851c1676e64c805c4564673db5614e8,4135644,float32,float32,512,864,resnet_exact_archive_v1
official_test,facedancer,netherland-flickr_F_20301931855_4cd18f8166_k,scan,test/attack/facedancer/scan/netherland-flickr_F_20301931855_4cd18f8166_k.jpg,1.0,0.9999998807907104,1.1920928955078125e-07,0.7781161665916443,15.664200782775879,1.2547216415405273,True,1.0,0.25,10,0.0039215851575136185,0.0,10,0,0.550961971282959,0.0,0.07200297713279724,0.550961971282959,0.0,0.550961971282959,1.0,True,7.651932716369629,0.0,7.651932716369629,1.0,1.0,0.0,1.0,0.00962195172905922,0.9910707473754883,False,False,True,output/resnet18_localisation_attack_preserve_cls_full_archive_v2/exact_archive/official_test/facedancer/scan/netherland-flickr_F_20301931855_4cd18f8166_k__5b92e4b5a940__exact.npz,8691fce4bc028f306756cdc02859c1490297b176f0c5ca45324210aeb25af226,4190955,float32,float32,512,864,resnet_exact_archive_v1
official_test,facedancer,netherland-flickr_F_26297818201_09eab93588_k,huawei,test/attack/facedancer/huawei/netherland-flickr_F_26297818201_09eab93588_k.jpg,1.0,1.0,0.0,0.9999974966049194,19.523685455322266,12.887998580932617,True,1.0,0.25,10,0.0039215851575136185,0.0,8,0,0.6122158765792847,0.04827206954360008,0.07915081083774567,0.6122158765792847,0.04827207326889038,0.5639438033103943,0.9211518761345959,True,7.73480224609375,0.6098746657371521,7.124927580356598,0.9211518735278393,1.0,0.0,1.0,0.06005287170410156,0.9376798868179321,False,False,True,output/resnet18_localisation_attack_preserve_cls_full_archive_v2/exact_archive/official_test/facedancer/huawei/netherland-flickr_F_26297818201_09eab93588_k__945a3f0cef24__exact.npz,5dd9a1a08ee01a87bd998b25cab607e7eade1c3d9a00fef7aa2e2f5ea2a8e50c,3986609,float32,float32,512,864,resnet_exact_archive_v1
official_test,facedancer,netherland-flickr_F_28051545714_ab479f15eb_k,iphone15,test/attack/facedancer/iphone15/netherland-flickr_F_28051545714_ab479f15eb_k.jpg,1.0,0.9999998807907104,1.1920928955078125e-07,0.9980642199516296,15.999349594116211,6.245312213897705,True,1.0,0.25,10,0.0039215851575136185,0.0,10,0,0.5920670032501221,0.0,0.07274369895458221,0.5920668840408325,0.0,0.5920668840408325,1.0,True,8.139081954956055,0.0,8.139081954956055,1.0,1.0,0.0,1.0,0.009633835405111313,0.9896191358566284,False,False,True,output/resnet18_localisation_attack_preserve_cls_full_archive_v2/exact_archive/official_test/facedancer/iphone15/netherland-flickr_F_28051545714_ab479f15eb_k__9c8173f64d7b__exact.npz,ea2006c67d883ef8cf856624336da11b60e3d4fb6143e62fd177486583c20195,4395582,float32,float32,512,864,resnet_exact_archive_v1
official_test,facedancer,netherland-flickr_F_28630210242_e3780d0ee9_b,huawei,test/attack/facedancer/huawei/netherland-flickr_F_28630210242_e3780d0ee9_b.jpg,1.0,1.0,0.0,0.9835429191589355,18.951622009277344,4.090404987335205,True,1.0,0.25,10,0.0039215851575136185,0.0,10,0,0.607861340045929,0.0,0.07634478062391281,0.6078612804412842,0.0,0.6078612804412842,1.0,True,7.9620537757873535,0.0,7.9620537757873535,1.0,1.0,0.0,1.0,0.018666885793209076,0.9861271381378174,False,False,True,output/resnet18_localisation_attack_preserve_cls_full_archive_v2/exact_archive/official_test/facedancer/huawei/netherland-flickr_F_28630210242_e3780d0ee9_b__06195dd83663__exact.npz,cfdcb4f5e19f134af3b2707c26c283c9db4e0aac6e0240c5a2bef0b59918e44c,3840699,float32,float32,512,864,resnet_exact_archive_v1
official_test,facedancer,netherland-flickr_F_28630210242_e3780d0ee9_b,iphone15,test/attack/facedancer/iphone15/netherland-flickr_F_28630210242_e3780d0ee9_b.jpg,1.0,0.9999995231628418,4.76837158203125e-07,0.9762234687805176,14.685681343078613,3.714989423751831,True,1.0,0.25,10,0.0039215851575136185,0.0,10,0,0.6166757941246033,0.0,0.07796163856983185,0.6166757941246033,0.0,0.6166757941246033,1.0,True,7.909990310668945,0.0,7.909990310668945,1.0,1.0,0.0,1.0,0.027168963104486465,0.9787631630897522,False,False,True,output/resnet18_localisation_attack_preserve_cls_full_archive_v2/exact_archive/official_test/facedancer/iphone15/netherland-flickr_F_28630210242_e3780d0ee9_b__cf2621269955__exact.npz,2e1865fbecfcff80f7eaa73681423c7cd6c7613869dec8a07674c10686212f97,4169830,float32,float32,512,864,resnet_exact_archive_v1
official_test,facedancer,netherland-flickr_F_31998547103_f617b19dfc_h,scan,test/attack/facedancer/scan/netherland-flickr_F_31998547103_f617b19dfc_h.jpg,1.0,0.999992847442627,7.152557373046875e-06,0.7825317978858948,11.84184455871582,1.2804820537567139,True,1.0,0.25,10,0.0039215851575136185,0.0,8,0,0.5763095617294312,0.0463072694838047,0.07309112697839737,0.5763096213340759,0.046307273209095,0.5300023481249809,0.9196486202991021,True,7.884809970855713,0.6335553526878357,7.251254618167877,0.9196486212058859,1.0,0.0,1.0,0.0169600211083889,0.9783143997192383,False,False,True,output/resnet18_localisation_attack_preserve_cls_full_archive_v2/exact_archive/official_test/facedancer/scan/netherland-flickr_F_31998547103_f617b19dfc_h__5e7ac49cc053__exact.npz,12f142c0889e3265a5c5ec09b76bdecd40740ab22cd03863fe29ce234b189a42,3956877,float32,float32,512,864,resnet_exact_archive_v1
official_test,facedancer,netherland-flickr_F_31998771523_784e7e9597_h,huawei,test/attack/facedancer/huawei/netherland-flickr_F_31998771523_784e7e9597_h.jpg,1.0,1.0,0.0,0.9964333772659302,18.923206329345703,5.632566452026367,True,1.0,0.25,10,0.0039215851575136185,0.0,9,0,0.5503323674201965,0.0022558157797902822,0.0709749087691307,0.5503323078155518,0.0022558155469596386,0.5480764922685921,0.9959009937906177,True,7.753899574279785,0.03178328275680542,7.72211629152298,0.9959009937577432,1.0,0.0,1.0,0.026233986020088196,0.9633256196975708,False,False,True,output/resnet18_localisation_attack_preserve_cls_full_archive_v2/exact_archive/official_test/facedancer/huawei/netherland-flickr_F_31998771523_784e7e9597_h__af242c4a88ca__exact.npz,0cdaad7e99c24ea22936d78acd0b677dbbe59a98f3194799ac5fdd7ccfd3100d,4088979,float32,float32,512,864,resnet_exact_archive_v1
official_test,facedancer,netherland-flickr_F_31998771523_784e7e9597_h,scan,test/attack/facedancer/scan/netherland-flickr_F_31998771523_784e7e9597_h.jpg,1.0,0.9999998807907104,1.1920928955078125e-07,0.864285945892334,16.200946807861328,1.851353645324707,True,1.0,0.25,10,0.0039215851575136185,0.0,10,0,0.5708287954330444,0.0,0.07290951162576675,0.5708287954330444,0.0,0.5708287954330444,1.0,True,7.829277515411377,0.0,7.829277515411377,1.0,1.0,0.0,1.0,0.021425701677799225,0.986910343170166,False,False,True,output/resnet18_localisation_attack_preserve_cls_full_archive_v2/exact_archive/official_test/facedancer/scan/netherland-flickr_F_31998771523_784e7e9597_h__92b39db9d617__exact.npz,7a3a795dcf9743a75cfe8322270f25e2c73c1bfc388109f4c0f842fdcc28e284,4112651,float32,float32,512,864,resnet_exact_archive_v1
official_test,facedancer,netherland-flickr_F_32868411313_4bb20e41db_c,scan,test/attack/facedancer/scan/netherland-flickr_F_32868411313_4bb20e41db_c.jpg,1.0,1.0,0.0,0.9986357092857361,20.11626625061035,6.595724105834961,True,1.0,0.25,10,0.0039215851575136185,0.0,10,0,0.6048761606216431,0.2566944360733032,0.0786340981721878,0.6048761606216431,0.2566944360733032,0.34818172454833984,0.5756248092014515,True,7.692288398742676,3.264416456222534,4.427871942520142,0.5756247962886946,1.0,0.0,1.0,0.6847370266914368,0.41653206944465637,False,False,True,output/resnet18_localisation_attack_preserve_cls_full_archive_v2/exact_archive/official_test/facedancer/scan/netherland-flickr_F_32868411313_4bb20e41db_c__548c3cdcf0ed__exact.npz,c5787eac8c714757350ae84c515e1ac7a0660320440dae34afc3f8db91421b5c,3682930,float32,float32,512,864,resnet_exact_archive_v1
official_test,facedancer,netherland-flickr_F_36412358965_0ec43e5de3_c,huawei,test/attack/facedancer/huawei/netherland-flickr_F_36412358965_0ec43e5de3_c.jpg,1.0,1.0,0.0,0.50212562084198,20.436084747314453,0.008502550423145294,True,1.0,0.25,10,0.003921577241271734,0.0,10,2,0.5782780051231384,0.0026423807721585035,0.07569508999586105,0.5782779455184937,0.002642381004989147,0.5756355645135045,0.9954306038722954,True,7.639570236206055,0.034908223897218704,7.604662012308836,0.995430603709646,1.0,0.0,1.0,0.042858339846134186,0.9189543724060059,False,False,True,output/resnet18_localisation_attack_preserve_cls_full_archive_v2/exact_archive/official_test/facedancer/huawei/netherland-flickr_F_36412358965_0ec43e5de3_c__3e74afbe95a0__exact.npz,b315d20dd4a5d992b93f60e311a07588eb4b6a172f072b4ad1df445a2f3529e9,3861910,float32,float32,512,864,resnet_exact_archive_v1
official_test,facedancer,netherland-flickr_F_37019045642_0a3fa19256_k,iphone15,test/attack/facedancer/iphone15/netherland-flickr_F_37019045642_0a3fa19256_k.jpg,1.0,1.0,0.0,0.999546229839325,24.812162399291992,7.697409629821777,True,1.0,0.25,10,0.0039215851575136185,0.0,10,0,0.5868092775344849,0.024180755019187927,0.07672269642353058,0.5868092775344849,0.024180755019187927,0.5626285225152969,0.9587928208620272,True,7.648444652557373,0.3151708245277405,7.333273828029633,0.9587928214369233,1.0,0.0,1.0,0.07386025786399841,0.9138442873954773,False,False,True,output/resnet18_localisation_attack_preserve_cls_full_archive_v2/exact_archive/official_test/facedancer/iphone15/netherland-flickr_F_37019045642_0a3fa19256_k__6e02c952b18e__exact.npz,6e2e17f515a3072213e478a34adddc6599dfdb0cc84ff9de72a0080bb674064e,4535141,float32,float32,512,864,resnet_exact_archive_v1
official_test,facedancer,netherland-flickr_F_37019045642_0a3fa19256_k,scan,test/attack/facedancer/scan/netherland-flickr_F_37019045642_0a3fa19256_k.jpg,1.0,0.9999997615814209,2.384185791015625e-07,0.7913546562194824,15.258420944213867,1.3331105709075928,True,1.0,0.25,10,0.0039215851575136185,0.0,10,0,0.5693672299385071,0.007407903205603361,0.07330299913883209,0.5693672299385071,0.0074079036712646484,0.5619593262672424,0.9869892342204789,True,7.7673115730285645,0.10105866938829422,7.66625290364027,0.9869892345069285,1.0,0.0,1.0,0.06971758604049683,0.9274553060531616,False,False,True,output/resnet18_localisation_attack_preserve_cls_full_archive_v2/exact_archive/official_test/facedancer/scan/netherland-flickr_F_37019045642_0a3fa19256_k__7f74280d3bdb__exact.npz,fd20fc20909221fa7a10b2a6a16ee7676809ef44f0035996ea76b930f6f2bca2,4129210,float32,float32,512,864,resnet_exact_archive_v1
official_test,facedancer,netherland-flickr_F_37048326531_f8270ca4df_k,huawei,test/attack/facedancer/huawei/netherland-flickr_F_37048326531_f8270ca4df_k.jpg,1.0,0.9999353885650635,6.461143493652344e-05,0.5000288486480713,9.647238731384277,0.00011549890041351318,True,1.0,0.25,10,0.0039215851575136185,0.0,10,5,0.593868613243103,0.12893514335155487,0.07958197593688965,0.5938687324523926,0.12893512845039368,0.4649336040019989,0.7828895151324881,True,7.4623517990112305,1.620154857635498,5.842196941375732,0.7828895097320163,1.0,0.0,1.0,0.5154399871826172,0.5926476120948792,False,False,True,output/resnet18_localisation_attack_preserve_cls_full_archive_v2/exact_archive/official_test/facedancer/huawei/netherland-flickr_F_37048326531_f8270ca4df_k__3586e973d5d0__exact.npz,1bf0c856235b6360e60b6fdd0f92a0fcd4d337b157b89e9ecd2fe697356a0e3f,3572673,float32,float32,512,864,resnet_exact_archive_v1
official_test,facedancer,netherland-flickr_M_15788104622_be592061dc_k,scan,test/attack/facedancer/scan/netherland-flickr_M_15788104622_be592061dc_k.jpg,0.99951171875,0.9993234872817993,0.0001882314682006836,0.8955938220024109,7.297909736633301,2.149197578430176,True,1.0,0.25,10,0.0039215851575136185,0.0,10,0,0.6167483925819397,0.0,0.0783245861530304,0.6167483329772949,0.0,0.6167483329772949,1.0,True,7.874261856079102,0.0,7.874261856079102,1.0,1.0,0.0,1.0,0.021907055750489235,0.9806749820709229,False,False,True,output/resnet18_localisation_attack_preserve_cls_full_archive_v2/exact_archive/official_test/facedancer/scan/netherland-flickr_M_15788104622_be592061dc_k__4ba328e67370__exact.npz,66ff116f0472181bfbfd5f73de98a95cbfe9917aa1224d20af04507f98698d8f,4223030,float32,float32,512,864,resnet_exact_archive_v1
official_test,facedancer,netherland-flickr_M_17339867026_3135c7e76f_k,huawei,test/attack/facedancer/huawei/netherland-flickr_M_17339867026_3135c7e76f_k.jpg,1.0,1.0,0.0,0.9733358025550842,17.214570999145508,3.597407341003418,True,1.0,0.25,10,0.0039215851575136185,0.0,7,0,0.522266685962677,0.006726774387061596,0.0643431544303894,0.522266685962677,0.006726774387061596,0.5155399115756154,0.9871200393058532,True,8.11689567565918,0.10454529523849487,8.012350380420685,0.987120039555023,1.0,0.0,1.0,0.038177430629730225,0.9396615624427795,False,False,True,output/resnet18_localisation_attack_preserve_cls_full_archive_v2/exact_archive/official_test/facedancer/huawei/netherland-flickr_M_17339867026_3135c7e76f_k__ce2009dc700f__exact.npz,70f9fe48a4ce74261ac8fee62c931c86016ea5092fb6b1e7d00c35545e4467f4,3794620,float32,float32,512,864,resnet_exact_archive_v1
official_test,facedancer,netherland-flickr_M_17339867026_3135c7e76f_k,iphone15,test/attack/facedancer/iphone15/netherland-flickr_M_17339867026_3135c7e76f_k.jpg,1.0,0.9999995231628418,4.76837158203125e-07,0.9979307651519775,14.675045013427734,6.178508281707764,True,1.0,0.25,10,0.0039215851575136185,0.0,6,0,0.507191002368927,0.04030372574925423,0.0653298944234848,0.507191002368927,0.04030372202396393,0.4668872803449631,0.920535415975997,True,7.76353645324707,0.6169261932373047,7.146610260009766,0.9205354161788888,1.0,0.0,1.0,0.23097512125968933,0.769863486289978,False,False,True,output/resnet18_localisation_attack_preserve_cls_full_archive_v2/exact_archive/official_test/facedancer/iphone15/netherland-flickr_M_17339867026_3135c7e76f_k__a470f34b30a7__exact.npz,868e82b9e51b384340affe4c5df782e0c1bcd021ebf5ed1ccdb9853df7cd4bd7,4282211,float32,float32,512,864,resnet_exact_archive_v1
official_test,facedancer,netherland-flickr_M_18042193331_841d026f9a_c,huawei,test/attack/facedancer/huawei/netherland-flickr_M_18042193331_841d026f9a_c.jpg,1.0,0.99998939037323,1.0609626770019531e-05,0.9777784943580627,11.458337783813477,3.7842226028442383,True,1.0,0.25,10,0.0039215851575136185,0.0,5,0,0.5463048815727234,0.02728918381035328,0.06969975680112839,0.5463048219680786,0.027289187535643578,0.519015634432435,0.9500476905231524,True,7.837973594665527,0.39152488112449646,7.446448713541031,0.9500476907206008,1.0,0.0,1.0,0.2007112056016922,0.8259665369987488,False,False,True,output/resnet18_localisation_attack_preserve_cls_full_archive_v2/exact_archive/official_test/facedancer/huawei/netherland-flickr_M_18042193331_841d026f9a_c__bc2de095011b__exact.npz,bc05e5f734d274666c1e9dcbaf1c21b149102df98d1075e683eece5e2027afd9,3812807,float32,float32,512,864,resnet_exact_archive_v1
official_test,facedancer,netherland-flickr_M_18042193331_841d026f9a_c,iphone15,test/attack/facedancer/iphone15/netherland-flickr_M_18042193331_841d026f9a_c.jpg,1.0,0.9999945163726807,5.4836273193359375e-06,0.9992874264717102,12.124031066894531,7.245954513549805,True,1.0,0.25,10,0.0039215851575136185,0.0,6,0,0.5912474393844604,0.012334221042692661,0.07465117424726486,0.5912473797798157,0.012334221042692661,0.578913158737123,0.9791386457437055,True,7.920135021209717,0.16522473096847534,7.7549102902412415,0.979138647191492,1.0,0.0,1.0,0.05136243626475334,0.9310017228126526,False,False,True,output/resnet18_localisation_attack_preserve_cls_full_archive_v2/exact_archive/official_test/facedancer/iphone15/netherland-flickr_M_18042193331_841d026f9a_c__02af05c51336__exact.npz,ad519f8b188c6be284f41b06f84e1b5c372fbe6ba547916eba0d15c1133bb12a,4390293,float32,float32,512,864,resnet_exact_archive_v1
official_test,facedancer,netherland-flickr_M_19475853574_c947539b18_c,iphone15,test/attack/facedancer/iphone15/netherland-flickr_M_19475853574_c947539b18_c.jpg,1.0,1.0,0.0,0.5002800822257996,17.52969741821289,0.0011202134191989899,True,1.0,0.25,10,0.0039215851575136185,0.0,10,3,0.5414550304412842,1.6481897546327673e-05,0.07046549767255783,0.5414550304412842,1.6481893908348866e-05,0.5414385485473758,0.9999695599948625,True,7.683973789215088,0.00023390019487123936,7.683739889020217,0.9999695599957408,1.0,0.0,1.0,0.008816071785986423,0.9820889234542847,False,False,True,output/resnet18_localisation_attack_preserve_cls_full_archive_v2/exact_archive/official_test/facedancer/iphone15/netherland-flickr_M_19475853574_c947539b18_c__02b0c6d6cce7__exact.npz,ce80f1468a0358d5cdf65f4b0702607e74df283b84ec75a8ff112c91eacfffe2,4076000,float32,float32,512,864,resnet_exact_archive_v1
official_test,facedancer,netherland-flickr_M_19475853574_c947539b18_c,scan,test/attack/facedancer/scan/netherland-flickr_M_19475853574_c947539b18_c.jpg,1.0,1.0,0.0,0.9454235434532166,18.552583694458008,2.8520302772521973,True,1.0,0.25,10,0.0039215851575136185,0.0,10,0,0.5688230395317078,0.04712368920445442,0.07308560609817505,0.568822979927063,0.047123685479164124,0.5216992944478989,0.9171557986542552,True,7.782968997955322,0.6447738409042358,7.138195157051086,0.9171557999172777,1.0,0.0,1.0,0.21917079389095306,0.7768305540084839,False,False,True,output/resnet18_localisation_attack_preserve_cls_full_archive_v2/exact_archive/official_test/facedancer/scan/netherland-flickr_M_19475853574_c947539b18_c__2ba7520a0e6f__exact.npz,124a66a7d22235d01790e6791af6fbe35ebcb1d99416e69ba755837cef7704db,4107744,float32,float32,512,864,resnet_exact_archive_v1
official_test,facedancer,netherland-flickr_M_21260956694_6fd7ae0222_k,scan,test/attack/facedancer/scan/netherland-flickr_M_21260956694_6fd7ae0222_k.jpg,1.0,0.9999994039535522,5.960464477539062e-07,0.9726139903068542,14.3803129196167,3.5699570178985596,True,1.0,0.25,10,0.0039215851575136185,0.0,8,0,0.5819486975669861,0.003565683960914612,0.07150475680828094,0.5819487571716309,0.003565684426575899,0.578383072745055,0.9938728549848517,True,8.138601303100586,0.04986639320850372,8.088734909892082,0.9938728546403292,1.0,0.0,1.0,0.04042524844408035,0.9533534646034241,False,False,True,output/resnet18_localisation_attack_preserve_cls_full_archive_v2/exact_archive/official_test/facedancer/scan/netherland-flickr_M_21260956694_6fd7ae0222_k__6089d2f57788__exact.npz,6eceb6c8503c40f9c6656a9b9855ee397052e0c33853e9ae2e5116475d894c22,4163328,float32,float32,512,864,resnet_exact_archive_v1
official_test,facedancer,netherland-flickr_M_23559454676_4919252d67_c,scan,test/attack/facedancer/scan/netherland-flickr_M_23559454676_4919252d67_c.jpg,0.99755859375,0.9977402687072754,0.00018167495727539062,0.5015003085136414,6.090250015258789,0.006001230329275131,True,1.0,0.25,10,0.0039215851575136185,0.0,10,4,0.6580590009689331,0.1798841804265976,0.08327696472406387,0.6580590605735779,0.1798841953277588,0.4781748652458191,0.7266442997214141,True,7.9020538330078125,2.160071611404419,5.7419822216033936,0.7266442804550958,1.0,0.0,1.0,0.47716665267944336,0.5855486989021301,False,False,True,output/resnet18_localisation_attack_preserve_cls_full_archive_v2/exact_archive/official_test/facedancer/scan/netherland-flickr_M_23559454676_4919252d67_c__739785c25598__exact.npz,f577c4c5162705c43a7dcb8cd2639ae8a1e70ae253274fc832c6730f118d87df,3808310,float32,float32,512,864,resnet_exact_archive_v1
official_test,facedancer,netherland-flickr_M_2409019110_4f42632225_o,iphone15,test/attack/facedancer/iphone15/netherland-flickr_M_2409019110_4f42632225_o.jpg,0.9892578125,0.9891458749771118,0.0001119375228881836,0.8482524752616882,4.512301445007324,1.7209603786468506,True,1.0,0.25,10,0.003921577241271734,0.0,10,0,0.5746899247169495,0.0,0.07381810992956161,0.5746899843215942,0.0,0.5746899843215942,1.0,True,7.785216808319092,0.0,7.785216808319092,1.0,0.0,0.0,0.0,0.04982282593846321,0.9660050868988037,False,False,True,output/resnet18_localisation_attack_preserve_cls_full_archive_v2/exact_archive/official_test/facedancer/iphone15/netherland-flickr_M_2409019110_4f42632225_o__44b2f9faebb3__exact.npz,33343906bb9e1360b437539d25d22e97728657e3c7f5ad830f211e1f4ca913e3,4094157,float32,float32,512,864,resnet_exact_archive_v1
official_test,facedancer,netherland-flickr_M_2409019110_4f42632225_o,scan,test/attack/facedancer/scan/netherland-flickr_M_2409019110_4f42632225_o.jpg,0.9677734375,0.9677294492721558,4.398822784423828e-05,0.5003682971000671,3.400798797607422,0.0014731138944625854,True,1.0,0.25,10,0.003921577241271734,0.0,10,6,0.5811164379119873,0.00031254588975571096,0.0739988163113594,0.5811164975166321,0.00031254588975571096,0.5808039516268764,0.9994621631099937,True,7.853051662445068,0.0042236605659127235,7.848828001879156,0.9994621631503953,1.0,0.0,1.0,0.03281835839152336,0.9550850987434387,False,False,True,output/resnet18_localisation_attack_preserve_cls_full_archive_v2/exact_archive/official_test/facedancer/scan/netherland-flickr_M_2409019110_4f42632225_o__3d06008373a4__exact.npz,7defabfd0cfa480f452d4c48d52e23dd79a8c4125fdafe2ad80742024b5a3e2a,4136835,float32,float32,512,864,resnet_exact_archive_v1
official_test,facedancer,netherland-flickr_M_26828968014_910728ddd9_k,iphone15,test/attack/facedancer/iphone15/netherland-flickr_M_26828968014_910728ddd9_k.jpg,1.0,1.0,0.0,0.9999034404754639,29.13631820678711,9.24577522277832,True,1.0,0.25,10,0.0039215851575136185,0.0,10,0,0.537584125995636,0.052029501646757126,0.06882575899362564,0.537584125995636,0.05202951654791832,0.48555460944771767,0.9032160474389813,True,7.810798645019531,0.7559599280357361,7.054838716983795,0.9032160522384269,1.0,0.0,1.0,0.23516082763671875,0.802437961101532,False,False,True,output/resnet18_localisation_attack_preserve_cls_full_archive_v2/exact_archive/official_test/facedancer/iphone15/netherland-flickr_M_26828968014_910728ddd9_k__1f9eca96b069__exact.npz,68084c7d3ecf16f3ba002a52de4f4d9ee1a3ad45ec876005f1bb0b1cc2391b29,4617521,float32,float32,512,864,resnet_exact_archive_v1
official_test,facedancer,netherland-flickr_M_26828968014_910728ddd9_k,scan,test/attack/facedancer/scan/netherland-flickr_M_26828968014_910728ddd9_k.jpg,1.0,1.0,0.0,0.9896485209465027,19.179162979125977,4.560212135314941,True,1.0,0.25,10,0.0039215851575136185,0.0,10,0,0.5663343667984009,0.042833730578422546,0.07331381738185883,0.5663343667984009,0.04283373802900314,0.5235006287693977,0.9243666982967136,True,7.724797248840332,0.584251880645752,7.14054536819458,0.9243667035101197,1.0,0.0,1.0,0.20281097292900085,0.8057626485824585,False,False,True,output/resnet18_localisation_attack_preserve_cls_full_archive_v2/exact_archive/official_test/facedancer/scan/netherland-flickr_M_26828968014_910728ddd9_k__e7e87ffd4834__exact.npz,dc997d68b4828fbe6e8ed4480d0297f00826394b39f6df17f28d15b05d013bbf,4247227,float32,float32,512,864,resnet_exact_archive_v1
official_test,facedancer,netherland-flickr_M_31998389253_0a26f25b0d_h,scan,test/attack/facedancer/scan/netherland-flickr_M_31998389253_0a26f25b0d_h.jpg,1.0,0.9999998807907104,1.1920928955078125e-07,0.500808835029602,15.724778175354004,0.0032354015856981277,True,1.0,0.25,10,0.0039215851575136185,0.0,10,1,0.5836163759231567,0.0,0.07597345113754272,0.583616316318512,0.0,0.583616316318512,1.0,True,7.681845188140869,0.0,7.681845188140869,1.0,1.0,0.0,1.0,0.0040123253129422665,0.9891670942306519,False,False,True,output/resnet18_localisation_attack_preserve_cls_full_archive_v2/exact_archive/official_test/facedancer/scan/netherland-flickr_M_31998389253_0a26f25b0d_h__b2535addd0c8__exact.npz,c72706ab98503692e1785cdf7d5da7cc9940ca0e43844bbe038d168ad288e119,4072790,float32,float32,512,864,resnet_exact_archive_v1
official_test,facedancer,netherland-flickr_M_31998818913_b87fd05689_h,huawei,test/attack/facedancer/huawei/netherland-flickr_M_31998818913_b87fd05689_h.jpg,1.0,1.0,0.0,0.9932109713554382,17.66701889038086,4.985624313354492,True,1.0,0.25,10,0.003921577241271734,0.0,6,0,0.5839629173278809,0.016088927164673805,0.07684685289859772,0.5839629173278809,0.016088929027318954,0.5678739883005619,0.9724487145503361,True,7.599048137664795,0.20936353504657745,7.3896846026182175,0.9724487157794325,1.0,0.0,1.0,0.10167461633682251,0.8926697969436646,False,False,True,output/resnet18_localisation_attack_preserve_cls_full_archive_v2/exact_archive/official_test/facedancer/huawei/netherland-flickr_M_31998818913_b87fd05689_h__da2c163c47a1__exact.npz,dbbd53caefdb6b8b64943f63bd081626148ce50160ee2f1d57f64d7a8190a93f,3804881,float32,float32,512,864,resnet_exact_archive_v1
official_test,facedancer,netherland-flickr_M_32689636931_6ac45273df_h,huawei,test/attack/facedancer/huawei/netherland-flickr_M_32689636931_6ac45273df_h.jpg,1.0,0.999998927116394,1.0728836059570312e-06,0.9950619339942932,13.738014221191406,5.305825233459473,True,1.0,0.25,10,0.0039215851575136185,0.0,6,0,0.5946038365364075,4.885100497631356e-05,0.07590845227241516,0.5946037769317627,4.885100861429237e-05,0.5945549259231484,0.9999178427542684,True,7.833169460296631,0.0006435516406781971,7.832525908655953,0.9999178427526763,1.0,0.0,1.0,0.019442256540060043,0.9797355532646179,False,False,True,output/resnet18_localisation_attack_preserve_cls_full_archive_v2/exact_archive/official_test/facedancer/huawei/netherland-flickr_M_32689636931_6ac45273df_h__94a1c57511ce__exact.npz,1a1237e3a7b7dcf77a6d8e536485c701d552b82c31ec8b1545453212c83db2cf,3743983,float32,float32,512,864,resnet_exact_archive_v1
official_test,facedancer,netherland-flickr_M_32689636931_6ac45273df_h,iphone15,test/attack/facedancer/iphone15/netherland-flickr_M_32689636931_6ac45273df_h.jpg,1.0,1.0,0.0,0.9981985688209534,17.620149612426758,6.317378044128418,True,1.0,0.25,10,0.0039215851575136185,0.0,10,0,0.5977623462677002,0.0,0.07947993278503418,0.5977623462677002,0.0,0.5977623462677002,1.0,True,7.520921230316162,0.0,7.520921230316162,1.0,1.0,0.0,1.0,0.014285793527960777,0.9750093221664429,False,False,True,output/resnet18_localisation_attack_preserve_cls_full_archive_v2/exact_archive/official_test/facedancer/iphone15/netherland-flickr_M_32689636931_6ac45273df_h__e0e241ebeed1__exact.npz,cc0e1f7d44ee559b6a94ce0dd29c1c960da49bef30ae363b0d0d6609d4192f04,4413283,float32,float32,512,864,resnet_exact_archive_v1
official_test,facedancer,netherland-flickr_M_33239373490_5b5df42090_k,huawei,test/attack/facedancer/huawei/netherland-flickr_M_33239373490_5b5df42090_k.jpg,1.0,1.0,0.0,0.9002232551574707,20.539527893066406,2.1997077465057373,True,1.0,0.25,10,0.0039215851575136185,0.0,8,0,0.5409965515136719,0.044459789991378784,0.0670231506228447,0.5409966111183167,0.04445979371666908,0.49653681740164757,0.9178187204818817,True,8.071786880493164,0.6633498072624207,7.408437073230743,0.9178187163407997,1.0,0.0,1.0,0.26505881547927856,0.7748491764068604,False,False,True,output/resnet18_localisation_attack_preserve_cls_full_archive_v2/exact_archive/official_test/facedancer/huawei/netherland-flickr_M_33239373490_5b5df42090_k__b85a1cc38a57__exact.npz,42821cf3158f8ac491880fb6e5718f1e73a19c88ae45137486ef1433106c2da0,3581644,float32,float32,512,864,resnet_exact_archive_v1
official_test,facedancer,netherland-flickr_M_33239373490_5b5df42090_k,iphone15,test/attack/facedancer/iphone15/netherland-flickr_M_33239373490_5b5df42090_k.jpg,1.0,0.9999997615814209,2.384185791015625e-07,0.5001529455184937,15.386232376098633,0.0006116703152656555,True,1.0,0.25,10,0.0039215851575136185,0.0,10,3,0.592963695526123,0.0004243043949827552,0.07219328731298447,0.5929637551307678,0.0004243043076712638,0.5925394508230966,0.9992844346656944,True,8.213558197021484,0.005877337418496609,8.207680859602988,0.9992844346776981,1.0,0.0,1.0,0.0185842365026474,0.974568247795105,False,False,True,output/resnet18_localisation_attack_preserve_cls_full_archive_v2/exact_archive/official_test/facedancer/iphone15/netherland-flickr_M_33239373490_5b5df42090_k__fc9558f95990__exact.npz,4fbdb3d95b6b2ed909c5ead28379c1294b7c94a8fa119371b37bd4bd4624e162,4190846,float32,float32,512,864,resnet_exact_archive_v1
official_test,facedancer,netherland-flickr_M_33239373490_5b5df42090_k,scan,test/attack/facedancer/scan/netherland-flickr_M_33239373490_5b5df42090_k.jpg,1.0,1.0,0.0,0.9952878952026367,18.38593101501465,5.352898597717285,True,1.0,0.25,10,0.0039215851575136185,0.0,10,0,0.5870383381843567,0.02856948971748352,0.07517382502555847,0.5870382785797119,0.028569484129548073,0.5584687944501638,0.9513328428962597,True,7.809078216552734,0.38004565238952637,7.429032564163208,0.9513328408487507,1.0,0.0,1.0,0.18396160006523132,0.8493777513504028,False,False,True,output/resnet18_localisation_attack_preserve_cls_full_archive_v2/exact_archive/official_test/facedancer/scan/netherland-flickr_M_33239373490_5b5df42090_k__3cabb03309d3__exact.npz,fbbac7f47b4b26a67e695a4997b037d541529581589d9548d2b71f5e4a3f24e8,4334161,float32,float32,512,864,resnet_exact_archive_v1
official_test,facedancer,netherland-flickr_M_33276713046_c88eb6c4c8_c,scan,test/attack/facedancer/scan/netherland-flickr_M_33276713046_c88eb6c4c8_c.jpg,1.0,0.999997615814209,2.384185791015625e-06,0.5034682154655457,12.942026138305664,0.013873044401407242,True,1.0,0.25,10,0.0039215851575136185,0.0,10,0,0.5886214375495911,0.0,0.07614799588918686,0.5886213779449463,0.0,0.5886213779449463,1.0,True,7.7299652099609375,0.0,7.7299652099609375,1.0,1.0,0.0,1.0,0.01366894505918026,0.9932482242584229,False,False,True,output/resnet18_localisation_attack_preserve_cls_full_archive_v2/exact_archive/official_test/facedancer/scan/netherland-flickr_M_33276713046_c88eb6c4c8_c__d6eb2c7ba8a0__exact.npz,7c92fd208ea22a0a7368320960a678a054abc2f49ac64811c0c2f1d121d1cc2f,3789694,float32,float32,512,864,resnet_exact_archive_v1
official_test,facedancer,netherland-flickr_M_33297625690_76e3181f5e_c,huawei,test/attack/facedancer/huawei/netherland-flickr_M_33297625690_76e3181f5e_c.jpg,1.0,0.9999983310699463,1.6689300537109375e-06,0.502296507358551,13.322854995727539,0.00918610394001007,True,1.0,0.25,10,0.0039215851575136185,0.0,10,2,0.6334314346313477,0.06560192257165909,0.07825632393360138,0.6334314942359924,0.06560192257165909,0.5678295716643333,0.8964340687688979,True,8.094317436218262,0.8382955193519592,7.2560219168663025,0.8964340692149061,1.0,0.0,1.0,0.3221166431903839,0.6954293847084045,False,False,True,output/resnet18_localisation_attack_preserve_cls_full_archive_v2/exact_archive/official_test/facedancer/huawei/netherland-flickr_M_33297625690_76e3181f5e_c__4b5356eb93b4__exact.npz,5eac35dc79138159e383dc98c5d006a211c6424a21e25d4d2a8a8a1633eb1ec8,3641967,float32,float32,512,864,resnet_exact_archive_v1
official_test,facedancer,netherland-flickr_M_37190718595_78e318623b_k,huawei,test/attack/facedancer/huawei/netherland-flickr_M_37190718595_78e318623b_k.jpg,1.0,0.9999995231628418,4.76837158203125e-07,0.8900411128997803,14.62470531463623,2.091160535812378,True,1.0,0.25,10,0.003921577241271734,0.0,10,0,0.619341254234314,0.0,0.07849521934986115,0.6193413138389587,0.0,0.6193413138389587,1.0,True,7.89017915725708,0.0,7.89017915725708,1.0,1.0,0.0,1.0,0.011209046468138695,0.9820873737335205,False,False,True,output/resnet18_localisation_attack_preserve_cls_full_archive_v2/exact_archive/official_test/facedancer/huawei/netherland-flickr_M_37190718595_78e318623b_k__43e2dabc3dfe__exact.npz,a357ea37091831d9ea4916508b3b7e6c2e5b82cdbaa0524f796bd8a97d418145,3476062,float32,float32,512,864,resnet_exact_archive_v1
official_test,facedancer,netherland-flickr_M_37190718595_78e318623b_k,scan,test/attack/facedancer/scan/netherland-flickr_M_37190718595_78e318623b_k.jpg,1.0,1.0,0.0,0.9116482734680176,18.42595863342285,2.333927631378174,True,1.0,0.25,10,0.0039215851575136185,0.0,10,0,0.6198177337646484,0.02926275134086609,0.08367473632097244,0.6198176741600037,0.02926274761557579,0.5905549265444279,0.9527881361962878,True,7.407464981079102,0.3497202396392822,7.057744741439819,0.9527881346003562,1.0,0.0,1.0,0.05192480608820915,0.9369152784347534,False,False,True,output/resnet18_localisation_attack_preserve_cls_full_archive_v2/exact_archive/official_test/facedancer/scan/netherland-flickr_M_37190718595_78e318623b_k__d6abff91ed4b__exact.npz,c15d81cbad8a580dc32f037aff8cdfc7e0697f2e6293d288fc7d2d4009001c1e,4164739,float32,float32,512,864,resnet_exact_archive_v1
official_test,facedancer,netherland-flickr_M_4188233342_8473de8906_c,scan,test/attack/facedancer/scan/netherland-flickr_M_4188233342_8473de8906_c.jpg,0.998046875,0.9980490207672119,2.1457672119140625e-06,0.5004643201828003,6.23746919631958,0.001857321709394455,True,1.0,0.25,10,0.0039215851575136185,0.0,10,6,0.5812485814094543,0.00496760243549943,0.07020014524459839,0.5812485218048096,0.004967602901160717,0.5762809189036489,0.9914535646718963,True,8.279876708984375,0.07076343148946762,8.209113277494907,0.9914535645908008,1.0,0.0,1.0,0.06793957203626633,0.9143915176391602,False,False,True,output/resnet18_localisation_attack_preserve_cls_full_archive_v2/exact_archive/official_test/facedancer/scan/netherland-flickr_M_4188233342_8473de8906_c__66392805f2ea__exact.npz,5176f86c02b5436091bdf921dca5efd8e39aafa07cfb3b79287083c477434ecc,4059360,float32,float32,512,864,resnet_exact_archive_v1
official_test,facedancer,netherland-flickr_M_6862482951_78a560f107_b,huawei,test/attack/facedancer/huawei/netherland-flickr_M_6862482951_78a560f107_b.jpg,1.0,0.9999997615814209,2.384185791015625e-07,0.5002416968345642,15.164260864257812,0.0009668618440628052,True,1.0,0.25,10,0.0039215851575136185,0.0,10,4,0.6014350652694702,0.0003198022022843361,0.07983732968568802,0.6014350056648254,0.000319802260491997,0.6011152034043334,0.9994682679633213,True,7.533255577087402,0.004005673341453075,7.529249903745949,0.9994682679619106,1.0,0.0,1.0,0.03059752658009529,0.9545798301696777,False,False,True,output/resnet18_localisation_attack_preserve_cls_full_archive_v2/exact_archive/official_test/facedancer/huawei/netherland-flickr_M_6862482951_78a560f107_b__4f0320dfbce5__exact.npz,4e0bf42b62905e80589ae197546690ea8b09f09cb1b5de1093358745f303b059,3680790,float32,float32,512,864,resnet_exact_archive_v1
official_test,facedancer,netherland-flickr_M_6862482951_78a560f107_b,scan,test/attack/facedancer/scan/netherland-flickr_M_6862482951_78a560f107_b.jpg,1.0,0.999891996383667,0.00010800361633300781,0.8786842823028564,9.13313102722168,1.9800291061401367,True,1.0,0.25,10,0.0039215851575136185,0.0,10,0,0.5986381769180298,0.0,0.07508733123540878,0.5986382365226746,0.0,0.5986382365226746,1.0,True,7.972559452056885,0.0,7.972559452056885,1.0,1.0,0.0,1.0,0.018738389015197754,0.9860337972640991,False,False,True,output/resnet18_localisation_attack_preserve_cls_full_archive_v2/exact_archive/official_test/facedancer/scan/netherland-flickr_M_6862482951_78a560f107_b__48864c4d20bf__exact.npz,8db19ff1aacd661a0c5d8b8ef6e06d6f85dbd9beeb8faa0a022e93756ddcb1ad,4077248,float32,float32,512,864,resnet_exact_archive_v1
official_test,facedancer,singapore-flickr_F_17178258920_6f5f1eedd0_k,huawei,test/attack/facedancer/huawei/singapore-flickr_F_17178258920_6f5f1eedd0_k.jpg,1.0,0.9999498128890991,5.0187110900878906e-05,0.9999489784240723,9.898706436157227,9.882658004760742,True,1.0,0.25,10,0.0039215851575136185,0.0,5,0,0.2985224723815918,0.00154598755761981,0.032370489090681076,0.2985225319862366,0.00154598755761981,0.29697654442861676,0.9948212031187947,True,9.222058296203613,0.04775916412472725,9.174299132078886,0.9948212034026733,0.0,0.0,0.0,0.06827691197395325,0.9282450675964355,False,False,True,output/resnet18_localisation_attack_preserve_cls_full_archive_v2/exact_archive/official_test/facedancer/huawei/singapore-flickr_F_17178258920_6f5f1eedd0_k__a764c979196b__exact.npz,bc0d7ca12e307c18dcea5c75a078e277db5823ee191d20402afda32c93147bb7,3865550,float32,float32,512,864,resnet_exact_archive_v1
official_test,facedancer,singapore-flickr_F_17178258920_6f5f1eedd0_k,scan,test/attack/facedancer/scan/singapore-flickr_F_17178258920_6f5f1eedd0_k.jpg,1.0,0.9999973773956299,2.6226043701171875e-06,0.999257504940033,12.837026596069336,7.2048115730285645,True,1.0,0.25,10,0.0039215851575136185,0.0,9,0,0.32853326201438904,0.00233788276091218,0.03471159562468529,0.3285332918167114,0.0023378825280815363,0.3261954092886299,0.9928838793926984,True,9.464654922485352,0.06735162436962128,9.39730329811573,0.9928838795580796,0.0,0.0,0.0,0.030046600848436356,0.9683079719543457,False,False,True,output/resnet18_localisation_attack_preserve_cls_full_archive_v2/exact_archive/official_test/facedancer/scan/singapore-flickr_F_17178258920_6f5f1eedd0_k__69fa028e2a1d__exact.npz,2a63cefb517eba27f9c6107aad4e2f2cf59fed9e107a3ed9c24b7438fdd4d3b1,4100751,float32,float32,512,864,resnet_exact_archive_v1
official_test,facedancer,singapore-flickr_F_19679296994_d0fc2a7ac6_o,huawei,test/attack/facedancer/huawei/singapore-flickr_F_19679296994_d0fc2a7ac6_o.jpg,1.0,0.9999493360519409,5.066394805908203e-05,0.9999005794525146,9.889971733093262,9.215730667114258,True,1.0,0.25,10,0.0039215851575136185,0.0,10,0,0.3289855718612671,0.0,0.03347741439938545,0.3289856016635895,0.0,0.3289856016635895,1.0,True,9.827091217041016,0.0,9.827091217041016,1.0,0.0,0.0,0.0,0.028841055929660797,0.9613381028175354,False,False,True,output/resnet18_localisation_attack_preserve_cls_full_archive_v2/exact_archive/official_test/facedancer/huawei/singapore-flickr_F_19679296994_d0fc2a7ac6_o__1521169160d2__exact.npz,499a0cb2b54fa5e2f0fb6910a39dd1b7eff470a14ac7e96fb8b9b45d6e293969,3773227,float32,float32,512,864,resnet_exact_archive_v1
official_test,facedancer,singapore-flickr_F_20411794293_d7a6aae66c_c,huawei,test/attack/facedancer/huawei/singapore-flickr_F_20411794293_d7a6aae66c_c.jpg,1.0,1.0,0.0,0.9999998807907104,17.530040740966797,15.639541625976562,True,1.0,0.25,10,0.0039215851575136185,0.0,10,0,0.324506551027298,0.00586926843971014,0.034551091492176056,0.32450658082962036,0.005869267974048853,0.3186373128555715,0.9819132543967407,True,9.39207935333252,0.16987214982509613,9.222207203507423,0.9819132544099702,0.0,0.0,0.0,0.06853221356868744,0.9413445591926575,False,False,True,output/resnet18_localisation_attack_preserve_cls_full_archive_v2/exact_archive/official_test/facedancer/huawei/singapore-flickr_F_20411794293_d7a6aae66c_c__a2330f943be1__exact.npz,10a8f7ee58e0f0e68c7f51947b5e06055b934719e2622efaf907e6228922be63,4044014,float32,float32,512,864,resnet_exact_archive_v1
official_test,facedancer,singapore-flickr_F_20411794293_d7a6aae66c_c,iphone15,test/attack/facedancer/iphone15/singapore-flickr_F_20411794293_d7a6aae66c_c.jpg,1.0,0.9999316930770874,6.830692291259766e-05,0.7099171280860901,9.591301918029785,0.8949815034866333,True,1.0,0.25,10,0.0039215851575136185,0.0,8,0,0.34588682651519775,0.03696971759200096,0.03500988706946373,0.34588685631752014,0.03696971759200096,0.3089171387255192,0.8931161536879471,True,9.879691123962402,1.0559793710708618,8.82371175289154,0.893116155371531,0.0,0.0,0.0,0.07304447889328003,0.920962929725647,False,False,True,output/resnet18_localisation_attack_preserve_cls_full_archive_v2/exact_archive/official_test/facedancer/iphone15/singapore-flickr_F_20411794293_d7a6aae66c_c__f82bce7cac48__exact.npz,89956ace6b8f0a83543a88e6ea6d64fdeb50f2b6cf9e33036794e613840a3bf3,3674916,float32,float32,512,864,resnet_exact_archive_v1
official_test,facedancer,singapore-flickr_F_20411794293_d7a6aae66c_c,scan,test/attack/facedancer/scan/singapore-flickr_F_20411794293_d7a6aae66c_c.jpg,1.0,0.9999229907989502,7.700920104980469e-05,0.9641441106796265,9.471162796020508,3.2917323112487793,True,1.0,0.25,10,0.0039215851575136185,0.0,10,0,0.3380003273487091,0.02166716381907463,0.033930759876966476,0.3380003571510315,0.02166716568171978,0.3163331914693117,0.9358960272576338,True,9.96147346496582,0.6385700106620789,9.322903454303741,0.9358960285435776,0.0,0.0,0.0,0.030798180028796196,0.963286280632019,False,False,True,output/resnet18_localisation_attack_preserve_cls_full_archive_v2/exact_archive/official_test/facedancer/scan/singapore-flickr_F_20411794293_d7a6aae66c_c__cef629b8ef94__exact.npz,f14ba1218b892ec69f55ea4cb9ecbcc0c392d3404a7b53cc972eaa7059abd360,3839824,float32,float32,512,864,resnet_exact_archive_v1
official_test,facedancer,singapore-flickr_F_30532886723_e55b04664f_k,huawei,test/attack/facedancer/huawei/singapore-flickr_F_30532886723_e55b04664f_k.jpg,1.0,0.9998902082443237,0.00010979175567626953,0.9996390342712402,9.116997718811035,7.926544666290283,True,1.0,0.25,10,0.0039215851575136185,0.0,6,0,0.31679993867874146,3.955526608478976e-06,0.031193455681204796,0.31679993867874146,3.9555261537316255e-06,0.3167959831525877,0.9999875141195727,True,10.155974388122559,0.00012680627696681768,10.155847581845592,0.9999875141200518,0.0,0.0,0.0,0.03066675364971161,0.9632546901702881,False,False,True,output/resnet18_localisation_attack_preserve_cls_full_archive_v2/exact_archive/official_test/facedancer/huawei/singapore-flickr_F_30532886723_e55b04664f_k__f6d4642d4a97__exact.npz,2a339021ca057926a297e8eb01f76b21b9e242266b1b3ebd781a9d3aa53fd784,3702421,float32,float32,512,864,resnet_exact_archive_v1
official_test,facedancer,singapore-flickr_F_31294646850_53ce869b2e_b,huawei,test/attack/facedancer/huawei/singapore-flickr_F_31294646850_53ce869b2e_b.jpg,1.0,0.9999938011169434,6.198883056640625e-06,0.9999611377716064,11.984720230102539,10.156420707702637,True,1.0,0.25,10,0.0039215851575136185,0.0,10,0,0.2889118194580078,0.0,0.030675550922751427,0.2889118194580078,0.0,0.2889118194580078,1.0,True,9.418309211730957,0.0,9.418309211730957,1.0,0.0,0.0,0.0,0.10159391164779663,0.8924651145935059,False,False,True,output/resnet18_localisation_attack_preserve_cls_full_archive_v2/exact_archive/official_test/facedancer/huawei/singapore-flickr_F_31294646850_53ce869b2e_b__7ade26728912__exact.npz,c010041e8a50ac88a4a8d363e274097e7f2235f5626ca57c0bd61c01482fc33d,3688475,float32,float32,512,864,resnet_exact_archive_v1
official_test,facedancer,singapore-flickr_F_33525297682_eee6031622_c,huawei,test/attack/facedancer/huawei/singapore-flickr_F_33525297682_eee6031622_c.jpg,0.99951171875,0.9996212720870972,0.00010955333709716797,0.9937684535980225,7.878462314605713,5.071883201599121,True,1.0,0.25,10,0.0039215851575136185,0.0,10,0,0.2951364517211914,0.0,0.030360480770468712,0.2951364815235138,0.0,0.2951364815235138,1.0,True,9.721074104309082,0.0,9.721074104309082,1.0,0.0,0.0,0.0,0.052651990205049515,0.9440279006958008,False,False,True,output/resnet18_localisation_attack_preserve_cls_full_archive_v2/exact_archive/official_test/facedancer/huawei/singapore-flickr_F_33525297682_eee6031622_c__dd2b5a2a8496__exact.npz,73828aba7e898398cfcbd9fb37c95cd415b0cad6a772cf5c62fb113e2eed418d,3515830,float32,float32,512,864,resnet_exact_archive_v1
official_test,facedancer,singapore-flickr_F_33525297682_eee6031622_c,iphone15,test/attack/facedancer/iphone15/singapore-flickr_F_33525297682_eee6031622_c.jpg,0.99951171875,0.9997461438179016,0.00023442506790161133,0.9984286427497864,8.278626441955566,6.454267501831055,True,1.0,0.25,10,0.0039215851575136185,0.0,10,0,0.31303417682647705,0.0,0.03185391053557396,0.31303417682647705,0.0,0.31303417682647705,1.0,True,9.827181816101074,0.0,9.827181816101074,1.0,0.0,0.0,0.0,0.03519193083047867,0.9580906629562378,False,False,True,output/resnet18_localisation_attack_preserve_cls_full_archive_v2/exact_archive/official_test/facedancer/iphone15/singapore-flickr_F_33525297682_eee6031622_c__886651ee12e5__exact.npz,c1c53ba918565cc3d5efbf43c5aa9d640c26eb9509fdfec6c1ac569af3527fef,4116953,float32,float32,512,864,resnet_exact_archive_v1
official_test,facedancer,singapore-flickr_F_33525297682_eee6031622_c,scan,test/attack/facedancer/scan/singapore-flickr_F_33525297682_eee6031622_c.jpg,0.99658203125,0.9966886639595032,0.00010663270950317383,0.8126214742660522,5.707075119018555,1.467134714126587,True,1.0,0.25,10,0.0039215851575136185,0.0,10,0,0.3249163031578064,0.0,0.03299114108085632,0.32491621375083923,0.0,0.32491621375083923,1.0,True,9.848589897155762,0.0,9.848589897155762,1.0,0.0,0.0,0.0,0.03320034593343735,0.9671305418014526,False,False,True,output/resnet18_localisation_attack_preserve_cls_full_archive_v2/exact_archive/official_test/facedancer/scan/singapore-flickr_F_33525297682_eee6031622_c__b1e37d954ba4__exact.npz,2dc3d14cc12e75f92a10f22f263fe440768f570ecfbb07b6dd34c802fe600c7b,3553825,float32,float32,512,864,resnet_exact_archive_v1
official_test,facedancer,singapore-flickr_F_33552363961_ea0fc80afb_k,huawei,test/attack/facedancer/huawei/singapore-flickr_F_33552363961_ea0fc80afb_k.jpg,0.97412109375,0.9743474125862122,0.0002263188362121582,0.9999635219573975,3.6371240615844727,10.219181060791016,True,1.0,0.25,10,0.0039215851575136185,0.0,10,0,0.29530981183052063,0.0,0.03166580945253372,0.29530981183052063,0.0,0.29530981183052063,1.0,True,9.325824737548828,0.0,9.325824737548828,1.0,1.0,0.0,1.0,0.055411942303180695,0.9397737383842468,False,False,True,output/resnet18_localisation_attack_preserve_cls_full_archive_v2/exact_archive/official_test/facedancer/huawei/singapore-flickr_F_33552363961_ea0fc80afb_k__0bfd55779f19__exact.npz,c53ed3509c7d3481736895425b4af19d5b8298ba36fe9e066b3d2666c58fd2eb,3935382,float32,float32,512,864,resnet_exact_archive_v1
official_test,facedancer,singapore-flickr_F_33574462985_422fca6322_c,huawei,test/attack/facedancer/huawei/singapore-flickr_F_33574462985_422fca6322_c.jpg,1.0,0.9999991655349731,8.344650268554688e-07,0.9996408224105835,14.0228910446167,7.931238174438477,True,1.0,0.25,10,0.0039215851575136185,0.0,10,0,0.3281879127025604,0.0,0.03365384787321091,0.3281879425048828,0.0,0.3281879425048828,1.0,True,9.751870155334473,0.0,9.751870155334473,1.0,0.0,0.0,0.0,0.03696347028017044,0.956529974937439,False,False,True,output/resnet18_localisation_attack_preserve_cls_full_archive_v2/exact_archive/official_test/facedancer/huawei/singapore-flickr_F_33574462985_422fca6322_c__2729c82a5d3a__exact.npz,7cc70dcd32723c200ea66852d8e03794004729f8bbb776a1f5cda058ad0597cf,3800471,float32,float32,512,864,resnet_exact_archive_v1
official_test,facedancer,singapore-flickr_F_33574462985_422fca6322_c,scan,test/attack/facedancer/scan/singapore-flickr_F_33574462985_422fca6322_c.jpg,0.99951171875,0.9995511174201965,3.93986701965332e-05,0.912242591381073,7.708245754241943,2.34132981300354,True,1.0,0.25,10,0.0039215851575136185,0.0,9,0,0.338920533657074,0.035676710307598114,0.03368782624602318,0.33892056345939636,0.035676710307598114,0.30324385315179825,0.8947343001456084,True,10.060625076293945,1.059038758277893,9.001586318016052,0.8947342982919294,0.0,0.0,0.0,0.07705999165773392,0.9094493389129639,False,False,True,output/resnet18_localisation_attack_preserve_cls_full_archive_v2/exact_archive/official_test/facedancer/scan/singapore-flickr_F_33574462985_422fca6322_c__0bcbb70ca2c9__exact.npz,08dc222688cde045b57775024f3a41601fc920bbfa20093767ca54c2900d5282,3784695,float32,float32,512,864,resnet_exact_archive_v1
official_test,facedancer,singapore-flickr_F_36921282312_c8e6a2674d_c,scan,test/attack/facedancer/scan/singapore-flickr_F_36921282312_c8e6a2674d_c.jpg,0.99951171875,0.9995469450950623,3.522634506225586e-05,0.9592688083648682,7.699087142944336,3.159175395965576,True,1.0,0.25,10,0.0039215851575136185,0.0,10,0,0.30742913484573364,0.0,0.032456133514642715,0.30742913484573364,0.0,0.30742913484573364,1.0,True,9.472143173217773,0.0,9.472143173217773,1.0,0.0,0.0,0.0,0.07102487981319427,0.9270799160003662,False,False,True,output/resnet18_localisation_attack_preserve_cls_full_archive_v2/exact_archive/official_test/facedancer/scan/singapore-flickr_F_36921282312_c8e6a2674d_c__c817f81be7f4__exact.npz,03b7ccc5c07ee55ac9c8893d716e0f681b3a285d406c80ed00550f17f9d70fd7,3874417,float32,float32,512,864,resnet_exact_archive_v1
official_test,facedancer,singapore-flickr_F_40795084473_21fafd815e_c,huawei,test/attack/facedancer/huawei/singapore-flickr_F_40795084473_21fafd815e_c.jpg,0.94677734375,0.9465628862380981,0.00021445751190185547,0.9649930000305176,2.874331474304199,3.3165719509124756,True,1.0,0.25,10,0.0029412410221993923,0.0,10,0,0.32783642411231995,0.0,0.03335994482040405,0.32783639430999756,0.0,0.32783639430999756,1.0,True,9.827245712280273,0.0,9.827245712280273,1.0,0.0,0.0,0.0,0.08376463502645493,0.9267439842224121,False,False,True,output/resnet18_localisation_attack_preserve_cls_full_archive_v2/exact_archive/official_test/facedancer/huawei/singapore-flickr_F_40795084473_21fafd815e_c__366ab645cf5e__exact.npz,ccd3ec3a0f7fcc943bdf90e6761cc52d904571e9da52b5d2086add7b4e47668d,3249870,float32,float32,512,864,resnet_exact_archive_v1
official_test,facedancer,singapore-flickr_F_40795084473_21fafd815e_c,iphone15,test/attack/facedancer/iphone15/singapore-flickr_F_40795084473_21fafd815e_c.jpg,1.0,0.999924898147583,7.510185241699219e-05,0.9940347075462341,9.496562957763672,5.115804672241211,True,1.0,0.25,10,0.0039215851575136185,0.0,6,0,0.30801206827163696,4.097404962521978e-05,0.03224794566631317,0.30801206827163696,4.097404598724097e-05,0.3079710942256497,0.9998669725955313,True,9.551369667053223,0.0012705939589068294,9.550099073094316,0.9998669725910316,0.0,0.0,0.0,0.06597980856895447,0.9490953087806702,False,False,True,output/resnet18_localisation_attack_preserve_cls_full_archive_v2/exact_archive/official_test/facedancer/iphone15/singapore-flickr_F_40795084473_21fafd815e_c__d8f1970ec246__exact.npz,aff32760ac0af56074a289d447e9f3fd2b771bb30b26edffa4dc828315cbb5c1,3866959,float32,float32,512,864,resnet_exact_archive_v1
official_test,facedancer,singapore-flickr_F_9641749325_1a753f74b2_c,huawei,test/attack/facedancer/huawei/singapore-flickr_F_9641749325_1a753f74b2_c.jpg,1.0,0.9999852180480957,1.4781951904296875e-05,0.9987956285476685,11.122133255004883,6.720621109008789,True,1.0,0.25,10,0.0039215851575136185,0.0,10,0,0.30273792147636414,0.0,0.031799908727407455,0.3027379810810089,0.0,0.3027379810810089,1.0,True,9.520089149475098,0.0,9.520089149475098,1.0,0.0,0.0,0.0,0.04503814876079559,0.9497261047363281,False,False,True,output/resnet18_localisation_attack_preserve_cls_full_archive_v2/exact_archive/official_test/facedancer/huawei/singapore-flickr_F_9641749325_1a753f74b2_c__935f5521379d__exact.npz,8e3ee9a0ec7c3ae2257b2e3f5e31fdb5da862fefe9c96ab56526701a01e186f2,3708496,float32,float32,512,864,resnet_exact_archive_v1
official_test,facedancer,singapore-flickr_M_21893334161_8c8b011508_k,huawei,test/attack/facedancer/huawei/singapore-flickr_M_21893334161_8c8b011508_k.jpg,0.6259765625,0.6244941353797913,0.0014824271202087402,0.5035156011581421,0.5086678266525269,0.014062721282243729,True,1.0,0.25,10,0.000160899871843867,0.0,10,10,0.2764081358909607,0.22777995467185974,0.03200796619057655,0.2764081358909607,0.22777993977069855,0.048628196120262146,0.17592896085897167,True,8.635604858398438,7.116352081298828,1.5192527770996094,0.17592893630630646,0.0,0.0,0.0,0.9726585149765015,0.13061101734638214,False,False,True,output/resnet18_localisation_attack_preserve_cls_full_archive_v2/exact_archive/official_test/facedancer/huawei/singapore-flickr_M_21893334161_8c8b011508_k__6ac1498df860__exact.npz,29ffe3157c33d9138f8d709c91e7a91bf652b05db9db7bca3999e6a4de5f7698,2889724,float32,float32,512,864,resnet_exact_archive_v1
official_test,facedancer,singapore-flickr_M_21893334161_8c8b011508_k,iphone15,test/attack/facedancer/iphone15/singapore-flickr_M_21893334161_8c8b011508_k.jpg,0.74267578125,0.7425643801689148,0.00011140108108520508,0.898658037185669,1.059340000152588,2.1824021339416504,True,1.0,0.25,10,0.0029412410221993923,0.0,10,0,0.37000489234924316,0.0,0.03594565764069557,0.37000489234924316,0.0,0.37000489234924316,1.0,True,10.293451309204102,0.0,10.293451309204102,1.0,0.0,0.0,0.0,0.1197083592414856,0.8867727518081665,False,False,True,output/resnet18_localisation_attack_preserve_cls_full_archive_v2/exact_archive/official_test/facedancer/iphone15/singapore-flickr_M_21893334161_8c8b011508_k__06ddf98390de__exact.npz,84799b959676307a2004e73b7fa26effd99010bd87bb2047470d8280b7479d19,3715292,float32,float32,512,864,resnet_exact_archive_v1
official_test,facedancer,singapore-flickr_M_21893334161_8c8b011508_k,scan,test/attack/facedancer/scan/singapore-flickr_M_21893334161_8c8b011508_k.jpg,0.78662109375,0.7869477272033691,0.0003266334533691406,0.8106987476348877,1.3066242933273315,1.4545567035675049,True,1.0,0.25,10,0.003921577241271734,0.0,10,0,0.3322039246559143,0.0,0.03205942362546921,0.33220386505126953,0.0,0.33220386505126953,1.0,True,10.362128257751465,0.0,10.362128257751465,1.0,0.0,0.0,0.0,0.04700915142893791,0.9669619202613831,False,False,True,output/resnet18_localisation_attack_preserve_cls_full_archive_v2/exact_archive/official_test/facedancer/scan/singapore-flickr_M_21893334161_8c8b011508_k__532a4b458fa9__exact.npz,3d2fea88523d36ad0d226763e2ba6076b29fa9a5e25b652dda67dde7a1d6c4c6,3451507,float32,float32,512,864,resnet_exact_archive_v1
official_test,facedancer,singapore-flickr_M_22512816725_a88536de72_c,huawei,test/attack/facedancer/huawei/singapore-flickr_M_22512816725_a88536de72_c.jpg,0.99658203125,0.9964500665664673,0.00013196468353271484,0.9997448325157166,5.637277603149414,8.273176193237305,True,1.0,0.25,10,0.003921577241271734,0.0,10,0,0.3272186815738678,0.0,0.03491418436169624,0.3272186815738678,0.0,0.3272186815738678,1.0,True,9.37208366394043,0.0,9.37208366394043,1.0,0.0,0.0,0.0,0.09224274754524231,0.9069947004318237,False,False,True,output/resnet18_localisation_attack_preserve_cls_full_archive_v2/exact_archive/official_test/facedancer/huawei/singapore-flickr_M_22512816725_a88536de72_c__a44788bd670d__exact.npz,565ea45c529ea676dcd5d1ceb88ced0e2c5c368f4f3700c0d1541ba4f23ce444,3613835,float32,float32,512,864,resnet_exact_archive_v1
official_test,facedancer,singapore-flickr_M_22512816725_a88536de72_c,scan,test/attack/facedancer/scan/singapore-flickr_M_22512816725_a88536de72_c.jpg,0.99609375,0.9960669875144958,2.676248550415039e-05,0.9956425428390503,5.5344038009643555,5.431507110595703,True,1.0,0.25,10,0.003921577241271734,0.0,4,0,0.3179713785648346,0.0001306025660596788,0.03261076286435127,0.317971408367157,0.00013060255150776356,0.3178408058156492,0.999589263222821,True,9.750504493713379,0.004004891030490398,9.746499602682889,0.9995892631983224,0.0,0.0,0.0,0.09745097160339355,0.9038711786270142,False,False,True,output/resnet18_localisation_attack_preserve_cls_full_archive_v2/exact_archive/official_test/facedancer/scan/singapore-flickr_M_22512816725_a88536de72_c__8e81387b0742__exact.npz,2e4ba3680ce4d2971736ef24a43d00df98eb6cf38a228c929cdb43ba9c9fb194,4034393,float32,float32,512,864,resnet_exact_archive_v1
official_test,facedancer,singapore-flickr_M_22942161980_136669b7da_c,iphone15,test/attack/facedancer/iphone15/singapore-flickr_M_22942161980_136669b7da_c.jpg,0.99951171875,0.9994633793830872,4.83393669128418e-05,0.9769087433815002,7.529682636260986,3.7449371814727783,True,1.0,0.25,10,0.0039215851575136185,0.0,10,0,0.34521469473838806,0.0,0.034770891070365906,0.3452146351337433,0.0,0.3452146351337433,1.0,True,9.928265571594238,0.0,9.928265571594238,1.0,0.0,0.0,0.0,0.03244648873806,0.970680832862854,False,False,True,output/resnet18_localisation_attack_preserve_cls_full_archive_v2/exact_archive/official_test/facedancer/iphone15/singapore-flickr_M_22942161980_136669b7da_c__17996c9f3195__exact.npz,3e3b625d1daf779f2050f27f3dfc7f9692be35aff850024d878a43e8dd3b6cb9,3834753,float32,float32,512,864,resnet_exact_archive_v1
official_test,facedancer,singapore-flickr_M_22942161980_136669b7da_c,scan,test/attack/facedancer/scan/singapore-flickr_M_22942161980_136669b7da_c.jpg,1.0,0.9999877214431763,1.2278556823730469e-05,0.9989468455314636,11.307408332824707,6.8548736572265625,True,1.0,0.25,10,0.0039215851575136185,0.0,10,0,0.32705414295196533,0.07430601119995117,0.03306464105844498,0.32705414295196533,0.07430601119995117,0.25274813175201416,0.772802109983164,True,9.891356468200684,2.247295379638672,7.644061088562012,0.7728021038506286,0.0,0.0,0.0,0.43189752101898193,0.7134048938751221,False,False,True,output/resnet18_localisation_attack_preserve_cls_full_archive_v2/exact_archive/official_test/facedancer/scan/singapore-flickr_M_22942161980_136669b7da_c__c71ebf67db62__exact.npz,af7b57617acb5fed88c08794e515494a829b8abbeef2e5305092338ecd02da42,3808720,float32,float32,512,864,resnet_exact_archive_v1
official_test,facedancer,singapore-flickr_M_23543328125_d9409d5ae0_c,huawei,test/attack/facedancer/huawei/singapore-flickr_M_23543328125_d9409d5ae0_c.jpg,0.99951171875,0.9995124340057373,7.152557373046875e-07,0.9993126392364502,7.625636100769043,7.281964302062988,True,1.0,0.25,10,0.0029412410221993923,0.0,10,0,0.2977968752384186,0.0,0.033291686326265335,0.2977968752384186,0.0,0.2977968752384186,1.0,True,8.945082664489746,0.0,8.945082664489746,1.0,0.0,0.0,0.0,0.1456788331270218,0.8391128182411194,False,False,True,output/resnet18_localisation_attack_preserve_cls_full_archive_v2/exact_archive/official_test/facedancer/huawei/singapore-flickr_M_23543328125_d9409d5ae0_c__d6363ad158c6__exact.npz,cbbcade0f4622e9dde028c27f1688a8bda387a0e0c55999e5eb806563d0f6bc5,3623670,float32,float32,512,864,resnet_exact_archive_v1
official_test,facedancer,singapore-flickr_M_24170605047_501e882ccc_o,iphone15,test/attack/facedancer/iphone15/singapore-flickr_M_24170605047_501e882ccc_o.jpg,0.99951171875,0.9997509121894836,0.00023919343948364258,0.9916267395019531,8.297229766845703,4.774310111999512,True,1.0,0.25,10,0.0039215851575136185,0.0,10,0,0.332372784614563,0.0,0.03447814658284187,0.3323727548122406,0.0,0.3323727548122406,1.0,True,9.640098571777344,0.0,9.640098571777344,1.0,0.0,0.0,0.0,0.04748719558119774,0.9479154348373413,False,False,True,output/resnet18_localisation_attack_preserve_cls_full_archive_v2/exact_archive/official_test/facedancer/iphone15/singapore-flickr_M_24170605047_501e882ccc_o__a619f406e15b__exact.npz,df5c8ee3a1fd84a7c9e03d2a6f802d09c0336caa1bd037f38eb6186603d1c664,3954227,float32,float32,512,864,resnet_exact_archive_v1
official_test,facedancer,singapore-flickr_M_30456580904_06749c0622_c,iphone15,test/attack/facedancer/iphone15/singapore-flickr_M_30456580904_06749c0622_c.jpg,0.9990234375,0.9990279674530029,4.5299530029296875e-06,0.9991359114646912,6.935146808624268,7.052892684936523,True,1.0,0.25,10,0.0039215851575136185,0.0,10,0,0.3226366341114044,0.0,0.033076733350753784,0.32263660430908203,0.0,0.32263660430908203,1.0,True,9.754186630249023,0.0,9.754186630249023,1.0,0.0,0.0,0.0,0.05624503642320633,0.9328742623329163,False,False,True,output/resnet18_localisation_attack_preserve_cls_full_archive_v2/exact_archive/official_test/facedancer/iphone15/singapore-flickr_M_30456580904_06749c0622_c__c35b75bbd6d6__exact.npz,0aea086560d9e3891058e318ca7c4246b10ef9ea3b75d96a38d35392f696fbf9,4157415,float32,float32,512,864,resnet_exact_archive_v1
official_test,facedancer,singapore-flickr_M_30518529884_4cf8f091df_c,iphone15,test/attack/facedancer/iphone15/singapore-flickr_M_30518529884_4cf8f091df_c.jpg,0.99951171875,0.9994195699691772,9.21487808227539e-05,0.9931538105010986,7.4510498046875,4.977195739746094,True,1.0,0.25,10,0.0039215851575136185,0.0,10,0,0.40520036220550537,0.0,0.04029756411910057,0.405200332403183,0.0,0.405200332403183,1.0,True,10.055206298828125,0.0,10.055206298828125,1.0,0.0,0.0,0.0,0.04638540372252464,0.942651093006134,False,False,True,output/resnet18_localisation_attack_preserve_cls_full_archive_v2/exact_archive/official_test/facedancer/iphone15/singapore-flickr_M_30518529884_4cf8f091df_c__bde10a05e0fb__exact.npz,7a1c0842d1d01a0c2a20d7223a8d0e30f92d194d568c1b6019fe2ce7e0958443,4137710,float32,float32,512,864,resnet_exact_archive_v1
official_test,facedancer,singapore-flickr_M_31226135201_5aa42a5a13_c,iphone15,test/attack/facedancer/iphone15/singapore-flickr_M_31226135201_5aa42a5a13_c.jpg,0.7578125,0.758018970489502,0.00020647048950195312,0.8540816307067871,1.1418490409851074,1.766979455947876,True,1.0,0.25,10,0.0029412410221993923,0.0,10,0,0.35680246353149414,0.0,0.03338330239057541,0.35680243372917175,0.0,0.35680243372917175,1.0,True,10.688051223754883,0.0,10.688051223754883,1.0,0.0,0.0,0.0,0.0777449831366539,0.9269007444381714,False,False,True,output/resnet18_localisation_attack_preserve_cls_full_archive_v2/exact_archive/official_test/facedancer/iphone15/singapore-flickr_M_31226135201_5aa42a5a13_c__90208bb84b5b__exact.npz,bdfd8845ee73ee999effe3978320a787afc9b82910232ccdcab4111c2f1394f8,3857159,float32,float32,512,864,resnet_exact_archive_v1
official_test,facedancer,singapore-flickr_M_31226135201_5aa42a5a13_c,scan,test/attack/facedancer/scan/singapore-flickr_M_31226135201_5aa42a5a13_c.jpg,0.9990234375,0.9988173842430115,0.0002060532569885254,0.9918877482414246,6.738912582397461,4.806230545043945,True,1.0,0.25,10,0.0039215851575136185,0.0,10,0,0.34524235129356384,0.0,0.03418564796447754,0.34524235129356384,0.0,0.34524235129356384,1.0,True,10.099042892456055,0.0,10.099042892456055,1.0,0.0,0.0,0.0,0.054455794394016266,0.9458214640617371,False,False,True,output/resnet18_localisation_attack_preserve_cls_full_archive_v2/exact_archive/official_test/facedancer/scan/singapore-flickr_M_31226135201_5aa42a5a13_c__ab90c8802ffa__exact.npz,24d450bbbcce77e9413a24471f59dcc8c384e3cf5f0349af84e0e5316d3ed97f,4078981,float32,float32,512,864,resnet_exact_archive_v1
official_test,facedancer,singapore-flickr_M_31244514601_d2cb0773d7_c,huawei,test/attack/facedancer/huawei/singapore-flickr_M_31244514601_d2cb0773d7_c.jpg,0.5068359375,0.505567193031311,0.0012687444686889648,0.5035762190818787,0.022269561886787415,0.014305263757705688,True,1.0,0.25,10,3.876447863149224e-06,0.0,10,10,0.28164854645729065,0.28061872720718384,0.033505622297525406,0.28164857625961304,0.2806187570095062,0.0010298192501068115,0.0036563978550261263,True,8.406009674072266,8.375273704528809,0.03073596954345703,0.0036564280479309853,0.0,0.0,0.0,0.9999910593032837,0.0024354320485144854,False,False,True,output/resnet18_localisation_attack_preserve_cls_full_archive_v2/exact_archive/official_test/facedancer/huawei/singapore-flickr_M_31244514601_d2cb0773d7_c__ca14dfce9ad4__exact.npz,af66b2aec49641796258511ef0f4abcd945911af1f559476f49996637bd1b89f,3025071,float32,float32,512,864,resnet_exact_archive_v1
official_test,facedancer,singapore-flickr_M_31340377345_6781e5f574_k,iphone15,test/attack/facedancer/iphone15/singapore-flickr_M_31340377345_6781e5f574_k.jpg,1.0,0.9999985694885254,1.430511474609375e-06,0.9999028444290161,13.468324661254883,9.23872184753418,True,1.0,0.25,10,0.0039215851575136185,0.0,10,0,0.3169909715652466,0.013806255534291267,0.03299223631620407,0.3169909417629242,0.013806253671646118,0.3031846880912781,0.9564459047477396,True,9.608046531677246,0.41846978664398193,9.189576745033264,0.956445903413945,0.0,0.0,0.0,0.135970339179039,0.8883661031723022,False,False,True,output/resnet18_localisation_attack_preserve_cls_full_archive_v2/exact_archive/official_test/facedancer/iphone15/singapore-flickr_M_31340377345_6781e5f574_k__9b6ea5eec130__exact.npz,baf5ea639f6fafb73badfb7559a95c858eb1f265b162ef8272dd3f1237615ecc,4294388,float32,float32,512,864,resnet_exact_archive_v1
official_test,facedancer,singapore-flickr_M_31340377345_6781e5f574_k,scan,test/attack/facedancer/scan/singapore-flickr_M_31340377345_6781e5f574_k.jpg,1.0,0.9999725818634033,2.7418136596679688e-05,0.9977933168411255,10.504237174987793,6.114070415496826,True,1.0,0.25,10,0.0039215851575136185,0.0,10,0,0.3322416841983795,0.0,0.03414973244071007,0.33224165439605713,0.0,0.33224165439605713,1.0,True,9.728968620300293,0.0,9.728968620300293,1.0,0.0,0.0,0.0,0.036870427429676056,0.9642370939254761,False,False,True,output/resnet18_localisation_attack_preserve_cls_full_archive_v2/exact_archive/official_test/facedancer/scan/singapore-flickr_M_31340377345_6781e5f574_k__3972172d23c1__exact.npz,2742ef102f8f194423d5596f14979c91b5cdcd032b51dac85f80557891936ef7,4088684,float32,float32,512,864,resnet_exact_archive_v1
official_test,facedancer,singapore-flickr_M_33525333882_5cf0c0382a_k,iphone15,test/attack/facedancer/iphone15/singapore-flickr_M_33525333882_5cf0c0382a_k.jpg,0.9892578125,0.9894325733184814,0.0001747608184814453,0.9810307025909424,4.5393524169921875,3.945779323577881,True,1.0,0.25,10,0.003921577241271734,0.0,10,0,0.3552079200744629,0.0,0.03640720993280411,0.3552079200744629,0.0,0.3552079200744629,1.0,True,9.756526947021484,0.0,9.756526947021484,1.0,0.0,0.0,0.0,0.08472737669944763,0.9137883186340332,False,False,True,output/resnet18_localisation_attack_preserve_cls_full_archive_v2/exact_archive/official_test/facedancer/iphone15/singapore-flickr_M_33525333882_5cf0c0382a_k__f999084af5ef__exact.npz,b9453dfed905adf82defa78dd59baaf9a1c316954d596104cfe0d7a3a11221c6,3824217,float32,float32,512,864,resnet_exact_archive_v1
official_test,facedancer,singapore-flickr_M_33525333882_5cf0c0382a_k,scan,test/attack/facedancer/scan/singapore-flickr_M_33525333882_5cf0c0382a_k.jpg,1.0,0.9999302625656128,6.973743438720703e-05,0.9999474287033081,9.570701599121094,9.85411262512207,True,1.0,0.25,10,0.0039215851575136185,0.0,10,0,0.3320182263851166,0.0,0.03494902700185776,0.3320182263851166,0.0,0.3320182263851166,1.0,True,9.500070571899414,0.0,9.500070571899414,1.0,0.0,0.0,0.0,0.046814560890197754,0.942537784576416,False,False,True,output/resnet18_localisation_attack_preserve_cls_full_archive_v2/exact_archive/official_test/facedancer/scan/singapore-flickr_M_33525333882_5cf0c0382a_k__5049ba332fd7__exact.npz,a30d75eda5a2f55851d0ae207013faea0bac3aad85491e16fda93feecf6bb2e1,4292457,float32,float32,512,864,resnet_exact_archive_v1
official_test,facedancer,singapore-flickr_M_50611940256_8405427c78_k,huawei,test/attack/facedancer/huawei/singapore-flickr_M_50611940256_8405427c78_k.jpg,1.0,0.9999932050704956,6.794929504394531e-06,0.9997983574867249,11.899837493896484,8.508795738220215,True,1.0,0.25,10,0.0039215851575136185,0.0,5,0,0.3040829300880432,0.0009455588879063725,0.03327714279294014,0.3040829300880432,0.0009455588879063725,0.30313737120013684,0.9968904571932643,True,9.13789176940918,0.028414664790034294,9.109477104619145,0.9968904572841235,0.0,0.0,0.0,0.1177084818482399,0.8873869180679321,False,False,True,output/resnet18_localisation_attack_preserve_cls_full_archive_v2/exact_archive/official_test/facedancer/huawei/singapore-flickr_M_50611940256_8405427c78_k__31e21acef822__exact.npz,2c17fe82468e244623b0d2989016c865a0cb547e486c52296c5ad2d579c24507,3784027,float32,float32,512,864,resnet_exact_archive_v1
official_test,facedancer,singapore-flickr_M_50611940256_8405427c78_k,iphone15,test/attack/facedancer/iphone15/singapore-flickr_M_50611940256_8405427c78_k.jpg,1.0,0.9998244643211365,0.0001755356788635254,0.9979520440101624,8.647393226623535,6.188872337341309,True,1.0,0.25,10,0.0039215851575136185,0.0,10,0,0.33392632007598877,0.0,0.03382305055856705,0.333926260471344,0.0,0.333926260471344,1.0,True,9.872742652893066,0.0,9.872742652893066,1.0,0.0,0.0,0.0,0.08571510016918182,0.9197207689285278,False,False,True,output/resnet18_localisation_attack_preserve_cls_full_archive_v2/exact_archive/official_test/facedancer/iphone15/singapore-flickr_M_50611940256_8405427c78_k__ae5b2758849d__exact.npz,7ea8d7559d9fea7a036fb19e3d79d00b6603b6e43844dfa93e08b5abe09364a6,4104032,float32,float32,512,864,resnet_exact_archive_v1
