evaluation_split,variant,file_stem,hardware_source,image_path,saved_clean_probability_attack,clean_probability_attack,saved_probability_abs_error,adv_probability_attack,clean_margin,adv_margin,classification_preserved,epsilon_255,alpha_255,steps,pixel_linf,padding_max_abs_error,accepted_steps,boundary_pullbacks,objective_E_initial,objective_E_final,A,E_clean,E_adv,absolute_E_degradation,relative_E_degradation,E_strictly_improved,mu_w_clean,mu_w_adv,absolute_mu_w_degradation,relative_mu_w_degradation,PG_clean,PG_adv,absolute_PG_degradation,cam_cosine,cam_tv,clean_zero_cam,adv_zero_cam,cam_change_defined,clean_overlay_path,adv_overlay_path,paired_visual_path,clean_contour_threshold,adv_contour_threshold,clean_contour_area,adv_contour_area
dev_val,digital_1,arabic-024_03,huawei,train/attack/digital_1/huawei/arabic-024_03.jpg,1.0,0.9999886751174927,1.1324882507324219e-05,0.997260332107544,11.391756057739258,5.897192001342773,True,1.0,0.25,10,0.0039215851575136185,0.0,10,0,0.5305448770523071,0.04405762627720833,0.11472618579864502,0.5305448770523071,0.04405761882662773,0.4864872582256794,0.9169577905050923,True,4.624444484710693,0.38402408361434937,4.240420401096344,0.9169577913879154,1.0,0.0,1.0,0.21409444510936737,0.8097511529922485,False,False,True,output/resnet18_localisation_attack_preserve_cls_full/visuals/dev_val/digital_1/huawei/arabic-024_03__c059abb9__clean_overlay.png,output/resnet18_localisation_attack_preserve_cls_full/visuals/dev_val/digital_1/huawei/arabic-024_03__c059abb9__adv_overlay.png,output/resnet18_localisation_attack_preserve_cls_full/visuals/dev_val/digital_1/huawei/arabic-024_03__c059abb9__paired.png,0.5535354614257812,0.5754371285438538,0.04520524205635491,0.03717026378896882
dev_val,digital_1,arabic-024_03,iphone15pro,train/attack/digital_1/iphone15pro/arabic-024_03.jpg,1.0,0.9997957348823547,0.00020426511764526367,0.8690099716186523,8.496027946472168,1.8922333717346191,True,1.0,0.25,10,0.0039215851575136185,0.0,10,0,0.5389240980148315,0.020818646997213364,0.10770123451948166,0.5389240384101868,0.020818646997213364,0.5181053914129734,0.9613699788589355,True,5.003879547119141,0.19329997897148132,4.810579568147659,0.9613699776041233,1.0,0.0,1.0,0.09301531314849854,0.8835716247558594,False,False,True,output/resnet18_localisation_attack_preserve_cls_full/visuals/dev_val/digital_1/iphone15pro/arabic-024_03__8a15bc35__clean_overlay.png,output/resnet18_localisation_attack_preserve_cls_full/visuals/dev_val/digital_1/iphone15pro/arabic-024_03__8a15bc35__adv_overlay.png,output/resnet18_localisation_attack_preserve_cls_full/visuals/dev_val/digital_1/iphone15pro/arabic-024_03__8a15bc35__paired.png,0.6198269128799438,0.4308205842971802,0.04414399660912454,0.028853749229346484
dev_val,digital_1,arabic-024_03,scan,train/attack/digital_1/scan/arabic-024_03.jpg,1.0,0.9999992847442627,7.152557373046875e-07,0.9985536932945251,14.128520011901855,6.537261962890625,True,1.0,0.25,10,0.003921577241271734,0.0,4,0,0.6589217782020569,0.2198769599199295,0.11709031462669373,0.6589217782020569,0.2198769748210907,0.4390448033809662,0.6663079259255172,True,5.627466201782227,1.8778407573699951,3.7496254444122314,0.6663079457011611,1.0,1.0,0.0,0.31794729828834534,0.7641154527664185,False,False,True,output/resnet18_localisation_attack_preserve_cls_full/visuals/dev_val/digital_1/scan/arabic-024_03__79b9e607__clean_overlay.png,output/resnet18_localisation_attack_preserve_cls_full/visuals/dev_val/digital_1/scan/arabic-024_03__79b9e607__adv_overlay.png,output/resnet18_localisation_attack_preserve_cls_full/visuals/dev_val/digital_1/scan/arabic-024_03__79b9e607__paired.png,0.6884159445762634,0.46224626898765564,0.039079092081310676,0.028763558100728157
dev_val,digital_1,arabic-120_03,huawei,train/attack/digital_1/huawei/arabic-120_03.jpg,1.0,0.9999998807907104,1.1920928955078125e-07,0.9999709129333496,16.28217315673828,10.44359016418457,True,1.0,0.25,10,0.0029412410221993923,0.0,3,0,0.7339490652084351,0.18863457441329956,0.14223414659500122,0.7339490652084351,0.18863458931446075,0.5453144758939743,0.7429868116789682,True,5.160146713256836,1.326225757598877,3.833920955657959,0.7429868119463163,1.0,1.0,0.0,0.33607494831085205,0.7122533321380615,False,False,True,output/resnet18_localisation_attack_preserve_cls_full/visuals/dev_val/digital_1/huawei/arabic-120_03__0276e20a__clean_overlay.png,output/resnet18_localisation_attack_preserve_cls_full/visuals/dev_val/digital_1/huawei/arabic-120_03__0276e20a__adv_overlay.png,output/resnet18_localisation_attack_preserve_cls_full/visuals/dev_val/digital_1/huawei/arabic-120_03__0276e20a__paired.png,0.606944739818573,0.46054667234420776,0.042784981905910735,0.04559804734620024
dev_val,digital_1,arabic-120_03,iphone15pro,train/attack/digital_1/iphone15pro/arabic-120_03.jpg,1.0,0.9999998807907104,1.1920928955078125e-07,0.9860718846321106,16.367679595947266,4.259821891784668,True,1.0,0.25,10,0.0039215851575136185,0.0,10,0,0.6574225425720215,0.06102262809872627,0.13355688750743866,0.6574224829673767,0.06102262809872627,0.5963998548686504,0.9071789759557791,True,4.922415256500244,0.4569036364555359,4.465511620044708,0.9071789736040298,1.0,0.0,1.0,0.1859990954399109,0.7767319679260254,False,False,True,output/resnet18_localisation_attack_preserve_cls_full/visuals/dev_val/digital_1/iphone15pro/arabic-120_03__e1549485__clean_overlay.png,output/resnet18_localisation_attack_preserve_cls_full/visuals/dev_val/digital_1/iphone15pro/arabic-120_03__e1549485__adv_overlay.png,output/resnet18_localisation_attack_preserve_cls_full/visuals/dev_val/digital_1/iphone15pro/arabic-120_03__e1549485__paired.png,0.6537503600120544,0.6192613840103149,0.04313869102328431,0.041422526041666664
dev_val,digital_1,arabic-120_03,scan,train/attack/digital_1/scan/arabic-120_03.jpg,1.0,0.9999862909317017,1.3709068298339844e-05,0.9883429408073425,11.197652816772461,4.440113067626953,True,1.0,0.25,10,0.0029412410221993923,0.0,3,0,0.7997737526893616,0.1508999764919281,0.15913067758083344,0.7997736930847168,0.1508999615907669,0.6488737314939499,0.8113216739991188,True,5.025892734527588,0.9482769966125488,4.077615737915039,0.8113216802065947,1.0,1.0,0.0,0.24876564741134644,0.8308537006378174,False,False,True,output/resnet18_localisation_attack_preserve_cls_full/visuals/dev_val/digital_1/scan/arabic-120_03__5f783b19__clean_overlay.png,output/resnet18_localisation_attack_preserve_cls_full/visuals/dev_val/digital_1/scan/arabic-120_03__5f783b19__adv_overlay.png,output/resnet18_localisation_attack_preserve_cls_full/visuals/dev_val/digital_1/scan/arabic-120_03__5f783b19__paired.png,0.62451171875,0.37450483441352844,0.03415219553243574,0.035373795134638925
dev_val,digital_1,arabic-NF-1048,huawei,train/attack/digital_1/huawei/arabic-NF-1048.jpg,1.0,0.9999996423721313,3.5762786865234375e-07,0.9833086133003235,14.801379203796387,4.0760321617126465,True,1.0,0.25,10,0.0039215851575136185,0.0,7,0,0.7823598980903625,0.11830217391252518,0.1932384967803955,0.7823599576950073,0.11830216646194458,0.6640577912330627,0.8487880606639341,True,4.048675537109375,0.6122080683708191,3.436467468738556,0.8487880634643505,1.0,1.0,0.0,0.2632678151130676,0.7786992192268372,False,False,True,output/resnet18_localisation_attack_preserve_cls_full/visuals/dev_val/digital_1/huawei/arabic-NF-1048__10943072__clean_overlay.png,output/resnet18_localisation_attack_preserve_cls_full/visuals/dev_val/digital_1/huawei/arabic-NF-1048__10943072__adv_overlay.png,output/resnet18_localisation_attack_preserve_cls_full/visuals/dev_val/digital_1/huawei/arabic-NF-1048__10943072__paired.png,0.5561544895172119,0.4778147339820862,0.03962426046723301,0.03091815837378641
dev_val,digital_1,arabic-NF-1048,iphone15pro,train/attack/digital_1/iphone15pro/arabic-NF-1048.jpg,1.0,0.9999996423721313,3.5762786865234375e-07,0.9987677335739136,14.777191162109375,6.697606086730957,True,1.0,0.25,10,0.0039215851575136185,0.0,5,0,0.8640734553337097,0.17078661918640137,0.20606283843517303,0.8640733361244202,0.17078661918640137,0.6932867169380188,0.8023470786028174,True,4.193251609802246,0.8288084268569946,3.3644431829452515,0.8023470795504968,1.0,1.0,0.0,0.17066499590873718,0.84892737865448,False,False,True,output/resnet18_localisation_attack_preserve_cls_full/visuals/dev_val/digital_1/iphone15pro/arabic-NF-1048__b270f8c9__clean_overlay.png,output/resnet18_localisation_attack_preserve_cls_full/visuals/dev_val/digital_1/iphone15pro/arabic-NF-1048__b270f8c9__adv_overlay.png,output/resnet18_localisation_attack_preserve_cls_full/visuals/dev_val/digital_1/iphone15pro/arabic-NF-1048__b270f8c9__paired.png,0.47742384672164917,0.5057245492935181,0.04124143325387366,0.039691038438617404
dev_val,digital_1,arabic-NF-1048,scan,train/attack/digital_1/scan/arabic-NF-1048.jpg,1.0,1.0,0.0,0.9725887179374695,16.681827545166016,3.5690054893493652,True,1.0,0.25,10,0.0039215851575136185,0.0,6,0,0.8567985892295837,0.20683205127716064,0.2055954784154892,0.8567985892295837,0.20683209598064423,0.6499664932489395,0.7585989302729553,True,4.167399883270264,1.0060148239135742,3.1613850593566895,0.7585989220875706,1.0,1.0,0.0,0.22499531507492065,0.8619425296783447,False,False,True,output/resnet18_localisation_attack_preserve_cls_full/visuals/dev_val/digital_1/scan/arabic-NF-1048__f425baf8__clean_overlay.png,output/resnet18_localisation_attack_preserve_cls_full/visuals/dev_val/digital_1/scan/arabic-NF-1048__f425baf8__adv_overlay.png,output/resnet18_localisation_attack_preserve_cls_full/visuals/dev_val/digital_1/scan/arabic-NF-1048__f425baf8__paired.png,0.5346018671989441,0.5412503480911255,0.03462940461725395,0.01980653857837181
dev_val,digital_1,arabic-NF-1098,huawei,train/attack/digital_1/huawei/arabic-NF-1098.jpg,1.0,0.9999996423721313,3.5762786865234375e-07,0.9924607872962952,14.955587387084961,4.8800764083862305,True,1.0,0.25,10,0.0039215851575136185,0.0,6,0,0.8332381248474121,0.1710379719734192,0.20522086322307587,0.8332382440567017,0.171037957072258,0.6622002869844437,0.7947310288597136,True,4.060202598571777,0.8334335684776306,3.2267690300941467,0.7947310390937633,1.0,1.0,0.0,0.25000709295272827,0.830464780330658,False,False,True,output/resnet18_localisation_attack_preserve_cls_full/visuals/dev_val/digital_1/huawei/arabic-NF-1098__795dc6e7__clean_overlay.png,output/resnet18_localisation_attack_preserve_cls_full/visuals/dev_val/digital_1/huawei/arabic-NF-1098__795dc6e7__adv_overlay.png,output/resnet18_localisation_attack_preserve_cls_full/visuals/dev_val/digital_1/huawei/arabic-NF-1098__795dc6e7__paired.png,0.553375780582428,0.32348740100860596,0.04308769792935445,0.03023894260048721
dev_val,digital_1,arabic-NF-1098,iphone15pro,train/attack/digital_1/iphone15pro/arabic-NF-1098.jpg,1.0,0.9999998807907104,1.1920928955078125e-07,0.9986149072647095,16.25337028503418,6.58059024810791,True,1.0,0.25,10,0.0039215851575136185,0.0,6,0,0.7910969257354736,0.18285547196865082,0.2187102884054184,0.7910969257354736,0.18285547196865082,0.6082414537668228,0.7688583206177269,True,3.6170997619628906,0.8360625505447388,2.781037211418152,0.7688583103687932,1.0,1.0,0.0,0.3580116629600525,0.7649353742599487,False,False,True,output/resnet18_localisation_attack_preserve_cls_full/visuals/dev_val/digital_1/iphone15pro/arabic-NF-1098__aff0336f__clean_overlay.png,output/resnet18_localisation_attack_preserve_cls_full/visuals/dev_val/digital_1/iphone15pro/arabic-NF-1098__aff0336f__adv_overlay.png,output/resnet18_localisation_attack_preserve_cls_full/visuals/dev_val/digital_1/iphone15pro/arabic-NF-1098__aff0336f__paired.png,0.5225111246109009,0.543114423751831,0.04532137784090909,0.031011700059808613
dev_val,digital_1,arabic-NF-1098,scan,train/attack/digital_1/scan/arabic-NF-1098.jpg,1.0,0.9999997615814209,2.384185791015625e-07,0.9999849796295166,15.21890926361084,11.10703182220459,True,1.0,0.25,10,0.0039215851575136185,0.0,6,0,0.7755129933357239,0.21428769826889038,0.20528985559940338,0.7755130529403687,0.21428769826889038,0.5612253546714783,0.7236826672917811,True,3.777649164199829,1.0438299179077148,2.7338192462921143,0.7236826733938339,1.0,1.0,0.0,0.3140733242034912,0.7116397619247437,False,False,True,output/resnet18_localisation_attack_preserve_cls_full/visuals/dev_val/digital_1/scan/arabic-NF-1098__74f92af0__clean_overlay.png,output/resnet18_localisation_attack_preserve_cls_full/visuals/dev_val/digital_1/scan/arabic-NF-1098__74f92af0__adv_overlay.png,output/resnet18_localisation_attack_preserve_cls_full/visuals/dev_val/digital_1/scan/arabic-NF-1098__74f92af0__paired.png,0.4764750003814697,0.5301952362060547,0.04811205846528624,0.03820131699147381
dev_val,digital_1,arabic-NM-1090,huawei,train/attack/digital_1/huawei/arabic-NM-1090.jpg,1.0,0.9999957084655762,4.291534423828125e-06,0.9999700784683228,12.359123229980469,10.415661811828613,True,1.0,0.25,10,0.0019608272705227137,0.0,2,0,0.8321663737297058,0.20344719290733337,0.22399607300758362,0.8321664333343506,0.20344719290733337,0.6287192404270172,0.7555210294986848,True,3.7150938510894775,0.908262312412262,2.8068315386772156,0.7555210315492009,1.0,1.0,0.0,0.27238261699676514,0.7655227184295654,False,False,True,output/resnet18_localisation_attack_preserve_cls_full/visuals/dev_val/digital_1/huawei/arabic-NM-1090__9e1bef3f__clean_overlay.png,output/resnet18_localisation_attack_preserve_cls_full/visuals/dev_val/digital_1/huawei/arabic-NM-1090__9e1bef3f__adv_overlay.png,output/resnet18_localisation_attack_preserve_cls_full/visuals/dev_val/digital_1/huawei/arabic-NM-1090__9e1bef3f__paired.png,0.473463237285614,0.37213945388793945,0.0490946746678744,0.06061292270531401
dev_val,digital_1,arabic-NM-1090,iphone15pro,train/attack/digital_1/iphone15pro/arabic-NM-1090.jpg,1.0,0.9999910593032837,8.940696716308594e-06,0.9428110718727112,11.626869201660156,2.8025059700012207,True,1.0,0.25,10,0.0039215851575136185,0.0,10,0,0.8141950368881226,0.011048591695725918,0.19044309854507446,0.8141950368881226,0.011048591695725918,0.8031464451923966,0.9864300429317846,True,4.275266647338867,0.058015186339616776,4.21725146099925,0.9864300425855944,1.0,0.0,1.0,0.022747943177819252,0.9401849508285522,False,False,True,output/resnet18_localisation_attack_preserve_cls_full/visuals/dev_val/digital_1/iphone15pro/arabic-NM-1090__319cd7c8__clean_overlay.png,output/resnet18_localisation_attack_preserve_cls_full/visuals/dev_val/digital_1/iphone15pro/arabic-NM-1090__319cd7c8__adv_overlay.png,output/resnet18_localisation_attack_preserve_cls_full/visuals/dev_val/digital_1/iphone15pro/arabic-NM-1090__319cd7c8__paired.png,0.5291305184364319,0.6279245018959045,0.04244694132334582,0.02933832709113608
dev_val,digital_1,arabic-NM-1090,scan,train/attack/digital_1/scan/arabic-NM-1090.jpg,1.0,0.9999877214431763,1.2278556823730469e-05,0.9964304566383362,11.308552742004395,5.63171911239624,True,1.0,0.25,10,0.0039215851575136185,0.0,7,0,0.8084657788276672,0.08879290521144867,0.2252189815044403,0.808465838432312,0.08879291266202927,0.7196729257702827,0.8901711013118294,True,3.5896878242492676,0.3942514657974243,3.1954363584518433,0.8901710998003353,1.0,0.0,1.0,0.19788265228271484,0.7656988501548767,False,False,True,output/resnet18_localisation_attack_preserve_cls_full/visuals/dev_val/digital_1/scan/arabic-NM-1090__2155706f__clean_overlay.png,output/resnet18_localisation_attack_preserve_cls_full/visuals/dev_val/digital_1/scan/arabic-NM-1090__2155706f__adv_overlay.png,output/resnet18_localisation_attack_preserve_cls_full/visuals/dev_val/digital_1/scan/arabic-NM-1090__2155706f__paired.png,0.5550282001495361,0.4285523593425751,0.03868000305997552,0.03922506119951041
dev_val,digital_1,chinese-001_03,huawei,train/attack/digital_1/huawei/chinese-001_03.jpg,1.0,0.9999833106994629,1.6689300537109375e-05,0.982293426990509,11.002176284790039,4.015953540802002,True,1.0,0.25,10,0.0019608272705227137,0.0,2,0,0.6503745317459106,0.19619442522525787,0.13946671783924103,0.6503745317459106,0.19619439542293549,0.45418013632297516,0.6983362880212151,True,4.663295269012451,1.4067469835281372,3.256548285484314,0.6983362831695525,1.0,1.0,0.0,0.4620269238948822,0.7018229961395264,False,False,True,output/resnet18_localisation_attack_preserve_cls_full/visuals/dev_val/digital_1/huawei/chinese-001_03__b72bb8d0__clean_overlay.png,output/resnet18_localisation_attack_preserve_cls_full/visuals/dev_val/digital_1/huawei/chinese-001_03__b72bb8d0__adv_overlay.png,output/resnet18_localisation_attack_preserve_cls_full/visuals/dev_val/digital_1/huawei/chinese-001_03__b72bb8d0__paired.png,0.6402531862258911,0.476833701133728,0.03817620798319328,0.026410564225690276
dev_val,digital_1,chinese-001_03,iphone15pro,train/attack/digital_1/iphone15pro/chinese-001_03.jpg,1.0,0.99991774559021,8.225440979003906e-05,0.9973165392875671,9.405238151550293,5.917949199676514,True,1.0,0.25,10,0.0039215851575136185,0.0,5,0,0.6884941458702087,0.17251496016979218,0.1416015625,0.6884942650794983,0.17251494526863098,0.5159793198108673,0.7494315435601904,True,4.862194061279297,1.218312382698059,3.643881678581238,0.7494315596326676,1.0,1.0,0.0,0.299818217754364,0.7687250375747681,False,False,True,output/resnet18_localisation_attack_preserve_cls_full/visuals/dev_val/digital_1/iphone15pro/chinese-001_03__0e6185f6__clean_overlay.png,output/resnet18_localisation_attack_preserve_cls_full/visuals/dev_val/digital_1/iphone15pro/chinese-001_03__0e6185f6__adv_overlay.png,output/resnet18_localisation_attack_preserve_cls_full/visuals/dev_val/digital_1/iphone15pro/chinese-001_03__0e6185f6__paired.png,0.6939260959625244,0.5678731203079224,0.04071029776674938,0.029529505272952852
dev_val,digital_1,chinese-001_03,scan,train/attack/digital_1/scan/chinese-001_03.jpg,0.99951171875,0.9996157884597778,0.00010406970977783203,0.9868921637535095,7.864067077636719,4.321352958679199,True,1.0,0.25,10,0.0039215851575136185,0.0,5,0,0.7440134286880493,0.1713232547044754,0.1407732218503952,0.7440134286880493,0.1713232547044754,0.5726901739835739,0.7697309643905527,True,5.285191535949707,1.2170159816741943,4.068175554275513,0.7697309599101395,1.0,1.0,0.0,0.18657730519771576,0.8607311844825745,False,False,True,output/resnet18_localisation_attack_preserve_cls_full/visuals/dev_val/digital_1/scan/chinese-001_03__f3a61eaf__clean_overlay.png,output/resnet18_localisation_attack_preserve_cls_full/visuals/dev_val/digital_1/scan/chinese-001_03__f3a61eaf__adv_overlay.png,output/resnet18_localisation_attack_preserve_cls_full/visuals/dev_val/digital_1/scan/chinese-001_03__f3a61eaf__paired.png,0.7057240009307861,0.5280408263206482,0.036521285954712365,0.03194805691554468
dev_val,digital_1,chinese-113_03,huawei,train/attack/digital_1/huawei/chinese-113_03.jpg,1.0,0.9999998807907104,1.1920928955078125e-07,0.9972992539405823,15.626230239868164,5.911511421203613,True,1.0,0.25,10,0.003921577241271734,0.0,4,0,0.6599735021591187,0.1899729073047638,0.13277935981750488,0.6599735021591187,0.1899729073047638,0.47000059485435486,0.7121507050157877,True,4.970452785491943,1.430741310119629,3.5397114753723145,0.7121507090267988,1.0,1.0,0.0,0.2925036549568176,0.8003826141357422,False,False,True,output/resnet18_localisation_attack_preserve_cls_full/visuals/dev_val/digital_1/huawei/chinese-113_03__80b1dbcd__clean_overlay.png,output/resnet18_localisation_attack_preserve_cls_full/visuals/dev_val/digital_1/huawei/chinese-113_03__80b1dbcd__adv_overlay.png,output/resnet18_localisation_attack_preserve_cls_full/visuals/dev_val/digital_1/huawei/chinese-113_03__80b1dbcd__paired.png,0.6804463863372803,0.5252360701560974,0.039820075757575756,0.028887310606060607
dev_val,digital_1,chinese-113_03,iphone15pro,train/attack/digital_1/iphone15pro/chinese-113_03.jpg,1.0,1.0,0.0,0.994211733341217,16.92319107055664,5.14611291885376,True,1.0,0.25,10,0.0039215851575136185,0.0,10,0,0.6094513535499573,0.09810762107372284,0.1292112022638321,0.609451413154602,0.09810762107372284,0.5113437920808792,0.8390230640931577,True,4.716707229614258,0.7592810988426208,3.957426130771637,0.8390230595455643,1.0,1.0,0.0,0.27993273735046387,0.799440324306488,False,False,True,output/resnet18_localisation_attack_preserve_cls_full/visuals/dev_val/digital_1/iphone15pro/chinese-113_03__fc161e43__clean_overlay.png,output/resnet18_localisation_attack_preserve_cls_full/visuals/dev_val/digital_1/iphone15pro/chinese-113_03__fc161e43__adv_overlay.png,output/resnet18_localisation_attack_preserve_cls_full/visuals/dev_val/digital_1/iphone15pro/chinese-113_03__fc161e43__paired.png,0.6584969758987427,0.5933387875556946,0.047126703841387854,0.028144845879801733
dev_val,digital_1,chinese-113_03,scan,train/attack/digital_1/scan/chinese-113_03.jpg,1.0,0.9999991655349731,8.344650268554688e-07,0.9995946288108826,14.066080093383789,7.81040096282959,True,1.0,0.25,10,0.0029412410221993923,0.0,3,0,0.6107090711593628,0.1946403980255127,0.1349261850118637,0.6107090711593628,0.1946403682231903,0.4160687029361725,0.6812879038235221,True,4.526245594024658,1.4425692558288574,3.083676338195801,0.6812878961465831,1.0,1.0,0.0,0.365774929523468,0.7287581562995911,False,False,True,output/resnet18_localisation_attack_preserve_cls_full/visuals/dev_val/digital_1/scan/chinese-113_03__757716d4__clean_overlay.png,output/resnet18_localisation_attack_preserve_cls_full/visuals/dev_val/digital_1/scan/chinese-113_03__757716d4__adv_overlay.png,output/resnet18_localisation_attack_preserve_cls_full/visuals/dev_val/digital_1/scan/chinese-113_03__757716d4__paired.png,0.6988208889961243,0.5460693836212158,0.04349837039877301,0.03785467791411043
dev_val,digital_1,chinese-142_03,huawei,train/attack/digital_1/huawei/chinese-142_03.jpg,1.0,0.9999977350234985,2.2649765014648438e-06,0.9685019254684448,12.973529815673828,3.4258241653442383,True,1.0,0.25,10,0.0039215851575136185,0.0,10,0,0.6759697794914246,0.12479986995458603,0.14119075238704681,0.6759697794914246,0.12479986250400543,0.5511699169874191,0.8153765652099116,True,4.78763484954834,0.8839096426963806,3.9037252068519592,0.8153765542959552,1.0,1.0,0.0,0.3230017423629761,0.7611026763916016,False,False,True,output/resnet18_localisation_attack_preserve_cls_full/visuals/dev_val/digital_1/huawei/chinese-142_03__b6cea352__clean_overlay.png,output/resnet18_localisation_attack_preserve_cls_full/visuals/dev_val/digital_1/huawei/chinese-142_03__b6cea352__adv_overlay.png,output/resnet18_localisation_attack_preserve_cls_full/visuals/dev_val/digital_1/huawei/chinese-142_03__b6cea352__paired.png,0.7063573002815247,0.4541420042514801,0.04302978515625,0.029447115384615384
dev_val,digital_1,chinese-142_03,iphone15pro,train/attack/digital_1/iphone15pro/chinese-142_03.jpg,1.0,0.9999995231628418,4.76837158203125e-07,0.9979743361473083,14.477293014526367,6.199803352355957,True,1.0,0.25,10,0.0039215851575136185,0.0,10,0,0.691241443157196,0.10081049054861069,0.1391281634569168,0.691241443157196,0.10081049799919128,0.5904309451580048,0.8541602228900708,True,4.968379020690918,0.7245872616767883,4.24379175901413,0.8541602283845033,1.0,0.0,1.0,0.2201620638370514,0.7831424474716187,False,False,True,output/resnet18_localisation_attack_preserve_cls_full/visuals/dev_val/digital_1/iphone15pro/chinese-142_03__1cc6f376__clean_overlay.png,output/resnet18_localisation_attack_preserve_cls_full/visuals/dev_val/digital_1/iphone15pro/chinese-142_03__1cc6f376__adv_overlay.png,output/resnet18_localisation_attack_preserve_cls_full/visuals/dev_val/digital_1/iphone15pro/chinese-142_03__1cc6f376__paired.png,0.5753294229507446,0.5668649673461914,0.04634628012978986,0.04063658838071693
dev_val,digital_1,chinese-142_03,scan,train/attack/digital_1/scan/chinese-142_03.jpg,1.0,1.0,0.0,0.9999620914459229,17.79965591430664,10.181787490844727,True,1.0,0.25,10,0.0029412410221993923,0.0,3,0,0.610985279083252,0.18696513772010803,0.14042921364307404,0.6109853386878967,0.18696515262126923,0.4240201860666275,0.6939940440751318,True,4.350842475891113,1.3313835859298706,3.0194588899612427,0.6939940728014556,1.0,1.0,0.0,0.44501328468322754,0.666995644569397,False,False,True,output/resnet18_localisation_attack_preserve_cls_full/visuals/dev_val/digital_1/scan/chinese-142_03__db99c7c9__clean_overlay.png,output/resnet18_localisation_attack_preserve_cls_full/visuals/dev_val/digital_1/scan/chinese-142_03__db99c7c9__adv_overlay.png,output/resnet18_localisation_attack_preserve_cls_full/visuals/dev_val/digital_1/scan/chinese-142_03__db99c7c9__paired.png,0.7090463638305664,0.5539842844009399,0.0453468826405868,0.039463630806845965
dev_val,digital_1,chinese-NF-1050,huawei,train/attack/digital_1/huawei/chinese-NF-1050.jpg,1.0,0.9999969005584717,3.0994415283203125e-06,0.9968542456626892,12.698421478271484,5.758528709411621,True,1.0,0.25,10,0.0039215851575136185,0.0,6,0,0.7494081854820251,0.1904822140932083,0.3078449070453644,0.7494081258773804,0.1904822289943695,0.5589258968830109,0.7458231070401596,True,2.4343690872192383,0.6187604069709778,1.8156086802482605,0.7458230922255987,1.0,1.0,0.0,0.39819252490997314,0.7112002372741699,False,False,True,output/resnet18_localisation_attack_preserve_cls_full/visuals/dev_val/digital_1/huawei/chinese-NF-1050__777e05d2__clean_overlay.png,output/resnet18_localisation_attack_preserve_cls_full/visuals/dev_val/digital_1/huawei/chinese-NF-1050__777e05d2__adv_overlay.png,output/resnet18_localisation_attack_preserve_cls_full/visuals/dev_val/digital_1/huawei/chinese-NF-1050__777e05d2__paired.png,0.36602914333343506,0.5337943434715271,0.05204420823317308,0.027043269230769232
dev_val,digital_1,chinese-NF-1050,iphone15pro,train/attack/digital_1/iphone15pro/chinese-NF-1050.jpg,1.0,0.9999983310699463,1.6689300537109375e-06,0.9532381296157837,13.269538879394531,3.014796495437622,True,1.0,0.25,10,0.0039215851575136185,0.0,6,0,0.7943056225776672,0.16429272294044495,0.2957620620727539,0.7943056225776672,0.16429270803928375,0.6300129145383835,0.7931618468139205,True,2.68562388420105,0.5554894804954529,2.130134403705597,0.7931618482531085,1.0,1.0,0.0,0.34314417839050293,0.762534499168396,False,False,True,output/resnet18_localisation_attack_preserve_cls_full/visuals/dev_val/digital_1/iphone15pro/chinese-NF-1050__d629d973__clean_overlay.png,output/resnet18_localisation_attack_preserve_cls_full/visuals/dev_val/digital_1/iphone15pro/chinese-NF-1050__d629d973__adv_overlay.png,output/resnet18_localisation_attack_preserve_cls_full/visuals/dev_val/digital_1/iphone15pro/chinese-NF-1050__d629d973__paired.png,0.4320032298564911,0.46317484974861145,0.051599516832917705,0.027307220230673317
dev_val,digital_1,chinese-NF-1050,scan,train/attack/digital_1/scan/chinese-NF-1050.jpg,1.0,0.9999996423721313,3.5762786865234375e-07,0.9967126846313477,14.975914001464844,5.7143778800964355,True,1.0,0.25,10,0.0039215851575136185,0.0,5,0,0.7813866138458252,0.20630088448524475,0.3111509680747986,0.78138667345047,0.20630088448524475,0.5750857889652252,0.7359810558653946,True,2.5112783908843994,0.6630250811576843,1.848253309726715,0.7359810510995612,1.0,1.0,0.0,0.3691439628601074,0.7295976877212524,False,False,True,output/resnet18_localisation_attack_preserve_cls_full/visuals/dev_val/digital_1/scan/chinese-NF-1050__7be1d5f0__clean_overlay.png,output/resnet18_localisation_attack_preserve_cls_full/visuals/dev_val/digital_1/scan/chinese-NF-1050__7be1d5f0__adv_overlay.png,output/resnet18_localisation_attack_preserve_cls_full/visuals/dev_val/digital_1/scan/chinese-NF-1050__7be1d5f0__paired.png,0.38129496574401855,0.49532008171081543,0.05298746943765281,0.025796531173594133
dev_val,digital_1,chinese-NF-1085,huawei,train/attack/digital_1/huawei/chinese-NF-1085.jpg,1.0,0.9999988079071045,1.1920928955078125e-06,0.9589707255363464,13.687442779541016,3.1515755653381348,True,1.0,0.25,10,0.0039215851575136185,0.0,10,0,0.7920458912849426,0.07584458589553833,0.2225763350725174,0.7920458316802979,0.07584458589553833,0.7162012457847595,0.904242175311198,True,3.558535575866699,0.3407576382160187,3.2177779376506805,0.9042421718284984,1.0,0.0,1.0,0.24185869097709656,0.8077239990234375,False,False,True,output/resnet18_localisation_attack_preserve_cls_full/visuals/dev_val/digital_1/huawei/chinese-NF-1085__39a10f6f__clean_overlay.png,output/resnet18_localisation_attack_preserve_cls_full/visuals/dev_val/digital_1/huawei/chinese-NF-1085__39a10f6f__adv_overlay.png,output/resnet18_localisation_attack_preserve_cls_full/visuals/dev_val/digital_1/huawei/chinese-NF-1085__39a10f6f__paired.png,0.678706169128418,0.603602945804596,0.04556351534296029,0.025392975330926593
dev_val,digital_1,chinese-NF-1085,iphone15pro,train/attack/digital_1/iphone15pro/chinese-NF-1085.jpg,1.0,0.9999938011169434,6.198883056640625e-06,0.9985221028327942,11.989307403564453,6.51563024520874,True,1.0,0.25,10,0.003921577241271734,0.0,4,0,0.714330792427063,0.1858082413673401,0.21816092729568481,0.714330792427063,0.18580827116966248,0.5285225212574005,0.7398848360738495,True,3.274329662322998,0.8517028093338013,2.4226268529891968,0.739884832265315,1.0,1.0,0.0,0.3678508996963501,0.7362293004989624,False,False,True,output/resnet18_localisation_attack_preserve_cls_full/visuals/dev_val/digital_1/iphone15pro/chinese-NF-1085__585bb04e__clean_overlay.png,output/resnet18_localisation_attack_preserve_cls_full/visuals/dev_val/digital_1/iphone15pro/chinese-NF-1085__585bb04e__adv_overlay.png,output/resnet18_localisation_attack_preserve_cls_full/visuals/dev_val/digital_1/iphone15pro/chinese-NF-1085__585bb04e__paired.png,0.38703176379203796,0.5720138549804688,0.04902850741656366,0.029420001545117428
dev_val,digital_1,chinese-NF-1085,scan,train/attack/digital_1/scan/chinese-NF-1085.jpg,1.0,0.9999992847442627,7.152557373046875e-07,0.9973804354667664,14.116448402404785,5.942128658294678,True,1.0,0.25,10,0.0039215851575136185,0.0,8,0,0.7301738858222961,0.16249912977218628,0.22498516738414764,0.7301738262176514,0.16249911487102509,0.5676747113466263,0.7774514656150012,True,3.2454309463500977,0.722265899181366,2.5231650471687317,0.7774514660391568,1.0,1.0,0.0,0.40886807441711426,0.7141013145446777,False,False,True,output/resnet18_localisation_attack_preserve_cls_full/visuals/dev_val/digital_1/scan/chinese-NF-1085__48fe0696__clean_overlay.png,output/resnet18_localisation_attack_preserve_cls_full/visuals/dev_val/digital_1/scan/chinese-NF-1085__48fe0696__adv_overlay.png,output/resnet18_localisation_attack_preserve_cls_full/visuals/dev_val/digital_1/scan/chinese-NF-1085__48fe0696__paired.png,0.5653350949287415,0.5289914011955261,0.05128867953431373,0.025981828278186275
dev_val,digital_1,chinese-NM-1092,huawei,train/attack/digital_1/huawei/chinese-NM-1092.jpg,0.99951171875,0.9996021389961243,9.042024612426758e-05,0.9100170135498047,7.828988075256348,2.313842296600342,True,1.0,0.25,10,0.0039215851575136185,0.0,10,0,0.6733065843582153,0.07423213869333267,0.22290857136249542,0.6733066439628601,0.07423214614391327,0.5990744978189468,0.8897498683408092,True,3.0205507278442383,0.33301612734794617,2.687534600496292,0.8897498643945572,1.0,0.0,1.0,0.33289778232574463,0.7173162698745728,False,False,True,output/resnet18_localisation_attack_preserve_cls_full/visuals/dev_val/digital_1/huawei/chinese-NM-1092__56c6136e__clean_overlay.png,output/resnet18_localisation_attack_preserve_cls_full/visuals/dev_val/digital_1/huawei/chinese-NM-1092__56c6136e__adv_overlay.png,output/resnet18_localisation_attack_preserve_cls_full/visuals/dev_val/digital_1/huawei/chinese-NM-1092__56c6136e__paired.png,0.5177755951881409,0.5238451957702637,0.04442424865430622,0.025119617224880382
dev_val,digital_1,chinese-NM-1092,iphone15pro,train/attack/digital_1/iphone15pro/chinese-NM-1092.jpg,0.9970703125,0.9970108270645142,5.9485435485839844e-05,0.9699234366416931,5.809759140014648,3.4734723567962646,True,1.0,0.25,10,0.0039215851575136185,0.0,5,0,0.7065348029136658,0.14168381690979004,0.22148582339286804,0.706534743309021,0.14168380200862885,0.5648509413003922,0.7994666173880428,True,3.1899771690368652,0.6396968960762024,2.550280272960663,0.7994666224306104,1.0,1.0,0.0,0.5178747177124023,0.7125282883644104,False,False,True,output/resnet18_localisation_attack_preserve_cls_full/visuals/dev_val/digital_1/iphone15pro/chinese-NM-1092__ef5a5221__clean_overlay.png,output/resnet18_localisation_attack_preserve_cls_full/visuals/dev_val/digital_1/iphone15pro/chinese-NM-1092__ef5a5221__adv_overlay.png,output/resnet18_localisation_attack_preserve_cls_full/visuals/dev_val/digital_1/iphone15pro/chinese-NM-1092__ef5a5221__paired.png,0.508506178855896,0.4494865834712982,0.041679590570719606,0.02258209910049628
dev_val,digital_1,chinese-NM-1092,scan,train/attack/digital_1/scan/chinese-NM-1092.jpg,1.0,0.9999853372573853,1.4662742614746094e-05,0.9986081719398499,11.131511688232422,6.575683116912842,True,1.0,0.25,10,0.0039215851575136185,0.0,10,0,0.6105265021324158,0.1658358871936798,0.2235330194234848,0.6105265021324158,0.165835902094841,0.44469060003757477,0.7283723122327731,True,2.7312586307525635,0.7418854832649231,1.9893731474876404,0.7283723061186241,1.0,1.0,0.0,0.6210941076278687,0.5479548573493958,False,False,True,output/resnet18_localisation_attack_preserve_cls_full/visuals/dev_val/digital_1/scan/chinese-NM-1092__0e84d3d1__clean_overlay.png,output/resnet18_localisation_attack_preserve_cls_full/visuals/dev_val/digital_1/scan/chinese-NM-1092__0e84d3d1__adv_overlay.png,output/resnet18_localisation_attack_preserve_cls_full/visuals/dev_val/digital_1/scan/chinese-NM-1092__0e84d3d1__paired.png,0.49698406457901,0.4966612458229065,0.04730981979927007,0.030779539233576642
dev_val,digital_1,french-019_03,huawei,train/attack/digital_1/huawei/french-019_03.jpg,1.0,0.9999979734420776,2.0265579223632812e-06,0.9969512224197388,13.138481140136719,5.7899885177612305,True,1.0,0.25,10,0.0019608272705227137,0.0,2,0,0.6163201928138733,0.13833560049533844,0.11716878414154053,0.6163202524185181,0.13833561539649963,0.47798463702201843,0.7755458872986027,True,5.260106086730957,1.1806524991989136,4.0794535875320435,0.7755458768831288,1.0,1.0,0.0,0.47626787424087524,0.6812170743942261,False,False,True,output/resnet18_localisation_attack_preserve_cls_full/visuals/dev_val/digital_1/huawei/french-019_03__b50f98e5__clean_overlay.png,output/resnet18_localisation_attack_preserve_cls_full/visuals/dev_val/digital_1/huawei/french-019_03__b50f98e5__adv_overlay.png,output/resnet18_localisation_attack_preserve_cls_full/visuals/dev_val/digital_1/huawei/french-019_03__b50f98e5__paired.png,0.7015107870101929,0.5570764541625977,0.04024139221556886,0.02479182260479042
dev_val,digital_1,french-019_03,iphone15pro,train/attack/digital_1/iphone15pro/french-019_03.jpg,1.0,0.999984860420227,1.5139579772949219e-05,0.9961457252502441,11.095464706420898,5.5547003746032715,True,1.0,0.25,10,0.0039215851575136185,0.0,6,0,0.5313891172409058,0.05898955836892128,0.11225991696119308,0.5313891172409058,0.05898956581950188,0.4723995514214039,0.8889898872491231,True,4.733560562133789,0.5254731178283691,4.20808744430542,0.8889898817326006,1.0,0.0,1.0,0.3942779004573822,0.6029239296913147,False,False,True,output/resnet18_localisation_attack_preserve_cls_full/visuals/dev_val/digital_1/iphone15pro/french-019_03__92c21c25__clean_overlay.png,output/resnet18_localisation_attack_preserve_cls_full/visuals/dev_val/digital_1/iphone15pro/french-019_03__92c21c25__adv_overlay.png,output/resnet18_localisation_attack_preserve_cls_full/visuals/dev_val/digital_1/iphone15pro/french-019_03__92c21c25__paired.png,0.5983675718307495,0.4270361661911011,0.04479602307930607,0.03618484742874845
dev_val,digital_1,french-019_03,scan,train/attack/digital_1/scan/french-019_03.jpg,1.0,0.9999980926513672,1.9073486328125e-06,0.999687671661377,13.17582893371582,8.070943832397461,True,1.0,0.25,10,0.0019608272705227137,0.0,2,0,0.5527710318565369,0.19006133079528809,0.117688849568367,0.5527710318565369,0.19006133079528809,0.3627097010612488,0.6561662608169823,True,4.696885108947754,1.6149476766586304,3.0819374322891235,0.6561662380069526,1.0,1.0,0.0,0.5952110290527344,0.5669536590576172,False,False,True,output/resnet18_localisation_attack_preserve_cls_full/visuals/dev_val/digital_1/scan/french-019_03__40d3689b__clean_overlay.png,output/resnet18_localisation_attack_preserve_cls_full/visuals/dev_val/digital_1/scan/french-019_03__40d3689b__adv_overlay.png,output/resnet18_localisation_attack_preserve_cls_full/visuals/dev_val/digital_1/scan/french-019_03__40d3689b__paired.png,0.5892825722694397,0.5492871403694153,0.04681559838807786,0.030537180656934306
dev_val,digital_1,french-114_03,huawei,train/attack/digital_1/huawei/french-114_03.jpg,1.0,0.9999998807907104,1.1920928955078125e-07,0.9998399019241333,15.832592010498047,8.73944091796875,True,1.0,0.25,10,0.0039215851575136185,0.0,5,0,0.6248816847801208,0.14466650784015656,0.1370297372341156,0.6248817443847656,0.14466652274131775,0.4802152216434479,0.7684897597964703,True,4.560190677642822,1.0557308197021484,3.504459857940674,0.7684897640622652,1.0,1.0,0.0,0.5396319627761841,0.6156976222991943,False,False,True,output/resnet18_localisation_attack_preserve_cls_full/visuals/dev_val/digital_1/huawei/french-114_03__d3848297__clean_overlay.png,output/resnet18_localisation_attack_preserve_cls_full/visuals/dev_val/digital_1/huawei/french-114_03__d3848297__adv_overlay.png,output/resnet18_localisation_attack_preserve_cls_full/visuals/dev_val/digital_1/huawei/french-114_03__d3848297__paired.png,0.7118890881538391,0.5339949727058411,0.04469334288299156,0.03151387213510253
dev_val,digital_1,french-114_03,iphone15pro,train/attack/digital_1/iphone15pro/french-114_03.jpg,1.0,0.9999980926513672,1.9073486328125e-06,0.9947680234909058,13.182902336120605,5.2477264404296875,True,1.0,0.25,10,0.0039215851575136185,0.0,10,0,0.5790687799453735,0.08340757340192795,0.1362607628107071,0.5790687203407288,0.08340757340192795,0.4956611469388008,0.8559625645936284,True,4.2497100830078125,0.612117350101471,3.6375927329063416,0.8559625625877441,1.0,1.0,0.0,0.514611005783081,0.6522337198257446,False,False,True,output/resnet18_localisation_attack_preserve_cls_full/visuals/dev_val/digital_1/iphone15pro/french-114_03__5467e3b4__clean_overlay.png,output/resnet18_localisation_attack_preserve_cls_full/visuals/dev_val/digital_1/iphone15pro/french-114_03__5467e3b4__adv_overlay.png,output/resnet18_localisation_attack_preserve_cls_full/visuals/dev_val/digital_1/iphone15pro/french-114_03__5467e3b4__paired.png,0.6653205752372742,0.5334737300872803,0.04728694944168735,0.03425965415632754
dev_val,digital_1,french-114_03,scan,train/attack/digital_1/scan/french-114_03.jpg,1.0,1.0,0.0,0.9986039996147156,17.466129302978516,6.572752475738525,True,1.0,0.25,10,0.0039215851575136185,0.0,10,0,0.6500038504600525,0.13843142986297607,0.13897070288658142,0.6500037908554077,0.13843142986297607,0.5115723609924316,0.7870298115018687,True,4.677272319793701,0.9961195588111877,3.6811527609825134,0.7870298133816755,1.0,1.0,0.0,0.4718896746635437,0.6961455345153809,False,False,True,output/resnet18_localisation_attack_preserve_cls_full/visuals/dev_val/digital_1/scan/french-114_03__ae9a0425__clean_overlay.png,output/resnet18_localisation_attack_preserve_cls_full/visuals/dev_val/digital_1/scan/french-114_03__ae9a0425__adv_overlay.png,output/resnet18_localisation_attack_preserve_cls_full/visuals/dev_val/digital_1/scan/french-114_03__ae9a0425__paired.png,0.5942256450653076,0.5929862260818481,0.044981640146878825,0.026071947674418606
dev_val,digital_1,french-124_03,huawei,train/attack/digital_1/huawei/french-124_03.jpg,1.0,0.9999998807907104,1.1920928955078125e-07,0.9999748468399048,15.77811336517334,10.59019660949707,True,1.0,0.25,10,0.0029412410221993923,0.0,3,0,0.5887401700019836,0.16179995238780975,0.1266992837190628,0.5887401700019836,0.16179995238780975,0.4269402176141739,0.725175959392639,True,4.646751880645752,1.2770391702651978,3.369712710380554,0.7251759501977691,1.0,1.0,0.0,0.5340439081192017,0.5890146493911743,False,False,True,output/resnet18_localisation_attack_preserve_cls_full/visuals/dev_val/digital_1/huawei/french-124_03__2dae8e35__clean_overlay.png,output/resnet18_localisation_attack_preserve_cls_full/visuals/dev_val/digital_1/huawei/french-124_03__2dae8e35__adv_overlay.png,output/resnet18_localisation_attack_preserve_cls_full/visuals/dev_val/digital_1/huawei/french-124_03__2dae8e35__paired.png,0.6818434000015259,0.4390498995780945,0.04958023089651023,0.03847021660649819
dev_val,digital_1,french-124_03,iphone15pro,train/attack/digital_1/iphone15pro/french-124_03.jpg,1.0,0.9999996423721313,3.5762786865234375e-07,0.9997218251228333,14.753440856933594,8.18707275390625,True,1.0,0.25,10,0.0039215851575136185,0.0,10,0,0.463187038898468,0.12638571858406067,0.11866442859172821,0.4631870985031128,0.12638571858406067,0.3368013799190521,0.727138948834061,True,3.9033355712890625,1.065068244934082,2.8382673263549805,0.7271389493723833,1.0,1.0,0.0,0.6596776247024536,0.597022533416748,False,False,True,output/resnet18_localisation_attack_preserve_cls_full/visuals/dev_val/digital_1/iphone15pro/french-124_03__c085cc7b__clean_overlay.png,output/resnet18_localisation_attack_preserve_cls_full/visuals/dev_val/digital_1/iphone15pro/french-124_03__c085cc7b__adv_overlay.png,output/resnet18_localisation_attack_preserve_cls_full/visuals/dev_val/digital_1/iphone15pro/french-124_03__c085cc7b__paired.png,0.5652229189872742,0.5651893019676208,0.04743338103341584,0.027599976794554455
dev_val,digital_1,french-124_03,scan,train/attack/digital_1/scan/french-124_03.jpg,1.0,0.9999995231628418,4.76837158203125e-07,0.9996174573898315,14.66987419128418,7.868207931518555,True,1.0,0.25,10,0.0039215851575136185,0.0,10,0,0.5040237903594971,0.15086928009986877,0.1272038370370865,0.5040238499641418,0.15086930990219116,0.3531545400619507,0.7006702958343647,True,3.962332248687744,1.1860437393188477,2.7762885093688965,0.7006702959572245,1.0,1.0,0.0,0.6898054480552673,0.563883900642395,False,False,True,output/resnet18_localisation_attack_preserve_cls_full/visuals/dev_val/digital_1/scan/french-124_03__337d04a5__clean_overlay.png,output/resnet18_localisation_attack_preserve_cls_full/visuals/dev_val/digital_1/scan/french-124_03__337d04a5__adv_overlay.png,output/resnet18_localisation_attack_preserve_cls_full/visuals/dev_val/digital_1/scan/french-124_03__337d04a5__paired.png,0.5339575409889221,0.5848122239112854,0.047617569529339855,0.02555059978606357
dev_val,digital_1,french-128_03,huawei,train/attack/digital_1/huawei/french-128_03.jpg,1.0,0.9999970197677612,2.9802322387695312e-06,0.584150493144989,12.707634925842285,0.33983537554740906,True,1.0,0.25,10,0.0039215851575136185,0.0,10,0,0.6010814905166626,0.04924115538597107,0.1162969321012497,0.601081371307373,0.04924115538597107,0.551840215921402,0.9180790526266521,True,5.168505668640137,0.4234088957309723,4.745096772909164,0.9180790497532,1.0,0.0,1.0,0.2142627239227295,0.7758766412734985,False,False,True,output/resnet18_localisation_attack_preserve_cls_full/visuals/dev_val/digital_1/huawei/french-128_03__d3222a38__clean_overlay.png,output/resnet18_localisation_attack_preserve_cls_full/visuals/dev_val/digital_1/huawei/french-128_03__d3222a38__adv_overlay.png,output/resnet18_localisation_attack_preserve_cls_full/visuals/dev_val/digital_1/huawei/french-128_03__d3222a38__paired.png,0.7039740085601807,0.6282564997673035,0.03769601930036188,0.021628091073582628
dev_val,digital_1,french-128_03,iphone15pro,train/attack/digital_1/iphone15pro/french-128_03.jpg,1.0,0.9999747276306152,2.5272369384765625e-05,0.9767196178436279,10.583969116210938,3.736589193344116,True,1.0,0.25,10,0.0039215851575136185,0.0,10,0,0.4351518750190735,0.025451429188251495,0.11009892076253891,0.4351518154144287,0.025451427325606346,0.40970038808882236,0.9415113842478929,True,3.95237135887146,0.231168732047081,3.721202626824379,0.9415113836587745,1.0,0.0,1.0,0.3455321490764618,0.7219298481941223,False,False,True,output/resnet18_localisation_attack_preserve_cls_full/visuals/dev_val/digital_1/iphone15pro/french-128_03__7bda8be1__clean_overlay.png,output/resnet18_localisation_attack_preserve_cls_full/visuals/dev_val/digital_1/iphone15pro/french-128_03__7bda8be1__adv_overlay.png,output/resnet18_localisation_attack_preserve_cls_full/visuals/dev_val/digital_1/iphone15pro/french-128_03__7bda8be1__paired.png,0.45680928230285645,0.46181899309158325,0.043658659825870645,0.025716145833333332
dev_val,digital_1,french-128_03,scan,train/attack/digital_1/scan/french-128_03.jpg,1.0,0.9999321699142456,6.783008575439453e-05,0.934554934501648,9.597789764404297,2.6588597297668457,True,1.0,0.25,10,0.0039215851575136185,0.0,10,0,0.47393274307250977,0.09998015314340591,0.10873349756002426,0.4739327132701874,0.09998016059398651,0.37395255267620087,0.7890414445035615,True,4.358663558959961,0.9194973111152649,3.439166247844696,0.7890414576217785,1.0,0.0,1.0,0.5586045980453491,0.5278031229972839,False,False,True,output/resnet18_localisation_attack_preserve_cls_full/visuals/dev_val/digital_1/scan/french-128_03__a4bf1280__clean_overlay.png,output/resnet18_localisation_attack_preserve_cls_full/visuals/dev_val/digital_1/scan/french-128_03__a4bf1280__adv_overlay.png,output/resnet18_localisation_attack_preserve_cls_full/visuals/dev_val/digital_1/scan/french-128_03__a4bf1280__paired.png,0.4992815852165222,0.5385839939117432,0.04575892857142857,0.024908901862026864
dev_val,digital_1,french-NF-1047,huawei,train/attack/digital_1/huawei/french-NF-1047.jpg,1.0,1.0,0.0,0.9999901056289673,22.405399322509766,11.525104522705078,True,1.0,0.25,10,0.0029412410221993923,0.0,3,0,0.7284142374992371,0.1601971685886383,0.18716511130332947,0.7284141778945923,0.1601971536874771,0.5682170242071152,0.7800740862149185,True,3.891826629638672,0.855913519859314,3.035913109779358,0.7800740882594815,1.0,1.0,0.0,0.42752981185913086,0.6757943630218506,False,False,True,output/resnet18_localisation_attack_preserve_cls_full/visuals/dev_val/digital_1/huawei/french-NF-1047__65c5ffa3__clean_overlay.png,output/resnet18_localisation_attack_preserve_cls_full/visuals/dev_val/digital_1/huawei/french-NF-1047__65c5ffa3__adv_overlay.png,output/resnet18_localisation_attack_preserve_cls_full/visuals/dev_val/digital_1/huawei/french-NF-1047__65c5ffa3__paired.png,0.5859459638595581,0.5204179883003235,0.04993583258393285,0.036249906324940045
dev_val,digital_1,french-NF-1047,iphone15pro,train/attack/digital_1/iphone15pro/french-NF-1047.jpg,1.0,1.0,0.0,0.9999969005584717,22.759864807128906,12.68062973022461,True,1.0,0.25,10,0.003921577241271734,0.0,4,0,0.7084940671920776,0.13816307485103607,0.18250679969787598,0.7084940075874329,0.13816307485103607,0.5703309327363968,0.8049904821051209,True,3.882014513015747,0.7570297718048096,3.1249847412109375,0.8049904838669163,1.0,1.0,0.0,0.4323251247406006,0.6662192940711975,False,False,True,output/resnet18_localisation_attack_preserve_cls_full/visuals/dev_val/digital_1/iphone15pro/french-NF-1047__4af5820e__clean_overlay.png,output/resnet18_localisation_attack_preserve_cls_full/visuals/dev_val/digital_1/iphone15pro/french-NF-1047__4af5820e__adv_overlay.png,output/resnet18_localisation_attack_preserve_cls_full/visuals/dev_val/digital_1/iphone15pro/french-NF-1047__4af5820e__paired.png,0.5985794067382812,0.4831222891807556,0.0496287849378882,0.04156880822981367
dev_val,digital_1,french-NF-1047,scan,train/attack/digital_1/scan/french-NF-1047.jpg,1.0,1.0,0.0,0.9997115731239319,21.210987091064453,8.150666236877441,True,1.0,0.25,10,0.0039215851575136185,0.0,9,0,0.7144984602928162,0.14725013077259064,0.18519912660121918,0.7144984006881714,0.14725014567375183,0.5672482550144196,0.7939111612679225,True,3.8580009937286377,0.795090913772583,3.0629100799560547,0.7939111692648496,1.0,1.0,0.0,0.42928481101989746,0.6998125314712524,False,False,True,output/resnet18_localisation_attack_preserve_cls_full/visuals/dev_val/digital_1/scan/french-NF-1047__9528e5d9__clean_overlay.png,output/resnet18_localisation_attack_preserve_cls_full/visuals/dev_val/digital_1/scan/french-NF-1047__9528e5d9__adv_overlay.png,output/resnet18_localisation_attack_preserve_cls_full/visuals/dev_val/digital_1/scan/french-NF-1047__9528e5d9__paired.png,0.48539072275161743,0.5786606073379517,0.047806307164634146,0.025990853658536584
dev_val,digital_1,french-NF-1082,huawei,train/attack/digital_1/huawei/french-NF-1082.jpg,1.0,0.9998481273651123,0.0001518726348876953,0.9981768131256104,8.792646408081055,6.305355072021484,True,1.0,0.25,10,0.0039215851575136185,0.0,7,0,0.672183632850647,0.03453553095459938,0.14965204894542694,0.672183632850647,0.03453553467988968,0.6376480981707573,0.9486218750471076,True,4.49164342880249,0.2307722121477127,4.2608712166547775,0.9486218762006141,1.0,0.0,1.0,0.3050912320613861,0.746829628944397,False,False,True,output/resnet18_localisation_attack_preserve_cls_full/visuals/dev_val/digital_1/huawei/french-NF-1082__c6127104__clean_overlay.png,output/resnet18_localisation_attack_preserve_cls_full/visuals/dev_val/digital_1/huawei/french-NF-1082__c6127104__adv_overlay.png,output/resnet18_localisation_attack_preserve_cls_full/visuals/dev_val/digital_1/huawei/french-NF-1082__c6127104__paired.png,0.5190000534057617,0.6473568677902222,0.035414165666266505,0.040216086434573826
dev_val,digital_1,french-NF-1082,iphone15pro,train/attack/digital_1/iphone15pro/french-NF-1082.jpg,1.0,0.9999566078186035,4.3392181396484375e-05,0.9867069125175476,10.046520233154297,4.307125091552734,True,1.0,0.25,10,0.0039215851575136185,0.0,10,0,0.5922411680221558,0.10476371645927429,0.15288858115673065,0.5922411680221558,0.1047637090086937,0.48747745901346207,0.8231063379829507,True,3.873678207397461,0.6852291226387024,3.1884490847587585,0.8231063382265108,1.0,1.0,0.0,0.6529543399810791,0.5696200132369995,False,False,True,output/resnet18_localisation_attack_preserve_cls_full/visuals/dev_val/digital_1/iphone15pro/french-NF-1082__3abfb729__clean_overlay.png,output/resnet18_localisation_attack_preserve_cls_full/visuals/dev_val/digital_1/iphone15pro/french-NF-1082__3abfb729__adv_overlay.png,output/resnet18_localisation_attack_preserve_cls_full/visuals/dev_val/digital_1/iphone15pro/french-NF-1082__3abfb729__paired.png,0.5557922124862671,0.5825966596603394,0.036241049190535495,0.024566080323785804
dev_val,digital_1,french-NF-1082,scan,train/attack/digital_1/scan/french-NF-1082.jpg,0.99951171875,0.9996800422668457,0.00016832351684570312,0.996618390083313,8.047040939331055,5.686017036437988,True,1.0,0.25,10,0.0019608272705227137,0.0,2,0,0.49246689677238464,0.1656900942325592,0.1560189574956894,0.49246686697006226,0.1656900942325592,0.32677677273750305,0.6635507780412124,True,3.1564552783966064,1.0619869232177734,2.094468355178833,0.6635507778341678,1.0,1.0,0.0,0.8298923969268799,0.42064565420150757,False,False,True,output/resnet18_localisation_attack_preserve_cls_full/visuals/dev_val/digital_1/scan/french-NF-1082__666bd608__clean_overlay.png,output/resnet18_localisation_attack_preserve_cls_full/visuals/dev_val/digital_1/scan/french-NF-1082__666bd608__adv_overlay.png,output/resnet18_localisation_attack_preserve_cls_full/visuals/dev_val/digital_1/scan/french-NF-1082__666bd608__paired.png,0.43645548820495605,0.5824882984161377,0.042135099085365856,0.02475705030487805
dev_val,digital_1,indian-014_03,huawei,train/attack/digital_1/huawei/indian-014_03.jpg,0.99951171875,0.9995200634002686,8.344650268554688e-06,0.9999997615814209,7.641264915466309,15.181709289550781,True,1.0,0.25,10,0.0039215851575136185,0.0,10,0,0.511982798576355,0.008529748767614365,0.11545508354902267,0.511982798576355,0.008529748767614365,0.5034530498087406,0.9833397747124852,True,4.434475898742676,0.07387936860322952,4.360596530139446,0.9833397744648523,1.0,0.0,1.0,0.0412616953253746,0.9326016902923584,False,False,True,output/resnet18_localisation_attack_preserve_cls_full/visuals/dev_val/digital_1/huawei/indian-014_03__11798653__clean_overlay.png,output/resnet18_localisation_attack_preserve_cls_full/visuals/dev_val/digital_1/huawei/indian-014_03__11798653__adv_overlay.png,output/resnet18_localisation_attack_preserve_cls_full/visuals/dev_val/digital_1/huawei/indian-014_03__11798653__paired.png,0.5862765908241272,0.6990288496017456,0.034570075182260025,0.04544397402794654
dev_val,digital_1,indian-014_03,iphone15pro,train/attack/digital_1/iphone15pro/indian-014_03.jpg,1.0,0.999994158744812,5.841255187988281e-06,0.9896871447563171,12.04444694519043,4.564001083374023,True,1.0,0.25,10,0.0039215851575136185,0.0,10,0,0.45748355984687805,0.11504021286964417,0.07439807057380676,0.4574835002422333,0.11504022032022476,0.3424432799220085,0.7485368974852382,True,6.1491312980651855,1.5462796688079834,4.602851629257202,0.7485368918216923,1.0,1.0,0.0,0.34961843490600586,0.6763790845870972,False,False,True,output/resnet18_localisation_attack_preserve_cls_full/visuals/dev_val/digital_1/iphone15pro/indian-014_03__54ea13bd__clean_overlay.png,output/resnet18_localisation_attack_preserve_cls_full/visuals/dev_val/digital_1/iphone15pro/indian-014_03__54ea13bd__adv_overlay.png,output/resnet18_localisation_attack_preserve_cls_full/visuals/dev_val/digital_1/iphone15pro/indian-014_03__54ea13bd__paired.png,0.6864599585533142,0.36155492067337036,0.037858153691067,0.04491460530397022
dev_val,digital_1,indian-014_03,scan,train/attack/digital_1/scan/indian-014_03.jpg,0.9990234375,0.9991710186004639,0.0001475811004638672,0.9337146282196045,7.094510078430176,2.6452016830444336,True,1.0,0.25,10,0.0039215851575136185,0.0,10,0,0.5008071660995483,0.19836437702178955,0.11360080540180206,0.5008070468902588,0.19836434721946716,0.3024426996707916,0.6039106309481813,True,4.408481121063232,1.746152639389038,2.6623284816741943,0.6039106006270244,1.0,1.0,0.0,0.40434446930885315,0.607764720916748,False,False,True,output/resnet18_localisation_attack_preserve_cls_full/visuals/dev_val/digital_1/scan/indian-014_03__a4de0d51__clean_overlay.png,output/resnet18_localisation_attack_preserve_cls_full/visuals/dev_val/digital_1/scan/indian-014_03__a4de0d51__adv_overlay.png,output/resnet18_localisation_attack_preserve_cls_full/visuals/dev_val/digital_1/scan/indian-014_03__a4de0d51__paired.png,0.6170201897621155,0.32766401767730713,0.03452428647741148,0.029549660409035408
dev_val,digital_1,indian-021_03,huawei,train/attack/digital_1/huawei/indian-021_03.jpg,1.0,0.9999892711639404,1.0728836059570312e-05,0.9941163063049316,11.43716812133789,5.129677772521973,True,1.0,0.25,10,0.0039215851575136185,0.0,10,0,0.5294379591941833,0.015465464442968369,0.07958045601844788,0.5294379591941833,0.015465464442968369,0.513972494751215,0.9707889013728688,True,6.652864456176758,0.19433747231960297,6.458526983857155,0.9707889024945979,1.0,0.0,1.0,0.048469312489032745,0.9247422814369202,False,False,True,output/resnet18_localisation_attack_preserve_cls_full/visuals/dev_val/digital_1/huawei/indian-021_03__e6510cba__clean_overlay.png,output/resnet18_localisation_attack_preserve_cls_full/visuals/dev_val/digital_1/huawei/indian-021_03__e6510cba__adv_overlay.png,output/resnet18_localisation_attack_preserve_cls_full/visuals/dev_val/digital_1/huawei/indian-021_03__e6510cba__paired.png,0.6855992078781128,0.5391834378242493,0.037740854116586536,0.039663461538461536
dev_val,digital_1,indian-021_03,iphone15pro,train/attack/digital_1/iphone15pro/indian-021_03.jpg,1.0,0.999997615814209,2.384185791015625e-06,0.9994964599609375,12.93519401550293,7.593339443206787,True,1.0,0.25,10,0.0039215851575136185,0.0,5,0,0.4903784692287445,0.16531261801719666,0.07722951471805573,0.4903784990310669,0.16531261801719666,0.32506588101387024,0.6628877115456001,True,6.349625587463379,2.1405367851257324,4.2090888023376465,0.6628877158754083,1.0,1.0,0.0,0.40066128969192505,0.663962185382843,False,False,True,output/resnet18_localisation_attack_preserve_cls_full/visuals/dev_val/digital_1/iphone15pro/indian-021_03__93a8e3ad__clean_overlay.png,output/resnet18_localisation_attack_preserve_cls_full/visuals/dev_val/digital_1/iphone15pro/indian-021_03__93a8e3ad__adv_overlay.png,output/resnet18_localisation_attack_preserve_cls_full/visuals/dev_val/digital_1/iphone15pro/indian-021_03__93a8e3ad__paired.png,0.6693904399871826,0.5700652599334717,0.039529604244114,0.030732070941759605
dev_val,digital_1,indian-021_03,scan,train/attack/digital_1/scan/indian-021_03.jpg,0.99951171875,0.9993752837181091,0.00013643503189086914,0.5626258850097656,7.37746524810791,0.2518260180950165,True,1.0,0.25,10,0.0039215851575136185,0.0,10,0,0.559272289276123,0.16590432822704315,0.08133797347545624,0.5592723488807678,0.16590434312820435,0.3933680057525635,0.7033567930540157,True,6.875906944274902,2.039691209793091,4.8362157344818115,0.7033567751391105,1.0,1.0,0.0,0.19812995195388794,0.8384051322937012,False,False,True,output/resnet18_localisation_attack_preserve_cls_full/visuals/dev_val/digital_1/scan/indian-021_03__b04df46e__clean_overlay.png,output/resnet18_localisation_attack_preserve_cls_full/visuals/dev_val/digital_1/scan/indian-021_03__b04df46e__adv_overlay.png,output/resnet18_localisation_attack_preserve_cls_full/visuals/dev_val/digital_1/scan/indian-021_03__b04df46e__paired.png,0.7001162767410278,0.516865611076355,0.035404873011015914,0.01744186046511628
dev_val,digital_1,indian-NF-1061,huawei,train/attack/digital_1/huawei/indian-NF-1061.jpg,1.0,0.9999784231185913,2.1576881408691406e-05,0.9999854564666748,10.745086669921875,11.137596130371094,True,1.0,0.25,10,0.0039215851575136185,0.0,8,0,0.8271538615226746,0.005575492512434721,0.21481072902679443,0.8271539211273193,0.005575492046773434,0.8215784290805459,0.9932594262030764,True,3.8506174087524414,0.02595537155866623,3.824662037193775,0.9932594260079773,1.0,0.0,1.0,0.012238864786922932,0.9700555205345154,False,False,True,output/resnet18_localisation_attack_preserve_cls_full/visuals/dev_val/digital_1/huawei/indian-NF-1061__d898205c__clean_overlay.png,output/resnet18_localisation_attack_preserve_cls_full/visuals/dev_val/digital_1/huawei/indian-NF-1061__d898205c__adv_overlay.png,output/resnet18_localisation_attack_preserve_cls_full/visuals/dev_val/digital_1/huawei/indian-NF-1061__d898205c__paired.png,0.4977017343044281,0.6126331686973572,0.042647946859903384,0.046740545742753624
dev_val,digital_1,indian-NF-1061,iphone15pro,train/attack/digital_1/iphone15pro/indian-NF-1061.jpg,1.0,0.9999997615814209,2.384185791015625e-07,0.9992126226425171,15.39773178100586,7.146119117736816,True,1.0,0.25,10,0.0039215851575136185,0.0,7,0,0.6437792181968689,0.11865111440420151,0.18695448338985443,0.6437792778015137,0.1186511218547821,0.5251281559467316,0.8156959598638029,True,3.4435079097747803,0.6346524357795715,2.8088554739952087,0.8156959552850046,1.0,0.0,1.0,0.31218957901000977,0.6831547021865845,False,False,True,output/resnet18_localisation_attack_preserve_cls_full/visuals/dev_val/digital_1/iphone15pro/indian-NF-1061__ad4dfa2e__clean_overlay.png,output/resnet18_localisation_attack_preserve_cls_full/visuals/dev_val/digital_1/iphone15pro/indian-NF-1061__ad4dfa2e__adv_overlay.png,output/resnet18_localisation_attack_preserve_cls_full/visuals/dev_val/digital_1/iphone15pro/indian-NF-1061__ad4dfa2e__paired.png,0.4950796663761139,0.5633483529090881,0.04689935317955112,0.03815656172069826
dev_val,digital_1,indian-NF-1061,scan,train/attack/digital_1/scan/indian-NF-1061.jpg,1.0,0.9999942779541016,5.7220458984375e-06,0.9531057476997375,12.064340591430664,3.0118308067321777,True,1.0,0.25,10,0.0039215851575136185,0.0,10,0,0.745586097240448,0.20331354439258575,0.19665110111236572,0.7455861568450928,0.20331354439258575,0.542272612452507,0.7273104623442904,True,3.7914161682128906,1.0338795185089111,2.7575366497039795,0.727310463257259,1.0,1.0,0.0,0.26822835206985474,0.7813740968704224,False,False,True,output/resnet18_localisation_attack_preserve_cls_full/visuals/dev_val/digital_1/scan/indian-NF-1061__a4c277ba__clean_overlay.png,output/resnet18_localisation_attack_preserve_cls_full/visuals/dev_val/digital_1/scan/indian-NF-1061__a4c277ba__adv_overlay.png,output/resnet18_localisation_attack_preserve_cls_full/visuals/dev_val/digital_1/scan/indian-NF-1061__a4c277ba__paired.png,0.47913649678230286,0.45860156416893005,0.037288014481707314,0.020367282774390243
dev_val,digital_1,persian-144_03,huawei,train/attack/digital_1/huawei/persian-144_03.jpg,1.0,0.9998311996459961,0.00016880035400390625,0.5015782117843628,8.687040328979492,0.006312791258096695,True,1.0,0.25,10,0.0039215851575136185,0.0,10,1,0.7960183620452881,0.07292439043521881,0.10537619888782501,0.7960183620452881,0.07292437553405762,0.7230939865112305,0.9083885761797179,True,7.554062366485596,0.6920384168624878,6.862023949623108,0.9083885751416628,1.0,0.0,1.0,0.002142386743798852,0.9973318576812744,False,False,True,output/resnet18_localisation_attack_preserve_cls_full/visuals/dev_val/digital_1/huawei/persian-144_03__392f79c0__clean_overlay.png,output/resnet18_localisation_attack_preserve_cls_full/visuals/dev_val/digital_1/huawei/persian-144_03__392f79c0__adv_overlay.png,output/resnet18_localisation_attack_preserve_cls_full/visuals/dev_val/digital_1/huawei/persian-144_03__392f79c0__paired.png,0.7894308567047119,0.36096423864364624,0.023361558323207778,0.024301336573511544
dev_val,digital_1,persian-144_03,iphone15pro,train/attack/digital_1/iphone15pro/persian-144_03.jpg,1.0,0.9999990463256836,9.5367431640625e-07,0.9652607440948486,13.805059432983398,3.324526786804199,True,1.0,0.25,10,0.0039215851575136185,0.0,10,0,0.7621582746505737,0.1195279061794281,0.10525251179933548,0.7621582746505737,0.1195279210805893,0.6426303535699844,0.8431717858926492,True,7.241236209869385,1.1356301307678223,6.1056060791015625,0.8431717875436759,1.0,0.0,1.0,0.20229369401931763,0.789772629737854,False,False,True,output/resnet18_localisation_attack_preserve_cls_full/visuals/dev_val/digital_1/iphone15pro/persian-144_03__b95af17b__clean_overlay.png,output/resnet18_localisation_attack_preserve_cls_full/visuals/dev_val/digital_1/iphone15pro/persian-144_03__b95af17b__adv_overlay.png,output/resnet18_localisation_attack_preserve_cls_full/visuals/dev_val/digital_1/iphone15pro/persian-144_03__b95af17b__paired.png,0.7309651970863342,0.4884117543697357,0.030478050595238095,0.040506417410714285
dev_val,digital_1,persian-144_03,scan,train/attack/digital_1/scan/persian-144_03.jpg,1.0,0.9997612833976746,0.00023871660232543945,0.5397288799285889,8.339841842651367,0.1592513620853424,True,1.0,0.25,10,0.0039215851575136185,0.0,8,0,0.7538074254989624,0.15847498178482056,0.10554029047489166,0.7538073062896729,0.15847498178482056,0.5953323245048523,0.7897672515740756,True,7.142364978790283,1.5015590190887451,5.640805959701538,0.7897672516669587,1.0,1.0,0.0,0.15660563111305237,0.8786476850509644,False,False,True,output/resnet18_localisation_attack_preserve_cls_full/visuals/dev_val/digital_1/scan/persian-144_03__c74106c3__clean_overlay.png,output/resnet18_localisation_attack_preserve_cls_full/visuals/dev_val/digital_1/scan/persian-144_03__c74106c3__adv_overlay.png,output/resnet18_localisation_attack_preserve_cls_full/visuals/dev_val/digital_1/scan/persian-144_03__c74106c3__paired.png,0.6713995337486267,0.4169412851333618,0.025321466727716728,0.02002489697802198
dev_val,digital_1,persian-NF-1018,huawei,train/attack/digital_1/huawei/persian-NF-1018.jpg,0.998046875,0.9980989098548889,5.2034854888916016e-05,0.5000771284103394,6.263423919677734,0.00030841119587421417,True,1.0,0.25,10,0.0039215851575136185,0.0,10,2,0.8656007647514343,0.09025226533412933,0.1603066772222519,0.8656007051467896,0.09025228023529053,0.775348424911499,0.8957345116534009,True,5.399654865264893,0.5629976391792297,4.836657226085663,0.8957345139221948,1.0,0.0,1.0,0.07686352729797363,0.8997117280960083,False,False,True,output/resnet18_localisation_attack_preserve_cls_full/visuals/dev_val/digital_1/huawei/persian-NF-1018__df5fd0d1__clean_overlay.png,output/resnet18_localisation_attack_preserve_cls_full/visuals/dev_val/digital_1/huawei/persian-NF-1018__df5fd0d1__adv_overlay.png,output/resnet18_localisation_attack_preserve_cls_full/visuals/dev_val/digital_1/huawei/persian-NF-1018__df5fd0d1__paired.png,0.4344639182090759,0.43198999762535095,0.03489771359807461,0.023345837093862815
dev_val,digital_1,persian-NF-1018,iphone15pro,train/attack/digital_1/iphone15pro/persian-NF-1018.jpg,1.0,0.9999991655349731,8.344650268554688e-07,0.9493952989578247,14.010032653808594,2.931781530380249,True,1.0,0.25,10,0.0039215851575136185,0.0,5,0,0.8569271564483643,0.18542435765266418,0.15924771130084991,0.8569271564483643,0.18542435765266418,0.6715027987957001,0.7836171298139537,True,5.381095886230469,1.164376974105835,4.216718912124634,0.7836171295357651,1.0,1.0,0.0,0.18549256026744843,0.8355739712715149,False,False,True,output/resnet18_localisation_attack_preserve_cls_full/visuals/dev_val/digital_1/iphone15pro/persian-NF-1018__a9c9beab__clean_overlay.png,output/resnet18_localisation_attack_preserve_cls_full/visuals/dev_val/digital_1/iphone15pro/persian-NF-1018__a9c9beab__adv_overlay.png,output/resnet18_localisation_attack_preserve_cls_full/visuals/dev_val/digital_1/iphone15pro/persian-NF-1018__a9c9beab__paired.png,0.5601696968078613,0.3482542634010315,0.03331972947761194,0.035199976679104475
dev_val,digital_1,persian-NF-1018,scan,train/attack/digital_1/scan/persian-NF-1018.jpg,1.0,0.9999958276748657,4.172325134277344e-06,0.9121105670928955,12.39399528503418,2.3396823406219482,True,1.0,0.25,10,0.0039215851575136185,0.0,8,0,0.9286609292030334,0.1611553281545639,0.16731612384319305,0.9286608695983887,0.16115529835224152,0.7675055712461472,0.8264648553331043,True,5.550337314605713,0.9631785750389099,4.587158739566803,0.826464857819667,1.0,0.0,1.0,0.02487982250750065,0.9693147540092468,False,False,True,output/resnet18_localisation_attack_preserve_cls_full/visuals/dev_val/digital_1/scan/persian-NF-1018__eef08f9e__clean_overlay.png,output/resnet18_localisation_attack_preserve_cls_full/visuals/dev_val/digital_1/scan/persian-NF-1018__eef08f9e__adv_overlay.png,output/resnet18_localisation_attack_preserve_cls_full/visuals/dev_val/digital_1/scan/persian-NF-1018__eef08f9e__paired.png,0.5600519776344299,0.5204851627349854,0.033491330030487806,0.03146436737804878
dev_val,digital_1,persian-NF-1097,huawei,train/attack/digital_1/huawei/persian-NF-1097.jpg,0.99951171875,0.9993621706962585,0.00014954805374145508,0.5014139413833618,7.356870651245117,0.005655787885189056,True,1.0,0.25,10,0.0039215851575136185,0.0,10,1,0.9275451898574829,0.018574776127934456,0.16073372960090637,0.9275451302528381,0.018574776127934456,0.9089703541249037,0.9799742616050702,True,5.770693302154541,0.11556240171194077,5.6551309004426,0.9799742603425494,1.0,0.0,1.0,0.0036039971746504307,0.9794116020202637,False,False,True,output/resnet18_localisation_attack_preserve_cls_full/visuals/dev_val/digital_1/huawei/persian-NF-1097__0fd2e29d__clean_overlay.png,output/resnet18_localisation_attack_preserve_cls_full/visuals/dev_val/digital_1/huawei/persian-NF-1097__0fd2e29d__adv_overlay.png,output/resnet18_localisation_attack_preserve_cls_full/visuals/dev_val/digital_1/huawei/persian-NF-1097__0fd2e29d__paired.png,0.5730741024017334,0.5543328523635864,0.027886023888221152,0.022357647235576924
dev_val,digital_1,persian-NF-1097,iphone15pro,train/attack/digital_1/iphone15pro/persian-NF-1097.jpg,1.0,0.9999991655349731,8.344650268554688e-07,0.8897250294685364,13.942726135253906,2.087935447692871,True,1.0,0.25,10,0.0039215851575136185,0.0,6,0,0.8878931403160095,0.14629149436950684,0.15171121060848236,0.8878931403160095,0.14629149436950684,0.7416016459465027,0.8352374990559784,True,5.8525214195251465,0.9642760753631592,4.888245344161987,0.8352374974406506,1.0,0.0,1.0,0.055092521011829376,0.9634371995925903,False,False,True,output/resnet18_localisation_attack_preserve_cls_full/visuals/dev_val/digital_1/iphone15pro/persian-NF-1097__3781ce76__clean_overlay.png,output/resnet18_localisation_attack_preserve_cls_full/visuals/dev_val/digital_1/iphone15pro/persian-NF-1097__3781ce76__adv_overlay.png,output/resnet18_localisation_attack_preserve_cls_full/visuals/dev_val/digital_1/iphone15pro/persian-NF-1097__3781ce76__paired.png,0.6161154508590698,0.6808902025222778,0.0335218054697157,0.019777503090234856
dev_val,digital_1,persian-NF-1097,scan,train/attack/digital_1/scan/persian-NF-1097.jpg,1.0,0.9998874664306641,0.0001125335693359375,0.7582473754882812,9.092753410339355,1.143094539642334,True,1.0,0.25,10,0.0039215851575136185,0.0,8,0,0.8789079785346985,0.1780065894126892,0.15559102594852448,0.8789080381393433,0.1780066192150116,0.7009014189243317,0.79746843641133,True,5.648834705352783,1.144067406654358,4.504767298698425,0.7974684220144996,1.0,1.0,0.0,0.09050975739955902,0.9414416551589966,False,False,True,output/resnet18_localisation_attack_preserve_cls_full/visuals/dev_val/digital_1/scan/persian-NF-1097__f302052a__clean_overlay.png,output/resnet18_localisation_attack_preserve_cls_full/visuals/dev_val/digital_1/scan/persian-NF-1097__f302052a__adv_overlay.png,output/resnet18_localisation_attack_preserve_cls_full/visuals/dev_val/digital_1/scan/persian-NF-1097__f302052a__paired.png,0.49656030535697937,0.5822283029556274,0.03286531288063337,0.019976115255785628
dev_val,digital_1,persian-NM-1035,huawei,train/attack/digital_1/huawei/persian-NM-1035.jpg,0.99609375,0.9960259199142456,6.783008575439453e-05,0.9147658944129944,5.523980140686035,2.3732666969299316,True,1.0,0.25,10,0.0019608272705227137,0.0,2,0,0.8837084174156189,0.24011291563510895,0.22370466589927673,0.8837084174156189,0.24011294543743134,0.6435954719781876,0.7282893987367065,True,3.9503350257873535,1.0733479261398315,2.876987099647522,0.728289393397488,1.0,0.0,1.0,0.3047049045562744,0.7692651748657227,False,False,True,output/resnet18_localisation_attack_preserve_cls_full/visuals/dev_val/digital_1/huawei/persian-NM-1035__c9cee6c6__clean_overlay.png,output/resnet18_localisation_attack_preserve_cls_full/visuals/dev_val/digital_1/huawei/persian-NM-1035__c9cee6c6__adv_overlay.png,output/resnet18_localisation_attack_preserve_cls_full/visuals/dev_val/digital_1/huawei/persian-NM-1035__c9cee6c6__paired.png,0.47544509172439575,0.39242804050445557,0.03226779252110977,0.03327144903498191
dev_val,digital_1,persian-NM-1035,iphone15pro,train/attack/digital_1/iphone15pro/persian-NM-1035.jpg,1.0,0.9998922348022461,0.00010776519775390625,0.9884123206138611,9.135156631469727,4.446163177490234,True,1.0,0.25,10,0.0029412410221993923,0.0,3,0,0.8450745940208435,0.13775762915611267,0.21982373297214508,0.8450746536254883,0.13775762915611267,0.7073170244693756,0.836987621667372,True,3.8443286418914795,0.62667316198349,3.2176554799079895,0.836987619852616,1.0,0.0,1.0,0.24560248851776123,0.8170598745346069,False,False,True,output/resnet18_localisation_attack_preserve_cls_full/visuals/dev_val/digital_1/iphone15pro/persian-NM-1035__000b41c1__clean_overlay.png,output/resnet18_localisation_attack_preserve_cls_full/visuals/dev_val/digital_1/iphone15pro/persian-NM-1035__000b41c1__adv_overlay.png,output/resnet18_localisation_attack_preserve_cls_full/visuals/dev_val/digital_1/iphone15pro/persian-NM-1035__000b41c1__paired.png,0.5466349720954895,0.5743829607963562,0.04291044776119403,0.032836306747512436
dev_val,digital_1,persian-NM-1035,scan,train/attack/digital_1/scan/persian-NM-1035.jpg,0.99951171875,0.9995800852775574,6.836652755737305e-05,0.7057174444198608,7.775125026702881,0.8746747970581055,True,1.0,0.25,10,0.0039215851575136185,0.0,5,0,0.9372483491897583,0.1450207680463791,0.22207435965538025,0.9372482895851135,0.1450207531452179,0.7922275364398956,0.8452696529225853,True,4.220425128936768,0.6530278921127319,3.5673972368240356,0.8452696417630216,1.0,0.0,1.0,0.10477666556835175,0.933441162109375,False,False,True,output/resnet18_localisation_attack_preserve_cls_full/visuals/dev_val/digital_1/scan/persian-NM-1035__15b12ca3__clean_overlay.png,output/resnet18_localisation_attack_preserve_cls_full/visuals/dev_val/digital_1/scan/persian-NM-1035__15b12ca3__adv_overlay.png,output/resnet18_localisation_attack_preserve_cls_full/visuals/dev_val/digital_1/scan/persian-NM-1035__15b12ca3__paired.png,0.5624443888664246,0.5079942345619202,0.033136351495726496,0.022955776862026864
dev_val,digital_1,portugal-013_03,huawei,train/attack/digital_1/huawei/portugal-013_03.jpg,1.0,0.9999790191650391,2.09808349609375e-05,0.9710004925727844,10.771366119384766,3.5110459327697754,True,1.0,0.25,10,0.0039215851575136185,0.0,10,0,0.678115725517273,0.14296232163906097,0.11734375357627869,0.678115725517273,0.14296230673789978,0.5351534187793732,0.7891771251450528,True,5.7788825035095215,1.218320608139038,4.560561895370483,0.7891771276887615,1.0,1.0,0.0,0.17469903826713562,0.8162117004394531,False,False,True,output/resnet18_localisation_attack_preserve_cls_full/visuals/dev_val/digital_1/huawei/portugal-013_03__7ea7b7a1__clean_overlay.png,output/resnet18_localisation_attack_preserve_cls_full/visuals/dev_val/digital_1/huawei/portugal-013_03__7ea7b7a1__adv_overlay.png,output/resnet18_localisation_attack_preserve_cls_full/visuals/dev_val/digital_1/huawei/portugal-013_03__7ea7b7a1__paired.png,0.5424968004226685,0.3077033758163452,0.04184895833333333,0.038364109848484845
dev_val,digital_1,portugal-013_03,iphone15pro,train/attack/digital_1/iphone15pro/portugal-013_03.jpg,1.0,0.9999997615814209,2.384185791015625e-07,0.9788036942481995,15.299915313720703,3.8325014114379883,True,1.0,0.25,10,0.0039215851575136185,0.0,10,0,0.6641446948051453,0.14652232825756073,0.11968367546796799,0.6643292903900146,0.14706739783287048,0.5172618925571442,0.7786227403182387,True,5.550709247589111,1.2288007736206055,4.321908473968506,0.7786227455249396,1.0,1.0,0.0,0.24338631331920624,0.8499168157577515,False,False,True,output/resnet18_localisation_attack_preserve_cls_full/visuals/dev_val/digital_1/iphone15pro/portugal-013_03__d96ab5a1__clean_overlay.png,output/resnet18_localisation_attack_preserve_cls_full/visuals/dev_val/digital_1/iphone15pro/portugal-013_03__d96ab5a1__adv_overlay.png,output/resnet18_localisation_attack_preserve_cls_full/visuals/dev_val/digital_1/iphone15pro/portugal-013_03__d96ab5a1__paired.png,0.677355945110321,0.38801807165145874,0.04354909382458234,0.026865956891408114
dev_val,digital_1,portugal-013_03,scan,train/attack/digital_1/scan/portugal-013_03.jpg,1.0,0.9998921155929565,0.00010788440704345703,0.90069979429245,9.134057998657227,2.2050247192382812,True,1.0,0.25,10,0.0039215851575136185,0.0,10,0,0.6321818828582764,0.17598004639148712,0.12135273963212967,0.6321818232536316,0.17598003149032593,0.45620179176330566,0.7216306685557413,True,5.209456443786621,1.45015287399292,3.759303569793701,0.7216306749771305,1.0,1.0,0.0,0.315707802772522,0.7598178386688232,False,False,True,output/resnet18_localisation_attack_preserve_cls_full/visuals/dev_val/digital_1/scan/portugal-013_03__49af1555__clean_overlay.png,output/resnet18_localisation_attack_preserve_cls_full/visuals/dev_val/digital_1/scan/portugal-013_03__49af1555__adv_overlay.png,output/resnet18_localisation_attack_preserve_cls_full/visuals/dev_val/digital_1/scan/portugal-013_03__49af1555__paired.png,0.6046134829521179,0.37530040740966797,0.04407124391727494,0.023981618765206814
dev_val,digital_1,portugal-017_03,huawei,train/attack/digital_1/huawei/portugal-017_03.jpg,1.0,1.0,0.0,0.9854801297187805,16.914697647094727,4.217612266540527,True,1.0,0.25,10,0.0039215851575136185,0.0,10,0,0.6907243728637695,0.16085071861743927,0.11579913645982742,0.6907243728637695,0.16085070371627808,0.5298736691474915,0.7671275112974733,True,5.96484899520874,1.3890492916107178,4.5757997035980225,0.7671275010102568,1.0,1.0,0.0,0.21246984601020813,0.7865398526191711,False,False,True,output/resnet18_localisation_attack_preserve_cls_full/visuals/dev_val/digital_1/huawei/portugal-017_03__c39a0d5e__clean_overlay.png,output/resnet18_localisation_attack_preserve_cls_full/visuals/dev_val/digital_1/huawei/portugal-017_03__c39a0d5e__adv_overlay.png,output/resnet18_localisation_attack_preserve_cls_full/visuals/dev_val/digital_1/huawei/portugal-017_03__c39a0d5e__paired.png,0.6406139135360718,0.30268827080726624,0.04327701430722892,0.033932605421686746
dev_val,digital_1,portugal-017_03,iphone15pro,train/attack/digital_1/iphone15pro/portugal-017_03.jpg,1.0,1.0,0.0,0.9999649524688721,24.207279205322266,10.258054733276367,True,1.0,0.25,10,0.0039215851575136185,0.0,5,0,0.6588999032974243,0.1731860339641571,0.10931691527366638,0.6588999629020691,0.1731860190629959,0.4857139438390732,0.7371588574687229,True,6.027429103851318,1.5842564105987549,4.4431726932525635,0.737158847776995,1.0,1.0,0.0,0.22687533497810364,0.8118718266487122,False,False,True,output/resnet18_localisation_attack_preserve_cls_full/visuals/dev_val/digital_1/iphone15pro/portugal-017_03__f6083f36__clean_overlay.png,output/resnet18_localisation_attack_preserve_cls_full/visuals/dev_val/digital_1/iphone15pro/portugal-017_03__f6083f36__adv_overlay.png,output/resnet18_localisation_attack_preserve_cls_full/visuals/dev_val/digital_1/iphone15pro/portugal-017_03__f6083f36__paired.png,0.7030043005943298,0.5440942049026489,0.047816469175960344,0.03756195786864932
dev_val,digital_1,portugal-017_03,scan,train/attack/digital_1/scan/portugal-017_03.jpg,1.0,1.0,0.0,0.9956912398338318,19.311687469482422,5.442794322967529,True,1.0,0.25,10,0.0039215851575136185,0.0,10,0,0.6385044455528259,0.16581569612026215,0.1104520931839943,0.6385043859481812,0.16581569612026215,0.472688689827919,0.7403060969205008,True,5.780826568603516,1.501245379447937,4.279581189155579,0.7403061030058552,1.0,0.0,1.0,0.2713315188884735,0.7729623317718506,False,False,True,output/resnet18_localisation_attack_preserve_cls_full/visuals/dev_val/digital_1/scan/portugal-017_03__e4bb489e__clean_overlay.png,output/resnet18_localisation_attack_preserve_cls_full/visuals/dev_val/digital_1/scan/portugal-017_03__e4bb489e__adv_overlay.png,output/resnet18_localisation_attack_preserve_cls_full/visuals/dev_val/digital_1/scan/portugal-017_03__e4bb489e__paired.png,0.6352829337120056,0.4815373122692108,0.04503676470588235,0.027085248161764705
dev_val,digital_1,portugal-029_03,huawei,train/attack/digital_1/huawei/portugal-029_03.jpg,0.99951171875,0.9994182586669922,9.34600830078125e-05,0.6980594992637634,7.448890686035156,0.838074266910553,True,1.0,0.25,10,0.0029412410221993923,0.0,3,0,0.678621232509613,0.20959115028381348,0.10700267553329468,0.6786212921142578,0.20959116518497467,0.46903012692928314,0.6911515043508445,True,6.342096328735352,1.9587469100952148,4.383349418640137,0.691151504397632,1.0,1.0,0.0,0.22576406598091125,0.8508380651473999,False,False,True,output/resnet18_localisation_attack_preserve_cls_full/visuals/dev_val/digital_1/huawei/portugal-029_03__74cbfa8b__clean_overlay.png,output/resnet18_localisation_attack_preserve_cls_full/visuals/dev_val/digital_1/huawei/portugal-029_03__74cbfa8b__adv_overlay.png,output/resnet18_localisation_attack_preserve_cls_full/visuals/dev_val/digital_1/huawei/portugal-029_03__74cbfa8b__paired.png,0.7463398575782776,0.48656219244003296,0.033610611510791366,0.025472590677458034
dev_val,digital_1,portugal-029_03,iphone15pro,train/attack/digital_1/iphone15pro/portugal-029_03.jpg,1.0,1.0,0.0,0.9934790134429932,19.470142364501953,5.026195526123047,True,1.0,0.25,10,0.0039215851575136185,0.0,10,0,0.6087543964385986,0.09254840016365051,0.10462376475334167,0.6087544560432434,0.09254839271306992,0.5162060633301735,0.8479708989489587,True,5.81851053237915,0.8845828771591187,4.933927655220032,0.8479709072903545,1.0,1.0,0.0,0.20659679174423218,0.7550935745239258,False,False,True,output/resnet18_localisation_attack_preserve_cls_full/visuals/dev_val/digital_1/iphone15pro/portugal-029_03__45c88920__clean_overlay.png,output/resnet18_localisation_attack_preserve_cls_full/visuals/dev_val/digital_1/iphone15pro/portugal-029_03__45c88920__adv_overlay.png,output/resnet18_localisation_attack_preserve_cls_full/visuals/dev_val/digital_1/iphone15pro/portugal-029_03__45c88920__paired.png,0.6683130264282227,0.39991462230682373,0.045914130098887514,0.04391272017923362
dev_val,digital_1,portugal-029_03,scan,train/attack/digital_1/scan/portugal-029_03.jpg,1.0,0.9999992847442627,7.152557373046875e-07,0.9748700857162476,14.169950485229492,3.6582465171813965,True,1.0,0.25,10,0.0039215851575136185,0.0,10,0,0.6215996742248535,0.17346970736980438,0.11171970516443253,0.6215996742248535,0.17346970736980438,0.44812996685504913,0.7209301829410957,True,5.5639214515686035,1.5527225732803345,4.011198878288269,0.7209301772506899,1.0,1.0,0.0,0.2528424859046936,0.7930542230606079,False,False,True,output/resnet18_localisation_attack_preserve_cls_full/visuals/dev_val/digital_1/scan/portugal-029_03__b6f71508__clean_overlay.png,output/resnet18_localisation_attack_preserve_cls_full/visuals/dev_val/digital_1/scan/portugal-029_03__b6f71508__adv_overlay.png,output/resnet18_localisation_attack_preserve_cls_full/visuals/dev_val/digital_1/scan/portugal-029_03__b6f71508__paired.png,0.6475272178649902,0.31997886300086975,0.045568937194376526,0.03116643108190709
dev_val,digital_1,portugal-119_03,huawei,train/attack/digital_1/huawei/portugal-119_03.jpg,1.0,0.9999967813491821,3.2186508178710938e-06,0.980175793170929,12.654033660888672,3.900825023651123,True,1.0,0.25,10,0.0019608272705227137,0.0,2,0,0.7373937964439392,0.2558513581752777,0.13028092682361603,0.737570583820343,0.25649651885032654,0.4810740649700165,0.6522413929230076,True,5.661385536193848,1.9687955379486084,3.6925899982452393,0.6522413947324579,1.0,1.0,0.0,0.2830282151699066,0.7792403697967529,False,False,True,output/resnet18_localisation_attack_preserve_cls_full/visuals/dev_val/digital_1/huawei/portugal-119_03__b87c30bc__clean_overlay.png,output/resnet18_localisation_attack_preserve_cls_full/visuals/dev_val/digital_1/huawei/portugal-119_03__b87c30bc__adv_overlay.png,output/resnet18_localisation_attack_preserve_cls_full/visuals/dev_val/digital_1/huawei/portugal-119_03__b87c30bc__paired.png,0.5474516153335571,0.5565783977508545,0.04152615407673861,0.03265980965227818
dev_val,digital_1,portugal-119_03,iphone15pro,train/attack/digital_1/iphone15pro/portugal-119_03.jpg,1.0,1.0,0.0,0.999808132648468,17.776676177978516,8.55831527709961,True,1.0,0.25,10,0.0039215851575136185,0.0,5,0,0.719651460647583,0.15339498221874237,0.1289757490158081,0.7196515202522278,0.15339498221874237,0.5662565380334854,0.7868482482118851,True,5.579742908477783,1.1893320083618164,4.390410900115967,0.7868482423169064,1.0,1.0,0.0,0.22086961567401886,0.7895058989524841,False,False,True,output/resnet18_localisation_attack_preserve_cls_full/visuals/dev_val/digital_1/iphone15pro/portugal-119_03__bc8bc476__clean_overlay.png,output/resnet18_localisation_attack_preserve_cls_full/visuals/dev_val/digital_1/iphone15pro/portugal-119_03__bc8bc476__adv_overlay.png,output/resnet18_localisation_attack_preserve_cls_full/visuals/dev_val/digital_1/iphone15pro/portugal-119_03__bc8bc476__paired.png,0.5510658621788025,0.5134603381156921,0.04744056748466258,0.033452358128834354
dev_val,digital_1,portugal-119_03,scan,train/attack/digital_1/scan/portugal-119_03.jpg,1.0,0.9999998807907104,1.1920928955078125e-07,0.9964526891708374,15.865899085998535,5.638017654418945,True,1.0,0.25,10,0.0039215851575136185,0.0,6,0,0.7503206729888916,0.21627546846866608,0.13708451390266418,0.7503207325935364,0.21627546846866608,0.5340452641248703,0.711755974380323,True,5.473417282104492,1.5776798725128174,3.895737409591675,0.7117559668488842,1.0,1.0,0.0,0.21117427945137024,0.8212234973907471,False,False,True,output/resnet18_localisation_attack_preserve_cls_full/visuals/dev_val/digital_1/scan/portugal-119_03__26e175f9__clean_overlay.png,output/resnet18_localisation_attack_preserve_cls_full/visuals/dev_val/digital_1/scan/portugal-119_03__26e175f9__adv_overlay.png,output/resnet18_localisation_attack_preserve_cls_full/visuals/dev_val/digital_1/scan/portugal-119_03__26e175f9__paired.png,0.5388934016227722,0.49186617136001587,0.043085889687882496,0.02943792074663403
dev_val,digital_1,portugal-NF-1060,huawei,train/attack/digital_1/huawei/portugal-NF-1060.jpg,0.99560546875,0.995684027671814,7.855892181396484e-05,0.500634491443634,5.4411163330078125,0.002538137137889862,True,1.0,0.25,10,0.0039215851575136185,0.0,10,1,0.7878906726837158,0.13433636724948883,0.17121055722236633,0.7878907322883606,0.13433636724948883,0.6535543650388718,0.8294987340956271,True,4.601881504058838,0.7846266627311707,3.8172548413276672,0.8294987252411576,1.0,1.0,0.0,0.24287369847297668,0.8645607829093933,False,False,True,output/resnet18_localisation_attack_preserve_cls_full/visuals/dev_val/digital_1/huawei/portugal-NF-1060__ecf44787__clean_overlay.png,output/resnet18_localisation_attack_preserve_cls_full/visuals/dev_val/digital_1/huawei/portugal-NF-1060__ecf44787__adv_overlay.png,output/resnet18_localisation_attack_preserve_cls_full/visuals/dev_val/digital_1/huawei/portugal-NF-1060__ecf44787__paired.png,0.45799869298934937,0.429087370634079,0.041616222760290554,0.021678268765133173
dev_val,digital_1,portugal-NF-1060,iphone15pro,train/attack/digital_1/iphone15pro/portugal-NF-1060.jpg,1.0,0.9999979734420776,2.0265579223632812e-06,0.891986608505249,13.11054801940918,2.1111960411071777,True,1.0,0.25,10,0.0039215851575136185,0.0,10,0,0.7812133431434631,0.10391710698604584,0.17883509397506714,0.7814730405807495,0.10449521243572235,0.6769778281450272,0.8662843028365163,True,4.3697967529296875,0.5843104124069214,3.785486340522766,0.8662843044095412,1.0,0.0,1.0,0.2781297564506531,0.8143582940101624,False,False,True,output/resnet18_localisation_attack_preserve_cls_full/visuals/dev_val/digital_1/iphone15pro/portugal-NF-1060__3ea2dd9e__clean_overlay.png,output/resnet18_localisation_attack_preserve_cls_full/visuals/dev_val/digital_1/iphone15pro/portugal-NF-1060__3ea2dd9e__adv_overlay.png,output/resnet18_localisation_attack_preserve_cls_full/visuals/dev_val/digital_1/iphone15pro/portugal-NF-1060__3ea2dd9e__paired.png,0.5061569213867188,0.6538534164428711,0.04483591839853301,0.023762224938875306
dev_val,digital_1,portugal-NF-1060,scan,train/attack/digital_1/scan/portugal-NF-1060.jpg,1.0,0.9999998807907104,1.1920928955078125e-07,0.9977648258209229,16.0755672454834,6.101215362548828,True,1.0,0.25,10,0.0039215851575136185,0.0,5,0,0.7930114269256592,0.16939951479434967,0.18099355697631836,0.7930114269256592,0.16939948499202728,0.6236119419336319,0.7863845598685079,True,4.381434440612793,0.9359420537948608,3.445492386817932,0.7863845581895872,1.0,0.0,1.0,0.2664211392402649,0.7727296352386475,False,False,True,output/resnet18_localisation_attack_preserve_cls_full/visuals/dev_val/digital_1/scan/portugal-NF-1060__b98096f9__clean_overlay.png,output/resnet18_localisation_attack_preserve_cls_full/visuals/dev_val/digital_1/scan/portugal-NF-1060__b98096f9__adv_overlay.png,output/resnet18_localisation_attack_preserve_cls_full/visuals/dev_val/digital_1/scan/portugal-NF-1060__b98096f9__paired.png,0.49543607234954834,0.4912647008895874,0.04845087102689487,0.0295093788202934
dev_val,digital_1,portugal-NF-1066,huawei,train/attack/digital_1/huawei/portugal-NF-1066.jpg,0.99951171875,0.9994158744812012,9.584426879882812e-05,0.978376030921936,7.444682598114014,3.812091112136841,True,1.0,0.25,10,0.0019608272705227137,0.0,2,0,0.720400333404541,0.22393935918807983,0.15071535110473633,0.7204002737998962,0.22393937408924103,0.4964608997106552,0.6891459064722064,True,4.779872894287109,1.4858430624008179,3.2940298318862915,0.6891459050769544,1.0,1.0,0.0,0.40038883686065674,0.6849764585494995,False,False,True,output/resnet18_localisation_attack_preserve_cls_full/visuals/dev_val/digital_1/huawei/portugal-NF-1066__6e4aa48a__clean_overlay.png,output/resnet18_localisation_attack_preserve_cls_full/visuals/dev_val/digital_1/huawei/portugal-NF-1066__6e4aa48a__adv_overlay.png,output/resnet18_localisation_attack_preserve_cls_full/visuals/dev_val/digital_1/huawei/portugal-NF-1066__6e4aa48a__paired.png,0.43146929144859314,0.5553359985351562,0.040655339805825245,0.031615025788834954
dev_val,digital_1,portugal-NF-1066,iphone15pro,train/attack/digital_1/iphone15pro/portugal-NF-1066.jpg,1.0,0.9999942779541016,5.7220458984375e-06,0.9990445971488953,12.074115753173828,6.952402114868164,True,1.0,0.25,10,0.003921577241271734,0.0,4,0,0.7414270043373108,0.2135789543390274,0.15397989749908447,0.7414270639419556,0.2135789394378662,0.5278481245040894,0.7119353341347858,True,4.815089702606201,1.3870573043823242,3.428032398223877,0.711935313763403,1.0,1.0,0.0,0.33608561754226685,0.7172021865844727,False,False,True,output/resnet18_localisation_attack_preserve_cls_full/visuals/dev_val/digital_1/iphone15pro/portugal-NF-1066__e72a58e9__clean_overlay.png,output/resnet18_localisation_attack_preserve_cls_full/visuals/dev_val/digital_1/iphone15pro/portugal-NF-1066__e72a58e9__adv_overlay.png,output/resnet18_localisation_attack_preserve_cls_full/visuals/dev_val/digital_1/iphone15pro/portugal-NF-1066__e72a58e9__paired.png,0.4391852915287018,0.5055133700370789,0.04407117019689737,0.03011028863365155
dev_val,digital_1,portugal-NF-1066,scan,train/attack/digital_1/scan/portugal-NF-1066.jpg,1.0,0.9999748468399048,2.5153160095214844e-05,0.997171938419342,10.590429306030273,5.8653411865234375,True,1.0,0.25,10,0.0039215851575136185,0.0,5,0,0.7382341027259827,0.21411186456680298,0.1573551893234253,0.7382341027259827,0.21411186456680298,0.5241222381591797,0.709967524155035,True,4.691514492034912,1.3606915473937988,3.3308229446411133,0.7099675276067179,1.0,1.0,0.0,0.33094099164009094,0.700722873210907,False,False,True,output/resnet18_localisation_attack_preserve_cls_full/visuals/dev_val/digital_1/scan/portugal-NF-1066__74222ec1__clean_overlay.png,output/resnet18_localisation_attack_preserve_cls_full/visuals/dev_val/digital_1/scan/portugal-NF-1066__74222ec1__adv_overlay.png,output/resnet18_localisation_attack_preserve_cls_full/visuals/dev_val/digital_1/scan/portugal-NF-1066__74222ec1__paired.png,0.40891408920288086,0.3838450610637665,0.04384289253048781,0.03480373475609756
dev_val,digital_1,portugal-NF-1109,huawei,train/attack/digital_1/huawei/portugal-NF-1109.jpg,0.99951171875,0.9996694326400757,0.0001577138900756836,0.9233157634735107,8.01430892944336,2.4882755279541016,True,1.0,0.25,10,0.0019608272705227137,0.0,2,0,0.7891481518745422,0.231314554810524,0.1937095671892166,0.789148211479187,0.231314554810524,0.557833656668663,0.7068807209523471,True,4.073873043060303,1.194130778312683,2.8797422647476196,0.7068807089246824,1.0,1.0,0.0,0.3447764217853546,0.7394515872001648,False,False,True,output/resnet18_localisation_attack_preserve_cls_full/visuals/dev_val/digital_1/huawei/portugal-NF-1109__a97ae97b__clean_overlay.png,output/resnet18_localisation_attack_preserve_cls_full/visuals/dev_val/digital_1/huawei/portugal-NF-1109__a97ae97b__adv_overlay.png,output/resnet18_localisation_attack_preserve_cls_full/visuals/dev_val/digital_1/huawei/portugal-NF-1109__a97ae97b__paired.png,0.45685189962387085,0.5871726274490356,0.03849371991576414,0.02523315282791817
dev_val,digital_1,portugal-NF-1109,iphone15pro,train/attack/digital_1/iphone15pro/portugal-NF-1109.jpg,1.0,0.9999991655349731,8.344650268554688e-07,0.9798099994659424,13.9913330078125,3.8821699619293213,True,1.0,0.25,10,0.0039215851575136185,0.0,10,0,0.7917285561561584,0.12158925831317902,0.18605215847492218,0.7917853593826294,0.1216532364487648,0.6701321229338646,0.8463557894735257,True,4.2557172775268555,0.6538662910461426,3.601850986480713,0.8463557965894466,1.0,1.0,0.0,0.2179715633392334,0.8034405708312988,False,False,True,output/resnet18_localisation_attack_preserve_cls_full/visuals/dev_val/digital_1/iphone15pro/portugal-NF-1109__01a29bde__clean_overlay.png,output/resnet18_localisation_attack_preserve_cls_full/visuals/dev_val/digital_1/iphone15pro/portugal-NF-1109__01a29bde__adv_overlay.png,output/resnet18_localisation_attack_preserve_cls_full/visuals/dev_val/digital_1/iphone15pro/portugal-NF-1109__01a29bde__paired.png,0.4753209948539734,0.41191574931144714,0.04322139303482587,0.031048371424129355
dev_val,digital_1,portugal-NF-1109,scan,train/attack/digital_1/scan/portugal-NF-1109.jpg,1.0,0.9999991655349731,8.344650268554688e-07,0.9918409585952759,14.055496215820312,4.800439834594727,True,1.0,0.25,10,0.0019608272705227137,0.0,2,0,0.775976300239563,0.20952975749969482,0.18990017473697662,0.7759762406349182,0.20952972769737244,0.5664465129375458,0.7299791968811683,True,4.086232662200928,1.103367805480957,2.9828648567199707,0.7299792017014859,1.0,1.0,0.0,0.3381481170654297,0.7327206134796143,False,False,True,output/resnet18_localisation_attack_preserve_cls_full/visuals/dev_val/digital_1/scan/portugal-NF-1109__98ee27d9__clean_overlay.png,output/resnet18_localisation_attack_preserve_cls_full/visuals/dev_val/digital_1/scan/portugal-NF-1109__98ee27d9__adv_overlay.png,output/resnet18_localisation_attack_preserve_cls_full/visuals/dev_val/digital_1/scan/portugal-NF-1109__98ee27d9__paired.png,0.4573434889316559,0.553094208240509,0.0418547276621787,0.03194805691554468
dev_val,digital_1,russian-062_03,huawei,train/attack/digital_1/huawei/russian-062_03.jpg,0.99658203125,0.9963592886924744,0.00022274255752563477,0.5002006888389587,5.611947536468506,0.0008028969168663025,True,1.0,0.25,10,0.0039215851575136185,0.0,10,5,0.8458414673805237,0.1931305080652237,0.13354727625846863,0.8458415865898132,0.1931304782629013,0.6527111083269119,0.7716706280173016,True,6.333649635314941,1.4461581707000732,4.887491464614868,0.771670639525648,1.0,0.0,1.0,0.09549771249294281,0.9350024461746216,False,False,True,output/resnet18_localisation_attack_preserve_cls_full/visuals/dev_val/digital_1/huawei/russian-062_03__c6ec6c88__clean_overlay.png,output/resnet18_localisation_attack_preserve_cls_full/visuals/dev_val/digital_1/huawei/russian-062_03__c6ec6c88__adv_overlay.png,output/resnet18_localisation_attack_preserve_cls_full/visuals/dev_val/digital_1/huawei/russian-062_03__c6ec6c88__paired.png,0.6013121008872986,0.6548527479171753,0.028846153846153848,0.014423076923076924
dev_val,digital_1,russian-062_03,iphone15pro,train/attack/digital_1/iphone15pro/russian-062_03.jpg,1.0,0.9999909400939941,9.059906005859375e-06,0.5007721781730652,11.614114761352539,0.003088817000389099,True,1.0,0.25,10,0.0039215851575136185,0.0,10,3,0.8173573017120361,0.28283771872520447,0.1290791630744934,0.8173574209213257,0.28283771872520447,0.5345197021961212,0.6539607869389751,True,6.332218647003174,2.1911959648132324,4.141022682189941,0.6539607857902614,1.0,1.0,0.0,0.36545056104660034,0.6724728941917419,False,False,True,output/resnet18_localisation_attack_preserve_cls_full/visuals/dev_val/digital_1/iphone15pro/russian-062_03__a8e0ef4a__clean_overlay.png,output/resnet18_localisation_attack_preserve_cls_full/visuals/dev_val/digital_1/iphone15pro/russian-062_03__a8e0ef4a__adv_overlay.png,output/resnet18_localisation_attack_preserve_cls_full/visuals/dev_val/digital_1/iphone15pro/russian-062_03__a8e0ef4a__paired.png,0.7191916108131409,0.5344409942626953,0.02275561097256858,0.025475861128428926
dev_val,digital_1,russian-062_03,scan,train/attack/digital_1/scan/russian-062_03.jpg,1.0,0.9999953508377075,4.649162292480469e-06,0.5844385623931885,12.281715393066406,0.34102126955986023,True,1.0,0.25,10,0.0039215851575136185,0.0,10,0,0.7585409879684448,0.14791637659072876,0.1263497769832611,0.7585410475730896,0.14791637659072876,0.6106246709823608,0.8049988500108477,True,6.0035014152526855,1.170689582824707,4.8328118324279785,0.8049988661865863,1.0,0.0,1.0,0.16832755506038666,0.8828639984130859,False,False,True,output/resnet18_localisation_attack_preserve_cls_full/visuals/dev_val/digital_1/scan/russian-062_03__ce461556__clean_overlay.png,output/resnet18_localisation_attack_preserve_cls_full/visuals/dev_val/digital_1/scan/russian-062_03__ce461556__adv_overlay.png,output/resnet18_localisation_attack_preserve_cls_full/visuals/dev_val/digital_1/scan/russian-062_03__ce461556__paired.png,0.6486049294471741,0.5273747444152832,0.03125953907203907,0.021124275030525032
dev_val,digital_1,russian-132_03,huawei,train/attack/digital_1/huawei/russian-132_03.jpg,1.0,0.9999204874038696,7.95125961303711e-05,0.8056800961494446,9.440225601196289,1.4221808910369873,True,1.0,0.25,10,0.003921577241271734,0.0,4,0,0.7041895389556885,0.16126768290996552,0.10023362189531326,0.7041895389556885,0.16126768290996552,0.542921856045723,0.7709882439476095,True,7.025482654571533,1.6089180707931519,5.416564583778381,0.7709882509287505,1.0,1.0,0.0,0.1674734354019165,0.8579198718070984,False,False,True,output/resnet18_localisation_attack_preserve_cls_full/visuals/dev_val/digital_1/huawei/russian-132_03__692e42c5__clean_overlay.png,output/resnet18_localisation_attack_preserve_cls_full/visuals/dev_val/digital_1/huawei/russian-132_03__692e42c5__adv_overlay.png,output/resnet18_localisation_attack_preserve_cls_full/visuals/dev_val/digital_1/huawei/russian-132_03__692e42c5__paired.png,0.6204895377159119,0.4568841755390167,0.030086637409200968,0.0250926906779661
dev_val,digital_1,russian-132_03,iphone15pro,train/attack/digital_1/iphone15pro/russian-132_03.jpg,1.0,0.9999948740005493,5.125999450683594e-06,0.8662547469139099,12.174673080444336,1.868241548538208,True,1.0,0.25,10,0.0039215851575136185,0.0,7,0,0.6671440601348877,0.12594690918922424,0.09337542951107025,0.6671441197395325,0.12594689428806305,0.5411972254514694,0.8112148626338257,True,7.144750118255615,1.3488227128982544,5.795927405357361,0.8112148513841141,1.0,0.0,1.0,0.06515581905841827,0.9355691075325012,False,False,True,output/resnet18_localisation_attack_preserve_cls_full/visuals/dev_val/digital_1/iphone15pro/russian-132_03__e86b90f0__clean_overlay.png,output/resnet18_localisation_attack_preserve_cls_full/visuals/dev_val/digital_1/iphone15pro/russian-132_03__e86b90f0__adv_overlay.png,output/resnet18_localisation_attack_preserve_cls_full/visuals/dev_val/digital_1/iphone15pro/russian-132_03__e86b90f0__paired.png,0.6585009098052979,0.39112725853919983,0.02876906911581569,0.026650548723536737
dev_val,digital_1,russian-132_03,scan,train/attack/digital_1/scan/russian-132_03.jpg,1.0,0.9999357461929321,6.42538070678711e-05,0.8486698865890503,9.653382301330566,1.724206805229187,True,1.0,0.25,10,0.0039215851575136185,0.0,10,0,0.6795069575309753,0.03500800207257271,0.096323162317276,0.6795070171356201,0.03500799834728241,0.6444990187883377,0.9484802990043364,True,7.054450511932373,0.36344319581985474,6.691007316112518,0.9484802969125515,1.0,0.0,1.0,0.061750419437885284,0.9189884662628174,False,False,True,output/resnet18_localisation_attack_preserve_cls_full/visuals/dev_val/digital_1/scan/russian-132_03__b40dad6e__clean_overlay.png,output/resnet18_localisation_attack_preserve_cls_full/visuals/dev_val/digital_1/scan/russian-132_03__b40dad6e__adv_overlay.png,output/resnet18_localisation_attack_preserve_cls_full/visuals/dev_val/digital_1/scan/russian-132_03__b40dad6e__paired.png,0.5962691307067871,0.6216970682144165,0.030525030525030524,0.026497157356532356
dev_val,digital_1,russian-NF-1089,huawei,train/attack/digital_1/huawei/russian-NF-1089.jpg,1.0,0.9999995231628418,4.76837158203125e-07,1.0,14.467520713806152,17.197160720825195,True,1.0,0.25,10,0.0039215851575136185,0.0,10,0,0.9411511421203613,0.0006420700810849667,0.21138493716716766,0.9411511421203613,0.0006420701392926276,0.9405090719810687,0.999317782117497,True,4.4523091316223145,0.0030374450143426657,4.449271686607972,0.9993177820936175,1.0,0.0,1.0,0.0038673377130180597,0.9883732795715332,False,False,True,output/resnet18_localisation_attack_preserve_cls_full/visuals/dev_val/digital_1/huawei/russian-NF-1089__e9b07d0c__clean_overlay.png,output/resnet18_localisation_attack_preserve_cls_full/visuals/dev_val/digital_1/huawei/russian-NF-1089__e9b07d0c__adv_overlay.png,output/resnet18_localisation_attack_preserve_cls_full/visuals/dev_val/digital_1/huawei/russian-NF-1089__e9b07d0c__paired.png,0.5915193557739258,0.6452938914299011,0.03206202651515151,0.057265625
dev_val,digital_1,russian-NF-1089,iphone15pro,train/attack/digital_1/iphone15pro/russian-NF-1089.jpg,1.0,1.0,0.0,0.9998237490653992,18.885520935058594,8.643198013305664,True,1.0,0.25,10,0.0039215851575136185,0.0,5,0,0.8990359306335449,0.24206390976905823,0.21676532924175262,0.8990358114242554,0.24206393957138062,0.6569718718528748,0.7307516157916978,True,4.147507190704346,1.116709589958191,3.030797600746155,0.7307516205249672,1.0,0.0,1.0,0.15399184823036194,0.877708911895752,False,False,True,output/resnet18_localisation_attack_preserve_cls_full/visuals/dev_val/digital_1/iphone15pro/russian-NF-1089__e9378160__clean_overlay.png,output/resnet18_localisation_attack_preserve_cls_full/visuals/dev_val/digital_1/iphone15pro/russian-NF-1089__e9378160__adv_overlay.png,output/resnet18_localisation_attack_preserve_cls_full/visuals/dev_val/digital_1/iphone15pro/russian-NF-1089__e9378160__paired.png,0.5599708557128906,0.7693894505500793,0.03853357919254658,0.025218361801242237
dev_val,digital_1,russian-NF-1089,scan,train/attack/digital_1/scan/russian-NF-1089.jpg,1.0,0.9999996423721313,3.5762786865234375e-07,0.6503483057022095,14.883304595947266,0.6205706000328064,True,1.0,0.25,10,0.0039215851575136185,0.0,10,0,0.8808756470680237,0.13665692508220673,0.21610291302204132,0.8808755874633789,0.13665692508220673,0.7442186623811722,0.8448623993818105,True,4.076185703277588,0.6323696970939636,3.4438160061836243,0.8448623926565744,1.0,0.0,1.0,0.0853007435798645,0.9388378858566284,False,False,True,output/resnet18_localisation_attack_preserve_cls_full/visuals/dev_val/digital_1/scan/russian-NF-1089__81bbcff3__clean_overlay.png,output/resnet18_localisation_attack_preserve_cls_full/visuals/dev_val/digital_1/scan/russian-NF-1089__81bbcff3__adv_overlay.png,output/resnet18_localisation_attack_preserve_cls_full/visuals/dev_val/digital_1/scan/russian-NF-1089__81bbcff3__paired.png,0.4630199670791626,0.6224567890167236,0.042606265262515264,0.017094017094017096
dev_val,digital_1,russian-NF-1099,huawei,train/attack/digital_1/huawei/russian-NF-1099.jpg,1.0,0.999996542930603,3.4570693969726562e-06,0.5029325485229492,12.580991744995117,0.011730380356311798,True,1.0,0.25,10,0.001455360441468656,0.0,10,9,0.9400219321250916,0.4910013675689697,0.2476102113723755,0.9400219321250916,0.4910013675689697,0.4490205645561218,0.4776703066289408,True,3.7963778972625732,1.9829609394073486,1.8134169578552246,0.47767029703834596,1.0,1.0,0.0,0.4402085542678833,0.616452693939209,False,False,True,output/resnet18_localisation_attack_preserve_cls_full/visuals/dev_val/digital_1/huawei/russian-NF-1099__2fbd3cb4__clean_overlay.png,output/resnet18_localisation_attack_preserve_cls_full/visuals/dev_val/digital_1/huawei/russian-NF-1099__2fbd3cb4__adv_overlay.png,output/resnet18_localisation_attack_preserve_cls_full/visuals/dev_val/digital_1/huawei/russian-NF-1099__2fbd3cb4__paired.png,0.6286299228668213,0.42895179986953735,0.028888688487241798,0.0234208877582017
dev_val,digital_1,russian-NF-1099,iphone15pro,train/attack/digital_1/iphone15pro/russian-NF-1099.jpg,1.0,0.9999998807907104,1.1920928955078125e-07,0.8928735852241516,16.302946090698242,2.1204357147216797,True,1.0,0.25,10,0.0039215851575136185,0.0,10,0,0.9304441213607788,0.16474823653697968,0.2423422485589981,0.9304441809654236,0.16474823653697968,0.7656959444284439,0.8229359268322385,True,3.8393807411193848,0.6798164248466492,3.1595643162727356,0.8229359183980158,1.0,0.0,1.0,0.14845909178256989,0.9047765731811523,False,False,True,output/resnet18_localisation_attack_preserve_cls_full/visuals/dev_val/digital_1/iphone15pro/russian-NF-1099__202bf56f__clean_overlay.png,output/resnet18_localisation_attack_preserve_cls_full/visuals/dev_val/digital_1/iphone15pro/russian-NF-1099__202bf56f__adv_overlay.png,output/resnet18_localisation_attack_preserve_cls_full/visuals/dev_val/digital_1/iphone15pro/russian-NF-1099__202bf56f__paired.png,0.6292895674705505,0.33295223116874695,0.03655602866146459,0.03651851365546219
dev_val,digital_1,russian-NF-1099,scan,train/attack/digital_1/scan/russian-NF-1099.jpg,1.0,1.0,0.0,0.999993085861206,16.9250431060791,11.877592086791992,True,1.0,0.25,10,0.0039215851575136185,0.0,6,0,0.953262984752655,0.2745385468006134,0.23995228111743927,0.9532630443572998,0.2745385468006134,0.6787244975566864,0.7120012692973845,True,3.972719192504883,1.1441380977630615,2.8285810947418213,0.7120012660543323,1.0,1.0,0.0,0.09771579504013062,0.9033393859863281,False,False,True,output/resnet18_localisation_attack_preserve_cls_full/visuals/dev_val/digital_1/scan/russian-NF-1099__f0cdc8ac__clean_overlay.png,output/resnet18_localisation_attack_preserve_cls_full/visuals/dev_val/digital_1/scan/russian-NF-1099__f0cdc8ac__adv_overlay.png,output/resnet18_localisation_attack_preserve_cls_full/visuals/dev_val/digital_1/scan/russian-NF-1099__f0cdc8ac__paired.png,0.5323808789253235,0.6699797511100769,0.04120448286413709,0.04313848301713586
dev_val,digital_1,turkiye-032_03,huawei,train/attack/digital_1/huawei/turkiye-032_03.jpg,1.0,1.0,0.0,0.9922878742218018,20.107254028320312,4.8572096824646,True,1.0,0.25,10,0.0039215851575136185,0.0,5,0,0.6826587915420532,0.18458570539951324,0.11345386505126953,0.682658851146698,0.18458572030067444,0.49807313084602356,0.729607665687457,True,6.017061233520508,1.6269673109054565,4.390093922615051,0.7296076526790574,1.0,1.0,0.0,0.19915880262851715,0.8439411520957947,False,False,True,output/resnet18_localisation_attack_preserve_cls_full/visuals/dev_val/digital_1/huawei/turkiye-032_03__2aca9eb6__clean_overlay.png,output/resnet18_localisation_attack_preserve_cls_full/visuals/dev_val/digital_1/huawei/turkiye-032_03__2aca9eb6__adv_overlay.png,output/resnet18_localisation_attack_preserve_cls_full/visuals/dev_val/digital_1/huawei/turkiye-032_03__2aca9eb6__paired.png,0.703898549079895,0.6507160067558289,0.035026199303874093,0.02070407082324455
dev_val,digital_1,turkiye-032_03,iphone15pro,train/attack/digital_1/iphone15pro/turkiye-032_03.jpg,1.0,0.9999996423721313,3.5762786865234375e-07,0.9852200746536255,14.740898132324219,4.199595928192139,True,1.0,0.25,10,0.003921577241271734,0.0,4,0,0.7062564492225647,0.16385270655155182,0.11834338307380676,0.7062564492225647,0.16385270655155182,0.5424037426710129,0.7679982862713421,True,5.967857360839844,1.3845531940460205,4.583304166793823,0.767998276377843,1.0,1.0,0.0,0.23895448446273804,0.8247425556182861,False,False,True,output/resnet18_localisation_attack_preserve_cls_full/visuals/dev_val/digital_1/iphone15pro/turkiye-032_03__e8c80175__clean_overlay.png,output/resnet18_localisation_attack_preserve_cls_full/visuals/dev_val/digital_1/iphone15pro/turkiye-032_03__e8c80175__adv_overlay.png,output/resnet18_localisation_attack_preserve_cls_full/visuals/dev_val/digital_1/iphone15pro/turkiye-032_03__e8c80175__paired.png,0.6433260440826416,0.4319867789745331,0.033537531017369726,0.022332506203473945
dev_val,digital_1,turkiye-032_03,scan,train/attack/digital_1/scan/turkiye-032_03.jpg,1.0,0.9999783039093018,2.1696090698242188e-05,0.9290015697479248,10.73811149597168,2.5714516639709473,True,1.0,0.25,10,0.0029412410221993923,0.0,3,0,0.6578011512756348,0.19104942679405212,0.11644162982702255,0.65780109167099,0.19104944169521332,0.4667516499757767,0.7095635077012462,True,5.649191856384277,1.6407314538955688,4.0084604024887085,0.7095635100370433,1.0,1.0,0.0,0.3651687204837799,0.7568488121032715,False,False,True,output/resnet18_localisation_attack_preserve_cls_full/visuals/dev_val/digital_1/scan/turkiye-032_03__8647bfdf__clean_overlay.png,output/resnet18_localisation_attack_preserve_cls_full/visuals/dev_val/digital_1/scan/turkiye-032_03__8647bfdf__adv_overlay.png,output/resnet18_localisation_attack_preserve_cls_full/visuals/dev_val/digital_1/scan/turkiye-032_03__8647bfdf__paired.png,0.6467136740684509,0.6775428652763367,0.031204578488372093,0.017504016217870257
dev_val,digital_1,turkiye-101_03,huawei,train/attack/digital_1/huawei/turkiye-101_03.jpg,1.0,0.99998939037323,1.0609626770019531e-05,0.6541210412979126,11.452071189880371,0.6372034549713135,True,1.0,0.25,10,0.0039215851575136185,0.0,10,0,0.706814169883728,0.12480702251195908,0.12325655668973923,0.7068142294883728,0.12480703741312027,0.5820071920752525,0.8234231397640908,True,5.734495639801025,1.012579321861267,4.721916317939758,0.823423124636572,1.0,1.0,0.0,0.29591313004493713,0.7752829194068909,False,False,True,output/resnet18_localisation_attack_preserve_cls_full/visuals/dev_val/digital_1/huawei/turkiye-101_03__7643bc90__clean_overlay.png,output/resnet18_localisation_attack_preserve_cls_full/visuals/dev_val/digital_1/huawei/turkiye-101_03__7643bc90__adv_overlay.png,output/resnet18_localisation_attack_preserve_cls_full/visuals/dev_val/digital_1/huawei/turkiye-101_03__7643bc90__paired.png,0.7682875394821167,0.6828565001487732,0.031061519903498192,0.01857706951145959
dev_val,digital_1,turkiye-101_03,iphone15pro,train/attack/digital_1/iphone15pro/turkiye-101_03.jpg,1.0,0.9999998807907104,1.1920928955078125e-07,0.9188587665557861,15.852312088012695,2.4269416332244873,True,1.0,0.25,10,0.0029412410221993923,0.0,3,0,0.673610508441925,0.1571977585554123,0.11408334225416183,0.673610508441925,0.1571977585554123,0.5164127498865128,0.7666340465515986,True,5.904547691345215,1.377920389175415,4.5266273021698,0.7666340486680889,1.0,1.0,0.0,0.2514321208000183,0.8248370289802551,False,False,True,output/resnet18_localisation_attack_preserve_cls_full/visuals/dev_val/digital_1/iphone15pro/turkiye-101_03__72b80166__clean_overlay.png,output/resnet18_localisation_attack_preserve_cls_full/visuals/dev_val/digital_1/iphone15pro/turkiye-101_03__72b80166__adv_overlay.png,output/resnet18_localisation_attack_preserve_cls_full/visuals/dev_val/digital_1/iphone15pro/turkiye-101_03__72b80166__paired.png,0.716382622718811,0.6409502029418945,0.031802496898263026,0.016749379652605458
dev_val,digital_1,turkiye-101_03,scan,train/attack/digital_1/scan/turkiye-101_03.jpg,1.0,0.9999897480010986,1.0251998901367188e-05,0.9654253721237183,11.486610412597656,3.32944917678833,True,1.0,0.25,10,0.0019608272705227137,0.0,2,0,0.6241641044616699,0.1822895109653473,0.12346044927835464,0.6241640448570251,0.1822894811630249,0.44187456369400024,0.7079461999372597,True,5.055578708648682,1.4765009880065918,3.57907772064209,0.707946197043533,1.0,1.0,0.0,0.5201888680458069,0.6634517312049866,False,False,True,output/resnet18_localisation_attack_preserve_cls_full/visuals/dev_val/digital_1/scan/turkiye-101_03__f5fe4e10__clean_overlay.png,output/resnet18_localisation_attack_preserve_cls_full/visuals/dev_val/digital_1/scan/turkiye-101_03__f5fe4e10__adv_overlay.png,output/resnet18_localisation_attack_preserve_cls_full/visuals/dev_val/digital_1/scan/turkiye-101_03__f5fe4e10__paired.png,0.6934766173362732,0.577475905418396,0.032619817166462665,0.0175374847001224
dev_val,digital_1,turkiye-104_03,huawei,train/attack/digital_1/huawei/turkiye-104_03.jpg,1.0,0.9999979734420776,2.0265579223632812e-06,0.9243521094322205,13.108795166015625,2.5030038356781006,True,1.0,0.25,10,0.0039215851575136185,0.0,5,0,0.6044261455535889,0.18032915890216827,0.08925875276327133,0.6044262051582336,0.18032915890216827,0.42409704625606537,0.701652315264922,True,6.771617889404297,2.020296573638916,4.751321315765381,0.701652307227772,1.0,1.0,0.0,0.20132890343666077,0.8492879271507263,False,False,True,output/resnet18_localisation_attack_preserve_cls_full/visuals/dev_val/digital_1/huawei/turkiye-104_03__7ae09fff__clean_overlay.png,output/resnet18_localisation_attack_preserve_cls_full/visuals/dev_val/digital_1/huawei/turkiye-104_03__7ae09fff__adv_overlay.png,output/resnet18_localisation_attack_preserve_cls_full/visuals/dev_val/digital_1/huawei/turkiye-104_03__7ae09fff__paired.png,0.704561710357666,0.6359267830848694,0.03128066500603865,0.018599505585748792
dev_val,digital_1,turkiye-104_03,iphone15pro,train/attack/digital_1/iphone15pro/turkiye-104_03.jpg,1.0,1.0,0.0,0.9969114661216736,17.337722778320312,5.776975154876709,True,1.0,0.25,10,0.003921577241271734,0.0,4,0,0.6026192307472229,0.13107307255268097,0.08989470452070236,0.6026192307472229,0.13107307255268097,0.47154615819454193,0.7824943747809777,True,6.703612327575684,1.458073377609253,5.245538949966431,0.782494376709198,1.0,1.0,0.0,0.19105398654937744,0.8527307510375977,False,False,True,output/resnet18_localisation_attack_preserve_cls_full/visuals/dev_val/digital_1/iphone15pro/turkiye-104_03__5bb6703d__clean_overlay.png,output/resnet18_localisation_attack_preserve_cls_full/visuals/dev_val/digital_1/iphone15pro/turkiye-104_03__5bb6703d__adv_overlay.png,output/resnet18_localisation_attack_preserve_cls_full/visuals/dev_val/digital_1/iphone15pro/turkiye-104_03__5bb6703d__paired.png,0.7132729291915894,0.4676377475261688,0.031444099378881984,0.02820021350931677
dev_val,digital_1,turkiye-104_03,scan,train/attack/digital_1/scan/turkiye-104_03.jpg,1.0,0.9999938011169434,6.198883056640625e-06,0.6403855681419373,11.985103607177734,0.5770381689071655,True,1.0,0.25,10,0.0039215851575136185,0.0,10,0,0.5449184775352478,0.09049822390079498,0.08634579181671143,0.5449185371398926,0.09049823880195618,0.4544202983379364,0.8339233616882384,True,6.310886859893799,1.048090934753418,5.262795925140381,0.833923352133894,1.0,0.0,1.0,0.22892457246780396,0.777377188205719,False,False,True,output/resnet18_localisation_attack_preserve_cls_full/visuals/dev_val/digital_1/scan/turkiye-104_03__c6163226__clean_overlay.png,output/resnet18_localisation_attack_preserve_cls_full/visuals/dev_val/digital_1/scan/turkiye-104_03__c6163226__adv_overlay.png,output/resnet18_localisation_attack_preserve_cls_full/visuals/dev_val/digital_1/scan/turkiye-104_03__c6163226__paired.png,0.6519007086753845,0.5429486632347107,0.03170843520782396,0.020417080531784843
dev_val,digital_1,turkiye-115_03,huawei,train/attack/digital_1/huawei/turkiye-115_03.jpg,1.0,0.9999990463256836,9.5367431640625e-07,0.9637714624404907,13.861539840698242,3.2810072898864746,True,1.0,0.25,10,0.0039215851575136185,0.0,6,0,0.6586481928825378,0.12503965198993683,0.10295961052179337,0.6586482524871826,0.12503965198993683,0.5336086004972458,0.8101571642864563,True,6.397151947021484,1.2144534587860107,5.182698488235474,0.8101571654318043,1.0,1.0,0.0,0.21128582954406738,0.8189653158187866,False,False,True,output/resnet18_localisation_attack_preserve_cls_full/visuals/dev_val/digital_1/huawei/turkiye-115_03__fc481ae2__clean_overlay.png,output/resnet18_localisation_attack_preserve_cls_full/visuals/dev_val/digital_1/huawei/turkiye-115_03__fc481ae2__adv_overlay.png,output/resnet18_localisation_attack_preserve_cls_full/visuals/dev_val/digital_1/huawei/turkiye-115_03__fc481ae2__paired.png,0.6452657580375671,0.6114474534988403,0.03287092882991556,0.02460843259951749
dev_val,digital_1,turkiye-115_03,iphone15pro,train/attack/digital_1/iphone15pro/turkiye-115_03.jpg,1.0,0.9999998807907104,1.1920928955078125e-07,0.9568316340446472,16.262195587158203,3.0985188484191895,True,1.0,0.25,10,0.0039215851575136185,0.0,7,0,0.6154704093933105,0.150955930352211,0.10248218476772308,0.6154704093933105,0.150955930352211,0.46451447904109955,0.7547308074469198,True,6.0056328773498535,1.472996711730957,4.5326361656188965,0.754730809922408,1.0,1.0,0.0,0.29102060198783875,0.8175501823425293,False,False,True,output/resnet18_localisation_attack_preserve_cls_full/visuals/dev_val/digital_1/iphone15pro/turkiye-115_03__a5e0d16d__clean_overlay.png,output/resnet18_localisation_attack_preserve_cls_full/visuals/dev_val/digital_1/iphone15pro/turkiye-115_03__a5e0d16d__adv_overlay.png,output/resnet18_localisation_attack_preserve_cls_full/visuals/dev_val/digital_1/iphone15pro/turkiye-115_03__a5e0d16d__paired.png,0.714905858039856,0.587823212146759,0.03246737530978935,0.014635126239157373
dev_val,digital_1,turkiye-115_03,scan,train/attack/digital_1/scan/turkiye-115_03.jpg,1.0,0.9999966621398926,3.337860107421875e-06,0.9599880576133728,12.625343322753906,3.177743911743164,True,1.0,0.25,10,0.003921577241271734,0.0,4,0,0.6268704533576965,0.15531012415885925,0.10281773656606674,0.6268705129623413,0.15531012415885925,0.47156038880348206,0.7522452867898902,True,6.096909999847412,1.5105382204055786,4.5863717794418335,0.7522452815535439,1.0,1.0,0.0,0.3181021511554718,0.7865397334098816,False,False,True,output/resnet18_localisation_attack_preserve_cls_full/visuals/dev_val/digital_1/scan/turkiye-115_03__2a443261__clean_overlay.png,output/resnet18_localisation_attack_preserve_cls_full/visuals/dev_val/digital_1/scan/turkiye-115_03__2a443261__adv_overlay.png,output/resnet18_localisation_attack_preserve_cls_full/visuals/dev_val/digital_1/scan/turkiye-115_03__2a443261__paired.png,0.643446683883667,0.5137475728988647,0.03231707317073171,0.019879001524390243
dev_val,digital_1,turkiye-NF-1002,huawei,train/attack/digital_1/huawei/turkiye-NF-1002.jpg,1.0,0.9999768733978271,2.3126602172851562e-05,0.6270166039466858,10.675517082214355,0.5194390416145325,True,1.0,0.25,10,0.0039215851575136185,0.0,10,0,0.7847138047218323,0.13403622806072235,0.15021221339702606,0.784713864326477,0.13403622806072235,0.6506776362657547,0.8291909520730003,True,5.224034786224365,0.8923124670982361,4.331722319126129,0.8291909407932659,1.0,1.0,0.0,0.2522515654563904,0.8265193700790405,False,False,True,output/resnet18_localisation_attack_preserve_cls_full/visuals/dev_val/digital_1/huawei/turkiye-NF-1002__8c50d683__clean_overlay.png,output/resnet18_localisation_attack_preserve_cls_full/visuals/dev_val/digital_1/huawei/turkiye-NF-1002__8c50d683__adv_overlay.png,output/resnet18_localisation_attack_preserve_cls_full/visuals/dev_val/digital_1/huawei/turkiye-NF-1002__8c50d683__paired.png,0.5137028694152832,0.6141027212142944,0.03173123873197115,0.017188439002403848
dev_val,digital_1,turkiye-NF-1002,iphone15pro,train/attack/digital_1/iphone15pro/turkiye-NF-1002.jpg,1.0,0.9999997615814209,2.384185791015625e-07,0.9999959468841553,15.4091796875,12.40837287902832,True,1.0,0.25,10,0.003921577241271734,0.0,4,0,0.7460962533950806,0.1578381061553955,0.14694108068943024,0.7460962533950806,0.15783809125423431,0.5882581621408463,0.7884480849005762,True,5.07751989364624,1.074159026145935,4.003360867500305,0.7884480910670414,1.0,1.0,0.0,0.22479751706123352,0.7942248582839966,False,False,True,output/resnet18_localisation_attack_preserve_cls_full/visuals/dev_val/digital_1/iphone15pro/turkiye-NF-1002__5f84bb70__clean_overlay.png,output/resnet18_localisation_attack_preserve_cls_full/visuals/dev_val/digital_1/iphone15pro/turkiye-NF-1002__5f84bb70__adv_overlay.png,output/resnet18_localisation_attack_preserve_cls_full/visuals/dev_val/digital_1/iphone15pro/turkiye-NF-1002__5f84bb70__paired.png,0.5207576155662537,0.6051863431930542,0.04076541122512438,0.03359909437189055
dev_val,digital_1,turkiye-NF-1002,scan,train/attack/digital_1/scan/turkiye-NF-1002.jpg,1.0,0.9999978542327881,2.1457672119140625e-06,0.8947717547416687,13.03551959991455,2.140437126159668,True,1.0,0.25,10,0.0039215851575136185,0.0,9,0,0.7409271001815796,0.15268202126026154,0.14468443393707275,0.7409271001815796,0.15268202126026154,0.588245078921318,0.7939311151895462,True,5.1209869384765625,1.0552760362625122,4.06571090221405,0.7939311212974026,1.0,1.0,0.0,0.28291916847229004,0.8054662942886353,False,False,True,output/resnet18_localisation_attack_preserve_cls_full/visuals/dev_val/digital_1/scan/turkiye-NF-1002__d05a346f__clean_overlay.png,output/resnet18_localisation_attack_preserve_cls_full/visuals/dev_val/digital_1/scan/turkiye-NF-1002__d05a346f__adv_overlay.png,output/resnet18_localisation_attack_preserve_cls_full/visuals/dev_val/digital_1/scan/turkiye-NF-1002__d05a346f__paired.png,0.5335491895675659,0.7051772475242615,0.03192497702205882,0.014093137254901961
dev_val,digital_1,turkiye-NM-1055,huawei,train/attack/digital_1/huawei/turkiye-NM-1055.jpg,1.0,0.9999983310699463,1.6689300537109375e-06,0.504759669303894,13.281266212463379,0.019039146602153778,True,1.0,0.25,10,0.0039215851575136185,0.0,10,0,0.726783812046051,0.1216244101524353,0.118104949593544,0.7267838716506958,0.1216244176030159,0.6051594540476799,0.8326539397100565,True,6.153712272644043,1.029799461364746,5.123912811279297,0.8326539467984785,1.0,1.0,0.0,0.1814199984073639,0.8605059385299683,False,False,True,output/resnet18_localisation_attack_preserve_cls_full/visuals/dev_val/digital_1/huawei/turkiye-NM-1055__a2c2cb13__clean_overlay.png,output/resnet18_localisation_attack_preserve_cls_full/visuals/dev_val/digital_1/huawei/turkiye-NM-1055__a2c2cb13__adv_overlay.png,output/resnet18_localisation_attack_preserve_cls_full/visuals/dev_val/digital_1/huawei/turkiye-NM-1055__a2c2cb13__paired.png,0.6592559218406677,0.6202431917190552,0.03226439542978208,0.01791862136803874
dev_val,digital_1,turkiye-NM-1055,iphone15pro,train/attack/digital_1/iphone15pro/turkiye-NM-1055.jpg,1.0,0.9999998807907104,1.1920928955078125e-07,0.9941906929016113,16.125316619873047,5.142464637756348,True,1.0,0.25,10,0.0039215851575136185,0.0,5,0,0.6667788624763489,0.11977175623178482,0.1131473109126091,0.6667788028717041,0.11977174133062363,0.5470070615410805,0.8203726021061454,True,5.893015384674072,1.058547019958496,4.834468364715576,0.820372601993972,1.0,1.0,0.0,0.2167177051305771,0.8363905549049377,False,False,True,output/resnet18_localisation_attack_preserve_cls_full/visuals/dev_val/digital_1/iphone15pro/turkiye-NM-1055__ddd21758__clean_overlay.png,output/resnet18_localisation_attack_preserve_cls_full/visuals/dev_val/digital_1/iphone15pro/turkiye-NM-1055__ddd21758__adv_overlay.png,output/resnet18_localisation_attack_preserve_cls_full/visuals/dev_val/digital_1/iphone15pro/turkiye-NM-1055__ddd21758__paired.png,0.6657135486602783,0.4342871606349945,0.03572367908354115,0.029676784600997506
dev_val,digital_1,turkiye-NM-1055,scan,train/attack/digital_1/scan/turkiye-NM-1055.jpg,1.0,1.0,0.0,0.9929115176200867,18.745563507080078,4.942166328430176,True,1.0,0.25,10,0.0039215851575136185,0.0,5,0,0.6584905982017517,0.18693354725837708,0.1145889088511467,0.6584905385971069,0.18693357706069946,0.47155696153640747,0.7161180516595493,True,5.746546745300293,1.6313408613204956,4.115205883979797,0.7161180560038675,1.0,1.0,0.0,0.2898207902908325,0.7895510792732239,False,False,True,output/resnet18_localisation_attack_preserve_cls_full/visuals/dev_val/digital_1/scan/turkiye-NM-1055__ec91fbe5__clean_overlay.png,output/resnet18_localisation_attack_preserve_cls_full/visuals/dev_val/digital_1/scan/turkiye-NM-1055__ec91fbe5__adv_overlay.png,output/resnet18_localisation_attack_preserve_cls_full/visuals/dev_val/digital_1/scan/turkiye-NM-1055__ec91fbe5__paired.png,0.5951048731803894,0.6268068552017212,0.033843807374541006,0.0177765452876377
dev_val,digital_1,ukraine-025_03,huawei,train/attack/digital_1/huawei/ukraine-025_03.jpg,1.0,0.9999992847442627,7.152557373046875e-07,1.0,14.188423156738281,25.826946258544922,True,1.0,0.25,10,0.0039215851575136185,0.0,10,0,0.6443264484405518,0.003105115843936801,0.1027480736374855,0.6443265676498413,0.0031051160767674446,0.6412214515730739,0.9951808349481952,True,6.270936012268066,0.030220674350857735,6.240715337917209,0.9951808351589403,1.0,0.0,1.0,0.015903282910585403,0.9616071581840515,False,False,True,output/resnet18_localisation_attack_preserve_cls_full/visuals/dev_val/digital_1/huawei/ukraine-025_03__752ca3e4__clean_overlay.png,output/resnet18_localisation_attack_preserve_cls_full/visuals/dev_val/digital_1/huawei/ukraine-025_03__752ca3e4__adv_overlay.png,output/resnet18_localisation_attack_preserve_cls_full/visuals/dev_val/digital_1/huawei/ukraine-025_03__752ca3e4__paired.png,0.7332366704940796,0.7470977902412415,0.03180263754534462,0.034820888754534464
dev_val,digital_1,ukraine-025_03,iphone15pro,train/attack/digital_1/iphone15pro/ukraine-025_03.jpg,1.0,1.0,0.0,0.9833194613456726,19.4746150970459,4.076689720153809,True,1.0,0.25,10,0.0039215851575136185,0.0,6,0,0.6332491040229797,0.1579914689064026,0.10428378731012344,0.633249044418335,0.15799148380756378,0.4752575606107712,0.7505065578856335,True,6.072363376617432,1.5150147676467896,4.557348608970642,0.7505065698998536,1.0,0.0,1.0,0.2227572500705719,0.8403589725494385,False,False,True,output/resnet18_localisation_attack_preserve_cls_full/visuals/dev_val/digital_1/iphone15pro/ukraine-025_03__e606f3d1__clean_overlay.png,output/resnet18_localisation_attack_preserve_cls_full/visuals/dev_val/digital_1/iphone15pro/ukraine-025_03__e606f3d1__adv_overlay.png,output/resnet18_localisation_attack_preserve_cls_full/visuals/dev_val/digital_1/iphone15pro/ukraine-025_03__e606f3d1__paired.png,0.7185478210449219,0.6069599390029907,0.03331459367245657,0.024578842276674936
dev_val,digital_1,ukraine-025_03,scan,train/attack/digital_1/scan/ukraine-025_03.jpg,1.0,0.9999970197677612,2.9802322387695312e-06,0.9522914886474609,12.734106063842773,2.9937615394592285,True,1.0,0.25,10,0.0039215851575136185,0.0,9,0,0.6436865925788879,0.17017683386802673,0.10579187422990799,0.6436866521835327,0.17017681896686554,0.4735098332166672,0.7356216438703728,True,6.0844621658325195,1.6086000204086304,4.475862145423889,0.735621657828399,1.0,0.0,1.0,0.28047066926956177,0.7860106229782104,False,False,True,output/resnet18_localisation_attack_preserve_cls_full/visuals/dev_val/digital_1/scan/ukraine-025_03__c244383f__clean_overlay.png,output/resnet18_localisation_attack_preserve_cls_full/visuals/dev_val/digital_1/scan/ukraine-025_03__c244383f__adv_overlay.png,output/resnet18_localisation_attack_preserve_cls_full/visuals/dev_val/digital_1/scan/ukraine-025_03__c244383f__paired.png,0.7425374388694763,0.6309044361114502,0.031987208946078434,0.02377498851102941
dev_val,digital_1,ukraine-NF-1068,huawei,train/attack/digital_1/huawei/ukraine-NF-1068.jpg,1.0,0.9999264478683472,7.355213165283203e-05,1.0,9.517073631286621,16.638328552246094,True,1.0,0.25,10,0.0039215851575136185,0.0,8,0,0.7178175449371338,0.012133277021348476,0.15027061104774475,0.717817485332489,0.012133276090025902,0.7056842092424631,0.9830969900595193,True,4.776832103729248,0.08074284344911575,4.696089260280132,0.9830969894491204,1.0,0.0,1.0,0.05217276141047478,0.9246619939804077,False,False,True,output/resnet18_localisation_attack_preserve_cls_full/visuals/dev_val/digital_1/huawei/ukraine-NF-1068__9038d6dc__clean_overlay.png,output/resnet18_localisation_attack_preserve_cls_full/visuals/dev_val/digital_1/huawei/ukraine-NF-1068__9038d6dc__adv_overlay.png,output/resnet18_localisation_attack_preserve_cls_full/visuals/dev_val/digital_1/huawei/ukraine-NF-1068__9038d6dc__paired.png,0.5380145907402039,0.7152975797653198,0.032711314006024096,0.03142413403614458
dev_val,digital_1,ukraine-NF-1068,iphone15pro,train/attack/digital_1/iphone15pro/ukraine-NF-1068.jpg,1.0,0.9999985694885254,1.430511474609375e-06,0.9522528648376465,13.487407684326172,2.9929118156433105,True,1.0,0.25,10,0.0039215851575136185,0.0,10,0,0.7479860186576843,0.13167202472686768,0.14430803060531616,0.7479860186576843,0.13167203962802887,0.6163139790296555,0.8239645710700262,True,5.1832594871521,0.9124373197555542,4.270822167396545,0.8239645686238091,1.0,0.0,1.0,0.2678874135017395,0.8237626552581787,False,False,True,output/resnet18_localisation_attack_preserve_cls_full/visuals/dev_val/digital_1/iphone15pro/ukraine-NF-1068__8d560821__clean_overlay.png,output/resnet18_localisation_attack_preserve_cls_full/visuals/dev_val/digital_1/iphone15pro/ukraine-NF-1068__8d560821__adv_overlay.png,output/resnet18_localisation_attack_preserve_cls_full/visuals/dev_val/digital_1/iphone15pro/ukraine-NF-1068__8d560821__paired.png,0.6370931267738342,0.5129184126853943,0.03397709627329192,0.027326766304347827
dev_val,digital_1,ukraine-NF-1068,scan,train/attack/digital_1/scan/ukraine-NF-1068.jpg,1.0,0.9999990463256836,9.5367431640625e-07,0.9299911856651306,13.823323249816895,2.586554765701294,True,1.0,0.25,10,0.003921577241271734,0.0,4,0,0.7366632223129272,0.1566394865512848,0.1464509814977646,0.736663281917572,0.1566394716501236,0.5800238102674484,0.7873662560696889,True,5.030101299285889,1.0695692300796509,3.960532069206238,0.7873662643272223,1.0,0.0,1.0,0.30651789903640747,0.7993345260620117,False,False,True,output/resnet18_localisation_attack_preserve_cls_full/visuals/dev_val/digital_1/scan/ukraine-NF-1068__c6a8848e__clean_overlay.png,output/resnet18_localisation_attack_preserve_cls_full/visuals/dev_val/digital_1/scan/ukraine-NF-1068__c6a8848e__adv_overlay.png,output/resnet18_localisation_attack_preserve_cls_full/visuals/dev_val/digital_1/scan/ukraine-NF-1068__c6a8848e__paired.png,0.5306257605552673,0.5957776308059692,0.03382316468253968,0.022102029914529916
dev_val,digital_1,ukraine-NF-1073,huawei,train/attack/digital_1/huawei/ukraine-NF-1073.jpg,0.9990234375,0.9991071820259094,8.374452590942383e-05,1.0,7.020282745361328,17.13894271850586,True,1.0,0.25,10,0.0039215851575136185,0.0,6,0,0.7841277122497559,0.01273418590426445,0.22431828081607819,0.7841277718544006,0.01273418590426445,0.7713935859501362,0.9837600626309293,True,3.495603561401367,0.05676838010549545,3.4388351812958717,0.9837600634315816,1.0,0.0,1.0,0.0533500611782074,0.9255868792533875,False,False,True,output/resnet18_localisation_attack_preserve_cls_full/visuals/dev_val/digital_1/huawei/ukraine-NF-1073__943c161a__clean_overlay.png,output/resnet18_localisation_attack_preserve_cls_full/visuals/dev_val/digital_1/huawei/ukraine-NF-1073__943c161a__adv_overlay.png,output/resnet18_localisation_attack_preserve_cls_full/visuals/dev_val/digital_1/huawei/ukraine-NF-1073__943c161a__paired.png,0.5572233200073242,0.7126337289810181,0.0313720703125,0.028846153846153848
dev_val,digital_1,ukraine-NF-1073,iphone15pro,train/attack/digital_1/iphone15pro/ukraine-NF-1073.jpg,1.0,0.9999982118606567,1.7881393432617188e-06,0.9999945163726807,13.260612487792969,12.111946105957031,True,1.0,0.25,10,0.0019608272705227137,0.0,2,0,0.7710474729537964,0.23266510665416718,0.2297821193933487,0.7710475325584412,0.23266509175300598,0.5383824408054352,0.6982480561464331,True,3.3555593490600586,1.0125465393066406,2.343012809753418,0.6982480612091484,1.0,0.0,1.0,0.32871443033218384,0.7015513777732849,False,False,True,output/resnet18_localisation_attack_preserve_cls_full/visuals/dev_val/digital_1/iphone15pro/ukraine-NF-1073__725b0612__clean_overlay.png,output/resnet18_localisation_attack_preserve_cls_full/visuals/dev_val/digital_1/iphone15pro/ukraine-NF-1073__725b0612__adv_overlay.png,output/resnet18_localisation_attack_preserve_cls_full/visuals/dev_val/digital_1/iphone15pro/ukraine-NF-1073__725b0612__paired.png,0.4934420585632324,0.7440968751907349,0.04537315605590062,0.03930269798136646
dev_val,digital_1,ukraine-NF-1073,scan,train/attack/digital_1/scan/ukraine-NF-1073.jpg,0.9970703125,0.9971200227737427,4.971027374267578e-05,0.6644452214241028,5.847099304199219,0.6831670999526978,True,1.0,0.25,10,0.0009804136352613568,0.0,1,0,0.7661243677139282,0.2075069099664688,0.23104418814182281,0.7661243677139282,0.20750689506530762,0.5586174726486206,0.7291472457866124,True,3.3159215450286865,0.898126482963562,2.4177950620651245,0.7291472458659174,1.0,0.0,1.0,0.4946223497390747,0.6878008842468262,False,False,True,output/resnet18_localisation_attack_preserve_cls_full/visuals/dev_val/digital_1/scan/ukraine-NF-1073__e76388eb__clean_overlay.png,output/resnet18_localisation_attack_preserve_cls_full/visuals/dev_val/digital_1/scan/ukraine-NF-1073__e76388eb__adv_overlay.png,output/resnet18_localisation_attack_preserve_cls_full/visuals/dev_val/digital_1/scan/ukraine-NF-1073__e76388eb__paired.png,0.5759885311126709,0.6681110858917236,0.030208970048899754,0.017986418856968216
dev_val,digital_1,ukraine-NF-1106,huawei,train/attack/digital_1/huawei/ukraine-NF-1106.jpg,1.0,0.9998693466186523,0.00013065338134765625,0.9999988079071045,8.943166732788086,13.641749382019043,True,1.0,0.25,10,0.0039215851575136185,0.0,10,0,0.7018132209777832,0.0005245297797955573,0.13011087477207184,0.7018131017684937,0.0005245297797955573,0.7012885719886981,0.9992526075981286,True,5.3939619064331055,0.004031406249850988,5.3899305001832545,0.9992526075786625,1.0,0.0,1.0,0.002478369977325201,0.9906426072120667,False,False,True,output/resnet18_localisation_attack_preserve_cls_full/visuals/dev_val/digital_1/huawei/ukraine-NF-1106__9de056fc__clean_overlay.png,output/resnet18_localisation_attack_preserve_cls_full/visuals/dev_val/digital_1/huawei/ukraine-NF-1106__9de056fc__adv_overlay.png,output/resnet18_localisation_attack_preserve_cls_full/visuals/dev_val/digital_1/huawei/ukraine-NF-1106__9de056fc__paired.png,0.6474233865737915,0.7341259121894836,0.03329434880239521,0.022515905688622755
dev_val,digital_1,ukraine-NF-1106,iphone15pro,train/attack/digital_1/iphone15pro/ukraine-NF-1106.jpg,1.0,0.9999947547912598,5.245208740234375e-06,0.5003111362457275,12.161489486694336,0.0012446120381355286,True,1.0,0.25,10,0.0039215851575136185,0.0,10,1,0.7669953107833862,0.11141900718212128,0.12802782654762268,0.766995370388031,0.11141901463270187,0.6555763557553291,0.8547331327745383,True,5.990849018096924,0.8702718615531921,5.120577156543732,0.8547331339974837,1.0,1.0,0.0,0.17653918266296387,0.8573199510574341,False,False,True,output/resnet18_localisation_attack_preserve_cls_full/visuals/dev_val/digital_1/iphone15pro/ukraine-NF-1106__5c82a0a4__clean_overlay.png,output/resnet18_localisation_attack_preserve_cls_full/visuals/dev_val/digital_1/iphone15pro/ukraine-NF-1106__5c82a0a4__adv_overlay.png,output/resnet18_localisation_attack_preserve_cls_full/visuals/dev_val/digital_1/iphone15pro/ukraine-NF-1106__5c82a0a4__paired.png,0.7261490821838379,0.4885493814945221,0.030086741727941176,0.025859757965686275
dev_val,digital_1,ukraine-NF-1106,scan,train/attack/digital_1/scan/ukraine-NF-1106.jpg,1.0,0.999987006187439,1.2993812561035156e-05,0.9014251232147217,11.250953674316406,2.2131600379943848,True,1.0,0.25,10,0.0039215851575136185,0.0,6,0,0.691376805305481,0.14632797241210938,0.1354539841413498,0.6913766860961914,0.14632795751094818,0.5450487285852432,0.7883527743216532,True,5.10414457321167,1.0802780389785767,4.023866534233093,0.7883527742046625,1.0,0.0,1.0,0.3985835015773773,0.7428286671638489,False,False,True,output/resnet18_localisation_attack_preserve_cls_full/visuals/dev_val/digital_1/scan/ukraine-NF-1106__f02adeb6__clean_overlay.png,output/resnet18_localisation_attack_preserve_cls_full/visuals/dev_val/digital_1/scan/ukraine-NF-1106__f02adeb6__adv_overlay.png,output/resnet18_localisation_attack_preserve_cls_full/visuals/dev_val/digital_1/scan/ukraine-NF-1106__f02adeb6__paired.png,0.7053236961364746,0.721514880657196,0.03492520960365854,0.017928258384146342
dev_val,digital_1,usa-034_03,huawei,train/attack/digital_1/huawei/usa-034_03.jpg,1.0,0.9999996423721313,3.5762786865234375e-07,0.9793216586112976,14.75289535522461,3.857771873474121,True,1.0,0.25,10,0.0019608272705227137,0.0,2,0,0.716183066368103,0.2075062394142151,0.1514929234981537,0.7161830067634583,0.2075062245130539,0.5086767822504044,0.7102608934400627,True,4.727501392364502,1.3697419166564941,3.357759475708008,0.7102609173486873,1.0,1.0,0.0,0.3418698310852051,0.7691388726234436,False,False,True,output/resnet18_localisation_attack_preserve_cls_full/visuals/dev_val/digital_1/huawei/usa-034_03__18f7a98c__clean_overlay.png,output/resnet18_localisation_attack_preserve_cls_full/visuals/dev_val/digital_1/huawei/usa-034_03__18f7a98c__adv_overlay.png,output/resnet18_localisation_attack_preserve_cls_full/visuals/dev_val/digital_1/huawei/usa-034_03__18f7a98c__paired.png,0.6382032036781311,0.6096526980400085,0.035379531438026475,0.01997781287605295
dev_val,digital_1,usa-034_03,iphone15pro,train/attack/digital_1/iphone15pro/usa-034_03.jpg,1.0,0.9999998807907104,1.1920928955078125e-07,0.96926349401474,16.024497985839844,3.4510860443115234,True,1.0,0.25,10,0.0039215851575136185,0.0,6,0,0.7455596923828125,0.15692512691020966,0.1472880244255066,0.7455596923828125,0.15692512691020966,0.5886345654726028,0.7895203717241256,True,5.061916351318359,1.0654302835464478,3.9964860677719116,0.7895203694409213,1.0,1.0,0.0,0.227132648229599,0.8382851481437683,False,False,True,output/resnet18_localisation_attack_preserve_cls_full/visuals/dev_val/digital_1/iphone15pro/usa-034_03__67996549__clean_overlay.png,output/resnet18_localisation_attack_preserve_cls_full/visuals/dev_val/digital_1/iphone15pro/usa-034_03__67996549__adv_overlay.png,output/resnet18_localisation_attack_preserve_cls_full/visuals/dev_val/digital_1/iphone15pro/usa-034_03__67996549__paired.png,0.7398590445518494,0.54511559009552,0.035709067175810474,0.028181499376558602
dev_val,digital_1,usa-034_03,scan,train/attack/digital_1/scan/usa-034_03.jpg,1.0,0.9999998807907104,1.1920928955078125e-07,0.9952898025512695,15.941953659057617,5.353311061859131,True,1.0,0.25,10,0.0039215851575136185,0.0,5,0,0.7242426872253418,0.14988727867603302,0.1539306640625,0.7242426872253418,0.14988726377487183,0.57435542345047,0.7930427653344939,True,4.704992771148682,0.9737323522567749,3.7312604188919067,0.7930427527481521,1.0,1.0,0.0,0.2698267102241516,0.8084143996238708,False,False,True,output/resnet18_localisation_attack_preserve_cls_full/visuals/dev_val/digital_1/scan/usa-034_03__3b8af47e__clean_overlay.png,output/resnet18_localisation_attack_preserve_cls_full/visuals/dev_val/digital_1/scan/usa-034_03__3b8af47e__adv_overlay.png,output/resnet18_localisation_attack_preserve_cls_full/visuals/dev_val/digital_1/scan/usa-034_03__3b8af47e__paired.png,0.5969157218933105,0.48654189705848694,0.0387274050245098,0.030821557138480393
dev_val,digital_1,usa-067_03,huawei,train/attack/digital_1/huawei/usa-067_03.jpg,1.0,0.9998934268951416,0.00010657310485839844,0.707312285900116,9.146601676940918,0.8823662996292114,True,1.0,0.25,10,0.0039215851575136185,0.0,10,0,0.7580177187919617,0.0005943375290371478,0.14398513734340668,0.7580177783966064,0.0005943374708294868,0.757423440925777,0.9992159320166782,True,5.26455545425415,0.004127769730985165,5.260427684523165,0.9992159319496483,1.0,0.0,1.0,0.005452580284327269,0.9838287234306335,False,False,True,output/resnet18_localisation_attack_preserve_cls_full/visuals/dev_val/digital_1/huawei/usa-067_03__ad0291cd__clean_overlay.png,output/resnet18_localisation_attack_preserve_cls_full/visuals/dev_val/digital_1/huawei/usa-067_03__ad0291cd__adv_overlay.png,output/resnet18_localisation_attack_preserve_cls_full/visuals/dev_val/digital_1/huawei/usa-067_03__ad0291cd__paired.png,0.6493203043937683,0.5156673192977905,0.03289310515873016,0.017582894536019536
dev_val,digital_1,usa-067_03,iphone15pro,train/attack/digital_1/iphone15pro/usa-067_03.jpg,1.0,0.9999997615814209,2.384185791015625e-07,0.9905381202697754,15.32325267791748,4.650984764099121,True,1.0,0.25,10,0.0039215851575136185,0.0,6,0,0.6738778352737427,0.11347963660955429,0.142734095454216,0.6738778948783875,0.11347963660955429,0.5603982582688332,0.8316020788454063,True,4.721211910247803,0.7950422763824463,3.9261696338653564,0.8316020777087473,1.0,1.0,0.0,0.3030153512954712,0.7634661793708801,False,False,True,output/resnet18_localisation_attack_preserve_cls_full/visuals/dev_val/digital_1/iphone15pro/usa-067_03__31f2d45c__clean_overlay.png,output/resnet18_localisation_attack_preserve_cls_full/visuals/dev_val/digital_1/iphone15pro/usa-067_03__31f2d45c__adv_overlay.png,output/resnet18_localisation_attack_preserve_cls_full/visuals/dev_val/digital_1/iphone15pro/usa-067_03__31f2d45c__paired.png,0.6434303522109985,0.3267384469509125,0.039639824195470796,0.02693869189511323
dev_val,digital_1,usa-067_03,scan,train/attack/digital_1/scan/usa-067_03.jpg,1.0,0.9999998807907104,1.1920928955078125e-07,0.9969421029090881,16.339786529541016,5.786956787109375,True,1.0,0.25,10,0.0039215851575136185,0.0,8,0,0.687272310256958,0.09986797720193863,0.13996441662311554,0.6872722506523132,0.09986796230077744,0.5874042883515358,0.854689372070545,True,4.910335540771484,0.7135239243507385,4.196811616420746,0.8546893754151405,1.0,1.0,0.0,0.2062104046344757,0.809662938117981,False,False,True,output/resnet18_localisation_attack_preserve_cls_full/visuals/dev_val/digital_1/scan/usa-067_03__4a9ef761__clean_overlay.png,output/resnet18_localisation_attack_preserve_cls_full/visuals/dev_val/digital_1/scan/usa-067_03__4a9ef761__adv_overlay.png,output/resnet18_localisation_attack_preserve_cls_full/visuals/dev_val/digital_1/scan/usa-067_03__4a9ef761__paired.png,0.659798800945282,0.31286412477493286,0.03772941468253968,0.04055298000610501
dev_val,digital_1,usa-NF-1036,huawei,train/attack/digital_1/huawei/usa-NF-1036.jpg,1.0,0.9999963045120239,3.6954879760742188e-06,0.9996614456176758,12.501075744628906,7.990396022796631,True,1.0,0.25,10,0.0019608272705227137,0.0,2,0,0.6776258945465088,0.25231683254241943,0.19751833379268646,0.677625834941864,0.2523168623447418,0.4253089725971222,0.6276457458762784,True,3.4306986331939697,1.2774351835250854,2.1532634496688843,0.6276457596230779,1.0,1.0,0.0,0.5573853850364685,0.5953370332717896,False,False,True,output/resnet18_localisation_attack_preserve_cls_full/visuals/dev_val/digital_1/huawei/usa-NF-1036__7d72d80b__clean_overlay.png,output/resnet18_localisation_attack_preserve_cls_full/visuals/dev_val/digital_1/huawei/usa-NF-1036__7d72d80b__adv_overlay.png,output/resnet18_localisation_attack_preserve_cls_full/visuals/dev_val/digital_1/huawei/usa-NF-1036__7d72d80b__paired.png,0.542092502117157,0.4350684881210327,0.04694112756952842,0.04136987983675937
dev_val,digital_1,usa-NF-1036,iphone15pro,train/attack/digital_1/iphone15pro/usa-NF-1036.jpg,1.0,0.9999988079071045,1.1920928955078125e-06,0.9995555281639099,13.598240852355957,7.71827507019043,True,1.0,0.25,10,0.0039215851575136185,0.0,5,0,0.7572669982910156,0.14206437766551971,0.19874148070812225,0.7572670578956604,0.14206437766551971,0.6152026802301407,0.8123985769824759,True,3.810312032699585,0.7148199677467346,3.0954920649528503,0.8123985748116569,1.0,1.0,0.0,0.2599060535430908,0.7894691228866577,False,False,True,output/resnet18_localisation_attack_preserve_cls_full/visuals/dev_val/digital_1/iphone15pro/usa-NF-1036__9d69241e__clean_overlay.png,output/resnet18_localisation_attack_preserve_cls_full/visuals/dev_val/digital_1/iphone15pro/usa-NF-1036__9d69241e__adv_overlay.png,output/resnet18_localisation_attack_preserve_cls_full/visuals/dev_val/digital_1/iphone15pro/usa-NF-1036__9d69241e__paired.png,0.5231608152389526,0.5088132619857788,0.05240640664160401,0.04406524122807018
dev_val,digital_1,usa-NF-1036,scan,train/attack/digital_1/scan/usa-NF-1036.jpg,1.0,0.9999992847442627,7.152557373046875e-07,0.9975709319114685,14.209663391113281,6.017817497253418,True,1.0,0.25,10,0.0039215851575136185,0.0,10,0,0.6733902096748352,0.0933612659573555,0.2014736384153366,0.6733900904655457,0.0933612510561943,0.5800288394093513,0.8613563633054812,True,3.3423235416412354,0.46339190006256104,2.8789316415786743,0.8613563605410223,1.0,1.0,0.0,0.35177087783813477,0.7236003875732422,False,False,True,output/resnet18_localisation_attack_preserve_cls_full/visuals/dev_val/digital_1/scan/usa-NF-1036__d5d3682b__clean_overlay.png,output/resnet18_localisation_attack_preserve_cls_full/visuals/dev_val/digital_1/scan/usa-NF-1036__d5d3682b__adv_overlay.png,output/resnet18_localisation_attack_preserve_cls_full/visuals/dev_val/digital_1/scan/usa-NF-1036__d5d3682b__paired.png,0.4661201238632202,0.2808781862258911,0.05003991788321168,0.039713541666666664
dev_val,digital_1,usa-NF-1065,huawei,train/attack/digital_1/huawei/usa-NF-1065.jpg,1.0,0.9999978542327881,2.1457672119140625e-06,0.9961358904838562,13.073721885681152,5.552145481109619,True,1.0,0.25,10,0.0019608272705227137,0.0,2,0,0.8065563440322876,0.3161674737930298,0.24263493716716766,0.8065563440322876,0.3161675035953522,0.4903888404369354,0.6080032028330367,True,3.324155807495117,1.303058385848999,2.021097421646118,0.608003216061372,1.0,1.0,0.0,0.4110454022884369,0.6880582571029663,False,False,True,output/resnet18_localisation_attack_preserve_cls_full/visuals/dev_val/digital_1/huawei/usa-NF-1065__fec0be7d__clean_overlay.png,output/resnet18_localisation_attack_preserve_cls_full/visuals/dev_val/digital_1/huawei/usa-NF-1065__fec0be7d__adv_overlay.png,output/resnet18_localisation_attack_preserve_cls_full/visuals/dev_val/digital_1/huawei/usa-NF-1065__fec0be7d__paired.png,0.5028055310249329,0.33824002742767334,0.04617424242424242,0.04063683712121212
dev_val,digital_1,usa-NF-1065,iphone15pro,train/attack/digital_1/iphone15pro/usa-NF-1065.jpg,1.0,1.0,0.0,0.9999728202819824,18.614009857177734,10.514223098754883,True,1.0,0.25,10,0.003921577241271734,0.0,4,0,0.8203129768371582,0.19334064424037933,0.2516860365867615,0.820313036441803,0.19334064424037933,0.6269723922014236,0.7643087021035099,True,3.2592709064483643,0.7681818008422852,2.491089105606079,0.7643086988189715,1.0,1.0,0.0,0.29971060156822205,0.739364743232727,False,False,True,output/resnet18_localisation_attack_preserve_cls_full/visuals/dev_val/digital_1/iphone15pro/usa-NF-1065__523e5c55__clean_overlay.png,output/resnet18_localisation_attack_preserve_cls_full/visuals/dev_val/digital_1/iphone15pro/usa-NF-1065__523e5c55__adv_overlay.png,output/resnet18_localisation_attack_preserve_cls_full/visuals/dev_val/digital_1/iphone15pro/usa-NF-1065__523e5c55__paired.png,0.4625609517097473,0.40946829319000244,0.04910913347205707,0.04687964476813317
dev_val,digital_1,usa-NF-1065,scan,train/attack/digital_1/scan/usa-NF-1065.jpg,1.0,1.0,0.0,0.998528003692627,20.484607696533203,6.519659042358398,True,1.0,0.25,10,0.0039215851575136185,0.0,7,0,0.7861659526824951,0.139617457985878,0.24654024839401245,0.7861660122871399,0.13961747288703918,0.6465485394001007,0.8224071370360321,True,3.188793897628784,0.566307008266449,2.622486889362335,0.8224071462606725,1.0,1.0,0.0,0.3061734139919281,0.7898908853530884,False,False,True,output/resnet18_localisation_attack_preserve_cls_full/visuals/dev_val/digital_1/scan/usa-NF-1065__b9284824__clean_overlay.png,output/resnet18_localisation_attack_preserve_cls_full/visuals/dev_val/digital_1/scan/usa-NF-1065__b9284824__adv_overlay.png,output/resnet18_localisation_attack_preserve_cls_full/visuals/dev_val/digital_1/scan/usa-NF-1065__b9284824__paired.png,0.44554635882377625,0.40165436267852783,0.04828850855745721,0.0310518222799511
dev_val,digital_1,usa-NF-1076,huawei,train/attack/digital_1/huawei/usa-NF-1076.jpg,1.0,0.9999803304672241,1.9669532775878906e-05,0.9957590699195862,10.835745811462402,5.458711624145508,True,1.0,0.25,10,0.0039215851575136185,0.0,6,0,0.6129086017608643,0.10599759966135025,0.299313485622406,0.612908661365509,0.10599760711193085,0.5069110542535782,0.8270580695078169,True,2.047714948654175,0.35413578152656555,1.6935791671276093,0.8270580669641958,1.0,1.0,0.0,0.5381618738174438,0.641746997833252,False,False,True,output/resnet18_localisation_attack_preserve_cls_full/visuals/dev_val/digital_1/huawei/usa-NF-1076__3e77bcc4__clean_overlay.png,output/resnet18_localisation_attack_preserve_cls_full/visuals/dev_val/digital_1/huawei/usa-NF-1076__3e77bcc4__adv_overlay.png,output/resnet18_localisation_attack_preserve_cls_full/visuals/dev_val/digital_1/huawei/usa-NF-1076__3e77bcc4__paired.png,0.5593041181564331,0.30722373723983765,0.05069918592436975,0.031934648859543814
dev_val,digital_1,usa-NF-1076,iphone15pro,train/attack/digital_1/iphone15pro/usa-NF-1076.jpg,1.0,0.999997615814209,2.384185791015625e-06,0.9825253486633301,12.934354782104492,4.029374122619629,True,1.0,0.25,10,0.0039215851575136185,0.0,8,0,0.8327071666717529,0.11307445913553238,0.3010009825229645,0.8327072262763977,0.11307445913553238,0.7196327671408653,0.8642086251116549,True,2.7664601802825928,0.3756614327430725,2.3907987475395203,0.8642086246458466,1.0,1.0,0.0,0.18922626972198486,0.8404087424278259,False,False,True,output/resnet18_localisation_attack_preserve_cls_full/visuals/dev_val/digital_1/iphone15pro/usa-NF-1076__813a1d65__clean_overlay.png,output/resnet18_localisation_attack_preserve_cls_full/visuals/dev_val/digital_1/iphone15pro/usa-NF-1076__813a1d65__adv_overlay.png,output/resnet18_localisation_attack_preserve_cls_full/visuals/dev_val/digital_1/iphone15pro/usa-NF-1076__813a1d65__paired.png,0.37822824716567993,0.4425007104873657,0.05175048828125,0.0335009765625
dev_val,digital_1,usa-NF-1076,scan,train/attack/digital_1/scan/usa-NF-1076.jpg,1.0,0.9999996423721313,3.5762786865234375e-07,0.9984771609306335,14.803505897521973,6.4856462478637695,True,1.0,0.25,10,0.0019608272705227137,0.0,2,0,0.7226460576057434,0.20573407411575317,0.3055550158023834,0.7226460576057434,0.20573408901691437,0.516911968588829,0.7153044884814725,True,2.365027666091919,0.6733127236366272,1.6917149424552917,0.7153045043446615,1.0,1.0,0.0,0.48684942722320557,0.6694605350494385,False,False,True,output/resnet18_localisation_attack_preserve_cls_full/visuals/dev_val/digital_1/scan/usa-NF-1076__762eef4f__clean_overlay.png,output/resnet18_localisation_attack_preserve_cls_full/visuals/dev_val/digital_1/scan/usa-NF-1076__762eef4f__adv_overlay.png,output/resnet18_localisation_attack_preserve_cls_full/visuals/dev_val/digital_1/scan/usa-NF-1076__762eef4f__paired.png,0.40255430340766907,0.5064661502838135,0.052523485429447854,0.033682419478527605
dev_val,digital_1,usa-NM-1038,huawei,train/attack/digital_1/huawei/usa-NM-1038.jpg,0.9912109375,0.9910650849342346,0.00014585256576538086,0.998489260673523,4.708812236785889,6.493683815002441,True,1.0,0.25,10,0.0039215851575136185,0.0,6,0,0.37390878796577454,0.08236269652843475,0.1865978240966797,0.3739088177680969,0.08236268907785416,0.29154612869024277,0.7797252026055813,True,2.003821849822998,0.4413914680480957,1.5624303817749023,0.7797251945889877,1.0,1.0,0.0,0.6152726411819458,0.5093088150024414,False,False,True,output/resnet18_localisation_attack_preserve_cls_full/visuals/dev_val/digital_1/huawei/usa-NM-1038__26fc306b__clean_overlay.png,output/resnet18_localisation_attack_preserve_cls_full/visuals/dev_val/digital_1/huawei/usa-NM-1038__26fc306b__adv_overlay.png,output/resnet18_localisation_attack_preserve_cls_full/visuals/dev_val/digital_1/huawei/usa-NM-1038__26fc306b__paired.png,0.36578619480133057,0.48015615344047546,0.03476420798065296,0.030713894347037484
dev_val,digital_1,usa-NM-1038,iphone15pro,train/attack/digital_1/iphone15pro/usa-NM-1038.jpg,1.0,0.9999761581420898,2.384185791015625e-05,0.9980564713478088,10.645498275756836,6.241312026977539,True,1.0,0.25,10,0.0019608272705227137,0.0,2,0,0.5492557883262634,0.18325015902519226,0.1938086599111557,0.5492557883262634,0.18325017392635345,0.36600561439991,0.6663664219456509,True,2.834010601043701,0.9455210566520691,1.888489544391632,0.6663664362074526,1.0,1.0,0.0,0.7800843715667725,0.47258374094963074,False,False,True,output/resnet18_localisation_attack_preserve_cls_full/visuals/dev_val/digital_1/iphone15pro/usa-NM-1038__2a32d99f__clean_overlay.png,output/resnet18_localisation_attack_preserve_cls_full/visuals/dev_val/digital_1/iphone15pro/usa-NM-1038__2a32d99f__adv_overlay.png,output/resnet18_localisation_attack_preserve_cls_full/visuals/dev_val/digital_1/iphone15pro/usa-NM-1038__2a32d99f__paired.png,0.4766656160354614,0.5847139358520508,0.042433328367103694,0.02646146826579261
dev_val,digital_1,usa-NM-1038,scan,train/attack/digital_1/scan/usa-NM-1038.jpg,1.0,0.9997979998588562,0.00020200014114379883,0.9962124824523926,8.506861686706543,5.5722432136535645,True,1.0,0.25,10,0.0039215851575136185,0.0,5,0,0.657404363155365,0.13531602919101715,0.1930936872959137,0.6574043035507202,0.13531601428985596,0.5220882892608643,0.7941662177156465,True,3.4045870304107666,0.7007790207862854,2.703808009624481,0.7941662191253381,1.0,1.0,0.0,0.537375271320343,0.6395349502563477,False,False,True,output/resnet18_localisation_attack_preserve_cls_full/visuals/dev_val/digital_1/scan/usa-NM-1038__3a400d69__clean_overlay.png,output/resnet18_localisation_attack_preserve_cls_full/visuals/dev_val/digital_1/scan/usa-NM-1038__3a400d69__adv_overlay.png,output/resnet18_localisation_attack_preserve_cls_full/visuals/dev_val/digital_1/scan/usa-NM-1038__3a400d69__paired.png,0.47251033782958984,0.5010422468185425,0.04620241651348039,0.029045553768382353
dev_val,digital_2,arabic-024_03,huawei,train/attack/digital_2/huawei/arabic-024_03.jpg,1.0,0.9999984502792358,1.5497207641601562e-06,0.9643481373786926,13.358942985534668,3.2976512908935547,True,1.0,0.25,10,0.0039215851575136185,0.0,10,0,0.41971415281295776,0.0013086737599223852,0.0696895644068718,0.41971415281295776,0.0013086737599223852,0.4184054790530354,0.9968819880121946,True,6.022625923156738,0.018778620287775993,6.003847302868962,0.9968819879355991,0.0,0.0,0.0,0.05427549034357071,0.9355147480964661,False,False,True,output/resnet18_localisation_attack_preserve_cls_full/visuals/dev_val/digital_2/huawei/arabic-024_03__098c5950__clean_overlay.png,output/resnet18_localisation_attack_preserve_cls_full/visuals/dev_val/digital_2/huawei/arabic-024_03__098c5950__adv_overlay.png,output/resnet18_localisation_attack_preserve_cls_full/visuals/dev_val/digital_2/huawei/arabic-024_03__098c5950__paired.png,0.673492968082428,0.5813938975334167,0.03621243630095923,0.03333427008393285
dev_val,digital_2,arabic-024_03,iphone15pro,train/attack/digital_2/iphone15pro/arabic-024_03.jpg,1.0,0.9999992847442627,7.152557373046875e-07,0.9806962609291077,14.23469352722168,3.9279656410217285,True,1.0,0.25,10,0.0039215851575136185,0.0,10,0,0.4460954964160919,0.010804223828017712,0.06931305676698685,0.4460955262184143,0.010804225690662861,0.43529130052775145,0.975780466165507,True,6.435952186584473,0.15587575733661652,6.280076429247856,0.9757804668497174,1.0,0.0,1.0,0.11051557213068008,0.8545341491699219,False,False,True,output/resnet18_localisation_attack_preserve_cls_full/visuals/dev_val/digital_2/iphone15pro/arabic-024_03__af120476__clean_overlay.png,output/resnet18_localisation_attack_preserve_cls_full/visuals/dev_val/digital_2/iphone15pro/arabic-024_03__af120476__adv_overlay.png,output/resnet18_localisation_attack_preserve_cls_full/visuals/dev_val/digital_2/iphone15pro/arabic-024_03__af120476__paired.png,0.7349644899368286,0.4257618486881256,0.03797876849568434,0.0417236629161529
dev_val,digital_2,arabic-024_03,scan,train/attack/digital_2/scan/arabic-024_03.jpg,1.0,0.9999996423721313,3.5762786865234375e-07,0.9245976209640503,14.92149543762207,2.5065195560455322,True,1.0,0.25,10,0.0039215851575136185,0.0,10,0,0.42420899868011475,0.06839748471975327,0.068115234375,0.42420899868011475,0.06839748471975327,0.3558115139603615,0.8387646539027569,True,6.227813720703125,1.0041437149047852,5.22367000579834,0.8387646516197635,1.0,0.0,1.0,0.4234577417373657,0.6580525636672974,False,False,True,output/resnet18_localisation_attack_preserve_cls_full/visuals/dev_val/digital_2/scan/arabic-024_03__fbed0fa8__clean_overlay.png,output/resnet18_localisation_attack_preserve_cls_full/visuals/dev_val/digital_2/scan/arabic-024_03__fbed0fa8__adv_overlay.png,output/resnet18_localisation_attack_preserve_cls_full/visuals/dev_val/digital_2/scan/arabic-024_03__fbed0fa8__paired.png,0.7772104740142822,0.518579363822937,0.02320995145631068,0.03628688182645631
dev_val,digital_2,arabic-120_03,huawei,train/attack/digital_2/huawei/arabic-120_03.jpg,1.0,0.9999915361404419,8.463859558105469e-06,0.7194598317146301,11.68321418762207,0.9417837858200073,True,1.0,0.25,10,0.0039215851575136185,0.0,10,0,0.558602511882782,0.005175256170332432,0.08492442220449448,0.558602511882782,0.005175256635993719,0.5534272552467883,0.9907353502250636,True,6.577642917633057,0.06093955785036087,6.516703359782696,0.9907353502442346,1.0,0.0,1.0,0.004772390704602003,0.9801425933837891,False,False,True,output/resnet18_localisation_attack_preserve_cls_full/visuals/dev_val/digital_2/huawei/arabic-120_03__98468458__clean_overlay.png,output/resnet18_localisation_attack_preserve_cls_full/visuals/dev_val/digital_2/huawei/arabic-120_03__98468458__adv_overlay.png,output/resnet18_localisation_attack_preserve_cls_full/visuals/dev_val/digital_2/huawei/arabic-120_03__98468458__paired.png,0.6475756764411926,0.6728065013885498,0.03724366706875754,0.026780665711700843
dev_val,digital_2,arabic-120_03,iphone15pro,train/attack/digital_2/iphone15pro/arabic-120_03.jpg,1.0,0.9999790191650391,2.09808349609375e-05,0.672653079032898,10.769096374511719,0.7202091217041016,True,1.0,0.25,10,0.0039215851575136185,0.0,10,0,0.5812207460403442,0.0,0.08251234889030457,0.5812206864356995,0.0,0.5812206864356995,1.0,True,7.044044494628906,0.0,7.044044494628906,1.0,1.0,0.0,1.0,0.0006965288775973022,0.9995770454406738,False,False,True,output/resnet18_localisation_attack_preserve_cls_full/visuals/dev_val/digital_2/iphone15pro/arabic-120_03__d6f31557__clean_overlay.png,output/resnet18_localisation_attack_preserve_cls_full/visuals/dev_val/digital_2/iphone15pro/arabic-120_03__d6f31557__adv_overlay.png,output/resnet18_localisation_attack_preserve_cls_full/visuals/dev_val/digital_2/iphone15pro/arabic-120_03__d6f31557__paired.png,0.8022725582122803,0.79207843542099,0.02254949831495098,0.016422047334558824
dev_val,digital_2,arabic-120_03,scan,train/attack/digital_2/scan/arabic-120_03.jpg,1.0,0.9999959468841553,4.0531158447265625e-06,0.8572810292243958,12.40422534942627,1.7928884029388428,True,1.0,0.25,10,0.0039215851575136185,0.0,7,0,0.5791480541229248,0.09799841791391373,0.08828268200159073,0.57914799451828,0.09799842536449432,0.4811495691537857,0.8307886303810706,True,6.560153961181641,1.1100525856018066,5.450101375579834,0.8307886381675927,1.0,0.0,1.0,0.07932038605213165,0.9408670663833618,False,False,True,output/resnet18_localisation_attack_preserve_cls_full/visuals/dev_val/digital_2/scan/arabic-120_03__e0ba0cf0__clean_overlay.png,output/resnet18_localisation_attack_preserve_cls_full/visuals/dev_val/digital_2/scan/arabic-120_03__e0ba0cf0__adv_overlay.png,output/resnet18_localisation_attack_preserve_cls_full/visuals/dev_val/digital_2/scan/arabic-120_03__e0ba0cf0__paired.png,0.769127368927002,0.6142075061798096,0.027539779681762546,0.023623967258261935
dev_val,digital_2,arabic-NF-1048,huawei,train/attack/digital_2/huawei/arabic-NF-1048.jpg,1.0,0.9999995231628418,4.76837158203125e-07,0.6918365359306335,14.534346580505371,0.8087193965911865,True,1.0,0.25,10,0.0039215851575136185,0.0,9,0,0.665306031703949,0.05495844781398773,0.11070948094129562,0.6653060913085938,0.05495844781398773,0.610347643494606,0.917393740216793,True,6.009477138519287,0.4964204430580139,5.513056695461273,0.917393737988272,1.0,0.0,1.0,0.05973406508564949,0.9048313498497009,False,False,True,output/resnet18_localisation_attack_preserve_cls_full/visuals/dev_val/digital_2/huawei/arabic-NF-1048__c09d0d82__clean_overlay.png,output/resnet18_localisation_attack_preserve_cls_full/visuals/dev_val/digital_2/huawei/arabic-NF-1048__c09d0d82__adv_overlay.png,output/resnet18_localisation_attack_preserve_cls_full/visuals/dev_val/digital_2/huawei/arabic-NF-1048__c09d0d82__paired.png,0.742483913898468,0.30543315410614014,0.028822815533980584,0.029704566140776698
dev_val,digital_2,arabic-NF-1048,iphone15pro,train/attack/digital_2/iphone15pro/arabic-NF-1048.jpg,1.0,0.9999997615814209,2.384185791015625e-07,0.951074481010437,15.329202651977539,2.967291831970215,True,1.0,0.25,10,0.0039215851575136185,0.0,8,0,0.7032065987586975,0.09960580617189407,0.10856255888938904,0.7032066583633423,0.09960581362247467,0.6036008447408676,0.8583548485529143,True,6.477432727813721,0.917496919631958,5.559935808181763,0.8583548516540698,1.0,0.0,1.0,0.061874911189079285,0.9246904253959656,False,False,True,output/resnet18_localisation_attack_preserve_cls_full/visuals/dev_val/digital_2/iphone15pro/arabic-NF-1048__b94c3b91__clean_overlay.png,output/resnet18_localisation_attack_preserve_cls_full/visuals/dev_val/digital_2/iphone15pro/arabic-NF-1048__b94c3b91__adv_overlay.png,output/resnet18_localisation_attack_preserve_cls_full/visuals/dev_val/digital_2/iphone15pro/arabic-NF-1048__b94c3b91__paired.png,0.7312608957290649,0.4157522916793823,0.032420943831942786,0.03480473405840286
dev_val,digital_2,arabic-NF-1048,scan,train/attack/digital_2/scan/arabic-NF-1048.jpg,1.0,0.9999823570251465,1.7642974853515625e-05,0.9738323092460632,10.945439338684082,3.616712808609009,True,1.0,0.25,10,0.0039215851575136185,0.0,8,0,0.6488068103790283,0.20011983811855316,0.10504157841205597,0.6488068699836731,0.20011985301971436,0.44868701696395874,0.6915571300520442,True,6.176667213439941,1.905148983001709,4.271518230438232,0.6915571266562242,0.0,1.0,-1.0,0.2503829598426819,0.7661392092704773,False,False,True,output/resnet18_localisation_attack_preserve_cls_full/visuals/dev_val/digital_2/scan/arabic-NF-1048__cdd8866c__clean_overlay.png,output/resnet18_localisation_attack_preserve_cls_full/visuals/dev_val/digital_2/scan/arabic-NF-1048__cdd8866c__adv_overlay.png,output/resnet18_localisation_attack_preserve_cls_full/visuals/dev_val/digital_2/scan/arabic-NF-1048__cdd8866c__paired.png,0.6385747194290161,0.5298449993133545,0.025426222660996353,0.03499487393681652
dev_val,digital_2,arabic-NF-1098,huawei,train/attack/digital_2/huawei/arabic-NF-1098.jpg,1.0,0.9999998807907104,1.1920928955078125e-07,0.7936990261077881,16.470735549926758,1.3473681211471558,True,1.0,0.25,10,0.0039215851575136185,0.0,10,0,0.5859782695770264,0.00700986897572875,0.11667602509260178,0.5859782695770264,0.0070098694413900375,0.5789684001356363,0.9880373218507745,True,5.022268295288086,0.060079775750637054,4.962188519537449,0.9880373225367103,1.0,0.0,1.0,0.022749222815036774,0.9548438191413879,False,False,True,output/resnet18_localisation_attack_preserve_cls_full/visuals/dev_val/digital_2/huawei/arabic-NF-1098__2b7e3738__clean_overlay.png,output/resnet18_localisation_attack_preserve_cls_full/visuals/dev_val/digital_2/huawei/arabic-NF-1098__2b7e3738__adv_overlay.png,output/resnet18_localisation_attack_preserve_cls_full/visuals/dev_val/digital_2/huawei/arabic-NF-1098__2b7e3738__paired.png,0.6286254525184631,0.4810163974761963,0.03349573690621194,0.030315069275274057
dev_val,digital_2,arabic-NF-1098,iphone15pro,train/attack/digital_2/iphone15pro/arabic-NF-1098.jpg,1.0,1.0,0.0,0.9994800686836243,17.793052673339844,7.561202526092529,True,1.0,0.25,10,0.0039215851575136185,0.0,10,0,0.5577025413513184,0.11048539727926254,0.12296510487794876,0.5577024817466736,0.11048541963100433,0.44721706211566925,0.8018918271889808,True,4.5354533195495605,0.8985103368759155,3.636942982673645,0.8018918344935912,1.0,0.0,1.0,0.4821242094039917,0.6698510646820068,False,False,True,output/resnet18_localisation_attack_preserve_cls_full/visuals/dev_val/digital_2/iphone15pro/arabic-NF-1098__bce26a91__clean_overlay.png,output/resnet18_localisation_attack_preserve_cls_full/visuals/dev_val/digital_2/iphone15pro/arabic-NF-1098__bce26a91__adv_overlay.png,output/resnet18_localisation_attack_preserve_cls_full/visuals/dev_val/digital_2/iphone15pro/arabic-NF-1098__bce26a91__paired.png,0.6850801706314087,0.7051382064819336,0.042464114832535885,0.036978543660287085
dev_val,digital_2,arabic-NF-1098,scan,train/attack/digital_2/scan/arabic-NF-1098.jpg,1.0,0.9999998807907104,1.1920928955078125e-07,0.9976053237915039,15.996232986450195,6.0321245193481445,True,1.0,0.25,10,0.0039215851575136185,0.0,10,0,0.5501385927200317,0.11851436644792557,0.12067504972219467,0.550138533115387,0.11851438134908676,0.4316241517663002,0.784573567901252,True,4.558842182159424,0.9820951223373413,3.5767470598220825,0.784573564274571,1.0,0.0,1.0,0.45836758613586426,0.6949933767318726,False,False,True,output/resnet18_localisation_attack_preserve_cls_full/visuals/dev_val/digital_2/scan/arabic-NF-1098__7c977c99__clean_overlay.png,output/resnet18_localisation_attack_preserve_cls_full/visuals/dev_val/digital_2/scan/arabic-NF-1098__7c977c99__adv_overlay.png,output/resnet18_localisation_attack_preserve_cls_full/visuals/dev_val/digital_2/scan/arabic-NF-1098__7c977c99__paired.png,0.6096752882003784,0.7253045439720154,0.03393822320341047,0.01737353456151035
dev_val,digital_2,arabic-NM-1090,huawei,train/attack/digital_2/huawei/arabic-NM-1090.jpg,1.0,1.0,0.0,0.9978598952293396,18.098575592041016,6.144780158996582,True,1.0,0.25,10,0.0039215851575136185,0.0,10,0,0.7823019027709961,0.014593027532100677,0.14355704188346863,0.7823019623756409,0.014593028463423252,0.7677089339122176,0.981346041343028,True,5.44941520690918,0.10165316611528397,5.347762040793896,0.9813460413171673,1.0,0.0,1.0,0.022635379806160927,0.950646698474884,False,False,True,output/resnet18_localisation_attack_preserve_cls_full/visuals/dev_val/digital_2/huawei/arabic-NM-1090__725b8ce3__clean_overlay.png,output/resnet18_localisation_attack_preserve_cls_full/visuals/dev_val/digital_2/huawei/arabic-NM-1090__725b8ce3__adv_overlay.png,output/resnet18_localisation_attack_preserve_cls_full/visuals/dev_val/digital_2/huawei/arabic-NM-1090__725b8ce3__paired.png,0.7472816705703735,0.5764195322990417,0.042270531400966184,0.035326086956521736
dev_val,digital_2,arabic-NM-1090,iphone15pro,train/attack/digital_2/iphone15pro/arabic-NM-1090.jpg,1.0,0.9999997615814209,2.384185791015625e-07,0.9419334530830383,15.446123123168945,2.7863454818725586,True,1.0,0.25,10,0.0039215851575136185,0.0,10,0,0.7658765316009521,0.008106188848614693,0.11594881117343903,0.7658765912055969,0.008106187917292118,0.7577704032883048,0.9894158040467957,True,6.60529899597168,0.06991177797317505,6.535387217998505,0.9894158041875453,1.0,0.0,1.0,0.0022743893787264824,0.9910306930541992,False,False,True,output/resnet18_localisation_attack_preserve_cls_full/visuals/dev_val/digital_2/iphone15pro/arabic-NM-1090__dcb62e3c__clean_overlay.png,output/resnet18_localisation_attack_preserve_cls_full/visuals/dev_val/digital_2/iphone15pro/arabic-NM-1090__dcb62e3c__adv_overlay.png,output/resnet18_localisation_attack_preserve_cls_full/visuals/dev_val/digital_2/iphone15pro/arabic-NM-1090__dcb62e3c__paired.png,0.7687598466873169,0.6454491019248962,0.03046241026841448,0.02759246254681648
dev_val,digital_2,arabic-NM-1090,scan,train/attack/digital_2/scan/arabic-NM-1090.jpg,1.0,1.0,0.0,0.9898592829704285,16.673887252807617,4.58099889755249,True,1.0,0.25,10,0.0039215851575136185,0.0,10,0,0.7636985182762146,0.021128220483660698,0.13180366158485413,0.7636985778808594,0.021128220483660698,0.7425703573971987,0.9723343461732139,True,5.794213771820068,0.16030070185661316,5.633913069963455,0.9723343479945062,1.0,0.0,1.0,0.049296505749225616,0.9354877471923828,False,False,True,output/resnet18_localisation_attack_preserve_cls_full/visuals/dev_val/digital_2/scan/arabic-NM-1090__871b8ecb__clean_overlay.png,output/resnet18_localisation_attack_preserve_cls_full/visuals/dev_val/digital_2/scan/arabic-NM-1090__871b8ecb__adv_overlay.png,output/resnet18_localisation_attack_preserve_cls_full/visuals/dev_val/digital_2/scan/arabic-NM-1090__871b8ecb__paired.png,0.7617166638374329,0.436116099357605,0.025459952570379436,0.03630374082007344
dev_val,digital_2,chinese-001_03,huawei,train/attack/digital_2/huawei/chinese-001_03.jpg,1.0,0.9999998807907104,1.1920928955078125e-07,0.6947651505470276,15.89097785949707,0.822492241859436,True,1.0,0.25,10,0.0039215851575136185,0.0,10,0,0.5183777809143066,0.01966744102537632,0.084808349609375,0.5183777809143066,0.01966744102537632,0.4987103398889303,0.9620596372963995,True,6.112343788146973,0.231904536485672,5.880439251661301,0.9620596379190287,0.0,0.0,0.0,0.16303867101669312,0.7952538728713989,False,False,True,output/resnet18_localisation_attack_preserve_cls_full/visuals/dev_val/digital_2/huawei/chinese-001_03__d8bde492__clean_overlay.png,output/resnet18_localisation_attack_preserve_cls_full/visuals/dev_val/digital_2/huawei/chinese-001_03__d8bde492__adv_overlay.png,output/resnet18_localisation_attack_preserve_cls_full/visuals/dev_val/digital_2/huawei/chinese-001_03__d8bde492__paired.png,0.6970579028129578,0.5054338574409485,0.030289870042067308,0.029327392578125
dev_val,digital_2,chinese-001_03,iphone15pro,train/attack/digital_2/iphone15pro/chinese-001_03.jpg,1.0,1.0,0.0,0.9895406365394592,17.22910499572754,4.549745559692383,True,1.0,0.25,10,0.0039215851575136185,0.0,10,0,0.5508123636245728,0.09484443813562393,0.09087247401475906,0.5508123636245728,0.09484441578388214,0.4559679478406906,0.8278099366547136,True,6.061377048492432,1.0437089204788208,5.017668128013611,0.8278099329362114,0.0,0.0,0.0,0.33014973998069763,0.6852898597717285,False,False,True,output/resnet18_localisation_attack_preserve_cls_full/visuals/dev_val/digital_2/iphone15pro/chinese-001_03__5fad7f36__clean_overlay.png,output/resnet18_localisation_attack_preserve_cls_full/visuals/dev_val/digital_2/iphone15pro/chinese-001_03__5fad7f36__adv_overlay.png,output/resnet18_localisation_attack_preserve_cls_full/visuals/dev_val/digital_2/iphone15pro/chinese-001_03__5fad7f36__paired.png,0.6725341081619263,0.5431569814682007,0.032220496894409936,0.03544254658385093
dev_val,digital_2,chinese-001_03,scan,train/attack/digital_2/scan/chinese-001_03.jpg,1.0,0.9999998807907104,1.1920928955078125e-07,0.9928941130638123,15.648504257202148,4.939695358276367,True,1.0,0.25,10,0.0039215851575136185,0.0,10,0,0.5708537101745605,0.10272888839244843,0.09042563289403915,0.5708537101745605,0.10272890329360962,0.4681248068809509,0.8200433815833547,True,6.312963485717773,1.1360595226287842,5.176903963088989,0.8200433876737977,1.0,0.0,1.0,0.2784997224807739,0.7534759044647217,False,False,True,output/resnet18_localisation_attack_preserve_cls_full/visuals/dev_val/digital_2/scan/chinese-001_03__4b7a86ad__clean_overlay.png,output/resnet18_localisation_attack_preserve_cls_full/visuals/dev_val/digital_2/scan/chinese-001_03__4b7a86ad__adv_overlay.png,output/resnet18_localisation_attack_preserve_cls_full/visuals/dev_val/digital_2/scan/chinese-001_03__4b7a86ad__paired.png,0.7001169323921204,0.6298688650131226,0.02891531211843712,0.03535657051282051
dev_val,digital_2,chinese-113_03,huawei,train/attack/digital_2/huawei/chinese-113_03.jpg,1.0,0.9999814033508301,1.8596649169921875e-05,0.5001412034034729,10.8914213180542,0.00056476891040802,True,1.0,0.25,10,0.003921577241271734,0.0,10,6,0.4820786714553833,0.1293582320213318,0.07827651500701904,0.4820786714553833,0.12935824692249298,0.3527204245328903,0.7316656915520371,True,6.158662796020508,1.6525804996490479,4.50608229637146,0.7316656952355174,1.0,0.0,1.0,0.5177464485168457,0.5550519227981567,False,False,True,output/resnet18_localisation_attack_preserve_cls_full/visuals/dev_val/digital_2/huawei/chinese-113_03__8d4683b8__clean_overlay.png,output/resnet18_localisation_attack_preserve_cls_full/visuals/dev_val/digital_2/huawei/chinese-113_03__8d4683b8__adv_overlay.png,output/resnet18_localisation_attack_preserve_cls_full/visuals/dev_val/digital_2/huawei/chinese-113_03__8d4683b8__paired.png,0.8404151201248169,0.5300032496452332,0.019962121212121212,0.019455492424242424
dev_val,digital_2,chinese-113_03,iphone15pro,train/attack/digital_2/iphone15pro/chinese-113_03.jpg,1.0,1.0,0.0,0.8448665142059326,20.457231521606445,1.6948926448822021,True,1.0,0.25,10,0.0039215851575136185,0.0,10,0,0.47084841132164,0.07795120030641556,0.07757076621055603,0.4708483815193176,0.07795119285583496,0.39289718866348267,0.8344452356312563,True,6.069920539855957,1.0049042701721191,5.065016269683838,0.8344452347318593,0.0,0.0,0.0,0.2861102223396301,0.7189592719078064,False,False,True,output/resnet18_localisation_attack_preserve_cls_full/visuals/dev_val/digital_2/iphone15pro/chinese-113_03__4c927153__clean_overlay.png,output/resnet18_localisation_attack_preserve_cls_full/visuals/dev_val/digital_2/iphone15pro/chinese-113_03__4c927153__adv_overlay.png,output/resnet18_localisation_attack_preserve_cls_full/visuals/dev_val/digital_2/iphone15pro/chinese-113_03__4c927153__paired.png,0.7783426642417908,0.5245954394340515,0.02785199814126394,0.030081029275092937
dev_val,digital_2,chinese-113_03,scan,train/attack/digital_2/scan/chinese-113_03.jpg,1.0,0.999998927116394,1.0728836059570312e-06,0.5004157423973083,13.793985366821289,0.0016630589962005615,True,1.0,0.25,10,0.0039215851575136185,0.0,10,2,0.4568353295326233,0.05226156488060951,0.07661762088537216,0.4568352699279785,0.05226156488060951,0.404573705047369,0.8856008536975511,True,5.962535381317139,0.6821089386940002,5.280426442623138,0.8856008568383001,1.0,0.0,1.0,0.33128607273101807,0.6991328001022339,False,False,True,output/resnet18_localisation_attack_preserve_cls_full/visuals/dev_val/digital_2/scan/chinese-113_03__9ea16bc9__clean_overlay.png,output/resnet18_localisation_attack_preserve_cls_full/visuals/dev_val/digital_2/scan/chinese-113_03__9ea16bc9__adv_overlay.png,output/resnet18_localisation_attack_preserve_cls_full/visuals/dev_val/digital_2/scan/chinese-113_03__9ea16bc9__paired.png,0.7974298596382141,0.5392892360687256,0.02361963190184049,0.025093462423312885
dev_val,digital_2,chinese-142_03,huawei,train/attack/digital_2/huawei/chinese-142_03.jpg,1.0,1.0,0.0,0.9989247918128967,24.866783142089844,6.8342084884643555,True,1.0,0.25,10,0.0039215851575136185,0.0,10,0,0.4896414875984192,0.04534073546528816,0.08744929730892181,0.4896414279937744,0.045340731739997864,0.44430069625377655,0.907400131713172,True,5.599146842956543,0.5184802412986755,5.080666601657867,0.9074001350847052,1.0,0.0,1.0,0.2337234616279602,0.7354797720909119,False,False,True,output/resnet18_localisation_attack_preserve_cls_full/visuals/dev_val/digital_2/huawei/chinese-142_03__17a1befb__clean_overlay.png,output/resnet18_localisation_attack_preserve_cls_full/visuals/dev_val/digital_2/huawei/chinese-142_03__17a1befb__adv_overlay.png,output/resnet18_localisation_attack_preserve_cls_full/visuals/dev_val/digital_2/huawei/chinese-142_03__17a1befb__paired.png,0.7390984892845154,0.41105765104293823,0.03750140850360577,0.038461538461538464
dev_val,digital_2,chinese-142_03,iphone15pro,train/attack/digital_2/iphone15pro/chinese-142_03.jpg,1.0,1.0,0.0,0.9855039715766907,21.102075576782227,4.219280242919922,True,1.0,0.25,10,0.0039215851575136185,0.0,10,0,0.4860125184059143,0.038032613694667816,0.08674386143684387,0.48601245880126953,0.038032613694667816,0.4479798451066017,0.9217455993032077,True,5.602845668792725,0.43844732642173767,5.164398342370987,0.9217455999432852,1.0,0.0,1.0,0.28330761194229126,0.6819106340408325,False,False,True,output/resnet18_localisation_attack_preserve_cls_full/visuals/dev_val/digital_2/iphone15pro/chinese-142_03__b76181f6__clean_overlay.png,output/resnet18_localisation_attack_preserve_cls_full/visuals/dev_val/digital_2/iphone15pro/chinese-142_03__b76181f6__adv_overlay.png,output/resnet18_localisation_attack_preserve_cls_full/visuals/dev_val/digital_2/iphone15pro/chinese-142_03__b76181f6__paired.png,0.7384511828422546,0.3750017285346985,0.03302688504326329,0.04124739261433869
dev_val,digital_2,chinese-142_03,scan,train/attack/digital_2/scan/chinese-142_03.jpg,1.0,1.0,0.0,0.9836000204086304,18.428131103515625,4.093934535980225,True,1.0,0.25,10,0.0039215851575136185,0.0,10,0,0.4815962314605713,0.056734245270490646,0.08413718640804291,0.4815962612628937,0.05673425644636154,0.42486200481653214,0.8821953968297286,True,5.723940849304199,0.6743065714836121,5.049634277820587,0.8821953983739051,1.0,0.0,1.0,0.25825491547584534,0.7441163063049316,False,False,True,output/resnet18_localisation_attack_preserve_cls_full/visuals/dev_val/digital_2/scan/chinese-142_03__91ef7aa5__clean_overlay.png,output/resnet18_localisation_attack_preserve_cls_full/visuals/dev_val/digital_2/scan/chinese-142_03__91ef7aa5__adv_overlay.png,output/resnet18_localisation_attack_preserve_cls_full/visuals/dev_val/digital_2/scan/chinese-142_03__91ef7aa5__paired.png,0.72395920753479,0.46931177377700806,0.03538546760391198,0.03405552796454768
dev_val,digital_2,chinese-NF-1050,huawei,train/attack/digital_2/huawei/chinese-NF-1050.jpg,1.0,0.9999151229858398,8.487701416015625e-05,0.9999992847442627,9.373783111572266,14.219380378723145,True,1.0,0.25,10,0.0019608272705227137,0.0,2,0,0.6270044445991516,0.3167419135570526,0.18487079441547394,0.6270044445991516,0.316741943359375,0.3102625012397766,0.49483301739293034,True,3.3915820121765137,1.7133152484893799,1.6782667636871338,0.49483301823803544,1.0,0.0,1.0,0.6948492527008057,0.5389761924743652,False,False,True,output/resnet18_localisation_attack_preserve_cls_full/visuals/dev_val/digital_2/huawei/chinese-NF-1050__c34f1752__clean_overlay.png,output/resnet18_localisation_attack_preserve_cls_full/visuals/dev_val/digital_2/huawei/chinese-NF-1050__c34f1752__adv_overlay.png,output/resnet18_localisation_attack_preserve_cls_full/visuals/dev_val/digital_2/huawei/chinese-NF-1050__c34f1752__paired.png,0.6734102368354797,0.8046622276306152,0.035337007962740384,0.024280254657451924
dev_val,digital_2,chinese-NF-1050,iphone15pro,train/attack/digital_2/iphone15pro/chinese-NF-1050.jpg,1.0,0.9999990463256836,9.5367431640625e-07,0.9610163569450378,13.812285423278809,3.204850673675537,True,1.0,0.25,10,0.0039215851575136185,0.0,9,0,0.625856876373291,0.09038245677947998,0.2003243863582611,0.625856876373291,0.09038244932889938,0.5354744270443916,0.8555860728851512,True,3.1242170333862305,0.45118045806884766,2.673036575317383,0.8555860706066797,1.0,0.0,1.0,0.22815653681755066,0.7957661151885986,False,False,True,output/resnet18_localisation_attack_preserve_cls_full/visuals/dev_val/digital_2/iphone15pro/chinese-NF-1050__63d8a3b3__clean_overlay.png,output/resnet18_localisation_attack_preserve_cls_full/visuals/dev_val/digital_2/iphone15pro/chinese-NF-1050__63d8a3b3__adv_overlay.png,output/resnet18_localisation_attack_preserve_cls_full/visuals/dev_val/digital_2/iphone15pro/chinese-NF-1050__63d8a3b3__paired.png,0.5679122805595398,0.4752703607082367,0.04263754675810474,0.033626870324189526
dev_val,digital_2,chinese-NF-1050,scan,train/attack/digital_2/scan/chinese-NF-1050.jpg,1.0,0.9999994039535522,5.960464477539062e-07,0.8301692008972168,14.297822952270508,1.5868269205093384,True,1.0,0.25,10,0.0039215851575136185,0.0,9,0,0.6722811460494995,0.11280082166194916,0.18507888913154602,0.6722811460494995,0.11280080676078796,0.5594803392887115,0.8322118544843402,True,3.6324031352996826,0.6094741821289062,3.0229289531707764,0.8322118555052335,1.0,0.0,1.0,0.2659183144569397,0.773953914642334,False,False,True,output/resnet18_localisation_attack_preserve_cls_full/visuals/dev_val/digital_2/scan/chinese-NF-1050__cf7e1120__clean_overlay.png,output/resnet18_localisation_attack_preserve_cls_full/visuals/dev_val/digital_2/scan/chinese-NF-1050__cf7e1120__adv_overlay.png,output/resnet18_localisation_attack_preserve_cls_full/visuals/dev_val/digital_2/scan/chinese-NF-1050__cf7e1120__paired.png,0.5297204852104187,0.5136579275131226,0.03637874388753056,0.02633137224938875
dev_val,digital_2,chinese-NF-1085,huawei,train/attack/digital_2/huawei/chinese-NF-1085.jpg,1.0,1.0,0.0,1.0,20.162498474121094,19.140472412109375,True,1.0,0.25,10,0.0029412410221993923,0.0,3,0,0.53733891248703,0.2070908397436142,0.11540594696998596,0.53733891248703,0.2070908397436142,0.33024807274341583,0.614599213027192,True,4.656076431274414,1.7944555282592773,2.8616209030151367,0.6145992114291566,1.0,0.0,1.0,0.4330936670303345,0.7036048173904419,False,False,True,output/resnet18_localisation_attack_preserve_cls_full/visuals/dev_val/digital_2/huawei/chinese-NF-1085__ca46c08a__clean_overlay.png,output/resnet18_localisation_attack_preserve_cls_full/visuals/dev_val/digital_2/huawei/chinese-NF-1085__ca46c08a__adv_overlay.png,output/resnet18_localisation_attack_preserve_cls_full/visuals/dev_val/digital_2/huawei/chinese-NF-1085__ca46c08a__paired.png,0.7084046006202698,0.7212101817131042,0.033875319645006015,0.04096156738868833
dev_val,digital_2,chinese-NF-1085,iphone15pro,train/attack/digital_2/iphone15pro/chinese-NF-1085.jpg,1.0,1.0,0.0,1.0,22.986434936523438,21.205425262451172,True,1.0,0.25,10,0.0039215851575136185,0.0,5,0,0.5494242906570435,0.17872066795825958,0.12557458877563477,0.5494242310523987,0.17872068285942078,0.3707035481929779,0.6747127761054715,True,4.375281810760498,1.4232232570648193,2.9520585536956787,0.6747127799712085,1.0,0.0,1.0,0.4556550979614258,0.6543729305267334,False,False,True,output/resnet18_localisation_attack_preserve_cls_full/visuals/dev_val/digital_2/iphone15pro/chinese-NF-1085__ddffe2a0__clean_overlay.png,output/resnet18_localisation_attack_preserve_cls_full/visuals/dev_val/digital_2/iphone15pro/chinese-NF-1085__ddffe2a0__adv_overlay.png,output/resnet18_localisation_attack_preserve_cls_full/visuals/dev_val/digital_2/iphone15pro/chinese-NF-1085__ddffe2a0__paired.png,0.620018720626831,0.679258406162262,0.05123029975278121,0.04579824629171817
dev_val,digital_2,chinese-NF-1085,scan,train/attack/digital_2/scan/chinese-NF-1085.jpg,1.0,1.0,0.0,0.9999039173126221,21.03282928466797,9.249879837036133,True,1.0,0.25,10,0.0039215851575136185,0.0,10,0,0.5641142129898071,0.150694340467453,0.11876484006643295,0.5641142129898071,0.150694340467453,0.4134198725223541,0.732865549214276,True,4.749841690063477,1.2688463926315308,3.480995297431946,0.7328655404903455,1.0,1.0,0.0,0.4332503080368042,0.5939602255821228,False,False,True,output/resnet18_localisation_attack_preserve_cls_full/visuals/dev_val/digital_2/scan/chinese-NF-1085__94c7891c__clean_overlay.png,output/resnet18_localisation_attack_preserve_cls_full/visuals/dev_val/digital_2/scan/chinese-NF-1085__94c7891c__adv_overlay.png,output/resnet18_localisation_attack_preserve_cls_full/visuals/dev_val/digital_2/scan/chinese-NF-1085__94c7891c__paired.png,0.7279597520828247,0.5768659114837646,0.0424038756127451,0.04718137254901961
dev_val,digital_2,chinese-NM-1092,huawei,train/attack/digital_2/huawei/chinese-NM-1092.jpg,1.0,0.9999992847442627,7.152557373046875e-07,0.9468900561332703,14.21948528289795,2.8808188438415527,True,1.0,0.25,10,0.0039215851575136185,0.0,9,0,0.7238802909851074,0.03632163628935814,0.1235678642988205,0.7238802313804626,0.03632163628935814,0.6875585950911045,0.9498236935962575,True,5.858159065246582,0.29394078254699707,5.564218282699585,0.949823693881787,1.0,0.0,1.0,0.07324671745300293,0.9017547369003296,False,False,True,output/resnet18_localisation_attack_preserve_cls_full/visuals/dev_val/digital_2/huawei/chinese-NM-1092__9de47aa6__clean_overlay.png,output/resnet18_localisation_attack_preserve_cls_full/visuals/dev_val/digital_2/huawei/chinese-NM-1092__9de47aa6__adv_overlay.png,output/resnet18_localisation_attack_preserve_cls_full/visuals/dev_val/digital_2/huawei/chinese-NM-1092__9de47aa6__paired.png,0.7072041034698486,0.4001995325088501,0.03404651988636364,0.039534427332535885
dev_val,digital_2,chinese-NM-1092,iphone15pro,train/attack/digital_2/iphone15pro/chinese-NM-1092.jpg,1.0,0.9999997615814209,2.384185791015625e-07,0.9785455465316772,15.347105026245117,3.8201346397399902,True,1.0,0.25,10,0.0039215851575136185,0.0,10,0,0.723752498626709,0.12588636577129364,0.12636670470237732,0.7237524390220642,0.12588636577129364,0.5978660732507706,0.8260643294806833,True,5.72739839553833,0.9961988925933838,4.731199502944946,0.8260643273271461,1.0,1.0,0.0,0.10479924827814102,0.8691501021385193,False,False,True,output/resnet18_localisation_attack_preserve_cls_full/visuals/dev_val/digital_2/iphone15pro/chinese-NM-1092__ffea6d30__clean_overlay.png,output/resnet18_localisation_attack_preserve_cls_full/visuals/dev_val/digital_2/iphone15pro/chinese-NM-1092__ffea6d30__adv_overlay.png,output/resnet18_localisation_attack_preserve_cls_full/visuals/dev_val/digital_2/iphone15pro/chinese-NM-1092__ffea6d30__paired.png,0.7316193580627441,0.3272842764854431,0.03507386011166253,0.04340977822580645
dev_val,digital_2,chinese-NM-1092,scan,train/attack/digital_2/scan/chinese-NM-1092.jpg,1.0,0.9999592304229736,4.076957702636719e-05,0.8537164926528931,10.107921600341797,1.7640528678894043,True,1.0,0.25,10,0.0039215851575136185,0.0,10,0,0.7629156112670898,0.10294560343027115,0.12616188824176788,0.7629156112670898,0.10294561088085175,0.6599700003862381,0.8650629121222538,True,6.047115802764893,0.8159801959991455,5.231135606765747,0.8650629122025315,1.0,1.0,0.0,0.1348070353269577,0.8549675345420837,False,False,True,output/resnet18_localisation_attack_preserve_cls_full/visuals/dev_val/digital_2/scan/chinese-NM-1092__58a08479__clean_overlay.png,output/resnet18_localisation_attack_preserve_cls_full/visuals/dev_val/digital_2/scan/chinese-NM-1092__58a08479__adv_overlay.png,output/resnet18_localisation_attack_preserve_cls_full/visuals/dev_val/digital_2/scan/chinese-NM-1092__58a08479__paired.png,0.7225582003593445,0.40053531527519226,0.03031620666058394,0.036239735401459854
dev_val,digital_2,french-019_03,huawei,train/attack/digital_2/huawei/french-019_03.jpg,1.0,0.9999998807907104,1.1920928955078125e-07,0.9841781258583069,16.54863739013672,4.1304144859313965,True,1.0,0.25,10,0.0039215851575136185,0.0,10,0,0.5210191011428833,0.011849310249090195,0.07415559142827988,0.5210191011428833,0.011849310249090195,0.5091697908937931,0.977257436007436,True,7.026025295257568,0.1597898304462433,6.866235464811325,0.9772574359283764,1.0,0.0,1.0,0.05671390891075134,0.9134325981140137,False,False,True,output/resnet18_localisation_attack_preserve_cls_full/visuals/dev_val/digital_2/huawei/french-019_03__0e88fbc9__clean_overlay.png,output/resnet18_localisation_attack_preserve_cls_full/visuals/dev_val/digital_2/huawei/french-019_03__0e88fbc9__adv_overlay.png,output/resnet18_localisation_attack_preserve_cls_full/visuals/dev_val/digital_2/huawei/french-019_03__0e88fbc9__paired.png,0.7273155450820923,0.37839388847351074,0.033444049401197606,0.04354416167664671
dev_val,digital_2,french-019_03,iphone15pro,train/attack/digital_2/iphone15pro/french-019_03.jpg,1.0,1.0,0.0,0.999534010887146,17.959819793701172,7.670711994171143,True,1.0,0.25,10,0.0039215851575136185,0.0,5,0,0.4402709901332855,0.07773207128047943,0.06839568167924881,0.4402709901332855,0.07773208618164062,0.3625389039516449,0.8234449056974924,True,6.437117099761963,1.1365058422088623,5.300611257553101,0.8234449017168122,0.0,1.0,-1.0,0.15499259531497955,0.8634998202323914,False,False,True,output/resnet18_localisation_attack_preserve_cls_full/visuals/dev_val/digital_2/iphone15pro/french-019_03__dba817be__clean_overlay.png,output/resnet18_localisation_attack_preserve_cls_full/visuals/dev_val/digital_2/iphone15pro/french-019_03__dba817be__adv_overlay.png,output/resnet18_localisation_attack_preserve_cls_full/visuals/dev_val/digital_2/iphone15pro/french-019_03__dba817be__paired.png,0.7299106121063232,0.5327947735786438,0.042876781288723666,0.04002575123915737
dev_val,digital_2,french-019_03,scan,train/attack/digital_2/scan/french-019_03.jpg,1.0,0.9999986886978149,1.3113021850585938e-06,0.9968104958534241,13.549358367919922,5.744701862335205,True,1.0,0.25,10,0.0039215851575136185,0.0,10,0,0.4441244304180145,0.13509835302829742,0.06933356076478958,0.44412440061569214,0.13509836792945862,0.3090260326862335,0.6958096250911434,True,6.405619144439697,1.9485276937484741,4.457091450691223,0.695809624360845,0.0,1.0,-1.0,0.28819793462753296,0.7433744668960571,False,False,True,output/resnet18_localisation_attack_preserve_cls_full/visuals/dev_val/digital_2/scan/french-019_03__5ebe8067__clean_overlay.png,output/resnet18_localisation_attack_preserve_cls_full/visuals/dev_val/digital_2/scan/french-019_03__5ebe8067__adv_overlay.png,output/resnet18_localisation_attack_preserve_cls_full/visuals/dev_val/digital_2/scan/french-019_03__5ebe8067__paired.png,0.6918392181396484,0.3950786590576172,0.040450121654501216,0.038900927615571776
dev_val,digital_2,french-114_03,huawei,train/attack/digital_2/huawei/french-114_03.jpg,1.0,1.0,0.0,0.9914105534553528,22.00347900390625,4.748587608337402,True,1.0,0.25,10,0.0039215851575136185,0.0,10,0,0.5510563850402832,0.11605072021484375,0.08308673650026321,0.5510563850402832,0.11605071276426315,0.43500567227602005,0.7894031973592328,True,6.632302284240723,1.3967417478561401,5.2355605363845825,0.7894031833900282,1.0,1.0,0.0,0.14452391862869263,0.8533614873886108,False,False,True,output/resnet18_localisation_attack_preserve_cls_full/visuals/dev_val/digital_2/huawei/french-114_03__cdc4093b__clean_overlay.png,output/resnet18_localisation_attack_preserve_cls_full/visuals/dev_val/digital_2/huawei/french-114_03__cdc4093b__adv_overlay.png,output/resnet18_localisation_attack_preserve_cls_full/visuals/dev_val/digital_2/huawei/french-114_03__cdc4093b__paired.png,0.7251687049865723,0.4876897931098938,0.043962982509047045,0.034861749849215924
dev_val,digital_2,french-114_03,iphone15pro,train/attack/digital_2/iphone15pro/french-114_03.jpg,1.0,1.0,0.0,0.9938941597938538,19.333145141601562,5.092397689819336,True,1.0,0.25,10,0.0039215851575136185,0.0,10,0,0.5765646696090698,0.09358024597167969,0.08186162263154984,0.5765647292137146,0.09358026087284088,0.4829844683408737,0.8376934000099864,True,7.043162822723389,1.1431517601013184,5.90001106262207,0.837693407227054,1.0,1.0,0.0,0.04386032000184059,0.9617151021957397,False,False,True,output/resnet18_localisation_attack_preserve_cls_full/visuals/dev_val/digital_2/iphone15pro/french-114_03__a7ce04ef__clean_overlay.png,output/resnet18_localisation_attack_preserve_cls_full/visuals/dev_val/digital_2/iphone15pro/french-114_03__a7ce04ef__adv_overlay.png,output/resnet18_localisation_attack_preserve_cls_full/visuals/dev_val/digital_2/iphone15pro/french-114_03__a7ce04ef__paired.png,0.7204248309135437,0.5372205376625061,0.036144928660049626,0.03760856079404466
dev_val,digital_2,french-114_03,scan,train/attack/digital_2/scan/french-114_03.jpg,1.0,1.0,0.0,0.9409765005111694,19.750104904174805,2.768982410430908,True,1.0,0.25,10,0.0039215851575136185,0.0,10,0,0.5271586775779724,0.1700330227613449,0.07827799767255783,0.5271586179733276,0.1700330376625061,0.35712558031082153,0.6774537456748755,True,6.734441757202148,2.1721689701080322,4.562272787094116,0.6774537447316986,1.0,1.0,0.0,0.31634971499443054,0.6987277865409851,False,False,True,output/resnet18_localisation_attack_preserve_cls_full/visuals/dev_val/digital_2/scan/french-114_03__920ee2ce__clean_overlay.png,output/resnet18_localisation_attack_preserve_cls_full/visuals/dev_val/digital_2/scan/french-114_03__920ee2ce__adv_overlay.png,output/resnet18_localisation_attack_preserve_cls_full/visuals/dev_val/digital_2/scan/french-114_03__920ee2ce__paired.png,0.7740830183029175,0.36168283224105835,0.029629169216646267,0.033760136168910646
dev_val,digital_2,french-124_03,huawei,train/attack/digital_2/huawei/french-124_03.jpg,1.0,0.9999604225158691,3.9577484130859375e-05,0.9233754277229309,10.138374328613281,2.489117383956909,True,1.0,0.25,10,0.0039215851575136185,0.0,10,0,0.5102235078811646,0.04163317754864693,0.07644921541213989,0.5102236270904541,0.04163317754864693,0.4685904495418072,0.9184020979466204,True,6.674020767211914,0.5445860624313354,6.129434704780579,0.9184021025066667,1.0,0.0,1.0,0.18475356698036194,0.8054100275039673,False,False,True,output/resnet18_localisation_attack_preserve_cls_full/visuals/dev_val/digital_2/huawei/french-124_03__b0226581__clean_overlay.png,output/resnet18_localisation_attack_preserve_cls_full/visuals/dev_val/digital_2/huawei/french-124_03__b0226581__adv_overlay.png,output/resnet18_localisation_attack_preserve_cls_full/visuals/dev_val/digital_2/huawei/french-124_03__b0226581__paired.png,0.7716164588928223,0.5149604082107544,0.03574148240072202,0.037050616726835135
dev_val,digital_2,french-124_03,iphone15pro,train/attack/digital_2/iphone15pro/french-124_03.jpg,1.0,1.0,0.0,0.9999613761901855,21.204193115234375,10.162797927856445,True,1.0,0.25,10,0.0039215851575136185,0.0,8,0,0.4591449797153473,0.14252923429012299,0.07500193268060684,0.4591449797153473,0.1425292193889618,0.3166157603263855,0.6895768750922103,True,6.121775150299072,1.9003405570983887,4.221434593200684,0.6895768775490636,0.0,1.0,-1.0,0.25908786058425903,0.7311402559280396,False,False,True,output/resnet18_localisation_attack_preserve_cls_full/visuals/dev_val/digital_2/iphone15pro/french-124_03__5db2303b__clean_overlay.png,output/resnet18_localisation_attack_preserve_cls_full/visuals/dev_val/digital_2/iphone15pro/french-124_03__5db2303b__adv_overlay.png,output/resnet18_localisation_attack_preserve_cls_full/visuals/dev_val/digital_2/iphone15pro/french-124_03__5db2303b__paired.png,0.6781649589538574,0.4140620827674866,0.0448952854269802,0.045422242419554455
dev_val,digital_2,french-124_03,scan,train/attack/digital_2/scan/french-124_03.jpg,1.0,0.9999980926513672,1.9073486328125e-06,0.9734914302825928,13.1893310546875,3.6034228801727295,True,1.0,0.25,10,0.0039215851575136185,0.0,10,0,0.5377770066261292,0.14969682693481445,0.08152267336845398,0.5377770066261292,0.14969681203365326,0.3880801945924759,0.7216377602813264,True,6.59665584564209,1.8362598419189453,4.7603960037231445,0.7216377684562667,0.0,0.0,0.0,0.35962098836898804,0.6808719635009766,False,False,True,output/resnet18_localisation_attack_preserve_cls_full/visuals/dev_val/digital_2/scan/french-124_03__ceb6c68f__clean_overlay.png,output/resnet18_localisation_attack_preserve_cls_full/visuals/dev_val/digital_2/scan/french-124_03__ceb6c68f__adv_overlay.png,output/resnet18_localisation_attack_preserve_cls_full/visuals/dev_val/digital_2/scan/french-124_03__ceb6c68f__paired.png,0.7716268301010132,0.5388546586036682,0.029645476772616138,0.0359346347799511
dev_val,digital_2,french-128_03,huawei,train/attack/digital_2/huawei/french-128_03.jpg,1.0,0.999998927116394,1.0728836059570312e-06,0.9966307282447815,13.783903121948242,5.689693927764893,True,1.0,0.25,10,0.0039215851575136185,0.0,10,0,0.43298202753067017,0.01560368575155735,0.06647928804159164,0.43298202753067017,0.01560368575155735,0.4173783417791128,0.9639622784332496,True,6.513036727905273,0.23471499979496002,6.278321728110313,0.9639622791025702,0.0,0.0,0.0,0.09767389297485352,0.8570532202720642,False,False,True,output/resnet18_localisation_attack_preserve_cls_full/visuals/dev_val/digital_2/huawei/french-128_03__1730da6f__clean_overlay.png,output/resnet18_localisation_attack_preserve_cls_full/visuals/dev_val/digital_2/huawei/french-128_03__1730da6f__adv_overlay.png,output/resnet18_localisation_attack_preserve_cls_full/visuals/dev_val/digital_2/huawei/french-128_03__1730da6f__paired.png,0.6751055121421814,0.5065262913703918,0.038782135856453556,0.04970691344993969
dev_val,digital_2,french-128_03,iphone15pro,train/attack/digital_2/iphone15pro/french-128_03.jpg,1.0,0.9998894929885864,0.00011050701141357422,0.8265873789787292,9.1107177734375,1.5616319179534912,True,1.0,0.25,10,0.0039215851575136185,0.0,10,0,0.44644254446029663,0.0,0.06855128705501556,0.44644254446029663,0.0,0.44644254446029663,1.0,True,6.512533187866211,0.0,6.512533187866211,1.0,0.0,0.0,0.0,0.18000528216362,0.8953055739402771,False,False,True,output/resnet18_localisation_attack_preserve_cls_full/visuals/dev_val/digital_2/iphone15pro/french-128_03__9f7824c7__clean_overlay.png,output/resnet18_localisation_attack_preserve_cls_full/visuals/dev_val/digital_2/iphone15pro/french-128_03__9f7824c7__adv_overlay.png,output/resnet18_localisation_attack_preserve_cls_full/visuals/dev_val/digital_2/iphone15pro/french-128_03__9f7824c7__paired.png,0.6953635215759277,0.6135493516921997,0.03684701492537314,0.01417959032960199
dev_val,digital_2,french-128_03,scan,train/attack/digital_2/scan/french-128_03.jpg,1.0,0.9999958276748657,4.172325134277344e-06,0.7905948162078857,12.37542724609375,1.328514575958252,True,1.0,0.25,10,0.0039215851575136185,0.0,10,0,0.44524911046028137,0.024677719920873642,0.07214877009391785,0.44524914026260376,0.024677718058228493,0.42057142220437527,0.9445754840903818,True,6.171264171600342,0.3420393466949463,5.8292248249053955,0.9445754812654134,0.0,0.0,0.0,0.11345206946134567,0.8203171491622925,False,False,True,output/resnet18_localisation_attack_preserve_cls_full/visuals/dev_val/digital_2/scan/french-128_03__63249a25__clean_overlay.png,output/resnet18_localisation_attack_preserve_cls_full/visuals/dev_val/digital_2/scan/french-128_03__63249a25__adv_overlay.png,output/resnet18_localisation_attack_preserve_cls_full/visuals/dev_val/digital_2/scan/french-128_03__63249a25__paired.png,0.6441400647163391,0.36957573890686035,0.040903540903540904,0.0308922847985348
dev_val,digital_2,french-NF-1047,huawei,train/attack/digital_2/huawei/french-NF-1047.jpg,1.0,1.0,0.0,0.5479589104652405,21.787918090820312,0.1924271434545517,True,1.0,0.25,10,0.0039215851575136185,0.0,10,0,0.6911889314651489,0.08668091893196106,0.10469827055931091,0.6911890506744385,0.08668092638254166,0.6045081242918968,0.8745915805553323,True,6.601723670959473,0.8279117345809937,5.773811936378479,0.8745915800409944,1.0,0.0,1.0,0.23568007349967957,0.7424783706665039,False,False,True,output/resnet18_localisation_attack_preserve_cls_full/visuals/dev_val/digital_2/huawei/french-NF-1047__89473802__clean_overlay.png,output/resnet18_localisation_attack_preserve_cls_full/visuals/dev_val/digital_2/huawei/french-NF-1047__89473802__adv_overlay.png,output/resnet18_localisation_attack_preserve_cls_full/visuals/dev_val/digital_2/huawei/french-NF-1047__89473802__paired.png,0.7529477477073669,0.38389989733695984,0.025233719274580336,0.02697841726618705
dev_val,digital_2,french-NF-1047,iphone15pro,train/attack/digital_2/iphone15pro/french-NF-1047.jpg,1.0,1.0,0.0,0.9998753070831299,29.226572036743164,8.989282608032227,True,1.0,0.25,10,0.0039215851575136185,0.0,10,0,0.6364964842796326,0.09887778759002686,0.10888975113630295,0.6364964246749878,0.09887778759002686,0.5376186370849609,0.8446530353402747,True,5.8453288078308105,0.9080541133880615,4.937274694442749,0.8446530309515576,1.0,1.0,0.0,0.14217332005500793,0.8654374480247498,False,False,True,output/resnet18_localisation_attack_preserve_cls_full/visuals/dev_val/digital_2/iphone15pro/french-NF-1047__0c0f3720__clean_overlay.png,output/resnet18_localisation_attack_preserve_cls_full/visuals/dev_val/digital_2/iphone15pro/french-NF-1047__0c0f3720__adv_overlay.png,output/resnet18_localisation_attack_preserve_cls_full/visuals/dev_val/digital_2/iphone15pro/french-NF-1047__0c0f3720__paired.png,0.7294166684150696,0.5313650965690613,0.0484083850931677,0.04233064829192547
dev_val,digital_2,french-NF-1047,scan,train/attack/digital_2/scan/french-NF-1047.jpg,1.0,1.0,0.0,0.9994900226593018,20.557151794433594,7.580563068389893,True,1.0,0.25,10,0.0039215851575136185,0.0,10,0,0.6642429232597351,0.15100295841693878,0.11076600849628448,0.6642428636550903,0.15100297331809998,0.5132398903369904,0.7726690317948096,True,5.996811389923096,1.3632609844207764,4.633550405502319,0.7726690242898803,0.0,1.0,-1.0,0.2571067214012146,0.7617369890213013,False,False,True,output/resnet18_localisation_attack_preserve_cls_full/visuals/dev_val/digital_2/scan/french-NF-1047__1e6938f1__clean_overlay.png,output/resnet18_localisation_attack_preserve_cls_full/visuals/dev_val/digital_2/scan/french-NF-1047__1e6938f1__adv_overlay.png,output/resnet18_localisation_attack_preserve_cls_full/visuals/dev_val/digital_2/scan/french-NF-1047__1e6938f1__paired.png,0.646044909954071,0.3251524865627289,0.033979611280487806,0.04661775914634146
dev_val,digital_2,french-NF-1082,huawei,train/attack/digital_2/huawei/french-NF-1082.jpg,0.994140625,0.9942969679832458,0.0001563429832458496,0.9723623394966125,5.161035537719727,3.5605483055114746,True,1.0,0.25,10,0.0039215851575136185,0.0,9,0,0.6782762408256531,4.571129920805106e-06,0.09151551127433777,0.6782761812210083,4.571129466057755e-06,0.6782716100915422,0.9999932606663884,True,7.411597728729248,4.994923074264079e-05,7.411547779498505,0.9999932606662463,1.0,0.0,1.0,0.010100973770022392,0.9816297292709351,False,False,True,output/resnet18_localisation_attack_preserve_cls_full/visuals/dev_val/digital_2/huawei/french-NF-1082__22d725a4__clean_overlay.png,output/resnet18_localisation_attack_preserve_cls_full/visuals/dev_val/digital_2/huawei/french-NF-1082__22d725a4__adv_overlay.png,output/resnet18_localisation_attack_preserve_cls_full/visuals/dev_val/digital_2/huawei/french-NF-1082__22d725a4__paired.png,0.6885070204734802,0.6291353702545166,0.029411764705882353,0.02701080432172869
dev_val,digital_2,french-NF-1082,iphone15pro,train/attack/digital_2/iphone15pro/french-NF-1082.jpg,1.0,0.9999971389770508,2.86102294921875e-06,0.9827013611793518,12.777682304382324,4.039679050445557,True,1.0,0.25,10,0.0039215851575136185,0.0,10,0,0.657875120639801,0.06079421937465668,0.09497100859880447,0.6578751802444458,0.06079421564936638,0.5970809645950794,0.9075900452320194,True,6.9271159172058105,0.6401344537734985,6.286981463432312,0.9075900473697126,1.0,0.0,1.0,0.1264704465866089,0.8594890832901001,False,False,True,output/resnet18_localisation_attack_preserve_cls_full/visuals/dev_val/digital_2/iphone15pro/french-NF-1082__98bb21c3__clean_overlay.png,output/resnet18_localisation_attack_preserve_cls_full/visuals/dev_val/digital_2/iphone15pro/french-NF-1082__98bb21c3__adv_overlay.png,output/resnet18_localisation_attack_preserve_cls_full/visuals/dev_val/digital_2/iphone15pro/french-NF-1082__98bb21c3__paired.png,0.7870858311653137,0.5672049522399902,0.033375817247820676,0.04271579234122042
dev_val,digital_2,french-NF-1082,scan,train/attack/digital_2/scan/french-NF-1082.jpg,0.99951171875,0.9996801614761353,0.0001684427261352539,0.8368926048278809,8.047372817993164,1.635286569595337,True,1.0,0.25,10,0.0039215851575136185,0.0,8,0,0.5932475924491882,0.10345219075679779,0.08950314670801163,0.5932475328445435,0.10345219820737839,0.48979533463716507,0.8256171454918004,True,6.628231048583984,1.1558499336242676,5.472381114959717,0.8256171329647303,0.0,1.0,-1.0,0.30466464161872864,0.7365938425064087,False,False,True,output/resnet18_localisation_attack_preserve_cls_full/visuals/dev_val/digital_2/scan/french-NF-1082__741d9721__clean_overlay.png,output/resnet18_localisation_attack_preserve_cls_full/visuals/dev_val/digital_2/scan/french-NF-1082__741d9721__adv_overlay.png,output/resnet18_localisation_attack_preserve_cls_full/visuals/dev_val/digital_2/scan/french-NF-1082__741d9721__paired.png,0.6376746892929077,0.4914064407348633,0.02684594131097561,0.027805830792682926
dev_val,digital_2,indian-014_03,huawei,train/attack/digital_2/huawei/indian-014_03.jpg,1.0,1.0,0.0,0.9959315657615662,19.51421356201172,5.50043249130249,True,1.0,0.25,10,0.003921577241271734,0.0,10,0,0.27335378527641296,0.00274834455922246,0.0677589625120163,0.27335378527641296,0.00274834455922246,0.2706054407171905,0.9899458331757017,True,4.03420877456665,0.040560606867074966,3.9936481676995754,0.9899458334623666,0.0,0.0,0.0,0.11028341203927994,0.8781439065933228,False,False,True,output/resnet18_localisation_attack_preserve_cls_full/visuals/dev_val/digital_2/huawei/indian-014_03__988e9f06__clean_overlay.png,output/resnet18_localisation_attack_preserve_cls_full/visuals/dev_val/digital_2/huawei/indian-014_03__988e9f06__adv_overlay.png,output/resnet18_localisation_attack_preserve_cls_full/visuals/dev_val/digital_2/huawei/indian-014_03__988e9f06__paired.png,0.6697470545768738,0.580251157283783,0.03934728128797084,0.043106394289185904
dev_val,digital_2,indian-014_03,iphone15pro,train/attack/digital_2/iphone15pro/indian-014_03.jpg,1.0,1.0,0.0,0.9999734163284302,18.559120178222656,10.535152435302734,True,1.0,0.25,10,0.0039215851575136185,0.0,10,0,0.27868035435676575,0.12004109472036362,0.0644434317946434,0.27868035435676575,0.12004108726978302,0.15863926708698273,0.5692517057872447,True,4.324418067932129,1.8627357482910156,2.4616823196411133,0.5692516960595931,1.0,0.0,1.0,0.5342636108398438,0.5194191932678223,False,False,True,output/resnet18_localisation_attack_preserve_cls_full/visuals/dev_val/digital_2/iphone15pro/indian-014_03__7946a12e__clean_overlay.png,output/resnet18_localisation_attack_preserve_cls_full/visuals/dev_val/digital_2/iphone15pro/indian-014_03__7946a12e__adv_overlay.png,output/resnet18_localisation_attack_preserve_cls_full/visuals/dev_val/digital_2/iphone15pro/indian-014_03__7946a12e__paired.png,0.7136363983154297,0.6000274419784546,0.03665623061414392,0.04826351194168735
dev_val,digital_2,indian-014_03,scan,train/attack/digital_2/scan/indian-014_03.jpg,1.0,0.9999998807907104,1.1920928955078125e-07,1.0,15.617446899414062,16.872976303100586,True,1.0,0.25,10,0.0039215851575136185,0.0,10,0,0.30804964900016785,0.18243464827537537,0.06871947646141052,0.30804961919784546,0.18243464827537537,0.1256149709224701,0.4077751215845316,True,4.482712268829346,2.654773712158203,1.8279385566711426,0.40777512520305176,0.0,0.0,0.0,0.5744225978851318,0.5319125652313232,False,False,True,output/resnet18_localisation_attack_preserve_cls_full/visuals/dev_val/digital_2/scan/indian-014_03__c28e03a7__clean_overlay.png,output/resnet18_localisation_attack_preserve_cls_full/visuals/dev_val/digital_2/scan/indian-014_03__c28e03a7__adv_overlay.png,output/resnet18_localisation_attack_preserve_cls_full/visuals/dev_val/digital_2/scan/indian-014_03__c28e03a7__paired.png,0.7049662470817566,0.6493017077445984,0.039606227106227104,0.04629311660561661
dev_val,digital_2,indian-021_03,huawei,train/attack/digital_2/huawei/indian-021_03.jpg,1.0,0.9999997615814209,2.384185791015625e-07,0.9994863271713257,15.530929565429688,7.573364734649658,True,1.0,0.25,10,0.0039215851575136185,0.0,9,0,0.30324122309684753,0.00536922924220562,0.06717623025178909,0.30324122309684753,0.0053692287765443325,0.2978719943203032,0.9822938691457872,True,4.514114856719971,0.07992750406265259,4.434187352657318,0.9822938700942294,0.0,0.0,0.0,0.20823195576667786,0.8095282316207886,False,False,True,output/resnet18_localisation_attack_preserve_cls_full/visuals/dev_val/digital_2/huawei/indian-021_03__7edc6039__clean_overlay.png,output/resnet18_localisation_attack_preserve_cls_full/visuals/dev_val/digital_2/huawei/indian-021_03__7edc6039__adv_overlay.png,output/resnet18_localisation_attack_preserve_cls_full/visuals/dev_val/digital_2/huawei/indian-021_03__7edc6039__paired.png,0.7227222323417664,0.4916435182094574,0.036057692307692304,0.043992262620192304
dev_val,digital_2,indian-021_03,iphone15pro,train/attack/digital_2/iphone15pro/indian-021_03.jpg,1.0,0.9999972581863403,2.7418136596679688e-06,0.9574613571166992,12.79483413696289,3.1138720512390137,True,1.0,0.25,10,0.0039215851575136185,0.0,10,0,0.3317468464374542,0.0505688302218914,0.048907991498708725,0.33174681663513184,0.0505688339471817,0.28117798268795013,0.8475679903726121,True,6.783079624176025,1.0339584350585938,5.749121189117432,0.8475679938396428,0.0,0.0,0.0,0.4060822129249573,0.6292076110839844,False,False,True,output/resnet18_localisation_attack_preserve_cls_full/visuals/dev_val/digital_2/iphone15pro/indian-021_03__2be780df__clean_overlay.png,output/resnet18_localisation_attack_preserve_cls_full/visuals/dev_val/digital_2/iphone15pro/indian-021_03__2be780df__adv_overlay.png,output/resnet18_localisation_attack_preserve_cls_full/visuals/dev_val/digital_2/iphone15pro/indian-021_03__2be780df__paired.png,0.8158634901046753,0.42645031213760376,0.020509022614622056,0.03460443773234201
dev_val,digital_2,indian-021_03,scan,train/attack/digital_2/scan/indian-021_03.jpg,1.0,0.9999908208847046,9.179115295410156e-06,0.9318428635597229,11.594406127929688,2.6153485774993896,True,1.0,0.25,10,0.0039215851575136185,0.0,10,0,0.31036376953125,0.08672936260700226,0.04848387837409973,0.3103637397289276,0.08672936260700226,0.22363437712192535,0.7205557495770869,True,6.4013800621032715,1.78882896900177,4.6125510931015015,0.7205557314754996,0.0,0.0,0.0,0.6614142656326294,0.4300859868526459,False,False,True,output/resnet18_localisation_attack_preserve_cls_full/visuals/dev_val/digital_2/scan/indian-021_03__3348e00a__clean_overlay.png,output/resnet18_localisation_attack_preserve_cls_full/visuals/dev_val/digital_2/scan/indian-021_03__3348e00a__adv_overlay.png,output/resnet18_localisation_attack_preserve_cls_full/visuals/dev_val/digital_2/scan/indian-021_03__3348e00a__paired.png,0.8066326379776001,0.6225191950798035,0.01950734394124847,0.024159462974296206
dev_val,digital_2,indian-NF-1061,huawei,train/attack/digital_2/huawei/indian-NF-1061.jpg,1.0,0.9999996423721313,3.5762786865234375e-07,0.9989660978317261,14.73274040222168,6.873399257659912,True,1.0,0.25,10,0.003921577241271734,0.0,10,0,0.5552101135253906,0.00464183185249567,0.11168666929006577,0.5552100539207458,0.004641832318156958,0.5505682216025889,0.9916395024092637,True,4.971139907836914,0.041561201214790344,4.929578706622124,0.9916395028131737,1.0,0.0,1.0,0.02207683026790619,0.9532039165496826,False,False,True,output/resnet18_localisation_attack_preserve_cls_full/visuals/dev_val/digital_2/huawei/indian-NF-1061__bac7a173__clean_overlay.png,output/resnet18_localisation_attack_preserve_cls_full/visuals/dev_val/digital_2/huawei/indian-NF-1061__bac7a173__adv_overlay.png,output/resnet18_localisation_attack_preserve_cls_full/visuals/dev_val/digital_2/huawei/indian-NF-1061__bac7a173__paired.png,0.7337405681610107,0.6332323551177979,0.027673988526570048,0.028504302536231884
dev_val,digital_2,indian-NF-1061,iphone15pro,train/attack/digital_2/iphone15pro/indian-NF-1061.jpg,1.0,1.0,0.0,0.9994295239448547,28.950763702392578,7.46842098236084,True,1.0,0.25,10,0.0039215851575136185,0.0,10,0,0.4931009113788605,0.09978470206260681,0.11292325705289841,0.4931009113788605,0.09978469461202621,0.39331621676683426,0.7976383894059377,True,4.366690635681152,0.8836504817008972,3.483040153980255,0.7976384050474283,0.0,0.0,0.0,0.13678377866744995,0.8551050424575806,False,False,True,output/resnet18_localisation_attack_preserve_cls_full/visuals/dev_val/digital_2/iphone15pro/indian-NF-1061__f9da0b76__clean_overlay.png,output/resnet18_localisation_attack_preserve_cls_full/visuals/dev_val/digital_2/iphone15pro/indian-NF-1061__f9da0b76__adv_overlay.png,output/resnet18_localisation_attack_preserve_cls_full/visuals/dev_val/digital_2/iphone15pro/indian-NF-1061__f9da0b76__paired.png,0.6632413864135742,0.4567070007324219,0.05070331982543641,0.0491276691084788
dev_val,digital_2,indian-NF-1061,scan,train/attack/digital_2/scan/indian-NF-1061.jpg,1.0,0.9999997615814209,2.384185791015625e-07,0.9644193053245544,15.451940536499023,3.299724578857422,True,1.0,0.25,10,0.0039215851575136185,0.0,10,0,0.55414217710495,0.22818098962306976,0.11605849862098694,0.5541422367095947,0.22818098962306976,0.32596124708652496,0.5882266780854482,True,4.7746806144714355,1.9660860300064087,2.808594584465027,0.5882266922634662,1.0,1.0,0.0,0.49040481448173523,0.5930901765823364,False,False,True,output/resnet18_localisation_attack_preserve_cls_full/visuals/dev_val/digital_2/scan/indian-NF-1061__beddcb39__clean_overlay.png,output/resnet18_localisation_attack_preserve_cls_full/visuals/dev_val/digital_2/scan/indian-NF-1061__beddcb39__adv_overlay.png,output/resnet18_localisation_attack_preserve_cls_full/visuals/dev_val/digital_2/scan/indian-NF-1061__beddcb39__paired.png,0.6617454290390015,0.5507266521453857,0.026267149390243903,0.02774390243902439
dev_val,digital_2,persian-144_03,huawei,train/attack/digital_2/huawei/persian-144_03.jpg,1.0,0.9999997615814209,2.384185791015625e-07,0.9982728958129883,15.026595115661621,6.359564781188965,True,1.0,0.25,10,0.003921577241271734,0.0,6,0,0.48660391569137573,0.10224559903144836,0.06455279886722565,0.4866039752960205,0.10224560648202896,0.38435836881399155,0.7898792207362694,True,7.538077354431152,1.583906650543213,5.9541707038879395,0.7898792256871527,0.0,1.0,-1.0,0.18272502720355988,0.8294860124588013,False,False,True,output/resnet18_localisation_attack_preserve_cls_full/visuals/dev_val/digital_2/huawei/persian-144_03__b65dc18f__clean_overlay.png,output/resnet18_localisation_attack_preserve_cls_full/visuals/dev_val/digital_2/huawei/persian-144_03__b65dc18f__adv_overlay.png,output/resnet18_localisation_attack_preserve_cls_full/visuals/dev_val/digital_2/huawei/persian-144_03__b65dc18f__paired.png,0.695363461971283,0.6105690598487854,0.030165457928311056,0.03748671020656136
dev_val,digital_2,persian-144_03,iphone15pro,train/attack/digital_2/iphone15pro/persian-144_03.jpg,1.0,0.9999997615814209,2.384185791015625e-07,0.9879806637763977,15.209352493286133,4.409143924713135,True,1.0,0.25,10,0.0039215851575136185,0.0,10,0,0.5173132419586182,0.10978443175554276,0.06479492038488388,0.5173131823539734,0.10978443920612335,0.40752874314785004,0.7877795444791064,True,7.983853816986084,1.6943371295928955,6.2895166873931885,0.7877795400025861,0.0,0.0,0.0,0.3048696517944336,0.7266192436218262,False,False,True,output/resnet18_localisation_attack_preserve_cls_full/visuals/dev_val/digital_2/iphone15pro/persian-144_03__edd5a6a6__clean_overlay.png,output/resnet18_localisation_attack_preserve_cls_full/visuals/dev_val/digital_2/iphone15pro/persian-144_03__edd5a6a6__adv_overlay.png,output/resnet18_localisation_attack_preserve_cls_full/visuals/dev_val/digital_2/iphone15pro/persian-144_03__edd5a6a6__paired.png,0.663841724395752,0.5601406693458557,0.030478050595238095,0.04309663318452381
dev_val,digital_2,persian-144_03,scan,train/attack/digital_2/scan/persian-144_03.jpg,1.0,0.9999991655349731,8.344650268554688e-07,0.970234215259552,14.019418716430664,3.4841761589050293,True,1.0,0.25,10,0.0039215851575136185,0.0,9,0,0.5021227598190308,0.13464415073394775,0.06428380310535431,0.5021228194236755,0.13464415073394775,0.3674786686897278,0.7318501658847351,True,7.811031341552734,2.094526767730713,5.7165045738220215,0.7318501647038139,0.0,1.0,-1.0,0.24134524166584015,0.7687901258468628,False,False,True,output/resnet18_localisation_attack_preserve_cls_full/visuals/dev_val/digital_2/scan/persian-144_03__404dbd1b__clean_overlay.png,output/resnet18_localisation_attack_preserve_cls_full/visuals/dev_val/digital_2/scan/persian-144_03__404dbd1b__adv_overlay.png,output/resnet18_localisation_attack_preserve_cls_full/visuals/dev_val/digital_2/scan/persian-144_03__404dbd1b__paired.png,0.7032659649848938,0.5176547169685364,0.0219017094017094,0.038890796703296704
dev_val,digital_2,persian-NF-1018,huawei,train/attack/digital_2/huawei/persian-NF-1018.jpg,1.0,0.9999986886978149,1.3113021850585938e-06,0.502592146396637,13.5160551071167,0.010368742048740387,True,1.0,0.25,10,0.0039215851575136185,0.0,10,3,0.6072161197662354,0.07839614152908325,0.09060055762529373,0.6072160601615906,0.07839614897966385,0.5288199111819267,0.8708924975423059,True,6.702122688293457,0.865294337272644,5.836828351020813,0.870892495181557,0.0,0.0,0.0,0.26957133412361145,0.7084051966667175,False,False,True,output/resnet18_localisation_attack_preserve_cls_full/visuals/dev_val/digital_2/huawei/persian-NF-1018__272b39b3__clean_overlay.png,output/resnet18_localisation_attack_preserve_cls_full/visuals/dev_val/digital_2/huawei/persian-NF-1018__272b39b3__adv_overlay.png,output/resnet18_localisation_attack_preserve_cls_full/visuals/dev_val/digital_2/huawei/persian-NF-1018__272b39b3__paired.png,0.6392298340797424,0.5667100548744202,0.023345837093862815,0.017328989921780988
dev_val,digital_2,persian-NF-1018,iphone15pro,train/attack/digital_2/iphone15pro/persian-NF-1018.jpg,1.0,0.9999998807907104,1.1920928955078125e-07,0.5024049282073975,16.042394638061523,0.009619876742362976,True,1.0,0.25,10,0.0039215851575136185,0.0,10,3,0.6019647121429443,0.09379703551530838,0.09188432991504669,0.6019646525382996,0.09379701316356659,0.508167639374733,0.8441818589047488,True,6.551331043243408,1.0208162069320679,5.53051483631134,0.8441818616409459,0.0,0.0,0.0,0.44552531838417053,0.6266958713531494,False,False,True,output/resnet18_localisation_attack_preserve_cls_full/visuals/dev_val/digital_2/iphone15pro/persian-NF-1018__1d204f60__clean_overlay.png,output/resnet18_localisation_attack_preserve_cls_full/visuals/dev_val/digital_2/iphone15pro/persian-NF-1018__1d204f60__adv_overlay.png,output/resnet18_localisation_attack_preserve_cls_full/visuals/dev_val/digital_2/iphone15pro/persian-NF-1018__1d204f60__paired.png,0.6910935044288635,0.6441672444343567,0.023865049751243782,0.021299751243781095
dev_val,digital_2,persian-NF-1018,scan,train/attack/digital_2/scan/persian-NF-1018.jpg,1.0,0.9999992847442627,7.152557373046875e-07,0.5024210214614868,14.147829055786133,0.009684152901172638,True,1.0,0.25,10,0.0039215851575136185,0.0,10,3,0.6203687787055969,0.12758755683898926,0.09226609766483307,0.6203686594963074,0.12758755683898926,0.4927811026573181,0.7943359083571683,True,6.723690032958984,1.3828215599060059,5.3408684730529785,0.7943359147837681,0.0,0.0,0.0,0.5163629055023193,0.5869938135147095,False,False,True,output/resnet18_localisation_attack_preserve_cls_full/visuals/dev_val/digital_2/scan/persian-NF-1018__474eca13__clean_overlay.png,output/resnet18_localisation_attack_preserve_cls_full/visuals/dev_val/digital_2/scan/persian-NF-1018__474eca13__adv_overlay.png,output/resnet18_localisation_attack_preserve_cls_full/visuals/dev_val/digital_2/scan/persian-NF-1018__474eca13__paired.png,0.718636155128479,0.6022012233734131,0.02333984375,0.021403391768292684
dev_val,digital_2,persian-NF-1097,huawei,train/attack/digital_2/huawei/persian-NF-1097.jpg,1.0,0.9999737739562988,2.6226043701171875e-05,0.9363546967506409,10.547689437866211,2.688668727874756,True,1.0,0.25,10,0.0039215851575136185,0.0,6,0,0.6512964367866516,0.10385540872812271,0.08321204781532288,0.6512963771820068,0.1038554236292839,0.5474409535527229,0.840540455516366,True,7.826948165893555,1.2480815649032593,6.578866600990295,0.840540458624492,1.0,0.0,1.0,0.017156144604086876,0.9714232087135315,False,False,True,output/resnet18_localisation_attack_preserve_cls_full/visuals/dev_val/digital_2/huawei/persian-NF-1097__d8fa9c81__clean_overlay.png,output/resnet18_localisation_attack_preserve_cls_full/visuals/dev_val/digital_2/huawei/persian-NF-1097__d8fa9c81__adv_overlay.png,output/resnet18_localisation_attack_preserve_cls_full/visuals/dev_val/digital_2/huawei/persian-NF-1097__d8fa9c81__paired.png,0.7653014063835144,0.514517068862915,0.025963416466346152,0.03401536207932692
dev_val,digital_2,persian-NF-1097,iphone15pro,train/attack/digital_2/iphone15pro/persian-NF-1097.jpg,0.99951171875,0.999705970287323,0.00019425153732299805,0.5005602836608887,8.131624221801758,0.002241082489490509,True,1.0,0.25,10,0.0039215851575136185,0.0,10,6,0.6434149742126465,0.19579049944877625,0.0897689089179039,0.6434150338172913,0.19579049944877625,0.447624534368515,0.695701080704971,True,7.167459487915039,2.1810503005981445,4.9864091873168945,0.6957010633578626,1.0,0.0,1.0,0.5486494302749634,0.5533684492111206,False,False,True,output/resnet18_localisation_attack_preserve_cls_full/visuals/dev_val/digital_2/iphone15pro/persian-NF-1097__0141c78a__clean_overlay.png,output/resnet18_localisation_attack_preserve_cls_full/visuals/dev_val/digital_2/iphone15pro/persian-NF-1097__0141c78a__adv_overlay.png,output/resnet18_localisation_attack_preserve_cls_full/visuals/dev_val/digital_2/iphone15pro/persian-NF-1097__0141c78a__paired.png,0.8104888200759888,0.6720595359802246,0.02215794962917182,0.020219310105067986
dev_val,digital_2,persian-NF-1097,scan,train/attack/digital_2/scan/persian-NF-1097.jpg,1.0,0.9999675750732422,3.24249267578125e-05,0.5020307898521423,10.33723258972168,0.00812312588095665,True,1.0,0.25,10,0.0039215851575136185,0.0,10,3,0.6855291128158569,0.15919356048107147,0.09299349039793015,0.6855289936065674,0.15919354557991028,0.5263354480266571,0.76777999608391,True,7.371795654296875,1.7118784189224243,5.659917235374451,0.7677799956480611,1.0,0.0,1.0,0.45682477951049805,0.6177036762237549,False,False,True,output/resnet18_localisation_attack_preserve_cls_full/visuals/dev_val/digital_2/scan/persian-NF-1097__23f519e0__clean_overlay.png,output/resnet18_localisation_attack_preserve_cls_full/visuals/dev_val/digital_2/scan/persian-NF-1097__23f519e0__adv_overlay.png,output/resnet18_localisation_attack_preserve_cls_full/visuals/dev_val/digital_2/scan/persian-NF-1097__23f519e0__paired.png,0.8039796352386475,0.62602698802948,0.0212488580998782,0.019702535018270403
dev_val,digital_2,persian-NM-1035,huawei,train/attack/digital_2/huawei/persian-NM-1035.jpg,0.9951171875,0.9950791597366333,3.802776336669922e-05,0.5009480714797974,5.3093390464782715,0.0037922244518995285,True,1.0,0.25,10,0.0019608272705227137,0.0,10,8,0.8363931775093079,0.3401016294956207,0.1343085616827011,0.8363931179046631,0.34010159969329834,0.49629151821136475,0.5933711165087981,True,6.227399826049805,2.532240629196167,3.6951591968536377,0.5933711179738992,1.0,0.0,1.0,0.3887493312358856,0.6684489846229553,False,False,True,output/resnet18_localisation_attack_preserve_cls_full/visuals/dev_val/digital_2/huawei/persian-NM-1035__2f2cf812__clean_overlay.png,output/resnet18_localisation_attack_preserve_cls_full/visuals/dev_val/digital_2/huawei/persian-NM-1035__2f2cf812__adv_overlay.png,output/resnet18_localisation_attack_preserve_cls_full/visuals/dev_val/digital_2/huawei/persian-NM-1035__2f2cf812__paired.png,0.731255829334259,0.45426562428474426,0.025046648823884198,0.021201654855247287
dev_val,digital_2,persian-NM-1035,iphone15pro,train/attack/digital_2/iphone15pro/persian-NM-1035.jpg,0.99951171875,0.9997372031211853,0.00022548437118530273,0.5000491142272949,8.243908882141113,0.00019647181034088135,True,1.0,0.25,10,0.0039215851575136185,0.0,10,5,0.7862884402275085,0.03942083567380905,0.11372580379247665,0.7862884402275085,0.03942083939909935,0.7468676008284092,0.94986465858802,True,6.913896560668945,0.3466305732727051,6.56726598739624,0.949864657327305,1.0,0.0,1.0,0.07283768057823181,0.9080585837364197,False,False,True,output/resnet18_localisation_attack_preserve_cls_full/visuals/dev_val/digital_2/iphone15pro/persian-NM-1035__7e808dc5__clean_overlay.png,output/resnet18_localisation_attack_preserve_cls_full/visuals/dev_val/digital_2/iphone15pro/persian-NM-1035__7e808dc5__adv_overlay.png,output/resnet18_localisation_attack_preserve_cls_full/visuals/dev_val/digital_2/iphone15pro/persian-NM-1035__7e808dc5__paired.png,0.6813375353813171,0.4061335623264313,0.02643034825870647,0.02164227689676617
dev_val,digital_2,persian-NM-1035,scan,train/attack/digital_2/scan/persian-NM-1035.jpg,0.99951171875,0.9997320771217346,0.00022035837173461914,0.5007129311561584,8.224504470825195,0.0028516054153442383,True,1.0,0.25,10,0.0039215851575136185,0.0,10,4,0.8466895222663879,0.11563291400671005,0.12998178601264954,0.8466895222663879,0.11563292890787125,0.7310565933585167,0.8634293612157273,True,6.513909339904785,0.8896087408065796,5.624300599098206,0.863429364090661,1.0,0.0,1.0,0.08277762681245804,0.8844770789146423,False,False,True,output/resnet18_localisation_attack_preserve_cls_full/visuals/dev_val/digital_2/scan/persian-NM-1035__ff9a6a72__clean_overlay.png,output/resnet18_localisation_attack_preserve_cls_full/visuals/dev_val/digital_2/scan/persian-NM-1035__ff9a6a72__adv_overlay.png,output/resnet18_localisation_attack_preserve_cls_full/visuals/dev_val/digital_2/scan/persian-NM-1035__ff9a6a72__paired.png,0.7797585129737854,0.3905361592769623,0.02492559523809524,0.024284092643467644
dev_val,digital_2,portugal-013_03,huawei,train/attack/digital_2/huawei/portugal-013_03.jpg,1.0,0.9999973773956299,2.6226043701171875e-06,0.910228967666626,12.829720497131348,2.3164329528808594,True,1.0,0.25,10,0.0039215851575136185,0.0,9,0,0.45882144570350647,0.11568762362003326,0.0722443163394928,0.45882144570350647,0.11568761616945267,0.3431338295340538,0.7478591786570264,True,6.350969314575195,1.6013386249542236,4.749630689620972,0.7478591777668927,0.0,0.0,0.0,0.5381096601486206,0.5494062304496765,False,False,True,output/resnet18_localisation_attack_preserve_cls_full/visuals/dev_val/digital_2/huawei/portugal-013_03__1649c585__clean_overlay.png,output/resnet18_localisation_attack_preserve_cls_full/visuals/dev_val/digital_2/huawei/portugal-013_03__1649c585__adv_overlay.png,output/resnet18_localisation_attack_preserve_cls_full/visuals/dev_val/digital_2/huawei/portugal-013_03__1649c585__paired.png,0.7528421878814697,0.47273486852645874,0.023818655303030303,0.036929450757575755
dev_val,digital_2,portugal-013_03,iphone15pro,train/attack/digital_2/iphone15pro/portugal-013_03.jpg,1.0,1.0,0.0,0.8609196543693542,18.410781860351562,1.8229494094848633,True,1.0,0.25,10,0.0039215851575136185,0.0,10,0,0.44273632764816284,0.08121306449174881,0.07123079150915146,0.44273632764816284,0.08121307939291,0.36152324825525284,0.8165655847029362,True,6.215518474578857,1.1401400566101074,5.07537841796875,0.8165655751369383,0.0,0.0,0.0,0.31619003415107727,0.7245185971260071,False,False,True,output/resnet18_localisation_attack_preserve_cls_full/visuals/dev_val/digital_2/iphone15pro/portugal-013_03__938ada69__clean_overlay.png,output/resnet18_localisation_attack_preserve_cls_full/visuals/dev_val/digital_2/iphone15pro/portugal-013_03__938ada69__adv_overlay.png,output/resnet18_localisation_attack_preserve_cls_full/visuals/dev_val/digital_2/iphone15pro/portugal-013_03__938ada69__paired.png,0.7276095747947693,0.47170737385749817,0.036151458084725537,0.04245366572195704
dev_val,digital_2,portugal-013_03,scan,train/attack/digital_2/scan/portugal-013_03.jpg,1.0,0.9999589920043945,4.100799560546875e-05,0.5040868520736694,10.102432250976562,0.016347870230674744,True,1.0,0.25,10,0.0039215851575136185,0.0,10,4,0.47013893723487854,0.11419913917779922,0.07308536767959595,0.47013890743255615,0.11419911682605743,0.3559397906064987,0.7570949457263545,True,6.432736396789551,1.5625442266464233,4.870192170143127,0.7570949390330595,0.0,0.0,0.0,0.5259060859680176,0.5489506721496582,False,False,True,output/resnet18_localisation_attack_preserve_cls_full/visuals/dev_val/digital_2/scan/portugal-013_03__b473e0fc__clean_overlay.png,output/resnet18_localisation_attack_preserve_cls_full/visuals/dev_val/digital_2/scan/portugal-013_03__b473e0fc__adv_overlay.png,output/resnet18_localisation_attack_preserve_cls_full/visuals/dev_val/digital_2/scan/portugal-013_03__b473e0fc__paired.png,0.7274908423423767,0.4440567195415497,0.02281021897810219,0.03136405109489051
dev_val,digital_2,portugal-017_03,huawei,train/attack/digital_2/huawei/portugal-017_03.jpg,1.0,0.9999997615814209,2.384185791015625e-07,0.9120638370513916,15.119428634643555,2.339099168777466,True,1.0,0.25,10,0.0039215851575136185,0.0,7,0,0.4780513346195221,0.12762999534606934,0.06929828971624374,0.4780513644218445,0.12762996554374695,0.35042139887809753,0.7330203926975448,True,6.898458480834961,1.841747760772705,5.056710720062256,0.7330203891363005,1.0,0.0,1.0,0.41697803139686584,0.6468755602836609,False,False,True,output/resnet18_localisation_attack_preserve_cls_full/visuals/dev_val/digital_2/huawei/portugal-017_03__dce2dffa__clean_overlay.png,output/resnet18_localisation_attack_preserve_cls_full/visuals/dev_val/digital_2/huawei/portugal-017_03__dce2dffa__adv_overlay.png,output/resnet18_localisation_attack_preserve_cls_full/visuals/dev_val/digital_2/huawei/portugal-017_03__dce2dffa__paired.png,0.7028186321258545,0.5097839832305908,0.027409638554216867,0.03609280873493976
dev_val,digital_2,portugal-017_03,iphone15pro,train/attack/digital_2/iphone15pro/portugal-017_03.jpg,1.0,1.0,0.0,0.5014725923538208,18.0738468170166,0.005890220403671265,True,1.0,0.25,10,0.0039215851575136185,0.0,10,1,0.4364742636680603,0.05586736649274826,0.0631486177444458,0.4364743232727051,0.05586736649274826,0.3806069567799568,0.8720030858313678,True,6.911858081817627,0.8846965432167053,6.027161538600922,0.872003080395416,0.0,0.0,0.0,0.27014362812042236,0.7435333728790283,False,False,True,output/resnet18_localisation_attack_preserve_cls_full/visuals/dev_val/digital_2/iphone15pro/portugal-017_03__271dc7a0__clean_overlay.png,output/resnet18_localisation_attack_preserve_cls_full/visuals/dev_val/digital_2/iphone15pro/portugal-017_03__271dc7a0__adv_overlay.png,output/resnet18_localisation_attack_preserve_cls_full/visuals/dev_val/digital_2/iphone15pro/portugal-017_03__271dc7a0__paired.png,0.7132270336151123,0.4995594322681427,0.03330235439900867,0.033953396065675344
dev_val,digital_2,portugal-017_03,scan,train/attack/digital_2/scan/portugal-017_03.jpg,1.0,0.9999977350234985,2.2649765014648438e-06,0.5016711354255676,13.022200584411621,0.006684616208076477,True,1.0,0.25,10,0.0039215851575136185,0.0,10,3,0.4520610272884369,0.10545363277196884,0.06523580849170685,0.4520609974861145,0.10545363277196884,0.34660736471414566,0.7667269829549762,True,6.929644584655762,1.6164991855621338,5.313145399093628,0.7667269705084832,0.0,0.0,0.0,0.5574919581413269,0.5136849880218506,False,False,True,output/resnet18_localisation_attack_preserve_cls_full/visuals/dev_val/digital_2/scan/portugal-017_03__f6137f1d__clean_overlay.png,output/resnet18_localisation_attack_preserve_cls_full/visuals/dev_val/digital_2/scan/portugal-017_03__f6137f1d__adv_overlay.png,output/resnet18_localisation_attack_preserve_cls_full/visuals/dev_val/digital_2/scan/portugal-017_03__f6137f1d__paired.png,0.7546877264976501,0.5994728803634644,0.020833333333333332,0.024634267769607844
dev_val,digital_2,portugal-029_03,huawei,train/attack/digital_2/huawei/portugal-029_03.jpg,1.0,0.9999997615814209,2.384185791015625e-07,0.9542131423950195,15.125596046447754,3.0368893146514893,True,1.0,0.25,10,0.0039215851575136185,0.0,10,0,0.4275718629360199,0.03653356432914734,0.06698001176118851,0.4275718331336975,0.03653356805443764,0.3910382650792599,0.9145557185404822,True,6.383573532104492,0.5454398989677429,5.838133633136749,0.9145557114326955,0.0,0.0,0.0,0.31930506229400635,0.6969088315963745,False,False,True,output/resnet18_localisation_attack_preserve_cls_full/visuals/dev_val/digital_2/huawei/portugal-029_03__87ac7a25__clean_overlay.png,output/resnet18_localisation_attack_preserve_cls_full/visuals/dev_val/digital_2/huawei/portugal-029_03__87ac7a25__adv_overlay.png,output/resnet18_localisation_attack_preserve_cls_full/visuals/dev_val/digital_2/huawei/portugal-029_03__87ac7a25__paired.png,0.7094485759735107,0.4812847971916199,0.03237410071942446,0.03733653702038369
dev_val,digital_2,portugal-029_03,iphone15pro,train/attack/digital_2/iphone15pro/portugal-029_03.jpg,1.0,0.9999927282333374,7.271766662597656e-06,0.5019251704216003,11.836925506591797,0.007700711488723755,True,1.0,0.25,10,0.0039215851575136185,0.0,10,3,0.4688359797000885,0.03030502423644066,0.06784755736589432,0.4688360393047333,0.03030502051115036,0.4385310187935829,0.9353611540697861,True,6.910139083862305,0.44666340947151184,6.463475674390793,0.9353611549563983,0.0,0.0,0.0,0.28735652565956116,0.729347825050354,False,False,True,output/resnet18_localisation_attack_preserve_cls_full/visuals/dev_val/digital_2/iphone15pro/portugal-029_03__a1b72c4f__clean_overlay.png,output/resnet18_localisation_attack_preserve_cls_full/visuals/dev_val/digital_2/iphone15pro/portugal-029_03__a1b72c4f__adv_overlay.png,output/resnet18_localisation_attack_preserve_cls_full/visuals/dev_val/digital_2/iphone15pro/portugal-029_03__a1b72c4f__paired.png,0.8205797672271729,0.5349138975143433,0.022558714462299134,0.03485205500618047
dev_val,digital_2,portugal-029_03,scan,train/attack/digital_2/scan/portugal-029_03.jpg,1.0,0.9999688863754272,3.1113624572753906e-05,0.5003209114074707,10.378799438476562,0.0012836754322052002,True,1.0,0.25,10,0.0039215851575136185,0.0,10,3,0.43410471081733704,0.11840196698904037,0.06767172366380692,0.4341047704219818,0.11840196698904037,0.31570280343294144,0.727250251422151,True,6.414862155914307,1.7496520280838013,4.665210127830505,0.7272502533089233,0.0,0.0,0.0,0.3818652629852295,0.6557508707046509,False,False,True,output/resnet18_localisation_attack_preserve_cls_full/visuals/dev_val/digital_2/scan/portugal-029_03__d1d75dc8__clean_overlay.png,output/resnet18_localisation_attack_preserve_cls_full/visuals/dev_val/digital_2/scan/portugal-029_03__d1d75dc8__adv_overlay.png,output/resnet18_localisation_attack_preserve_cls_full/visuals/dev_val/digital_2/scan/portugal-029_03__d1d75dc8__paired.png,0.7926204800605774,0.5538498163223267,0.02500143261002445,0.03195436659535452
dev_val,digital_2,portugal-119_03,huawei,train/attack/digital_2/huawei/portugal-119_03.jpg,1.0,0.999994158744812,5.841255187988281e-06,0.5014141201972961,12.055351257324219,0.005656570196151733,True,1.0,0.25,10,0.0039215851575136185,0.0,10,4,0.4896581172943115,0.12448547780513763,0.07335459440946579,0.4896581768989563,0.12448549270629883,0.36517268419265747,0.7457706241225762,True,6.6752214431762695,1.6970373392105103,4.978184103965759,0.7457706304342453,0.0,0.0,0.0,0.5622016191482544,0.5343466997146606,False,False,True,output/resnet18_localisation_attack_preserve_cls_full/visuals/dev_val/digital_2/huawei/portugal-119_03__b97afa66__clean_overlay.png,output/resnet18_localisation_attack_preserve_cls_full/visuals/dev_val/digital_2/huawei/portugal-119_03__b97afa66__adv_overlay.png,output/resnet18_localisation_attack_preserve_cls_full/visuals/dev_val/digital_2/huawei/portugal-119_03__b97afa66__paired.png,0.667080819606781,0.6446837782859802,0.020414137440047962,0.021374306804556355
dev_val,digital_2,portugal-119_03,iphone15pro,train/attack/digital_2/iphone15pro/portugal-119_03.jpg,1.0,0.999982476234436,1.7523765563964844e-05,0.9628132581710815,10.952499389648438,3.2539093494415283,True,1.0,0.25,10,0.0039215851575136185,0.0,6,0,0.5002079010009766,0.09186369925737381,0.07371069490909576,0.5002078413963318,0.09186369180679321,0.4083441495895386,0.816348956964858,True,6.78609561920166,1.2462735176086426,5.539822101593018,0.8163489600585294,0.0,1.0,-1.0,0.20338714122772217,0.8086814284324646,False,False,True,output/resnet18_localisation_attack_preserve_cls_full/visuals/dev_val/digital_2/iphone15pro/portugal-119_03__92dbbe03__clean_overlay.png,output/resnet18_localisation_attack_preserve_cls_full/visuals/dev_val/digital_2/iphone15pro/portugal-119_03__92dbbe03__adv_overlay.png,output/resnet18_localisation_attack_preserve_cls_full/visuals/dev_val/digital_2/iphone15pro/portugal-119_03__92dbbe03__paired.png,0.5902058482170105,0.319123774766922,0.02773197852760736,0.03693443251533742
dev_val,digital_2,portugal-119_03,scan,train/attack/digital_2/scan/portugal-119_03.jpg,1.0,0.9999998807907104,1.1920928955078125e-07,0.8146474361419678,16.075353622436523,1.4804956912994385,True,1.0,0.25,10,0.0039215851575136185,0.0,10,0,0.5056312084197998,0.13447463512420654,0.078089140355587,0.5056312680244446,0.13447466492652893,0.37115660309791565,0.7340459868078653,True,6.475052356719971,1.7220661640167236,4.752986192703247,0.7340459861719079,0.0,1.0,-1.0,0.25709012150764465,0.7510055303573608,False,False,True,output/resnet18_localisation_attack_preserve_cls_full/visuals/dev_val/digital_2/scan/portugal-119_03__9cd4c9c9__clean_overlay.png,output/resnet18_localisation_attack_preserve_cls_full/visuals/dev_val/digital_2/scan/portugal-119_03__9cd4c9c9__adv_overlay.png,output/resnet18_localisation_attack_preserve_cls_full/visuals/dev_val/digital_2/scan/portugal-119_03__9cd4c9c9__paired.png,0.6281543970108032,0.39576828479766846,0.034333881578947366,0.031013330018359854
dev_val,digital_2,portugal-NF-1060,huawei,train/attack/digital_2/huawei/portugal-NF-1060.jpg,1.0,0.9998964071273804,0.0001035928726196289,0.5012500882148743,9.175004959106445,0.005000278353691101,True,1.0,0.25,10,0.0039215851575136185,0.0,10,3,0.6550692319869995,0.12017309665679932,0.09254644066095352,0.6550692319869995,0.12017310410737991,0.5348961278796196,0.8165490023964904,True,7.078275680541992,1.2985167503356934,5.779758930206299,0.8165490002169195,1.0,0.0,1.0,0.4178260564804077,0.6201928853988647,False,False,True,output/resnet18_localisation_attack_preserve_cls_full/visuals/dev_val/digital_2/huawei/portugal-NF-1060__3d90026e__clean_overlay.png,output/resnet18_localisation_attack_preserve_cls_full/visuals/dev_val/digital_2/huawei/portugal-NF-1060__3d90026e__adv_overlay.png,output/resnet18_localisation_attack_preserve_cls_full/visuals/dev_val/digital_2/huawei/portugal-NF-1060__3d90026e__paired.png,0.7613952159881592,0.5499740839004517,0.01969676906779661,0.02894219128329298
dev_val,digital_2,portugal-NF-1060,iphone15pro,train/attack/digital_2/iphone15pro/portugal-NF-1060.jpg,1.0,0.9999997615814209,2.384185791015625e-07,0.500261664390564,15.457160949707031,0.0010466128587722778,True,1.0,0.25,10,0.0039215851575136185,0.0,9,1,0.7052984833717346,0.151622012257576,0.10073874890804291,0.7052984833717346,0.151622012257576,0.5536764711141586,0.7850243324886578,True,7.00126314163208,1.505101203918457,5.496161937713623,0.7850243343992354,1.0,1.0,0.0,0.10843655467033386,0.8823795318603516,False,False,True,output/resnet18_localisation_attack_preserve_cls_full/visuals/dev_val/digital_2/iphone15pro/portugal-NF-1060__487cec90__clean_overlay.png,output/resnet18_localisation_attack_preserve_cls_full/visuals/dev_val/digital_2/iphone15pro/portugal-NF-1060__487cec90__adv_overlay.png,output/resnet18_localisation_attack_preserve_cls_full/visuals/dev_val/digital_2/iphone15pro/portugal-NF-1060__487cec90__paired.png,0.7413947582244873,0.43674319982528687,0.027797409841075794,0.029707556540342298
dev_val,digital_2,portugal-NF-1060,scan,train/attack/digital_2/scan/portugal-NF-1060.jpg,1.0,0.9999998807907104,1.1920928955078125e-07,0.8750560879707336,16.491186141967773,1.946422815322876,True,1.0,0.25,10,0.0039215851575136185,0.0,7,0,0.6780397295951843,0.22026009857654572,0.10379976034164429,0.6780397891998291,0.22026009857654572,0.4577796906232834,0.6751516620632546,True,6.532190322875977,2.1219711303710938,4.410219192504883,0.6751516680492498,1.0,1.0,0.0,0.1850786656141281,0.8230927586555481,False,False,True,output/resnet18_localisation_attack_preserve_cls_full/visuals/dev_val/digital_2/scan/portugal-NF-1060__7db10377__clean_overlay.png,output/resnet18_localisation_attack_preserve_cls_full/visuals/dev_val/digital_2/scan/portugal-NF-1060__7db10377__adv_overlay.png,output/resnet18_localisation_attack_preserve_cls_full/visuals/dev_val/digital_2/scan/portugal-NF-1060__7db10377__paired.png,0.7335197925567627,0.5632901787757874,0.03410089394865526,0.029669353606356967
dev_val,digital_2,portugal-NF-1066,huawei,train/attack/digital_2/huawei/portugal-NF-1066.jpg,1.0,0.9999960660934448,3.933906555175781e-06,0.9919455647468567,12.43951416015625,4.81344747543335,True,1.0,0.25,10,0.0039215851575136185,0.0,5,0,0.6116706728935242,0.19940677285194397,0.09101704508066177,0.6116706728935242,0.19940680265426636,0.4122638702392578,0.6739964633076697,True,6.720396995544434,2.190873146057129,4.529523849487305,0.6739964696267706,1.0,1.0,0.0,0.3063352108001709,0.7106289863586426,False,False,True,output/resnet18_localisation_attack_preserve_cls_full/visuals/dev_val/digital_2/huawei/portugal-NF-1066__d1024382__clean_overlay.png,output/resnet18_localisation_attack_preserve_cls_full/visuals/dev_val/digital_2/huawei/portugal-NF-1066__d1024382__adv_overlay.png,output/resnet18_localisation_attack_preserve_cls_full/visuals/dev_val/digital_2/huawei/portugal-NF-1066__d1024382__paired.png,0.7246017456054688,0.44842350482940674,0.032070122876213594,0.037258703731796114
dev_val,digital_2,portugal-NF-1066,iphone15pro,train/attack/digital_2/iphone15pro/portugal-NF-1066.jpg,1.0,0.9999996423721313,3.5762786865234375e-07,0.9978038668632507,14.754671096801758,6.118861198425293,True,1.0,0.25,10,0.0039215851575136185,0.0,6,0,0.6214585900306702,0.22792665660381317,0.09224437177181244,0.6214585304260254,0.22792667150497437,0.393531858921051,0.6332391296508153,True,6.737089157104492,2.470900535583496,4.266188621520996,0.6332391515142936,0.0,0.0,0.0,0.41532355546951294,0.6485382914543152,False,False,True,output/resnet18_localisation_attack_preserve_cls_full/visuals/dev_val/digital_2/iphone15pro/portugal-NF-1066__3ecae9b1__clean_overlay.png,output/resnet18_localisation_attack_preserve_cls_full/visuals/dev_val/digital_2/iphone15pro/portugal-NF-1066__3ecae9b1__adv_overlay.png,output/resnet18_localisation_attack_preserve_cls_full/visuals/dev_val/digital_2/iphone15pro/portugal-NF-1066__3ecae9b1__paired.png,0.7658330798149109,0.5580693483352661,0.02632057353818616,0.037948426312649164
dev_val,digital_2,portugal-NF-1066,scan,train/attack/digital_2/scan/portugal-NF-1066.jpg,1.0,0.9999998807907104,1.1920928955078125e-07,0.9567615985870361,16.15207290649414,3.0968241691589355,True,1.0,0.25,10,0.0039215851575136185,0.0,7,0,0.6125621795654297,0.19821082055568695,0.09431688487529755,0.6125621199607849,0.19821082055568695,0.41435129940509796,0.6764233143107575,True,6.494723796844482,2.10154128074646,4.3931825160980225,0.6764233019782132,0.0,1.0,-1.0,0.2629324197769165,0.7461864948272705,False,False,True,output/resnet18_localisation_attack_preserve_cls_full/visuals/dev_val/digital_2/scan/portugal-NF-1066__1637321b__clean_overlay.png,output/resnet18_localisation_attack_preserve_cls_full/visuals/dev_val/digital_2/scan/portugal-NF-1066__1637321b__adv_overlay.png,output/resnet18_localisation_attack_preserve_cls_full/visuals/dev_val/digital_2/scan/portugal-NF-1066__1637321b__paired.png,0.7709742784500122,0.38160011172294617,0.032074123475609756,0.03664729420731707
dev_val,digital_2,portugal-NF-1109,huawei,train/attack/digital_2/huawei/portugal-NF-1109.jpg,1.0,0.9999997615814209,2.384185791015625e-07,0.9628264307975769,15.29196548461914,3.2542741298675537,True,1.0,0.25,10,0.0039215851575136185,0.0,8,0,0.7237578630447388,0.18429222702980042,0.10682018846273422,0.7237578630447388,0.18429221212863922,0.5394656509160995,0.7453675855715749,True,6.775478363037109,1.725256323814392,5.050222039222717,0.745367598954143,1.0,1.0,0.0,0.270751953125,0.7416348457336426,False,False,True,output/resnet18_localisation_attack_preserve_cls_full/visuals/dev_val/digital_2/huawei/portugal-NF-1109__27083ced__clean_overlay.png,output/resnet18_localisation_attack_preserve_cls_full/visuals/dev_val/digital_2/huawei/portugal-NF-1109__27083ced__adv_overlay.png,output/resnet18_localisation_attack_preserve_cls_full/visuals/dev_val/digital_2/huawei/portugal-NF-1109__27083ced__paired.png,0.7334097623825073,0.3829796016216278,0.027919581077015643,0.03489771359807461
dev_val,digital_2,portugal-NF-1109,iphone15pro,train/attack/digital_2/iphone15pro/portugal-NF-1109.jpg,1.0,1.0,0.0,0.9823606014251709,20.571914672851562,4.019824504852295,True,1.0,0.25,10,0.0039215851575136185,0.0,7,0,0.6601744890213013,0.20309141278266907,0.09776556491851807,0.6601744294166565,0.20309141278266907,0.4570830166339874,0.6923670415981958,True,6.752627372741699,2.0773305892944336,4.675296783447266,0.6923670632737733,1.0,1.0,0.0,0.32348090410232544,0.695315957069397,False,False,True,output/resnet18_localisation_attack_preserve_cls_full/visuals/dev_val/digital_2/iphone15pro/portugal-NF-1109__a7f830d3__clean_overlay.png,output/resnet18_localisation_attack_preserve_cls_full/visuals/dev_val/digital_2/iphone15pro/portugal-NF-1109__a7f830d3__adv_overlay.png,output/resnet18_localisation_attack_preserve_cls_full/visuals/dev_val/digital_2/iphone15pro/portugal-NF-1109__a7f830d3__paired.png,0.7705678939819336,0.4625147581100464,0.031079951803482588,0.03404850746268657
dev_val,digital_2,portugal-NF-1109,scan,train/attack/digital_2/scan/portugal-NF-1109.jpg,1.0,1.0,0.0,0.7985551357269287,18.133285522460938,1.3772883415222168,True,1.0,0.25,10,0.0039215851575136185,0.0,10,0,0.7366459369659424,0.20110830664634705,0.11335775256156921,0.7366459965705872,0.20110829174518585,0.5355377048254013,0.7269946586536357,True,6.498417854309082,1.7741026878356934,4.724315166473389,0.7269946735328368,1.0,0.0,1.0,0.40354740619659424,0.6551218628883362,False,False,True,output/resnet18_localisation_attack_preserve_cls_full/visuals/dev_val/digital_2/scan/portugal-NF-1109__cde9c43c__clean_overlay.png,output/resnet18_localisation_attack_preserve_cls_full/visuals/dev_val/digital_2/scan/portugal-NF-1109__cde9c43c__adv_overlay.png,output/resnet18_localisation_attack_preserve_cls_full/visuals/dev_val/digital_2/scan/portugal-NF-1109__cde9c43c__paired.png,0.7294177412986755,0.6087287068367004,0.022636647031823744,0.03295689259485924
dev_val,digital_2,russian-062_03,huawei,train/attack/digital_2/huawei/russian-062_03.jpg,1.0,0.9999319314956665,6.80685043334961e-05,0.5027113556861877,9.594808578491211,0.010845661163330078,True,1.0,0.25,10,0.0039215851575136185,0.0,10,1,0.5496008992195129,0.06483262032270432,0.07702871412038803,0.5496008396148682,0.06483262032270432,0.48476821929216385,0.8820368972359365,True,7.135012626647949,0.8416681885719299,6.293344438076019,0.8820369027199118,0.0,0.0,0.0,0.26893365383148193,0.7391219139099121,False,False,True,output/resnet18_localisation_attack_preserve_cls_full/visuals/dev_val/digital_2/huawei/russian-062_03__f6dc4127__clean_overlay.png,output/resnet18_localisation_attack_preserve_cls_full/visuals/dev_val/digital_2/huawei/russian-062_03__f6dc4127__adv_overlay.png,output/resnet18_localisation_attack_preserve_cls_full/visuals/dev_val/digital_2/huawei/russian-062_03__f6dc4127__paired.png,0.8432572484016418,0.7276730537414551,0.01899132361778846,0.027644230769230768
dev_val,digital_2,russian-062_03,iphone15pro,train/attack/digital_2/iphone15pro/russian-062_03.jpg,1.0,0.9999948740005493,5.125999450683594e-06,0.9566553831100464,12.190163612365723,3.0942602157592773,True,1.0,0.25,10,0.0039215851575136185,0.0,10,0,0.5008012056350708,0.1880243718624115,0.07289636880159378,0.5008012056350708,0.1880243867635727,0.3127768188714981,0.6245528472218089,True,6.87004280090332,2.5793380737304688,4.290704727172852,0.6245528378089115,0.0,0.0,0.0,0.6148399114608765,0.5115941762924194,False,False,True,output/resnet18_localisation_attack_preserve_cls_full/visuals/dev_val/digital_2/iphone15pro/russian-062_03__3749ed2c__clean_overlay.png,output/resnet18_localisation_attack_preserve_cls_full/visuals/dev_val/digital_2/iphone15pro/russian-062_03__3749ed2c__adv_overlay.png,output/resnet18_localisation_attack_preserve_cls_full/visuals/dev_val/digital_2/iphone15pro/russian-062_03__3749ed2c__paired.png,0.8409337401390076,0.466614693403244,0.019765040523690772,0.031476484569825436
dev_val,digital_2,russian-062_03,scan,train/attack/digital_2/scan/russian-062_03.jpg,1.0,0.999966025352478,3.3974647521972656e-05,0.5008575320243835,10.290590286254883,0.0034300535917282104,True,1.0,0.25,10,0.0039215851575136185,0.0,10,2,0.495256632566452,0.18537944555282593,0.07243017107248306,0.49525654315948486,0.18537943065166473,0.30987711250782013,0.6256900929182313,True,6.837710380554199,2.559422731399536,4.278287649154663,0.6256900937661396,0.0,0.0,0.0,0.5990495085716248,0.532095193862915,False,False,True,output/resnet18_localisation_attack_preserve_cls_full/visuals/dev_val/digital_2/scan/russian-062_03__d8483ea5__clean_overlay.png,output/resnet18_localisation_attack_preserve_cls_full/visuals/dev_val/digital_2/scan/russian-062_03__d8483ea5__adv_overlay.png,output/resnet18_localisation_attack_preserve_cls_full/visuals/dev_val/digital_2/scan/russian-062_03__d8483ea5__paired.png,0.8231529593467712,0.5726439356803894,0.018682272588522588,0.024589342948717948
dev_val,digital_2,russian-132_03,huawei,train/attack/digital_2/huawei/russian-132_03.jpg,1.0,0.9999916553497314,8.344650268554688e-06,0.7933860421180725,11.693397521972656,1.3454580307006836,True,1.0,0.25,10,0.0039215851575136185,0.0,10,0,0.44015756249427795,0.10940435528755188,0.05919434875249863,0.44015753269195557,0.10940435528755188,0.3307531774044037,0.7514427286557003,True,7.435803413391113,1.8482229709625244,5.587580442428589,0.7514427334598349,1.0,0.0,1.0,0.5510525703430176,0.5188189148902893,False,False,True,output/resnet18_localisation_attack_preserve_cls_full/visuals/dev_val/digital_2/huawei/russian-132_03__4003eac4__clean_overlay.png,output/resnet18_localisation_attack_preserve_cls_full/visuals/dev_val/digital_2/huawei/russian-132_03__4003eac4__adv_overlay.png,output/resnet18_localisation_attack_preserve_cls_full/visuals/dev_val/digital_2/huawei/russian-132_03__4003eac4__paired.png,0.7192549705505371,0.5637020468711853,0.01967312348668281,0.023208137863196126
dev_val,digital_2,russian-132_03,iphone15pro,train/attack/digital_2/iphone15pro/russian-132_03.jpg,1.0,0.9999939203262329,6.079673767089844e-06,0.5031492114067078,12.007391929626465,0.012596949934959412,True,1.0,0.25,10,0.0039215851575136185,0.0,10,2,0.3995991349220276,0.09453511983156204,0.05550717934966087,0.3995991349220276,0.09453511983156204,0.30506401509046555,0.7634251138956836,True,7.1990532875061035,1.7031151056289673,5.495938181877136,0.7634251286089646,0.0,0.0,0.0,0.5748218297958374,0.5154047012329102,False,False,True,output/resnet18_localisation_attack_preserve_cls_full/visuals/dev_val/digital_2/iphone15pro/russian-132_03__d5630e16__clean_overlay.png,output/resnet18_localisation_attack_preserve_cls_full/visuals/dev_val/digital_2/iphone15pro/russian-132_03__d5630e16__adv_overlay.png,output/resnet18_localisation_attack_preserve_cls_full/visuals/dev_val/digital_2/iphone15pro/russian-132_03__d5630e16__paired.png,0.7184658050537109,0.6787856817245483,0.019910686488169366,0.02565574408468244
dev_val,digital_2,russian-132_03,scan,train/attack/digital_2/scan/russian-132_03.jpg,0.99169921875,0.9915761351585388,0.00012308359146118164,0.5009602308273315,4.768223762512207,0.003840833902359009,True,1.0,0.25,10,0.0039215851575136185,0.0,10,4,0.41142991185188293,0.1935705691576004,0.055097680538892746,0.4114300310611725,0.1935705691576004,0.21785946190357208,0.5295176468807163,True,7.467284202575684,3.5132253170013428,3.954058885574341,0.5295176637592648,0.0,0.0,0.0,0.7958443760871887,0.3391796052455902,False,False,True,output/resnet18_localisation_attack_preserve_cls_full/visuals/dev_val/digital_2/scan/russian-132_03__055de283__clean_overlay.png,output/resnet18_localisation_attack_preserve_cls_full/visuals/dev_val/digital_2/scan/russian-132_03__055de283__adv_overlay.png,output/resnet18_localisation_attack_preserve_cls_full/visuals/dev_val/digital_2/scan/russian-132_03__055de283__paired.png,0.672848105430603,0.566882848739624,0.018484336843711844,0.021491529304029304
dev_val,digital_2,russian-NF-1089,huawei,train/attack/digital_2/huawei/russian-NF-1089.jpg,1.0,0.9999996423721313,3.5762786865234375e-07,0.9999998807907104,14.86550521850586,15.639988899230957,True,1.0,0.25,10,0.003921577241271734,0.0,10,0,0.6817880868911743,0.0007672957144677639,0.11326704174280167,0.6817880272865295,0.0007672957726754248,0.6810207315138541,0.9988745830933271,True,6.019297122955322,0.0067742192186415195,6.012522903736681,0.998874583015215,1.0,0.0,1.0,0.004411724861711264,0.9846447706222534,False,False,True,output/resnet18_localisation_attack_preserve_cls_full/visuals/dev_val/digital_2/huawei/russian-NF-1089__ce0f2be1__clean_overlay.png,output/resnet18_localisation_attack_preserve_cls_full/visuals/dev_val/digital_2/huawei/russian-NF-1089__ce0f2be1__adv_overlay.png,output/resnet18_localisation_attack_preserve_cls_full/visuals/dev_val/digital_2/huawei/russian-NF-1089__ce0f2be1__paired.png,0.6912894248962402,0.6841291189193726,0.029668560606060605,0.052850378787878786
dev_val,digital_2,russian-NF-1089,iphone15pro,train/attack/digital_2/iphone15pro/russian-NF-1089.jpg,1.0,1.0,0.0,0.9999990463256836,20.86931037902832,13.881957054138184,True,1.0,0.25,10,0.0039215851575136185,0.0,5,0,0.6288117170333862,0.14188885688781738,0.11200747638940811,0.6288117170333862,0.14188887178897858,0.48692284524440765,0.7743539632842988,True,5.614015579223633,1.2667803764343262,4.347235202789307,0.7743539613387552,1.0,0.0,1.0,0.2509809732437134,0.8047520518302917,False,False,True,output/resnet18_localisation_attack_preserve_cls_full/visuals/dev_val/digital_2/iphone15pro/russian-NF-1089__d1b4783e__clean_overlay.png,output/resnet18_localisation_attack_preserve_cls_full/visuals/dev_val/digital_2/iphone15pro/russian-NF-1089__d1b4783e__adv_overlay.png,output/resnet18_localisation_attack_preserve_cls_full/visuals/dev_val/digital_2/iphone15pro/russian-NF-1089__d1b4783e__paired.png,0.7319037914276123,0.7399202585220337,0.037305900621118014,0.036927406832298136
dev_val,digital_2,russian-NF-1089,scan,train/attack/digital_2/scan/russian-NF-1089.jpg,1.0,0.9999958276748657,4.172325134277344e-06,0.9994170665740967,12.40062141418457,7.446826457977295,True,1.0,0.25,10,0.0039215851575136185,0.0,8,0,0.6452723741531372,0.130875825881958,0.12447535246610641,0.6452723741531372,0.13087581098079681,0.5143965631723404,0.7971774149597529,True,5.183937072753906,1.0514194965362549,4.132517576217651,0.7971774190581175,1.0,0.0,1.0,0.30168089270591736,0.7963830232620239,False,False,True,output/resnet18_localisation_attack_preserve_cls_full/visuals/dev_val/digital_2/scan/russian-NF-1089__cfac1bd9__clean_overlay.png,output/resnet18_localisation_attack_preserve_cls_full/visuals/dev_val/digital_2/scan/russian-NF-1089__cfac1bd9__adv_overlay.png,output/resnet18_localisation_attack_preserve_cls_full/visuals/dev_val/digital_2/scan/russian-NF-1089__cfac1bd9__paired.png,0.6256915330886841,0.71170574426651,0.0314884768009768,0.019736340048840048
dev_val,digital_2,russian-NF-1099,huawei,train/attack/digital_2/huawei/russian-NF-1099.jpg,1.0,1.0,0.0,0.9981151819229126,21.827526092529297,6.272027015686035,True,1.0,0.25,10,0.0039215851575136185,0.0,10,0,0.7955459356307983,0.16309578716754913,0.15599843859672546,0.7955459952354431,0.16309578716754913,0.632450208067894,0.7949888653272893,True,5.099704742431641,1.0454962253570557,4.054208517074585,0.7949888712854105,1.0,0.0,1.0,0.11045955866575241,0.9244237542152405,False,False,True,output/resnet18_localisation_attack_preserve_cls_full/visuals/dev_val/digital_2/huawei/russian-NF-1099__457408b2__clean_overlay.png,output/resnet18_localisation_attack_preserve_cls_full/visuals/dev_val/digital_2/huawei/russian-NF-1099__457408b2__adv_overlay.png,output/resnet18_localisation_attack_preserve_cls_full/visuals/dev_val/digital_2/huawei/russian-NF-1099__457408b2__paired.png,0.7066300511360168,0.8074604272842407,0.030538046780072905,0.015454131227217498
dev_val,digital_2,russian-NF-1099,iphone15pro,train/attack/digital_2/iphone15pro/russian-NF-1099.jpg,1.0,1.0,0.0,0.9999978542327881,22.7614803314209,13.031656265258789,True,1.0,0.25,10,0.0039215851575136185,0.0,6,0,0.7310085892677307,0.169259175658226,0.15136601030826569,0.7310086488723755,0.16925916075706482,0.5617494881153107,0.7684580599447665,True,4.829410552978516,1.1182111501693726,3.711199402809143,0.7684580472290307,1.0,0.0,1.0,0.19160211086273193,0.8536727428436279,False,False,True,output/resnet18_localisation_attack_preserve_cls_full/visuals/dev_val/digital_2/iphone15pro/russian-NF-1099__e307f3f8__clean_overlay.png,output/resnet18_localisation_attack_preserve_cls_full/visuals/dev_val/digital_2/iphone15pro/russian-NF-1099__e307f3f8__adv_overlay.png,output/resnet18_localisation_attack_preserve_cls_full/visuals/dev_val/digital_2/iphone15pro/russian-NF-1099__e307f3f8__paired.png,0.6549152135848999,0.7895766496658325,0.03775650885354142,0.022569965486194478
dev_val,digital_2,russian-NF-1099,scan,train/attack/digital_2/scan/russian-NF-1099.jpg,1.0,1.0,0.0,0.9988455772399902,17.7723331451416,6.7629852294921875,True,1.0,0.25,10,0.0039215851575136185,0.0,10,0,0.7499361634254456,0.13381142914295197,0.15349602699279785,0.7499361634254456,0.13381141424179077,0.6161247491836548,0.8215695938297106,True,4.885704040527344,0.8717581629753113,4.0139458775520325,0.8215695924796097,1.0,0.0,1.0,0.27738088369369507,0.7585105299949646,False,False,True,output/resnet18_localisation_attack_preserve_cls_full/visuals/dev_val/digital_2/scan/russian-NF-1099__32ff5cb4__clean_overlay.png,output/resnet18_localisation_attack_preserve_cls_full/visuals/dev_val/digital_2/scan/russian-NF-1099__32ff5cb4__adv_overlay.png,output/resnet18_localisation_attack_preserve_cls_full/visuals/dev_val/digital_2/scan/russian-NF-1099__32ff5cb4__paired.png,0.6191719174385071,0.7221198678016663,0.030425240973072216,0.03163249694002448
dev_val,digital_2,turkiye-032_03,huawei,train/attack/digital_2/huawei/turkiye-032_03.jpg,1.0,0.9999758005142212,2.4199485778808594e-05,0.7105479836463928,10.629754066467285,0.8980468511581421,True,1.0,0.25,10,0.0039215851575136185,0.0,10,0,0.49570101499557495,0.21182513236999512,0.06818203628063202,0.4957011044025421,0.21182511746883392,0.2838759869337082,0.5726757201315051,True,7.270259857177734,3.1067585945129395,4.163501262664795,0.5726757150989976,1.0,0.0,1.0,0.7172499299049377,0.38303878903388977,False,False,True,output/resnet18_localisation_attack_preserve_cls_full/visuals/dev_val/digital_2/huawei/turkiye-032_03__98cae959__clean_overlay.png,output/resnet18_localisation_attack_preserve_cls_full/visuals/dev_val/digital_2/huawei/turkiye-032_03__98cae959__adv_overlay.png,output/resnet18_localisation_attack_preserve_cls_full/visuals/dev_val/digital_2/huawei/turkiye-032_03__98cae959__paired.png,0.8034037351608276,0.6663946509361267,0.01967312348668281,0.021202992584745763
dev_val,digital_2,turkiye-032_03,iphone15pro,train/attack/digital_2/iphone15pro/turkiye-032_03.jpg,1.0,0.9998929500579834,0.00010704994201660156,0.7597184777259827,9.142570495605469,1.1511366367340088,True,1.0,0.25,10,0.0039215851575136185,0.0,8,0,0.542759895324707,0.14900225400924683,0.07169374078512192,0.5427598357200623,0.14900225400924683,0.39375758171081543,0.7254729546972276,True,7.57053279876709,2.0783159732818604,5.4922168254852295,0.7254729583074618,1.0,1.0,0.0,0.05270346254110336,0.934857964515686,False,False,True,output/resnet18_localisation_attack_preserve_cls_full/visuals/dev_val/digital_2/iphone15pro/turkiye-032_03__0483560f__clean_overlay.png,output/resnet18_localisation_attack_preserve_cls_full/visuals/dev_val/digital_2/iphone15pro/turkiye-032_03__0483560f__adv_overlay.png,output/resnet18_localisation_attack_preserve_cls_full/visuals/dev_val/digital_2/iphone15pro/turkiye-032_03__0483560f__paired.png,0.7813416123390198,0.5872995257377625,0.027460065136476426,0.019851116625310174
dev_val,digital_2,turkiye-032_03,scan,train/attack/digital_2/scan/turkiye-032_03.jpg,1.0,0.9997878670692444,0.00021213293075561523,0.550653874874115,8.458109855651855,0.20331288874149323,True,1.0,0.25,10,0.0039215851575136185,0.0,8,0,0.49126675724983215,0.1613616794347763,0.06822789460420609,0.49126672744750977,0.1613616794347763,0.32990504801273346,0.671539572254021,True,7.200379848480225,2.365039825439453,4.8353400230407715,0.671539574965807,0.0,1.0,-1.0,0.12210910767316818,0.8736791610717773,False,False,True,output/resnet18_localisation_attack_preserve_cls_full/visuals/dev_val/digital_2/scan/turkiye-032_03__613ba54c__clean_overlay.png,output/resnet18_localisation_attack_preserve_cls_full/visuals/dev_val/digital_2/scan/turkiye-032_03__613ba54c__adv_overlay.png,output/resnet18_localisation_attack_preserve_cls_full/visuals/dev_val/digital_2/scan/turkiye-032_03__613ba54c__paired.png,0.7693470120429993,0.4436681568622589,0.02716684516523868,0.021544140146878825
dev_val,digital_2,turkiye-101_03,huawei,train/attack/digital_2/huawei/turkiye-101_03.jpg,1.0,0.9999985694885254,1.430511474609375e-06,0.6304303407669067,13.450332641601562,0.5340632796287537,True,1.0,0.25,10,0.0039215851575136185,0.0,10,0,0.44845178723335266,0.13988298177719116,0.06490783393383026,0.44845184683799744,0.13988299667835236,0.3085688501596451,0.6880757707551935,True,6.909055709838867,2.155102014541626,4.753953695297241,0.6880757508623582,0.0,1.0,-1.0,0.3792040944099426,0.6505293846130371,False,False,True,output/resnet18_localisation_attack_preserve_cls_full/visuals/dev_val/digital_2/huawei/turkiye-101_03__d99491cf__clean_overlay.png,output/resnet18_localisation_attack_preserve_cls_full/visuals/dev_val/digital_2/huawei/turkiye-101_03__d99491cf__adv_overlay.png,output/resnet18_localisation_attack_preserve_cls_full/visuals/dev_val/digital_2/huawei/turkiye-101_03__d99491cf__paired.png,0.7111329436302185,0.4356690049171448,0.021536207026538,0.03060209966827503
dev_val,digital_2,turkiye-101_03,iphone15pro,train/attack/digital_2/iphone15pro/turkiye-101_03.jpg,1.0,0.9999994039535522,5.960464477539062e-07,0.9768184423446655,14.377580642700195,3.7409439086914062,True,1.0,0.25,10,0.0039215851575136185,0.0,7,0,0.43544578552246094,0.11007928103208542,0.06508558988571167,0.43544575572013855,0.11007930338382721,0.32536645233631134,0.7472031775765537,True,6.6903557777404785,1.6913007497787476,4.999055027961731,0.7472031673702788,1.0,1.0,0.0,0.196468323469162,0.8012386560440063,False,False,True,output/resnet18_localisation_attack_preserve_cls_full/visuals/dev_val/digital_2/iphone15pro/turkiye-101_03__d99698d7__clean_overlay.png,output/resnet18_localisation_attack_preserve_cls_full/visuals/dev_val/digital_2/iphone15pro/turkiye-101_03__d99698d7__adv_overlay.png,output/resnet18_localisation_attack_preserve_cls_full/visuals/dev_val/digital_2/iphone15pro/turkiye-101_03__d99698d7__paired.png,0.7432519197463989,0.3453659415245056,0.028203997363523574,0.03498904699131514
dev_val,digital_2,turkiye-101_03,scan,train/attack/digital_2/scan/turkiye-101_03.jpg,1.0,0.9999213218688965,7.867813110351562e-05,0.5009397864341736,9.450149536132812,0.0037589669227600098,True,1.0,0.25,10,0.0039215851575136185,0.0,10,2,0.45766863226890564,0.22760777175426483,0.0659281313419342,0.45766863226890564,0.22760777175426483,0.2300608605146408,0.5026799834939689,True,6.941932678222656,3.452362060546875,3.4895706176757812,0.5026799854488385,0.0,0.0,0.0,0.7571390271186829,0.37013494968414307,False,False,True,output/resnet18_localisation_attack_preserve_cls_full/visuals/dev_val/digital_2/scan/turkiye-101_03__6bc660db__clean_overlay.png,output/resnet18_localisation_attack_preserve_cls_full/visuals/dev_val/digital_2/scan/turkiye-101_03__6bc660db__adv_overlay.png,output/resnet18_localisation_attack_preserve_cls_full/visuals/dev_val/digital_2/scan/turkiye-101_03__6bc660db__paired.png,0.7028440833091736,0.6053246855735779,0.01988984088127295,0.020609413249694
dev_val,digital_2,turkiye-104_03,huawei,train/attack/digital_2/huawei/turkiye-104_03.jpg,1.0,0.999998927116394,1.0728836059570312e-06,0.9960095882415771,13.710382461547852,5.5198516845703125,True,1.0,0.25,10,0.0039215851575136185,0.0,10,0,0.3485356569290161,0.15303659439086914,0.05212343484163284,0.3485356569290161,0.15303654968738556,0.19549910724163055,0.5609156577097262,True,6.686736106872559,2.9360411167144775,3.750694990158081,0.5609156590317891,0.0,0.0,0.0,0.6401373147964478,0.4821670651435852,False,False,True,output/resnet18_localisation_attack_preserve_cls_full/visuals/dev_val/digital_2/huawei/turkiye-104_03__fbeb8158__clean_overlay.png,output/resnet18_localisation_attack_preserve_cls_full/visuals/dev_val/digital_2/huawei/turkiye-104_03__fbeb8158__adv_overlay.png,output/resnet18_localisation_attack_preserve_cls_full/visuals/dev_val/digital_2/huawei/turkiye-104_03__fbeb8158__paired.png,0.6621807217597961,0.6090092658996582,0.025966183574879228,0.03188452974033817
dev_val,digital_2,turkiye-104_03,iphone15pro,train/attack/digital_2/iphone15pro/turkiye-104_03.jpg,1.0,0.9998652935028076,0.0001347064971923828,0.5002222657203674,8.912210464477539,0.0008889064192771912,True,1.0,0.25,10,0.0039215851575136185,0.0,8,1,0.3582066595554352,0.09229153394699097,0.05083948001265526,0.3582066297531128,0.09229152649641037,0.2659151032567024,0.7423511492235066,True,7.045835971832275,1.8153514862060547,5.230484485626221,0.7423511569864192,1.0,0.0,1.0,0.0726439505815506,0.9345901608467102,False,False,True,output/resnet18_localisation_attack_preserve_cls_full/visuals/dev_val/digital_2/iphone15pro/turkiye-104_03__5b978013__clean_overlay.png,output/resnet18_localisation_attack_preserve_cls_full/visuals/dev_val/digital_2/iphone15pro/turkiye-104_03__5b978013__adv_overlay.png,output/resnet18_localisation_attack_preserve_cls_full/visuals/dev_val/digital_2/iphone15pro/turkiye-104_03__5b978013__paired.png,0.6790606379508972,0.5384157299995422,0.025482822204968943,0.02236024844720497
dev_val,digital_2,turkiye-104_03,scan,train/attack/digital_2/scan/turkiye-104_03.jpg,0.99267578125,0.9926782846450806,2.5033950805664062e-06,0.5018402338027954,4.909567832946777,0.007361002266407013,True,1.0,0.25,10,0.0039215851575136185,0.0,10,4,0.3760436475276947,0.13144582509994507,0.05143069848418236,0.3760436475276947,0.13144582509994507,0.24459782242774963,0.6504506166660763,True,7.311657428741455,2.5557851791381836,4.7558722496032715,0.6504506394006335,1.0,0.0,1.0,0.58460932970047,0.5468049645423889,False,False,True,output/resnet18_localisation_attack_preserve_cls_full/visuals/dev_val/digital_2/scan/turkiye-104_03__9a6bc59a__clean_overlay.png,output/resnet18_localisation_attack_preserve_cls_full/visuals/dev_val/digital_2/scan/turkiye-104_03__9a6bc59a__adv_overlay.png,output/resnet18_localisation_attack_preserve_cls_full/visuals/dev_val/digital_2/scan/turkiye-104_03__9a6bc59a__paired.png,0.7078408002853394,0.5964351892471313,0.019239952628361857,0.02154645476772616
dev_val,digital_2,turkiye-115_03,huawei,train/attack/digital_2/huawei/turkiye-115_03.jpg,1.0,1.0,0.0,0.9844150543212891,17.411407470703125,4.145743370056152,True,1.0,0.25,10,0.003921577241271734,0.0,10,0,0.40423357486724854,0.030562210828065872,0.05855134129524231,0.40423357486724854,0.030562208965420723,0.3736713659018278,0.9243946795476911,True,6.903916358947754,0.5219728350639343,6.38194352388382,0.9243946757281559,1.0,0.0,1.0,0.2383185774087906,0.7529410719871521,False,False,True,output/resnet18_localisation_attack_preserve_cls_full/visuals/dev_val/digital_2/huawei/turkiye-115_03__e06a3c19__clean_overlay.png,output/resnet18_localisation_attack_preserve_cls_full/visuals/dev_val/digital_2/huawei/turkiye-115_03__e06a3c19__adv_overlay.png,output/resnet18_localisation_attack_preserve_cls_full/visuals/dev_val/digital_2/huawei/turkiye-115_03__e06a3c19__paired.png,0.741176962852478,0.48330095410346985,0.02587596124849216,0.03430102156212304
dev_val,digital_2,turkiye-115_03,iphone15pro,train/attack/digital_2/iphone15pro/turkiye-115_03.jpg,1.0,0.9999940395355225,5.9604644775390625e-06,0.9869743585586548,12.025480270385742,4.327723503112793,True,1.0,0.25,10,0.0039215851575136185,0.0,6,0,0.44214409589767456,0.13608470559120178,0.06098251789808273,0.44214412569999695,0.13608470559120178,0.30605942010879517,0.6922164116152075,True,7.25034236907959,2.231536388397217,5.018805980682373,0.6922164120257256,0.0,1.0,-1.0,0.19550012052059174,0.7887270450592041,False,False,True,output/resnet18_localisation_attack_preserve_cls_full/visuals/dev_val/digital_2/iphone15pro/turkiye-115_03__ba971991__clean_overlay.png,output/resnet18_localisation_attack_preserve_cls_full/visuals/dev_val/digital_2/iphone15pro/turkiye-115_03__ba971991__adv_overlay.png,output/resnet18_localisation_attack_preserve_cls_full/visuals/dev_val/digital_2/iphone15pro/turkiye-115_03__ba971991__paired.png,0.7779288291931152,0.41440659761428833,0.026518451827757125,0.028563545539033456
dev_val,digital_2,turkiye-115_03,scan,train/attack/digital_2/scan/turkiye-115_03.jpg,1.0,0.9997765421867371,0.00022345781326293945,0.5023424625396729,8.406103134155273,0.00936993956565857,True,1.0,0.25,10,0.0039215851575136185,0.0,10,3,0.4404686689376831,0.15140894055366516,0.060361091047525406,0.4404686987400055,0.15140895545482635,0.28905974328517914,0.6562549032702135,True,7.297228813171387,2.5083866119384766,4.78884220123291,0.6562549049564025,0.0,0.0,0.0,0.6480790376663208,0.42997869849205017,False,False,True,output/resnet18_localisation_attack_preserve_cls_full/visuals/dev_val/digital_2/scan/turkiye-115_03__3719ca27__clean_overlay.png,output/resnet18_localisation_attack_preserve_cls_full/visuals/dev_val/digital_2/scan/turkiye-115_03__3719ca27__adv_overlay.png,output/resnet18_localisation_attack_preserve_cls_full/visuals/dev_val/digital_2/scan/turkiye-115_03__3719ca27__paired.png,0.7497923374176025,0.6894451379776001,0.019879001524390243,0.02288252667682927
dev_val,digital_2,turkiye-NF-1002,huawei,train/attack/digital_2/huawei/turkiye-NF-1002.jpg,1.0,0.9999819993972778,1.800060272216797e-05,0.9999063014984131,10.925943374633789,9.275136947631836,True,1.0,0.25,10,0.0039215851575136185,0.0,5,0,0.5693164467811584,0.13129767775535583,0.08285757154226303,0.5693164467811584,0.13129767775535583,0.4380187690258026,0.7693766296447329,True,6.871025085449219,1.5846189260482788,5.28640615940094,0.7693766350229125,0.0,0.0,0.0,0.0658695250749588,0.9150117635726929,False,False,True,output/resnet18_localisation_attack_preserve_cls_full/visuals/dev_val/digital_2/huawei/turkiye-NF-1002__c78d57c6__clean_overlay.png,output/resnet18_localisation_attack_preserve_cls_full/visuals/dev_val/digital_2/huawei/turkiye-NF-1002__c78d57c6__adv_overlay.png,output/resnet18_localisation_attack_preserve_cls_full/visuals/dev_val/digital_2/huawei/turkiye-NF-1002__c78d57c6__paired.png,0.704593300819397,0.5616162419319153,0.025000939002403848,0.043630746694711536
dev_val,digital_2,turkiye-NF-1002,iphone15pro,train/attack/digital_2/iphone15pro/turkiye-NF-1002.jpg,1.0,0.9999997615814209,2.384185791015625e-07,0.9999945163726807,15.351619720458984,12.113594055175781,True,1.0,0.25,10,0.003921577241271734,0.0,4,0,0.5186097025871277,0.09937278926372528,0.0830126702785492,0.5186096429824829,0.09937278181314468,0.4192368611693382,0.80838616643983,True,6.247354984283447,1.1970796585083008,5.0502753257751465,0.8083861631810887,0.0,0.0,0.0,0.19990931451320648,0.8501431941986084,False,False,True,output/resnet18_localisation_attack_preserve_cls_full/visuals/dev_val/digital_2/iphone15pro/turkiye-NF-1002__45b767ed__clean_overlay.png,output/resnet18_localisation_attack_preserve_cls_full/visuals/dev_val/digital_2/iphone15pro/turkiye-NF-1002__45b767ed__adv_overlay.png,output/resnet18_localisation_attack_preserve_cls_full/visuals/dev_val/digital_2/iphone15pro/turkiye-NF-1002__45b767ed__paired.png,0.7632548809051514,0.7020152807235718,0.03544776119402985,0.030365749378109454
dev_val,digital_2,turkiye-NF-1002,scan,train/attack/digital_2/scan/turkiye-NF-1002.jpg,1.0,0.9999898672103882,1.0132789611816406e-05,0.9999724626541138,11.503898620605469,10.497825622558594,True,1.0,0.25,10,0.0039215851575136185,0.0,6,0,0.5898248553276062,0.1066436842083931,0.08452531695365906,0.5898249745368958,0.1066436842083931,0.48318129032850266,0.8191943562713244,True,6.978086948394775,1.2616775035858154,5.71640944480896,0.8191943561442654,0.0,0.0,0.0,0.033108558505773544,0.9622873663902283,False,False,True,output/resnet18_localisation_attack_preserve_cls_full/visuals/dev_val/digital_2/scan/turkiye-NF-1002__0473adb8__clean_overlay.png,output/resnet18_localisation_attack_preserve_cls_full/visuals/dev_val/digital_2/scan/turkiye-NF-1002__0473adb8__adv_overlay.png,output/resnet18_localisation_attack_preserve_cls_full/visuals/dev_val/digital_2/scan/turkiye-NF-1002__0473adb8__paired.png,0.757556676864624,0.6456173062324524,0.029411764705882353,0.035723517922794115
dev_val,digital_2,turkiye-NM-1055,huawei,train/attack/digital_2/huawei/turkiye-NM-1055.jpg,1.0,0.9998992681503296,0.00010073184967041016,0.5001516342163086,9.202531814575195,0.0006064772605895996,True,1.0,0.25,10,0.0039215851575136185,0.0,10,3,0.49599283933639526,0.16084446012973785,0.06983249634504318,0.4959927499294281,0.16084444522857666,0.33514830470085144,0.6757121041558324,True,7.102606773376465,2.3032894134521484,4.799317359924316,0.6757121030428098,0.0,0.0,0.0,0.6271421909332275,0.49693337082862854,False,False,True,output/resnet18_localisation_attack_preserve_cls_full/visuals/dev_val/digital_2/huawei/turkiye-NM-1055__3f2e3e76__clean_overlay.png,output/resnet18_localisation_attack_preserve_cls_full/visuals/dev_val/digital_2/huawei/turkiye-NM-1055__3f2e3e76__adv_overlay.png,output/resnet18_localisation_attack_preserve_cls_full/visuals/dev_val/digital_2/huawei/turkiye-NM-1055__3f2e3e76__paired.png,0.6841226816177368,0.5443156361579895,0.019431938559322032,0.022557884382566586
dev_val,digital_2,turkiye-NM-1055,iphone15pro,train/attack/digital_2/iphone15pro/turkiye-NM-1055.jpg,1.0,0.9999891519546509,1.0848045349121094e-05,0.7443256378173828,11.43661880493164,1.068574070930481,True,1.0,0.25,10,0.0039215851575136185,0.0,8,0,0.46644651889801025,0.058966003358364105,0.0679575502872467,0.46644654870033264,0.05896599963307381,0.40748054906725883,0.8735846587409175,True,6.86379337310791,0.867688775062561,5.996104598045349,0.8735846596923891,0.0,0.0,0.0,0.03636271134018898,0.9655168652534485,False,False,True,output/resnet18_localisation_attack_preserve_cls_full/visuals/dev_val/digital_2/iphone15pro/turkiye-NM-1055__64e3719b__clean_overlay.png,output/resnet18_localisation_attack_preserve_cls_full/visuals/dev_val/digital_2/iphone15pro/turkiye-NM-1055__64e3719b__adv_overlay.png,output/resnet18_localisation_attack_preserve_cls_full/visuals/dev_val/digital_2/iphone15pro/turkiye-NM-1055__64e3719b__paired.png,0.6402221918106079,0.6371248960494995,0.0288585177680798,0.026934616583541147
dev_val,digital_2,turkiye-NM-1055,scan,train/attack/digital_2/scan/turkiye-NM-1055.jpg,1.0,0.9999961853027344,3.814697265625e-06,0.8896531462669373,12.485148429870605,2.087202548980713,True,1.0,0.25,10,0.0039215851575136185,0.0,10,0,0.473910927772522,0.1488761454820633,0.06937777251005173,0.4739108383655548,0.1488761603832245,0.3250346779823303,0.6858561815199767,True,6.830873966217041,2.145876884460449,4.684997081756592,0.6858561737380667,0.0,1.0,-1.0,0.3361296057701111,0.7205601930618286,False,False,True,output/resnet18_localisation_attack_preserve_cls_full/visuals/dev_val/digital_2/scan/turkiye-NM-1055__2e936118__clean_overlay.png,output/resnet18_localisation_attack_preserve_cls_full/visuals/dev_val/digital_2/scan/turkiye-NM-1055__2e936118__adv_overlay.png,output/resnet18_localisation_attack_preserve_cls_full/visuals/dev_val/digital_2/scan/turkiye-NM-1055__2e936118__paired.png,0.6759198307991028,0.6067461967468262,0.022093979498164013,0.03136474908200734
dev_val,digital_2,ukraine-025_03,huawei,train/attack/digital_2/huawei/ukraine-025_03.jpg,1.0,0.9999955892562866,4.410743713378906e-06,1.0,12.32453441619873,20.245983123779297,True,1.0,0.25,10,0.003921577241271734,0.0,8,0,0.4390919804573059,0.0036047601606696844,0.05515039339661598,0.4390919506549835,0.0036047599278390408,0.4354871907271445,0.9917904212945332,True,7.961719512939453,0.0653623640537262,7.896357148885727,0.9917904211587084,0.0,0.0,0.0,0.004191279411315918,0.9860331416130066,False,False,True,output/resnet18_localisation_attack_preserve_cls_full/visuals/dev_val/digital_2/huawei/ukraine-025_03__a0aea883__clean_overlay.png,output/resnet18_localisation_attack_preserve_cls_full/visuals/dev_val/digital_2/huawei/ukraine-025_03__a0aea883__adv_overlay.png,output/resnet18_localisation_attack_preserve_cls_full/visuals/dev_val/digital_2/huawei/ukraine-025_03__a0aea883__paired.png,0.7570974826812744,0.7077821493148804,0.023097415356711004,0.033394422611850064
dev_val,digital_2,ukraine-025_03,iphone15pro,train/attack/digital_2/iphone15pro/ukraine-025_03.jpg,1.0,0.9999988079071045,1.1920928955078125e-06,0.501694917678833,13.671356201171875,0.006779700517654419,True,1.0,0.25,10,0.0039215851575136185,0.0,10,3,0.4299701750278473,0.0813504308462143,0.05575856938958168,0.4299701452255249,0.0813504308462143,0.3486197143793106,0.8107998154068465,True,7.7112836837768555,1.4589762687683105,6.252307415008545,0.8107998189928179,0.0,0.0,0.0,0.5123191475868225,0.5453030467033386,False,False,True,output/resnet18_localisation_attack_preserve_cls_full/visuals/dev_val/digital_2/iphone15pro/ukraine-025_03__444f2c80__clean_overlay.png,output/resnet18_localisation_attack_preserve_cls_full/visuals/dev_val/digital_2/iphone15pro/ukraine-025_03__444f2c80__adv_overlay.png,output/resnet18_localisation_attack_preserve_cls_full/visuals/dev_val/digital_2/iphone15pro/ukraine-025_03__444f2c80__paired.png,0.7279252409934998,0.6279623508453369,0.0194173580955335,0.018649193548387098
dev_val,digital_2,ukraine-025_03,scan,train/attack/digital_2/scan/ukraine-025_03.jpg,1.0,0.9999998807907104,1.1920928955078125e-07,0.696083128452301,16.068086624145508,0.828714907169342,True,1.0,0.25,10,0.0039215851575136185,0.0,10,0,0.4468371570110321,0.11283037066459656,0.0581868477165699,0.4468371570110321,0.11283037811517715,0.33400677889585495,0.7474910572121659,True,7.679349422454834,1.939104437828064,5.74024498462677,0.7474910528022052,0.0,0.0,0.0,0.19669334590435028,0.7978063225746155,False,False,True,output/resnet18_localisation_attack_preserve_cls_full/visuals/dev_val/digital_2/scan/ukraine-025_03__7a8ab2ca__clean_overlay.png,output/resnet18_localisation_attack_preserve_cls_full/visuals/dev_val/digital_2/scan/ukraine-025_03__7a8ab2ca__adv_overlay.png,output/resnet18_localisation_attack_preserve_cls_full/visuals/dev_val/digital_2/scan/ukraine-025_03__7a8ab2ca__paired.png,0.7582131028175354,0.5433611869812012,0.02267156862745098,0.024634267769607844
dev_val,digital_2,ukraine-NF-1068,huawei,train/attack/digital_2/huawei/ukraine-NF-1068.jpg,1.0,0.9999997615814209,2.384185791015625e-07,0.966790497303009,15.322779655456543,3.3711462020874023,True,1.0,0.25,10,0.0039215851575136185,0.0,10,0,0.5112378597259521,0.025851478800177574,0.07751552760601044,0.5112378001213074,0.025851480662822723,0.48538631945848465,0.9494335499904571,True,6.595294952392578,0.3335006535053253,6.261794298887253,0.9494335498392925,0.0,0.0,0.0,0.20367735624313354,0.814513087272644,False,False,True,output/resnet18_localisation_attack_preserve_cls_full/visuals/dev_val/digital_2/huawei/ukraine-NF-1068__7fda38b0__clean_overlay.png,output/resnet18_localisation_attack_preserve_cls_full/visuals/dev_val/digital_2/huawei/ukraine-NF-1068__7fda38b0__adv_overlay.png,output/resnet18_localisation_attack_preserve_cls_full/visuals/dev_val/digital_2/huawei/ukraine-NF-1068__7fda38b0__paired.png,0.7132509350776672,0.535142183303833,0.025694182981927712,0.02615304969879518
dev_val,digital_2,ukraine-NF-1068,iphone15pro,train/attack/digital_2/iphone15pro/ukraine-NF-1068.jpg,1.0,1.0,0.0,0.9957056641578674,22.44957733154297,5.446150779724121,True,1.0,0.25,10,0.0039215851575136185,0.0,10,0,0.48749300837516785,0.09285418689250946,0.06819438934326172,0.48749297857284546,0.09285420179367065,0.3946387767791748,0.8095270991071402,True,7.148578643798828,1.3616105318069458,5.786968111991882,0.8095270962727533,0.0,0.0,0.0,0.46068841218948364,0.5829200744628906,False,False,True,output/resnet18_localisation_attack_preserve_cls_full/visuals/dev_val/digital_2/iphone15pro/ukraine-NF-1068__feb2b0b9__clean_overlay.png,output/resnet18_localisation_attack_preserve_cls_full/visuals/dev_val/digital_2/iphone15pro/ukraine-NF-1068__feb2b0b9__adv_overlay.png,output/resnet18_localisation_attack_preserve_cls_full/visuals/dev_val/digital_2/iphone15pro/ukraine-NF-1068__feb2b0b9__paired.png,0.8157953023910522,0.5064104795455933,0.02294254658385093,0.028678183229813664
dev_val,digital_2,ukraine-NF-1068,scan,train/attack/digital_2/scan/ukraine-NF-1068.jpg,1.0,1.0,0.0,0.9997943043708801,23.487010955810547,8.488780975341797,True,1.0,0.25,10,0.0039215851575136185,0.0,10,0,0.5502866506576538,0.23270535469055176,0.07653912901878357,0.5502867102622986,0.23270536959171295,0.31758134067058563,0.5771197718353183,True,7.189612865447998,3.0403451919555664,4.149267673492432,0.57711976307279,1.0,0.0,1.0,0.692935049533844,0.4331567883491516,False,False,True,output/resnet18_localisation_attack_preserve_cls_full/visuals/dev_val/digital_2/scan/ukraine-NF-1068__c56ec87d__clean_overlay.png,output/resnet18_localisation_attack_preserve_cls_full/visuals/dev_val/digital_2/scan/ukraine-NF-1068__c56ec87d__adv_overlay.png,output/resnet18_localisation_attack_preserve_cls_full/visuals/dev_val/digital_2/scan/ukraine-NF-1068__c56ec87d__paired.png,0.8024937510490417,0.6630574464797974,0.026327838827838828,0.03276194291819292
dev_val,digital_2,ukraine-NF-1073,huawei,train/attack/digital_2/huawei/ukraine-NF-1073.jpg,1.0,0.9998960494995117,0.00010395050048828125,0.5000627636909485,9.171092987060547,0.0002512112259864807,True,1.0,0.25,10,0.0039215851575136185,0.0,10,1,0.7123265862464905,0.0002000748791033402,0.12915977835655212,0.7123265266418457,0.0002000748791033402,0.7121264517627424,0.9997191247670552,True,5.515079975128174,0.0015490493969991803,5.513530925731175,0.9997191247626535,1.0,0.0,1.0,0.013870816677808762,0.9698015451431274,False,False,True,output/resnet18_localisation_attack_preserve_cls_full/visuals/dev_val/digital_2/huawei/ukraine-NF-1073__bff2a70d__clean_overlay.png,output/resnet18_localisation_attack_preserve_cls_full/visuals/dev_val/digital_2/huawei/ukraine-NF-1073__bff2a70d__adv_overlay.png,output/resnet18_localisation_attack_preserve_cls_full/visuals/dev_val/digital_2/huawei/ukraine-NF-1073__bff2a70d__paired.png,0.5800157189369202,0.38180187344551086,0.03473604642427885,0.022597092848557692
dev_val,digital_2,ukraine-NF-1073,iphone15pro,train/attack/digital_2/iphone15pro/ukraine-NF-1073.jpg,1.0,0.9999932050704956,6.794929504394531e-06,0.9362133145332336,11.892277717590332,2.6862990856170654,True,1.0,0.25,10,0.0039215851575136185,0.0,10,0,0.7268528938293457,0.06735445559024811,0.13661442697048187,0.7268528938293457,0.06735445559024811,0.6594984382390976,0.9073341302455322,True,5.320469856262207,0.4930259585380554,4.827443897724152,0.9073341317857928,1.0,0.0,1.0,0.17853045463562012,0.8364714980125427,False,False,True,output/resnet18_localisation_attack_preserve_cls_full/visuals/dev_val/digital_2/iphone15pro/ukraine-NF-1073__ea584b89__clean_overlay.png,output/resnet18_localisation_attack_preserve_cls_full/visuals/dev_val/digital_2/iphone15pro/ukraine-NF-1073__ea584b89__adv_overlay.png,output/resnet18_localisation_attack_preserve_cls_full/visuals/dev_val/digital_2/iphone15pro/ukraine-NF-1073__ea584b89__paired.png,0.7654279470443726,0.5639403462409973,0.03346273291925466,0.023789305124223604
dev_val,digital_2,ukraine-NF-1073,scan,train/attack/digital_2/scan/ukraine-NF-1073.jpg,0.99609375,0.9959034323692322,0.00019031763076782227,0.9998564720153809,5.49349308013916,8.849225044250488,True,1.0,0.25,10,0.003921577241271734,0.0,4,0,0.8368573784828186,0.1457725167274475,0.1395457684993744,0.8368574380874634,0.1457725316286087,0.6910849064588547,0.8258096003044985,True,5.997010707855225,1.0446217060089111,4.9523890018463135,0.8258095979984484,1.0,0.0,1.0,0.0037061963230371475,0.9975136518478394,False,False,True,output/resnet18_localisation_attack_preserve_cls_full/visuals/dev_val/digital_2/scan/ukraine-NF-1073__20daa762__clean_overlay.png,output/resnet18_localisation_attack_preserve_cls_full/visuals/dev_val/digital_2/scan/ukraine-NF-1073__20daa762__adv_overlay.png,output/resnet18_localisation_attack_preserve_cls_full/visuals/dev_val/digital_2/scan/ukraine-NF-1073__20daa762__paired.png,0.7766678333282471,0.6977965235710144,0.023045919926650366,0.02127903422982885
dev_val,digital_2,ukraine-NF-1106,huawei,train/attack/digital_2/huawei/ukraine-NF-1106.jpg,1.0,0.9999439716339111,5.602836608886719e-05,0.9999862909317017,9.790477752685547,11.200679779052734,True,1.0,0.25,10,0.0039215851575136185,0.0,9,0,0.4956827461719513,0.000967781525105238,0.07250186800956726,0.4956826865673065,0.0009677814086899161,0.4947149051586166,0.9980475787536741,True,6.836826324462891,0.013348364271223545,6.823477960191667,0.9980475788563676,0.0,0.0,0.0,0.011656357906758785,0.967314600944519,False,False,True,output/resnet18_localisation_attack_preserve_cls_full/visuals/dev_val/digital_2/huawei/ukraine-NF-1106__c8abd279__clean_overlay.png,output/resnet18_localisation_attack_preserve_cls_full/visuals/dev_val/digital_2/huawei/ukraine-NF-1106__c8abd279__adv_overlay.png,output/resnet18_localisation_attack_preserve_cls_full/visuals/dev_val/digital_2/huawei/ukraine-NF-1106__c8abd279__paired.png,0.7017695903778076,0.6827223300933838,0.033532934131736525,0.03449195359281437
dev_val,digital_2,ukraine-NF-1106,iphone15pro,train/attack/digital_2/iphone15pro/ukraine-NF-1106.jpg,1.0,0.9999945163726807,5.4836273193359375e-06,0.5019187927246094,12.11695671081543,0.007675088942050934,True,1.0,0.25,10,0.0039215851575136185,0.0,9,2,0.5196316838264465,0.03568802773952484,0.06801949441432953,0.5196316242218018,0.03568802401423454,0.4839436002075672,0.931320531024876,True,7.639451503753662,0.5246734619140625,7.1147780418396,0.9313205324156764,0.0,0.0,0.0,0.1736263930797577,0.8294678926467896,False,False,True,output/resnet18_localisation_attack_preserve_cls_full/visuals/dev_val/digital_2/iphone15pro/ukraine-NF-1106__abb077e6__clean_overlay.png,output/resnet18_localisation_attack_preserve_cls_full/visuals/dev_val/digital_2/iphone15pro/ukraine-NF-1106__abb077e6__adv_overlay.png,output/resnet18_localisation_attack_preserve_cls_full/visuals/dev_val/digital_2/iphone15pro/ukraine-NF-1106__abb077e6__paired.png,0.7668114900588989,0.5133941173553467,0.02285587086397059,0.0192416321997549
dev_val,digital_2,ukraine-NF-1106,scan,train/attack/digital_2/scan/ukraine-NF-1106.jpg,0.99951171875,0.9995328187942505,2.110004425048828e-05,0.5010269284248352,7.66840934753418,0.004107862710952759,True,1.0,0.25,10,0.0039215851575136185,0.0,7,1,0.5274676084518433,0.050626978278160095,0.07005763798952103,0.5274676084518433,0.0506269745528698,0.47684063389897346,0.9040187989903992,True,7.529051780700684,0.7226474285125732,6.80640435218811,0.9040187995034189,0.0,0.0,0.0,0.13326475024223328,0.8672900199890137,False,False,True,output/resnet18_localisation_attack_preserve_cls_full/visuals/dev_val/digital_2/scan/ukraine-NF-1106__80802531__clean_overlay.png,output/resnet18_localisation_attack_preserve_cls_full/visuals/dev_val/digital_2/scan/ukraine-NF-1106__80802531__adv_overlay.png,output/resnet18_localisation_attack_preserve_cls_full/visuals/dev_val/digital_2/scan/ukraine-NF-1106__80802531__paired.png,0.7801316380500793,0.6332668662071228,0.02260861280487805,0.020260099085365853
dev_val,digital_2,usa-034_03,huawei,train/attack/digital_2/huawei/usa-034_03.jpg,1.0,0.9999979734420776,2.0265579223632812e-06,0.8057260513305664,13.124652862548828,1.4224742650985718,True,1.0,0.25,10,0.0039215851575136185,0.0,9,0,0.51165771484375,0.03808162361383438,0.08471062779426575,0.5116576552391052,0.03808162733912468,0.47357602789998055,0.9255720559456331,True,6.040064334869385,0.4495495855808258,5.590514749288559,0.9255720534323502,1.0,0.0,1.0,0.12406351417303085,0.8510033488273621,False,False,True,output/resnet18_localisation_attack_preserve_cls_full/visuals/dev_val/digital_2/huawei/usa-034_03__5fae0f73__clean_overlay.png,output/resnet18_localisation_attack_preserve_cls_full/visuals/dev_val/digital_2/huawei/usa-034_03__5fae0f73__adv_overlay.png,output/resnet18_localisation_attack_preserve_cls_full/visuals/dev_val/digital_2/huawei/usa-034_03__5fae0f73__paired.png,0.7142940163612366,0.5279486179351807,0.028138161853188928,0.03449345667870036
dev_val,digital_2,usa-034_03,iphone15pro,train/attack/digital_2/iphone15pro/usa-034_03.jpg,1.0,1.0,0.0,0.9995214939117432,18.796621322631836,7.644448280334473,True,1.0,0.25,10,0.0039215851575136185,0.0,10,0,0.5137084126472473,0.06918784230947495,0.08882822096347809,0.5137084722518921,0.06918783485889435,0.44452063739299774,0.8653169285770145,True,5.783167362213135,0.7788947224617004,5.004272639751434,0.8653169321104294,0.0,1.0,-1.0,0.21867266297340393,0.7713710069656372,False,False,True,output/resnet18_localisation_attack_preserve_cls_full/visuals/dev_val/digital_2/iphone15pro/usa-034_03__dc4ce9de__clean_overlay.png,output/resnet18_localisation_attack_preserve_cls_full/visuals/dev_val/digital_2/iphone15pro/usa-034_03__dc4ce9de__adv_overlay.png,output/resnet18_localisation_attack_preserve_cls_full/visuals/dev_val/digital_2/iphone15pro/usa-034_03__dc4ce9de__paired.png,0.6845434308052063,0.5067617297172546,0.043984277587281795,0.04798306966957606
dev_val,digital_2,usa-034_03,scan,train/attack/digital_2/scan/usa-034_03.jpg,1.0,0.9999977350234985,2.2649765014648438e-06,0.826241135597229,12.973812103271484,1.559218168258667,True,1.0,0.25,10,0.0039215851575136185,0.0,10,0,0.5014232397079468,0.027099458500742912,0.08933153003454208,0.501423180103302,0.027099458500742912,0.4743237216025591,0.9459549147784513,True,5.613059043884277,0.303358256816864,5.309700787067413,0.9459549143443647,0.0,0.0,0.0,0.18208041787147522,0.8307336568832397,False,False,True,output/resnet18_localisation_attack_preserve_cls_full/visuals/dev_val/digital_2/scan/usa-034_03__02374b29__clean_overlay.png,output/resnet18_localisation_attack_preserve_cls_full/visuals/dev_val/digital_2/scan/usa-034_03__02374b29__adv_overlay.png,output/resnet18_localisation_attack_preserve_cls_full/visuals/dev_val/digital_2/scan/usa-034_03__02374b29__paired.png,0.6320315003395081,0.45555439591407776,0.031068091299019607,0.033272537530637254
dev_val,digital_2,usa-067_03,huawei,train/attack/digital_2/huawei/usa-067_03.jpg,1.0,0.9999997615814209,2.384185791015625e-07,0.5006965398788452,15.157171249389648,0.0027862899005413055,True,1.0,0.25,10,0.0039215851575136185,0.0,10,1,0.48854416608810425,0.01390997413545847,0.08149944990873337,0.48854413628578186,0.013909973204135895,0.47463416308164597,0.9715277041090121,True,5.994447231292725,0.17067568004131317,5.823771551251411,0.9715277033134369,0.0,0.0,0.0,0.05346909910440445,0.920306384563446,False,False,True,output/resnet18_localisation_attack_preserve_cls_full/visuals/dev_val/digital_2/huawei/usa-067_03__70b51138__clean_overlay.png,output/resnet18_localisation_attack_preserve_cls_full/visuals/dev_val/digital_2/huawei/usa-067_03__70b51138__adv_overlay.png,output/resnet18_localisation_attack_preserve_cls_full/visuals/dev_val/digital_2/huawei/usa-067_03__70b51138__paired.png,0.7287588119506836,0.5223779678344727,0.021613152472527472,0.0173396481990232
dev_val,digital_2,usa-067_03,iphone15pro,train/attack/digital_2/iphone15pro/usa-067_03.jpg,1.0,0.9999997615814209,2.384185791015625e-07,0.7184132933616638,15.432150840759277,0.9366044998168945,True,1.0,0.25,10,0.0039215851575136185,0.0,8,0,0.47298699617385864,0.084378182888031,0.08372830599546432,0.47298696637153625,0.08437817543745041,0.38860879093408585,0.8216057070562691,True,5.649068832397461,1.0077617168426514,4.64130711555481,0.8216056934794052,0.0,1.0,-1.0,0.16372624039649963,0.8298465013504028,False,False,True,output/resnet18_localisation_attack_preserve_cls_full/visuals/dev_val/digital_2/iphone15pro/usa-067_03__6c99052e__clean_overlay.png,output/resnet18_localisation_attack_preserve_cls_full/visuals/dev_val/digital_2/iphone15pro/usa-067_03__6c99052e__adv_overlay.png,output/resnet18_localisation_attack_preserve_cls_full/visuals/dev_val/digital_2/iphone15pro/usa-067_03__6c99052e__paired.png,0.6628988981246948,0.43564558029174805,0.027294863676996423,0.020858164481525627
dev_val,digital_2,usa-067_03,scan,train/attack/digital_2/scan/usa-067_03.jpg,1.0,0.9999998807907104,1.1920928955078125e-07,0.9876950979232788,16.0076904296875,4.385378837585449,True,1.0,0.25,10,0.0039215851575136185,0.0,10,0,0.4730728268623352,0.13037380576133728,0.08437786251306534,0.4730727970600128,0.13037380576133728,0.34269899129867554,0.7244106899158728,True,5.606598377227783,1.5451185703277588,4.061479806900024,0.7244106914089765,0.0,1.0,-1.0,0.49661266803741455,0.5910815000534058,False,False,True,output/resnet18_localisation_attack_preserve_cls_full/visuals/dev_val/digital_2/scan/usa-067_03__e66367fa__clean_overlay.png,output/resnet18_localisation_attack_preserve_cls_full/visuals/dev_val/digital_2/scan/usa-067_03__e66367fa__adv_overlay.png,output/resnet18_localisation_attack_preserve_cls_full/visuals/dev_val/digital_2/scan/usa-067_03__e66367fa__paired.png,0.6870822310447693,0.48187822103500366,0.027229281135531136,0.03501316391941392
dev_val,digital_2,usa-NF-1036,huawei,train/attack/digital_2/huawei/usa-NF-1036.jpg,1.0,1.0,0.0,0.9896741509437561,22.270980834960938,4.562723159790039,True,1.0,0.25,10,0.0039215851575136185,0.0,10,0,0.4672929644584656,0.05995245650410652,0.10630715638399124,0.4672929346561432,0.05995246395468712,0.40734047070145607,0.8717026098440734,True,4.395686626434326,0.5639551281929016,3.8317314982414246,0.8717026084613387,0.0,0.0,0.0,0.22194352746009827,0.7768748998641968,False,False,True,output/resnet18_localisation_attack_preserve_cls_full/visuals/dev_val/digital_2/huawei/usa-NF-1036__05cae596__clean_overlay.png,output/resnet18_localisation_attack_preserve_cls_full/visuals/dev_val/digital_2/huawei/usa-NF-1036__05cae596__adv_overlay.png,output/resnet18_localisation_attack_preserve_cls_full/visuals/dev_val/digital_2/huawei/usa-NF-1036__05cae596__paired.png,0.6596029996871948,0.5404447913169861,0.043011260580411124,0.04037324289600967
dev_val,digital_2,usa-NF-1036,iphone15pro,train/attack/digital_2/iphone15pro/usa-NF-1036.jpg,1.0,1.0,0.0,0.9871800541877747,23.242521286010742,4.343849182128906,True,1.0,0.25,10,0.0039215851575136185,0.0,10,0,0.497533917427063,0.027074603363871574,0.10593133419752121,0.4975339472293854,0.027074605226516724,0.47045934200286865,0.9455823961816335,True,4.696759223937988,0.2555863857269287,4.44117283821106,0.9455823955325875,1.0,0.0,1.0,0.1014288067817688,0.8713386058807373,False,False,True,output/resnet18_localisation_attack_preserve_cls_full/visuals/dev_val/digital_2/iphone15pro/usa-NF-1036__151ec583__clean_overlay.png,output/resnet18_localisation_attack_preserve_cls_full/visuals/dev_val/digital_2/iphone15pro/usa-NF-1036__151ec583__adv_overlay.png,output/resnet18_localisation_attack_preserve_cls_full/visuals/dev_val/digital_2/iphone15pro/usa-NF-1036__151ec583__paired.png,0.6949845552444458,0.49915578961372375,0.049398398339599,0.04678199404761905
dev_val,digital_2,usa-NF-1036,scan,train/attack/digital_2/scan/usa-NF-1036.jpg,1.0,1.0,0.0,0.9999783039093018,26.119525909423828,10.739975929260254,True,1.0,0.25,10,0.0039215851575136185,0.0,10,0,0.5194159746170044,0.0770978033542633,0.11267297714948654,0.5194159746170044,0.07709778845310211,0.4423181861639023,0.851568314759763,True,4.60994291305542,0.6842615604400635,3.9256813526153564,0.8515683223533581,0.0,1.0,-1.0,0.2526167035102844,0.7133301496505737,False,False,True,output/resnet18_localisation_attack_preserve_cls_full/visuals/dev_val/digital_2/scan/usa-NF-1036__1b2fa637__clean_overlay.png,output/resnet18_localisation_attack_preserve_cls_full/visuals/dev_val/digital_2/scan/usa-NF-1036__1b2fa637__adv_overlay.png,output/resnet18_localisation_attack_preserve_cls_full/visuals/dev_val/digital_2/scan/usa-NF-1036__1b2fa637__paired.png,0.6908523440361023,0.4731602966785431,0.04683698296836983,0.05591592533454988
dev_val,digital_2,usa-NF-1065,huawei,train/attack/digital_2/huawei/usa-NF-1065.jpg,1.0,1.0,0.0,0.9999682903289795,28.048370361328125,10.358224868774414,True,1.0,0.25,10,0.0039215851575136185,0.0,10,0,0.60903000831604,0.14824849367141724,0.13910748064517975,0.6090299487113953,0.14824849367141724,0.460781455039978,0.756582588450558,True,4.378125190734863,1.0657118558883667,3.3124133348464966,0.7565825988385023,1.0,0.0,1.0,0.4246954917907715,0.6088904738426208,False,False,True,output/resnet18_localisation_attack_preserve_cls_full/visuals/dev_val/digital_2/huawei/usa-NF-1065__30f9e3ef__clean_overlay.png,output/resnet18_localisation_attack_preserve_cls_full/visuals/dev_val/digital_2/huawei/usa-NF-1065__30f9e3ef__adv_overlay.png,output/resnet18_localisation_attack_preserve_cls_full/visuals/dev_val/digital_2/huawei/usa-NF-1065__30f9e3ef__paired.png,0.6513402462005615,0.5127456784248352,0.04178030303030303,0.039592803030303034
dev_val,digital_2,usa-NF-1065,iphone15pro,train/attack/digital_2/iphone15pro/usa-NF-1065.jpg,1.0,1.0,0.0,0.9582849740982056,25.059616088867188,3.1342830657958984,True,1.0,0.25,10,0.0039215851575136185,0.0,10,0,0.6002303957939148,0.03883037716150284,0.13104981184005737,0.6002304553985596,0.03883036971092224,0.5614000856876373,0.9353075650166094,True,4.580170154571533,0.2963023781776428,4.28386777639389,0.9353075610341901,1.0,0.0,1.0,0.09704620391130447,0.8536940217018127,False,False,True,output/resnet18_localisation_attack_preserve_cls_full/visuals/dev_val/digital_2/iphone15pro/usa-NF-1065__dd98dfb9__clean_overlay.png,output/resnet18_localisation_attack_preserve_cls_full/visuals/dev_val/digital_2/iphone15pro/usa-NF-1065__dd98dfb9__adv_overlay.png,output/resnet18_localisation_attack_preserve_cls_full/visuals/dev_val/digital_2/iphone15pro/usa-NF-1065__dd98dfb9__paired.png,0.6501843333244324,0.400263249874115,0.04423444931629013,0.03983353151010702
dev_val,digital_2,usa-NF-1065,scan,train/attack/digital_2/scan/usa-NF-1065.jpg,1.0,1.0,0.0,0.9984180927276611,23.064067840576172,6.4475250244140625,True,1.0,0.25,10,0.0039215851575136185,0.0,10,0,0.5687732100486755,0.0815560594201088,0.12860779464244843,0.5687732100486755,0.0815560594201088,0.48721715062856674,0.8566105822510008,True,4.42254114151001,0.6341455578804016,3.788395583629608,0.8566105916057386,1.0,1.0,0.0,0.2563435137271881,0.7450050711631775,False,False,True,output/resnet18_localisation_attack_preserve_cls_full/visuals/dev_val/digital_2/scan/usa-NF-1065__b70ba3d3__clean_overlay.png,output/resnet18_localisation_attack_preserve_cls_full/visuals/dev_val/digital_2/scan/usa-NF-1065__b70ba3d3__adv_overlay.png,output/resnet18_localisation_attack_preserve_cls_full/visuals/dev_val/digital_2/scan/usa-NF-1065__b70ba3d3__paired.png,0.5846017003059387,0.4133940041065216,0.03978596806234719,0.04293293474938875
dev_val,digital_2,usa-NF-1076,huawei,train/attack/digital_2/huawei/usa-NF-1076.jpg,1.0,1.0,0.0,0.9612102508544922,20.849224090576172,3.210038900375366,True,1.0,0.25,10,0.0039215851575136185,0.0,10,0,0.6172469854354858,0.05384676158428192,0.18234872817993164,0.6172469854354858,0.053846754133701324,0.5634002313017845,0.9127630342403198,True,3.384981155395508,0.29529547691345215,3.0896856784820557,0.9127630366737007,1.0,1.0,0.0,0.20979955792427063,0.8477336168289185,False,False,True,output/resnet18_localisation_attack_preserve_cls_full/visuals/dev_val/digital_2/huawei/usa-NF-1076__2160c6b7__clean_overlay.png,output/resnet18_localisation_attack_preserve_cls_full/visuals/dev_val/digital_2/huawei/usa-NF-1076__2160c6b7__adv_overlay.png,output/resnet18_localisation_attack_preserve_cls_full/visuals/dev_val/digital_2/huawei/usa-NF-1076__2160c6b7__paired.png,0.645346462726593,0.39852601289749146,0.04552914915966386,0.03337428721488595
dev_val,digital_2,usa-NF-1076,iphone15pro,train/attack/digital_2/iphone15pro/usa-NF-1076.jpg,1.0,1.0,0.0,0.9975852966308594,19.550254821777344,6.023756980895996,True,1.0,0.25,10,0.0039215851575136185,0.0,10,0,0.6236827373504639,0.11020718514919281,0.1903051733970642,0.6236827969551086,0.11020718514919281,0.5134756118059158,0.8232960958884276,True,3.2772772312164307,0.5791076421737671,2.6981695890426636,0.8232961079222404,1.0,0.0,1.0,0.41373908519744873,0.649043619632721,False,False,True,output/resnet18_localisation_attack_preserve_cls_full/visuals/dev_val/digital_2/iphone15pro/usa-NF-1076__2eed734b__clean_overlay.png,output/resnet18_localisation_attack_preserve_cls_full/visuals/dev_val/digital_2/iphone15pro/usa-NF-1076__2eed734b__adv_overlay.png,output/resnet18_localisation_attack_preserve_cls_full/visuals/dev_val/digital_2/iphone15pro/usa-NF-1076__2eed734b__paired.png,0.6278942227363586,0.6472727060317993,0.0375,0.03275146484375
dev_val,digital_2,usa-NF-1076,scan,train/attack/digital_2/scan/usa-NF-1076.jpg,1.0,1.0,0.0,0.9964236617088318,20.79943084716797,5.629855155944824,True,1.0,0.25,10,0.0039215851575136185,0.0,10,0,0.5795676708221436,0.036247916519641876,0.18732984364032745,0.5795677304267883,0.036247916519641876,0.5433198139071465,0.9374569793715926,True,3.0938353538513184,0.19349780678749084,2.9003375470638275,0.9374569798788362,0.0,0.0,0.0,0.18494722247123718,0.8245254158973694,False,False,True,output/resnet18_localisation_attack_preserve_cls_full/visuals/dev_val/digital_2/scan/usa-NF-1076__f621f0d0__clean_overlay.png,output/resnet18_localisation_attack_preserve_cls_full/visuals/dev_val/digital_2/scan/usa-NF-1076__f621f0d0__adv_overlay.png,output/resnet18_localisation_attack_preserve_cls_full/visuals/dev_val/digital_2/scan/usa-NF-1076__f621f0d0__paired.png,0.589337170124054,0.5832966566085815,0.05091305598159509,0.04036857745398773
dev_val,digital_2,usa-NM-1038,huawei,train/attack/digital_2/huawei/usa-NM-1038.jpg,1.0,1.0,0.0,0.9491875171661377,19.10451889038086,2.9274649620056152,True,1.0,0.25,10,0.0039215851575136185,0.0,10,0,0.5227404832839966,0.001979258842766285,0.10249301046133041,0.5227404832839966,0.0019792586099356413,0.5207612246740609,0.9962136879135486,True,5.100255012512207,0.01931115798652172,5.080943854525685,0.9962136877589166,0.0,0.0,0.0,0.04083145409822464,0.940016508102417,False,False,True,output/resnet18_localisation_attack_preserve_cls_full/visuals/dev_val/digital_2/huawei/usa-NM-1038__ad9d0a84__clean_overlay.png,output/resnet18_localisation_attack_preserve_cls_full/visuals/dev_val/digital_2/huawei/usa-NM-1038__ad9d0a84__adv_overlay.png,output/resnet18_localisation_attack_preserve_cls_full/visuals/dev_val/digital_2/huawei/usa-NM-1038__ad9d0a84__paired.png,0.6891122460365295,0.3519192337989807,0.04251058041112454,0.033434571493349455
dev_val,digital_2,usa-NM-1038,iphone15pro,train/attack/digital_2/iphone15pro/usa-NM-1038.jpg,1.0,1.0,0.0,0.8953280448913574,21.673545837402344,2.146359443664551,True,1.0,0.25,10,0.0039215851575136185,0.0,10,0,0.5060579776763916,0.021620379760861397,0.1048518493771553,0.5060580372810364,0.021620381623506546,0.48443765565752983,0.9572768733411109,True,4.826410293579102,0.20619933307170868,4.620210960507393,0.9572768744203058,1.0,0.0,1.0,0.02015412226319313,0.9720901846885681,False,False,True,output/resnet18_localisation_attack_preserve_cls_full/visuals/dev_val/digital_2/iphone15pro/usa-NM-1038__7d08ffc9__clean_overlay.png,output/resnet18_localisation_attack_preserve_cls_full/visuals/dev_val/digital_2/iphone15pro/usa-NM-1038__7d08ffc9__adv_overlay.png,output/resnet18_localisation_attack_preserve_cls_full/visuals/dev_val/digital_2/iphone15pro/usa-NM-1038__7d08ffc9__paired.png,0.6955130100250244,0.6184510588645935,0.04594848778307509,0.026698916120381406
dev_val,digital_2,usa-NM-1038,scan,train/attack/digital_2/scan/usa-NM-1038.jpg,1.0,1.0,0.0,0.9907269477844238,22.106599807739258,4.671333312988281,True,1.0,0.25,10,0.0039215851575136185,0.0,10,0,0.4898264408111572,0.05270276963710785,0.1051216870546341,0.4898264706134796,0.052702777087688446,0.43712369352579117,0.8924052082736948,True,4.659614086151123,0.5013501644134521,4.158263921737671,0.8924052174398908,1.0,0.0,1.0,0.2590143084526062,0.720299482345581,False,False,True,output/resnet18_localisation_attack_preserve_cls_full/visuals/dev_val/digital_2/scan/usa-NM-1038__85ac62be__clean_overlay.png,output/resnet18_localisation_attack_preserve_cls_full/visuals/dev_val/digital_2/scan/usa-NM-1038__85ac62be__adv_overlay.png,output/resnet18_localisation_attack_preserve_cls_full/visuals/dev_val/digital_2/scan/usa-NM-1038__85ac62be__paired.png,0.6299550533294678,0.5504150986671448,0.045283298866421566,0.044364181219362746
official_test,facedancer,chinese2-flickr_F_16745558933_a3f9fe2bc9_k,huawei,test/attack/facedancer/huawei/chinese2-flickr_F_16745558933_a3f9fe2bc9_k.jpg,1.0,0.9999998807907104,1.1920928955078125e-07,0.999338686466217,15.764225006103516,7.32063102722168,True,1.0,0.25,10,0.0039215851575136185,0.0,8,0,0.4941183030605316,0.001904266537167132,0.0771317258477211,0.49411824345588684,0.0019042667699977756,0.49221397668588907,0.9961461314266009,True,6.406160831451416,0.02468850277364254,6.3814723286777735,0.9961461312909234,1.0,0.0,1.0,0.07939159870147705,0.90486079454422,False,False,True,output/resnet18_localisation_attack_preserve_cls_full/visuals/official_test/facedancer/huawei/chinese2-flickr_F_16745558933_a3f9fe2bc9_k__4a9b5367__clean_overlay.png,output/resnet18_localisation_attack_preserve_cls_full/visuals/official_test/facedancer/huawei/chinese2-flickr_F_16745558933_a3f9fe2bc9_k__4a9b5367__adv_overlay.png,output/resnet18_localisation_attack_preserve_cls_full/visuals/official_test/facedancer/huawei/chinese2-flickr_F_16745558933_a3f9fe2bc9_k__4a9b5367__paired.png,0.637090802192688,0.5282411575317383,0.04100846194987775,0.04673173899755501
official_test,facedancer,chinese2-flickr_F_16745558933_a3f9fe2bc9_k,iphone15,test/attack/facedancer/iphone15/chinese2-flickr_F_16745558933_a3f9fe2bc9_k.jpg,1.0,1.0,0.0,0.9992156028747559,17.92530059814453,7.14986515045166,True,1.0,0.25,10,0.0039215851575136185,0.0,10,0,0.5385997295379639,0.007604837883263826,0.08090867847204208,0.5385996699333191,0.007604837883263826,0.5309948320500553,0.9858803517569824,True,6.656883716583252,0.09399285167455673,6.562890864908695,0.9858803524777807,1.0,0.0,1.0,0.1295386552810669,0.8615413904190063,False,False,True,output/resnet18_localisation_attack_preserve_cls_full/visuals/official_test/facedancer/iphone15/chinese2-flickr_F_16745558933_a3f9fe2bc9_k__2fe0af6e__clean_overlay.png,output/resnet18_localisation_attack_preserve_cls_full/visuals/official_test/facedancer/iphone15/chinese2-flickr_F_16745558933_a3f9fe2bc9_k__2fe0af6e__adv_overlay.png,output/resnet18_localisation_attack_preserve_cls_full/visuals/official_test/facedancer/iphone15/chinese2-flickr_F_16745558933_a3f9fe2bc9_k__2fe0af6e__paired.png,0.630657434463501,0.3942161798477173,0.04019703584558824,0.05312691482843137
official_test,facedancer,chinese2-flickr_F_16745558933_a3f9fe2bc9_k,scan,test/attack/facedancer/scan/chinese2-flickr_F_16745558933_a3f9fe2bc9_k.jpg,1.0,1.0,0.0,0.9481947422027588,16.769428253173828,2.9070677757263184,True,1.0,0.25,10,0.0039215851575136185,0.0,10,0,0.505659282207489,8.032954792724922e-05,0.0795031189918518,0.5056592226028442,8.032955520320684e-05,0.505578893047641,0.9998411389496868,True,6.360243797302246,0.001010395004414022,6.359233402297832,0.9998411389505474,1.0,0.0,1.0,0.04318874329328537,0.9403663873672485,False,False,True,output/resnet18_localisation_attack_preserve_cls_full/visuals/official_test/facedancer/scan/chinese2-flickr_F_16745558933_a3f9fe2bc9_k__76595e86__clean_overlay.png,output/resnet18_localisation_attack_preserve_cls_full/visuals/official_test/facedancer/scan/chinese2-flickr_F_16745558933_a3f9fe2bc9_k__76595e86__adv_overlay.png,output/resnet18_localisation_attack_preserve_cls_full/visuals/official_test/facedancer/scan/chinese2-flickr_F_16745558933_a3f9fe2bc9_k__76595e86__paired.png,0.5891292095184326,0.3893437683582306,0.03909101277372263,0.03455035355839416
official_test,facedancer,chinese2-flickr_F_16858102101_d4c5c1e7a2_c,huawei,test/attack/facedancer/huawei/chinese2-flickr_F_16858102101_d4c5c1e7a2_c.jpg,1.0,1.0,0.0,0.9997773766517639,25.657190322875977,8.409830093383789,True,1.0,0.25,10,0.0039215851575136185,0.0,10,0,0.5173344612121582,0.017464255914092064,0.07415064424276352,0.5173344612121582,0.017464255914092064,0.49987020529806614,0.9662418469607228,True,6.976803302764893,0.235523983836174,6.741279318928719,0.9662418483630123,1.0,0.0,1.0,0.11284177005290985,0.8471457362174988,False,False,True,output/resnet18_localisation_attack_preserve_cls_full/visuals/official_test/facedancer/huawei/chinese2-flickr_F_16858102101_d4c5c1e7a2_c__ea1a4ad9__clean_overlay.png,output/resnet18_localisation_attack_preserve_cls_full/visuals/official_test/facedancer/huawei/chinese2-flickr_F_16858102101_d4c5c1e7a2_c__ea1a4ad9__adv_overlay.png,output/resnet18_localisation_attack_preserve_cls_full/visuals/official_test/facedancer/huawei/chinese2-flickr_F_16858102101_d4c5c1e7a2_c__ea1a4ad9__paired.png,0.6893494725227356,0.5538572669029236,0.03741584293275218,0.04599208047945205
official_test,facedancer,chinese2-flickr_F_16858102101_d4c5c1e7a2_c,scan,test/attack/facedancer/scan/chinese2-flickr_F_16858102101_d4c5c1e7a2_c.jpg,1.0,1.0,0.0,0.9998351335525513,24.56475067138672,8.710426330566406,True,1.0,0.25,10,0.0039215851575136185,0.0,10,0,0.5155195593833923,0.016592618077993393,0.07587212324142456,0.5155196189880371,0.01659262180328369,0.4989269971847534,0.9678137917702241,True,6.794585227966309,0.21869193017482758,6.575893297791481,0.9678137924777662,1.0,0.0,1.0,0.10681694000959396,0.8466809988021851,False,False,True,output/resnet18_localisation_attack_preserve_cls_full/visuals/official_test/facedancer/scan/chinese2-flickr_F_16858102101_d4c5c1e7a2_c__5749d184__clean_overlay.png,output/resnet18_localisation_attack_preserve_cls_full/visuals/official_test/facedancer/scan/chinese2-flickr_F_16858102101_d4c5c1e7a2_c__5749d184__adv_overlay.png,output/resnet18_localisation_attack_preserve_cls_full/visuals/official_test/facedancer/scan/chinese2-flickr_F_16858102101_d4c5c1e7a2_c__5749d184__paired.png,0.627937376499176,0.5729942321777344,0.040021220310596836,0.049841561358099876
official_test,facedancer,chinese2-flickr_F_17619703551_9705002b22_b,iphone15,test/attack/facedancer/iphone15/chinese2-flickr_F_17619703551_9705002b22_b.jpg,1.0,1.0,0.0,1.0,20.671146392822266,16.819772720336914,True,1.0,0.25,10,0.0039215851575136185,0.0,5,0,0.522188663482666,0.08341099321842194,0.07752933353185654,0.522188663482666,0.08341099321842194,0.4387776702642441,0.8402665567993688,True,6.7353692054748535,1.0758637189865112,5.659505486488342,0.8402665561210818,1.0,0.0,1.0,0.20413991808891296,0.8101130723953247,False,False,True,output/resnet18_localisation_attack_preserve_cls_full/visuals/official_test/facedancer/iphone15/chinese2-flickr_F_17619703551_9705002b22_b__2c5d0166__clean_overlay.png,output/resnet18_localisation_attack_preserve_cls_full/visuals/official_test/facedancer/iphone15/chinese2-flickr_F_17619703551_9705002b22_b__2c5d0166__adv_overlay.png,output/resnet18_localisation_attack_preserve_cls_full/visuals/official_test/facedancer/iphone15/chinese2-flickr_F_17619703551_9705002b22_b__2c5d0166__paired.png,0.7449492812156677,0.6575111150741577,0.0366347395200486,0.05233330801944107
official_test,facedancer,chinese2-flickr_F_17619703551_9705002b22_b,scan,test/attack/facedancer/scan/chinese2-flickr_F_17619703551_9705002b22_b.jpg,1.0,1.0,0.0,0.9999222755432129,20.284204483032227,9.461880683898926,True,1.0,0.25,10,0.0039215851575136185,0.0,10,0,0.5143450498580933,0.00013105929247103631,0.07421398162841797,0.5143449306488037,0.00013105930702295154,0.5142138713417808,0.999745191797929,True,6.930566787719727,0.0017659652512520552,6.9288008224684745,0.9997451917995537,1.0,0.0,1.0,0.021474475041031837,0.9611321687698364,False,False,True,output/resnet18_localisation_attack_preserve_cls_full/visuals/official_test/facedancer/scan/chinese2-flickr_F_17619703551_9705002b22_b__82c0da95__clean_overlay.png,output/resnet18_localisation_attack_preserve_cls_full/visuals/official_test/facedancer/scan/chinese2-flickr_F_17619703551_9705002b22_b__82c0da95__adv_overlay.png,output/resnet18_localisation_attack_preserve_cls_full/visuals/official_test/facedancer/scan/chinese2-flickr_F_17619703551_9705002b22_b__82c0da95__paired.png,0.7357234358787537,0.5872927308082581,0.039997329059829057,0.049832112332112335
official_test,facedancer,chinese2-flickr_F_17773666675_1bdbd28a62_c,iphone15,test/attack/facedancer/iphone15/chinese2-flickr_F_17773666675_1bdbd28a62_c.jpg,1.0,0.9999974966049194,2.5033950805664062e-06,0.993151068687439,12.890466690063477,4.9767913818359375,True,1.0,0.25,10,0.0039215851575136185,0.0,9,0,0.5977206230163574,7.14773777872324e-05,0.08239240944385529,0.5977206230163574,7.147737051127478e-05,0.5976491456458461,0.999880416756995,True,7.25455904006958,0.0008675237186253071,7.253691516350955,0.9998804167539566,1.0,0.0,1.0,0.00679791159927845,0.993546724319458,False,False,True,output/resnet18_localisation_attack_preserve_cls_full/visuals/official_test/facedancer/iphone15/chinese2-flickr_F_17773666675_1bdbd28a62_c__f05c35d7__clean_overlay.png,output/resnet18_localisation_attack_preserve_cls_full/visuals/official_test/facedancer/iphone15/chinese2-flickr_F_17773666675_1bdbd28a62_c__f05c35d7__adv_overlay.png,output/resnet18_localisation_attack_preserve_cls_full/visuals/official_test/facedancer/iphone15/chinese2-flickr_F_17773666675_1bdbd28a62_c__f05c35d7__paired.png,0.78220134973526,0.5540420413017273,0.02962477189781022,0.03966126824817518
official_test,facedancer,chinese2-flickr_F_17773666675_1bdbd28a62_c,scan,test/attack/facedancer/scan/chinese2-flickr_F_17773666675_1bdbd28a62_c.jpg,1.0,0.9999997615814209,2.384185791015625e-07,0.9933739900588989,15.333803176879883,5.010093688964844,True,1.0,0.25,10,0.0039215851575136185,0.0,10,0,0.570155680179596,0.0010880546178668737,0.08487606793642044,0.5701556205749512,0.001088054501451552,0.5690675660734996,0.9980916534676018,True,6.717507362365723,0.01281933207064867,6.704688030295074,0.998091653439419,1.0,0.0,1.0,0.04419063776731491,0.9317700862884521,False,False,True,output/resnet18_localisation_attack_preserve_cls_full/visuals/official_test/facedancer/scan/chinese2-flickr_F_17773666675_1bdbd28a62_c__08c3d1db__clean_overlay.png,output/resnet18_localisation_attack_preserve_cls_full/visuals/official_test/facedancer/scan/chinese2-flickr_F_17773666675_1bdbd28a62_c__08c3d1db__adv_overlay.png,output/resnet18_localisation_attack_preserve_cls_full/visuals/official_test/facedancer/scan/chinese2-flickr_F_17773666675_1bdbd28a62_c__08c3d1db__paired.png,0.7239960432052612,0.46555912494659424,0.03635394354345165,0.04505813953488372
official_test,facedancer,chinese2-flickr_F_21668538829_2fb67bd5fd_c,iphone15,test/attack/facedancer/iphone15/chinese2-flickr_F_21668538829_2fb67bd5fd_c.jpg,1.0,0.9997765421867371,0.00022345781326293945,0.998207688331604,8.405986785888672,6.322479724884033,True,1.0,0.25,10,0.0039215851575136185,0.0,5,0,0.5529710650444031,0.004547749646008015,0.09224098175764084,0.5529710650444031,0.004547749646008015,0.5484233153983951,0.9917757909346616,True,5.994852066040039,0.04930291697382927,5.94554914906621,0.9917757908901333,1.0,0.0,1.0,0.09697633981704712,0.8796344995498657,False,False,True,output/resnet18_localisation_attack_preserve_cls_full/visuals/official_test/facedancer/iphone15/chinese2-flickr_F_21668538829_2fb67bd5fd_c__e9bc22c9__clean_overlay.png,output/resnet18_localisation_attack_preserve_cls_full/visuals/official_test/facedancer/iphone15/chinese2-flickr_F_21668538829_2fb67bd5fd_c__e9bc22c9__adv_overlay.png,output/resnet18_localisation_attack_preserve_cls_full/visuals/official_test/facedancer/iphone15/chinese2-flickr_F_21668538829_2fb67bd5fd_c__e9bc22c9__paired.png,0.6133012175559998,0.6298266053199768,0.04144302032396088,0.049816625916870416
official_test,facedancer,chinese2-flickr_F_21696826019_7407a3bea0_k,huawei,test/attack/facedancer/huawei/chinese2-flickr_F_21696826019_7407a3bea0_k.jpg,1.0,1.0,0.0,0.9994974136352539,20.361841201782227,7.5953569412231445,True,1.0,0.25,10,0.0039215851575136185,0.0,9,0,0.568466067314148,0.0002537409891374409,0.08438365906476974,0.568466067314148,0.0002537410182412714,0.5682123262959067,0.9995536391126385,True,6.736684322357178,0.003006992395967245,6.7336773299612105,0.9995536391120499,1.0,0.0,1.0,0.016651613637804985,0.9714539051055908,False,False,True,output/resnet18_localisation_attack_preserve_cls_full/visuals/official_test/facedancer/huawei/chinese2-flickr_F_21696826019_7407a3bea0_k__33f56a20__clean_overlay.png,output/resnet18_localisation_attack_preserve_cls_full/visuals/official_test/facedancer/huawei/chinese2-flickr_F_21696826019_7407a3bea0_k__33f56a20__adv_overlay.png,output/resnet18_localisation_attack_preserve_cls_full/visuals/official_test/facedancer/huawei/chinese2-flickr_F_21696826019_7407a3bea0_k__33f56a20__paired.png,0.6458947658538818,0.6160442233085632,0.04014970751231527,0.0437192118226601
official_test,facedancer,chinese2-flickr_F_21696826019_7407a3bea0_k,scan,test/attack/facedancer/scan/chinese2-flickr_F_21696826019_7407a3bea0_k.jpg,1.0,0.9999938011169434,6.198883056640625e-06,0.8343701958656311,11.988815307617188,1.6169219017028809,True,1.0,0.25,10,0.0039215851575136185,0.0,10,0,0.5246915817260742,2.5215495043084957e-05,0.08522770553827286,0.5246915221214294,2.5215493224095553e-05,0.5246663066282053,0.9999519422514735,True,6.156349182128906,0.0002958602854050696,6.156053321843501,0.9999519422507314,1.0,0.0,1.0,0.017435073852539062,0.9771857261657715,False,False,True,output/resnet18_localisation_attack_preserve_cls_full/visuals/official_test/facedancer/scan/chinese2-flickr_F_21696826019_7407a3bea0_k__c90d8cdd__clean_overlay.png,output/resnet18_localisation_attack_preserve_cls_full/visuals/official_test/facedancer/scan/chinese2-flickr_F_21696826019_7407a3bea0_k__c90d8cdd__adv_overlay.png,output/resnet18_localisation_attack_preserve_cls_full/visuals/official_test/facedancer/scan/chinese2-flickr_F_21696826019_7407a3bea0_k__c90d8cdd__paired.png,0.4655728340148926,0.6341356635093689,0.03809546493902439,0.023170731707317073
official_test,facedancer,chinese2-flickr_F_25164779518_a723fab6b8_o,iphone15,test/attack/facedancer/iphone15/chinese2-flickr_F_25164779518_a723fab6b8_o.jpg,1.0,1.0,0.0,0.9999890327453613,25.149398803710938,11.424985885620117,True,1.0,0.25,10,0.0039215851575136185,0.0,10,0,0.5140414237976074,0.03534919023513794,0.09468347579240799,0.5140414237976074,0.03534919023513794,0.4786922335624695,0.9312327983725764,True,5.429050922393799,0.3733406364917755,5.055710285902023,0.9312327989130077,1.0,0.0,1.0,0.2672346830368042,0.7163445353507996,False,False,True,output/resnet18_localisation_attack_preserve_cls_full/visuals/official_test/facedancer/iphone15/chinese2-flickr_F_25164779518_a723fab6b8_o__269f1ddb__clean_overlay.png,output/resnet18_localisation_attack_preserve_cls_full/visuals/official_test/facedancer/iphone15/chinese2-flickr_F_25164779518_a723fab6b8_o__269f1ddb__adv_overlay.png,output/resnet18_localisation_attack_preserve_cls_full/visuals/official_test/facedancer/iphone15/chinese2-flickr_F_25164779518_a723fab6b8_o__269f1ddb__paired.png,0.6398707032203674,0.4143328368663788,0.0383611940870098,0.058363970588235295
official_test,facedancer,chinese2-flickr_F_30990251270_6801e68759_c,iphone15,test/attack/facedancer/iphone15/chinese2-flickr_F_30990251270_6801e68759_c.jpg,1.0,1.0,0.0,0.9972879886627197,19.48649787902832,5.907351493835449,True,1.0,0.25,10,0.0039215851575136185,0.0,10,0,0.574619472026825,0.09228289127349854,0.07624385505914688,0.5746195316314697,0.09228289127349854,0.4823366403579712,0.8394017498648413,True,7.5366010665893555,1.2103649377822876,6.326236128807068,0.8394017505917915,1.0,0.0,1.0,0.08270581811666489,0.9221726655960083,False,False,True,output/resnet18_localisation_attack_preserve_cls_full/visuals/official_test/facedancer/iphone15/chinese2-flickr_F_30990251270_6801e68759_c__7edd2491__clean_overlay.png,output/resnet18_localisation_attack_preserve_cls_full/visuals/official_test/facedancer/iphone15/chinese2-flickr_F_30990251270_6801e68759_c__7edd2491__adv_overlay.png,output/resnet18_localisation_attack_preserve_cls_full/visuals/official_test/facedancer/iphone15/chinese2-flickr_F_30990251270_6801e68759_c__7edd2491__paired.png,0.7527661919593811,0.6594417691230774,0.03244970823095823,0.03974393427518427
official_test,facedancer,chinese2-flickr_F_30990251270_6801e68759_c,scan,test/attack/facedancer/scan/chinese2-flickr_F_30990251270_6801e68759_c.jpg,1.0,0.9999986886978149,1.3113021850585938e-06,0.9736326932907104,13.501655578613281,3.6089086532592773,True,1.0,0.25,10,0.0039215851575136185,0.0,7,0,0.5828462839126587,0.07537754625082016,0.08271412551403046,0.5828462839126587,0.07537753880023956,0.5074687451124191,0.8706733818491067,True,7.046514511108398,0.911301851272583,6.135212659835815,0.870673387554092,1.0,0.0,1.0,0.03767411410808563,0.9677357077598572,False,False,True,output/resnet18_localisation_attack_preserve_cls_full/visuals/official_test/facedancer/scan/chinese2-flickr_F_30990251270_6801e68759_c__21619e62__clean_overlay.png,output/resnet18_localisation_attack_preserve_cls_full/visuals/official_test/facedancer/scan/chinese2-flickr_F_30990251270_6801e68759_c__21619e62__adv_overlay.png,output/resnet18_localisation_attack_preserve_cls_full/visuals/official_test/facedancer/scan/chinese2-flickr_F_30990251270_6801e68759_c__21619e62__paired.png,0.7071672677993774,0.6012952327728271,0.03098257946210269,0.027935895476772617
official_test,facedancer,chinese2-flickr_F_31196390972_be24a6067c_k,huawei,test/attack/facedancer/huawei/chinese2-flickr_F_31196390972_be24a6067c_k.jpg,1.0,1.0,0.0,0.9996225833892822,21.572893142700195,7.881769180297852,True,1.0,0.25,10,0.0039215851575136185,0.0,10,0,0.5148497819900513,0.05222887173295021,0.08630310744047165,0.5148497223854065,0.05222886800765991,0.4626208543777466,0.8985551205783454,True,5.9655985832214355,0.6051794290542603,5.360419154167175,0.8985551205613532,1.0,0.0,1.0,0.2809658944606781,0.6968977451324463,False,False,True,output/resnet18_localisation_attack_preserve_cls_full/visuals/official_test/facedancer/huawei/chinese2-flickr_F_31196390972_be24a6067c_k__381c40a8__clean_overlay.png,output/resnet18_localisation_attack_preserve_cls_full/visuals/official_test/facedancer/huawei/chinese2-flickr_F_31196390972_be24a6067c_k__381c40a8__adv_overlay.png,output/resnet18_localisation_attack_preserve_cls_full/visuals/official_test/facedancer/huawei/chinese2-flickr_F_31196390972_be24a6067c_k__381c40a8__paired.png,0.6008171439170837,0.6092949509620667,0.03489888008004926,0.04410406403940887
official_test,facedancer,chinese2-flickr_F_31196390972_be24a6067c_k,scan,test/attack/facedancer/scan/chinese2-flickr_F_31196390972_be24a6067c_k.jpg,1.0,1.0,0.0,0.9983429908752441,17.801410675048828,6.401087760925293,True,1.0,0.25,10,0.0039215851575136185,0.0,10,0,0.5397642850875854,0.04750608280301094,0.08569484949111938,0.5397642254829407,0.047506075352430344,0.49225815013051033,0.9119873583509069,True,6.298677921295166,0.5543632507324219,5.744314670562744,0.9119873634341299,1.0,0.0,1.0,0.2527064085006714,0.6861642599105835,False,False,True,output/resnet18_localisation_attack_preserve_cls_full/visuals/official_test/facedancer/scan/chinese2-flickr_F_31196390972_be24a6067c_k__ff024cc1__clean_overlay.png,output/resnet18_localisation_attack_preserve_cls_full/visuals/official_test/facedancer/scan/chinese2-flickr_F_31196390972_be24a6067c_k__ff024cc1__adv_overlay.png,output/resnet18_localisation_attack_preserve_cls_full/visuals/official_test/facedancer/scan/chinese2-flickr_F_31196390972_be24a6067c_k__ff024cc1__paired.png,0.6263085007667542,0.4408884346485138,0.03660265682095006,0.04499086479902558
official_test,facedancer,chinese2-flickr_F_31226153591_900ef17f37_k,huawei,test/attack/facedancer/huawei/chinese2-flickr_F_31226153591_900ef17f37_k.jpg,0.99462890625,0.9947828650474548,0.00015395879745483398,0.8607009053230286,5.250582695007324,1.8211239576339722,True,1.0,0.25,10,0.0039215851575136185,0.0,9,0,0.6577514410018921,3.413528247619979e-05,0.09142473340034485,0.6577514410018921,3.413528247619979e-05,0.6577173057194159,0.9999481030669819,True,7.1944580078125,0.00037337030516937375,7.194084637507331,0.9999481030670047,1.0,0.0,1.0,0.0013824671041220427,0.9989278316497803,False,False,True,output/resnet18_localisation_attack_preserve_cls_full/visuals/official_test/facedancer/huawei/chinese2-flickr_F_31226153591_900ef17f37_k__ad3e4bb6__clean_overlay.png,output/resnet18_localisation_attack_preserve_cls_full/visuals/official_test/facedancer/huawei/chinese2-flickr_F_31226153591_900ef17f37_k__ad3e4bb6__adv_overlay.png,output/resnet18_localisation_attack_preserve_cls_full/visuals/official_test/facedancer/huawei/chinese2-flickr_F_31226153591_900ef17f37_k__ad3e4bb6__paired.png,0.57337486743927,0.5788081884384155,0.023724509651307596,0.0224159402241594
official_test,facedancer,chinese2-flickr_F_31226153591_900ef17f37_k,iphone15,test/attack/facedancer/iphone15/chinese2-flickr_F_31226153591_900ef17f37_k.jpg,1.0,0.9999929666519165,7.033348083496094e-06,0.9996916055679321,11.865912437438965,8.083569526672363,True,1.0,0.25,10,0.0039215851575136185,0.0,10,0,0.6217929124832153,0.005774132441729307,0.09001629799604416,0.6217930316925049,0.005774132441729307,0.6160188992507756,0.9907137389011706,True,6.9075608253479,0.06414541602134705,6.843415409326553,0.9907137385188184,1.0,0.0,1.0,0.05638257414102554,0.9399273991584778,False,False,True,output/resnet18_localisation_attack_preserve_cls_full/visuals/official_test/facedancer/iphone15/chinese2-flickr_F_31226153591_900ef17f37_k__c16723a8__clean_overlay.png,output/resnet18_localisation_attack_preserve_cls_full/visuals/official_test/facedancer/iphone15/chinese2-flickr_F_31226153591_900ef17f37_k__c16723a8__adv_overlay.png,output/resnet18_localisation_attack_preserve_cls_full/visuals/official_test/facedancer/iphone15/chinese2-flickr_F_31226153591_900ef17f37_k__c16723a8__paired.png,0.639565646648407,0.4907640516757965,0.03144171779141104,0.05512365797546012
official_test,facedancer,chinese2-flickr_F_31226153591_900ef17f37_k,scan,test/attack/facedancer/scan/chinese2-flickr_F_31226153591_900ef17f37_k.jpg,1.0,0.9999854564666748,1.4543533325195312e-05,0.9553683400154114,11.141765594482422,3.0636544227600098,True,1.0,0.25,10,0.0039215851575136185,0.0,10,0,0.6060704588890076,0.00017953600035980344,0.08855359256267548,0.6060705184936523,0.00017953597125597298,0.6058909825223964,0.9997037704924137,True,6.844110012054443,0.002027427311986685,6.842082584742457,0.9997037704963223,1.0,0.0,1.0,0.0088041415438056,0.9884151220321655,False,False,True,output/resnet18_localisation_attack_preserve_cls_full/visuals/official_test/facedancer/scan/chinese2-flickr_F_31226153591_900ef17f37_k__c1ffc523__clean_overlay.png,output/resnet18_localisation_attack_preserve_cls_full/visuals/official_test/facedancer/scan/chinese2-flickr_F_31226153591_900ef17f37_k__c1ffc523__adv_overlay.png,output/resnet18_localisation_attack_preserve_cls_full/visuals/official_test/facedancer/scan/chinese2-flickr_F_31226153591_900ef17f37_k__c1ffc523__paired.png,0.6018826365470886,0.6401179432868958,0.03560935592185592,0.028571905525030524
official_test,facedancer,chinese2-flickr_F_31998401683_5272a75c42_c,scan,test/attack/facedancer/scan/chinese2-flickr_F_31998401683_5272a75c42_c.jpg,1.0,1.0,0.0,0.9999619722366333,22.10008430480957,10.176090240478516,True,1.0,0.25,10,0.0039215851575136185,0.0,10,0,0.4721987843513489,0.025348877534270287,0.08504668623209,0.4721987843513489,0.025348875671625137,0.44684990867972374,0.9463173635517795,True,5.552230358123779,0.2980583608150482,5.254171997308731,0.9463173640879395,1.0,0.0,1.0,0.24236157536506653,0.7533591389656067,False,False,True,output/resnet18_localisation_attack_preserve_cls_full/visuals/official_test/facedancer/scan/chinese2-flickr_F_31998401683_5272a75c42_c__468660bc__clean_overlay.png,output/resnet18_localisation_attack_preserve_cls_full/visuals/official_test/facedancer/scan/chinese2-flickr_F_31998401683_5272a75c42_c__468660bc__adv_overlay.png,output/resnet18_localisation_attack_preserve_cls_full/visuals/official_test/facedancer/scan/chinese2-flickr_F_31998401683_5272a75c42_c__468660bc__paired.png,0.659605085849762,0.4548155665397644,0.04507669588414634,0.058034012957317076
official_test,facedancer,chinese2-flickr_F_31998955273_5516f4db28_h,scan,test/attack/facedancer/scan/chinese2-flickr_F_31998955273_5516f4db28_h.jpg,0.9013671875,0.9015035629272461,0.00013637542724609375,0.5001055598258972,2.214043617248535,0.0004222765564918518,True,1.0,0.25,10,0.0039215851575136185,0.0,10,1,0.5567411780357361,0.0,0.07144076377153397,0.5567411780357361,0.0,0.5567411780357361,1.0,True,7.793046474456787,0.0,7.793046474456787,1.0,1.0,0.0,1.0,0.014450393617153168,0.9909359216690063,False,False,True,output/resnet18_localisation_attack_preserve_cls_full/visuals/official_test/facedancer/scan/chinese2-flickr_F_31998955273_5516f4db28_h__0da69bbf__clean_overlay.png,output/resnet18_localisation_attack_preserve_cls_full/visuals/official_test/facedancer/scan/chinese2-flickr_F_31998955273_5516f4db28_h__0da69bbf__adv_overlay.png,output/resnet18_localisation_attack_preserve_cls_full/visuals/official_test/facedancer/scan/chinese2-flickr_F_31998955273_5516f4db28_h__0da69bbf__paired.png,0.6534874439239502,0.629643440246582,0.026215488470873786,0.022574711771844662
official_test,facedancer,chinese2-flickr_F_32689517821_bfacb0e1ba_h,scan,test/attack/facedancer/scan/chinese2-flickr_F_32689517821_bfacb0e1ba_h.jpg,1.0,0.999882698059082,0.00011730194091796875,0.981436550617218,9.051092147827148,3.9678239822387695,True,1.0,0.25,10,0.0039215851575136185,0.0,7,0,0.39866936206817627,0.0008335851016454399,0.08736836165189743,0.39866936206817627,0.000833585043437779,0.3978357770247385,0.997909081753578,True,4.563086032867432,0.009541040286421776,4.55354499258101,0.997909081657085,1.0,0.0,1.0,0.2603178024291992,0.8243834972381592,False,False,True,output/resnet18_localisation_attack_preserve_cls_full/visuals/official_test/facedancer/scan/chinese2-flickr_F_32689517821_bfacb0e1ba_h__37f2a7ea__clean_overlay.png,output/resnet18_localisation_attack_preserve_cls_full/visuals/official_test/facedancer/scan/chinese2-flickr_F_32689517821_bfacb0e1ba_h__37f2a7ea__adv_overlay.png,output/resnet18_localisation_attack_preserve_cls_full/visuals/official_test/facedancer/scan/chinese2-flickr_F_32689517821_bfacb0e1ba_h__37f2a7ea__paired.png,0.46431294083595276,0.37112680077552795,0.03881448412698413,0.04092023427960928
official_test,facedancer,chinese2-flickr_F_33552328531_f6d5dd17b8_c,iphone15,test/attack/facedancer/iphone15/chinese2-flickr_F_33552328531_f6d5dd17b8_c.jpg,1.0,1.0,0.0,0.9999992847442627,31.713260650634766,14.131088256835938,True,1.0,0.25,10,0.0039215851575136185,0.0,10,0,0.5030538439750671,0.04113832116127014,0.08121165633201599,0.5030538439750671,0.04113832488656044,0.4619155190885067,0.9182228197254381,True,6.194355010986328,0.5065569281578064,5.687798082828522,0.9182228129870865,1.0,0.0,1.0,0.2023075819015503,0.7676213979721069,False,False,True,output/resnet18_localisation_attack_preserve_cls_full/visuals/official_test/facedancer/iphone15/chinese2-flickr_F_33552328531_f6d5dd17b8_c__493b1c11__clean_overlay.png,output/resnet18_localisation_attack_preserve_cls_full/visuals/official_test/facedancer/iphone15/chinese2-flickr_F_33552328531_f6d5dd17b8_c__493b1c11__adv_overlay.png,output/resnet18_localisation_attack_preserve_cls_full/visuals/official_test/facedancer/iphone15/chinese2-flickr_F_33552328531_f6d5dd17b8_c__493b1c11__paired.png,0.6808333396911621,0.6836328506469727,0.04435630751533742,0.05852904524539877
official_test,facedancer,chinese2-flickr_F_33552328531_f6d5dd17b8_c,scan,test/attack/facedancer/scan/chinese2-flickr_F_33552328531_f6d5dd17b8_c.jpg,1.0,1.0,0.0,1.0,29.28249168395996,18.32363510131836,True,1.0,0.25,10,0.0039215851575136185,0.0,10,0,0.47576677799224854,0.06242380291223526,0.07838255167007446,0.4757668077945709,0.06242380291223526,0.41334300488233566,0.8687932787879794,True,6.069804668426514,0.7963991761207581,5.273405492305756,0.8687932776052232,1.0,0.0,1.0,0.3205450177192688,0.7033882737159729,False,False,True,output/resnet18_localisation_attack_preserve_cls_full/visuals/official_test/facedancer/scan/chinese2-flickr_F_33552328531_f6d5dd17b8_c__59e5fe59__clean_overlay.png,output/resnet18_localisation_attack_preserve_cls_full/visuals/official_test/facedancer/scan/chinese2-flickr_F_33552328531_f6d5dd17b8_c__59e5fe59__adv_overlay.png,output/resnet18_localisation_attack_preserve_cls_full/visuals/official_test/facedancer/scan/chinese2-flickr_F_33552328531_f6d5dd17b8_c__59e5fe59__paired.png,0.6213156580924988,0.6707859039306641,0.048680269383394384,0.0672862293956044
official_test,facedancer,chinese2-flickr_F_39035705701_833f3da9bf_o,huawei,test/attack/facedancer/huawei/chinese2-flickr_F_39035705701_833f3da9bf_o.jpg,1.0,0.9998937845230103,0.0001062154769897461,0.9259830117225647,9.14981460571289,2.526561975479126,True,1.0,0.25,10,0.0039215851575136185,0.0,7,0,0.47041055560112,0.0004702262522187084,0.08396491408348083,0.4704105257987976,0.0004702263104263693,0.46994029948837124,0.9990003916055494,True,5.6024651527404785,0.00560027128085494,5.596864881459624,0.9990003915904563,1.0,0.0,1.0,0.08200646936893463,0.9189450144767761,False,False,True,output/resnet18_localisation_attack_preserve_cls_full/visuals/official_test/facedancer/huawei/chinese2-flickr_F_39035705701_833f3da9bf_o__23a150fa__clean_overlay.png,output/resnet18_localisation_attack_preserve_cls_full/visuals/official_test/facedancer/huawei/chinese2-flickr_F_39035705701_833f3da9bf_o__23a150fa__adv_overlay.png,output/resnet18_localisation_attack_preserve_cls_full/visuals/official_test/facedancer/huawei/chinese2-flickr_F_39035705701_833f3da9bf_o__23a150fa__paired.png,0.43302327394485474,0.46179816126823425,0.03841064757160648,0.0323785803237858
official_test,facedancer,chinese2-flickr_F_39035705701_833f3da9bf_o,iphone15,test/attack/facedancer/iphone15/chinese2-flickr_F_39035705701_833f3da9bf_o.jpg,1.0,1.0,0.0,0.9060117602348328,17.690025329589844,2.2658824920654297,True,1.0,0.25,10,0.0039215851575136185,0.0,10,0,0.5201801061630249,0.0031288720201700926,0.08281250298023224,0.5201801061630249,0.0031288720201700926,0.5170512341428548,0.9939850217586186,True,6.2814202308654785,0.03778260573744774,6.243637625128031,0.9939850218025865,1.0,0.0,1.0,0.08234648406505585,0.8776887059211731,False,False,True,output/resnet18_localisation_attack_preserve_cls_full/visuals/official_test/facedancer/iphone15/chinese2-flickr_F_39035705701_833f3da9bf_o__a6def542__clean_overlay.png,output/resnet18_localisation_attack_preserve_cls_full/visuals/official_test/facedancer/iphone15/chinese2-flickr_F_39035705701_833f3da9bf_o__a6def542__adv_overlay.png,output/resnet18_localisation_attack_preserve_cls_full/visuals/official_test/facedancer/iphone15/chinese2-flickr_F_39035705701_833f3da9bf_o__a6def542__paired.png,0.6556046009063721,0.44089725613594055,0.03551793981481482,0.041336323302469134
official_test,facedancer,chinese2-flickr_F_48677929383_2cdc743f43_c,huawei,test/attack/facedancer/huawei/chinese2-flickr_F_48677929383_2cdc743f43_c.jpg,1.0,0.9999324083328247,6.759166717529297e-05,0.9999762773513794,9.60177230834961,10.647665023803711,True,1.0,0.25,10,0.003921577241271734,0.0,4,0,0.5581416487693787,0.1121470183134079,0.08266207575798035,0.5581417083740234,0.1121470108628273,0.44599469751119614,0.799070721323562,True,6.752089500427246,1.3566924333572388,5.395397067070007,0.7990707271769143,1.0,0.0,1.0,0.05252253636717796,0.9533758163452148,False,False,True,output/resnet18_localisation_attack_preserve_cls_full/visuals/official_test/facedancer/huawei/chinese2-flickr_F_48677929383_2cdc743f43_c__41ca80af__clean_overlay.png,output/resnet18_localisation_attack_preserve_cls_full/visuals/official_test/facedancer/huawei/chinese2-flickr_F_48677929383_2cdc743f43_c__41ca80af__adv_overlay.png,output/resnet18_localisation_attack_preserve_cls_full/visuals/official_test/facedancer/huawei/chinese2-flickr_F_48677929383_2cdc743f43_c__41ca80af__paired.png,0.6778556108474731,0.7381600737571716,0.032819778726708076,0.03454968944099379
official_test,facedancer,chinese2-flickr_F_48677929383_2cdc743f43_c,scan,test/attack/facedancer/scan/chinese2-flickr_F_48677929383_2cdc743f43_c.jpg,1.0,0.9999983310699463,1.6689300537109375e-06,0.9222481846809387,13.336580276489258,2.4732918739318848,True,1.0,0.25,10,0.0039215851575136185,0.0,10,0,0.5583657622337341,0.0013548167189583182,0.08507155627012253,0.5583657622337341,0.0013548167189583182,0.5570109455147758,0.9975736035219309,True,6.563483238220215,0.015925612300634384,6.5475576259195805,0.997573603569535,1.0,0.0,1.0,0.03358536958694458,0.951904296875,False,False,True,output/resnet18_localisation_attack_preserve_cls_full/visuals/official_test/facedancer/scan/chinese2-flickr_F_48677929383_2cdc743f43_c__5b69e5f2__clean_overlay.png,output/resnet18_localisation_attack_preserve_cls_full/visuals/official_test/facedancer/scan/chinese2-flickr_F_48677929383_2cdc743f43_c__5b69e5f2__adv_overlay.png,output/resnet18_localisation_attack_preserve_cls_full/visuals/official_test/facedancer/scan/chinese2-flickr_F_48677929383_2cdc743f43_c__5b69e5f2__paired.png,0.6369917392730713,0.46753638982772827,0.03567486297198538,0.03313175624238733
official_test,facedancer,chinese2-flickr_M_16743317854_732a16acc8_k,scan,test/attack/facedancer/scan/chinese2-flickr_M_16743317854_732a16acc8_k.jpg,1.0,1.0,0.0,0.9993158578872681,16.87342071533203,7.286623001098633,True,1.0,0.25,10,0.0039215851575136185,0.0,9,0,0.5033518075942993,0.0015673632733523846,0.07216282933950424,0.5033518075942993,0.0015673633897677064,0.5017844442045316,0.9968861472907812,True,6.975222587585449,0.02171981707215309,6.953502770513296,0.9968861471014832,1.0,0.0,1.0,0.041092053055763245,0.9374436736106873,False,False,True,output/resnet18_localisation_attack_preserve_cls_full/visuals/official_test/facedancer/scan/chinese2-flickr_M_16743317854_732a16acc8_k__2bc63466__clean_overlay.png,output/resnet18_localisation_attack_preserve_cls_full/visuals/official_test/facedancer/scan/chinese2-flickr_M_16743317854_732a16acc8_k__2bc63466__adv_overlay.png,output/resnet18_localisation_attack_preserve_cls_full/visuals/official_test/facedancer/scan/chinese2-flickr_M_16743317854_732a16acc8_k__2bc63466__paired.png,0.6411157846450806,0.5663736462593079,0.034281288249694,0.05018359853121175
official_test,facedancer,chinese2-flickr_M_21459989349_7ab0e1ace5_k,huawei,test/attack/facedancer/huawei/chinese2-flickr_M_21459989349_7ab0e1ace5_k.jpg,1.0,0.9999992847442627,7.152557373046875e-07,0.9753730297088623,14.162471771240234,3.6789801120758057,True,1.0,0.25,10,0.0039215851575136185,0.0,10,0,0.5335472226142883,0.014523978345096111,0.08095533400774002,0.5335471630096436,0.014523981139063835,0.5190231818705797,0.9727784493180759,True,6.590636253356934,0.17940734326839447,6.411228910088539,0.9727784486396115,1.0,0.0,1.0,0.12447785586118698,0.8365895748138428,False,False,True,output/resnet18_localisation_attack_preserve_cls_full/visuals/official_test/facedancer/huawei/chinese2-flickr_M_21459989349_7ab0e1ace5_k__f0a5015a__clean_overlay.png,output/resnet18_localisation_attack_preserve_cls_full/visuals/official_test/facedancer/huawei/chinese2-flickr_M_21459989349_7ab0e1ace5_k__f0a5015a__adv_overlay.png,output/resnet18_localisation_attack_preserve_cls_full/visuals/official_test/facedancer/huawei/chinese2-flickr_M_21459989349_7ab0e1ace5_k__f0a5015a__paired.png,0.6485346555709839,0.5120304822921753,0.03546157723325062,0.03891952931141439
official_test,facedancer,chinese2-flickr_M_22911363774_20c12ce7ec_c,huawei,test/attack/facedancer/huawei/chinese2-flickr_M_22911363774_20c12ce7ec_c.jpg,1.0,1.0,0.0,0.9436445832252502,16.798933029174805,2.8180718421936035,True,1.0,0.25,10,0.0039215851575136185,0.0,10,0,0.5225905776023865,0.020650874823331833,0.068359375,0.5225905179977417,0.020650876685976982,0.5019396413117647,0.9604836368537666,True,7.644752502441406,0.3020928204059601,7.342659682035446,0.9604836362839105,1.0,0.0,1.0,0.07262055575847626,0.9258230924606323,False,False,True,output/resnet18_localisation_attack_preserve_cls_full/visuals/official_test/facedancer/huawei/chinese2-flickr_M_22911363774_20c12ce7ec_c__749c1e73__clean_overlay.png,output/resnet18_localisation_attack_preserve_cls_full/visuals/official_test/facedancer/huawei/chinese2-flickr_M_22911363774_20c12ce7ec_c__749c1e73__adv_overlay.png,output/resnet18_localisation_attack_preserve_cls_full/visuals/official_test/facedancer/huawei/chinese2-flickr_M_22911363774_20c12ce7ec_c__749c1e73__paired.png,0.6896005868911743,0.5489318370819092,0.03467160359801489,0.029103016439205955
official_test,facedancer,chinese2-flickr_M_22911363774_20c12ce7ec_c,scan,test/attack/facedancer/scan/chinese2-flickr_M_22911363774_20c12ce7ec_c.jpg,1.0,0.9999973773956299,2.6226043701171875e-06,0.6022006273269653,12.858213424682617,0.4146428406238556,True,1.0,0.25,10,0.0039215851575136185,0.0,10,0,0.5219963788986206,0.0008981479913927615,0.06832122057676315,0.5219964385032654,0.0008981479331851006,0.5210982905700803,0.9982793983503788,True,7.640326976776123,0.013145959004759789,7.627181017771363,0.9982793983759178,1.0,0.0,1.0,0.0318828709423542,0.978885293006897,False,False,True,output/resnet18_localisation_attack_preserve_cls_full/visuals/official_test/facedancer/scan/chinese2-flickr_M_22911363774_20c12ce7ec_c__126d1855__clean_overlay.png,output/resnet18_localisation_attack_preserve_cls_full/visuals/official_test/facedancer/scan/chinese2-flickr_M_22911363774_20c12ce7ec_c__126d1855__adv_overlay.png,output/resnet18_localisation_attack_preserve_cls_full/visuals/official_test/facedancer/scan/chinese2-flickr_M_22911363774_20c12ce7ec_c__126d1855__paired.png,0.628423810005188,0.5811541080474854,0.025765033577533576,0.016361893315018316
official_test,facedancer,chinese2-flickr_M_24235235151_ae8ac31253_k,huawei,test/attack/facedancer/huawei/chinese2-flickr_M_24235235151_ae8ac31253_k.jpg,1.0,1.0,0.0,0.9998965263366699,22.241943359375,9.176429748535156,True,1.0,0.25,10,0.0039215851575136185,0.0,10,0,0.529354453086853,0.021883081644773483,0.0832400992512703,0.5293543934822083,0.021883085370063782,0.5074713081121445,0.9586608033493175,True,6.359367847442627,0.26289117336273193,6.096476674079895,0.9586608009366133,1.0,0.0,1.0,0.12760020792484283,0.8037635087966919,False,False,True,output/resnet18_localisation_attack_preserve_cls_full/visuals/official_test/facedancer/huawei/chinese2-flickr_M_24235235151_ae8ac31253_k__8a1d642b__clean_overlay.png,output/resnet18_localisation_attack_preserve_cls_full/visuals/official_test/facedancer/huawei/chinese2-flickr_M_24235235151_ae8ac31253_k__8a1d642b__adv_overlay.png,output/resnet18_localisation_attack_preserve_cls_full/visuals/official_test/facedancer/huawei/chinese2-flickr_M_24235235151_ae8ac31253_k__8a1d642b__paired.png,0.591482937335968,0.4806209206581116,0.03669102194894147,0.06018203222291407
official_test,facedancer,chinese2-flickr_M_24291592906_b097dd45e5_k,huawei,test/attack/facedancer/huawei/chinese2-flickr_M_24291592906_b097dd45e5_k.jpg,1.0,1.0,0.0,0.9994090795516968,23.637365341186523,7.4332122802734375,True,1.0,0.25,10,0.0039215851575136185,0.0,10,0,0.5645595788955688,0.06272038072347641,0.08033562451601028,0.5645595788955688,0.06272038072347641,0.5018391981720924,0.888903876458576,True,7.027512073516846,0.780729353427887,6.246782720088959,0.8889038759008238,1.0,0.0,1.0,0.20686914026737213,0.8104795217514038,False,False,True,output/resnet18_localisation_attack_preserve_cls_full/visuals/official_test/facedancer/huawei/chinese2-flickr_M_24291592906_b097dd45e5_k__0aad1932__clean_overlay.png,output/resnet18_localisation_attack_preserve_cls_full/visuals/official_test/facedancer/huawei/chinese2-flickr_M_24291592906_b097dd45e5_k__0aad1932__adv_overlay.png,output/resnet18_localisation_attack_preserve_cls_full/visuals/official_test/facedancer/huawei/chinese2-flickr_M_24291592906_b097dd45e5_k__0aad1932__paired.png,0.7196421027183533,0.5406369566917419,0.03233830845771144,0.04627011427238806
official_test,facedancer,chinese2-flickr_M_24291592906_b097dd45e5_k,iphone15,test/attack/facedancer/iphone15/chinese2-flickr_M_24291592906_b097dd45e5_k.jpg,1.0,1.0,0.0,0.9968095421791077,22.53797149658203,5.744407653808594,True,1.0,0.25,10,0.0039215851575136185,0.0,10,0,0.55904221534729,0.007508319336920977,0.08265280723571777,0.5590422749519348,0.007508318405598402,0.5515339565463364,0.9865693190980164,True,6.763741970062256,0.09084165841341019,6.672900311648846,0.9865693193478559,1.0,0.0,1.0,0.0897006243467331,0.8966705799102783,False,False,True,output/resnet18_localisation_attack_preserve_cls_full/visuals/official_test/facedancer/iphone15/chinese2-flickr_M_24291592906_b097dd45e5_k__22e0ffb2__clean_overlay.png,output/resnet18_localisation_attack_preserve_cls_full/visuals/official_test/facedancer/iphone15/chinese2-flickr_M_24291592906_b097dd45e5_k__22e0ffb2__adv_overlay.png,output/resnet18_localisation_attack_preserve_cls_full/visuals/official_test/facedancer/iphone15/chinese2-flickr_M_24291592906_b097dd45e5_k__22e0ffb2__paired.png,0.6650728583335876,0.5572235584259033,0.03874694002447981,0.042588643665850676
official_test,facedancer,chinese2-flickr_M_26097180114_4c514c928d_c,huawei,test/attack/facedancer/huawei/chinese2-flickr_M_26097180114_4c514c928d_c.jpg,1.0,1.0,0.0,0.9999980926513672,27.242097854614258,13.196245193481445,True,1.0,0.25,10,0.0039215851575136185,0.0,10,0,0.4915977716445923,0.0516238696873188,0.08101233094930649,0.49159783124923706,0.0516238659620285,0.43997396528720856,0.8949876043373847,True,6.068184852600098,0.637234628200531,5.430950224399567,0.8949876044188917,1.0,0.0,1.0,0.2810502052307129,0.7194043397903442,False,False,True,output/resnet18_localisation_attack_preserve_cls_full/visuals/official_test/facedancer/huawei/chinese2-flickr_M_26097180114_4c514c928d_c__382905eb__clean_overlay.png,output/resnet18_localisation_attack_preserve_cls_full/visuals/official_test/facedancer/huawei/chinese2-flickr_M_26097180114_4c514c928d_c__382905eb__adv_overlay.png,output/resnet18_localisation_attack_preserve_cls_full/visuals/official_test/facedancer/huawei/chinese2-flickr_M_26097180114_4c514c928d_c__382905eb__paired.png,0.6221409440040588,0.4870397746562958,0.03949814126394052,0.05432930607187113
official_test,facedancer,chinese2-flickr_M_26097180114_4c514c928d_c,iphone15,test/attack/facedancer/iphone15/chinese2-flickr_M_26097180114_4c514c928d_c.jpg,1.0,1.0,0.0,0.9999326467514038,23.52750015258789,9.605335235595703,True,1.0,0.25,10,0.0039215851575136185,0.0,10,0,0.46436548233032227,0.01731918752193451,0.07670951634645462,0.46436551213264465,0.01731918938457966,0.447046322748065,0.9627035407839838,True,6.053557872772217,0.22577627003192902,5.827781602740288,0.9627035414912891,1.0,0.0,1.0,0.20801883935928345,0.7630367875099182,False,False,True,output/resnet18_localisation_attack_preserve_cls_full/visuals/official_test/facedancer/iphone15/chinese2-flickr_M_26097180114_4c514c928d_c__a0f039df__clean_overlay.png,output/resnet18_localisation_attack_preserve_cls_full/visuals/official_test/facedancer/iphone15/chinese2-flickr_M_26097180114_4c514c928d_c__a0f039df__adv_overlay.png,output/resnet18_localisation_attack_preserve_cls_full/visuals/official_test/facedancer/iphone15/chinese2-flickr_M_26097180114_4c514c928d_c__a0f039df__paired.png,0.5754976868629456,0.5760380625724792,0.04192438718026797,0.0524988580998782
official_test,facedancer,chinese2-flickr_M_26097180114_4c514c928d_c,scan,test/attack/facedancer/scan/chinese2-flickr_M_26097180114_4c514c928d_c.jpg,1.0,1.0,0.0,1.0,28.961322784423828,16.73571014404297,True,1.0,0.25,10,0.0039215851575136185,0.0,10,0,0.47037506103515625,0.09167829155921936,0.07901928573846817,0.47037506103515625,0.09167828410863876,0.3786967769265175,0.805095355381125,True,5.952661514282227,1.1602013111114502,4.792460203170776,0.8050953664461219,1.0,0.0,1.0,0.4141225218772888,0.6617767214775085,False,False,True,output/resnet18_localisation_attack_preserve_cls_full/visuals/official_test/facedancer/scan/chinese2-flickr_M_26097180114_4c514c928d_c__ae2c21a3__clean_overlay.png,output/resnet18_localisation_attack_preserve_cls_full/visuals/official_test/facedancer/scan/chinese2-flickr_M_26097180114_4c514c928d_c__ae2c21a3__adv_overlay.png,output/resnet18_localisation_attack_preserve_cls_full/visuals/official_test/facedancer/scan/chinese2-flickr_M_26097180114_4c514c928d_c__ae2c21a3__paired.png,0.5939805507659912,0.5772846937179565,0.038721478174603176,0.05158014728327228
official_test,facedancer,chinese2-flickr_M_30516208604_4a571cf89d_c,huawei,test/attack/facedancer/huawei/chinese2-flickr_M_30516208604_4a571cf89d_c.jpg,1.0,1.0,0.0,0.9999370574951172,18.502735137939453,9.672662734985352,True,1.0,0.25,10,0.0039215851575136185,0.0,6,0,0.5586058497428894,0.10223162174224854,0.07994051277637482,0.5586059093475342,0.10223160684108734,0.45637430250644684,0.8169879603305729,True,6.987770080566406,1.278846025466919,5.708924055099487,0.8169879645835085,1.0,0.0,1.0,0.0896051824092865,0.9130935668945312,False,False,True,output/resnet18_localisation_attack_preserve_cls_full/visuals/official_test/facedancer/huawei/chinese2-flickr_M_30516208604_4a571cf89d_c__84433a30__clean_overlay.png,output/resnet18_localisation_attack_preserve_cls_full/visuals/official_test/facedancer/huawei/chinese2-flickr_M_30516208604_4a571cf89d_c__84433a30__adv_overlay.png,output/resnet18_localisation_attack_preserve_cls_full/visuals/official_test/facedancer/huawei/chinese2-flickr_M_30516208604_4a571cf89d_c__84433a30__paired.png,0.7800645232200623,0.7425624132156372,0.03056435414091471,0.03414709517923362
official_test,facedancer,chinese2-flickr_M_30516208604_4a571cf89d_c,iphone15,test/attack/facedancer/iphone15/chinese2-flickr_M_30516208604_4a571cf89d_c.jpg,1.0,0.9999419450759888,5.805492401123047e-05,0.998016357421875,9.754707336425781,6.220855712890625,True,1.0,0.25,10,0.0039215851575136185,0.0,5,0,0.5221757888793945,0.04320516809821129,0.07936877012252808,0.5221758484840393,0.04320517182350159,0.4789706766605377,0.917259344818545,True,6.5791096687316895,0.5443598628044128,6.034749805927277,0.9172593420365717,1.0,0.0,1.0,0.12470457702875137,0.8517338037490845,False,False,True,output/resnet18_localisation_attack_preserve_cls_full/visuals/official_test/facedancer/iphone15/chinese2-flickr_M_30516208604_4a571cf89d_c__6587a464__clean_overlay.png,output/resnet18_localisation_attack_preserve_cls_full/visuals/official_test/facedancer/iphone15/chinese2-flickr_M_30516208604_4a571cf89d_c__6587a464__adv_overlay.png,output/resnet18_localisation_attack_preserve_cls_full/visuals/official_test/facedancer/iphone15/chinese2-flickr_M_30516208604_4a571cf89d_c__6587a464__paired.png,0.6904738545417786,0.4554949402809143,0.038106307515337424,0.03773006134969325
official_test,facedancer,chinese2-flickr_M_30518538704_383875f8c4_c,scan,test/attack/facedancer/scan/chinese2-flickr_M_30518538704_383875f8c4_c.jpg,1.0,1.0,0.0,0.9998241066932678,18.561161041259766,8.64498519897461,True,1.0,0.25,10,0.0039215851575136185,0.0,10,0,0.4883579611778259,0.020386433228850365,0.07821085304021835,0.48835793137550354,0.020386431366205215,0.4679715000092983,0.9582551443184613,True,6.244119644165039,0.2606598734855652,5.983459770679474,0.9582551443053874,1.0,0.0,1.0,0.18927201628684998,0.774289608001709,False,False,True,output/resnet18_localisation_attack_preserve_cls_full/visuals/official_test/facedancer/scan/chinese2-flickr_M_30518538704_383875f8c4_c__d8a15465__clean_overlay.png,output/resnet18_localisation_attack_preserve_cls_full/visuals/official_test/facedancer/scan/chinese2-flickr_M_30518538704_383875f8c4_c__d8a15465__adv_overlay.png,output/resnet18_localisation_attack_preserve_cls_full/visuals/official_test/facedancer/scan/chinese2-flickr_M_30518538704_383875f8c4_c__d8a15465__paired.png,0.5661220550537109,0.4037102460861206,0.03847823183760684,0.05776862026862027
official_test,facedancer,chinese2-flickr_M_31304800026_59e0161aba_c,huawei,test/attack/facedancer/huawei/chinese2-flickr_M_31304800026_59e0161aba_c.jpg,1.0,0.9999903440475464,9.655952453613281e-06,0.976432740688324,11.550725936889648,3.7240500450134277,True,1.0,0.25,10,0.0039215851575136185,0.0,8,0,0.5877103805541992,5.126088126417017e-06,0.07899386435747147,0.5877103805541992,5.126087671669666e-06,0.5877052544665275,0.9999912778677368,True,7.439949989318848,6.489222869277e-05,7.439885097090155,0.999991277867622,1.0,0.0,1.0,0.04499324411153793,0.9650626182556152,False,False,True,output/resnet18_localisation_attack_preserve_cls_full/visuals/official_test/facedancer/huawei/chinese2-flickr_M_31304800026_59e0161aba_c__b0ca522e__clean_overlay.png,output/resnet18_localisation_attack_preserve_cls_full/visuals/official_test/facedancer/huawei/chinese2-flickr_M_31304800026_59e0161aba_c__b0ca522e__adv_overlay.png,output/resnet18_localisation_attack_preserve_cls_full/visuals/official_test/facedancer/huawei/chinese2-flickr_M_31304800026_59e0161aba_c__b0ca522e__paired.png,0.7151491641998291,0.5708249807357788,0.02973977695167286,0.028996766573729862
official_test,facedancer,chinese2-flickr_M_31304800026_59e0161aba_c,scan,test/attack/facedancer/scan/chinese2-flickr_M_31304800026_59e0161aba_c.jpg,1.0,0.9999852180480957,1.4781951904296875e-05,0.9905961751937866,11.12075138092041,4.657184600830078,True,1.0,0.25,10,0.0039215851575136185,0.0,9,0,0.5289482474327087,6.942687468836084e-05,0.07174558937549591,0.528948187828064,6.942686741240323e-05,0.5288787609606516,0.9998687454291176,True,7.37255334854126,0.000967681291513145,7.371585667249747,0.9998687454338049,1.0,0.0,1.0,0.034230418503284454,0.9632819890975952,False,False,True,output/resnet18_localisation_attack_preserve_cls_full/visuals/official_test/facedancer/scan/chinese2-flickr_M_31304800026_59e0161aba_c__e8796a52__clean_overlay.png,output/resnet18_localisation_attack_preserve_cls_full/visuals/official_test/facedancer/scan/chinese2-flickr_M_31304800026_59e0161aba_c__e8796a52__adv_overlay.png,output/resnet18_localisation_attack_preserve_cls_full/visuals/official_test/facedancer/scan/chinese2-flickr_M_31304800026_59e0161aba_c__e8796a52__paired.png,0.599793016910553,0.5960554480552673,0.02852760736196319,0.03423360812883436
official_test,facedancer,chinese2-flickr_M_31840786965_77af814416_h,iphone15,test/attack/facedancer/iphone15/chinese2-flickr_M_31840786965_77af814416_h.jpg,1.0,1.0,0.0,0.9998007416725159,22.250171661376953,8.520533561706543,True,1.0,0.25,10,0.0039215851575136185,0.0,9,0,0.5759770274162292,0.027733098715543747,0.08288544416427612,0.5759770274162292,0.02773309499025345,0.5482439324259758,0.9518503452912678,True,6.949073314666748,0.3345955014228821,6.614477813243866,0.9518503423015148,1.0,0.0,1.0,0.05016711354255676,0.9202195405960083,False,False,True,output/resnet18_localisation_attack_preserve_cls_full/visuals/official_test/facedancer/iphone15/chinese2-flickr_M_31840786965_77af814416_h__35ecf417__clean_overlay.png,output/resnet18_localisation_attack_preserve_cls_full/visuals/official_test/facedancer/iphone15/chinese2-flickr_M_31840786965_77af814416_h__35ecf417__adv_overlay.png,output/resnet18_localisation_attack_preserve_cls_full/visuals/official_test/facedancer/iphone15/chinese2-flickr_M_31840786965_77af814416_h__35ecf417__paired.png,0.7027409672737122,0.6264954209327698,0.045087434735872234,0.04637592137592138
official_test,facedancer,chinese2-flickr_M_32771950686_f8d5084d87_h,huawei,test/attack/facedancer/huawei/chinese2-flickr_M_32771950686_f8d5084d87_h.jpg,1.0,0.9999998807907104,1.1920928955078125e-07,0.994528591632843,16.318740844726562,5.202726364135742,True,1.0,0.25,10,0.0039215851575136185,0.0,8,0,0.5271920561790466,0.0042036594823002815,0.08805399388074875,0.5271919965744019,0.0042036594823002815,0.5229883370921016,0.992026321511679,True,5.987144470214844,0.04773956537246704,5.939404904842377,0.9920263214609294,1.0,0.0,1.0,0.08235044777393341,0.8964372873306274,False,False,True,output/resnet18_localisation_attack_preserve_cls_full/visuals/official_test/facedancer/huawei/chinese2-flickr_M_32771950686_f8d5084d87_h__706d66ca__clean_overlay.png,output/resnet18_localisation_attack_preserve_cls_full/visuals/official_test/facedancer/huawei/chinese2-flickr_M_32771950686_f8d5084d87_h__706d66ca__adv_overlay.png,output/resnet18_localisation_attack_preserve_cls_full/visuals/official_test/facedancer/huawei/chinese2-flickr_M_32771950686_f8d5084d87_h__706d66ca__paired.png,0.5619085431098938,0.5676392316818237,0.04038896691635456,0.03810178682896379
official_test,facedancer,chinese2-flickr_M_32812741685_462068ee90_h,huawei,test/attack/facedancer/huawei/chinese2-flickr_M_32812741685_462068ee90_h.jpg,0.9990234375,0.9988154172897339,0.00020802021026611328,0.8137646913528442,6.737171173095703,1.4746603965759277,True,1.0,0.25,10,0.0039215851575136185,0.0,10,0,0.5443453788757324,0.0,0.06755486130714417,0.5443453192710876,0.0,0.5443453192710876,1.0,True,8.057826042175293,0.0,8.057826042175293,1.0,0.0,0.0,0.0,0.00015925437037367374,0.9999054074287415,False,False,True,output/resnet18_localisation_attack_preserve_cls_full/visuals/official_test/facedancer/huawei/chinese2-flickr_M_32812741685_462068ee90_h__3f49dc23__clean_overlay.png,output/resnet18_localisation_attack_preserve_cls_full/visuals/official_test/facedancer/huawei/chinese2-flickr_M_32812741685_462068ee90_h__3f49dc23__adv_overlay.png,output/resnet18_localisation_attack_preserve_cls_full/visuals/official_test/facedancer/huawei/chinese2-flickr_M_32812741685_462068ee90_h__3f49dc23__paired.png,0.7874215841293335,0.6597132682800293,0.02038665089950372,0.023822793889578163
official_test,facedancer,chinese2-flickr_M_33525327222_f112b468ed_k,huawei,test/attack/facedancer/huawei/chinese2-flickr_M_33525327222_f112b468ed_k.jpg,0.99951171875,0.9995204210281372,8.702278137207031e-06,0.9091237783432007,7.642199993133545,2.302983522415161,True,1.0,0.25,10,0.0039215851575136185,0.0,8,0,0.5328897833824158,0.0062983981333673,0.0788005143404007,0.532889723777771,0.006298397202044725,0.5265913265757263,0.9881806743102606,True,6.762515544891357,0.07992837578058243,6.682587169110775,0.9881806740036312,1.0,0.0,1.0,0.044513873755931854,0.9361288547515869,False,False,True,output/resnet18_localisation_attack_preserve_cls_full/visuals/official_test/facedancer/huawei/chinese2-flickr_M_33525327222_f112b468ed_k__0607c908__clean_overlay.png,output/resnet18_localisation_attack_preserve_cls_full/visuals/official_test/facedancer/huawei/chinese2-flickr_M_33525327222_f112b468ed_k__0607c908__adv_overlay.png,output/resnet18_localisation_attack_preserve_cls_full/visuals/official_test/facedancer/huawei/chinese2-flickr_M_33525327222_f112b468ed_k__0607c908__paired.png,0.4929761290550232,0.5148266553878784,0.03337445175438596,0.03183006343984962
official_test,facedancer,chinese2-flickr_M_33525327222_f112b468ed_k,scan,test/attack/facedancer/scan/chinese2-flickr_M_33525327222_f112b468ed_k.jpg,1.0,0.9997627139091492,0.00023728609085083008,0.9935264587402344,8.345983505249023,5.033541679382324,True,1.0,0.25,10,0.0039215851575136185,0.0,7,0,0.5653712153434753,0.0005739018088206649,0.08097220957279205,0.5653712153434753,0.000573901750613004,0.5647973135928623,0.9989849116208289,True,6.9822869300842285,0.007087638135999441,6.975199291948229,0.9989849116475776,1.0,0.0,1.0,0.024523485451936722,0.9561711549758911,False,False,True,output/resnet18_localisation_attack_preserve_cls_full/visuals/official_test/facedancer/scan/chinese2-flickr_M_33525327222_f112b468ed_k__78d0499f__clean_overlay.png,output/resnet18_localisation_attack_preserve_cls_full/visuals/official_test/facedancer/scan/chinese2-flickr_M_33525327222_f112b468ed_k__78d0499f__adv_overlay.png,output/resnet18_localisation_attack_preserve_cls_full/visuals/official_test/facedancer/scan/chinese2-flickr_M_33525327222_f112b468ed_k__78d0499f__paired.png,0.5629912614822388,0.5528196692466736,0.035863869339045285,0.04228981793145655
official_test,facedancer,chinese2-flickr_M_33552319041_2631ab0a0c_c,iphone15,test/attack/facedancer/iphone15/chinese2-flickr_M_33552319041_2631ab0a0c_c.jpg,1.0,1.0,0.0,0.9988023042678833,22.893020629882812,6.726156234741211,True,1.0,0.25,10,0.0039215851575136185,0.0,10,0,0.5645413398742676,0.0007100803195498884,0.08196693658828735,0.5645412802696228,0.0007100804941728711,0.5638311997754499,0.9987421991641892,True,6.887426376342773,0.008663010783493519,6.87876336555928,0.9987421991452061,1.0,0.0,1.0,0.015053406357765198,0.973333477973938,False,False,True,output/resnet18_localisation_attack_preserve_cls_full/visuals/official_test/facedancer/iphone15/chinese2-flickr_M_33552319041_2631ab0a0c_c__f6bfafb1__clean_overlay.png,output/resnet18_localisation_attack_preserve_cls_full/visuals/official_test/facedancer/iphone15/chinese2-flickr_M_33552319041_2631ab0a0c_c__f6bfafb1__adv_overlay.png,output/resnet18_localisation_attack_preserve_cls_full/visuals/official_test/facedancer/iphone15/chinese2-flickr_M_33552319041_2631ab0a0c_c__f6bfafb1__paired.png,0.7044530510902405,0.6014434695243835,0.0429735137195122,0.038050209603658534
official_test,facedancer,chinese2-flickr_M_33552319041_2631ab0a0c_c,scan,test/attack/facedancer/scan/chinese2-flickr_M_33552319041_2631ab0a0c_c.jpg,1.0,1.0,0.0,0.9999949932098389,23.25186538696289,12.206446647644043,True,1.0,0.25,10,0.0039215851575136185,0.0,10,0,0.519034743309021,0.07168316841125488,0.08168826252222061,0.519034743309021,0.07168316841125488,0.4473515748977661,0.8618913871656249,True,6.353847503662109,0.8775210380554199,5.4763264656066895,0.8618913913892879,1.0,0.0,1.0,0.30350783467292786,0.7267763018608093,False,False,True,output/resnet18_localisation_attack_preserve_cls_full/visuals/official_test/facedancer/scan/chinese2-flickr_M_33552319041_2631ab0a0c_c__c90d09c6__clean_overlay.png,output/resnet18_localisation_attack_preserve_cls_full/visuals/official_test/facedancer/scan/chinese2-flickr_M_33552319041_2631ab0a0c_c__c90d09c6__adv_overlay.png,output/resnet18_localisation_attack_preserve_cls_full/visuals/official_test/facedancer/scan/chinese2-flickr_M_33552319041_2631ab0a0c_c__c90d09c6__paired.png,0.6182727813720703,0.5834117531776428,0.03824790396341463,0.05919397865853659
official_test,facedancer,chinese2-flickr_M_34592740762_6446ed6334_k,huawei,test/attack/facedancer/huawei/chinese2-flickr_M_34592740762_6446ed6334_k.jpg,1.0,0.9999169111251831,8.308887481689453e-05,0.9999784231185913,9.395745277404785,10.741987228393555,True,1.0,0.25,10,0.0039215851575136185,0.0,5,0,0.5950632095336914,0.028989342972636223,0.08375058323144913,0.5950632095336914,0.028989339247345924,0.5660738702863455,0.9512835967962752,True,7.105182647705078,0.34613895416259766,6.7590436935424805,0.951283595183243,1.0,0.0,1.0,0.07065694034099579,0.9154807925224304,False,False,True,output/resnet18_localisation_attack_preserve_cls_full/visuals/official_test/facedancer/huawei/chinese2-flickr_M_34592740762_6446ed6334_k__0e2899f8__clean_overlay.png,output/resnet18_localisation_attack_preserve_cls_full/visuals/official_test/facedancer/huawei/chinese2-flickr_M_34592740762_6446ed6334_k__0e2899f8__adv_overlay.png,output/resnet18_localisation_attack_preserve_cls_full/visuals/official_test/facedancer/huawei/chinese2-flickr_M_34592740762_6446ed6334_k__0e2899f8__paired.png,0.6106932163238525,0.6353569626808167,0.03861440149625935,0.0539301161159601
official_test,facedancer,chinese2-flickr_M_34592740762_6446ed6334_k,iphone15,test/attack/facedancer/iphone15/chinese2-flickr_M_34592740762_6446ed6334_k.jpg,0.9990234375,0.9991010427474976,7.76052474975586e-05,0.9812343716621399,7.013329982757568,3.956786632537842,True,1.0,0.25,10,0.0039215851575136185,0.0,7,0,0.6072230935096741,8.104002336040139e-05,0.08143175393342972,0.6072230935096741,8.104002336040139e-05,0.6071420534863137,0.9998665399517466,True,7.456834316253662,0.0009951895335689187,7.455839126720093,0.9998665399429085,0.0,0.0,0.0,0.004402296617627144,0.990880012512207,False,False,True,output/resnet18_localisation_attack_preserve_cls_full/visuals/official_test/facedancer/iphone15/chinese2-flickr_M_34592740762_6446ed6334_k__42cb22aa__clean_overlay.png,output/resnet18_localisation_attack_preserve_cls_full/visuals/official_test/facedancer/iphone15/chinese2-flickr_M_34592740762_6446ed6334_k__42cb22aa__adv_overlay.png,output/resnet18_localisation_attack_preserve_cls_full/visuals/official_test/facedancer/iphone15/chinese2-flickr_M_34592740762_6446ed6334_k__42cb22aa__paired.png,0.5983486175537109,0.7062750458717346,0.032004129872107184,0.03616017052375152
official_test,facedancer,chinese2-flickr_M_34592740762_6446ed6334_k,scan,test/attack/facedancer/scan/chinese2-flickr_M_34592740762_6446ed6334_k.jpg,1.0,0.9999921321868896,7.867813110351562e-06,0.9977911710739136,11.758467674255371,6.113095283508301,True,1.0,0.25,10,0.0039215851575136185,0.0,8,0,0.6196473240852356,3.340013563501998e-07,0.08395341038703918,0.6196472644805908,3.340013563501998e-07,0.6196469304792345,0.9999994609814721,True,7.380846977233887,3.97841313315439e-06,7.380842998820754,0.999999460981491,1.0,0.0,1.0,0.0156372282654047,0.985710859298706,False,False,True,output/resnet18_localisation_attack_preserve_cls_full/visuals/official_test/facedancer/scan/chinese2-flickr_M_34592740762_6446ed6334_k__706e64b9__clean_overlay.png,output/resnet18_localisation_attack_preserve_cls_full/visuals/official_test/facedancer/scan/chinese2-flickr_M_34592740762_6446ed6334_k__706e64b9__adv_overlay.png,output/resnet18_localisation_attack_preserve_cls_full/visuals/official_test/facedancer/scan/chinese2-flickr_M_34592740762_6446ed6334_k__706e64b9__paired.png,0.7329662442207336,0.6529036164283752,0.032074123475609756,0.03561118521341464
official_test,facedancer,chinese2-flickr_M_3625086942_a3ed938d9c_c,huawei,test/attack/facedancer/huawei/chinese2-flickr_M_3625086942_a3ed938d9c_c.jpg,1.0,0.9998015761375427,0.0001984238624572754,0.984539806842804,8.524710655212402,4.153906345367432,True,1.0,0.25,10,0.0039215851575136185,0.0,5,0,0.6297421455383301,0.0001296632399316877,0.08884785324335098,0.6297422051429749,0.00012966321082785726,0.629612541932147,0.9997941011261927,True,7.08787202835083,0.0014593849191442132,7.086412643431686,0.9997941011190232,1.0,0.0,1.0,0.013868504203855991,0.9845711588859558,False,False,True,output/resnet18_localisation_attack_preserve_cls_full/visuals/official_test/facedancer/huawei/chinese2-flickr_M_3625086942_a3ed938d9c_c__869fdc10__clean_overlay.png,output/resnet18_localisation_attack_preserve_cls_full/visuals/official_test/facedancer/huawei/chinese2-flickr_M_3625086942_a3ed938d9c_c__869fdc10__adv_overlay.png,output/resnet18_localisation_attack_preserve_cls_full/visuals/official_test/facedancer/huawei/chinese2-flickr_M_3625086942_a3ed938d9c_c__869fdc10__paired.png,0.5886057019233704,0.6296588182449341,0.02747669786509901,0.039357402537128716
official_test,facedancer,chinese2-flickr_M_3625086942_a3ed938d9c_c,scan,test/attack/facedancer/scan/chinese2-flickr_M_3625086942_a3ed938d9c_c.jpg,1.0,0.9999998807907104,1.1920928955078125e-07,0.9993496537208557,15.8551664352417,7.33740758895874,True,1.0,0.25,10,0.0039215851575136185,0.0,9,0,0.5855684876441956,0.0002655498683452606,0.08636198937892914,0.5855685472488403,0.0002655498683452606,0.5853029973804951,0.9995465093376464,True,6.780396938323975,0.0030748466961085796,6.777322091627866,0.999546509338011,1.0,0.0,1.0,0.027423281222581863,0.9552727937698364,False,False,True,output/resnet18_localisation_attack_preserve_cls_full/visuals/official_test/facedancer/scan/chinese2-flickr_M_3625086942_a3ed938d9c_c__36c06bda__clean_overlay.png,output/resnet18_localisation_attack_preserve_cls_full/visuals/official_test/facedancer/scan/chinese2-flickr_M_3625086942_a3ed938d9c_c__36c06bda__adv_overlay.png,output/resnet18_localisation_attack_preserve_cls_full/visuals/official_test/facedancer/scan/chinese2-flickr_M_3625086942_a3ed938d9c_c__36c06bda__paired.png,0.6002646088600159,0.6343262195587158,0.04077476343101343,0.04543698489010989
official_test,facedancer,chinese2-flickr_M_37190875605_735b3fca0d_c,huawei,test/attack/facedancer/huawei/chinese2-flickr_M_37190875605_735b3fca0d_c.jpg,1.0,1.0,0.0,0.999850869178772,17.727806091308594,8.810331344604492,True,1.0,0.25,10,0.0039215851575136185,0.0,9,0,0.4904017150402069,4.504590469878167e-05,0.07694099098443985,0.4904017448425293,4.504590106080286e-05,0.4903566989414685,0.9999081449005136,True,6.3737382888793945,0.0005854603368788958,6.373152828542516,0.9999081449048668,1.0,0.0,1.0,0.029640311375260353,0.9506586194038391,False,False,True,output/resnet18_localisation_attack_preserve_cls_full/visuals/official_test/facedancer/huawei/chinese2-flickr_M_37190875605_735b3fca0d_c__4b504bf2__clean_overlay.png,output/resnet18_localisation_attack_preserve_cls_full/visuals/official_test/facedancer/huawei/chinese2-flickr_M_37190875605_735b3fca0d_c__4b504bf2__adv_overlay.png,output/resnet18_localisation_attack_preserve_cls_full/visuals/official_test/facedancer/huawei/chinese2-flickr_M_37190875605_735b3fca0d_c__4b504bf2__paired.png,0.6335262060165405,0.7073503136634827,0.04031201475155279,0.043478260869565216
official_test,facedancer,chinese2-flickr_M_38319821984_1d6e303c3e_o,huawei,test/attack/facedancer/huawei/chinese2-flickr_M_38319821984_1d6e303c3e_o.jpg,1.0,0.9999980926513672,1.9073486328125e-06,0.9954322576522827,13.187376022338867,5.384143829345703,True,1.0,0.25,10,0.0039215851575136185,0.0,7,0,0.5237422585487366,0.0045434231869876385,0.07447497546672821,0.5237422585487366,0.004543423652648926,0.5191988348960876,0.9913250772140508,True,7.032459735870361,0.06100604310631752,6.971453692764044,0.9913250775123326,1.0,0.0,1.0,0.03171858564019203,0.9518541097640991,False,False,True,output/resnet18_localisation_attack_preserve_cls_full/visuals/official_test/facedancer/huawei/chinese2-flickr_M_38319821984_1d6e303c3e_o__027f4ad3__clean_overlay.png,output/resnet18_localisation_attack_preserve_cls_full/visuals/official_test/facedancer/huawei/chinese2-flickr_M_38319821984_1d6e303c3e_o__027f4ad3__adv_overlay.png,output/resnet18_localisation_attack_preserve_cls_full/visuals/official_test/facedancer/huawei/chinese2-flickr_M_38319821984_1d6e303c3e_o__027f4ad3__paired.png,0.6233720779418945,0.616236686706543,0.025402711169554455,0.039603960396039604
official_test,facedancer,chinese2-flickr_M_38319821984_1d6e303c3e_o,iphone15,test/attack/facedancer/iphone15/chinese2-flickr_M_38319821984_1d6e303c3e_o.jpg,1.0,1.0,0.0,0.9999991655349731,17.658111572265625,13.947277069091797,True,1.0,0.25,10,0.003921577241271734,0.0,4,0,0.4511808454990387,0.08126527816057205,0.07170245051383972,0.45118075609207153,0.08126527816057205,0.3699154779314995,0.8198831021419087,True,6.292403221130371,1.1333681344985962,5.159035086631775,0.8198831043292554,1.0,0.0,1.0,0.1974400281906128,0.8279194235801697,False,False,True,output/resnet18_localisation_attack_preserve_cls_full/visuals/official_test/facedancer/iphone15/chinese2-flickr_M_38319821984_1d6e303c3e_o__048247d3__clean_overlay.png,output/resnet18_localisation_attack_preserve_cls_full/visuals/official_test/facedancer/iphone15/chinese2-flickr_M_38319821984_1d6e303c3e_o__048247d3__adv_overlay.png,output/resnet18_localisation_attack_preserve_cls_full/visuals/official_test/facedancer/iphone15/chinese2-flickr_M_38319821984_1d6e303c3e_o__048247d3__paired.png,0.5373284816741943,0.5501581430435181,0.038405866564417177,0.040047450153374235
official_test,facedancer,chinese2-flickr_M_38319821984_1d6e303c3e_o,scan,test/attack/facedancer/scan/chinese2-flickr_M_38319821984_1d6e303c3e_o.jpg,1.0,0.9999988079071045,1.1920928955078125e-06,0.9912573099136353,13.688365936279297,4.73076057434082,True,1.0,0.25,10,0.0039215851575136185,0.0,8,0,0.546585202217102,2.7897607651539147e-05,0.07596014440059662,0.5465852618217468,2.7897613108507358e-05,0.5465573642086383,0.9999489601804931,True,7.195684432983398,0.00036726644611917436,7.195317166537279,0.9999489601789044,1.0,0.0,1.0,0.004597669467329979,0.9931398630142212,False,False,True,output/resnet18_localisation_attack_preserve_cls_full/visuals/official_test/facedancer/scan/chinese2-flickr_M_38319821984_1d6e303c3e_o__55c5bbab__clean_overlay.png,output/resnet18_localisation_attack_preserve_cls_full/visuals/official_test/facedancer/scan/chinese2-flickr_M_38319821984_1d6e303c3e_o__55c5bbab__adv_overlay.png,output/resnet18_localisation_attack_preserve_cls_full/visuals/official_test/facedancer/scan/chinese2-flickr_M_38319821984_1d6e303c3e_o__55c5bbab__paired.png,0.6630175113677979,0.6106754541397095,0.02791707901948843,0.0341047503045067
official_test,facedancer,chinese2-flickr_M_6850649398_5d950a2635_k,huawei,test/attack/facedancer/huawei/chinese2-flickr_M_6850649398_5d950a2635_k.jpg,1.0,0.9999998807907104,1.1920928955078125e-07,0.9295305609703064,15.577266693115234,2.5794997215270996,True,1.0,0.25,10,0.0039215851575136185,0.0,10,0,0.5835832953453064,0.005488486494868994,0.07981754839420319,0.5835832953453064,0.005488486960530281,0.5780948083847761,0.990595195228673,True,7.311466217041016,0.06876291334629059,7.242703303694725,0.9905951950942449,1.0,0.0,1.0,0.07023122906684875,0.9092012643814087,False,False,True,output/resnet18_localisation_attack_preserve_cls_full/visuals/official_test/facedancer/huawei/chinese2-flickr_M_6850649398_5d950a2635_k__9144d734__clean_overlay.png,output/resnet18_localisation_attack_preserve_cls_full/visuals/official_test/facedancer/huawei/chinese2-flickr_M_6850649398_5d950a2635_k__9144d734__adv_overlay.png,output/resnet18_localisation_attack_preserve_cls_full/visuals/official_test/facedancer/huawei/chinese2-flickr_M_6850649398_5d950a2635_k__9144d734__paired.png,0.7589840888977051,0.4599207043647766,0.029740102867830423,0.0355751246882793
official_test,facedancer,chinese2-flickr_M_6850649398_5d950a2635_k,scan,test/attack/facedancer/scan/chinese2-flickr_M_6850649398_5d950a2635_k.jpg,1.0,1.0,0.0,0.9997709393501282,21.291893005371094,8.381216049194336,True,1.0,0.25,10,0.0039215851575136185,0.0,10,0,0.4477767050266266,0.015549403615295887,0.06789981573820114,0.4477767050266266,0.015549402683973312,0.4322273023426533,0.9652742036166247,True,6.594667434692383,0.22900508344173431,6.3656623512506485,0.9652742028753393,1.0,0.0,1.0,0.1628572940826416,0.8117614388465881,False,False,True,output/resnet18_localisation_attack_preserve_cls_full/visuals/official_test/facedancer/scan/chinese2-flickr_M_6850649398_5d950a2635_k__694bec8b__clean_overlay.png,output/resnet18_localisation_attack_preserve_cls_full/visuals/official_test/facedancer/scan/chinese2-flickr_M_6850649398_5d950a2635_k__694bec8b__adv_overlay.png,output/resnet18_localisation_attack_preserve_cls_full/visuals/official_test/facedancer/scan/chinese2-flickr_M_6850649398_5d950a2635_k__694bec8b__paired.png,0.6095007658004761,0.563381552696228,0.03817449831495098,0.04957251455269608
official_test,facedancer,netherland-flickr_F_10239917343_ca73cd29b5_h,huawei,test/attack/facedancer/huawei/netherland-flickr_F_10239917343_ca73cd29b5_h.jpg,1.0,0.9999995231628418,4.76837158203125e-07,0.5011042952537537,14.584405899047852,0.004417136311531067,True,1.0,0.25,10,0.003921577241271734,0.0,10,2,0.5637475252151489,0.038099318742752075,0.07083141058683395,0.5637475252151489,0.038099318742752075,0.5256482064723969,0.932417763203108,True,7.9590044021606445,0.5378873348236084,7.421117067337036,0.9324177613625158,1.0,0.0,1.0,0.2823425531387329,0.7407331466674805,False,False,True,output/resnet18_localisation_attack_preserve_cls_full/visuals/official_test/facedancer/huawei/netherland-flickr_F_10239917343_ca73cd29b5_h__58bac7c2__clean_overlay.png,output/resnet18_localisation_attack_preserve_cls_full/visuals/official_test/facedancer/huawei/netherland-flickr_F_10239917343_ca73cd29b5_h__58bac7c2__adv_overlay.png,output/resnet18_localisation_attack_preserve_cls_full/visuals/official_test/facedancer/huawei/netherland-flickr_F_10239917343_ca73cd29b5_h__58bac7c2__paired.png,0.6721500754356384,0.537452757358551,0.021587676814268143,0.02715396294587946
official_test,facedancer,netherland-flickr_F_10239917343_ca73cd29b5_h,iphone15,test/attack/facedancer/iphone15/netherland-flickr_F_10239917343_ca73cd29b5_h.jpg,1.0,0.9999998807907104,1.1920928955078125e-07,0.5321507453918457,16.241180419921875,0.1287805438041687,True,1.0,0.25,10,0.0039215851575136185,0.0,9,0,0.5645583868026733,0.004887699149549007,0.06979373842477798,0.5645583271980286,0.00488769868388772,0.5596706285141408,0.9913424380645558,True,8.088953971862793,0.07003062218427658,8.018923349678516,0.9913424377950627,1.0,0.0,1.0,0.02740365080535412,0.9676460027694702,False,False,True,output/resnet18_localisation_attack_preserve_cls_full/visuals/official_test/facedancer/iphone15/netherland-flickr_F_10239917343_ca73cd29b5_h__15cddcf3__clean_overlay.png,output/resnet18_localisation_attack_preserve_cls_full/visuals/official_test/facedancer/iphone15/netherland-flickr_F_10239917343_ca73cd29b5_h__15cddcf3__adv_overlay.png,output/resnet18_localisation_attack_preserve_cls_full/visuals/official_test/facedancer/iphone15/netherland-flickr_F_10239917343_ca73cd29b5_h__15cddcf3__paired.png,0.6784015893936157,0.6251289248466492,0.02160390529375765,0.023745888157894735
official_test,facedancer,netherland-flickr_F_20301931855_4cd18f8166_k,huawei,test/attack/facedancer/huawei/netherland-flickr_F_20301931855_4cd18f8166_k.jpg,1.0,0.9999998807907104,1.1920928955078125e-07,0.5002003908157349,16.282014846801758,0.0008015930652618408,True,1.0,0.25,10,0.003921577241271734,0.0,10,3,0.5635284781455994,0.023510240018367767,0.07396157085895538,0.5635285973548889,0.023510240018367767,0.5400183573365211,0.9582803071064698,True,7.619208335876465,0.3178710341453552,7.30133730173111,0.9582803068071258,1.0,0.0,1.0,0.18985816836357117,0.7984691858291626,False,False,True,output/resnet18_localisation_attack_preserve_cls_full/visuals/official_test/facedancer/huawei/netherland-flickr_F_20301931855_4cd18f8166_k__326d8e86__clean_overlay.png,output/resnet18_localisation_attack_preserve_cls_full/visuals/official_test/facedancer/huawei/netherland-flickr_F_20301931855_4cd18f8166_k__326d8e86__adv_overlay.png,output/resnet18_localisation_attack_preserve_cls_full/visuals/official_test/facedancer/huawei/netherland-flickr_F_20301931855_4cd18f8166_k__326d8e86__paired.png,0.7003427147865295,0.4944065809249878,0.024784064440993788,0.02657705745341615
official_test,facedancer,netherland-flickr_F_20301931855_4cd18f8166_k,iphone15,test/attack/facedancer/iphone15/netherland-flickr_F_20301931855_4cd18f8166_k.jpg,1.0,1.0,0.0,0.8643261790275574,16.829456329345703,1.8516969680786133,True,1.0,0.25,10,0.0039215851575136185,0.0,10,0,0.49600377678871155,0.0,0.0641077533364296,0.49600380659103394,0.0,0.49600380659103394,1.0,True,7.737032890319824,0.0,7.737032890319824,1.0,1.0,0.0,1.0,0.007540508173406124,0.9959681034088135,False,False,True,output/resnet18_localisation_attack_preserve_cls_full/visuals/official_test/facedancer/iphone15/netherland-flickr_F_20301931855_4cd18f8166_k__5e0dca6e__clean_overlay.png,output/resnet18_localisation_attack_preserve_cls_full/visuals/official_test/facedancer/iphone15/netherland-flickr_F_20301931855_4cd18f8166_k__5e0dca6e__adv_overlay.png,output/resnet18_localisation_attack_preserve_cls_full/visuals/official_test/facedancer/iphone15/netherland-flickr_F_20301931855_4cd18f8166_k__5e0dca6e__paired.png,0.6790515184402466,0.7139893770217896,0.02872046493902439,0.014224466463414635
official_test,facedancer,netherland-flickr_F_20301931855_4cd18f8166_k,scan,test/attack/facedancer/scan/netherland-flickr_F_20301931855_4cd18f8166_k.jpg,1.0,0.9999998807907104,1.1920928955078125e-07,0.7898615598678589,15.664200782775879,1.3240910768508911,True,1.0,0.25,10,0.0039215851575136185,0.0,10,0,0.550961971282959,0.0,0.07200297713279724,0.550961971282959,0.0,0.550961971282959,1.0,True,7.651932716369629,0.0,7.651932716369629,1.0,1.0,0.0,1.0,0.010685603134334087,0.9884303212165833,False,False,True,output/resnet18_localisation_attack_preserve_cls_full/visuals/official_test/facedancer/scan/netherland-flickr_F_20301931855_4cd18f8166_k__5b92e4b5__clean_overlay.png,output/resnet18_localisation_attack_preserve_cls_full/visuals/official_test/facedancer/scan/netherland-flickr_F_20301931855_4cd18f8166_k__5b92e4b5__adv_overlay.png,output/resnet18_localisation_attack_preserve_cls_full/visuals/official_test/facedancer/scan/netherland-flickr_F_20301931855_4cd18f8166_k__5b92e4b5__paired.png,0.6518793106079102,0.5904383659362793,0.02527601619804401,0.020913718673594133
official_test,facedancer,netherland-flickr_F_26297818201_09eab93588_k,huawei,test/attack/facedancer/huawei/netherland-flickr_F_26297818201_09eab93588_k.jpg,1.0,1.0,0.0,0.9993695616722107,19.523685455322266,7.368419647216797,True,1.0,0.25,10,0.0039215851575136185,0.0,10,0,0.6122158765792847,0.034342069178819656,0.07915081083774567,0.6122158765792847,0.034342069178819656,0.577873807400465,0.9439052946965314,True,7.73480224609375,0.4338814616203308,7.300920784473419,0.9439052935271292,1.0,0.0,1.0,0.06775785982608795,0.9362679719924927,False,False,True,output/resnet18_localisation_attack_preserve_cls_full/visuals/official_test/facedancer/huawei/netherland-flickr_F_26297818201_09eab93588_k__945a3f0c__clean_overlay.png,output/resnet18_localisation_attack_preserve_cls_full/visuals/official_test/facedancer/huawei/netherland-flickr_F_26297818201_09eab93588_k__945a3f0c__adv_overlay.png,output/resnet18_localisation_attack_preserve_cls_full/visuals/official_test/facedancer/huawei/netherland-flickr_F_26297818201_09eab93588_k__945a3f0c__paired.png,0.6791919469833374,0.6485073566436768,0.02997434271217712,0.04311289206642067
official_test,facedancer,netherland-flickr_F_28051545714_ab479f15eb_k,iphone15,test/attack/facedancer/iphone15/netherland-flickr_F_28051545714_ab479f15eb_k.jpg,1.0,0.9999998807907104,1.1920928955078125e-07,0.9981135129928589,15.999349594116211,6.2711639404296875,True,1.0,0.25,10,0.0039215851575136185,0.0,10,0,0.5920670032501221,0.0,0.07274369895458221,0.5920668840408325,0.0,0.5920668840408325,1.0,True,8.139081954956055,0.0,8.139081954956055,1.0,1.0,0.0,1.0,0.009632112458348274,0.9895914793014526,False,False,True,output/resnet18_localisation_attack_preserve_cls_full/visuals/official_test/facedancer/iphone15/netherland-flickr_F_28051545714_ab479f15eb_k__9c8173f6__clean_overlay.png,output/resnet18_localisation_attack_preserve_cls_full/visuals/official_test/facedancer/iphone15/netherland-flickr_F_28051545714_ab479f15eb_k__9c8173f6__adv_overlay.png,output/resnet18_localisation_attack_preserve_cls_full/visuals/official_test/facedancer/iphone15/netherland-flickr_F_28051545714_ab479f15eb_k__9c8173f6__paired.png,0.7268820405006409,0.5930395722389221,0.030690248308733088,0.03505535055350553
official_test,facedancer,netherland-flickr_F_28630210242_e3780d0ee9_b,huawei,test/attack/facedancer/huawei/netherland-flickr_F_28630210242_e3780d0ee9_b.jpg,1.0,1.0,0.0,0.9842225909233093,18.951622009277344,4.133272171020508,True,1.0,0.25,10,0.0039215851575136185,0.0,10,0,0.607861340045929,0.0,0.07634478062391281,0.6078612804412842,0.0,0.6078612804412842,1.0,True,7.9620537757873535,0.0,7.9620537757873535,1.0,1.0,0.0,1.0,0.01864667423069477,0.9861272573471069,False,False,True,output/resnet18_localisation_attack_preserve_cls_full/visuals/official_test/facedancer/huawei/netherland-flickr_F_28630210242_e3780d0ee9_b__06195dd8__clean_overlay.png,output/resnet18_localisation_attack_preserve_cls_full/visuals/official_test/facedancer/huawei/netherland-flickr_F_28630210242_e3780d0ee9_b__06195dd8__adv_overlay.png,output/resnet18_localisation_attack_preserve_cls_full/visuals/official_test/facedancer/huawei/netherland-flickr_F_28630210242_e3780d0ee9_b__06195dd8__paired.png,0.6880354881286621,0.6659607887268066,0.030519404613466333,0.024884078865336657
official_test,facedancer,netherland-flickr_F_28630210242_e3780d0ee9_b,iphone15,test/attack/facedancer/iphone15/netherland-flickr_F_28630210242_e3780d0ee9_b.jpg,1.0,0.9999995231628418,4.76837158203125e-07,0.9746479988098145,14.685681343078613,3.6492156982421875,True,1.0,0.25,10,0.0039215851575136185,0.0,10,0,0.6166757941246033,0.0,0.07796163856983185,0.6166757941246033,0.0,0.6166757941246033,1.0,True,7.909990310668945,0.0,7.909990310668945,1.0,1.0,0.0,1.0,0.027161378413438797,0.9787631630897522,False,False,True,output/resnet18_localisation_attack_preserve_cls_full/visuals/official_test/facedancer/iphone15/netherland-flickr_F_28630210242_e3780d0ee9_b__cf262126__clean_overlay.png,output/resnet18_localisation_attack_preserve_cls_full/visuals/official_test/facedancer/iphone15/netherland-flickr_F_28630210242_e3780d0ee9_b__cf262126__adv_overlay.png,output/resnet18_localisation_attack_preserve_cls_full/visuals/official_test/facedancer/iphone15/netherland-flickr_F_28630210242_e3780d0ee9_b__cf262126__paired.png,0.6527630090713501,0.6997741460800171,0.03105060347478475,0.023495156826568265
official_test,facedancer,netherland-flickr_F_31998547103_f617b19dfc_h,scan,test/attack/facedancer/scan/netherland-flickr_F_31998547103_f617b19dfc_h.jpg,1.0,0.999992847442627,7.152557373046875e-06,0.7819490432739258,11.84184455871582,1.2770609855651855,True,1.0,0.25,10,0.0039215851575136185,0.0,8,0,0.5763095617294312,0.04637719318270683,0.07309112697839737,0.5763096213340759,0.04637719318270683,0.5299324281513691,0.9195272966719692,True,7.884809970855713,0.6345119476318359,7.250298023223877,0.9195272999632007,1.0,0.0,1.0,0.015931205824017525,0.9798291921615601,False,False,True,output/resnet18_localisation_attack_preserve_cls_full/visuals/official_test/facedancer/scan/netherland-flickr_F_31998547103_f617b19dfc_h__5e7ac49c__clean_overlay.png,output/resnet18_localisation_attack_preserve_cls_full/visuals/official_test/facedancer/scan/netherland-flickr_F_31998547103_f617b19dfc_h__5e7ac49c__adv_overlay.png,output/resnet18_localisation_attack_preserve_cls_full/visuals/official_test/facedancer/scan/netherland-flickr_F_31998547103_f617b19dfc_h__5e7ac49c__paired.png,0.687048077583313,0.6484382748603821,0.021619975639464068,0.021598565012180267
official_test,facedancer,netherland-flickr_F_31998771523_784e7e9597_h,huawei,test/attack/facedancer/huawei/netherland-flickr_F_31998771523_784e7e9597_h.jpg,1.0,1.0,0.0,0.9966654181480408,18.923206329345703,5.7000651359558105,True,1.0,0.25,10,0.0039215851575136185,0.0,9,0,0.5503323674201965,0.0028310019988566637,0.0709749087691307,0.5503323078155518,0.00283100176602602,0.5475013060495257,0.9948558321475561,True,7.753899574279785,0.039887361228466034,7.714012213051319,0.9948558321079144,1.0,0.0,1.0,0.028581056743860245,0.9604889750480652,False,False,True,output/resnet18_localisation_attack_preserve_cls_full/visuals/official_test/facedancer/huawei/netherland-flickr_F_31998771523_784e7e9597_h__af242c4a__clean_overlay.png,output/resnet18_localisation_attack_preserve_cls_full/visuals/official_test/facedancer/huawei/netherland-flickr_F_31998771523_784e7e9597_h__af242c4a__adv_overlay.png,output/resnet18_localisation_attack_preserve_cls_full/visuals/official_test/facedancer/huawei/netherland-flickr_F_31998771523_784e7e9597_h__af242c4a__paired.png,0.6389691829681396,0.5419835448265076,0.02963781951371571,0.037969042238154616
official_test,facedancer,netherland-flickr_F_31998771523_784e7e9597_h,scan,test/attack/facedancer/scan/netherland-flickr_F_31998771523_784e7e9597_h.jpg,1.0,0.9999998807907104,1.1920928955078125e-07,0.8627095222473145,16.200946807861328,1.8379788398742676,True,1.0,0.25,10,0.0039215851575136185,0.0,10,0,0.5708287954330444,0.0,0.07290951162576675,0.5708287954330444,0.0,0.5708287954330444,1.0,True,7.829277515411377,0.0,7.829277515411377,1.0,1.0,0.0,1.0,0.02143271639943123,0.9869102835655212,False,False,True,output/resnet18_localisation_attack_preserve_cls_full/visuals/official_test/facedancer/scan/netherland-flickr_F_31998771523_784e7e9597_h__92b39db9__clean_overlay.png,output/resnet18_localisation_attack_preserve_cls_full/visuals/official_test/facedancer/scan/netherland-flickr_F_31998771523_784e7e9597_h__92b39db9__adv_overlay.png,output/resnet18_localisation_attack_preserve_cls_full/visuals/official_test/facedancer/scan/netherland-flickr_F_31998771523_784e7e9597_h__92b39db9__paired.png,0.6914774179458618,0.5702561140060425,0.026664091117216116,0.021796779609279608
official_test,facedancer,netherland-flickr_F_32868411313_4bb20e41db_c,scan,test/attack/facedancer/scan/netherland-flickr_F_32868411313_4bb20e41db_c.jpg,1.0,1.0,0.0,0.9984330534934998,20.11626625061035,6.457098960876465,True,1.0,0.25,10,0.0039215851575136185,0.0,10,0,0.6048761606216431,0.2537038326263428,0.0786340981721878,0.6048761606216431,0.2537038028240204,0.3511723577976227,0.5805690167004035,True,7.692288398742676,3.226384162902832,4.465904235839844,0.5805690068211441,1.0,0.0,1.0,0.6786160469055176,0.420876145362854,False,False,True,output/resnet18_localisation_attack_preserve_cls_full/visuals/official_test/facedancer/scan/netherland-flickr_F_32868411313_4bb20e41db_c__548c3cdc__clean_overlay.png,output/resnet18_localisation_attack_preserve_cls_full/visuals/official_test/facedancer/scan/netherland-flickr_F_32868411313_4bb20e41db_c__548c3cdc__adv_overlay.png,output/resnet18_localisation_attack_preserve_cls_full/visuals/official_test/facedancer/scan/netherland-flickr_F_32868411313_4bb20e41db_c__548c3cdc__paired.png,0.8310095071792603,0.716928243637085,0.021096604750304507,0.0264635353227771
official_test,facedancer,netherland-flickr_F_36412358965_0ec43e5de3_c,huawei,test/attack/facedancer/huawei/netherland-flickr_F_36412358965_0ec43e5de3_c.jpg,1.0,1.0,0.0,0.5022856593132019,20.436084747314453,0.009142734110355377,True,1.0,0.25,10,0.003921577241271734,0.0,10,2,0.5782780051231384,0.004395309370011091,0.07569508999586105,0.5782779455184937,0.004395309370011091,0.5738826361484826,0.9923993135064658,True,7.639570236206055,0.058065976947546005,7.581504259258509,0.992399313684904,1.0,0.0,1.0,0.046235524117946625,0.9136108160018921,False,False,True,output/resnet18_localisation_attack_preserve_cls_full/visuals/official_test/facedancer/huawei/netherland-flickr_F_36412358965_0ec43e5de3_c__3e74afbe__clean_overlay.png,output/resnet18_localisation_attack_preserve_cls_full/visuals/official_test/facedancer/huawei/netherland-flickr_F_36412358965_0ec43e5de3_c__3e74afbe__adv_overlay.png,output/resnet18_localisation_attack_preserve_cls_full/visuals/official_test/facedancer/huawei/netherland-flickr_F_36412358965_0ec43e5de3_c__3e74afbe__paired.png,0.7901389598846436,0.41217219829559326,0.024040137081784388,0.027757609200743494
official_test,facedancer,netherland-flickr_F_37019045642_0a3fa19256_k,iphone15,test/attack/facedancer/iphone15/netherland-flickr_F_37019045642_0a3fa19256_k.jpg,1.0,1.0,0.0,0.9995635151863098,24.812162399291992,7.736234664916992,True,1.0,0.25,10,0.0039215851575136185,0.0,10,0,0.5868092775344849,0.023940574377775192,0.07672269642353058,0.5868092775344849,0.023940572515130043,0.5628687050193548,0.9592021233615838,True,7.648444652557373,0.3120402991771698,7.336404353380203,0.9592021236536197,1.0,0.0,1.0,0.0733855590224266,0.9143790602684021,False,False,True,output/resnet18_localisation_attack_preserve_cls_full/visuals/official_test/facedancer/iphone15/netherland-flickr_F_37019045642_0a3fa19256_k__6e02c952__clean_overlay.png,output/resnet18_localisation_attack_preserve_cls_full/visuals/official_test/facedancer/iphone15/netherland-flickr_F_37019045642_0a3fa19256_k__6e02c952__adv_overlay.png,output/resnet18_localisation_attack_preserve_cls_full/visuals/official_test/facedancer/iphone15/netherland-flickr_F_37019045642_0a3fa19256_k__6e02c952__paired.png,0.7709780335426331,0.5020410418510437,0.03035762392241379,0.04273543334359606
official_test,facedancer,netherland-flickr_F_37019045642_0a3fa19256_k,scan,test/attack/facedancer/scan/netherland-flickr_F_37019045642_0a3fa19256_k.jpg,1.0,0.9999997615814209,2.384185791015625e-07,0.8458652496337891,15.258420944213867,1.7025330066680908,True,1.0,0.25,10,0.0039215851575136185,0.0,10,0,0.5693672299385071,0.010393301956355572,0.07330299913883209,0.5693672299385071,0.010393301956355572,0.5589739279821515,0.9817458725935491,True,7.7673115730285645,0.14178548753261566,7.625526085495949,0.9817458735626164,1.0,0.0,1.0,0.09246309101581573,0.9106111526489258,False,False,True,output/resnet18_localisation_attack_preserve_cls_full/visuals/official_test/facedancer/scan/netherland-flickr_F_37019045642_0a3fa19256_k__7f74280d__clean_overlay.png,output/resnet18_localisation_attack_preserve_cls_full/visuals/official_test/facedancer/scan/netherland-flickr_F_37019045642_0a3fa19256_k__7f74280d__adv_overlay.png,output/resnet18_localisation_attack_preserve_cls_full/visuals/official_test/facedancer/scan/netherland-flickr_F_37019045642_0a3fa19256_k__7f74280d__paired.png,0.6976248621940613,0.6240134239196777,0.022917620573870572,0.026199061355311356
official_test,facedancer,netherland-flickr_F_37048326531_f8270ca4df_k,huawei,test/attack/facedancer/huawei/netherland-flickr_F_37048326531_f8270ca4df_k.jpg,1.0,0.9999353885650635,6.461143493652344e-05,0.5005396604537964,9.647238731384277,0.002158716320991516,True,1.0,0.25,10,0.0039215851575136185,0.0,10,5,0.593868613243103,0.12758758664131165,0.07958197593688965,0.5938687324523926,0.12758758664131165,0.46628114581108093,0.7851586054809854,True,7.4623517990112305,1.603222131729126,5.8591296672821045,0.7851585967922935,1.0,0.0,1.0,0.512902021408081,0.5939527750015259,False,False,True,output/resnet18_localisation_attack_preserve_cls_full/visuals/official_test/facedancer/huawei/netherland-flickr_F_37048326531_f8270ca4df_k__3586e973__clean_overlay.png,output/resnet18_localisation_attack_preserve_cls_full/visuals/official_test/facedancer/huawei/netherland-flickr_F_37048326531_f8270ca4df_k__3586e973__adv_overlay.png,output/resnet18_localisation_attack_preserve_cls_full/visuals/official_test/facedancer/huawei/netherland-flickr_F_37048326531_f8270ca4df_k__3586e973__paired.png,0.6785306334495544,0.5733364224433899,0.02081881195786865,0.020850274938042132
official_test,facedancer,netherland-flickr_M_15788104622_be592061dc_k,scan,test/attack/facedancer/scan/netherland-flickr_M_15788104622_be592061dc_k.jpg,0.99951171875,0.9993234872817993,0.0001882314682006836,0.8984901905059814,7.297909736633301,2.18056058883667,True,1.0,0.25,10,0.0039215851575136185,0.0,10,0,0.6167483925819397,0.0,0.0783245861530304,0.6167483329772949,0.0,0.6167483329772949,1.0,True,7.874261856079102,0.0,7.874261856079102,1.0,1.0,0.0,1.0,0.02217913791537285,0.9797742962837219,False,False,True,output/resnet18_localisation_attack_preserve_cls_full/visuals/official_test/facedancer/scan/netherland-flickr_M_15788104622_be592061dc_k__4ba328e6__clean_overlay.png,output/resnet18_localisation_attack_preserve_cls_full/visuals/official_test/facedancer/scan/netherland-flickr_M_15788104622_be592061dc_k__4ba328e6__adv_overlay.png,output/resnet18_localisation_attack_preserve_cls_full/visuals/official_test/facedancer/scan/netherland-flickr_M_15788104622_be592061dc_k__4ba328e6__paired.png,0.6065580248832703,0.5716738104820251,0.02659053756082725,0.0269469472323601
official_test,facedancer,netherland-flickr_M_17339867026_3135c7e76f_k,huawei,test/attack/facedancer/huawei/netherland-flickr_M_17339867026_3135c7e76f_k.jpg,1.0,1.0,0.0,0.9631942510604858,17.214570999145508,3.264601707458496,True,1.0,0.25,10,0.0039215851575136185,0.0,7,0,0.522266685962677,0.0020785785745829344,0.0643431544303894,0.522266685962677,0.0020785785745829344,0.5201881073880941,0.9960200820185351,True,8.11689567565918,0.03230457752943039,8.08459109812975,0.996020082206267,1.0,0.0,1.0,0.023785149678587914,0.9549683332443237,False,False,True,output/resnet18_localisation_attack_preserve_cls_full/visuals/official_test/facedancer/huawei/netherland-flickr_M_17339867026_3135c7e76f_k__ce2009dc__clean_overlay.png,output/resnet18_localisation_attack_preserve_cls_full/visuals/official_test/facedancer/huawei/netherland-flickr_M_17339867026_3135c7e76f_k__ce2009dc__adv_overlay.png,output/resnet18_localisation_attack_preserve_cls_full/visuals/official_test/facedancer/huawei/netherland-flickr_M_17339867026_3135c7e76f_k__ce2009dc__paired.png,0.7075033783912659,0.5281407237052917,0.023265376376988983,0.030233992503059977
official_test,facedancer,netherland-flickr_M_17339867026_3135c7e76f_k,iphone15,test/attack/facedancer/iphone15/netherland-flickr_M_17339867026_3135c7e76f_k.jpg,1.0,0.9999995231628418,4.76837158203125e-07,0.9973574280738831,14.675045013427734,5.933371543884277,True,1.0,0.25,10,0.0039215851575136185,0.0,6,0,0.507191002368927,0.032045699656009674,0.0653298944234848,0.507191002368927,0.032045695930719376,0.4751453064382076,0.9368173020005399,True,7.76353645324707,0.4905211627483368,7.2730152904987335,0.9368173041110436,1.0,0.0,1.0,0.20990082621574402,0.7855476140975952,False,False,True,output/resnet18_localisation_attack_preserve_cls_full/visuals/official_test/facedancer/iphone15/netherland-flickr_M_17339867026_3135c7e76f_k__a470f34b__clean_overlay.png,output/resnet18_localisation_attack_preserve_cls_full/visuals/official_test/facedancer/iphone15/netherland-flickr_M_17339867026_3135c7e76f_k__a470f34b__adv_overlay.png,output/resnet18_localisation_attack_preserve_cls_full/visuals/official_test/facedancer/iphone15/netherland-flickr_M_17339867026_3135c7e76f_k__a470f34b__paired.png,0.6308020353317261,0.3760053217411041,0.026065427311435522,0.03636804288321168
official_test,facedancer,netherland-flickr_M_18042193331_841d026f9a_c,huawei,test/attack/facedancer/huawei/netherland-flickr_M_18042193331_841d026f9a_c.jpg,1.0,0.99998939037323,1.0609626770019531e-05,0.9783446788787842,11.458337783813477,3.8106095790863037,True,1.0,0.25,10,0.0039215851575136185,0.0,5,0,0.5463048815727234,0.02820359542965889,0.06969975680112839,0.5463048219680786,0.028203601017594337,0.5181012209504843,0.9483738750172659,True,7.837973594665527,0.4046441912651062,7.433329403400421,0.9483738766942894,1.0,0.0,1.0,0.203555628657341,0.8230875730514526,False,False,True,output/resnet18_localisation_attack_preserve_cls_full/visuals/official_test/facedancer/huawei/netherland-flickr_M_18042193331_841d026f9a_c__bc2de095__clean_overlay.png,output/resnet18_localisation_attack_preserve_cls_full/visuals/official_test/facedancer/huawei/netherland-flickr_M_18042193331_841d026f9a_c__bc2de095__adv_overlay.png,output/resnet18_localisation_attack_preserve_cls_full/visuals/official_test/facedancer/huawei/netherland-flickr_M_18042193331_841d026f9a_c__bc2de095__paired.png,0.5966511964797974,0.40238329768180847,0.02947399662990196,0.03229358149509804
official_test,facedancer,netherland-flickr_M_18042193331_841d026f9a_c,iphone15,test/attack/facedancer/iphone15/netherland-flickr_M_18042193331_841d026f9a_c.jpg,1.0,0.9999945163726807,5.4836273193359375e-06,0.9991835951805115,12.124031066894531,7.1098127365112305,True,1.0,0.25,10,0.0039215851575136185,0.0,6,0,0.5912474393844604,0.0101559367030859,0.07465117424726486,0.5912473797798157,0.0101559367030859,0.5810914430767298,0.982822863913802,True,7.920135021209717,0.13604523241519928,7.7840897887945175,0.9828228645028302,1.0,0.0,1.0,0.04639953374862671,0.9358638525009155,False,False,True,output/resnet18_localisation_attack_preserve_cls_full/visuals/official_test/facedancer/iphone15/netherland-flickr_M_18042193331_841d026f9a_c__02af05c5__clean_overlay.png,output/resnet18_localisation_attack_preserve_cls_full/visuals/official_test/facedancer/iphone15/netherland-flickr_M_18042193331_841d026f9a_c__02af05c5__adv_overlay.png,output/resnet18_localisation_attack_preserve_cls_full/visuals/official_test/facedancer/iphone15/netherland-flickr_M_18042193331_841d026f9a_c__02af05c5__paired.png,0.6102163791656494,0.47623100876808167,0.032412746002460024,0.039653482472324725
official_test,facedancer,netherland-flickr_M_19475853574_c947539b18_c,iphone15,test/attack/facedancer/iphone15/netherland-flickr_M_19475853574_c947539b18_c.jpg,1.0,1.0,0.0,0.5004960894584656,17.52969741821289,0.001984480768442154,True,1.0,0.25,10,0.0039215851575136185,0.0,10,3,0.5414550304412842,1.603271084604785e-05,0.07046549767255783,0.5414550304412842,1.6032712665037252e-05,0.5414389977286191,0.999970389576671,True,7.683973789215088,0.00022752571385353804,7.683746263501234,0.9999703895770476,1.0,0.0,1.0,0.008746391162276268,0.9821822047233582,False,False,True,output/resnet18_localisation_attack_preserve_cls_full/visuals/official_test/facedancer/iphone15/netherland-flickr_M_19475853574_c947539b18_c__02b0c6d6__clean_overlay.png,output/resnet18_localisation_attack_preserve_cls_full/visuals/official_test/facedancer/iphone15/netherland-flickr_M_19475853574_c947539b18_c__02b0c6d6__adv_overlay.png,output/resnet18_localisation_attack_preserve_cls_full/visuals/official_test/facedancer/iphone15/netherland-flickr_M_19475853574_c947539b18_c__02b0c6d6__paired.png,0.6877232193946838,0.6065645813941956,0.023999292380660956,0.01835985312117503
official_test,facedancer,netherland-flickr_M_19475853574_c947539b18_c,scan,test/attack/facedancer/scan/netherland-flickr_M_19475853574_c947539b18_c.jpg,1.0,1.0,0.0,0.9483749866485596,18.552583694458008,2.910743236541748,True,1.0,0.25,10,0.0039215851575136185,0.0,10,0,0.5688230395317078,0.04368315264582634,0.07308560609817505,0.568822979927063,0.04368315264582634,0.5251398272812366,0.9232043110293687,True,7.782968997955322,0.597698450088501,7.185270547866821,0.9232043131296651,1.0,0.0,1.0,0.20284044742584229,0.7914564609527588,False,False,True,output/resnet18_localisation_attack_preserve_cls_full/visuals/official_test/facedancer/scan/netherland-flickr_M_19475853574_c947539b18_c__2ba7520a__clean_overlay.png,output/resnet18_localisation_attack_preserve_cls_full/visuals/official_test/facedancer/scan/netherland-flickr_M_19475853574_c947539b18_c__2ba7520a__adv_overlay.png,output/resnet18_localisation_attack_preserve_cls_full/visuals/official_test/facedancer/scan/netherland-flickr_M_19475853574_c947539b18_c__2ba7520a__paired.png,0.7454506158828735,0.5852629542350769,0.02179515376376989,0.032091493268053856
official_test,facedancer,netherland-flickr_M_21260956694_6fd7ae0222_k,scan,test/attack/facedancer/scan/netherland-flickr_M_21260956694_6fd7ae0222_k.jpg,1.0,0.9999994039535522,5.960464477539062e-07,0.9716743230819702,14.3803129196167,3.5352516174316406,True,1.0,0.25,10,0.0039215851575136185,0.0,7,0,0.5819486975669861,0.004031517542898655,0.07150475680828094,0.5819487571716309,0.004031517542898655,0.5779172396287322,0.9930723839629927,True,8.138601303100586,0.05638110637664795,8.082220196723938,0.993072383782313,1.0,0.0,1.0,0.07295174896717072,0.9285467267036438,False,False,True,output/resnet18_localisation_attack_preserve_cls_full/visuals/official_test/facedancer/scan/netherland-flickr_M_21260956694_6fd7ae0222_k__6089d2f5__clean_overlay.png,output/resnet18_localisation_attack_preserve_cls_full/visuals/official_test/facedancer/scan/netherland-flickr_M_21260956694_6fd7ae0222_k__6089d2f5__adv_overlay.png,output/resnet18_localisation_attack_preserve_cls_full/visuals/official_test/facedancer/scan/netherland-flickr_M_21260956694_6fd7ae0222_k__6089d2f5__paired.png,0.6258008480072021,0.5423080921173096,0.030401433555825242,0.02985626516990291
official_test,facedancer,netherland-flickr_M_23559454676_4919252d67_c,scan,test/attack/facedancer/scan/netherland-flickr_M_23559454676_4919252d67_c.jpg,0.99755859375,0.9977402687072754,0.00018167495727539062,0.5015908479690552,6.090250015258789,0.006363421678543091,True,1.0,0.25,10,0.0039215851575136185,0.0,10,4,0.6580590009689331,0.1793653517961502,0.08327696472406387,0.6580590605735779,0.1793653517961502,0.4786937087774277,0.7274327449578588,True,7.9020538330078125,2.153841257095337,5.748212575912476,0.727432727919609,1.0,0.0,1.0,0.47613847255706787,0.5859417915344238,False,False,True,output/resnet18_localisation_attack_preserve_cls_full/visuals/official_test/facedancer/scan/netherland-flickr_M_23559454676_4919252d67_c__739785c2__clean_overlay.png,output/resnet18_localisation_attack_preserve_cls_full/visuals/official_test/facedancer/scan/netherland-flickr_M_23559454676_4919252d67_c__739785c2__adv_overlay.png,output/resnet18_localisation_attack_preserve_cls_full/visuals/official_test/facedancer/scan/netherland-flickr_M_23559454676_4919252d67_c__739785c2__paired.png,0.6300386786460876,0.5590425729751587,0.019924256859756097,0.02230373475609756
official_test,facedancer,netherland-flickr_M_2409019110_4f42632225_o,iphone15,test/attack/facedancer/iphone15/netherland-flickr_M_2409019110_4f42632225_o.jpg,0.9892578125,0.9891458749771118,0.0001119375228881836,0.8490699529647827,4.512301445007324,1.727325201034546,True,1.0,0.25,10,0.003921577241271734,0.0,10,0,0.5746899247169495,0.0,0.07381810992956161,0.5746899843215942,0.0,0.5746899843215942,1.0,True,7.785216808319092,0.0,7.785216808319092,1.0,0.0,0.0,0.0,0.04980519041419029,0.9660050868988037,False,False,True,output/resnet18_localisation_attack_preserve_cls_full/visuals/official_test/facedancer/iphone15/netherland-flickr_M_2409019110_4f42632225_o__44b2f9fa__clean_overlay.png,output/resnet18_localisation_attack_preserve_cls_full/visuals/official_test/facedancer/iphone15/netherland-flickr_M_2409019110_4f42632225_o__44b2f9fa__adv_overlay.png,output/resnet18_localisation_attack_preserve_cls_full/visuals/official_test/facedancer/iphone15/netherland-flickr_M_2409019110_4f42632225_o__44b2f9fa__paired.png,0.7396712899208069,0.5425745248794556,0.028328659188034188,0.028145032051282052
official_test,facedancer,netherland-flickr_M_2409019110_4f42632225_o,scan,test/attack/facedancer/scan/netherland-flickr_M_2409019110_4f42632225_o.jpg,0.9677734375,0.9677294492721558,4.398822784423828e-05,0.5009020566940308,3.400798797607422,0.003608293831348419,True,1.0,0.25,10,0.003921577241271734,0.0,10,6,0.5811164379119873,0.00036519550485536456,0.0739988163113594,0.5811164975166321,0.0003651954757515341,0.5807513020408805,0.9993715623677659,True,7.853051662445068,0.004935153294354677,7.848116509150714,0.9993715623548033,1.0,0.0,1.0,0.033769477158784866,0.9537986516952515,False,False,True,output/resnet18_localisation_attack_preserve_cls_full/visuals/official_test/facedancer/scan/netherland-flickr_M_2409019110_4f42632225_o__3d060083__clean_overlay.png,output/resnet18_localisation_attack_preserve_cls_full/visuals/official_test/facedancer/scan/netherland-flickr_M_2409019110_4f42632225_o__3d060083__adv_overlay.png,output/resnet18_localisation_attack_preserve_cls_full/visuals/official_test/facedancer/scan/netherland-flickr_M_2409019110_4f42632225_o__3d060083__paired.png,0.7435785531997681,0.6478281021118164,0.025084627447980415,0.023011972154222765
official_test,facedancer,netherland-flickr_M_26828968014_910728ddd9_k,iphone15,test/attack/facedancer/iphone15/netherland-flickr_M_26828968014_910728ddd9_k.jpg,1.0,1.0,0.0,0.9999041557312012,29.13631820678711,9.253107070922852,True,1.0,0.25,10,0.0039215851575136185,0.0,10,0,0.537584125995636,0.05244817957282066,0.06882575899362564,0.537584125995636,0.052448172122240067,0.4851359538733959,0.9024372752355678,True,7.810798645019531,0.762042760848999,7.048755884170532,0.9024372800424311,1.0,0.0,1.0,0.2371170073747635,0.8009438514709473,False,False,True,output/resnet18_localisation_attack_preserve_cls_full/visuals/official_test/facedancer/iphone15/netherland-flickr_M_26828968014_910728ddd9_k__1f9eca96__clean_overlay.png,output/resnet18_localisation_attack_preserve_cls_full/visuals/official_test/facedancer/iphone15/netherland-flickr_M_26828968014_910728ddd9_k__1f9eca96__adv_overlay.png,output/resnet18_localisation_attack_preserve_cls_full/visuals/official_test/facedancer/iphone15/netherland-flickr_M_26828968014_910728ddd9_k__1f9eca96__paired.png,0.6783353090286255,0.48283395171165466,0.034765625,0.04710700757575757
official_test,facedancer,netherland-flickr_M_26828968014_910728ddd9_k,scan,test/attack/facedancer/scan/netherland-flickr_M_26828968014_910728ddd9_k.jpg,1.0,1.0,0.0,0.9921443462371826,19.179162979125977,4.838626861572266,True,1.0,0.25,10,0.0039215851575136185,0.0,10,0,0.5663343667984009,0.04749850183725357,0.07331381738185883,0.5663343667984009,0.04749850183725357,0.5188358649611473,0.9161299320297797,True,7.724797248840332,0.6478792428970337,7.076918005943298,0.9161299355793067,1.0,0.0,1.0,0.21767915785312653,0.7949544191360474,False,False,True,output/resnet18_localisation_attack_preserve_cls_full/visuals/official_test/facedancer/scan/netherland-flickr_M_26828968014_910728ddd9_k__e7e87ffd__clean_overlay.png,output/resnet18_localisation_attack_preserve_cls_full/visuals/official_test/facedancer/scan/netherland-flickr_M_26828968014_910728ddd9_k__e7e87ffd__adv_overlay.png,output/resnet18_localisation_attack_preserve_cls_full/visuals/official_test/facedancer/scan/netherland-flickr_M_26828968014_910728ddd9_k__e7e87ffd__paired.png,0.6319069266319275,0.5434879064559937,0.027964547677261614,0.04106099098410758
official_test,facedancer,netherland-flickr_M_31998389253_0a26f25b0d_h,scan,test/attack/facedancer/scan/netherland-flickr_M_31998389253_0a26f25b0d_h.jpg,1.0,0.9999998807907104,1.1920928955078125e-07,0.5000725388526917,15.724778175354004,0.0002901814877986908,True,1.0,0.25,10,0.0039215851575136185,0.0,10,1,0.5836163759231567,0.0,0.07597345113754272,0.583616316318512,0.0,0.583616316318512,1.0,True,7.681845188140869,0.0,7.681845188140869,1.0,1.0,0.0,1.0,0.0035988367162644863,0.99028480052948,False,False,True,output/resnet18_localisation_attack_preserve_cls_full/visuals/official_test/facedancer/scan/netherland-flickr_M_31998389253_0a26f25b0d_h__b2535add__clean_overlay.png,output/resnet18_localisation_attack_preserve_cls_full/visuals/official_test/facedancer/scan/netherland-flickr_M_31998389253_0a26f25b0d_h__b2535add__adv_overlay.png,output/resnet18_localisation_attack_preserve_cls_full/visuals/official_test/facedancer/scan/netherland-flickr_M_31998389253_0a26f25b0d_h__b2535add__paired.png,0.7439535856246948,0.723179042339325,0.024663880813953487,0.013710124694002448
official_test,facedancer,netherland-flickr_M_31998818913_b87fd05689_h,huawei,test/attack/facedancer/huawei/netherland-flickr_M_31998818913_b87fd05689_h.jpg,1.0,1.0,0.0,0.9931730628013611,17.66701889038086,4.980025291442871,True,1.0,0.25,10,0.003921577241271734,0.0,6,0,0.5839629173278809,0.01603413000702858,0.07684685289859772,0.5839629173278809,0.01603413000702858,0.5679287873208523,0.9725425544478096,True,7.599048137664795,0.20865043997764587,7.390397697687149,0.9725425558309775,1.0,0.0,1.0,0.10150850564241409,0.8932418823242188,False,False,True,output/resnet18_localisation_attack_preserve_cls_full/visuals/official_test/facedancer/huawei/netherland-flickr_M_31998818913_b87fd05689_h__da2c163c__clean_overlay.png,output/resnet18_localisation_attack_preserve_cls_full/visuals/official_test/facedancer/huawei/netherland-flickr_M_31998818913_b87fd05689_h__da2c163c__adv_overlay.png,output/resnet18_localisation_attack_preserve_cls_full/visuals/official_test/facedancer/huawei/netherland-flickr_M_31998818913_b87fd05689_h__da2c163c__paired.png,0.6629631519317627,0.5567619800567627,0.030821557138480393,0.0349887025122549
official_test,facedancer,netherland-flickr_M_32689636931_6ac45273df_h,huawei,test/attack/facedancer/huawei/netherland-flickr_M_32689636931_6ac45273df_h.jpg,1.0,0.999998927116394,1.0728836059570312e-06,0.9949169158935547,13.738014221191406,5.276728630065918,True,1.0,0.25,10,0.0039215851575136185,0.0,6,0,0.5946038365364075,3.061583629460074e-05,0.07590845227241516,0.5946037769317627,3.061583993257955e-05,0.5945731610918301,0.9999485105189029,True,7.833169460296631,0.0004033258301205933,7.83276613446651,0.9999485105189968,1.0,0.0,1.0,0.019297661259770393,0.9800347089767456,False,False,True,output/resnet18_localisation_attack_preserve_cls_full/visuals/official_test/facedancer/huawei/netherland-flickr_M_32689636931_6ac45273df_h__94a1c575__clean_overlay.png,output/resnet18_localisation_attack_preserve_cls_full/visuals/official_test/facedancer/huawei/netherland-flickr_M_32689636931_6ac45273df_h__94a1c575__adv_overlay.png,output/resnet18_localisation_attack_preserve_cls_full/visuals/official_test/facedancer/huawei/netherland-flickr_M_32689636931_6ac45273df_h__94a1c575__paired.png,0.7678506970405579,0.6076998710632324,0.02940604116038882,0.030559405376670717
official_test,facedancer,netherland-flickr_M_32689636931_6ac45273df_h,iphone15,test/attack/facedancer/iphone15/netherland-flickr_M_32689636931_6ac45273df_h.jpg,1.0,1.0,0.0,0.9982547163963318,17.620149612426758,6.349081516265869,True,1.0,0.25,10,0.0039215851575136185,0.0,8,0,0.5977623462677002,1.437054947928118e-06,0.07947993278503418,0.5977623462677002,1.437054947928118e-06,0.5977609092127523,0.9999975959426737,True,7.520921230316162,1.8080725567415357e-05,7.520903149590595,0.9999975959427025,1.0,0.0,1.0,0.014547806233167648,0.9743332862854004,False,False,True,output/resnet18_localisation_attack_preserve_cls_full/visuals/official_test/facedancer/iphone15/netherland-flickr_M_32689636931_6ac45273df_h__e0e241eb__clean_overlay.png,output/resnet18_localisation_attack_preserve_cls_full/visuals/official_test/facedancer/iphone15/netherland-flickr_M_32689636931_6ac45273df_h__e0e241eb__adv_overlay.png,output/resnet18_localisation_attack_preserve_cls_full/visuals/official_test/facedancer/iphone15/netherland-flickr_M_32689636931_6ac45273df_h__e0e241eb__paired.png,0.6250931620597839,0.5452972054481506,0.03250403597785978,0.042560347478474786
official_test,facedancer,netherland-flickr_M_33239373490_5b5df42090_k,huawei,test/attack/facedancer/huawei/netherland-flickr_M_33239373490_5b5df42090_k.jpg,1.0,1.0,0.0,0.902971625328064,20.539527893066406,2.2306878566741943,True,1.0,0.25,10,0.0039215851575136185,0.0,8,0,0.5409965515136719,0.04478184133768082,0.0670231506228447,0.5409966111183167,0.04478183761239052,0.49621477350592613,0.917223441529846,True,8.071786880493164,0.668154776096344,7.40363210439682,0.9172234368933783,1.0,0.0,1.0,0.2695600390434265,0.7700577974319458,False,False,True,output/resnet18_localisation_attack_preserve_cls_full/visuals/official_test/facedancer/huawei/netherland-flickr_M_33239373490_5b5df42090_k__b85a1cc3__clean_overlay.png,output/resnet18_localisation_attack_preserve_cls_full/visuals/official_test/facedancer/huawei/netherland-flickr_M_33239373490_5b5df42090_k__b85a1cc3__adv_overlay.png,output/resnet18_localisation_attack_preserve_cls_full/visuals/official_test/facedancer/huawei/netherland-flickr_M_33239373490_5b5df42090_k__b85a1cc3__paired.png,0.7235694527626038,0.645851194858551,0.024954744664634147,0.02850609756097561
official_test,facedancer,netherland-flickr_M_33239373490_5b5df42090_k,iphone15,test/attack/facedancer/iphone15/netherland-flickr_M_33239373490_5b5df42090_k.jpg,1.0,0.9999997615814209,2.384185791015625e-07,0.5000578165054321,15.386232376098633,0.00023129582405090332,True,1.0,0.25,10,0.0039215851575136185,0.0,10,3,0.592963695526123,0.0005575402756221592,0.07219328731298447,0.5929637551307678,0.0005575401009991765,0.5924062150297686,0.9990597399989882,True,8.213558197021484,0.007722880225628614,8.205835316795856,0.9990597400005725,1.0,0.0,1.0,0.019249513745307922,0.9735842943191528,False,False,True,output/resnet18_localisation_attack_preserve_cls_full/visuals/official_test/facedancer/iphone15/netherland-flickr_M_33239373490_5b5df42090_k__fc9558f9__clean_overlay.png,output/resnet18_localisation_attack_preserve_cls_full/visuals/official_test/facedancer/iphone15/netherland-flickr_M_33239373490_5b5df42090_k__fc9558f9__adv_overlay.png,output/resnet18_localisation_attack_preserve_cls_full/visuals/official_test/facedancer/iphone15/netherland-flickr_M_33239373490_5b5df42090_k__fc9558f9__paired.png,0.7732124924659729,0.6315635442733765,0.029198013117283952,0.022347608024691358
official_test,facedancer,netherland-flickr_M_33239373490_5b5df42090_k,scan,test/attack/facedancer/scan/netherland-flickr_M_33239373490_5b5df42090_k.jpg,1.0,1.0,0.0,0.9957634210586548,18.38593101501465,5.459745407104492,True,1.0,0.25,10,0.0039215851575136185,0.0,10,0,0.5870383381843567,0.03149775415658951,0.07517382502555847,0.5870382785797119,0.03149775415658951,0.5555405244231224,0.946344633210639,True,7.809078216552734,0.41899895668029785,7.3900792598724365,0.9463446331230035,1.0,0.0,1.0,0.19466492533683777,0.8412842750549316,False,False,True,output/resnet18_localisation_attack_preserve_cls_full/visuals/official_test/facedancer/scan/netherland-flickr_M_33239373490_5b5df42090_k__3cabb033__clean_overlay.png,output/resnet18_localisation_attack_preserve_cls_full/visuals/official_test/facedancer/scan/netherland-flickr_M_33239373490_5b5df42090_k__3cabb033__adv_overlay.png,output/resnet18_localisation_attack_preserve_cls_full/visuals/official_test/facedancer/scan/netherland-flickr_M_33239373490_5b5df42090_k__3cabb033__paired.png,0.6287241578102112,0.5258376598358154,0.027964547677261614,0.046875
official_test,facedancer,netherland-flickr_M_33276713046_c88eb6c4c8_c,scan,test/attack/facedancer/scan/netherland-flickr_M_33276713046_c88eb6c4c8_c.jpg,1.0,0.999997615814209,2.384185791015625e-06,0.5009036660194397,12.942026138305664,0.0036147739738225937,True,1.0,0.25,10,0.0039215851575136185,0.0,10,1,0.5886214375495911,0.0,0.07614799588918686,0.5886213779449463,0.0,0.5886213779449463,1.0,True,7.7299652099609375,0.0,7.7299652099609375,1.0,1.0,0.0,1.0,0.013717146590352058,0.9927859306335449,False,False,True,output/resnet18_localisation_attack_preserve_cls_full/visuals/official_test/facedancer/scan/netherland-flickr_M_33276713046_c88eb6c4c8_c__d6eb2c7b__clean_overlay.png,output/resnet18_localisation_attack_preserve_cls_full/visuals/official_test/facedancer/scan/netherland-flickr_M_33276713046_c88eb6c4c8_c__d6eb2c7b__adv_overlay.png,output/resnet18_localisation_attack_preserve_cls_full/visuals/official_test/facedancer/scan/netherland-flickr_M_33276713046_c88eb6c4c8_c__d6eb2c7b__paired.png,0.7167233228683472,0.7116580009460449,0.024786541106356967,0.010820981051344743
official_test,facedancer,netherland-flickr_M_33297625690_76e3181f5e_c,huawei,test/attack/facedancer/huawei/netherland-flickr_M_33297625690_76e3181f5e_c.jpg,1.0,0.9999983310699463,1.6689300537109375e-06,0.5032955408096313,13.322854995727539,0.013182364404201508,True,1.0,0.25,10,0.0039215851575136185,0.0,10,2,0.6334314346313477,0.06725279986858368,0.07825632393360138,0.6334314942359924,0.06725279986858368,0.5661786943674088,0.893827824349498,True,8.094317436218262,0.8593912720680237,7.234926164150238,0.893827826887212,1.0,0.0,1.0,0.3241874575614929,0.6937096118927002,False,False,True,output/resnet18_localisation_attack_preserve_cls_full/visuals/official_test/facedancer/huawei/netherland-flickr_M_33297625690_76e3181f5e_c__4b5356eb__clean_overlay.png,output/resnet18_localisation_attack_preserve_cls_full/visuals/official_test/facedancer/huawei/netherland-flickr_M_33297625690_76e3181f5e_c__4b5356eb__adv_overlay.png,output/resnet18_localisation_attack_preserve_cls_full/visuals/official_test/facedancer/huawei/netherland-flickr_M_33297625690_76e3181f5e_c__4b5356eb__paired.png,0.8031185865402222,0.5637129545211792,0.021577494651589244,0.024008156326405867
official_test,facedancer,netherland-flickr_M_37190718595_78e318623b_k,huawei,test/attack/facedancer/huawei/netherland-flickr_M_37190718595_78e318623b_k.jpg,1.0,0.9999995231628418,4.76837158203125e-07,0.8874001502990723,14.62470531463623,2.064455270767212,True,1.0,0.25,10,0.003921577241271734,0.0,10,0,0.619341254234314,0.0,0.07849521934986115,0.6193413138389587,0.0,0.6193413138389587,1.0,True,7.89017915725708,0.0,7.89017915725708,1.0,1.0,0.0,1.0,0.010957114398479462,0.9829938411712646,False,False,True,output/resnet18_localisation_attack_preserve_cls_full/visuals/official_test/facedancer/huawei/netherland-flickr_M_37190718595_78e318623b_k__43e2dabc__clean_overlay.png,output/resnet18_localisation_attack_preserve_cls_full/visuals/official_test/facedancer/huawei/netherland-flickr_M_37190718595_78e318623b_k__43e2dabc__adv_overlay.png,output/resnet18_localisation_attack_preserve_cls_full/visuals/official_test/facedancer/huawei/netherland-flickr_M_37190718595_78e318623b_k__43e2dabc__paired.png,0.6304417848587036,0.6092054843902588,0.026702992102065615,0.022723173602673147
official_test,facedancer,netherland-flickr_M_37190718595_78e318623b_k,scan,test/attack/facedancer/scan/netherland-flickr_M_37190718595_78e318623b_k.jpg,1.0,1.0,0.0,0.9112927317619324,18.42595863342285,2.329522132873535,True,1.0,0.25,10,0.0039215851575136185,0.0,10,0,0.6198177337646484,0.028862807899713516,0.08367473632097244,0.6198176741600037,0.028862804174423218,0.5909548699855804,0.9534333960167577,True,7.407464981079102,0.3449404835700989,7.062524497509003,0.9534333966544316,1.0,0.0,1.0,0.05420757085084915,0.9347618222236633,False,False,True,output/resnet18_localisation_attack_preserve_cls_full/visuals/official_test/facedancer/scan/netherland-flickr_M_37190718595_78e318623b_k__d6abff91__clean_overlay.png,output/resnet18_localisation_attack_preserve_cls_full/visuals/official_test/facedancer/scan/netherland-flickr_M_37190718595_78e318623b_k__d6abff91__adv_overlay.png,output/resnet18_localisation_attack_preserve_cls_full/visuals/official_test/facedancer/scan/netherland-flickr_M_37190718595_78e318623b_k__d6abff91__paired.png,0.641215443611145,0.48344674706459045,0.026038490853658537,0.02615282012195122
official_test,facedancer,netherland-flickr_M_4188233342_8473de8906_c,scan,test/attack/facedancer/scan/netherland-flickr_M_4188233342_8473de8906_c.jpg,0.998046875,0.9980490207672119,2.1457672119140625e-06,0.500085175037384,6.23746919631958,0.00034071505069732666,True,1.0,0.25,10,0.0039215851575136185,0.0,10,6,0.5812485814094543,0.004788052290678024,0.07020014524459839,0.5812485218048096,0.004788052290678024,0.5764604695141315,0.9917624697335817,True,8.279876708984375,0.06820573657751083,8.211670972406864,0.9917624695421489,1.0,0.0,1.0,0.06727001816034317,0.915152370929718,False,False,True,output/resnet18_localisation_attack_preserve_cls_full/visuals/official_test/facedancer/scan/netherland-flickr_M_4188233342_8473de8906_c__66392805__clean_overlay.png,output/resnet18_localisation_attack_preserve_cls_full/visuals/official_test/facedancer/scan/netherland-flickr_M_4188233342_8473de8906_c__66392805__adv_overlay.png,output/resnet18_localisation_attack_preserve_cls_full/visuals/official_test/facedancer/scan/netherland-flickr_M_4188233342_8473de8906_c__66392805__paired.png,0.7191084027290344,0.6068034172058105,0.024534788096695227,0.01934000152998776
official_test,facedancer,netherland-flickr_M_6862482951_78a560f107_b,huawei,test/attack/facedancer/huawei/netherland-flickr_M_6862482951_78a560f107_b.jpg,1.0,0.9999997615814209,2.384185791015625e-07,0.5008452534675598,15.164260864257812,0.003381103277206421,True,1.0,0.25,10,0.0039215851575136185,0.0,10,4,0.6014350652694702,0.0003154259466100484,0.07983732968568802,0.6014350056648254,0.0003154258884023875,0.601119579776423,0.9994755445136525,True,7.533255577087402,0.00395085709169507,7.529304719995707,0.9994755445303474,1.0,0.0,1.0,0.030612105503678322,0.9544639587402344,False,False,True,output/resnet18_localisation_attack_preserve_cls_full/visuals/official_test/facedancer/huawei/netherland-flickr_M_6862482951_78a560f107_b__4f0320df__clean_overlay.png,output/resnet18_localisation_attack_preserve_cls_full/visuals/official_test/facedancer/huawei/netherland-flickr_M_6862482951_78a560f107_b__4f0320df__adv_overlay.png,output/resnet18_localisation_attack_preserve_cls_full/visuals/official_test/facedancer/huawei/netherland-flickr_M_6862482951_78a560f107_b__4f0320df__paired.png,0.6816698312759399,0.6308056712150574,0.025529265255292654,0.01810593088418431
official_test,facedancer,netherland-flickr_M_6862482951_78a560f107_b,scan,test/attack/facedancer/scan/netherland-flickr_M_6862482951_78a560f107_b.jpg,1.0,0.999891996383667,0.00010800361633300781,0.880476713180542,9.13313102722168,1.9969518184661865,True,1.0,0.25,10,0.0039215851575136185,0.0,10,0,0.5986381769180298,0.0,0.07508733123540878,0.5986382365226746,0.0,0.5986382365226746,1.0,True,7.972559452056885,0.0,7.972559452056885,1.0,1.0,0.0,1.0,0.01869649440050125,0.9861975908279419,False,False,True,output/resnet18_localisation_attack_preserve_cls_full/visuals/official_test/facedancer/scan/netherland-flickr_M_6862482951_78a560f107_b__48864c4d__clean_overlay.png,output/resnet18_localisation_attack_preserve_cls_full/visuals/official_test/facedancer/scan/netherland-flickr_M_6862482951_78a560f107_b__48864c4d__adv_overlay.png,output/resnet18_localisation_attack_preserve_cls_full/visuals/official_test/facedancer/scan/netherland-flickr_M_6862482951_78a560f107_b__48864c4d__paired.png,0.7068055868148804,0.6815299987792969,0.028281155072904008,0.021773902642770352
official_test,facedancer,singapore-flickr_F_17178258920_6f5f1eedd0_k,huawei,test/attack/facedancer/huawei/singapore-flickr_F_17178258920_6f5f1eedd0_k.jpg,1.0,0.9999498128890991,5.0187110900878906e-05,0.9999479055404663,9.898706436157227,9.863042831420898,True,1.0,0.25,10,0.0039215851575136185,0.0,5,0,0.2985224723815918,0.0015155458822846413,0.032370489090681076,0.2985225319862366,0.001515545998699963,0.2970069859875366,0.9949231771933054,True,9.222058296203613,0.04681875556707382,9.17523954063654,0.994923177227545,0.0,0.0,0.0,0.06824754178524017,0.9282147884368896,False,False,True,output/resnet18_localisation_attack_preserve_cls_full/visuals/official_test/facedancer/huawei/singapore-flickr_F_17178258920_6f5f1eedd0_k__a764c979__clean_overlay.png,output/resnet18_localisation_attack_preserve_cls_full/visuals/official_test/facedancer/huawei/singapore-flickr_F_17178258920_6f5f1eedd0_k__a764c979__adv_overlay.png,output/resnet18_localisation_attack_preserve_cls_full/visuals/official_test/facedancer/huawei/singapore-flickr_F_17178258920_6f5f1eedd0_k__a764c979__paired.png,0.6020150184631348,0.519882082939148,0.03246088992082826,0.045813984470158345
official_test,facedancer,singapore-flickr_F_17178258920_6f5f1eedd0_k,scan,test/attack/facedancer/scan/singapore-flickr_F_17178258920_6f5f1eedd0_k.jpg,1.0,0.9999973773956299,2.6226043701171875e-06,0.9992577433586121,12.837026596069336,7.205163478851318,True,1.0,0.25,10,0.0039215851575136185,0.0,9,0,0.32853326201438904,0.0023336834274232388,0.03471159562468529,0.3285332918167114,0.002333683194592595,0.32619960862211883,0.9928966614564756,True,9.464654922485352,0.06723064929246902,9.397424273192883,0.9928966613317568,0.0,0.0,0.0,0.030034873634576797,0.9683379530906677,False,False,True,output/resnet18_localisation_attack_preserve_cls_full/visuals/official_test/facedancer/scan/singapore-flickr_F_17178258920_6f5f1eedd0_k__69fa028e__clean_overlay.png,output/resnet18_localisation_attack_preserve_cls_full/visuals/official_test/facedancer/scan/singapore-flickr_F_17178258920_6f5f1eedd0_k__69fa028e__adv_overlay.png,output/resnet18_localisation_attack_preserve_cls_full/visuals/official_test/facedancer/scan/singapore-flickr_F_17178258920_6f5f1eedd0_k__69fa028e__paired.png,0.7170515656471252,0.45550012588500977,0.03011924342105263,0.044063647490820076
official_test,facedancer,singapore-flickr_F_19679296994_d0fc2a7ac6_o,huawei,test/attack/facedancer/huawei/singapore-flickr_F_19679296994_d0fc2a7ac6_o.jpg,1.0,0.9999493360519409,5.066394805908203e-05,0.999900221824646,9.889971733093262,9.21208381652832,True,1.0,0.25,10,0.0039215851575136185,0.0,10,0,0.3289855718612671,0.0,0.03347741439938545,0.3289856016635895,0.0,0.3289856016635895,1.0,True,9.827091217041016,0.0,9.827091217041016,1.0,0.0,0.0,0.0,0.02891123667359352,0.9612441658973694,False,False,True,output/resnet18_localisation_attack_preserve_cls_full/visuals/official_test/facedancer/huawei/singapore-flickr_F_19679296994_d0fc2a7ac6_o__15211691__clean_overlay.png,output/resnet18_localisation_attack_preserve_cls_full/visuals/official_test/facedancer/huawei/singapore-flickr_F_19679296994_d0fc2a7ac6_o__15211691__adv_overlay.png,output/resnet18_localisation_attack_preserve_cls_full/visuals/official_test/facedancer/huawei/singapore-flickr_F_19679296994_d0fc2a7ac6_o__15211691__paired.png,0.6430320739746094,0.5719813704490662,0.02684719279661017,0.045021186440677964
official_test,facedancer,singapore-flickr_F_20411794293_d7a6aae66c_c,huawei,test/attack/facedancer/huawei/singapore-flickr_F_20411794293_d7a6aae66c_c.jpg,1.0,1.0,0.0,0.9999998807907104,17.530040740966797,15.617375373840332,True,1.0,0.25,10,0.0039215851575136185,0.0,10,0,0.324506551027298,0.00566339073702693,0.034551091492176056,0.32450658082962036,0.005663391202688217,0.31884318962693214,0.9825476845855963,True,9.39207935333252,0.1639135330915451,9.228165820240974,0.9825476843918077,0.0,0.0,0.0,0.06701668351888657,0.9422743320465088,False,False,True,output/resnet18_localisation_attack_preserve_cls_full/visuals/official_test/facedancer/huawei/singapore-flickr_F_20411794293_d7a6aae66c_c__a2330f94__clean_overlay.png,output/resnet18_localisation_attack_preserve_cls_full/visuals/official_test/facedancer/huawei/singapore-flickr_F_20411794293_d7a6aae66c_c__a2330f94__adv_overlay.png,output/resnet18_localisation_attack_preserve_cls_full/visuals/official_test/facedancer/huawei/singapore-flickr_F_20411794293_d7a6aae66c_c__a2330f94__paired.png,0.7260638475418091,0.6015942692756653,0.03153240811057108,0.05812623405224787
official_test,facedancer,singapore-flickr_F_20411794293_d7a6aae66c_c,iphone15,test/attack/facedancer/iphone15/singapore-flickr_F_20411794293_d7a6aae66c_c.jpg,1.0,0.9999316930770874,6.830692291259766e-05,0.7170836329460144,9.591301918029785,0.9300412535667419,True,1.0,0.25,10,0.0039215851575136185,0.0,8,0,0.34588682651519775,0.0371364951133728,0.03500988706946373,0.34588685631752014,0.037136491388082504,0.30875036492943764,0.89263399082736,True,9.879691123962402,1.060742974281311,8.818948149681091,0.8926339942239122,0.0,0.0,0.0,0.07335150986909866,0.9206246137619019,False,False,True,output/resnet18_localisation_attack_preserve_cls_full/visuals/official_test/facedancer/iphone15/singapore-flickr_F_20411794293_d7a6aae66c_c__f82bce7c__clean_overlay.png,output/resnet18_localisation_attack_preserve_cls_full/visuals/official_test/facedancer/iphone15/singapore-flickr_F_20411794293_d7a6aae66c_c__f82bce7c__adv_overlay.png,output/resnet18_localisation_attack_preserve_cls_full/visuals/official_test/facedancer/iphone15/singapore-flickr_F_20411794293_d7a6aae66c_c__f82bce7c__paired.png,0.7817123532295227,0.6292847394943237,0.02364864864864865,0.018552288083538083
official_test,facedancer,singapore-flickr_F_20411794293_d7a6aae66c_c,scan,test/attack/facedancer/scan/singapore-flickr_F_20411794293_d7a6aae66c_c.jpg,1.0,0.9999229907989502,7.700920104980469e-05,0.9632024168968201,9.471162796020508,3.2648332118988037,True,1.0,0.25,10,0.0039215851575136185,0.0,10,0,0.3380003273487091,0.021213529631495476,0.033930759876966476,0.3380003571510315,0.021213525906205177,0.3167868312448263,0.9372381553528177,True,9.96147346496582,0.6252004504203796,9.33627301454544,0.9372381553171637,0.0,0.0,0.0,0.029857145622372627,0.963969349861145,False,False,True,output/resnet18_localisation_attack_preserve_cls_full/visuals/official_test/facedancer/scan/singapore-flickr_F_20411794293_d7a6aae66c_c__cef629b8__clean_overlay.png,output/resnet18_localisation_attack_preserve_cls_full/visuals/official_test/facedancer/scan/singapore-flickr_F_20411794293_d7a6aae66c_c__cef629b8__adv_overlay.png,output/resnet18_localisation_attack_preserve_cls_full/visuals/official_test/facedancer/scan/singapore-flickr_F_20411794293_d7a6aae66c_c__cef629b8__paired.png,0.7880738973617554,0.6041705012321472,0.017831839767156864,0.03321269914215686
official_test,facedancer,singapore-flickr_F_30532886723_e55b04664f_k,huawei,test/attack/facedancer/huawei/singapore-flickr_F_30532886723_e55b04664f_k.jpg,1.0,0.9998902082443237,0.00010979175567626953,0.9996383190155029,9.116997718811035,7.92440938949585,True,1.0,0.25,10,0.0039215851575136185,0.0,10,0,0.31679993867874146,0.0,0.031193455681204796,0.31679993867874146,0.0,0.31679993867874146,1.0,True,10.155974388122559,0.0,10.155974388122559,1.0,0.0,0.0,0.0,0.0306678619235754,0.9632688760757446,False,False,True,output/resnet18_localisation_attack_preserve_cls_full/visuals/official_test/facedancer/huawei/singapore-flickr_F_30532886723_e55b04664f_k__f6d4642d__clean_overlay.png,output/resnet18_localisation_attack_preserve_cls_full/visuals/official_test/facedancer/huawei/singapore-flickr_F_30532886723_e55b04664f_k__f6d4642d__adv_overlay.png,output/resnet18_localisation_attack_preserve_cls_full/visuals/official_test/facedancer/huawei/singapore-flickr_F_30532886723_e55b04664f_k__f6d4642d__paired.png,0.7107048630714417,0.5870178937911987,0.026719409680337758,0.041406721200241255
official_test,facedancer,singapore-flickr_F_31294646850_53ce869b2e_b,huawei,test/attack/facedancer/huawei/singapore-flickr_F_31294646850_53ce869b2e_b.jpg,1.0,0.9999938011169434,6.198883056640625e-06,0.9999589920043945,11.984720230102539,10.101640701293945,True,1.0,0.25,10,0.0039215851575136185,0.0,10,0,0.2889118194580078,0.0,0.030675550922751427,0.2889118194580078,0.0,0.2889118194580078,1.0,True,9.418309211730957,0.0,9.418309211730957,1.0,0.0,0.0,0.0,0.10123948007822037,0.892802357673645,False,False,True,output/resnet18_localisation_attack_preserve_cls_full/visuals/official_test/facedancer/huawei/singapore-flickr_F_31294646850_53ce869b2e_b__7ade2672__clean_overlay.png,output/resnet18_localisation_attack_preserve_cls_full/visuals/official_test/facedancer/huawei/singapore-flickr_F_31294646850_53ce869b2e_b__7ade2672__adv_overlay.png,output/resnet18_localisation_attack_preserve_cls_full/visuals/official_test/facedancer/huawei/singapore-flickr_F_31294646850_53ce869b2e_b__7ade2672__paired.png,0.7252329587936401,0.5012533068656921,0.03615196078431373,0.04044117647058824
official_test,facedancer,singapore-flickr_F_33525297682_eee6031622_c,huawei,test/attack/facedancer/huawei/singapore-flickr_F_33525297682_eee6031622_c.jpg,0.99951171875,0.9996212720870972,0.00010955333709716797,0.9936720132827759,7.878462314605713,5.056417465209961,True,1.0,0.25,10,0.0039215851575136185,0.0,10,0,0.2951364517211914,0.0,0.030360480770468712,0.2951364815235138,0.0,0.2951364815235138,1.0,True,9.721074104309082,0.0,9.721074104309082,1.0,0.0,0.0,0.0,0.052853062748909,0.9437941312789917,False,False,True,output/resnet18_localisation_attack_preserve_cls_full/visuals/official_test/facedancer/huawei/singapore-flickr_F_33525297682_eee6031622_c__dd2b5a2a__clean_overlay.png,output/resnet18_localisation_attack_preserve_cls_full/visuals/official_test/facedancer/huawei/singapore-flickr_F_33525297682_eee6031622_c__dd2b5a2a__adv_overlay.png,output/resnet18_localisation_attack_preserve_cls_full/visuals/official_test/facedancer/huawei/singapore-flickr_F_33525297682_eee6031622_c__dd2b5a2a__paired.png,0.749054491519928,0.54572594165802,0.026771405677655676,0.03301472832722833
official_test,facedancer,singapore-flickr_F_33525297682_eee6031622_c,iphone15,test/attack/facedancer/iphone15/singapore-flickr_F_33525297682_eee6031622_c.jpg,0.99951171875,0.9997461438179016,0.00023442506790161133,0.9984139204025269,8.278626441955566,6.444904327392578,True,1.0,0.25,10,0.0039215851575136185,0.0,10,0,0.31303417682647705,0.0,0.03185391053557396,0.31303417682647705,0.0,0.31303417682647705,1.0,True,9.827181816101074,0.0,9.827181816101074,1.0,0.0,0.0,0.0,0.035132285207509995,0.9581443071365356,False,False,True,output/resnet18_localisation_attack_preserve_cls_full/visuals/official_test/facedancer/iphone15/singapore-flickr_F_33525297682_eee6031622_c__886651ee__clean_overlay.png,output/resnet18_localisation_attack_preserve_cls_full/visuals/official_test/facedancer/iphone15/singapore-flickr_F_33525297682_eee6031622_c__886651ee__adv_overlay.png,output/resnet18_localisation_attack_preserve_cls_full/visuals/official_test/facedancer/iphone15/singapore-flickr_F_33525297682_eee6031622_c__886651ee__paired.png,0.7210381627082825,0.6766912937164307,0.03018596625766871,0.041672258435582823
official_test,facedancer,singapore-flickr_F_33525297682_eee6031622_c,scan,test/attack/facedancer/scan/singapore-flickr_F_33525297682_eee6031622_c.jpg,0.99658203125,0.9966886639595032,0.00010663270950317383,0.8105801939964294,5.707075119018555,1.4537849426269531,True,1.0,0.25,10,0.0039215851575136185,0.0,10,0,0.3249163031578064,0.0,0.03299114108085632,0.32491621375083923,0.0,0.32491621375083923,1.0,True,9.848589897155762,0.0,9.848589897155762,1.0,0.0,0.0,0.0,0.033069781959056854,0.9673262238502502,False,False,True,output/resnet18_localisation_attack_preserve_cls_full/visuals/official_test/facedancer/scan/singapore-flickr_F_33525297682_eee6031622_c__b1e37d95__clean_overlay.png,output/resnet18_localisation_attack_preserve_cls_full/visuals/official_test/facedancer/scan/singapore-flickr_F_33525297682_eee6031622_c__b1e37d95__adv_overlay.png,output/resnet18_localisation_attack_preserve_cls_full/visuals/official_test/facedancer/scan/singapore-flickr_F_33525297682_eee6031622_c__b1e37d95__paired.png,0.7966129183769226,0.5740469098091125,0.01969559832317073,0.023751905487804877
official_test,facedancer,singapore-flickr_F_33552363961_ea0fc80afb_k,huawei,test/attack/facedancer/huawei/singapore-flickr_F_33552363961_ea0fc80afb_k.jpg,0.97412109375,0.9743474125862122,0.0002263188362121582,0.9999644756317139,3.6371240615844727,10.246536254882812,True,1.0,0.25,10,0.0039215851575136185,0.0,10,0,0.29530981183052063,0.0,0.03166580945253372,0.29530981183052063,0.0,0.29530981183052063,1.0,True,9.325824737548828,0.0,9.325824737548828,1.0,1.0,0.0,1.0,0.055277928709983826,0.9398766756057739,False,False,True,output/resnet18_localisation_attack_preserve_cls_full/visuals/official_test/facedancer/huawei/singapore-flickr_F_33552363961_ea0fc80afb_k__0bfd5577__clean_overlay.png,output/resnet18_localisation_attack_preserve_cls_full/visuals/official_test/facedancer/huawei/singapore-flickr_F_33552363961_ea0fc80afb_k__0bfd5577__adv_overlay.png,output/resnet18_localisation_attack_preserve_cls_full/visuals/official_test/facedancer/huawei/singapore-flickr_F_33552363961_ea0fc80afb_k__0bfd5577__paired.png,0.7374719381332397,0.5782737731933594,0.03388267944038929,0.04709597399635036
official_test,facedancer,singapore-flickr_F_33574462985_422fca6322_c,huawei,test/attack/facedancer/huawei/singapore-flickr_F_33574462985_422fca6322_c.jpg,1.0,0.9999991655349731,8.344650268554688e-07,0.9996386766433716,14.0228910446167,7.925516128540039,True,1.0,0.25,10,0.0039215851575136185,0.0,10,0,0.3281879127025604,0.0,0.03365384787321091,0.3281879425048828,0.0,0.3281879425048828,1.0,True,9.751870155334473,0.0,9.751870155334473,1.0,0.0,0.0,0.0,0.037027280777692795,0.9564081430435181,False,False,True,output/resnet18_localisation_attack_preserve_cls_full/visuals/official_test/facedancer/huawei/singapore-flickr_F_33574462985_422fca6322_c__2729c82a__clean_overlay.png,output/resnet18_localisation_attack_preserve_cls_full/visuals/official_test/facedancer/huawei/singapore-flickr_F_33574462985_422fca6322_c__2729c82a__adv_overlay.png,output/resnet18_localisation_attack_preserve_cls_full/visuals/official_test/facedancer/huawei/singapore-flickr_F_33574462985_422fca6322_c__2729c82a__paired.png,0.6426460146903992,0.510798454284668,0.028602907509157508,0.043345543345543344
official_test,facedancer,singapore-flickr_F_33574462985_422fca6322_c,scan,test/attack/facedancer/scan/singapore-flickr_F_33574462985_422fca6322_c.jpg,0.99951171875,0.9995511174201965,3.93986701965332e-05,0.9122730493545532,7.708245754241943,2.341709613800049,True,1.0,0.25,10,0.0039215851575136185,0.0,9,0,0.338920533657074,0.035538651049137115,0.03368782624602318,0.33892056345939636,0.035538654774427414,0.30338190868496895,0.8951416390564184,True,10.060625076293945,1.0549405813217163,9.005684494972229,0.895141646436314,0.0,0.0,0.0,0.07704286277294159,0.9094052314758301,False,False,True,output/resnet18_localisation_attack_preserve_cls_full/visuals/official_test/facedancer/scan/singapore-flickr_F_33574462985_422fca6322_c__0bcbb70c__clean_overlay.png,output/resnet18_localisation_attack_preserve_cls_full/visuals/official_test/facedancer/scan/singapore-flickr_F_33574462985_422fca6322_c__0bcbb70c__adv_overlay.png,output/resnet18_localisation_attack_preserve_cls_full/visuals/official_test/facedancer/scan/singapore-flickr_F_33574462985_422fca6322_c__0bcbb70c__paired.png,0.7411560416221619,0.612618625164032,0.017910012988997553,0.027974098410757948
official_test,facedancer,singapore-flickr_F_36921282312_c8e6a2674d_c,scan,test/attack/facedancer/scan/singapore-flickr_F_36921282312_c8e6a2674d_c.jpg,0.99951171875,0.9995469450950623,3.522634506225586e-05,0.9603458046913147,7.699087142944336,3.1870968341827393,True,1.0,0.25,10,0.0039215851575136185,0.0,10,0,0.30742913484573364,0.0,0.032456133514642715,0.30742913484573364,0.0,0.30742913484573364,1.0,True,9.472143173217773,0.0,9.472143173217773,1.0,0.0,0.0,0.0,0.07139743864536285,0.926716685295105,False,False,True,output/resnet18_localisation_attack_preserve_cls_full/visuals/official_test/facedancer/scan/singapore-flickr_F_36921282312_c8e6a2674d_c__c817f81b__clean_overlay.png,output/resnet18_localisation_attack_preserve_cls_full/visuals/official_test/facedancer/scan/singapore-flickr_F_36921282312_c8e6a2674d_c__c817f81b__adv_overlay.png,output/resnet18_localisation_attack_preserve_cls_full/visuals/official_test/facedancer/scan/singapore-flickr_F_36921282312_c8e6a2674d_c__c817f81b__paired.png,0.761066734790802,0.556725025177002,0.025602352314250912,0.02908038976857491
official_test,facedancer,singapore-flickr_F_40795084473_21fafd815e_c,huawei,test/attack/facedancer/huawei/singapore-flickr_F_40795084473_21fafd815e_c.jpg,0.94677734375,0.9465628862380981,0.00021445751190185547,0.9647585153579712,2.874331474304199,3.309652328491211,True,1.0,0.25,10,0.0029412410221993923,0.0,10,0,0.32783642411231995,0.0,0.03335994482040405,0.32783639430999756,0.0,0.32783639430999756,1.0,True,9.827245712280273,0.0,9.827245712280273,1.0,0.0,0.0,0.0,0.08379440009593964,0.9267577528953552,False,False,True,output/resnet18_localisation_attack_preserve_cls_full/visuals/official_test/facedancer/huawei/singapore-flickr_F_40795084473_21fafd815e_c__366ab645__clean_overlay.png,output/resnet18_localisation_attack_preserve_cls_full/visuals/official_test/facedancer/huawei/singapore-flickr_F_40795084473_21fafd815e_c__366ab645__adv_overlay.png,output/resnet18_localisation_attack_preserve_cls_full/visuals/official_test/facedancer/huawei/singapore-flickr_F_40795084473_21fafd815e_c__366ab645__paired.png,0.7122136354446411,0.5756091475486755,0.025730402220194647,0.03168244373479319
official_test,facedancer,singapore-flickr_F_40795084473_21fafd815e_c,iphone15,test/attack/facedancer/iphone15/singapore-flickr_F_40795084473_21fafd815e_c.jpg,1.0,0.999924898147583,7.510185241699219e-05,0.9939990043640137,9.496562957763672,5.109809398651123,True,1.0,0.25,10,0.0039215851575136185,0.0,6,0,0.30801206827163696,4.43378921772819e-05,0.03224794566631317,0.30801206827163696,4.433788490132429e-05,0.30796773038673564,0.9998560514685346,True,9.551369667053223,0.0013749056961387396,9.549994761357084,0.9998560514623488,0.0,0.0,0.0,0.0659966841340065,0.9490898251533508,False,False,True,output/resnet18_localisation_attack_preserve_cls_full/visuals/official_test/facedancer/iphone15/singapore-flickr_F_40795084473_21fafd815e_c__d8f1970e__clean_overlay.png,output/resnet18_localisation_attack_preserve_cls_full/visuals/official_test/facedancer/iphone15/singapore-flickr_F_40795084473_21fafd815e_c__d8f1970e__adv_overlay.png,output/resnet18_localisation_attack_preserve_cls_full/visuals/official_test/facedancer/iphone15/singapore-flickr_F_40795084473_21fafd815e_c__d8f1970e__paired.png,0.752265989780426,0.44412869215011597,0.02557120590024331,0.031478102189781025
official_test,facedancer,singapore-flickr_F_9641749325_1a753f74b2_c,huawei,test/attack/facedancer/huawei/singapore-flickr_F_9641749325_1a753f74b2_c.jpg,1.0,0.9999852180480957,1.4781951904296875e-05,0.9988125562667847,11.122133255004883,6.734744071960449,True,1.0,0.25,10,0.0039215851575136185,0.0,10,0,0.30273792147636414,0.0,0.031799908727407455,0.3027379810810089,0.0,0.3027379810810089,1.0,True,9.520089149475098,0.0,9.520089149475098,1.0,0.0,0.0,0.0,0.04502241313457489,0.9497154951095581,False,False,True,output/resnet18_localisation_attack_preserve_cls_full/visuals/official_test/facedancer/huawei/singapore-flickr_F_9641749325_1a753f74b2_c__935f5521__clean_overlay.png,output/resnet18_localisation_attack_preserve_cls_full/visuals/official_test/facedancer/huawei/singapore-flickr_F_9641749325_1a753f74b2_c__935f5521__adv_overlay.png,output/resnet18_localisation_attack_preserve_cls_full/visuals/official_test/facedancer/huawei/singapore-flickr_F_9641749325_1a753f74b2_c__935f5521__paired.png,0.6069779992103577,0.531747579574585,0.03273854672330097,0.03313201608009709
official_test,facedancer,singapore-flickr_M_21893334161_8c8b011508_k,huawei,test/attack/facedancer/huawei/singapore-flickr_M_21893334161_8c8b011508_k.jpg,0.6259765625,0.6244941353797913,0.0014824271202087402,0.503467321395874,0.5086678266525269,0.013869371265172958,True,1.0,0.25,10,0.000160899871843867,0.0,10,10,0.2764081358909607,0.22781427204608917,0.03200796619057655,0.2764081358909607,0.22781427204608917,0.04859386384487152,0.17580475223074168,True,8.635604858398438,7.117424488067627,1.5181803703308105,0.1758047519803231,0.0,0.0,0.0,0.9726947546005249,0.13052277266979218,False,False,True,output/resnet18_localisation_attack_preserve_cls_full/visuals/official_test/facedancer/huawei/singapore-flickr_M_21893334161_8c8b011508_k__6ac1498d__clean_overlay.png,output/resnet18_localisation_attack_preserve_cls_full/visuals/official_test/facedancer/huawei/singapore-flickr_M_21893334161_8c8b011508_k__6ac1498d__adv_overlay.png,output/resnet18_localisation_attack_preserve_cls_full/visuals/official_test/facedancer/huawei/singapore-flickr_M_21893334161_8c8b011508_k__6ac1498d__paired.png,0.5941104292869568,0.5400240421295166,0.025730402220194647,0.029175695711678832
official_test,facedancer,singapore-flickr_M_21893334161_8c8b011508_k,iphone15,test/attack/facedancer/iphone15/singapore-flickr_M_21893334161_8c8b011508_k.jpg,0.74267578125,0.7425643801689148,0.00011140108108520508,0.8986054062843323,1.059340000152588,2.181823968887329,True,1.0,0.25,10,0.0029412410221993923,0.0,10,0,0.37000489234924316,0.0,0.03594565764069557,0.37000489234924316,0.0,0.37000489234924316,1.0,True,10.293451309204102,0.0,10.293451309204102,1.0,0.0,0.0,0.0,0.11969953030347824,0.8867728114128113,False,False,True,output/resnet18_localisation_attack_preserve_cls_full/visuals/official_test/facedancer/iphone15/singapore-flickr_M_21893334161_8c8b011508_k__06ddf983__clean_overlay.png,output/resnet18_localisation_attack_preserve_cls_full/visuals/official_test/facedancer/iphone15/singapore-flickr_M_21893334161_8c8b011508_k__06ddf983__adv_overlay.png,output/resnet18_localisation_attack_preserve_cls_full/visuals/official_test/facedancer/iphone15/singapore-flickr_M_21893334161_8c8b011508_k__06ddf983__paired.png,0.5989469885826111,0.6364102959632874,0.02745892199017199,0.030345419993857495
official_test,facedancer,singapore-flickr_M_21893334161_8c8b011508_k,scan,test/attack/facedancer/scan/singapore-flickr_M_21893334161_8c8b011508_k.jpg,0.78662109375,0.7869477272033691,0.0003266334533691406,0.8105883002281189,1.3066242933273315,1.4538373947143555,True,1.0,0.25,10,0.003921577241271734,0.0,10,0,0.3322039246559143,0.0,0.03205942362546921,0.33220386505126953,0.0,0.33220386505126953,1.0,True,10.362128257751465,0.0,10.362128257751465,1.0,0.0,0.0,0.0,0.046997908502817154,0.9669618606567383,False,False,True,output/resnet18_localisation_attack_preserve_cls_full/visuals/official_test/facedancer/scan/singapore-flickr_M_21893334161_8c8b011508_k__532a4b45__clean_overlay.png,output/resnet18_localisation_attack_preserve_cls_full/visuals/official_test/facedancer/scan/singapore-flickr_M_21893334161_8c8b011508_k__532a4b45__adv_overlay.png,output/resnet18_localisation_attack_preserve_cls_full/visuals/official_test/facedancer/scan/singapore-flickr_M_21893334161_8c8b011508_k__532a4b45__paired.png,0.6177607774734497,0.43500298261642456,0.01937843826405868,0.027995587561124694
official_test,facedancer,singapore-flickr_M_22512816725_a88536de72_c,huawei,test/attack/facedancer/huawei/singapore-flickr_M_22512816725_a88536de72_c.jpg,0.99658203125,0.9964500665664673,0.00013196468353271484,0.9997451901435852,5.637277603149414,8.274543762207031,True,1.0,0.25,10,0.003921577241271734,0.0,10,0,0.3272186815738678,0.0,0.03491418436169624,0.3272186815738678,0.0,0.3272186815738678,1.0,True,9.37208366394043,0.0,9.37208366394043,1.0,0.0,0.0,0.0,0.0922224298119545,0.906997799873352,False,False,True,output/resnet18_localisation_attack_preserve_cls_full/visuals/official_test/facedancer/huawei/singapore-flickr_M_22512816725_a88536de72_c__a44788bd__clean_overlay.png,output/resnet18_localisation_attack_preserve_cls_full/visuals/official_test/facedancer/huawei/singapore-flickr_M_22512816725_a88536de72_c__a44788bd__adv_overlay.png,output/resnet18_localisation_attack_preserve_cls_full/visuals/official_test/facedancer/huawei/singapore-flickr_M_22512816725_a88536de72_c__a44788bd__paired.png,0.6407713294029236,0.501886248588562,0.028677475698663427,0.046106090522478736
official_test,facedancer,singapore-flickr_M_22512816725_a88536de72_c,scan,test/attack/facedancer/scan/singapore-flickr_M_22512816725_a88536de72_c.jpg,0.99609375,0.9960669875144958,2.676248550415039e-05,0.9956692457199097,5.5344038009643555,5.437677383422852,True,1.0,0.25,10,0.003921577241271734,0.0,4,0,0.3179713785648346,0.00015693201567046344,0.03261076286435127,0.317971408367157,0.00015693198656663299,0.31781447638059035,0.9995064588122168,True,9.750504493713379,0.004812275525182486,9.745692218188196,0.9995064588167427,0.0,0.0,0.0,0.09745214879512787,0.903866171836853,False,False,True,output/resnet18_localisation_attack_preserve_cls_full/visuals/official_test/facedancer/scan/singapore-flickr_M_22512816725_a88536de72_c__8e81387b__clean_overlay.png,output/resnet18_localisation_attack_preserve_cls_full/visuals/official_test/facedancer/scan/singapore-flickr_M_22512816725_a88536de72_c__8e81387b__adv_overlay.png,output/resnet18_localisation_attack_preserve_cls_full/visuals/official_test/facedancer/scan/singapore-flickr_M_22512816725_a88536de72_c__8e81387b__paired.png,0.6947210431098938,0.6244223117828369,0.028890073081607796,0.04113933084652863
official_test,facedancer,singapore-flickr_M_22942161980_136669b7da_c,iphone15,test/attack/facedancer/iphone15/singapore-flickr_M_22942161980_136669b7da_c.jpg,0.99951171875,0.9994633793830872,4.83393669128418e-05,0.9769055843353271,7.529682636260986,3.7447962760925293,True,1.0,0.25,10,0.0039215851575136185,0.0,10,0,0.34521469473838806,0.0,0.034770891070365906,0.3452146351337433,0.0,0.3452146351337433,1.0,True,9.928265571594238,0.0,9.928265571594238,1.0,0.0,0.0,0.0,0.03243410587310791,0.9706913828849792,False,False,True,output/resnet18_localisation_attack_preserve_cls_full/visuals/official_test/facedancer/iphone15/singapore-flickr_M_22942161980_136669b7da_c__17996c9f__clean_overlay.png,output/resnet18_localisation_attack_preserve_cls_full/visuals/official_test/facedancer/iphone15/singapore-flickr_M_22942161980_136669b7da_c__17996c9f__adv_overlay.png,output/resnet18_localisation_attack_preserve_cls_full/visuals/official_test/facedancer/iphone15/singapore-flickr_M_22942161980_136669b7da_c__17996c9f__paired.png,0.6667221188545227,0.659214973449707,0.025247012867647058,0.02978036917892157
official_test,facedancer,singapore-flickr_M_22942161980_136669b7da_c,scan,test/attack/facedancer/scan/singapore-flickr_M_22942161980_136669b7da_c.jpg,1.0,0.9999877214431763,1.2278556823730469e-05,0.9989644289016724,11.307408332824707,6.871742248535156,True,1.0,0.25,10,0.0039215851575136185,0.0,10,0,0.32705414295196533,0.07470254600048065,0.03306464105844498,0.32705414295196533,0.07470253854990005,0.2523516044020653,0.7715896888642328,True,9.891356468200684,2.2592878341674805,7.632068634033203,0.7715896862648948,0.0,0.0,0.0,0.4335772395133972,0.7125108242034912,False,False,True,output/resnet18_localisation_attack_preserve_cls_full/visuals/official_test/facedancer/scan/singapore-flickr_M_22942161980_136669b7da_c__c71ebf67__clean_overlay.png,output/resnet18_localisation_attack_preserve_cls_full/visuals/official_test/facedancer/scan/singapore-flickr_M_22942161980_136669b7da_c__c71ebf67__adv_overlay.png,output/resnet18_localisation_attack_preserve_cls_full/visuals/official_test/facedancer/scan/singapore-flickr_M_22942161980_136669b7da_c__c71ebf67__paired.png,0.7720717191696167,0.49804139137268066,0.022448999083129584,0.04651684749388753
official_test,facedancer,singapore-flickr_M_23543328125_d9409d5ae0_c,huawei,test/attack/facedancer/huawei/singapore-flickr_M_23543328125_d9409d5ae0_c.jpg,0.99951171875,0.9995124340057373,7.152557373046875e-07,0.999313473701477,7.625636100769043,7.283209800720215,True,1.0,0.25,10,0.0029412410221993923,0.0,10,0,0.2977968752384186,0.0,0.033291686326265335,0.2977968752384186,0.0,0.2977968752384186,1.0,True,8.945082664489746,0.0,8.945082664489746,1.0,0.0,0.0,0.0,0.14567196369171143,0.8391062021255493,False,False,True,output/resnet18_localisation_attack_preserve_cls_full/visuals/official_test/facedancer/huawei/singapore-flickr_M_23543328125_d9409d5ae0_c__d6363ad1__clean_overlay.png,output/resnet18_localisation_attack_preserve_cls_full/visuals/official_test/facedancer/huawei/singapore-flickr_M_23543328125_d9409d5ae0_c__d6363ad1__adv_overlay.png,output/resnet18_localisation_attack_preserve_cls_full/visuals/official_test/facedancer/huawei/singapore-flickr_M_23543328125_d9409d5ae0_c__d6363ad1__paired.png,0.6508593559265137,0.6345203518867493,0.03976859298406863,0.0389715456495098
official_test,facedancer,singapore-flickr_M_24170605047_501e882ccc_o,iphone15,test/attack/facedancer/iphone15/singapore-flickr_M_24170605047_501e882ccc_o.jpg,0.99951171875,0.9997509121894836,0.00023919343948364258,0.9913331866264343,8.297229766845703,4.739548683166504,True,1.0,0.25,10,0.0039215851575136185,0.0,10,0,0.332372784614563,0.0,0.03447814658284187,0.3323727548122406,0.0,0.3323727548122406,1.0,True,9.640098571777344,0.0,9.640098571777344,1.0,0.0,0.0,0.0,0.047288961708545685,0.9481130838394165,False,False,True,output/resnet18_localisation_attack_preserve_cls_full/visuals/official_test/facedancer/iphone15/singapore-flickr_M_24170605047_501e882ccc_o__a619f406__clean_overlay.png,output/resnet18_localisation_attack_preserve_cls_full/visuals/official_test/facedancer/iphone15/singapore-flickr_M_24170605047_501e882ccc_o__a619f406__adv_overlay.png,output/resnet18_localisation_attack_preserve_cls_full/visuals/official_test/facedancer/iphone15/singapore-flickr_M_24170605047_501e882ccc_o__a619f406__paired.png,0.7231216430664062,0.5599582195281982,0.028301211033007336,0.03569825412591687
official_test,facedancer,singapore-flickr_M_30456580904_06749c0622_c,iphone15,test/attack/facedancer/iphone15/singapore-flickr_M_30456580904_06749c0622_c.jpg,0.9990234375,0.9990279674530029,4.5299530029296875e-06,0.9991371035575867,6.935146808624268,7.054352760314941,True,1.0,0.25,10,0.0039215851575136185,0.0,10,0,0.3226366341114044,0.0,0.033076733350753784,0.32263660430908203,0.0,0.32263660430908203,1.0,True,9.754186630249023,0.0,9.754186630249023,1.0,0.0,0.0,0.0,0.05624290928244591,0.932854175567627,False,False,True,output/resnet18_localisation_attack_preserve_cls_full/visuals/official_test/facedancer/iphone15/singapore-flickr_M_30456580904_06749c0622_c__c35b75bb__clean_overlay.png,output/resnet18_localisation_attack_preserve_cls_full/visuals/official_test/facedancer/iphone15/singapore-flickr_M_30456580904_06749c0622_c__c35b75bb__adv_overlay.png,output/resnet18_localisation_attack_preserve_cls_full/visuals/official_test/facedancer/iphone15/singapore-flickr_M_30456580904_06749c0622_c__c35b75bb__paired.png,0.7118208408355713,0.5742923617362976,0.034097413003663,0.04107285943223443
official_test,facedancer,singapore-flickr_M_30518529884_4cf8f091df_c,iphone15,test/attack/facedancer/iphone15/singapore-flickr_M_30518529884_4cf8f091df_c.jpg,0.99951171875,0.9994195699691772,9.21487808227539e-05,0.9930245876312256,7.4510498046875,4.9583587646484375,True,1.0,0.25,10,0.0039215851575136185,0.0,10,0,0.40520036220550537,0.0,0.04029756411910057,0.405200332403183,0.0,0.405200332403183,1.0,True,10.055206298828125,0.0,10.055206298828125,1.0,0.0,0.0,0.0,0.046212054789066315,0.9428054690361023,False,False,True,output/resnet18_localisation_attack_preserve_cls_full/visuals/official_test/facedancer/iphone15/singapore-flickr_M_30518529884_4cf8f091df_c__bde10a05__clean_overlay.png,output/resnet18_localisation_attack_preserve_cls_full/visuals/official_test/facedancer/iphone15/singapore-flickr_M_30518529884_4cf8f091df_c__bde10a05__adv_overlay.png,output/resnet18_localisation_attack_preserve_cls_full/visuals/official_test/facedancer/iphone15/singapore-flickr_M_30518529884_4cf8f091df_c__bde10a05__paired.png,0.7277922630310059,0.6346136331558228,0.025981828278186275,0.03615196078431373
official_test,facedancer,singapore-flickr_M_31226135201_5aa42a5a13_c,iphone15,test/attack/facedancer/iphone15/singapore-flickr_M_31226135201_5aa42a5a13_c.jpg,0.7578125,0.758018970489502,0.00020647048950195312,0.8543179631233215,1.1418490409851074,1.768877387046814,True,1.0,0.25,10,0.0029412410221993923,0.0,10,0,0.35680246353149414,0.0,0.03338330239057541,0.35680243372917175,0.0,0.35680243372917175,1.0,True,10.688051223754883,0.0,10.688051223754883,1.0,0.0,0.0,0.0,0.07776817679405212,0.9268695116043091,False,False,True,output/resnet18_localisation_attack_preserve_cls_full/visuals/official_test/facedancer/iphone15/singapore-flickr_M_31226135201_5aa42a5a13_c__90208bb8__clean_overlay.png,output/resnet18_localisation_attack_preserve_cls_full/visuals/official_test/facedancer/iphone15/singapore-flickr_M_31226135201_5aa42a5a13_c__90208bb8__adv_overlay.png,output/resnet18_localisation_attack_preserve_cls_full/visuals/official_test/facedancer/iphone15/singapore-flickr_M_31226135201_5aa42a5a13_c__90208bb8__paired.png,0.7287945747375488,0.5425750017166138,0.027367773677736778,0.03431782364698647
official_test,facedancer,singapore-flickr_M_31226135201_5aa42a5a13_c,scan,test/attack/facedancer/scan/singapore-flickr_M_31226135201_5aa42a5a13_c.jpg,0.9990234375,0.9988173842430115,0.0002060532569885254,0.991747260093689,6.738912582397461,4.788922309875488,True,1.0,0.25,10,0.0039215851575136185,0.0,10,0,0.34524235129356384,0.0,0.03418564796447754,0.34524235129356384,0.0,0.34524235129356384,1.0,True,10.099042892456055,0.0,10.099042892456055,1.0,0.0,0.0,0.0,0.05444946885108948,0.945795476436615,False,False,True,output/resnet18_localisation_attack_preserve_cls_full/visuals/official_test/facedancer/scan/singapore-flickr_M_31226135201_5aa42a5a13_c__ab90c880__clean_overlay.png,output/resnet18_localisation_attack_preserve_cls_full/visuals/official_test/facedancer/scan/singapore-flickr_M_31226135201_5aa42a5a13_c__ab90c880__adv_overlay.png,output/resnet18_localisation_attack_preserve_cls_full/visuals/official_test/facedancer/scan/singapore-flickr_M_31226135201_5aa42a5a13_c__ab90c880__paired.png,0.6127018332481384,0.494482159614563,0.027350904304029304,0.037975045787545784
official_test,facedancer,singapore-flickr_M_31244514601_d2cb0773d7_c,huawei,test/attack/facedancer/huawei/singapore-flickr_M_31244514601_d2cb0773d7_c.jpg,0.5068359375,0.505567193031311,0.0012687444686889648,0.5035302639007568,0.022269561886787415,0.014121219515800476,True,1.0,0.25,10,3.876447863149224e-06,0.0,10,10,0.28164854645729065,0.2806183099746704,0.033505622297525406,0.28164857625961304,0.280618280172348,0.0010302960872650146,0.0036580908767503465,True,8.406009674072266,8.375259399414062,0.030750274658203125,0.003658129820270151,0.0,0.0,0.0,0.9999909996986389,0.0024381696712225676,False,False,True,output/resnet18_localisation_attack_preserve_cls_full/visuals/official_test/facedancer/huawei/singapore-flickr_M_31244514601_d2cb0773d7_c__ca14dfce__clean_overlay.png,output/resnet18_localisation_attack_preserve_cls_full/visuals/official_test/facedancer/huawei/singapore-flickr_M_31244514601_d2cb0773d7_c__ca14dfce__adv_overlay.png,output/resnet18_localisation_attack_preserve_cls_full/visuals/official_test/facedancer/huawei/singapore-flickr_M_31244514601_d2cb0773d7_c__ca14dfce__paired.png,0.5647178292274475,0.5631335973739624,0.028460842225609757,0.028460842225609757
official_test,facedancer,singapore-flickr_M_31340377345_6781e5f574_k,iphone15,test/attack/facedancer/iphone15/singapore-flickr_M_31340377345_6781e5f574_k.jpg,1.0,0.9999985694885254,1.430511474609375e-06,0.9999041557312012,13.468324661254883,9.252540588378906,True,1.0,0.25,10,0.0039215851575136185,0.0,10,0,0.3169909715652466,0.013853437267243862,0.03299223631620407,0.3169909417629242,0.013853437267243862,0.30313750449568033,0.9562970563442637,True,9.608046531677246,0.41989994049072266,9.188146591186523,0.956297053817721,0.0,0.0,0.0,0.13633546233177185,0.8882097601890564,False,False,True,output/resnet18_localisation_attack_preserve_cls_full/visuals/official_test/facedancer/iphone15/singapore-flickr_M_31340377345_6781e5f574_k__9b6ea5ee__clean_overlay.png,output/resnet18_localisation_attack_preserve_cls_full/visuals/official_test/facedancer/iphone15/singapore-flickr_M_31340377345_6781e5f574_k__9b6ea5ee__adv_overlay.png,output/resnet18_localisation_attack_preserve_cls_full/visuals/official_test/facedancer/iphone15/singapore-flickr_M_31340377345_6781e5f574_k__9b6ea5ee__paired.png,0.6650811433792114,0.5415796041488647,0.03503163343558282,0.048466257668711654
official_test,facedancer,singapore-flickr_M_31340377345_6781e5f574_k,scan,test/attack/facedancer/scan/singapore-flickr_M_31340377345_6781e5f574_k.jpg,1.0,0.9999725818634033,2.7418136596679688e-05,0.9977641105651855,10.504237174987793,6.100895881652832,True,1.0,0.25,10,0.0039215851575136185,0.0,10,0,0.3322416841983795,0.0,0.03414973244071007,0.33224165439605713,0.0,0.33224165439605713,1.0,True,9.728968620300293,0.0,9.728968620300293,1.0,0.0,0.0,0.0,0.036934658885002136,0.9642168283462524,False,False,True,output/resnet18_localisation_attack_preserve_cls_full/visuals/official_test/facedancer/scan/singapore-flickr_M_31340377345_6781e5f574_k__3972172d__clean_overlay.png,output/resnet18_localisation_attack_preserve_cls_full/visuals/official_test/facedancer/scan/singapore-flickr_M_31340377345_6781e5f574_k__3972172d__adv_overlay.png,output/resnet18_localisation_attack_preserve_cls_full/visuals/official_test/facedancer/scan/singapore-flickr_M_31340377345_6781e5f574_k__3972172d__paired.png,0.6772472262382507,0.607755720615387,0.030214723926380367,0.039340490797546014
official_test,facedancer,singapore-flickr_M_33525333882_5cf0c0382a_k,iphone15,test/attack/facedancer/iphone15/singapore-flickr_M_33525333882_5cf0c0382a_k.jpg,0.9892578125,0.9894325733184814,0.0001747608184814453,0.9809215068817139,4.5393524169921875,3.9399280548095703,True,1.0,0.25,10,0.003921577241271734,0.0,10,0,0.3552079200744629,0.0,0.03640720993280411,0.3552079200744629,0.0,0.3552079200744629,1.0,True,9.756526947021484,0.0,9.756526947021484,1.0,0.0,0.0,0.0,0.08471252024173737,0.913796067237854,False,False,True,output/resnet18_localisation_attack_preserve_cls_full/visuals/official_test/facedancer/iphone15/singapore-flickr_M_33525333882_5cf0c0382a_k__f999084a__clean_overlay.png,output/resnet18_localisation_attack_preserve_cls_full/visuals/official_test/facedancer/iphone15/singapore-flickr_M_33525333882_5cf0c0382a_k__f999084a__adv_overlay.png,output/resnet18_localisation_attack_preserve_cls_full/visuals/official_test/facedancer/iphone15/singapore-flickr_M_33525333882_5cf0c0382a_k__f999084a__paired.png,0.6939777731895447,0.6664280295372009,0.029447852760736196,0.03043040644171779
official_test,facedancer,singapore-flickr_M_33525333882_5cf0c0382a_k,scan,test/attack/facedancer/scan/singapore-flickr_M_33525333882_5cf0c0382a_k.jpg,1.0,0.9999302625656128,6.973743438720703e-05,0.9999479055404663,9.570701599121094,9.861654281616211,True,1.0,0.25,10,0.0039215851575136185,0.0,10,0,0.3320182263851166,0.0,0.03494902700185776,0.3320182263851166,0.0,0.3320182263851166,1.0,True,9.500070571899414,0.0,9.500070571899414,1.0,0.0,0.0,0.0,0.04687075689435005,0.9424788355827332,False,False,True,output/resnet18_localisation_attack_preserve_cls_full/visuals/official_test/facedancer/scan/singapore-flickr_M_33525333882_5cf0c0382a_k__5049ba33__clean_overlay.png,output/resnet18_localisation_attack_preserve_cls_full/visuals/official_test/facedancer/scan/singapore-flickr_M_33525333882_5cf0c0382a_k__5049ba33__adv_overlay.png,output/resnet18_localisation_attack_preserve_cls_full/visuals/official_test/facedancer/scan/singapore-flickr_M_33525333882_5cf0c0382a_k__5049ba33__paired.png,0.592389702796936,0.6219435930252075,0.03361280487804878,0.04946646341463415
official_test,facedancer,singapore-flickr_M_50611940256_8405427c78_k,huawei,test/attack/facedancer/huawei/singapore-flickr_M_50611940256_8405427c78_k.jpg,1.0,0.9999932050704956,6.794929504394531e-06,0.9998002648353577,11.899837493896484,8.518035888671875,True,1.0,0.25,10,0.0039215851575136185,0.0,5,0,0.3040829300880432,0.0009684482356533408,0.03327714279294014,0.3040829300880432,0.0009684483520686626,0.30311448173597455,0.9968151834376621,True,9.13789176940918,0.02910250797867775,9.108789261430502,0.9968151835551277,0.0,0.0,0.0,0.1177825778722763,0.8873505592346191,False,False,True,output/resnet18_localisation_attack_preserve_cls_full/visuals/official_test/facedancer/huawei/singapore-flickr_M_50611940256_8405427c78_k__31e21ace__clean_overlay.png,output/resnet18_localisation_attack_preserve_cls_full/visuals/official_test/facedancer/huawei/singapore-flickr_M_50611940256_8405427c78_k__31e21ace__adv_overlay.png,output/resnet18_localisation_attack_preserve_cls_full/visuals/official_test/facedancer/huawei/singapore-flickr_M_50611940256_8405427c78_k__31e21ace__paired.png,0.6978269219398499,0.5312168598175049,0.033437117970660145,0.043888008099022005
official_test,facedancer,singapore-flickr_M_50611940256_8405427c78_k,iphone15,test/attack/facedancer/iphone15/singapore-flickr_M_50611940256_8405427c78_k.jpg,1.0,0.9998244643211365,0.0001755356788635254,0.9979538917541504,8.647393226623535,6.189797401428223,True,1.0,0.25,10,0.0039215851575136185,0.0,10,0,0.33392632007598877,0.0,0.03382305055856705,0.333926260471344,0.0,0.333926260471344,1.0,True,9.872742652893066,0.0,9.872742652893066,1.0,0.0,0.0,0.0,0.08572347462177277,0.9197207689285278,False,False,True,output/resnet18_localisation_attack_preserve_cls_full/visuals/official_test/facedancer/iphone15/singapore-flickr_M_50611940256_8405427c78_k__ae5b2758__clean_overlay.png,output/resnet18_localisation_attack_preserve_cls_full/visuals/official_test/facedancer/iphone15/singapore-flickr_M_50611940256_8405427c78_k__ae5b2758__adv_overlay.png,output/resnet18_localisation_attack_preserve_cls_full/visuals/official_test/facedancer/iphone15/singapore-flickr_M_50611940256_8405427c78_k__ae5b2758__paired.png,0.725756824016571,0.5500442981719971,0.031987208946078434,0.03505093443627451
